exit_dt,cum_pnl_long,cum_pnl_short,cum_pnl_total
2024-12-03T09:51:57.000000,-87.64079999999971,0.0,-87.64079999999971
2024-12-03T09:52:02.000000,-95.29519999999971,0.0,-95.29519999999971
2024-12-03T09:52:07.000000,-102.9367999999997,0.0,-102.9367999999997
2024-12-03T09:52:17.000000,-46.61999999999965,0.0,-46.61999999999965
2024-12-03T09:52:22.000000,9.68400000000041,0.0,9.68400000000041
2024-12-03T09:55:12.000000,9.68400000000041,-31.37399999999949,-21.68999999999908
2024-12-03T09:55:22.000000,9.68400000000041,-62.74319999999898,-53.05919999999857
2024-12-03T09:55:37.000000,9.68400000000041,-97.10324999999894,-87.41924999999853
2024-12-03T09:56:17.000000,9.68400000000041,-174.41614999999868,-164.73214999999828
2024-12-03T09:56:17.000000,9.68400000000041,-174.77909999999883,-165.09509999999844
2024-12-03T09:56:17.000000,9.68400000000041,-175.142049999999,-165.4580499999986
2024-12-03T09:59:17.000000,-6.2947999999994195,-175.142049999999,-181.43684999999843
2024-12-03T09:59:47.000000,-22.27039999999925,-175.142049999999,-197.41244999999827
2024-12-03T09:59:52.000000,-38.24919999999908,-175.142049999999,-213.3912499999981
2024-12-03T10:03:52.000000,-101.4511999999993,-175.142049999999,-276.5932499999983
2024-12-03T10:07:47.000000,-101.4511999999993,-366.08484999999934,-467.5360499999987
2024-12-03T10:07:52.000000,-101.4511999999993,-565.0064499999995,-666.4576499999989
2024-12-03T10:08:02.000000,-101.4511999999993,-747.93205,-849.3832499999994
2024-12-03T10:08:42.000000,-101.4511999999993,-898.9200499999997,-1000.3712499999992
2024-12-03T10:08:47.000000,-101.4511999999993,-1057.9092500000008,-1159.3604500000004
2024-12-03T10:08:52.000000,-101.4511999999993,-1208.9068500000005,-1310.35805
2024-12-03T10:08:57.000000,-101.4511999999993,-1355.9134499999996,-1457.364649999999
2024-12-03T10:09:02.000000,-101.4511999999993,-1384.5270000000003,-1485.9781999999998
2024-12-03T10:09:02.000000,-101.4511999999993,-1527.5426000000002,-1628.9937999999997
2024-12-03T10:09:12.000000,-101.4511999999993,-1614.569,-1716.0201999999995
2024-12-03T10:09:22.000000,-101.4511999999993,-1681.6020000000008,-1783.0532000000003
2024-12-03T10:09:47.000000,-101.4511999999993,-1616.6696000000009,-1718.1208000000004
2024-12-03T10:09:52.000000,-101.4511999999993,-1535.7443999999998,-1637.1955999999993
2024-12-03T10:09:57.000000,-101.4511999999993,-1430.8283999999994,-1532.279599999999
2024-12-03T10:10:12.000000,-101.4511999999993,-1373.8651999999993,-1475.3163999999988
2024-12-03T10:10:22.000000,-135.983399999998,-1373.8651999999993,-1509.8485999999975
2024-12-03T10:10:22.000000,-135.983399999998,-1364.8739999999996,-1500.8573999999978
2024-12-03T10:10:27.000000,-135.983399999998,-1371.8819999999996,-1507.8653999999979
2024-12-03T10:10:32.000000,-140.2525499999986,-1371.8819999999996,-1512.1345499999984
2024-12-03T10:10:37.000000,-140.2525499999986,-1386.8879999999995,-1527.1405499999983
2024-12-03T10:10:37.000000,-140.2525499999986,-1401.8939999999993,-1542.1465499999981
2024-12-03T10:10:42.000000,-142.77354999999937,-1401.8939999999993,-1544.667549999999
2024-12-03T10:10:47.000000,-142.77354999999937,-1369.2839999999983,-1512.0575499999982
2024-12-03T10:10:57.000000,-142.77354999999937,-1346.663499999999,-1489.4370499999989
2024-12-03T10:11:17.000000,-142.77354999999937,-1334.0364999999995,-1476.8100499999994
2024-12-03T10:11:57.000000,-152.78679999999986,-1334.0364999999995,-1486.8232999999998
2024-12-03T10:12:17.000000,-152.78679999999986,-1406.363199999999,-1559.1499999999994
2024-12-03T10:12:17.000000,-152.78679999999986,-1189.4783999999995,-1342.2651999999998
2024-12-03T10:12:22.000000,-152.78679999999986,-992.5837999999989,-1145.3705999999993
2024-12-03T10:12:27.000000,-152.78679999999986,-1064.9104999999986,-1217.697299999999
2024-12-03T10:12:27.000000,-152.78679999999986,-900.0078999999987,-1052.794699999999
2024-12-03T10:12:37.000000,-152.78679999999986,-771.0850999999988,-923.8718999999991
2024-12-03T10:12:42.000000,-152.78679999999986,-723.4728499999973,-876.2596499999976
2024-12-03T10:12:42.000000,-152.78679999999986,-614.5402499999976,-767.3270499999979
2024-12-03T10:12:42.000000,-152.78679999999986,-582.8303999999969,-735.6171999999972
2024-12-03T10:12:47.000000,-152.78679999999986,-497.8853999999967,-650.672199999997
2024-12-03T10:12:52.000000,-152.78679999999986,-465.2633999999958,-618.050199999996
2024-12-03T10:12:52.000000,-152.78679999999986,-396.3079999999953,-549.0947999999955
2024-12-03T10:12:57.000000,-152.78679999999986,-358.68524999999534,-511.4720499999956
2024-12-03T10:13:02.000000,-152.78679999999986,-318.1780499999953,-470.9648499999955
2024-12-03T10:13:02.000000,-152.78679999999986,-289.20304999999536,-441.98984999999556
2024-12-03T10:13:07.000000,-117.90850000000074,-289.20304999999536,-407.11154999999644
2024-12-03T10:13:07.000000,-83.03020000000163,-289.20304999999536,-372.2332499999973
2024-12-03T10:13:12.000000,-83.03020000000163,-256.57704999999623,-339.6072499999982
2024-12-03T10:13:12.000000,-83.03020000000163,-192.27744999999618,-275.30764999999815
2024-12-03T10:13:17.000000,-83.03020000000163,-145.5653499999952,-228.59554999999716
2024-12-03T10:13:32.000000,-83.03020000000163,-98.85084999999528,-181.88104999999723
2024-12-03T10:14:02.000000,-83.03020000000163,-49.344699999994894,-132.37489999999684
2024-12-03T10:14:07.000000,-83.03020000000163,-14.828799999994722,-97.85899999999667
2024-12-03T10:14:12.000000,-83.03020000000163,-46.28199999999528,-129.31219999999723
2024-12-03T10:14:12.000000,-83.03020000000163,-60.35584999999513,-143.38604999999708
2024-12-03T10:14:12.000000,-83.03020000000163,64.56635000000419,-18.463849999997763
2024-12-03T10:14:17.000000,-83.03020000000163,45.10535000000445,-37.924849999997505
2024-12-03T10:14:17.000000,-83.03020000000163,150.0437500000049,67.01355000000295
2024-12-03T10:14:22.000000,-83.03020000000163,254.98215000000536,171.95195000000342
2024-12-03T10:14:27.000000,-83.03020000000163,351.932150000006,268.90195000000404
2024-12-03T10:14:32.000000,-83.03020000000163,440.8905500000068,357.8603500000048
2024-12-03T10:14:37.000000,-83.03020000000163,525.854750000007,442.824550000005
2024-12-03T10:14:42.000000,-83.03020000000163,606.824750000008,523.794550000006
2024-12-03T10:14:57.000000,-83.03020000000163,617.6778500000075,534.6476500000056
2024-12-03T10:15:27.000000,-101.9606500000014,617.6778500000075,515.7172000000058
2024-12-03T10:15:42.000000,-141.61985000000072,617.6778500000075,476.05800000000653
2024-12-03T10:16:17.000000,-141.61985000000072,640.5111500000069,498.8913000000059
2024-12-03T10:18:32.000000,-141.61985000000072,614.5164500000056,472.8966000000047
2024-12-03T10:19:07.000000,-141.61985000000072,678.7944500000057,537.1746000000047
2024-12-03T10:20:12.000000,-141.61985000000072,657.142750000006,515.522900000005
2024-12-03T10:20:17.000000,-141.61985000000072,677.4861500000054,535.8663000000045
2024-12-03T10:22:17.000000,-112.15845000000078,677.4861500000054,565.3277000000044
2024-12-03T10:23:27.000000,-112.15845000000078,758.459350000005,646.3009000000039
2024-12-03T10:23:42.000000,-112.15845000000078,741.6618500000052,629.5034000000041
2024-12-03T10:23:47.000000,-112.15845000000078,724.8643500000054,612.7059000000044
2024-12-03T10:23:52.000000,-112.15845000000078,780.0474000000056,667.8889500000046
2024-12-03T10:24:02.000000,-112.15845000000078,835.2304500000058,723.0720000000048
2024-12-03T10:24:12.000000,-112.15845000000078,798.4419500000065,686.2835000000055
2024-12-03T10:24:12.000000,-112.15845000000078,826.6425500000057,714.4841000000047
2024-12-03T10:24:17.000000,-112.15845000000078,845.8490000000052,733.6905500000041
2024-12-03T10:24:22.000000,-112.15845000000078,865.0554500000046,752.8970000000036
2024-12-03T10:24:27.000000,-112.15845000000078,926.0320500000053,813.8736000000042
2024-12-03T10:24:27.000000,-112.15845000000078,983.0112500000054,870.8528000000043
2024-12-03T10:24:52.000000,-112.15845000000078,966.737900000005,854.5794500000039
2024-12-03T10:25:17.000000,-112.15845000000078,962.4567500000044,850.2983000000033
2024-12-03T10:25:22.000000,-112.15845000000078,1047.411350000003,935.2529000000021
2024-12-03T10:25:22.000000,-112.15845000000078,1037.1341000000025,924.9756500000017
2024-12-03T10:25:27.000000,-112.15845000000078,1026.856850000002,914.6984000000012
2024-12-03T10:25:32.000000,-112.15845000000078,1107.8076500000016,995.6492000000007
2024-12-03T10:25:37.000000,-112.15845000000078,1188.7648500000012,1076.6064000000003
2024-12-03T10:25:42.000000,-112.15845000000078,1277.7200500000006,1165.5615999999998
2024-12-03T10:25:57.000000,-112.15845000000078,1354.6862500000009,1242.5278
2024-12-03T10:26:17.000000,-112.15845000000078,1051.5186500000016,939.3602000000008
2024-12-03T10:26:47.000000,-112.15845000000078,990.0369500000016,877.8785000000008
2024-12-03T10:26:52.000000,-112.15845000000078,946.5435500000013,834.3851000000005
2024-12-03T10:27:12.000000,-127.13885000000204,946.5435500000013,819.4046999999993
2024-12-03T10:27:32.000000,-127.13885000000204,921.0240500000017,793.8851999999996
2024-12-03T10:27:37.000000,-127.13885000000204,895.494950000001,768.356099999999
2024-12-03T10:27:37.000000,-127.13885000000204,656.3241500000017,529.1852999999996
2024-12-03T10:27:42.000000,-127.13885000000204,630.790250000001,503.65139999999894
2024-12-03T10:27:47.000000,-127.13885000000204,611.2524500000013,484.1135999999992
2024-12-03T10:27:52.000000,-150.1172500000017,611.2524500000013,461.13519999999954
2024-12-03T10:27:57.000000,-150.1172500000017,615.6990500000011,465.5817999999993
2024-12-03T10:28:02.000000,-150.1172500000017,400.5062499999998,250.38899999999805
2024-12-03T10:28:12.000000,-150.1172500000017,428.9516500000001,278.83439999999837
2024-12-03T10:28:17.000000,-150.1172500000017,473.10745000000014,322.9901999999984
2024-12-03T10:28:17.000000,-150.1172500000017,513.5498500000002,363.43259999999844
2024-12-03T10:28:22.000000,-150.1172500000017,559.9931500000001,409.87589999999835
2024-12-03T10:28:22.000000,-150.1172500000017,360.80274999999995,210.68549999999817
2024-12-03T10:28:27.000000,-150.1172500000017,161.6059500000012,11.488699999999426
2024-12-03T10:28:32.000000,-150.1172500000017,-29.589649999997732,-179.7068999999995
2024-12-03T10:28:37.000000,-150.1172500000017,-212.78404999999682,-362.9012999999986
2024-12-03T10:28:42.000000,-150.1172500000017,-395.9848499999959,-546.1020999999977
2024-12-03T10:28:47.000000,-150.1172500000017,-361.5145499999957,-511.6317999999975
2024-12-03T10:28:47.000000,-150.1172500000017,-544.7153499999948,-694.8325999999965
2024-12-03T10:28:57.000000,-150.1172500000017,-504.2489499999948,-654.3661999999965
2024-12-03T10:29:07.000000,-150.1172500000017,-463.9985499999958,-614.1157999999975
2024-12-03T10:29:12.000000,-150.1172500000017,-423.7481499999968,-573.8653999999985
2024-12-03T10:29:47.000000,-150.1172500000017,-395.56689999999844,-545.6841500000002
2024-12-03T10:29:52.000000,-150.1172500000017,-362.3888999999993,-512.5061500000011
2024-12-03T10:34:52.000000,-150.1172500000017,-272.12460000000016,-422.24185000000193
2024-12-03T10:35:12.000000,-150.1172500000017,-321.80849999999924,-471.925750000001
2024-12-03T10:35:17.000000,-150.1172500000017,-378.4934499999994,-528.6107000000012
2024-12-03T10:39:52.000000,-89.07345000000242,-378.4934499999994,-467.56690000000197
2024-12-03T10:39:57.000000,-32.02705000000237,-378.4934499999994,-410.5205000000019
2024-12-03T10:40:02.000000,33.01734999999751,-378.4934499999994,-345.476100000002
2024-12-03T10:40:37.000000,70.06074999999728,-378.4934499999994,-308.4327000000022
2024-12-03T10:42:07.000000,70.06074999999728,-314.3378499999994,-244.27710000000218
2024-12-03T10:43:12.000000,70.06074999999728,-294.6033999999994,-224.54265000000223
2024-12-03T10:43:17.000000,70.06074999999728,-283.86549999999977,-213.8047500000026
2024-12-03T10:43:22.000000,70.06074999999728,-276.1280499999996,-206.06730000000238
2024-12-03T10:44:07.000000,70.06074999999728,-261.87755000000004,-191.81680000000284
2024-12-03T10:44:12.000000,70.06074999999728,-247.6270500000005,-177.5663000000033
2024-12-03T10:44:17.000000,70.06074999999728,-244.37820000000073,-174.31745000000353
2024-12-03T10:49:42.000000,70.06074999999728,-233.9787000000011,-163.9179500000039
2024-12-03T10:52:37.000000,70.06074999999728,-260.80170000000066,-190.7409500000035
2024-12-03T10:52:37.000000,70.06074999999728,-313.6276500000013,-243.56690000000413
2024-12-03T10:53:17.000000,70.06074999999728,-361.9867500000015,-291.9260000000043
2024-12-03T10:53:22.000000,70.06074999999728,-417.7987500000005,-347.7380000000033
2024-12-03T10:54:17.000000,70.06074999999728,-425.7787500000005,-355.7180000000033
2024-12-03T10:54:37.000000,70.06074999999728,-452.7929500000008,-382.7322000000036
2024-12-03T10:54:42.000000,70.06074999999728,-471.8091499999998,-401.7484000000027
2024-12-03T10:54:47.000000,70.06074999999728,-494.8227499999995,-424.76200000000233
2024-12-03T10:55:32.000000,70.06074999999728,-514.6389499999992,-444.5782000000021
2024-12-03T10:55:47.000000,70.06074999999728,-522.4629499999992,-452.4022000000021
2024-12-03T10:56:07.000000,70.06074999999728,-493.49114999999927,-423.4304000000021
2024-12-03T10:56:12.000000,70.06074999999728,-464.51934999999935,-394.4586000000022
2024-12-03T10:56:17.000000,70.06074999999728,-435.54754999999943,-365.4868000000023
2024-12-03T10:56:22.000000,70.06074999999728,-406.5757499999995,-336.5150000000024
2024-12-03T10:56:27.000000,70.06074999999728,-401.60435000000047,-331.5436000000033
2024-12-03T10:56:32.000000,70.06074999999728,-383.4526000000019,-313.39185000000475
2024-12-03T10:56:32.000000,70.06074999999728,-378.48120000000284,-308.4204500000057
2024-12-03T10:56:37.000000,70.06074999999728,-365.32620000000327,-295.2654500000061
2024-12-03T10:56:37.000000,70.06074999999728,-364.35220000000345,-294.2914500000063
2024-12-03T10:56:42.000000,70.06074999999728,-336.19960000000424,-266.1388500000071
2024-12-03T10:56:47.000000,70.06074999999728,-331.2250000000038,-261.16425000000663
2024-12-03T10:56:52.000000,70.06074999999728,-326.2504000000033,-256.18965000000617
2024-12-03T10:56:57.000000,70.06074999999728,-298.0978000000041,-228.03705000000693
2024-12-03T10:56:57.000000,70.06074999999728,-293.12320000000364,-223.06245000000646
2024-12-03T10:57:02.000000,70.06074999999728,-252.97840000000465,-182.91765000000748
2024-12-03T10:57:02.000000,70.06074999999728,-248.00060000000562,-177.93985000000845
2024-12-03T10:57:07.000000,70.06074999999728,-207.85580000000664,-137.79505000000947
2024-12-03T10:57:12.000000,70.06074999999728,-210.876000000006,-140.81525000000883
2024-12-03T10:57:12.000000,70.06074999999728,-191.14395000000604,-121.08320000000887
2024-12-03T10:57:17.000000,70.06074999999728,-186.9757500000063,-116.91500000000913
2024-12-03T10:57:17.000000,70.06074999999728,-177.49495000000664,-107.43420000000947
2024-12-03T10:57:17.000000,70.06074999999728,-188.51315000000727,-118.4524000000101
2024-12-03T10:57:22.000000,70.06074999999728,-184.34495000000751,-114.28420000001036
2024-12-03T10:57:27.000000,70.06074999999728,-180.17675000000776,-110.11600000001062
2024-12-03T10:57:32.000000,70.06074999999728,-176.008550000008,-105.94780000001087
2024-12-03T10:58:02.000000,70.06074999999728,-159.83855000000852,-89.77780000001138
2024-12-03T10:58:07.000000,70.06074999999728,-143.66855000000902,-73.60780000001189
2024-12-03T10:58:12.000000,70.06074999999728,-127.49855000000953,-57.4378000000124
2024-12-03T10:59:12.000000,70.06074999999728,-99.32675000001029,-29.266000000013168
2024-12-03T10:59:22.000000,70.06074999999728,-59.153150000011316,10.907599999985809
2024-12-03T11:04:17.000000,70.06074999999728,-438.5481500000108,-368.48740000001374
2024-12-03T11:04:17.000000,70.06074999999728,-835.9314500000111,-765.870700000014
2024-12-03T11:06:32.000000,87.0723499999982,-835.9314500000111,-748.8591000000131
2024-12-03T11:06:37.000000,104.0839499999991,-835.9314500000111,-731.8475000000121
2024-12-03T11:07:17.000000,161.56554999999918,-835.9314500000111,-674.3659000000121
2024-12-03T11:07:37.000000,161.56554999999918,-854.4548500000116,-692.8893000000126
2024-12-03T11:08:57.000000,161.56554999999918,-856.2821000000108,-694.7165500000118
2024-12-03T11:09:37.000000,282.9991499999993,-856.2821000000108,-573.2829500000117
2024-12-03T11:10:27.000000,282.9991499999993,-856.6892000000109,-573.6900500000119
2024-12-03T11:11:37.000000,282.9991499999993,-813.1863500000115,-530.1872000000125
2024-12-03T11:11:47.000000,282.9991499999993,-757.6817000000124,-474.6825500000133
2024-12-03T11:11:57.000000,282.9991499999993,-702.1746500000121,-419.175500000013
2024-12-03T11:12:12.000000,282.9991499999993,-667.6587500000119,-384.65960000001286
2024-12-03T11:12:17.000000,282.9991499999993,-630.1448000000113,-347.1456500000122
2024-12-03T11:13:17.000000,282.9991499999993,-596.6860000000107,-313.68685000001165
2024-12-03T11:13:27.000000,282.9991499999993,-559.229800000011,-276.23065000001185
2024-12-03T11:13:32.000000,282.9991499999993,-521.7736000000112,-238.77445000001208
2024-12-03T11:13:32.000000,282.9991499999993,-513.5280000000101,-230.528850000011
2024-12-03T11:13:32.000000,282.9991499999993,-505.28240000000903,-222.28325000000993
2024-12-03T11:13:42.000000,282.9991499999993,-481.0472000000083,-198.0480500000092
2024-12-03T11:15:27.000000,221.8678499999994,-481.0472000000083,-259.1793500000091
2024-12-03T11:22:57.000000,221.8678499999994,-554.583500000009,-332.7156500000098
2024-12-03T11:23:52.000000,221.8678499999994,-546.4092500000085,-324.5414000000093
2024-12-03T11:24:12.000000,221.8678499999994,-538.2350000000079,-316.3671500000087
2024-12-03T11:24:22.000000,221.8678499999994,-535.0575000000081,-313.1896500000089
2024-12-03T11:24:27.000000,221.8678499999994,-536.8767500000073,-315.0089000000081
2024-12-03T11:24:27.000000,221.8678499999994,-604.436150000007,-382.56830000000787
2024-12-03T11:25:57.000000,221.8678499999994,-1038.0792500000066,-816.2114000000073
2024-12-03T11:26:07.000000,221.8678499999994,-1555.7157500000076,-1333.8479000000082
2024-12-03T11:26:12.000000,221.8678499999994,-2049.3486500000067,-1827.4808000000073
2024-12-03T11:26:52.000000,223.39225000000064,-2049.3486500000067,-1825.9564000000062
2024-12-03T13:01:32.000000,223.39225000000064,-2009.2710500000064,-1785.8788000000059
2024-12-03T13:03:57.000000,223.39225000000064,-1995.046950000007,-1771.6547000000064
2024-12-03T13:04:02.000000,223.39225000000064,-1980.8228500000075,-1757.430600000007
2024-12-03T13:04:07.000000,223.39225000000064,-1966.598750000008,-1743.2065000000075
2024-12-03T13:04:12.000000,223.39225000000064,-1952.3746500000086,-1728.982400000008
2024-12-03T13:04:17.000000,223.39225000000064,-1938.1505500000092,-1714.7583000000086
2024-12-03T13:04:37.000000,223.39225000000064,-1923.9264500000097,-1700.5342000000092
2024-12-03T13:04:42.000000,223.39225000000064,-1909.7023500000103,-1686.3101000000097
2024-12-03T13:04:47.000000,223.39225000000064,-1895.4782500000108,-1672.0860000000102
2024-12-03T13:04:52.000000,223.39225000000064,-1881.2541500000114,-1657.8619000000108
2024-12-03T13:04:57.000000,223.39225000000064,-1867.030050000012,-1643.6378000000113
2024-12-03T13:07:07.000000,223.39225000000064,-1834.2944500000128,-1610.9022000000123
2024-12-03T13:07:12.000000,223.39225000000064,-1809.5536500000135,-1586.161400000013
2024-12-03T13:09:12.000000,223.39225000000064,-1766.041200000014,-1542.6489500000134
2024-12-03T13:09:37.000000,223.39225000000064,-1764.5086500000136,-1541.116400000013
2024-12-03T13:10:22.000000,223.39225000000064,-1779.560400000014,-1556.1681500000134
2024-12-03T13:10:27.000000,223.39225000000064,-1659.3236000000138,-1435.9313500000133
2024-12-03T13:10:47.000000,216.96665000000064,-1659.3236000000138,-1442.3569500000133
2024-12-03T13:11:17.000000,216.96665000000064,-1630.7870000000134,-1413.820350000013
2024-12-03T13:14:07.000000,216.96665000000064,-1548.5567000000137,-1331.5900500000132
2024-12-03T13:14:12.000000,216.96665000000064,-1457.3322500000143,-1240.3656000000137
2024-12-03T13:14:17.000000,216.96665000000064,-1393.0902500000143,-1176.1236000000138
2024-12-03T13:14:22.000000,216.96665000000064,-1346.8437500000155,-1129.877100000015
2024-12-03T13:14:27.000000,216.96665000000064,-1309.5914000000164,-1092.6247500000159
2024-12-03T13:14:37.000000,216.96665000000064,-1225.908150000017,-1008.9415000000165
2024-12-03T13:14:52.000000,216.96665000000064,-1161.6589500000186,-944.692300000018
2024-12-03T13:15:52.000000,145.80185000000057,-1161.6589500000186,-1015.857100000018
2024-12-03T13:17:32.000000,145.80185000000057,-1118.3625000000181,-972.5606500000176
2024-12-03T13:21:32.000000,145.80185000000057,-1116.7939500000177,-970.9921000000173
2024-12-03T13:23:32.000000,145.80185000000057,-1141.4533000000174,-995.651450000017
2024-12-03T13:23:42.000000,145.80185000000057,-1183.1016000000168,-1037.2997500000163
2024-12-03T13:24:42.000000,125.11430000000084,-1183.1016000000168,-1057.987300000016
2024-12-03T13:25:12.000000,125.11430000000084,-1190.276000000017,-1065.161700000016
2024-12-03T13:25:17.000000,125.11430000000084,-1158.5901500000173,-1033.4758500000164
2024-12-03T13:25:27.000000,125.11430000000084,-1132.9004000000175,-1007.7861000000166
2024-12-03T13:25:32.000000,125.11430000000084,-1107.2106500000177,-982.0963500000169
2024-12-03T13:25:37.000000,125.11430000000084,-1078.5228500000173,-953.4085500000166
2024-12-03T13:25:42.000000,125.11430000000084,-1046.8370000000177,-921.7227000000169
2024-12-03T13:27:47.000000,125.11430000000084,-1048.741700000019,-923.627400000018
2024-12-03T13:27:52.000000,125.11430000000084,-1044.6503000000191,-919.5360000000182
2024-12-03T13:27:57.000000,125.11430000000084,-1052.546300000019,-927.4320000000182
2024-12-03T13:28:02.000000,125.11430000000084,-1018.4456000000189,-893.331300000018
2024-12-03T13:28:12.000000,125.11430000000084,-1041.6160000000186,-916.5017000000176
2024-12-03T13:28:12.000000,125.11430000000084,-1106.528550000019,-981.4142500000181
2024-12-03T13:28:27.000000,125.11430000000084,-1137.7001500000185,-1012.5858500000176
2024-12-03T13:28:32.000000,125.11430000000084,-1160.8769500000183,-1035.7626500000172
2024-12-03T13:28:32.000000,125.11430000000084,-1225.7895000000187,-1100.6752000000176
2024-12-03T13:29:02.000000,125.11430000000084,-1290.7020500000192,-1165.587750000018
2024-12-03T13:29:47.000000,125.11430000000084,-1305.877650000019,-1180.763350000018
2024-12-03T13:31:47.000000,125.11430000000084,-1294.8092000000195,-1169.6949000000184
2024-12-03T13:32:02.000000,125.11430000000084,-1182.6728000000178,-1057.5585000000167
2024-12-03T13:32:07.000000,125.11430000000084,-1058.5394000000185,-933.4251000000174
2024-12-03T13:32:12.000000,125.11430000000084,-934.410800000017,-809.296500000016
2024-12-03T13:32:17.000000,125.11430000000084,-810.2822000000156,-685.1679000000145
2024-12-03T13:32:22.000000,125.11430000000084,-686.1584000000163,-561.0441000000152
2024-12-03T13:32:22.000000,125.11430000000084,-914.9027500000161,-789.788450000015
2024-12-03T13:32:27.000000,125.11430000000084,-1143.647100000016,-1018.5328000000148
2024-12-03T13:32:37.000000,125.11430000000084,-1423.3855000000162,-1298.2712000000151
2024-12-03T13:32:42.000000,125.11430000000084,-1299.266500000017,-1174.152200000016
2024-12-03T13:32:47.000000,125.11430000000084,-1268.1438500000168,-1143.0295500000157
2024-12-03T13:32:47.000000,125.11430000000084,-1156.026650000017,-1030.912350000016
2024-12-03T13:32:47.000000,125.11430000000084,-1367.7684500000173,-1242.6541500000162
2024-12-03T13:32:57.000000,125.11430000000084,-1279.6500500000172,-1154.5357500000162
2024-12-03T13:33:07.000000,125.11430000000084,-1170.5781000000163,-1045.4638000000152
2024-12-03T13:33:17.000000,125.11430000000084,-1087.4788500000159,-962.3645500000149
2024-12-03T13:33:22.000000,125.11430000000084,-1030.362700000016,-905.2484000000152
2024-12-03T13:33:32.000000,125.11430000000084,-986.238100000016,-861.1238000000151
2024-12-03T13:33:47.000000,125.11430000000084,-953.000100000015,-827.8858000000141
2024-12-03T13:33:57.000000,125.11430000000084,-927.4087500000152,-802.2944500000143
2024-12-03T13:34:57.000000,125.11430000000084,-926.5819500000154,-801.4676500000145
2024-12-03T13:37:12.000000,114.24970000000022,-926.5819500000154,-812.3322500000152
2024-12-03T13:39:07.000000,114.24970000000022,-900.4784500000146,-786.2287500000144
2024-12-03T13:39:12.000000,114.24970000000022,-776.2922500000153,-662.0425500000151
2024-12-03T13:39:12.000000,114.24970000000022,-767.1913000000142,-652.941600000014
2024-12-03T13:39:17.000000,114.24970000000022,-741.0878000000134,-626.8381000000132
2024-12-03T13:39:22.000000,114.24970000000022,-714.9843000000127,-600.7346000000125
2024-12-03T13:39:27.000000,114.24970000000022,-705.869750000013,-591.6200500000128
2024-12-03T13:39:32.000000,114.24970000000022,-679.7526500000138,-565.5029500000136
2024-12-03T13:39:37.000000,114.24970000000022,-653.6355500000145,-539.3858500000143
2024-12-03T13:39:47.000000,114.24970000000022,-610.5295000000141,-496.2798000000139
2024-12-03T13:39:52.000000,114.24970000000022,-567.4234500000136,-453.17375000001346
2024-12-03T13:39:57.000000,114.24970000000022,-507.31485000001356,-393.0651500000134
2024-12-03T13:40:02.000000,114.24970000000022,-447.2062500000135,-332.9565500000133
2024-12-03T13:40:07.000000,114.24970000000022,-387.0976500000134,-272.8479500000132
2024-12-03T13:40:17.000000,114.24970000000022,-326.9890500000133,-212.73935000001316
2024-12-03T13:40:22.000000,114.24970000000022,-283.8694000000144,-169.61970000001423
2024-12-03T13:40:37.000000,114.24970000000022,-211.6014000000147,-97.35170000001452
2024-12-03T13:40:42.000000,114.24970000000022,-139.333400000015,-25.0837000000148
2024-12-03T13:40:52.000000,123.38169999999988,-139.333400000015,-15.951700000015142
2024-12-03T13:40:52.000000,152.51669999999982,-139.333400000015,13.183299999984799
2024-12-03T13:40:52.000000,173.65049999999852,-139.333400000015,34.31709999998349
2024-12-03T13:40:52.000000,194.78429999999722,-139.333400000015,55.450899999982184
2024-12-03T13:41:17.000000,194.78429999999722,-156.90290000001477,37.8813999999824
2024-12-03T13:41:22.000000,208.4434499999973,-156.90290000001477,51.54054999998249
2024-12-03T13:41:22.000000,210.4849499999989,-156.90290000001477,53.58204999998405
2024-12-03T13:41:22.000000,215.62594999999934,-156.90290000001477,58.723049999984504
2024-12-03T13:41:22.000000,215.62594999999934,-84.66050000001505,130.96544999998423
2024-12-03T13:41:27.000000,238.28164999999976,-84.66050000001505,153.62114999998465
2024-12-03T13:41:27.000000,240.3231500000013,-84.66050000001505,155.66264999998623
2024-12-03T13:41:27.000000,249.46475000000098,-84.66050000001505,164.8042499999859
2024-12-03T13:41:32.000000,272.1180500000003,-84.66050000001505,187.45754999998525
2024-12-03T13:41:32.000000,269.1628000000011,-84.66050000001505,184.50229999998604
2024-12-03T13:41:37.000000,271.20830000000086,-84.66050000001505,186.5477999999858
2024-12-03T13:41:42.000000,283.25130000000223,-84.66050000001505,198.59079999998715
2024-12-03T13:41:47.000000,300.29505000000256,-84.66050000001505,215.6345499999875
2024-12-03T13:41:52.000000,322.33555000000194,-84.66050000001505,237.67504999998687
2024-12-03T13:41:57.000000,344.3760500000013,-84.66050000001505,259.71554999998625
2024-12-03T13:42:02.000000,345.9516500000026,-84.66050000001505,261.2911499999875
2024-12-03T13:42:02.000000,362.99140000000295,-84.66050000001505,278.3308999999879
2024-12-03T13:42:07.000000,385.03190000000234,-84.66050000001505,300.37139999998726
2024-12-03T13:42:12.000000,417.0659000000015,-84.66050000001505,332.4053999999864
2024-12-03T13:42:17.000000,424.10015000000203,-84.66050000001505,339.43964999998695
2024-12-03T13:42:22.000000,431.1344000000026,-84.66050000001505,346.4738999999875
2024-12-03T13:42:27.000000,443.16540000000214,-84.66050000001505,358.50489999998706
2024-12-03T13:42:32.000000,448.74160000000256,-84.66050000001505,364.0810999999875
2024-12-03T13:42:32.000000,460.7726000000021,-84.66050000001505,376.11209999998704
2024-12-03T13:42:37.000000,472.80760000000345,-84.66050000001505,388.14709999998837
2024-12-03T13:42:42.000000,484.8426000000048,-84.66050000001505,400.1820999999897
2024-12-03T13:42:47.000000,501.8783500000051,-84.66050000001505,417.21784999999005
2024-12-03T13:42:52.000000,513.9173500000047,-84.66050000001505,429.25684999998964
2024-12-03T13:42:57.000000,515.9588500000062,-84.66050000001505,431.2983499999912
2024-12-03T13:43:02.000000,522.9971000000068,-84.66050000001505,438.3365999999918
2024-12-03T13:43:07.000000,535.0321000000081,-84.66050000001505,450.3715999999931
2024-12-03T13:43:07.000000,535.0321000000081,-41.540850000016135,493.491249999992
2024-12-03T13:43:12.000000,552.0678500000084,-41.540850000016135,510.52699999999237
2024-12-03T13:43:22.000000,579.1011000000086,-41.540850000016135,537.5602499999925
2024-12-03T13:43:32.000000,616.1318500000085,-41.540850000016135,574.5909999999924
2024-12-03T13:43:37.000000,658.1633500000092,-41.540850000016135,616.6224999999931
2024-12-03T13:43:42.000000,695.1981000000092,-41.540850000016135,653.657249999993
2024-12-03T13:43:52.000000,737.2296000000099,-41.540850000016135,695.6887499999938
2024-12-03T13:43:57.000000,784.2618500000096,-41.540850000016135,742.7209999999935
2024-12-03T13:44:07.000000,841.2916000000091,-41.540850000016135,799.750749999993
2024-12-03T13:44:12.000000,841.2916000000091,-58.806350000015925,782.4852499999932
2024-12-03T13:44:12.000000,903.3221000000094,-58.806350000015925,844.5157499999935
2024-12-03T13:44:17.000000,960.3518500000089,-58.806350000015925,901.545499999993
2024-12-03T13:44:22.000000,1007.3801000000086,-58.806350000015925,948.5737499999927
2024-12-03T13:44:27.000000,1059.405100000009,-58.806350000015925,1000.5987499999933
2024-12-03T13:44:32.000000,1111.4341000000077,-58.806350000015925,1052.627749999992
2024-12-03T13:44:37.000000,1168.4638500000071,-58.806350000015925,1109.6574999999914
2024-12-03T13:44:42.000000,1168.4638500000071,-91.06610000001628,1077.397749999991
2024-12-03T13:44:42.000000,1220.4968500000077,-91.06610000001628,1129.4307499999916
2024-12-03T13:44:47.000000,1267.5331000000074,-91.06610000001628,1176.4669999999912
2024-12-03T13:44:52.000000,1304.5678500000074,-91.06610000001628,1213.5017499999913
2024-12-03T13:44:57.000000,1346.6073500000082,-91.06610000001628,1255.541249999992
2024-12-03T13:45:02.000000,1378.645350000009,-91.06610000001628,1287.579249999993
2024-12-03T13:45:12.000000,1410.6873500000083,-91.06610000001628,1319.6212499999922
2024-12-03T13:45:17.000000,1417.729600000009,-91.06610000001628,1326.6634999999928
2024-12-03T13:45:22.000000,1404.7728500000082,-91.06610000001628,1313.706749999992
2024-12-03T13:45:22.000000,1403.0553500000092,-91.06610000001628,1311.989249999993
2024-12-03T13:45:32.000000,1385.1018500000075,-91.06610000001628,1294.0357499999914
2024-12-03T13:45:47.000000,1362.1556000000069,-91.06610000001628,1271.0894999999907
2024-12-03T13:46:07.000000,1309.2168500000068,-91.06610000001628,1218.1507499999907
2024-12-03T13:46:57.000000,1309.2168500000068,-83.41745000001606,1225.799399999991
2024-12-03T13:47:02.000000,1309.2168500000068,-78.76685000001632,1230.4499999999907
2024-12-03T13:47:07.000000,1309.2168500000068,-71.1182000000161,1238.098649999991
2024-12-03T13:47:07.000000,1309.2168500000068,-33.70745000001546,1275.5093999999917
2024-12-03T13:47:12.000000,1309.2168500000068,-26.05880000001525,1283.158049999992
2024-12-03T13:47:17.000000,1309.2168500000068,-24.408650000015975,1284.8081999999913
2024-12-03T13:47:27.000000,1309.2168500000068,-25.7565500000161,1283.460299999991
2024-12-03T13:47:32.000000,1309.2168500000068,-30.102500000016697,1279.1143499999905
2024-12-03T13:47:37.000000,1309.2168500000068,-37.44890000001669,1271.7679499999906
2024-12-03T13:47:37.000000,1309.2168500000068,-13.136900000017373,1296.0799499999898
2024-12-03T13:47:42.000000,1309.2168500000068,87.08889999998246,1396.3057499999898
2024-12-03T13:47:47.000000,1309.2168500000068,181.31379999998347,1490.5306499999908
2024-12-03T13:48:12.000000,1309.2168500000068,293.53179999998304,1602.7486499999904
2024-12-03T13:48:12.000000,1309.2168500000068,405.7497999999826,1714.96664999999
2024-12-03T13:48:17.000000,1309.2168500000068,541.9569999999837,1851.1738499999913
2024-12-03T13:48:22.000000,1309.2168500000068,690.1611999999825,1999.37804999999
2024-12-03T13:48:32.000000,1309.2168500000068,643.4511999999834,1952.668049999991
2024-12-03T13:48:42.000000,1309.2168500000068,767.6757999999849,2076.8926499999925
2024-12-03T13:48:42.000000,1309.2168500000068,730.2552999999855,2039.4721499999932
2024-12-03T13:48:42.000000,1309.2168500000068,681.0009999999853,1990.2178499999932
2024-12-03T13:48:47.000000,1309.2168500000068,629.2902499999853,1938.5070999999932
2024-12-03T13:48:47.000000,1309.2168500000068,753.5148499999868,2062.731699999995
2024-12-03T13:48:47.000000,1309.2168500000068,707.256199999986,2016.4730499999941
2024-12-03T13:48:52.000000,1309.2168500000068,837.4816999999863,2146.6985499999946
2024-12-03T13:48:57.000000,1309.2168500000068,961.7110999999857,2270.927949999994
2024-12-03T13:48:57.000000,1309.2168500000068,903.4578499999863,2212.6746999999946
2024-12-03T13:49:02.000000,1309.2168500000068,848.2026499999862,2157.4194999999945
2024-12-03T13:49:07.000000,1309.2168500000068,789.9493999999868,2099.166249999995
2024-12-03T13:49:12.000000,1309.2168500000068,753.2288999999856,2062.445749999994
2024-12-03T13:49:17.000000,1309.2168500000068,721.5051499999853,2030.7219999999936
2024-12-03T13:49:22.000000,1309.2168500000068,684.7846499999841,1994.0014999999926
2024-12-03T13:49:27.000000,1309.2168500000068,643.067399999984,1952.2842499999924
2024-12-03T13:49:32.000000,1309.2168500000068,606.3508999999847,1915.567749999993
2024-12-03T13:49:47.000000,1309.2168500000068,564.6416499999846,1873.858499999993
2024-12-03T13:50:02.000000,1309.2168500000068,539.0429499999849,1848.2597999999934
2024-12-03T13:50:27.000000,1309.2168500000068,451.8949499999852,1761.1117999999938
2024-12-03T13:51:17.000000,1309.2168500000068,380.75574999998514,1689.9725999999937
2024-12-03T13:51:22.000000,1366.230600000008,380.75574999998514,1746.986349999995
2024-12-03T13:51:22.000000,1366.230600000008,328.1601999999861,1694.3907999999958
2024-12-03T13:51:22.000000,1366.230600000008,257.02099999998603,1623.2515999999957
2024-12-03T13:53:17.000000,1366.230600000008,210.28299999998688,1576.5135999999966
2024-12-03T13:53:22.000000,1366.230600000008,173.5424999999875,1539.7730999999972
2024-12-03T13:53:27.000000,1366.230600000008,131.80524999998914,1498.0358499999988
2024-12-03T13:53:32.000000,1366.230600000008,90.06799999999077,1456.2986000000005
2024-12-03T13:53:37.000000,1366.230600000008,53.331499999991415,1419.5621000000012
2024-12-03T13:53:42.000000,1366.230600000008,21.59174999999106,1387.8223500000008
2024-12-03T13:53:57.000000,1366.230600000008,-6.688200000009026,1359.5424000000007
2024-12-03T13:54:07.000000,1366.230600000008,-37.87900000000852,1328.3516000000013
2024-12-03T13:54:12.000000,1366.230600000008,-69.069800000008,1297.160800000002
2024-12-03T13:54:17.000000,1366.230600000008,-100.26060000000749,1265.9700000000025
2024-12-03T13:54:22.000000,1366.230600000008,-131.45140000000697,1234.7792000000031
2024-12-03T13:54:27.000000,1366.230600000008,-146.6462000000068,1219.5844000000034
2024-12-03T13:54:32.000000,1366.230600000008,-173.38520000000636,1192.8454000000038
2024-12-03T13:54:32.000000,1366.230600000008,-188.58000000000618,1177.650600000004
2024-12-03T13:54:37.000000,1366.230600000008,-220.31575000000475,1145.9148500000053
2024-12-03T13:54:37.000000,1366.230600000008,-209.73145000000514,1156.4991500000049
2024-12-03T13:54:37.000000,1366.230600000008,-216.92505000000514,1149.3055500000048
2024-12-03T13:54:42.000000,1366.230600000008,-248.66080000000372,1117.5698000000061
2024-12-03T13:54:42.000000,1366.230600000008,-292.39420000000297,1073.836400000007
2024-12-03T13:54:42.000000,1366.230600000008,-291.59300000000314,1074.6376000000068
2024-12-03T13:54:47.000000,1366.230600000008,-328.3295000000025,1037.9011000000075
2024-12-03T13:54:47.000000,1366.230600000008,-314.7447500000024,1051.4858500000075
2024-12-03T13:54:47.000000,1366.230600000008,-321.9511500000024,1044.2794500000075
2024-12-03T13:54:52.000000,1366.230600000008,-353.6827500000019,1012.547850000008
2024-12-03T13:54:52.000000,1366.230600000008,-337.09995000000134,1029.1306500000085
2024-12-03T13:54:52.000000,1366.230600000008,-352.30115000000114,1013.9294500000086
2024-12-03T13:54:57.000000,1366.230600000008,-384.0329000000015,982.1977000000082
2024-12-03T13:54:57.000000,1366.230600000008,-407.2289000000012,959.0017000000086
2024-12-03T13:55:02.000000,1366.230600000008,-393.6393500000011,972.5912500000086
2024-12-03T13:55:02.000000,1353.958500000007,-393.6393500000011,960.3191500000077
2024-12-03T13:55:02.000000,1353.958500000007,-408.8405500000009,945.1179500000078
2024-12-03T13:55:07.000000,1353.958500000007,-389.25250000000096,964.7060000000077
2024-12-03T13:55:07.000000,1353.958500000007,-435.7449000000015,918.2136000000072
2024-12-03T13:55:07.000000,1353.958500000007,-474.93690000000083,879.0216000000079
2024-12-03T13:55:12.000000,1353.958500000007,-514.1353000000001,839.8232000000086
2024-12-03T13:55:12.000000,1353.958500000007,-524.4221500000006,829.5363500000082
2024-12-03T13:55:17.000000,1353.958500000007,-555.61935,798.3391500000087
2024-12-03T13:55:17.000000,1353.958500000007,-565.9062000000005,788.0523000000082
2024-12-03T13:55:22.000000,1353.958500000007,-605.1045999999998,748.8539000000089
2024-12-03T13:55:22.000000,1353.958500000007,-618.3894999999997,735.569000000009
2024-12-03T13:55:27.000000,1353.958500000007,-660.8780999999996,693.0804000000091
2024-12-03T13:55:27.000000,1353.958500000007,-700.0764999999989,653.8820000000098
2024-12-03T13:55:32.000000,1353.958500000007,-689.4801999999993,664.4783000000094
2024-12-03T13:55:32.000000,1353.958500000007,-728.6785999999986,625.2799000000101
2024-12-03T13:55:32.000000,1353.958500000007,-741.9634999999985,611.9950000000102
2024-12-03T13:55:37.000000,1353.958500000007,-752.2479499999979,601.7105500000108
2024-12-03T13:55:42.000000,1353.958500000007,-783.4387499999974,570.5197500000113
2024-12-03T13:55:47.000000,1353.958500000007,-814.6359499999969,539.3225500000118
2024-12-03T13:55:52.000000,1353.958500000007,-845.8331499999964,508.1253500000123
2024-12-03T13:55:57.000000,1353.958500000007,-869.0355499999961,484.92295000001263
2024-12-03T13:56:07.000000,1353.958500000007,-885.6544999999959,468.3040000000128
2024-12-03T13:56:07.000000,1353.958500000007,-940.8424999999949,413.11600000001386
2024-12-03T13:56:12.000000,1353.958500000007,-996.0304999999938,357.9280000000149
2024-12-03T13:56:17.000000,1353.958500000007,-1059.2132999999926,294.7452000000161
2024-12-03T13:56:22.000000,1353.958500000007,-1084.8191999999922,269.1393000000165
2024-12-03T13:56:22.000000,1353.958500000007,-1148.001999999991,205.95650000001768
2024-12-03T13:56:27.000000,1353.958500000007,-1211.18479999999,142.7737000000189
2024-12-03T13:56:32.000000,1353.958500000007,-1266.366399999989,87.59210000001991
2024-12-03T13:56:42.000000,1353.958500000007,-1321.547999999988,32.41050000002093
2024-12-03T13:56:47.000000,1353.958500000007,-1384.7243999999869,-30.765899999977876
2024-12-03T13:56:57.000000,1353.958500000007,-1439.8995999999859,-85.94109999997686
2024-12-03T13:57:02.000000,1353.958500000007,-1447.818799999986,-93.86029999997686
2024-12-03T13:57:17.000000,1353.958500000007,-1436.7503499999864,-82.79184999997726
2024-12-03T13:57:22.000000,1353.958500000007,-1419.7483499999869,-65.78984999997778
2024-12-03T13:57:22.000000,1353.958500000007,-1408.6798999999874,-54.72139999997818
2024-12-03T13:57:27.000000,1353.958500000007,-1391.6746999999864,-37.71619999997727
2024-12-03T13:57:27.000000,1353.958500000007,-1399.5938999999864,-45.63539999997727
2024-12-03T13:57:32.000000,1353.958500000007,-1382.585499999987,-28.626999999977777
2024-12-03T13:57:32.000000,1353.958500000007,-1371.5018499999874,-17.543349999978183
2024-12-03T13:57:42.000000,1353.958500000007,-1360.4181999999878,-6.459699999978588
2024-12-03T13:57:47.000000,1353.958500000007,-1332.1729499999894,21.785550000019775
2024-12-03T13:57:47.000000,1353.958500000007,-1321.0892999999899,32.86920000001937
2024-12-03T13:57:52.000000,1353.958500000007,-1292.8440499999915,61.11445000001773
2024-12-03T13:57:52.000000,1353.958500000007,-1281.760399999992,72.19810000001733
2024-12-03T13:57:57.000000,1353.958500000007,-1248.5183999999929,105.44010000001649
2024-12-03T13:57:57.000000,1353.958500000007,-1237.4347499999933,116.52375000001608
2024-12-03T13:58:02.000000,1353.958500000007,-1204.1887499999941,149.76975000001522
2024-12-03T13:58:07.000000,1353.958500000007,-1170.942749999995,183.01575000001438
2024-12-03T13:58:07.000000,1353.958500000007,-1159.8590999999954,194.099400000014
2024-12-03T13:58:12.000000,1353.958500000007,-1126.6130999999962,227.34540000001314
2024-12-03T13:58:17.000000,1353.958500000007,-1098.363849999996,255.59465000001327
2024-12-03T13:58:17.000000,1353.958500000007,-1097.5626499999962,256.3958500000131
2024-12-03T13:58:22.000000,1353.958500000007,-1064.316649999997,289.64185000001225
2024-12-03T13:58:22.000000,1353.958500000007,-1063.5154499999971,290.4430500000121
2024-12-03T13:58:27.000000,1353.958500000007,-1030.2654499999962,323.693050000013
2024-12-03T13:58:27.000000,1353.958500000007,-995.6895499999961,358.26895000001315
2024-12-03T13:58:27.000000,1353.958500000007,-986.8935499999964,367.0649500000128
2024-12-03T13:58:32.000000,1353.958500000007,-952.3152499999973,401.6432500000119
2024-12-03T13:58:32.000000,1353.958500000007,-943.5192499999976,410.43925000001155
2024-12-03T13:58:37.000000,1353.958500000007,-915.2699999999974,438.6885000000117
2024-12-03T13:58:37.000000,1353.958500000007,-883.6873499999977,470.2711500000114
2024-12-03T13:58:42.000000,1353.958500000007,-855.1027499999974,498.8557500000117
2024-12-03T13:58:42.000000,1353.958500000007,-846.3067499999977,507.65175000001136
2024-12-03T13:58:47.000000,1353.958500000007,-826.9418999999982,527.0166000000108
2024-12-03T13:58:47.000000,1353.958500000007,-818.1458999999985,535.8126000000105
2024-12-03T13:58:52.000000,1353.958500000007,-789.7868999999977,564.1716000000114
2024-12-03T13:58:57.000000,1353.958500000007,-764.9948999999983,588.9636000000107
2024-12-03T13:59:02.000000,1353.958500000007,-740.202899999999,613.7556000000101
2024-12-03T13:59:07.000000,1353.958500000007,-715.4108999999996,638.5476000000094
2024-12-03T13:59:12.000000,1353.958500000007,-706.6084999999999,647.3500000000091
2024-12-03T13:59:17.000000,1353.958500000007,-697.8061000000002,656.1524000000088
2024-12-03T13:59:22.000000,1353.958500000007,-689.0037000000005,664.9548000000085
2024-12-03T13:59:27.000000,1353.958500000007,-680.2013000000009,673.7572000000082
2024-12-03T14:00:22.000000,1353.958500000007,-703.4101000000005,650.5484000000085
2024-12-03T14:00:42.000000,1353.958500000007,-711.1573000000005,642.8012000000085
2024-12-03T14:00:52.000000,1420.9337500000063,-711.1573000000005,709.7764500000078
2024-12-03T14:01:02.000000,1420.9337500000063,-790.3745000000005,630.5592500000079
2024-12-03T14:01:12.000000,1420.9337500000063,-869.5981000000004,551.335650000008
2024-12-03T14:01:27.000000,1420.9337500000063,-948.8217000000003,472.112050000008
2024-12-03T14:01:37.000000,1420.9337500000063,-1028.0389000000002,392.89485000000815
2024-12-03T14:01:42.000000,1420.9337500000063,-1099.2549000000004,321.6788500000081
2024-12-03T14:01:47.000000,1420.9337500000063,-1178.4721000000002,242.4616500000082
2024-12-03T14:01:52.000000,1420.9337500000063,-1265.6905,155.2432500000085
2024-12-03T14:01:57.000000,1420.9337500000063,-1344.9076999999997,76.0260500000086
2024-12-03T14:02:02.000000,1420.9337500000063,-1432.1196999999995,-11.185949999991124
2024-12-03T14:02:22.000000,1420.9337500000063,-1535.3341000000003,-114.40034999999192
2024-12-03T14:02:27.000000,1420.9337500000063,-1638.548500000001,-217.6147499999927
2024-12-03T14:03:57.000000,1420.9337500000063,-1709.745300000001,-288.81154999999274
2024-12-03T14:05:52.000000,1413.2897500000063,-1709.745300000001,-296.45554999999274
2024-12-03T14:05:57.000000,1430.1637500000072,-1709.745300000001,-279.5815499999918
2024-12-03T14:06:02.000000,1430.1637500000072,-1744.2455000000011,-314.0817499999919
2024-12-03T14:06:02.000000,1451.0351500000074,-1744.2455000000011,-293.2103499999918
2024-12-03T14:06:12.000000,1440.741100000007,-1744.2455000000011,-303.5043999999923
2024-12-03T14:06:17.000000,1440.0757500000068,-1744.2455000000011,-304.16974999999246
2024-12-03T14:06:22.000000,1446.4058500000078,-1744.2455000000011,-297.83964999999154
2024-12-03T14:06:22.000000,1430.1109000000074,-1744.2455000000011,-314.1345999999919
2024-12-03T14:06:27.000000,1430.1109000000074,-1775.513100000002,-345.40219999999283
2024-12-03T14:06:32.000000,1430.1109000000074,-1798.779500000003,-368.6685999999939
2024-12-03T14:06:37.000000,1419.6495000000082,-1798.779500000003,-379.1299999999931
2024-12-03T14:06:37.000000,1419.6495000000082,-1830.0471000000039,-410.39759999999404
2024-12-03T14:06:42.000000,1419.6495000000082,-1861.8468500000024,-442.19734999999264
2024-12-03T14:06:42.000000,1419.6495000000082,-1893.338450000003,-473.6889499999932
2024-12-03T14:06:42.000000,1419.6495000000082,-1967.1803500000035,-547.5308499999937
2024-12-03T14:06:42.000000,1419.6495000000082,-2006.4427500000043,-586.7932499999945
2024-12-03T14:06:47.000000,1419.6495000000082,-2045.698750000005,-626.0492499999953
2024-12-03T14:06:52.000000,1419.6495000000082,-2059.192450000005,-639.5429499999951
2024-12-03T14:06:52.000000,1419.6495000000082,-2120.9261500000052,-701.2766499999956
2024-12-03T14:06:57.000000,1419.6495000000082,-2137.731650000005,-718.0821499999954
2024-12-03T14:06:57.000000,1419.6495000000082,-2139.2283500000053,-719.5788499999956
2024-12-03T14:06:57.000000,1419.6495000000082,-2202.068600000006,-782.4190999999963
2024-12-03T14:06:57.000000,1419.6495000000082,-2225.335000000007,-805.6854999999974
2024-12-03T14:07:02.000000,1419.6495000000082,-2232.827800000007,-813.1782999999974
2024-12-03T14:07:02.000000,1419.6495000000082,-2295.6680500000075,-876.0185499999982
2024-12-03T14:07:02.000000,1419.6495000000082,-2329.336750000008,-909.6872499999988
2024-12-03T14:07:07.000000,1419.6495000000082,-2336.8343500000083,-917.1848499999988
2024-12-03T14:07:07.000000,1419.6495000000082,-2388.6817500000093,-969.0322499999999
2024-12-03T14:07:07.000000,1419.6495000000082,-2477.419500000009,-1057.7699999999998
2024-12-03T14:07:07.000000,1419.6495000000082,-2508.68070000001,-1089.0312000000006
2024-12-03T14:07:12.000000,1419.6495000000082,-2571.5209500000105,-1151.8714500000015
2024-12-03T14:07:12.000000,1419.6495000000082,-2660.2659000000103,-1240.6164000000012
2024-12-03T14:07:12.000000,1419.6495000000082,-2719.9281000000105,-1300.2786000000012
2024-12-03T14:07:17.000000,1419.6495000000082,-2715.42390000001,-1295.7744000000005
2024-12-03T14:07:17.000000,1419.6495000000082,-2732.7534000000096,-1313.1039000000003
2024-12-03T14:07:17.000000,1419.6495000000082,-2821.4983500000094,-1401.84885
2024-12-03T14:07:22.000000,1419.6495000000082,-2818.31285000001,-1398.6633500000003
2024-12-03T14:07:27.000000,1419.6495000000082,-2815.12335000001,-1395.4738500000005
2024-12-03T14:07:27.000000,1419.6495000000082,-2822.45135000001,-1402.8018500000005
2024-12-03T14:07:32.000000,1419.6495000000082,-2824.258600000011,-1404.6091000000015
2024-12-03T14:07:32.000000,1419.6495000000082,-2834.7422500000116,-1415.092750000002
2024-12-03T14:07:32.000000,1419.6495000000082,-2845.225900000012,-1425.5764000000026
2024-12-03T14:07:32.000000,1419.6495000000082,-2869.615000000013,-1449.9655000000034
2024-12-03T14:07:32.000000,1419.6495000000082,-2866.941500000013,-1447.2920000000036
2024-12-03T14:07:37.000000,1419.6495000000082,-2873.745500000013,-1454.0960000000036
2024-12-03T14:07:37.000000,1419.6495000000082,-2891.059000000013,-1471.4095000000034
2024-12-03T14:07:37.000000,1432.5005000000085,-2891.059000000013,-1458.558500000003
2024-12-03T14:07:37.000000,1432.5005000000085,-2937.7192500000133,-1505.2187500000034
2024-12-03T14:07:42.000000,1432.5005000000085,-2932.2454500000126,-1499.744950000003
2024-12-03T14:07:42.000000,1432.5005000000085,-2939.045450000013,-1506.544950000003
2024-12-03T14:07:42.000000,1432.5005000000085,-2960.434100000013,-1527.933600000003
2024-12-03T14:07:42.000000,1432.5005000000085,-2977.747600000013,-1545.2471000000028
2024-12-03T14:07:42.000000,1432.5005000000085,-3007.591700000012,-1575.0912000000023
2024-12-03T14:07:47.000000,1432.5005000000085,-3014.3917000000124,-1581.8912000000023
2024-12-03T14:07:47.000000,1432.5005000000085,-3036.857950000013,-1604.3574500000025
2024-12-03T14:07:47.000000,1432.5005000000085,-3054.1714500000126,-1621.6709500000022
2024-12-03T14:07:52.000000,1432.5005000000085,-3060.9674500000124,-1628.4669500000023
2024-12-03T14:07:52.000000,1432.5005000000085,-3077.440000000013,-1644.9395000000027
2024-12-03T14:07:52.000000,1432.5005000000085,-3098.826250000013,-1666.325750000003
2024-12-03T14:07:52.000000,1432.5005000000085,-3076.3193500000125,-1643.8188500000024
2024-12-03T14:07:57.000000,1432.5005000000085,-3085.3750000000127,-1652.8745000000029
2024-12-03T14:08:02.000000,1432.5005000000085,-3094.428250000013,-1661.9277500000032
2024-12-03T14:08:07.000000,1432.5005000000085,-3110.8912000000137,-1678.3907000000036
2024-12-03T14:08:07.000000,1432.5005000000085,-3100.381300000013,-1667.8808000000029
2024-12-03T14:08:07.000000,1432.5005000000085,-3112.4326000000133,-1679.9321000000027
2024-12-03T14:08:17.000000,1432.5005000000085,-3131.266250000013,-1698.7657500000025
2024-12-03T14:08:22.000000,1432.5005000000085,-3117.946300000012,-1685.4458000000018
2024-12-03T14:08:22.000000,1432.5005000000085,-3122.2562500000113,-1689.7557500000014
2024-12-03T14:08:27.000000,1432.5005000000085,-3153.6326500000123,-1721.1321500000024
2024-12-03T14:08:52.000000,1432.5005000000085,-3143.093950000012,-1710.5934500000017
2024-12-03T14:11:07.000000,1432.5005000000085,-3204.7916500000124,-1772.291150000002
2024-12-03T14:11:47.000000,1432.5005000000085,-3179.6627000000112,-1747.162200000001
2024-12-03T14:11:52.000000,1432.5005000000085,-3175.1537000000103,-1742.6532000000002
2024-12-03T14:11:57.000000,1432.5005000000085,-3182.64170000001,-1750.1412000000003
2024-12-03T14:12:02.000000,1432.5005000000085,-3121.1339000000107,-1688.633400000001
2024-12-03T14:12:22.000000,1432.5005000000085,-3074.61860000001,-1642.1181000000001
2024-12-03T14:12:27.000000,1432.5005000000085,-3034.0970000000098,-1601.5965
2024-12-03T14:12:27.000000,1432.5005000000085,-2972.5732000000103,-1540.0727000000009
2024-12-03T14:12:32.000000,1432.5005000000085,-2863.3244500000096,-1430.8239500000002
2024-12-03T14:12:37.000000,1432.5005000000085,-2754.075700000009,-1321.5751999999995
2024-12-03T14:12:37.000000,1432.5005000000085,-2774.75285000001,-1342.2523500000004
2024-12-03T14:12:42.000000,1432.5005000000085,-2674.4910500000105,-1241.9905500000011
2024-12-03T14:12:47.000000,1432.5005000000085,-2583.223400000011,-1150.7229000000016
2024-12-03T14:13:52.000000,1432.5005000000085,-2580.5259000000115,-1148.0254000000018
2024-12-03T14:14:17.000000,1432.5005000000085,-2556.895800000011,-1124.3953000000015
2024-12-03T14:14:17.000000,1432.5005000000085,-2539.2618000000116,-1106.761300000002
2024-12-03T14:14:17.000000,1432.5005000000085,-2526.56280000001,-1094.0623000000005
2024-12-03T14:14:32.000000,1432.5005000000085,-2480.20110000001,-1047.7006000000001
2024-12-03T14:14:47.000000,1432.5005000000085,-2415.85110000001,-983.3506000000001
2024-12-03T14:14:52.000000,1432.5005000000085,-2369.4894000000095,-936.9888999999996
2024-12-03T14:14:57.000000,1432.5005000000085,-2323.127700000009,-890.6271999999991
2024-12-03T14:15:02.000000,1432.5005000000085,-2276.7660000000087,-844.2654999999986
2024-12-03T14:15:07.000000,1432.5005000000085,-2230.4043000000083,-797.9037999999981
2024-12-03T14:15:12.000000,1432.5005000000085,-2184.042600000008,-751.5420999999976
2024-12-03T14:15:17.000000,1432.5005000000085,-2137.6809000000076,-705.1803999999971
2024-12-03T14:15:22.000000,1432.5005000000085,-2055.328200000008,-622.8276999999974
2024-12-03T14:15:27.000000,1432.5005000000085,-2008.9521000000093,-576.4515999999986
2024-12-03T14:15:32.000000,1432.5005000000085,-1944.5877000000091,-512.0871999999986
2024-12-03T14:15:37.000000,1432.5005000000085,-1880.223300000009,-447.72279999999853
2024-12-03T14:15:47.000000,1432.5005000000085,-1857.0268000000096,-424.5262999999992
2024-12-03T14:16:07.000000,1432.5005000000085,-1816.5172000000096,-384.01669999999916
2024-12-03T14:16:12.000000,1432.5005000000085,-1776.0076000000095,-343.5070999999991
2024-12-03T14:16:17.000000,1432.5005000000085,-1747.4950000000092,-314.9944999999988
2024-12-03T14:16:22.000000,1432.5005000000085,-1718.97760000001,-286.4770999999996
2024-12-03T14:17:07.000000,1432.5005000000085,-1700.6593000000094,-268.158799999999
2024-12-03T14:17:17.000000,1432.5005000000085,-1682.3410000000088,-249.84049999999843
2024-12-03T14:17:22.000000,1432.5005000000085,-1664.0227000000082,-231.52219999999784
2024-12-03T14:17:27.000000,1432.5005000000085,-1645.7044000000076,-213.20389999999725
2024-12-03T14:18:22.000000,1445.5563000000088,-1645.7044000000076,-200.14809999999696
2024-12-03T14:18:47.000000,1432.134600000009,-1645.7044000000076,-213.56979999999683
2024-12-03T14:18:47.000000,1449.1878000000083,-1645.7044000000076,-196.51659999999734
2024-12-03T14:18:57.000000,1435.7661000000085,-1645.7044000000076,-209.9382999999972
2024-12-03T14:20:22.000000,1404.8433000000089,-1645.7044000000076,-240.8610999999967
2024-12-03T14:20:42.000000,1353.0487000000078,-1645.7044000000076,-292.6556999999977
2024-12-03T14:22:52.000000,1315.6594000000073,-1645.7044000000076,-330.04499999999814
2024-12-03T14:22:57.000000,1269.2735500000076,-1645.7044000000076,-376.43084999999786
2024-12-03T14:23:02.000000,1222.8853000000079,-1645.7044000000076,-422.81909999999755
2024-12-03T14:23:07.000000,1173.4990000000078,-1645.7044000000076,-472.2053999999977
2024-12-03T14:23:22.000000,1130.1064000000074,-1645.7044000000076,-515.597999999998
2024-12-03T14:23:22.000000,1083.7133500000077,-1645.7044000000076,-561.9910499999977
2024-12-03T14:23:32.000000,1037.317900000007,-1645.7044000000076,-608.3864999999985
2024-12-03T14:23:57.000000,990.9200500000073,-1645.7044000000076,-654.7843499999982
2024-12-03T14:26:47.000000,983.3320500000074,-1645.7044000000076,-662.3723499999982
2024-12-03T14:27:42.000000,987.9346500000082,-1645.7044000000076,-657.7697499999973
2024-12-03T14:27:47.000000,995.5353000000084,-1645.7044000000076,-650.1690999999971
2024-12-03T14:27:52.000000,1000.1355000000082,-1645.7044000000076,-645.5688999999974
2024-12-03T14:27:57.000000,1010.7366000000078,-1645.7044000000076,-634.9677999999977
2024-12-03T14:28:02.000000,1024.3381500000078,-1645.7044000000076,-621.3662499999976
2024-12-03T14:28:07.000000,1037.9397000000079,-1645.7044000000076,-607.7646999999976
2024-12-03T14:28:22.000000,1048.5384000000086,-1645.7044000000076,-597.1659999999969
2024-12-03T14:28:22.000000,1048.5384000000086,-1662.3809500000075,-613.8425499999967
2024-12-03T14:28:32.000000,1062.1351500000087,-1662.3809500000075,-600.2457999999966
2024-12-03T14:28:37.000000,1075.7295000000088,-1662.3809500000075,-586.6514499999965
2024-12-03T14:28:52.000000,1092.3219000000083,-1662.3809500000075,-570.059049999997
2024-12-03T14:33:37.000000,1092.3219000000083,-1670.0481500000076,-577.726249999997
2024-12-03T14:33:37.000000,1092.3219000000083,-1703.7168500000082,-611.3949499999976
2024-12-03T14:33:42.000000,1092.3219000000083,-1743.3760500000076,-651.054149999997
2024-12-03T14:35:17.000000,1092.3219000000083,-1729.8306500000074,-637.5087499999967
2024-12-03T14:35:27.000000,1092.3219000000083,-1716.2852500000072,-623.9633499999964
2024-12-03T14:35:37.000000,1092.3219000000083,-1698.7392500000076,-606.4173499999969
2024-12-03T14:35:42.000000,1092.3219000000083,-1677.1926500000075,-584.8707499999967
2024-12-03T14:35:47.000000,1092.3219000000083,-1666.8939500000063,-574.5720499999956
2024-12-03T14:35:52.000000,1092.3219000000083,-1645.3473500000061,-553.0254499999954
2024-12-03T14:35:57.000000,1092.3219000000083,-1628.7741500000056,-536.4522499999948
2024-12-03T14:35:57.000000,1092.3219000000083,-1609.4813000000047,-517.1593999999938
2024-12-03T14:36:07.000000,1092.3219000000083,-1595.9359000000045,-503.61399999999344
2024-12-03T14:36:07.000000,1092.3219000000083,-1576.6430500000035,-484.32114999999243
2024-12-03T14:36:12.000000,1092.3219000000083,-1566.3443500000024,-474.02244999999124
2024-12-03T14:36:47.000000,1092.3219000000083,-1556.7963500000012,-464.47444999999016
2024-12-03T14:40:17.000000,1042.712400000008,-1556.7963500000012,-514.0839499999903
2024-12-03T14:40:52.000000,1029.0987000000082,-1556.7963500000012,-527.6976499999902
2024-12-03T14:41:02.000000,1029.0987000000082,-1564.4787500000011,-535.3800499999902
2024-12-03T14:41:37.000000,1009.4985000000084,-1564.4787500000011,-554.98024999999
2024-12-03T14:43:02.000000,1068.1812000000082,-1564.4787500000011,-496.2975499999903
2024-12-03T14:43:37.000000,1126.8591000000079,-1564.4787500000011,-437.6196499999906
2024-12-03T14:43:42.000000,1179.5361000000075,-1564.4787500000011,-384.9426499999908
2024-12-03T14:43:52.000000,1217.2156500000083,-1564.4787500000011,-347.2630999999902
2024-12-03T14:44:02.000000,1239.9001500000077,-1564.4787500000011,-324.57859999999084
2024-12-03T14:44:12.000000,1247.582400000008,-1564.4787500000011,-316.8963499999906
2024-12-03T14:44:22.000000,1237.2691500000076,-1564.4787500000011,-327.2095999999911
2024-12-03T14:44:27.000000,1226.9559000000072,-1564.4787500000011,-337.5228499999916
2024-12-03T14:44:32.000000,1204.645650000007,-1564.4787500000011,-359.8330999999918
2024-12-03T14:45:02.000000,1183.1227500000061,-1564.4787500000011,-381.3559999999928
2024-12-03T14:45:02.000000,1183.1227500000061,-1481.8380500000019,-298.71529999999365
2024-12-03T14:45:02.000000,1183.1227500000061,-1417.1856500000024,-234.0628999999941
2024-12-03T14:45:02.000000,1183.1227500000061,-1425.1656500000024,-242.0428999999941
2024-12-03T14:59:55.000000,1183.1227500000061,-1432.5464500000023,-249.42369999999408
2024-12-03T14:59:55.000000,1183.1227500000061,-1439.9272500000022,-256.8044999999941
2024-12-03T14:59:55.000000,1183.1227500000061,-1454.303500000002,-271.18074999999396
2024-12-04T09:50:47.000000,1183.1227500000061,-2397.2909500000014,-1214.1681999999937
2024-12-04T09:51:12.000000,1183.1227500000061,-3255.320050000001,-2072.1972999999934
2024-12-04T09:51:12.000000,1183.1227500000061,-4028.4044000000013,-2845.2816499999935
2024-12-04T09:52:02.000000,1146.1966500000058,-4028.4044000000013,-2882.207749999994
2024-12-04T09:52:42.000000,1097.2831500000057,-4028.4044000000013,-2931.1212499999942
2024-12-04T09:52:52.000000,1048.3648500000054,-4028.4044000000013,-2980.0395499999945
2024-12-04T09:52:53.000000,921.3708500000051,-4028.4044000000013,-3107.0335499999946
2024-12-04T09:53:42.000000,966.1985000000046,-4028.4044000000013,-3062.2058999999954
2024-12-04T09:53:47.000000,1014.0242000000045,-4028.4044000000013,-3014.3801999999955
2024-12-04T09:53:52.000000,1055.8514000000046,-4028.4044000000013,-2972.5529999999953
2024-12-04T09:54:12.000000,982.9487000000038,-4028.4044000000013,-3045.455699999996
2024-12-04T09:54:17.000000,910.046000000003,-4028.4044000000013,-3118.3583999999964
2024-12-04T09:55:57.000000,910.046000000003,-4015.235650000002,-3105.189649999997
2024-12-04T09:56:02.000000,910.046000000003,-4002.061300000002,-3092.0152999999973
2024-12-04T09:56:42.000000,944.4011000000021,-4002.061300000002,-3057.660199999998
2024-12-04T09:56:47.000000,975.7605500000018,-4002.061300000002,-3026.300749999998
2024-12-04T09:56:52.000000,963.9638000000028,-4002.061300000002,-3038.097499999997
2024-12-04T09:56:52.000000,1004.3198000000018,-4002.061300000002,-2997.7414999999983
2024-12-04T09:56:57.000000,994.0641500000013,-4002.061300000002,-3007.997149999999
2024-12-04T09:57:02.000000,1001.4152000000005,-4002.061300000002,-3000.6460999999995
2024-12-04T09:57:02.000000,994.1552000000005,-4002.061300000002,-3007.9060999999997
2024-12-04T09:57:07.000000,980.8991000000007,-4002.061300000002,-3021.1621999999998
2024-12-04T09:57:27.000000,952.6551500000006,-4002.061300000002,-3049.40615
2024-12-04T09:57:57.000000,921.4275500000011,-4002.061300000002,-3080.6337499999995
2024-12-04T09:58:12.000000,921.4275500000011,-4034.6210500000025,-3113.1935
2024-12-04T09:58:17.000000,921.4275500000011,-4057.183300000001,-3135.7557499999984
2024-12-04T09:58:22.000000,902.2041500000014,-4057.183300000001,-3154.9791499999983
2024-12-04T09:58:32.000000,902.2041500000014,-4074.756800000001,-3172.5526499999983
2024-12-04T09:58:32.000000,897.9782000000008,-4074.756800000001,-3176.7785999999987
2024-12-04T09:58:37.000000,902.7536000000006,-4074.756800000001,-3172.003199999999
2024-12-04T09:58:42.000000,907.5314000000003,-4074.756800000001,-3167.2253999999994
2024-12-04T09:58:47.000000,900.3146000000003,-4074.756800000001,-3174.4421999999995
2024-12-04T09:58:52.000000,890.0973499999998,-4074.756800000001,-3184.65945
2024-12-04T09:58:57.000000,879.8800999999993,-4074.756800000001,-3194.8767000000007
2024-12-04T09:59:02.000000,860.6638999999996,-4074.756800000001,-3214.0929000000006
2024-12-04T09:59:07.000000,850.4490500000002,-4074.756800000001,-3224.30775
2024-12-04T09:59:12.000000,837.2361500000003,-4074.756800000001,-3237.52065
2024-12-04T09:59:17.000000,853.6125500000009,-4074.756800000001,-3221.1442499999994
2024-12-04T09:59:17.000000,831.3983000000006,-4074.756800000001,-3243.3584999999994
2024-12-04T09:59:22.000000,850.7751500000006,-4074.756800000001,-3223.9816499999993
2024-12-04T09:59:22.000000,837.5598500000008,-4074.756800000001,-3237.196949999999
2024-12-04T09:59:27.000000,862.9352000000006,-4074.756800000001,-3211.8215999999993
2024-12-04T09:59:27.000000,843.7214000000008,-4074.756800000001,-3231.035399999999
2024-12-04T09:59:32.000000,866.0987000000013,-4074.756800000001,-3208.6580999999983
2024-12-04T09:59:32.000000,840.8864000000005,-4074.756800000001,-3233.870399999999
2024-12-04T09:59:37.000000,863.263700000001,-4074.756800000001,-3211.4930999999983
2024-12-04T09:59:37.000000,838.0514000000003,-4074.756800000001,-3236.705399999999
2024-12-04T09:59:42.000000,866.4271999999995,-4074.756800000001,-3208.3295999999996
2024-12-04T09:59:42.000000,838.2168499999995,-4074.756800000001,-3236.53995
2024-12-04T09:59:47.000000,813.0045499999987,-4074.756800000001,-3261.7522500000005
2024-12-04T09:59:52.000000,841.3827499999991,-4074.756800000001,-3233.3740500000004
2024-12-04T09:59:57.000000,816.1704499999984,-4074.756800000001,-3258.586350000001
2024-12-04T10:00:02.000000,859.5436999999989,-4074.756800000001,-3215.2131000000004
2024-12-04T10:00:12.000000,893.9179999999991,-4074.756800000001,-3180.8388000000004
2024-12-04T10:00:22.000000,922.2889999999994,-4074.756800000001,-3152.4678000000004
2024-12-04T10:00:27.000000,900.0675500000003,-4074.756800000001,-3174.6892499999994
2024-12-04T10:00:32.000000,922.4352499999997,-4074.756800000001,-3152.32155
2024-12-04T10:07:22.000000,922.4352499999997,-4055.42555,-3132.990299999999
2024-12-04T10:07:27.000000,922.4352499999997,-4082.2245499999995,-3159.7892999999985
2024-12-04T10:07:27.000000,922.4352499999997,-4059.895249999999,-3137.459999999998
2024-12-04T10:07:32.000000,922.4352499999997,-4049.5605499999997,-3127.125299999999
2024-12-04T10:07:37.000000,922.4352499999997,-4042.2263000000007,-3119.79105
2024-12-04T10:07:42.000000,922.4352499999997,-4028.8959500000005,-3106.4606999999996
2024-12-04T10:07:47.000000,922.4352499999997,-4021.5617000000016,-3099.1264500000007
2024-12-04T10:07:52.000000,922.4352499999997,-4011.231800000001,-3088.79655
2024-12-04T10:07:57.000000,922.4352499999997,-4003.9023500000008,-3081.4671
2024-12-04T10:08:02.000000,922.4352499999997,-3993.5748500000013,-3071.1396000000004
2024-12-04T10:08:07.000000,922.4352499999997,-3992.246300000001,-3069.8110500000003
2024-12-04T10:08:12.000000,922.4352499999997,-3993.915800000001,-3071.48055
2024-12-04T10:08:17.000000,922.4352499999997,-4001.5838000000012,-3079.1485500000003
2024-12-04T10:08:17.000000,922.4352499999997,-3934.380550000002,-3011.945300000001
2024-12-04T10:08:27.000000,922.4352499999997,-3942.0485500000023,-3019.6133000000013
2024-12-04T10:08:27.000000,922.4352499999997,-3904.8258000000023,-2982.3905500000014
2024-12-04T10:08:32.000000,922.4352499999997,-3918.492300000002,-2996.0570500000013
2024-12-04T10:08:52.000000,922.4352499999997,-3950.399900000003,-3027.964650000002
2024-12-04T10:10:57.000000,922.4352499999997,-3872.9631500000023,-2950.5279000000014
2024-12-04T10:13:07.000000,922.4352499999997,-3841.6157000000026,-2919.1804500000017
2024-12-04T10:13:12.000000,922.4352499999997,-3818.4232000000015,-2895.9879500000006
2024-12-04T10:13:17.000000,922.4352499999997,-3826.1816000000017,-2903.746350000001
2024-12-04T10:13:17.000000,922.4352499999997,-3817.3280000000022,-2894.8927500000013
2024-12-04T10:13:47.000000,922.4352499999997,-3776.9816000000023,-2854.5463500000014
2024-12-04T10:13:52.000000,922.4352499999997,-3739.6356500000015,-2817.2004000000006
2024-12-04T10:13:57.000000,922.4352499999997,-3699.2868500000013,-2776.8516000000004
2024-12-04T10:14:02.000000,922.4352499999997,-3682.521650000002,-2760.086400000001
2024-12-04T10:14:07.000000,922.4352499999997,-3690.318450000002,-2767.883200000001
2024-12-04T10:14:12.000000,922.4352499999997,-3673.5532500000027,-2751.1180000000018
2024-12-04T10:14:17.000000,676.9795499999998,-3673.5532500000027,-2996.5737000000017
2024-12-04T10:14:17.000000,676.9795499999998,-3681.3500500000027,-3004.370500000002
2024-12-04T10:14:17.000000,676.9795499999998,-3664.5848500000034,-2987.6053000000024
2024-12-04T10:14:22.000000,424.52840000000003,-3664.5848500000034,-3240.0564500000023
2024-12-04T10:14:22.000000,424.52840000000003,-3672.3816500000034,-3247.8532500000024
2024-12-04T10:14:32.000000,165.0706000000004,-3672.3816500000034,-3507.311050000002
2024-12-04T10:14:32.000000,165.0706000000004,-3680.1784500000035,-3515.107850000002
2024-12-04T10:14:37.000000,165.0706000000004,-3687.9752500000036,-3522.904650000002
2024-12-04T10:15:02.000000,165.0706000000004,-3706.773700000005,-3541.703100000004
2024-12-04T10:16:22.000000,138.34615000000082,-3706.773700000005,-3568.4275500000035
2024-12-04T10:16:57.000000,242.69095000000092,-3706.773700000005,-3464.082750000003
2024-12-04T10:16:57.000000,354.0368000000009,-3706.773700000005,-3352.736900000003
2024-12-04T10:16:57.000000,472.3837000000019,-3706.773700000005,-3234.390000000002
2024-12-04T10:16:57.000000,597.7316500000028,-3706.773700000005,-3109.0420500000014
2024-12-04T10:17:02.000000,709.0887000000027,-3706.773700000005,-2997.6850000000013
2024-12-04T10:17:07.000000,709.0887000000027,-3701.0671000000057,-2991.978400000002
2024-12-04T10:17:12.000000,771.4888000000025,-3701.0671000000057,-2929.578300000002
2024-12-04T10:17:17.000000,833.8945000000022,-3701.0671000000057,-2867.172600000002
2024-12-04T10:17:17.000000,833.8945000000022,-3701.356600000006,-2867.4621000000025
2024-12-04T10:17:22.000000,896.3058000000019,-3701.356600000006,-2805.0508000000027
2024-12-04T10:17:27.000000,951.7272500000018,-3701.356600000006,-2749.629350000003
2024-12-04T10:17:27.000000,951.7272500000018,-3707.644600000006,-2755.917350000003
2024-12-04T10:17:32.000000,1000.1532500000019,-3707.644600000006,-2707.491350000003
2024-12-04T10:17:37.000000,1048.584850000002,-3707.644600000006,-2659.059750000003
2024-12-04T10:17:42.000000,1097.022050000002,-3707.644600000006,-2610.6225500000032
2024-12-04T10:17:47.000000,1152.465900000002,-3707.644600000006,-2555.178700000003
2024-12-04T10:17:52.000000,1221.9062500000016,-3707.644600000006,-2485.7383500000037
2024-12-04T10:17:57.000000,1270.3602500000015,-3707.644600000006,-2437.2843500000035
2024-12-04T10:18:02.000000,1318.8198500000017,-3707.644600000006,-2388.8247500000034
2024-12-04T10:18:07.000000,1381.2759500000013,-3707.644600000006,-2326.3686500000035
2024-12-04T10:18:12.000000,1464.7296000000006,-3707.644600000006,-2242.915000000004
2024-12-04T10:18:17.000000,1541.1822,-3707.644600000006,-2166.4624000000044
2024-12-04T10:18:22.000000,1638.626749999999,-3707.644600000006,-2069.0178500000056
2024-12-04T10:18:27.000000,1743.072349999999,-3707.644600000006,-1964.5722500000056
2024-12-04T10:18:32.000000,1861.5144500000001,-3707.644600000006,-1846.1301500000045
2024-12-04T10:18:37.000000,2000.9541000000008,-3707.644600000006,-1706.6905000000038
2024-12-04T10:18:42.000000,2154.3902500000013,-3707.644600000006,-1553.2543500000036
2024-12-04T10:18:47.000000,2314.8218500000016,-3707.644600000006,-1392.8227500000035
2024-12-04T10:18:52.000000,2496.245400000001,-3707.644600000006,-1211.3992000000037
2024-12-04T10:18:57.000000,2684.6700000000005,-3707.644600000006,-1022.9746000000041
2024-12-04T10:19:02.000000,2887.0910999999996,-3707.644600000006,-820.5535000000049
2024-12-04T10:19:07.000000,3089.5121999999988,-3707.644600000006,-618.1324000000056
2024-12-04T10:19:12.000000,3305.935399999999,-3707.644600000006,-401.70920000000547
2024-12-04T10:19:17.000000,3550.3459999999995,-3707.644600000006,-157.29860000000463
2024-12-04T10:19:22.000000,3794.7566000000006,-3707.644600000006,87.11199999999621
2024-12-04T10:19:32.000000,4011.1910000000007,-3707.644600000006,303.5463999999964
2024-12-04T10:19:32.000000,4234.626450000001,-3707.644600000006,526.9818499999965
2024-12-04T10:19:37.000000,4465.04615,-3707.644600000006,757.4015499999964
2024-12-04T10:19:42.000000,4465.04615,-3675.3826000000067,789.6635499999956
2024-12-04T10:19:47.000000,4674.473900000001,-3675.3826000000067,999.091299999996
2024-12-04T10:19:47.000000,4855.89745,-3675.3826000000067,1180.5148499999957
2024-12-04T10:19:47.000000,4855.89745,-3638.1238500000068,1217.7735999999957
2024-12-04T10:19:52.000000,5030.31995,-3638.1238500000068,1392.1960999999956
2024-12-04T10:19:52.000000,5030.31995,-3555.5839500000056,1474.735999999997
2024-12-04T10:19:57.000000,5176.74945,-3555.5839500000056,1621.1654999999973
2024-12-04T10:20:02.000000,5302.1758,-3555.5839500000056,1746.591849999997
2024-12-04T10:20:07.000000,5406.6102,-3555.5839500000056,1851.0262499999972
2024-12-04T10:20:07.000000,5406.6102,-3513.328450000007,1893.281749999996
2024-12-04T10:20:12.000000,5497.0425000000005,-3513.328450000007,1983.7140499999964
2024-12-04T10:20:12.000000,5497.0425000000005,-3466.0762000000072,2030.9662999999962
2024-12-04T10:20:17.000000,5566.477250000002,-3466.0762000000072,2100.401049999997
2024-12-04T10:20:17.000000,5566.477250000002,-3423.8207000000084,2142.656549999996
2024-12-04T10:20:22.000000,5614.908850000002,-3423.8207000000084,2191.088149999996
2024-12-04T10:20:27.000000,5649.34395,-3423.8207000000084,2225.523249999995
2024-12-04T10:20:27.000000,5649.34395,-3391.558700000009,2257.7852499999944
2024-12-04T10:20:32.000000,5655.77485,-3391.558700000009,2264.2161499999943
2024-12-04T10:20:37.000000,5641.2082,-3391.558700000009,2249.6494999999945
2024-12-04T10:20:42.000000,5598.63735,-3391.558700000009,2207.078649999994
2024-12-04T10:23:17.000000,5567.7841499999995,-3391.558700000009,2176.2254499999935
2024-12-04T10:23:42.000000,5542.931849999999,-3391.558700000009,2151.373149999993
2024-12-04T10:23:57.000000,5500.086449999999,-3391.558700000009,2108.527749999993
2024-12-04T10:24:22.000000,5516.926049999999,-3391.558700000009,2125.3673499999936
2024-12-04T10:24:27.000000,5527.764749999999,-3391.558700000009,2136.2060499999943
2024-12-04T10:24:32.000000,5523.603599999999,-3391.558700000009,2132.0448999999935
2024-12-04T10:24:42.000000,5519.027249999998,-3391.558700000009,2127.468549999993
2024-12-04T10:24:42.000000,5511.868049999998,-3391.558700000009,2120.3093499999927
2024-12-04T10:24:57.000000,5507.711699999998,-3391.558700000009,2116.152999999992
2024-12-04T10:25:07.000000,5512.1390999999985,-3391.558700000009,2120.580399999993
2024-12-04T10:25:07.000000,5501.986649999998,-3391.558700000009,2110.4279499999925
2024-12-04T10:25:17.000000,5494.834649999998,-3391.558700000009,2103.2759499999925
2024-12-04T10:25:19.000000,5426.929649999998,-3391.558700000009,2035.3709499999925
2024-12-04T10:25:32.000000,5428.370999999997,-3391.558700000009,2036.8122999999919
2024-12-04T10:25:37.000000,5409.226799999998,-3391.558700000009,2017.6680999999921
2024-12-04T10:25:42.000000,5413.673399999997,-3391.558700000009,2022.114699999992
2024-12-04T10:25:47.000000,5403.122549999996,-3391.558700000009,2011.5638499999914
2024-12-04T10:25:47.000000,5316.272149999997,-3391.558700000009,1924.7134499999916
2024-12-04T10:25:52.000000,5293.721899999997,-3391.558700000009,1902.1631999999913
2024-12-04T10:25:52.000000,5222.864299999998,-3391.558700000009,1831.3055999999926
2024-12-04T10:25:57.000000,5148.009299999999,-3391.558700000009,1756.4505999999933
2024-12-04T10:26:02.000000,5137.460849999999,-3391.558700000009,1745.9021499999928
2024-12-04T10:26:02.000000,5058.608449999999,-3391.558700000009,1667.0497499999929
2024-12-04T10:26:07.000000,5045.066749999999,-3391.558700000009,1653.508049999993
2024-12-04T10:26:12.000000,5025.524149999999,-3391.558700000009,1633.9654499999933
2024-12-04T10:26:12.000000,4974.659949999999,-3391.558700000009,1583.1012499999936
2024-12-04T10:26:12.000000,4923.795749999999,-3391.558700000009,1532.2370499999938
2024-12-04T10:26:22.000000,4904.25555,-3391.558700000009,1512.6968499999941
2024-12-04T10:26:27.000000,4881.717300000001,-3391.558700000009,1490.158599999995
2024-12-04T10:26:37.000000,4862.1723,-3391.558700000009,1470.6135999999942
2024-12-04T10:26:42.000000,4836.6312,-3391.558700000009,1445.0724999999936
2024-12-04T10:26:47.000000,4793.764999999999,-3391.558700000009,1402.2062999999937
2024-12-04T10:26:47.000000,4754.8994,-3391.558700000009,1363.3406999999943
2024-12-04T10:26:52.000000,4726.36505,-3391.558700000009,1334.8063499999942
2024-12-04T10:26:52.000000,4683.50525,-3391.558700000009,1291.9465499999942
2024-12-04T10:26:57.000000,4651.9752499999995,-3391.558700000009,1260.4165499999935
2024-12-04T10:26:57.000000,4601.11425,-3391.558700000009,1209.5555499999937
2024-12-04T10:27:07.000000,4572.582299999999,-3391.558700000009,1181.0235999999936
2024-12-04T10:27:12.000000,4544.052749999999,-3391.558700000009,1152.4940499999934
2024-12-04T10:27:22.000000,4509.529499999999,-3391.558700000009,1117.9707999999935
2024-12-04T10:27:27.000000,4472.008199999998,-3391.558700000009,1080.4494999999931
2024-12-04T10:27:32.000000,4431.488849999999,-3391.558700000009,1039.9301499999933
2024-12-04T10:27:37.000000,4390.971899999999,-3391.558700000009,999.4131999999935
2024-12-04T10:27:42.000000,4347.456899999998,-3391.558700000009,955.8981999999932
2024-12-04T10:27:47.000000,4297.945799999998,-3391.558700000009,906.387099999993
2024-12-04T10:27:52.000000,4239.438149999997,-3391.558700000009,847.8794499999925
2024-12-04T10:27:57.000000,4186.926599999996,-3391.558700000009,795.3678999999919
2024-12-04T10:28:07.000000,4119.427199999996,-3391.558700000009,727.8684999999921
2024-12-04T10:28:32.000000,4039.9259999999967,-3391.558700000009,648.3672999999926
2024-12-04T10:28:37.000000,3963.4228499999977,-3391.558700000009,571.8641499999935
2024-12-04T10:28:42.000000,3874.922699999997,-3391.558700000009,483.3639999999926
2024-12-04T10:28:52.000000,3874.922699999997,-3318.721100000008,556.2015999999937
2024-12-04T10:28:57.000000,3874.922699999997,-3253.8783000000067,621.044399999995
2024-12-04T10:29:02.000000,3874.922699999997,-3189.041900000007,685.8807999999949
2024-12-04T10:29:07.000000,3874.922699999997,-3116.204300000006,758.718399999996
2024-12-04T10:29:17.000000,3874.922699999997,-3083.3535000000065,791.5691999999951
2024-12-04T10:30:02.000000,3834.782549999997,-3083.3535000000065,751.4290499999953
2024-12-04T10:30:22.000000,3798.8319499999966,-3083.3535000000065,715.4784499999946
2024-12-04T10:30:27.000000,3799.9691499999963,-3083.3535000000065,716.6156499999944
2024-12-04T10:30:47.000000,3807.8169999999964,-3083.3535000000065,724.4634999999946
2024-12-04T10:30:52.000000,3785.8572999999965,-3083.3535000000065,702.503799999995
2024-12-04T10:30:57.000000,3832.506999999997,-3083.3535000000065,749.1534999999953
2024-12-04T10:31:02.000000,3810.547299999997,-3083.3535000000065,727.1937999999957
2024-12-04T10:31:07.000000,3845.3871999999974,-3083.3535000000065,762.0336999999959
2024-12-04T10:31:12.000000,3958.4419999999977,-3083.3535000000065,875.0884999999962
2024-12-04T10:31:12.000000,4002.278449999997,-3083.3535000000065,918.9249499999956
2024-12-04T10:31:17.000000,4049.115349999997,-3083.3535000000065,965.7618499999955
2024-12-04T10:31:17.000000,4041.1521499999967,-3083.3535000000065,957.7986499999955
2024-12-04T10:31:22.000000,4087.6578499999964,-3083.3535000000065,1004.3043499999955
2024-12-04T10:31:22.000000,4140.493249999996,-3083.3535000000065,1057.1397499999953
2024-12-04T10:31:27.000000,4196.326699999996,-3083.3535000000065,1112.9731999999956
2024-12-04T10:31:27.000000,4209.349849999996,-3083.3535000000065,1125.9963499999951
2024-12-04T10:31:32.000000,4271.179399999996,-3083.3535000000065,1187.8258999999953
2024-12-04T10:31:32.000000,4291.197999999996,-3083.3535000000065,1207.8444999999947
2024-12-04T10:31:37.000000,4343.699799999996,-3083.3535000000065,1260.3462999999945
2024-12-04T10:31:37.000000,4414.528299999995,-3083.3535000000065,1331.1747999999939
2024-12-04T10:31:37.000000,4434.546899999995,-3083.3535000000065,1351.1933999999933
2024-12-04T10:31:42.000000,4493.049599999995,-3083.3535000000065,1409.6960999999928
2024-12-04T10:31:42.000000,4560.880049999995,-3083.3535000000065,1477.5265499999928
2024-12-04T10:31:42.000000,4580.898649999995,-3083.3535000000065,1497.5451499999922
2024-12-04T10:31:47.000000,4654.727599999995,-3083.3535000000065,1571.374099999992
2024-12-04T10:31:47.000000,4674.746199999994,-3083.3535000000065,1591.3926999999915
2024-12-04T10:31:52.000000,4751.573199999994,-3083.3535000000065,1668.219699999992
2024-12-04T10:31:52.000000,4771.591799999994,-3083.3535000000065,1688.2382999999913
2024-12-04T10:31:57.000000,4771.591799999994,-3042.057350000008,1729.5344499999903
2024-12-04T10:31:57.000000,4842.417899999994,-3042.057350000008,1800.3605499999908
2024-12-04T10:31:57.000000,4855.435449999994,-3042.057350000008,1813.3780999999904
2024-12-04T10:32:02.000000,4855.435449999994,-3014.7633000000087,1840.6721499999896
2024-12-04T10:32:02.000000,4929.257199999994,-3014.7633000000087,1914.4938999999895
2024-12-04T10:32:02.000000,4942.274749999993,-3014.7633000000087,1927.511449999989
2024-12-04T10:32:07.000000,4942.274749999993,-3001.465750000009,1940.8089999999886
2024-12-04T10:32:07.000000,5010.097999999994,-3001.465750000009,2008.6322499999885
2024-12-04T10:32:12.000000,5010.097999999994,-2988.1738000000096,2021.924199999988
2024-12-04T10:32:12.000000,5077.921249999994,-2988.1738000000096,2089.747449999988
2024-12-04T10:32:12.000000,5097.939849999993,-2988.1738000000096,2109.7660499999874
2024-12-04T10:32:17.000000,5097.939849999993,-2974.88185000001,2123.057999999987
2024-12-04T10:32:17.000000,5165.763099999994,-2974.88185000001,2190.8812499999867
2024-12-04T10:32:22.000000,5165.763099999994,-2982.58185000001,2183.181249999987
2024-12-04T10:32:27.000000,5165.763099999994,-2983.28640000001,2182.476699999987
2024-12-04T10:32:27.000000,5227.5878499999935,-2983.28640000001,2244.301449999987
2024-12-04T10:32:32.000000,5227.5878499999935,-2997.9818500000097,2229.6059999999875
2024-12-04T10:32:42.000000,5227.5878499999935,-3012.6717000000094,2214.9161499999877
2024-12-04T10:32:42.000000,5286.412149999995,-3012.6717000000094,2273.7404499999884
2024-12-04T10:32:47.000000,5286.412149999995,-3020.3661000000093,2266.0460499999886
2024-12-04T10:32:52.000000,5332.867449999995,-3020.3661000000093,2312.5013499999895
2024-12-04T10:33:02.000000,5332.867449999995,-3056.03670000001,2276.8307499999887
2024-12-04T10:33:02.000000,5379.327549999995,-3056.03670000001,2323.2908499999885
2024-12-04T10:33:07.000000,5431.788549999996,-3056.03670000001,2375.7518499999883
2024-12-04T10:33:12.000000,5490.248049999996,-3056.03670000001,2434.2113499999878
2024-12-04T10:33:12.000000,5545.260699999997,-3056.03670000001,2489.223999999989
2024-12-04T10:33:17.000000,5603.717799999998,-3056.03670000001,2547.6810999999893
2024-12-04T10:33:22.000000,5662.174899999998,-3056.03670000001,2606.13819999999
2024-12-04T10:33:22.000000,5717.18755,-3056.03670000001,2661.150849999991
2024-12-04T10:33:27.000000,5787.644049999999,-3056.03670000001,2731.60734999999
2024-12-04T10:33:42.000000,5861.093799999999,-3056.03670000001,2805.05709999999
2024-12-04T10:33:47.000000,5943.544899999999,-3056.03670000001,2887.50819999999
2024-12-04T10:33:52.000000,6031.9920999999995,-3056.03670000001,2975.9553999999903
2024-12-04T10:33:57.000000,6126.4378,-3056.03670000001,3070.40109999999
2024-12-04T10:34:02.000000,6217.885450000001,-3056.03670000001,3161.8487499999906
2024-12-04T10:34:07.000000,6321.3324999999995,-3056.03670000001,3265.29579999999
2024-12-04T10:34:17.000000,6427.7752,-3056.03670000001,3371.738499999991
2024-12-04T10:34:22.000000,6519.215650000001,-3056.03670000001,3463.1789499999913
2024-12-04T10:34:22.000000,6632.286450000001,-3056.03670000001,3576.2497499999918
2024-12-04T10:34:27.000000,6726.724950000002,-3056.03670000001,3670.6882499999915
2024-12-04T10:34:27.000000,6839.795750000002,-3056.03670000001,3783.759049999992
2024-12-04T10:34:32.000000,6931.233800000002,-3056.03670000001,3875.197099999991
2024-12-04T10:34:37.000000,7022.669450000002,-3056.03670000001,3966.6327499999916
2024-12-04T10:34:42.000000,7111.104650000002,-3056.03670000001,4055.0679499999915
2024-12-04T10:34:47.000000,7196.539400000002,-3056.03670000001,4140.502699999992
2024-12-04T10:34:57.000000,7275.970850000002,-3056.03670000001,4219.934149999992
2024-12-04T10:36:07.000000,7275.970850000002,-3122.805700000011,4153.165149999992
2024-12-04T10:36:22.000000,7275.970850000002,-3189.5747000000115,4086.396149999991
2024-12-04T10:37:17.000000,7275.970850000002,-3259.9785500000116,4015.992299999991
2024-12-04T10:37:27.000000,7275.970850000002,-3288.551300000012,3987.4195499999905
2024-12-04T10:37:27.000000,7275.970850000002,-3286.7403500000114,3989.230499999991
2024-12-04T10:37:32.000000,7275.970850000002,-3313.5273500000108,3962.4434999999917
2024-12-04T10:37:32.000000,7275.970850000002,-3286.2165000000105,3989.754349999992
2024-12-04T10:37:32.000000,7275.970850000002,-3365.6217000000106,3910.349149999992
2024-12-04T10:37:37.000000,7275.970850000002,-3382.4112000000123,3893.55964999999
2024-12-04T10:37:37.000000,7275.970850000002,-3355.100350000012,3920.8704999999904
2024-12-04T10:37:37.000000,7275.970850000002,-3382.401100000012,3893.5697499999906
2024-12-04T10:37:37.000000,7275.970850000002,-3452.812150000012,3823.1586999999904
2024-12-04T10:37:37.000000,7275.970850000002,-3456.9973000000114,3818.973549999991
2024-12-04T10:37:42.000000,7275.970850000002,-3473.786800000013,3802.1840499999894
2024-12-04T10:37:42.000000,7275.970850000002,-3553.192000000013,3722.7788499999892
2024-12-04T10:37:42.000000,7275.970850000002,-3557.3771500000125,3718.59369999999
2024-12-04T10:37:47.000000,7275.970850000002,-3579.163400000013,3696.8074499999893
2024-12-04T10:37:47.000000,7275.970850000002,-3610.7342000000126,3665.23664999999
2024-12-04T10:37:47.000000,7275.970850000002,-3681.1380500000128,3594.8327999999897
2024-12-04T10:37:52.000000,7275.970850000002,-3653.821600000012,3622.1492499999904
2024-12-04T10:37:52.000000,7275.970850000002,-3733.219600000012,3542.7512499999903
2024-12-04T10:37:57.000000,7275.970850000002,-3705.8975500000115,3570.073299999991
2024-12-04T10:37:57.000000,7275.970850000002,-3713.0807500000114,3562.890099999991
2024-12-04T10:38:02.000000,7275.970850000002,-3783.4846000000116,3492.486249999991
2024-12-04T10:38:02.000000,7275.970850000002,-3826.531600000012,3449.4392499999904
2024-12-04T10:38:07.000000,7275.970850000002,-3843.3211000000138,3432.6497499999887
2024-12-04T10:38:57.000000,7275.970850000002,-3868.7326000000135,3407.238249999989
2024-12-04T10:39:22.000000,7275.970850000002,-3903.1526500000127,3372.8181999999897
2024-12-04T10:39:27.000000,7275.970850000002,-3946.574050000012,3329.3967999999904
2024-12-04T10:39:32.000000,7275.970850000002,-3981.0013000000113,3294.969549999991
2024-12-04T10:39:37.000000,7275.970850000002,-4015.4285500000105,3260.542299999992
2024-12-04T10:39:42.000000,7275.970850000002,-4040.8544500000103,3235.116399999992
2024-12-04T10:40:02.000000,7275.970850000002,-3997.4284000000107,3278.5424499999917
2024-12-04T10:40:07.000000,7275.970850000002,-4067.861050000011,3208.1097999999915
2024-12-04T10:40:12.000000,7275.970850000002,-4156.289200000011,3119.681649999992
2024-12-04T10:40:37.000000,7275.970850000002,-4217.720500000011,3058.250349999991
2024-12-04T10:40:37.000000,7275.970850000002,-4279.1518000000115,2996.8190499999905
2024-12-04T10:40:42.000000,7275.970850000002,-4220.733100000012,3055.2377499999902
2024-12-04T10:40:42.000000,7275.970850000002,-4191.262100000013,3084.7087499999902
2024-12-04T10:40:42.000000,7275.970850000002,-4261.687550000013,3014.28329999999
2024-12-04T10:40:47.000000,7275.970850000002,-4341.1071500000135,2934.86369999999
2024-12-04T10:41:22.000000,7275.970850000002,-4337.909650000013,2938.0611999999896
2024-12-04T10:41:27.000000,7275.970850000002,-4264.500700000013,3011.4701499999896
2024-12-04T10:41:32.000000,7275.970850000002,-4261.299200000013,3014.6716499999893
2024-12-04T10:41:32.000000,7275.970850000002,-4184.892200000013,3091.0786499999895
2024-12-04T10:41:37.000000,7275.970850000002,-4111.485650000013,3164.485199999989
2024-12-04T10:41:42.000000,7275.970850000002,-4041.0795500000127,3234.8912999999898
2024-12-04T10:41:47.000000,7275.970850000002,-3976.671950000013,3299.2988999999893
2024-12-04T10:41:52.000000,7275.970850000002,-3912.2643500000136,3363.706499999989
2024-12-04T10:41:57.000000,7275.970850000002,-3850.8572000000136,3425.113649999989
2024-12-04T10:42:02.000000,7275.970850000002,-3789.4500500000136,3486.520799999989
2024-12-04T10:42:07.000000,7275.970850000002,-3728.0429000000136,3547.927949999989
2024-12-04T10:42:12.000000,7275.970850000002,-3726.4791500000138,3549.4916999999887
2024-12-04T10:42:17.000000,7275.970850000002,-3671.0681000000136,3604.902749999989
2024-12-04T10:42:17.000000,7275.970850000002,-3678.498500000014,3597.4723499999886
2024-12-04T10:42:22.000000,7275.970850000002,-3617.084150000014,3658.8866999999887
2024-12-04T10:42:27.000000,7275.970850000002,-3555.6698000000138,3720.3010499999887
2024-12-04T10:42:27.000000,7275.970850000002,-3590.111450000013,3685.8593999999894
2024-12-04T10:42:32.000000,7275.970850000002,-3543.689750000013,3732.2810999999892
2024-12-04T10:42:37.000000,7275.970850000002,-3500.2661000000126,3775.70474999999
2024-12-04T10:42:37.000000,7275.970850000002,-3552.710450000013,3723.260399999989
2024-12-04T10:42:37.000000,7275.970850000002,-3596.160650000014,3679.8101999999885
2024-12-04T10:42:42.000000,7275.970850000002,-3549.736550000014,3726.2342999999883
2024-12-04T10:42:52.000000,7275.970850000002,-3674.191700000015,3601.7791499999876
2024-12-04T10:43:02.000000,7275.970850000002,-3789.6455000000155,3486.325349999987
2024-12-04T10:43:07.000000,7275.970850000002,-3887.0966000000153,3388.874249999987
2024-12-04T10:43:22.000000,7275.970850000002,-3993.5490500000146,3282.421799999988
2024-12-04T10:44:03.000000,7275.970850000002,-3959.0019500000144,3316.968899999988
2024-12-04T10:44:12.000000,7275.970850000002,-3894.0711500000148,3381.8996999999877
2024-12-04T10:44:47.000000,7275.970850000002,-3871.1130500000154,3404.857799999987
2024-12-04T10:47:42.000000,7275.970850000002,-3851.6498000000156,3424.321049999987
2024-12-04T10:48:42.000000,7275.970850000002,-3778.132850000016,3497.8379999999866
2024-12-04T10:57:07.000000,7484.678450000002,-3778.132850000016,3706.5455999999863
2024-12-04T10:57:47.000000,7467.260950000003,-3778.132850000016,3689.1280999999867
2024-12-04T10:59:32.000000,7467.260950000003,-3802.9962000000155,3664.264749999987
2024-12-04T11:00:12.000000,7467.260950000003,-3810.8570000000154,3656.403949999987
2024-12-04T11:00:47.000000,7467.260950000003,-3818.7042000000156,3648.556749999987
2024-12-04T11:01:52.000000,7467.260950000003,-3792.587100000016,3674.6738499999865
2024-12-04T11:02:22.000000,7467.260950000003,-3749.453850000016,3717.807099999987
2024-12-04T11:02:57.000000,7467.260950000003,-3748.588650000016,3718.6722999999865
2024-12-04T11:03:27.000000,7467.260950000003,-3762.115950000016,3705.144999999987
2024-12-04T11:03:37.000000,7467.260950000003,-3772.6452000000154,3694.615749999987
2024-12-04T11:03:42.000000,7467.260950000003,-3786.1749000000154,3681.086049999987
2024-12-04T11:03:47.000000,7467.260950000003,-3799.7046000000155,3667.556349999987
2024-12-04T11:05:32.000000,7467.260950000003,-3783.251400000015,3684.0095499999875
2024-12-04T11:05:37.000000,7467.260950000003,-3769.796250000015,3697.4646999999877
2024-12-04T11:05:42.000000,7467.260950000003,-3750.345000000014,3716.9159499999887
2024-12-04T11:05:52.000000,7467.260950000003,-3741.485000000014,3725.7759499999884
2024-12-04T11:05:57.000000,7467.260950000003,-3732.6250000000146,3734.635949999988
2024-12-04T11:06:02.000000,7467.260950000003,-3731.759800000015,3735.501149999988
2024-12-04T11:06:12.000000,7467.260950000003,-3712.310950000015,3754.9499999999875
2024-12-04T11:06:52.000000,7467.260950000003,-3856.178550000015,3611.0823999999875
2024-12-04T11:06:57.000000,7467.260950000003,-3854.732400000015,3612.5285499999877
2024-12-04T11:06:57.000000,7467.260950000003,-3850.288200000014,3616.9727499999885
2024-12-04T11:06:57.000000,7467.260950000003,-3845.8440000000132,3621.4169499999894
2024-12-04T11:06:57.000000,7467.260950000003,-3847.3959000000123,3619.8650499999903
2024-12-04T11:06:57.000000,7467.260950000003,-3851.945850000012,3615.3150999999907
2024-12-04T11:06:57.000000,7467.260950000003,-3856.4958000000115,3610.765149999991
2024-12-04T11:07:02.000000,7467.260950000003,-3864.0438000000113,3603.2171499999913
2024-12-04T11:09:37.000000,7459.824950000003,-3864.0438000000113,3595.781149999991
2024-12-04T11:12:32.000000,7459.824950000003,-3843.5197500000113,3616.305199999991
2024-12-04T11:12:52.000000,7459.824950000003,-3810.9987000000115,3648.826249999991
2024-12-04T11:13:02.000000,7452.378550000003,-3810.9987000000115,3641.379849999991
2024-12-04T11:13:42.000000,7452.378550000003,-3796.4755500000115,3655.902999999991
2024-12-04T11:13:47.000000,7452.378550000003,-3801.039900000012,3651.3386499999906
2024-12-04T11:13:52.000000,7457.923700000003,-3801.039900000012,3656.8837999999905
2024-12-04T11:13:57.000000,7457.923700000003,-3616.543900000012,3841.3797999999906
2024-12-04T11:14:02.000000,7463.468850000003,-3616.543900000012,3846.9249499999905
2024-12-04T11:16:12.000000,7463.468850000003,-3687.702300000012,3775.7665499999903
2024-12-04T11:16:17.000000,7463.468850000003,-3718.929900000012,3744.5389499999906
2024-12-04T11:16:32.000000,7463.468850000003,-3753.1483500000118,3710.3204999999907
2024-12-04T11:16:37.000000,7463.468850000003,-3790.3624500000124,3673.10639999999
2024-12-04T11:16:42.000000,7463.468850000003,-3818.5800000000113,3644.888849999991
2024-12-04T11:17:37.000000,7388.089050000003,-3818.5800000000113,3569.509049999992
2024-12-04T11:17:52.000000,7432.588050000003,-3818.5800000000113,3614.008049999992
2024-12-04T11:19:12.000000,7477.087050000003,-3818.5800000000113,3658.5070499999924
2024-12-04T11:19:12.000000,7389.724650000002,-3818.5800000000113,3571.144649999991
2024-12-04T11:19:22.000000,7408.230150000001,-3818.5800000000113,3589.6501499999904
2024-12-04T11:19:27.000000,7268.882350000002,-3818.5800000000113,3450.302349999991
2024-12-04T11:21:02.000000,7268.882350000002,-3809.5470500000115,3459.3352999999906
2024-12-04T11:21:07.000000,7268.882350000002,-3800.5005000000106,3468.3818499999916
2024-12-04T11:21:12.000000,7268.882350000002,-3808.4429000000105,3460.4394499999917
2024-12-04T11:21:17.000000,7268.882350000002,-3816.3853000000104,3452.4970499999918
2024-12-04T11:21:27.000000,7268.882350000002,-3811.6219000000106,3457.2604499999916
2024-12-04T11:21:37.000000,7268.882350000002,-3809.85415000001,3459.028199999992
2024-12-04T11:21:42.000000,7268.882350000002,-3811.0844500000103,3457.797899999992
2024-12-04T11:21:47.000000,7268.882350000002,-3815.3128000000097,3453.5695499999924
2024-12-04T11:21:52.000000,7268.882350000002,-3825.89485000001,3442.987499999992
2024-12-04T11:21:52.000000,7209.58175,-3825.89485000001,3383.686899999991
2024-12-04T11:21:57.000000,7209.58175,-3833.47645000001,3376.105299999991
2024-12-04T11:21:57.000000,7150.27475,-3833.47645000001,3316.79829999999
2024-12-04T11:22:07.000000,7046.961149999999,-3833.47645000001,3213.484699999989
2024-12-04T11:22:12.000000,7046.961149999999,-3841.0556500000102,3205.905499999989
2024-12-04T11:23:12.000000,7004.963899999999,-3841.0556500000102,3163.9082499999886
2024-12-04T11:23:17.000000,6942.959649999999,-3841.0556500000102,3101.903999999989
2024-12-04T11:23:22.000000,6860.9483999999975,-3841.0556500000102,3019.892749999988
2024-12-04T11:24:27.000000,6860.9483999999975,-3827.5902500000097,3033.3581499999887
2024-12-04T11:25:12.000000,6801.670199999997,-3827.5902500000097,2974.0799499999875
2024-12-04T11:26:27.000000,6801.670199999997,-3757.2633500000093,3044.406849999988
2024-12-04T11:28:52.000000,6801.670199999997,-3754.2698500000097,3047.4003499999876
2024-12-04T11:29:02.000000,6801.670199999997,-3736.2861000000094,3065.384099999988
2024-12-04T11:29:07.000000,6801.670199999997,-3733.2886000000094,3068.381599999988
2024-12-04T11:29:12.000000,6801.670199999997,-3745.28135000001,3056.388849999987
2024-12-04T13:02:07.000000,6754.540999999997,-3745.28135000001,3009.259649999988
2024-12-04T13:02:12.000000,6707.411799999998,-3745.28135000001,2962.130449999989
2024-12-04T13:02:17.000000,6660.282599999999,-3745.28135000001,2915.0012499999903
2024-12-04T13:06:47.000000,6660.282599999999,-3710.9862500000113,2949.296349999989
2024-12-04T13:06:52.000000,6660.282599999999,-3682.969000000013,2977.3135999999877
2024-12-04T13:07:07.000000,6660.282599999999,-3676.672500000013,2983.6100999999876
2024-12-04T13:07:17.000000,6660.282599999999,-3787.9905000000135,2872.292099999987
2024-12-04T13:07:22.000000,6660.282599999999,-3883.306100000013,2776.9764999999875
2024-12-04T13:07:32.000000,6660.282599999999,-3962.6225000000127,2697.660099999988
2024-12-04T13:07:42.000000,6660.282599999999,-4041.9357000000127,2618.3468999999877
2024-12-04T13:07:52.000000,6660.282599999999,-4014.5912500000136,2645.691349999987
2024-12-04T13:07:52.000000,6660.282599999999,-4081.905850000013,2578.3767499999876
2024-12-04T13:08:07.000000,6660.282599999999,-4157.212050000012,2503.0705499999885
2024-12-04T13:08:17.000000,6660.282599999999,-4228.517650000012,2431.7649499999884
2024-12-04T13:10:27.000000,6660.282599999999,-4247.866650000012,2412.415949999988
2024-12-04T13:11:07.000000,6660.282599999999,-4195.249650000011,2465.0329499999884
2024-12-04T13:11:22.000000,6660.282599999999,-4126.643050000011,2533.639549999989
2024-12-04T13:11:32.000000,6660.282599999999,-4070.0254500000106,2590.257149999989
2024-12-04T13:11:32.000000,6660.282599999999,-4013.4078500000105,2646.874749999989
2024-12-04T13:11:42.000000,6660.282599999999,-3960.7844500000097,2699.49814999999
2024-12-04T13:11:57.000000,6660.282599999999,-3884.170250000009,2776.1123499999903
2024-12-04T13:12:02.000000,6660.282599999999,-3803.5522500000097,2856.73034999999
2024-12-04T13:12:07.000000,6660.282599999999,-3730.93225000001,2929.3503499999897
2024-12-04T13:12:12.000000,6660.282599999999,-3654.3084500000095,3005.97414999999
2024-12-04T13:12:17.000000,6660.282599999999,-3581.67885000001,3078.6037499999898
2024-12-04T13:12:42.000000,6660.282599999999,-3533.0272500000096,3127.25534999999
2024-12-04T13:15:07.000000,6660.282599999999,-3529.7608000000077,3130.521799999992
2024-12-04T13:16:32.000000,6660.282599999999,-3507.3163000000086,3152.966299999991
2024-12-04T13:16:32.000000,6660.282599999999,-3496.864000000009,3163.4185999999904
2024-12-04T13:16:32.000000,6660.282599999999,-3486.4117000000097,3173.87089999999
2024-12-04T13:16:32.000000,6660.282599999999,-3475.95940000001,3184.3231999999894
2024-12-04T13:16:32.000000,6660.282599999999,-3459.511000000011,3200.7715999999887
2024-12-04T13:16:32.000000,6660.282599999999,-3443.0626000000116,3217.219999999988
2024-12-04T13:16:32.000000,6660.282599999999,-3432.610300000012,3227.6722999999874
2024-12-04T13:16:32.000000,6660.282599999999,-3422.1580000000126,3238.124599999987
2024-12-04T13:16:32.000000,6660.282599999999,-3411.705700000013,3248.5768999999864
2024-12-04T13:16:32.000000,6660.282599999999,-3398.255350000013,3262.0272499999865
2024-12-04T13:16:32.000000,6660.282599999999,-3384.805000000013,3275.4775999999865
2024-12-04T13:16:32.000000,6660.282599999999,-3368.3566000000137,3291.925999999986
2024-12-04T13:16:32.000000,6660.282599999999,-3354.9062500000136,3305.376349999986
2024-12-04T13:16:32.000000,6660.282599999999,-3341.4559000000136,3318.826699999986
2024-12-04T13:20:37.000000,6660.282599999999,-3362.808550000014,3297.4740499999857
2024-12-04T13:20:52.000000,6660.282599999999,-3346.1809500000145,3314.101649999985
2024-12-04T13:25:07.000000,6660.282599999999,-3299.5672500000155,3360.715349999984
2024-12-04T13:25:12.000000,6660.282599999999,-3252.9535500000165,3407.329049999983
2024-12-04T13:25:12.000000,6660.282599999999,-3252.088350000017,3408.1942499999827
2024-12-04T13:25:17.000000,6660.282599999999,-3196.4733000000183,3463.8092999999812
2024-12-04T13:25:17.000000,6660.282599999999,-3195.6081000000186,3464.674499999981
2024-12-04T13:25:22.000000,6660.282599999999,-3148.9872000000196,3511.29539999998
2024-12-04T13:25:27.000000,6660.282599999999,-3111.3604500000206,3548.922149999979
2024-12-04T13:25:32.000000,6660.282599999999,-3064.7323500000202,3595.5502499999793
2024-12-04T13:25:32.000000,6660.282599999999,-3055.8659500000203,3604.416649999979
2024-12-04T13:25:37.000000,6660.282599999999,-3046.9995500000205,3613.283049999979
2024-12-04T13:25:42.000000,6660.282599999999,-3038.1331500000206,3622.149449999979
2024-12-04T13:25:57.000000,6660.282599999999,-3029.2667500000207,3631.015849999979
2024-12-04T13:26:02.000000,6660.282599999999,-3020.400350000021,3639.8822499999787
2024-12-04T13:26:07.000000,6660.282599999999,-3011.533950000021,3648.7486499999786
2024-12-04T13:26:12.000000,6660.282599999999,-3010.662350000021,3649.6202499999786
2024-12-04T13:26:13.000000,6618.493349999999,-3010.662350000021,3607.8309999999783
2024-12-04T13:28:22.000000,6618.493349999999,-3150.3909500000223,3468.102399999977
2024-12-04T13:28:42.000000,6618.493349999999,-3111.787400000023,3506.7059499999764
2024-12-04T13:28:47.000000,6618.493349999999,-3203.5184000000213,3414.974949999978
2024-12-04T13:28:47.000000,6618.493349999999,-3161.9144000000215,3456.5789499999782
2024-12-04T13:28:52.000000,6618.493349999999,-3123.308450000021,3495.184899999979
2024-12-04T13:29:17.000000,6618.493349999999,-3143.0862500000208,3475.407099999979
2024-12-04T13:29:52.000000,6618.493349999999,-3162.8736500000227,3455.619699999977
2024-12-04T13:30:02.000000,6618.493349999999,-3170.6688500000228,3447.824499999977
2024-12-04T13:30:17.000000,6618.493349999999,-3136.1865500000226,3482.306799999977
2024-12-04T13:30:42.000000,6571.22015,-3136.1865500000226,3435.033599999978
2024-12-04T13:31:57.000000,6571.22015,-3108.0051500000236,3463.214999999977
2024-12-04T13:32:02.000000,6571.22015,-3067.8219500000223,3503.3981999999783
2024-12-04T13:32:07.000000,6571.22015,-3027.638750000021,3543.5813999999796
2024-12-04T13:34:12.000000,6571.22015,-2958.1984000000216,3613.021749999979
2024-12-04T13:34:22.000000,6571.22015,-2888.758050000022,3682.4620999999784
2024-12-04T13:36:32.000000,6571.22015,-2848.5364500000233,3722.6836999999773
2024-12-04T13:37:37.000000,6535.99675,-2848.5364500000233,3687.460299999977
2024-12-04T13:37:37.000000,6500.77335,-2848.5364500000233,3652.2368999999767
2024-12-04T13:37:42.000000,6437.54575,-2848.5364500000233,3589.0092999999765
2024-12-04T13:37:47.000000,6374.311750000002,-2848.5364500000233,3525.7752999999775
2024-12-04T13:37:52.000000,6323.076350000002,-2848.5364500000233,3474.539899999978
2024-12-04T13:37:57.000000,6275.841550000002,-2848.5364500000233,3427.3050999999773
2024-12-04T13:38:02.000000,6232.607350000002,-2848.5364500000233,3384.0708999999774
2024-12-04T13:38:12.000000,6201.371750000003,-2848.5364500000233,3352.835299999978
2024-12-04T13:38:47.000000,6202.124950000004,-2848.5364500000233,3353.5884999999794
2024-12-04T13:38:57.000000,6198.8711500000045,-2848.5364500000233,3350.33469999998
2024-12-04T13:39:02.000000,6211.610150000003,-2848.5364500000233,3363.0736999999785
2024-12-04T13:39:27.000000,6211.610150000003,-2874.516750000023,3337.093399999979
2024-12-04T13:41:22.000000,6308.320150000004,-2874.516750000023,3433.8033999999793
2024-12-04T13:41:27.000000,6405.030150000005,-2874.516750000023,3530.51339999998
2024-12-04T13:41:32.000000,6493.748550000006,-2874.516750000023,3619.2317999999805
2024-12-04T13:42:17.000000,6554.485150000007,-2874.516750000023,3679.968399999981
2024-12-04T13:42:17.000000,6631.224150000007,-2874.516750000023,3756.7073999999816
2024-12-04T13:42:17.000000,6707.963150000008,-2874.516750000023,3833.446399999982
2024-12-04T13:42:17.000000,6788.702750000008,-2874.516750000023,3914.1859999999815
2024-12-04T13:42:17.000000,6857.440550000008,-2874.516750000023,3982.923799999982
2024-12-04T13:43:47.000000,6858.187350000008,-2874.516750000023,3983.6705999999817
2024-12-04T13:43:52.000000,6846.938750000009,-2874.516750000023,3972.4219999999827
2024-12-04T13:45:17.000000,6846.938750000009,-2817.831950000023,4029.1067999999827
2024-12-04T13:45:22.000000,6846.938750000009,-2788.920950000023,4058.017799999983
2024-12-04T13:45:27.000000,6846.938750000009,-2744.2347500000233,4102.703999999982
2024-12-04T13:45:47.000000,6846.938750000009,-2735.3107500000237,4111.627999999982
2024-12-04T13:45:47.000000,6846.938750000009,-2774.3555500000243,4072.583199999982
2024-12-04T13:45:52.000000,6846.938750000009,-2751.865450000024,4095.0732999999823
2024-12-04T13:45:57.000000,6846.938750000009,-2732.373400000024,4114.565349999983
2024-12-04T13:45:57.000000,6846.938750000009,-2687.6936000000233,4159.245149999983
2024-12-04T13:46:02.000000,6846.938750000009,-2651.0086000000233,4195.930149999983
2024-12-04T13:46:02.000000,6846.938750000009,-2677.0033000000244,4169.935449999982
2024-12-04T13:46:12.000000,6846.938750000009,-2669.5082500000244,4177.430499999982
2024-12-04T13:46:12.000000,6846.938750000009,-2695.495750000024,4151.442999999983
2024-12-04T13:46:17.000000,6846.938750000009,-2690.9987500000243,4155.939999999982
2024-12-04T13:46:17.000000,6846.938750000009,-2725.9804000000236,4120.958349999983
2024-12-04T13:46:22.000000,6846.938750000009,-2724.483850000024,4122.4548999999815
2024-12-04T13:46:27.000000,6846.938750000009,-2768.466850000025,4078.471899999981
2024-12-04T13:46:42.000000,6846.938750000009,-2795.8538500000245,4051.084899999981
2024-12-04T13:46:42.000000,6846.938750000009,-2788.3636000000242,4058.5751499999815
2024-12-04T13:46:47.000000,6846.938750000009,-2805.757100000024,4041.181649999982
2024-12-04T13:46:52.000000,6846.938750000009,-2823.1506000000236,4023.788149999982
2024-12-04T13:47:02.000000,6846.938750000009,-2840.548100000023,4006.3906499999825
2024-12-04T13:47:02.000000,6846.938750000009,-2771.672700000023,4075.266049999983
2024-12-04T13:47:07.000000,6846.938750000009,-2789.0702000000224,4057.8685499999833
2024-12-04T13:47:07.000000,6846.938750000009,-2724.1890000000226,4122.749749999984
2024-12-04T13:47:12.000000,6846.938750000009,-2689.737100000022,4157.201649999984
2024-12-04T13:47:17.000000,6846.938750000009,-2655.2852000000216,4191.653549999984
2024-12-04T13:47:17.000000,6846.938750000009,-2656.796300000022,4190.142449999984
2024-12-04T13:47:22.000000,6846.938750000009,-2674.1978000000217,4172.740949999984
2024-12-04T13:47:22.000000,6846.938750000009,-2675.708900000022,4171.229849999984
2024-12-04T13:47:22.000000,6846.938750000009,-2598.829100000023,4248.109649999983
2024-12-04T13:47:27.000000,6846.938750000009,-2571.3726500000225,4275.566099999984
2024-12-04T13:47:27.000000,6846.938750000009,-2588.7741500000225,4258.164599999984
2024-12-04T13:47:27.000000,6846.938750000009,-2596.2813500000225,4250.657399999984
2024-12-04T13:47:27.000000,6846.938750000009,-2547.3801500000222,4299.558599999984
2024-12-04T13:47:32.000000,6846.938750000009,-2554.8873500000223,4292.051399999984
2024-12-04T13:47:32.000000,6846.938750000009,-2529.9673500000217,4316.971399999985
2024-12-04T13:47:32.000000,6846.938750000009,-2432.727600000021,4414.2111499999855
2024-12-04T13:47:37.000000,6846.938750000009,-2412.2666000000204,4434.672149999986
2024-12-04T13:47:37.000000,6846.938750000009,-2419.6666000000205,4427.272149999986
2024-12-04T13:47:37.000000,6846.938750000009,-2390.7460000000206,4456.1927499999865
2024-12-04T13:47:42.000000,6846.938750000009,-2370.28500000002,4476.653749999987
2024-12-04T13:47:47.000000,6846.938750000009,-2356.819450000019,4490.119299999988
2024-12-04T13:47:47.000000,6846.938750000009,-2369.216200000018,4477.722549999989
2024-12-04T13:47:52.000000,6846.938750000009,-2355.7506500000172,4491.188099999989
2024-12-04T13:47:52.000000,6846.938750000009,-2373.144150000017,4473.794599999989
2024-12-04T13:47:57.000000,6846.938750000009,-2359.678600000016,4487.26014999999
2024-12-04T13:47:57.000000,6846.938750000009,-2370.1814500000155,4476.75729999999
2024-12-04T13:48:02.000000,6846.938750000009,-2356.7159000000147,4490.222849999991
2024-12-04T13:48:07.000000,6846.938750000009,-2343.250350000014,4503.688399999992
2024-12-04T13:48:07.000000,6846.938750000009,-2353.7532000000133,4493.185549999992
2024-12-04T13:48:12.000000,6846.938750000009,-2340.2876500000125,4506.651099999993
2024-12-04T13:48:17.000000,6846.938750000009,-2333.8175500000116,4513.121199999994
2024-12-04T13:48:22.000000,6846.938750000009,-2327.3474500000107,4519.5912999999955
2024-12-04T13:48:22.000000,6846.938750000009,-2230.0837000000115,4616.855049999995
2024-12-04T13:48:32.000000,6846.938750000009,-2230.609050000012,4616.329699999995
2024-12-04T13:48:37.000000,6846.938750000009,-2238.1298500000116,4608.8088999999945
2024-12-04T13:48:57.000000,6846.938750000009,-2266.637000000011,4580.301749999995
2024-12-04T13:50:52.000000,6846.938750000009,-2238.6380000000104,4608.300749999996
2024-12-04T13:50:57.000000,6846.938750000009,-2189.9064000000103,4657.032349999996
2024-12-04T13:51:02.000000,6846.938750000009,-2151.8436500000103,4695.095099999996
2024-12-04T13:51:02.000000,6846.938750000009,-2126.9556500000094,4719.983099999997
2024-12-04T13:51:07.000000,6846.938750000009,-2107.95080000001,4738.987949999996
2024-12-04T13:51:22.000000,6846.938750000009,-2031.2214000000097,4815.717349999996
2024-12-04T13:51:22.000000,6846.938750000009,-2021.21070000001,4825.728049999996
2024-12-04T13:51:27.000000,6846.938750000009,-1983.1479500000103,4863.790799999996
2024-12-04T13:51:27.000000,6846.938750000009,-1914.4229500000113,4932.515799999996
2024-12-04T13:51:32.000000,6846.938750000009,-1876.3602000000114,4970.578549999996
2024-12-04T13:51:37.000000,6846.938750000009,-1843.2942000000105,5003.644549999996
2024-12-04T13:51:37.000000,6846.938750000009,-1875.10260000001,4971.836149999996
2024-12-04T13:51:37.000000,6846.938750000009,-1810.38140000001,5036.557349999996
2024-12-04T13:51:37.000000,6846.938750000009,-1791.3765500000106,5055.562199999996
2024-12-04T13:51:42.000000,6846.938750000009,-1758.3105500000097,5088.6281999999965
2024-12-04T13:51:42.000000,6846.938750000009,-1697.589950000009,5149.348799999997
2024-12-04T13:51:42.000000,6846.938750000009,-1678.5851000000096,5168.353649999996
2024-12-04T13:51:47.000000,6846.938750000009,-1645.5191000000086,5201.419649999997
2024-12-04T13:51:47.000000,6846.938750000009,-1635.508400000009,5211.430349999997
2024-12-04T13:51:52.000000,6846.938750000009,-1607.4391500000088,5239.499599999997
2024-12-04T13:51:52.000000,6846.938750000009,-1554.7229500000094,5292.215799999997
2024-12-04T13:51:57.000000,6846.938750000009,-1531.6504500000083,5315.288299999998
2024-12-04T13:52:02.000000,6846.938750000009,-1513.5747000000079,5333.364049999998
2024-12-04T13:52:07.000000,6846.938750000009,-1482.071250000007,5364.867499999999
2024-12-04T13:52:07.000000,6846.938750000009,-1393.1288500000062,5453.8099
2024-12-04T13:52:17.000000,6846.938750000009,-1355.6269000000066,5491.31185
2024-12-04T13:52:22.000000,6846.938750000009,-1318.124950000007,5528.8138
2024-12-04T13:52:27.000000,6846.938750000009,-1280.6230000000073,5566.31575
2024-12-04T13:52:27.000000,6846.938750000009,-1251.9040000000073,5595.03475
2024-12-04T13:52:32.000000,6846.938750000009,-1227.1824000000065,5619.756350000001
2024-12-04T13:52:42.000000,6846.938750000009,-1198.4634000000065,5648.475350000001
2024-12-04T13:52:47.000000,6846.938750000009,-1165.747000000006,5681.191750000001
2024-12-04T13:52:52.000000,6846.938750000009,-1125.247000000006,5721.691750000001
2024-12-04T13:52:57.000000,6846.938750000009,-1087.7450500000064,5759.193700000001
2024-12-04T13:53:12.000000,6846.938750000009,-1053.2411500000062,5793.697600000001
2024-12-04T13:53:17.000000,6846.938750000009,-1018.7348500000061,5828.203900000001
2024-12-04T13:53:22.000000,6846.938750000009,-987.2290000000064,5859.709750000001
2024-12-04T13:53:27.000000,6846.938750000009,-955.7231500000067,5891.2156
2024-12-04T13:53:37.000000,6846.938750000009,-927.2153500000064,5919.723400000001
2024-12-04T13:53:47.000000,6846.938750000009,-979.1461000000081,5867.792649999999
2024-12-04T13:53:47.000000,6846.938750000009,-953.6363500000083,5893.3024
2024-12-04T13:53:52.000000,6846.938750000009,-1005.5711000000082,5841.367649999999
2024-12-04T13:53:57.000000,6846.938750000009,-1057.509850000008,5789.428899999999
2024-12-04T13:54:17.000000,6846.938750000009,-1046.9951500000084,5799.943599999999
2024-12-04T13:56:42.000000,6955.631350000009,-1046.9951500000084,5908.636199999998
2024-12-04T13:56:42.000000,7064.323950000008,-1046.9951500000084,6017.3287999999975
2024-12-04T13:58:17.000000,7064.323950000008,-1126.9931500000089,5937.330799999997
2024-12-04T14:00:07.000000,7064.323950000008,-1125.3286000000091,5938.9953499999965
2024-12-04T14:00:12.000000,7064.323950000008,-1155.0231000000088,5909.300849999997
2024-12-04T14:00:17.000000,7064.323950000008,-1162.3455000000088,5901.978449999997
2024-12-04T14:00:22.000000,7064.323950000008,-1494.4022500000099,5569.921699999995
2024-12-04T14:00:22.000000,7064.323950000008,-1510.7260000000097,5553.597949999996
2024-12-04T14:00:27.000000,7064.323950000008,-1857.7690000000096,5206.554949999996
2024-12-04T14:00:27.000000,7064.323950000008,-1874.0927500000093,5190.2311999999965
2024-12-04T14:00:32.000000,7027.359450000008,-1874.0927500000093,5153.2666999999965
2024-12-04T14:01:22.000000,7027.359450000008,-1920.579400000009,5106.780049999997
2024-12-04T14:01:22.000000,7027.359450000008,-1964.0680000000093,5063.291449999996
2024-12-04T14:01:32.000000,7027.359450000008,-1987.3920000000103,5039.967449999995
2024-12-04T14:01:37.000000,7027.359450000008,-2045.8828500000109,4981.4765999999945
2024-12-04T14:01:42.000000,7027.359450000008,-2101.375650000011,4925.9837999999945
2024-12-04T14:01:57.000000,7027.359450000008,-2413.4454000000123,4613.914049999993
2024-12-04T14:01:57.000000,7027.359450000008,-2468.9382000000123,4558.421249999993
2024-12-04T14:02:02.000000,7027.359450000008,-2527.431450000012,4499.9279999999935
2024-12-04T14:02:07.000000,7027.359450000008,-2573.9253000000126,4453.434149999993
2024-12-04T14:02:12.000000,7027.359450000008,-2620.4191500000134,4406.940299999992
2024-12-04T14:02:17.000000,7027.359450000008,-2666.913000000014,4360.446449999991
2024-12-04T14:02:22.000000,7027.359450000008,-2909.0242500000136,4118.335199999992
2024-12-04T14:02:22.000000,7027.359450000008,-2872.4184500000147,4154.940999999992
2024-12-04T14:02:22.000000,7027.359450000008,-2912.9138000000144,4114.4456499999915
2024-12-04T14:02:27.000000,7027.359450000008,-2953.409150000014,4073.950299999992
2024-12-04T14:02:32.000000,7027.359450000008,-2993.9045000000137,4033.454949999992
2024-12-04T14:02:37.000000,7027.359450000008,-3022.402850000014,4004.956599999992
2024-12-04T14:02:42.000000,7027.359450000008,-3050.898800000013,3976.4606499999927
2024-12-04T14:02:47.000000,7027.359450000008,-3076.396700000013,3950.9627499999933
2024-12-04T14:02:47.000000,7027.359450000008,-3091.527500000013,3935.8319499999934
2024-12-04T14:02:52.000000,7027.359450000008,-3117.0254000000123,3910.334049999994
2024-12-04T14:02:57.000000,7027.359450000008,-3102.3965000000107,3924.9629499999955
2024-12-04T14:02:57.000000,7027.359450000008,-3124.89635000001,3902.4630999999963
2024-12-04T14:02:57.000000,7027.359450000008,-3132.03235000001,3895.3270999999963
2024-12-04T14:03:02.000000,7027.359450000008,-3151.5341500000095,3875.825299999997
2024-12-04T14:03:02.000000,7027.359450000008,-3158.6701500000095,3868.689299999997
2024-12-04T14:03:07.000000,7027.359450000008,-3175.17150000001,3852.1879499999964
2024-12-04T14:03:12.000000,7027.359450000008,-3188.67480000001,3838.6846499999965
2024-12-04T14:03:17.000000,7027.359450000008,-3196.17960000001,3831.1798499999963
2024-12-04T14:03:17.000000,7027.359450000008,-3203.32840000001,3824.0310499999964
2024-12-04T14:03:22.000000,7027.359450000008,-3202.48240000001,3824.8770499999964
2024-12-04T14:03:27.000000,7027.359450000008,-3165.87100000001,3861.488449999996
2024-12-04T14:03:27.000000,7027.359450000008,-3157.0238000000104,3870.335649999996
2024-12-04T14:03:32.000000,7027.359450000008,-3148.1766000000107,3879.1828499999956
2024-12-04T14:03:47.000000,7027.359450000008,-3123.57660000001,3903.7828499999964
2024-12-04T14:03:47.000000,7027.359450000008,-3106.7346000000102,3920.624849999996
2024-12-04T14:03:52.000000,7027.359450000008,-3087.2521500000103,3940.107299999996
2024-12-04T14:03:52.000000,7027.359450000008,-3082.64875000001,3944.7106999999965
2024-12-04T14:03:52.000000,7027.359450000008,-3065.8003500000104,3961.559099999996
2024-12-04T14:03:57.000000,7027.359450000008,-3061.1937500000113,3966.165699999995
2024-12-04T14:03:57.000000,7027.359450000008,-3044.345350000012,3983.0140999999944
2024-12-04T14:04:02.000000,7027.359450000008,-2926.686600000012,4100.6728499999945
2024-12-04T14:04:02.000000,7027.359450000008,-2917.8330000000124,4109.526449999994
2024-12-04T14:04:07.000000,7027.359450000008,-2908.979400000013,4118.380049999993
2024-12-04T14:04:12.000000,7027.359450000008,-2908.120600000013,4119.238849999993
2024-12-04T14:04:17.000000,7027.359450000008,-2915.256600000013,4112.102849999993
2024-12-04T14:04:22.000000,7027.359450000008,-2865.7840500000125,4161.575399999993
2024-12-04T14:04:22.000000,7027.359450000008,-2872.9200500000125,4154.439399999993
2024-12-04T14:04:27.000000,7027.359450000008,-2817.446600000012,4209.912849999993
2024-12-04T14:04:57.000000,7027.359450000008,-2782.954700000012,4244.404749999993
2024-12-04T14:05:02.000000,7027.359450000008,-2751.460850000012,4275.898599999993
2024-12-04T14:05:07.000000,7027.359450000008,-2725.9655000000125,4301.393949999993
2024-12-04T14:05:27.000000,7027.359450000008,-2709.473900000013,4317.885549999993
2024-12-04T14:05:42.000000,7027.359450000008,-2755.9663000000137,4271.393149999992
2024-12-04T14:05:47.000000,7027.359450000008,-2755.1203000000137,4272.239149999991
2024-12-04T14:05:57.000000,7027.359450000008,-2748.6110000000126,4278.748449999992
2024-12-04T14:06:32.000000,7027.359450000008,-2710.8962500000125,4316.463199999992
2024-12-04T14:06:32.000000,7027.359450000008,-2736.221350000012,4291.138099999992
2024-12-04T14:06:37.000000,7027.359450000008,-2718.4976000000133,4308.86184999999
2024-12-04T14:06:37.000000,7027.359450000008,-2734.8285500000134,4292.530899999991
2024-12-04T14:06:42.000000,7027.359450000008,-2727.1023000000127,4300.257149999991
2024-12-04T14:06:47.000000,7027.359450000008,-2764.350800000014,4263.00864999999
2024-12-04T14:06:47.000000,7027.359450000008,-2780.674550000014,4246.68489999999
2024-12-04T14:06:52.000000,7027.359450000008,-2797.940050000014,4229.419399999991
2024-12-04T14:06:57.000000,7027.359450000008,-2850.1868000000136,4177.17264999999
2024-12-04T14:07:02.000000,7027.359450000008,-2872.453050000014,4154.90639999999
2024-12-04T14:07:07.000000,7027.359450000008,-2889.718550000014,4137.64089999999
2024-12-04T14:07:07.000000,7027.359450000008,-2864.088000000013,4163.271449999992
2024-12-04T14:07:07.000000,7027.359450000008,-2862.610650000013,4164.748799999992
2024-12-04T14:07:12.000000,7027.359450000008,-2876.1235500000125,4151.235899999992
2024-12-04T14:07:17.000000,7027.359450000008,-2880.6399000000133,4146.719549999992
2024-12-04T14:07:22.000000,7027.359450000008,-2888.156700000013,4139.202749999991
2024-12-04T14:07:27.000000,7027.359450000008,-2898.669150000014,4128.690299999991
2024-12-04T14:07:32.000000,7027.359450000008,-2909.1816000000144,4118.177849999991
2024-12-04T14:09:17.000000,7027.359450000008,-3036.585200000013,3990.774249999992
2024-12-04T14:09:22.000000,7027.359450000008,-2998.846450000013,4028.512999999992
2024-12-04T14:09:27.000000,7027.359450000008,-2951.1102000000133,4076.249249999992
2024-12-04T14:09:32.000000,7027.359450000008,-2908.3747000000144,4118.984749999991
2024-12-04T14:09:32.000000,7027.359450000008,-3043.7731000000144,3983.5863499999914
2024-12-04T14:09:37.000000,7027.359450000008,-3001.0376000000156,4026.3218499999903
2024-12-04T14:09:42.000000,7027.359450000008,-2973.2923500000156,4054.06709999999
2024-12-04T14:09:47.000000,7027.359450000008,-2950.5478500000145,4076.8115999999914
2024-12-04T14:09:52.000000,7027.359450000008,-2947.7943500000147,4079.565099999991
2024-12-04T14:11:27.000000,7027.359450000008,-2823.284950000015,4204.074499999991
2024-12-04T14:11:52.000000,7027.359450000008,-2800.544450000016,4226.81499999999
2024-12-04T14:11:57.000000,7027.359450000008,-2632.038050000015,4395.32139999999
2024-12-04T14:12:02.000000,7027.359450000008,-2604.304800000015,4423.05464999999
2024-12-04T14:12:12.000000,7027.359450000008,-2586.5690500000146,4440.790399999991
2024-12-04T14:12:17.000000,7027.359450000008,-2558.8358000000144,4468.523649999991
2024-12-04T14:12:22.000000,7027.359450000008,-2541.100050000014,4486.259399999992
2024-12-04T14:12:32.000000,7027.359450000008,-2538.3625500000144,4488.996899999992
2024-12-04T14:12:32.000000,7027.359450000008,-2701.5603500000134,4325.799099999993
2024-12-04T14:12:37.000000,7027.359450000008,-2663.9736000000134,4363.385849999992
2024-12-04T14:13:22.000000,7027.359450000008,-2620.475550000014,4406.883899999992
2024-12-04T14:14:22.000000,7027.359450000008,-2659.7283500000135,4367.631099999992
2024-12-04T14:14:32.000000,7027.359450000008,-2682.9723500000146,4344.387099999991
2024-12-04T14:14:42.000000,7027.359450000008,-2730.210350000014,4297.149099999991
2024-12-04T14:14:42.000000,7027.359450000008,-2781.4457500000135,4245.913699999992
2024-12-04T14:14:52.000000,7027.359450000008,-2840.6695500000133,4186.689899999992
2024-12-04T14:15:02.000000,7019.458650000008,-2840.6695500000133,4178.789099999992
2024-12-04T14:15:02.000000,7019.458650000008,-2907.8817500000127,4111.576899999993
2024-12-04T14:15:22.000000,7019.458650000008,-2915.105750000013,4104.352899999993
2024-12-04T14:16:47.000000,7019.458650000008,-2926.3671500000123,4093.091499999993
2024-12-04T14:17:22.000000,6976.399650000008,-2926.3671500000123,4050.032499999993
2024-12-04T14:17:37.000000,6976.399650000008,-2789.6319500000127,4186.767699999993
2024-12-04T14:17:37.000000,6976.399650000008,-2648.8993500000124,4327.500299999993
2024-12-04T14:17:37.000000,6976.399650000008,-2504.169350000013,4472.230299999993
2024-12-04T14:17:37.000000,6976.399650000008,-2359.4393500000133,4616.9602999999925
2024-12-04T14:17:37.000000,6976.399650000008,-2210.711950000013,4765.687699999993
2024-12-04T14:17:42.000000,6982.942550000007,-2210.711950000013,4772.230599999993
2024-12-04T14:17:52.000000,6982.942550000007,-2037.9809500000133,4944.961599999992
2024-12-04T14:17:52.000000,6982.942550000007,-1861.2525500000145,5121.689999999991
2024-12-04T14:17:52.000000,6982.942550000007,-1672.531950000015,5310.410599999991
2024-12-04T14:18:07.000000,6982.942550000007,-1447.8091500000144,5535.1333999999915
2024-12-04T14:18:07.000000,6982.942550000007,-1219.0889500000144,5763.853599999991
2024-12-04T14:18:12.000000,6982.942550000007,-986.3745500000152,5996.56799999999
2024-12-04T14:18:17.000000,6982.942550000007,-761.6645500000145,6221.277999999991
2024-12-04T14:18:22.000000,6996.508900000008,-761.6645500000145,6234.844349999992
2024-12-04T14:18:32.000000,6996.508900000008,-638.9050500000137,6357.603849999993
2024-12-04T14:18:37.000000,6996.508900000008,-526.1470500000128,6470.361849999994
2024-12-04T14:18:37.000000,7003.096600000008,-526.1470500000128,6476.949549999994
2024-12-04T14:18:37.000000,7003.096600000008,-361.4492500000115,6641.647349999996
2024-12-04T14:18:37.000000,7003.096600000008,-184.75925000001115,6818.337349999996
2024-12-04T14:18:37.000000,7003.096600000008,-4.071850000010187,6999.024749999997
2024-12-04T14:18:37.000000,7003.096600000008,176.61554999999078,7179.712149999998
2024-12-04T14:18:42.000000,7009.689900000008,176.61554999999078,7186.305449999997
2024-12-04T14:18:47.000000,7009.287750000008,176.61554999999078,7185.903299999997
2024-12-04T14:18:52.000000,7001.895750000008,176.61554999999078,7178.511299999997
2024-12-04T14:18:57.000000,6987.508300000007,176.61554999999078,7164.123849999996
2024-12-04T14:18:57.000000,6987.508300000007,333.2929499999908,7320.801249999997
2024-12-04T14:18:57.000000,6987.508300000007,485.97294999999025,7473.481249999996
2024-12-04T14:18:57.000000,6987.508300000007,618.6659499999909,7606.174249999996
2024-12-04T14:19:02.000000,6966.131000000007,618.6659499999909,7584.796949999996
2024-12-04T14:19:02.000000,6966.131000000007,731.3623499999898,7697.493349999995
2024-12-04T14:19:07.000000,6937.758250000007,731.3623499999898,7669.120599999996
2024-12-04T14:19:07.000000,6937.758250000007,836.0575499999889,7773.815799999995
2024-12-04T14:19:07.000000,6861.732700000007,836.0575499999889,7697.790249999995
2024-12-04T14:19:12.000000,6833.365550000008,836.0575499999889,7669.423099999995
2024-12-04T14:19:12.000000,6833.365550000008,916.7683499999885,7750.133899999995
2024-12-04T14:19:17.000000,6805.004000000008,916.7683499999885,7721.772349999996
2024-12-04T14:19:22.000000,6776.648050000009,916.7683499999885,7693.416399999996
2024-12-04T14:19:22.000000,6776.648050000009,957.4859499999889,7734.133999999996
2024-12-04T14:19:22.000000,6776.648050000009,990.2087499999894,7766.856799999997
2024-12-04T14:19:27.000000,6762.283000000009,990.2087499999894,7752.491749999997
2024-12-04T14:19:27.000000,6762.283000000009,1010.9425499999882,7773.2255499999965
2024-12-04T14:19:32.000000,6747.9235500000095,1010.9425499999882,7758.866099999997
2024-12-04T14:19:32.000000,6665.90190000001,1010.9425499999882,7676.844449999997
2024-12-04T14:19:37.000000,6665.53895000001,1010.9425499999882,7676.481499999997
2024-12-04T14:19:37.000000,6665.53895000001,1019.7001499999878,7685.239099999997
2024-12-04T14:19:42.000000,6665.18160000001,1019.7001499999878,7684.881749999997
2024-12-04T14:19:47.000000,6664.82985000001,1019.7001499999878,7684.529999999997
2024-12-04T14:19:52.000000,6671.479150000011,1019.7001499999878,7691.179299999998
2024-12-04T14:19:57.000000,6685.123900000011,1019.7001499999878,7704.824049999998
2024-12-04T14:20:02.000000,6691.773200000012,1019.7001499999878,7711.473349999999
2024-12-04T14:20:07.000000,6705.417950000013,1019.7001499999878,7725.1181
2024-12-04T14:20:12.000000,6733.059200000013,1019.7001499999878,7752.75935
2024-12-04T14:20:17.000000,6767.701500000014,1019.7001499999878,7787.401650000001
2024-12-04T14:20:22.000000,6830.336800000014,1019.7001499999878,7850.036950000001
2024-12-04T14:20:27.000000,6878.975600000013,1019.7001499999878,7898.67575
2024-12-04T14:20:32.000000,6927.614400000013,1019.7001499999878,7947.31455
2024-12-04T14:20:37.000000,6962.251100000013,1019.7001499999878,7981.95125
2024-12-04T14:20:42.000000,6982.891300000014,1019.7001499999878,8002.591450000001
2024-12-04T14:20:47.000000,6996.530450000014,1019.7001499999878,8016.230600000001
2024-12-04T14:20:52.000000,6996.173100000014,1019.7001499999878,8015.873250000001
2024-12-04T14:20:57.000000,6981.813650000014,1019.7001499999878,8001.513800000001
2024-12-04T14:21:07.000000,6960.453150000014,1019.7001499999878,7980.153300000001
2024-12-04T14:21:12.000000,6932.091600000014,1019.7001499999878,7951.791750000001
2024-12-04T14:21:12.000000,6932.091600000014,1116.4389499999884,8048.530550000002
2024-12-04T14:21:17.000000,6889.733550000015,1116.4389499999884,8006.172500000003
2024-12-04T14:21:17.000000,6889.733550000015,1130.768649999988,8020.502200000003
2024-12-04T14:21:22.000000,6889.733550000015,1211.4954499999874,8101.229000000002
2024-12-04T14:21:27.000000,6889.733550000015,1284.2242499999886,8173.957800000003
2024-12-04T14:21:32.000000,6889.733550000015,1356.9530499999898,8246.686600000005
2024-12-04T14:21:37.000000,6889.733550000015,1421.6838499999897,8311.417400000004
2024-12-04T14:21:42.000000,6840.363250000015,1421.6838499999897,8262.047100000003
2024-12-04T14:21:42.000000,6840.363250000015,1490.4088499999887,8330.772100000002
2024-12-04T14:21:47.000000,6776.996450000015,1490.4088499999887,8267.405300000002
2024-12-04T14:21:52.000000,6713.618450000015,1490.4088499999887,8204.027300000002
2024-12-04T14:21:52.000000,6713.618450000015,1519.1534499999887,8232.771900000002
2024-12-04T14:21:57.000000,6643.245000000015,1519.1534499999887,8162.3984500000015
2024-12-04T14:21:57.000000,6643.245000000015,1535.905849999988,8179.150850000001
2024-12-04T14:22:32.000000,6751.844800000015,1535.905849999988,8287.75065
2024-12-04T14:22:37.000000,6839.6710500000145,1535.905849999988,8375.576899999998
2024-12-04T14:22:52.000000,6847.233300000014,1535.905849999988,8383.139149999999
2024-12-04T14:23:12.000000,6846.209400000014,1535.905849999988,8382.115249999999
2024-12-04T14:23:17.000000,6904.047150000014,1535.905849999988,8439.952999999998
2024-12-04T14:23:22.000000,6961.876900000014,1535.905849999988,8497.782749999997
2024-12-04T14:23:22.000000,6961.876900000014,1633.4735999999882,8595.350499999997
2024-12-04T14:23:22.000000,6966.457900000015,1633.4735999999882,8599.931499999997
2024-12-04T14:23:22.000000,6959.440300000015,1633.4735999999882,8592.913899999998
2024-12-04T14:23:22.000000,6946.421800000015,1633.4735999999882,8579.895399999998
2024-12-04T14:23:27.000000,6969.262300000014,1633.4735999999882,8602.735899999998
2024-12-04T14:23:27.000000,6953.243350000014,1633.4735999999882,8586.716949999998
2024-12-04T14:23:37.000000,6963.830050000015,1633.4735999999882,8597.303649999998
2024-12-04T14:23:42.000000,6965.417800000016,1633.4735999999882,8598.891399999999
2024-12-04T14:23:47.000000,6967.007950000015,1633.4735999999882,8600.481549999999
2024-12-04T14:23:52.000000,6977.597050000014,1633.4735999999882,8611.070649999998
2024-12-04T14:23:57.000000,6985.188100000013,1633.4735999999882,8618.661699999997
2024-12-04T14:23:57.000000,6978.165700000013,1633.4735999999882,8611.639299999997
2024-12-04T14:24:02.000000,6988.754800000012,1633.4735999999882,8622.228399999996
2024-12-04T14:24:02.000000,6978.734350000012,1633.4735999999882,8612.207949999996
2024-12-04T14:24:07.000000,6986.325400000011,1633.4735999999882,8619.798999999995
2024-12-04T14:24:07.000000,6982.303450000011,1633.4735999999882,8615.777049999995
2024-12-04T14:24:12.000000,6989.892100000012,1633.4735999999882,8623.365699999995
2024-12-04T14:24:17.000000,6997.480750000012,1633.4735999999882,8630.954349999995
2024-12-04T14:24:17.000000,7002.455350000012,1633.4735999999882,8635.928949999994
2024-12-04T14:24:22.000000,7010.044000000013,1633.4735999999882,8643.517599999994
2024-12-04T14:24:22.000000,7021.014700000012,1633.4735999999882,8654.488299999994
2024-12-04T14:24:27.000000,7021.014700000012,1671.2803499999882,8692.295049999993
2024-12-04T14:24:27.000000,7028.9897500000125,1671.2803499999882,8700.270099999994
2024-12-04T14:24:32.000000,7033.575550000013,1671.2803499999882,8704.855899999995
2024-12-04T14:24:32.000000,7053.545200000014,1671.2803499999882,8724.825549999996
2024-12-04T14:24:37.000000,7061.129050000014,1671.2803499999882,8732.409399999997
2024-12-04T14:24:42.000000,7061.129050000014,1692.0621499999884,8753.191199999997
2024-12-04T14:24:42.000000,7078.100650000015,1692.0621499999884,8770.162799999998
2024-12-04T14:24:42.000000,7092.071800000015,1692.0621499999884,8784.133949999998
2024-12-04T14:24:47.000000,7109.041000000016,1692.0621499999884,8801.103149999999
2024-12-04T14:24:57.000000,7132.006300000016,1692.0621499999884,8824.068449999999
2024-12-04T14:25:02.000000,7163.968150000017,1692.0621499999884,8856.0303
2024-12-04T14:25:07.000000,7186.935850000017,1692.0621499999884,8878.998000000001
2024-12-04T14:25:07.000000,7131.069450000018,1692.0621499999884,8823.131600000002
2024-12-04T14:25:12.000000,7148.038650000019,1692.0621499999884,8840.100800000004
2024-12-04T14:25:17.000000,7159.011750000018,1692.0621499999884,8851.073900000003
2024-12-04T14:25:22.000000,7163.986350000017,1692.0621499999884,8856.048500000003
2024-12-04T14:25:27.000000,7165.962900000017,1692.0621499999884,8858.025050000002
2024-12-04T14:25:32.000000,7158.940500000017,1692.0621499999884,8851.002650000002
2024-12-04T14:26:32.000000,7158.940500000017,1747.8139999999883,8906.754500000003
2024-12-04T14:26:57.000000,7158.940500000017,1830.555499999988,8989.496000000003
2024-12-04T14:27:02.000000,7158.940500000017,1913.3041999999875,9072.244700000003
2024-12-04T14:27:02.000000,7158.940500000017,1974.0887999999882,9133.029300000004
2024-12-04T14:27:07.000000,7158.940500000017,2056.837499999988,9215.778000000004
2024-12-04T14:27:12.000000,7158.940500000017,2130.5848499999875,9289.525350000004
2024-12-04T14:27:12.000000,7158.940500000017,2199.3674499999865,9358.307950000002
2024-12-04T14:27:17.000000,7158.940500000017,2273.1147999999866,9432.055300000002
2024-12-04T14:27:22.000000,7158.940500000017,2346.8693499999863,9505.809850000001
2024-12-04T14:27:27.000000,7158.940500000017,2417.4266499999867,9576.367150000002
2024-12-04T14:27:27.000000,7158.940500000017,2491.1811999999863,9650.121700000002
2024-12-04T14:27:32.000000,7158.940500000017,2561.740899999987,9720.681400000001
2024-12-04T14:27:37.000000,7158.940500000017,2686.3430999999864,9845.2836
2024-12-04T14:27:37.000000,7158.940500000017,2760.097649999986,9919.03815
2024-12-04T14:27:37.000000,7158.940500000017,2844.8826499999864,10003.82315
2024-12-04T14:27:37.000000,7158.940500000017,2929.6676499999867,10088.60815
2024-12-04T14:27:37.000000,7158.940500000017,3010.4552499999877,10169.395750000001
2024-12-04T14:27:42.000000,7158.940500000017,3075.021249999987,10233.96175
2024-12-04T14:27:42.000000,7158.940500000017,3187.6280499999875,10346.56855
2024-12-04T14:27:42.000000,7158.940500000017,3268.4188499999873,10427.359349999999
2024-12-04T14:27:47.000000,7158.940500000017,3356.4940499999875,10515.434549999998
2024-12-04T14:27:47.000000,7158.940500000017,3421.060049999987,10580.000549999997
2024-12-04T14:27:47.000000,7158.940500000017,3541.671249999987,10700.611749999996
2024-12-04T14:27:52.000000,7158.940500000017,3666.2830499999877,10825.223549999997
2024-12-04T14:28:02.000000,7158.940500000017,3766.3600499999875,10925.300549999996
2024-12-04T14:28:02.000000,7158.940500000017,3970.9902499999866,11129.930749999996
2024-12-04T14:28:07.000000,7158.940500000017,4083.059449999986,11241.999949999996
2024-12-04T14:28:32.000000,7158.940500000017,4183.126849999986,11342.067349999996
2024-12-04T14:28:37.000000,7158.940500000017,4271.202049999986,11430.142549999995
2024-12-04T14:28:37.000000,7151.915700000017,4271.202049999986,11423.117749999996
2024-12-04T14:29:27.000000,7151.915700000017,4298.659299999987,11450.574999999995
2024-12-04T14:30:07.000000,7112.051700000017,4298.659299999987,11410.710999999996
2024-12-04T14:30:17.000000,7112.051700000017,4323.444899999986,11435.496599999995
2024-12-04T14:30:22.000000,7112.051700000017,4348.230499999985,11460.282199999994
2024-12-04T14:30:27.000000,7112.051700000017,4353.035499999985,11465.087199999994
2024-12-04T14:31:02.000000,7112.051700000017,4385.513499999985,11497.565199999994
2024-12-04T14:31:17.000000,7111.744750000017,4385.513499999985,11497.258249999993
2024-12-04T14:31:22.000000,7111.443400000017,4385.513499999985,11496.956899999994
2024-12-04T14:31:27.000000,7111.142050000018,4385.513499999985,11496.655549999994
2024-12-04T14:31:32.000000,7117.841750000019,4385.513499999985,11503.355249999995
2024-12-04T14:31:37.000000,7124.54145000002,4385.513499999985,11510.054949999996
2024-12-04T14:31:42.000000,7131.24675000002,4385.513499999985,11516.760249999998
2024-12-04T14:31:47.000000,7153.85925000002,4385.513499999985,11539.372749999999
2024-12-04T14:31:52.000000,7182.472650000021,4385.513499999985,11567.986149999999
2024-12-04T14:31:57.000000,7211.086050000021,4385.513499999985,11596.599549999999
2024-12-04T14:32:02.000000,7245.695550000021,4385.513499999985,11631.20905
2024-12-04T14:32:07.000000,7274.3089500000215,4385.513499999985,11659.82245
2024-12-04T14:32:12.000000,7314.919350000022,4385.513499999985,11700.43285
2024-12-04T14:32:17.000000,7370.615200000022,4385.513499999985,11756.1287
2024-12-04T14:32:17.000000,7405.229500000022,4385.513499999985,11790.742999999999
2024-12-04T14:32:22.000000,7453.929900000022,4385.513499999985,11839.443399999998
2024-12-04T14:32:22.000000,7500.5412000000215,4385.513499999985,11886.054699999999
2024-12-04T14:32:27.000000,7549.247200000022,4385.513499999985,11934.760699999999
2024-12-04T14:32:27.000000,7595.858500000021,4385.513499999985,11981.372
2024-12-04T14:32:32.000000,7651.565550000021,4385.513499999985,12037.079049999998
2024-12-04T14:32:32.000000,7692.175950000022,4385.513499999985,12077.689449999998
2024-12-04T14:32:37.000000,7740.887550000021,4385.513499999985,12126.401049999999
2024-12-04T14:32:37.000000,7793.494950000021,4385.513499999985,12179.008449999998
2024-12-04T14:32:37.000000,7846.066350000022,4385.513499999985,12231.579849999998
2024-12-04T14:32:42.000000,7901.779000000023,4385.513499999985,12287.2925
2024-12-04T14:32:42.000000,7948.385500000023,4385.513499999985,12333.899
2024-12-04T14:32:42.000000,7997.958850000024,4385.513499999985,12383.47235
2024-12-04T14:32:47.000000,8060.672550000025,4385.513499999985,12446.18605
2024-12-04T14:32:47.000000,8107.279050000025,4385.513499999985,12492.79255
2024-12-04T14:32:47.000000,8162.850900000025,4385.513499999985,12548.3644
2024-12-04T14:32:47.000000,8199.210300000024,4385.513499999985,12584.7238
2024-12-04T14:32:52.000000,8268.925050000025,4385.513499999985,12654.43855
2024-12-04T14:32:52.000000,8321.527650000025,4385.513499999985,12707.041150000001
2024-12-04T14:32:52.000000,8374.101450000026,4385.513499999985,12759.614950000001
2024-12-04T14:32:57.000000,8443.816200000027,4385.513499999985,12829.329700000002
2024-12-04T14:32:57.000000,8499.390450000026,4385.513499999985,12884.903950000002
2024-12-04T14:32:57.000000,8514.129600000026,4385.513499999985,12899.643100000001
2024-12-04T14:33:02.000000,8597.840850000026,4385.513499999985,12983.354350000001
2024-12-04T14:33:02.000000,8656.413150000026,4385.513499999985,13041.926650000001
2024-12-04T14:33:07.000000,8747.125450000027,4385.513499999985,13132.638950000002
2024-12-04T14:33:07.000000,8811.696250000026,4385.513499999985,13197.209750000002
2024-12-04T14:33:12.000000,8916.405050000027,4385.513499999985,13301.918550000002
2024-12-04T14:33:12.000000,8983.976300000028,4385.513499999985,13369.489800000003
2024-12-04T14:33:12.000000,9327.977900000027,4385.513499999985,13713.491400000003
2024-12-04T14:33:17.000000,9453.673050000027,4385.513499999985,13839.186550000002
2024-12-04T14:33:17.000000,9518.246250000027,4385.513499999985,13903.759750000003
2024-12-04T14:33:17.000000,9910.242250000027,4385.513499999985,14295.755750000002
2024-12-04T14:33:22.000000,9968.814550000028,4385.513499999985,14354.328050000004
2024-12-04T14:33:22.000000,10296.788150000028,4385.513499999985,14682.301650000003
2024-12-04T14:33:27.000000,10401.496950000028,4385.513499999985,14787.010450000003
2024-12-04T14:33:27.000000,10457.071200000028,4385.513499999985,14842.584700000003
2024-12-04T14:33:27.000000,10504.423450000028,4385.513499999985,14889.936950000003
2024-12-04T14:33:27.000000,10816.381850000027,4385.513499999985,15201.895350000003
2024-12-04T14:33:32.000000,10935.075950000028,4385.513499999985,15320.589450000003
2024-12-04T14:33:32.000000,10996.643900000028,4385.513499999985,15382.157400000004
2024-12-04T14:33:32.000000,11043.996150000028,4385.513499999985,15429.509650000004
2024-12-04T14:33:32.000000,11100.808950000028,4385.513499999985,15486.322450000003
2024-12-04T14:33:37.000000,11184.50900000003,4385.513499999985,15570.022500000005
2024-12-04T14:33:37.000000,11249.07260000003,4385.513499999985,15634.586100000006
2024-12-04T14:33:37.000000,11285.423200000032,4385.513499999985,15670.936700000007
2024-12-04T14:33:37.000000,11342.232800000033,4385.513499999985,15727.746300000008
2024-12-04T14:33:42.000000,11425.927250000033,4385.513499999985,15811.440750000009
2024-12-04T14:33:42.000000,11490.488450000033,4385.513499999985,15876.001950000009
2024-12-04T14:33:47.000000,11574.177300000032,4385.513499999985,15959.690800000008
2024-12-04T14:33:47.000000,11641.736550000032,4385.513499999985,16027.250050000008
2024-12-04T14:33:52.000000,11718.424350000032,4385.513499999985,16103.937850000008
2024-12-04T14:33:52.000000,11785.981200000033,4385.513499999985,16171.494700000008
2024-12-04T14:33:57.000000,11855.667950000032,4385.513499999985,16241.181450000007
2024-12-04T14:33:57.000000,11920.224350000033,4385.513499999985,16305.737850000009
2024-12-04T14:33:57.000000,12028.884950000034,4385.513499999985,16414.39845000001
2024-12-04T14:34:02.000000,12091.570650000034,4385.513499999985,16477.08415000001
2024-12-04T14:34:02.000000,12156.124650000034,4385.513499999985,16541.63815000001
2024-12-04T14:34:07.000000,12218.804750000034,4385.513499999985,16604.31825000001
2024-12-04T14:34:07.000000,12277.357850000033,4385.513499999985,16662.871350000012
2024-12-04T14:34:12.000000,12333.036900000034,4385.513499999985,16718.55040000001
2024-12-04T14:34:12.000000,12394.585650000034,4385.513499999985,16780.099150000013
2024-12-04T14:34:17.000000,12450.264700000034,4385.513499999985,16835.77820000001
2024-12-04T14:34:22.000000,12498.942700000034,4385.513499999985,16884.45620000001
2024-12-04T14:34:27.000000,12533.618600000033,4385.513499999985,16919.13210000001
2024-12-04T14:34:32.000000,12533.618600000033,4360.231599999984,16893.850200000008
2024-12-04T14:34:32.000000,12533.618600000033,4326.197949999983,16859.816550000007
2024-12-04T14:34:37.000000,12533.618600000033,4291.921899999982,16825.540500000006
2024-12-04T14:34:42.000000,12533.618600000033,4230.663399999981,16764.282000000007
2024-12-04T14:34:52.000000,12533.618600000033,4191.477799999982,16725.096400000006
2024-12-04T14:34:57.000000,12533.618600000033,4148.214799999982,16681.833400000003
2024-12-04T14:35:02.000000,12533.618600000033,4164.839199999981,16698.457800000004
2024-12-04T14:35:02.000000,12533.618600000033,4130.577549999982,16664.196150000003
2024-12-04T14:35:02.000000,12533.618600000033,4103.387349999982,16637.005950000002
2024-12-04T14:35:07.000000,12533.618600000033,4095.4961499999818,16629.114750000004
2024-12-04T14:35:07.000000,12533.618600000033,4116.117949999982,16649.736550000005
2024-12-04T14:35:07.000000,12533.618600000033,4092.9251499999805,16626.543750000004
2024-12-04T14:35:12.000000,12533.618600000033,4117.54754999998,16651.166150000005
2024-12-04T14:35:12.000000,12533.618600000033,4092.2872499999808,16625.905850000006
2024-12-04T14:35:12.000000,12533.618600000033,4073.0950499999803,16606.713650000005
2024-12-04T14:35:12.000000,12533.618600000033,4066.0582499999805,16599.676850000003
2024-12-04T14:35:17.000000,12533.618600000033,4034.873849999981,16568.492450000005
2024-12-04T14:35:22.000000,12533.618600000033,4019.6822499999794,16553.300850000003
2024-12-04T14:35:27.000000,12533.618600000033,4000.493249999979,16534.11185
2024-12-04T14:35:32.000000,12533.618600000033,3992.602049999979,16526.220650000003
2024-12-04T14:35:32.000000,12533.618600000033,3973.4162499999784,16507.034850000004
2024-12-04T14:35:37.000000,12533.618600000033,3954.233649999979,16487.852250000004
2024-12-04T14:35:52.000000,12533.618600000033,3946.342449999979,16479.961050000005
2024-12-04T14:36:22.000000,12533.618600000033,4034.04469999998,16567.663300000007
2024-12-04T14:38:12.000000,12533.618600000033,4039.604899999979,16573.223500000007
2024-12-04T14:38:27.000000,12533.618600000033,4041.168649999979,16574.78725000001
2024-12-04T14:38:42.000000,12533.618600000033,4058.1234499999796,16591.742050000008
2024-12-04T14:38:52.000000,12533.618600000033,4083.463599999981,16617.082200000008
2024-12-04T14:38:59.000000,12505.049850000032,4083.463599999981,16588.513450000006
2024-12-04T14:39:07.000000,12505.049850000032,4085.156949999981,16590.206800000007
2024-12-04T14:39:07.000000,12505.049850000032,4152.644199999982,16657.69405000001
2024-12-04T14:39:17.000000,12505.049850000032,4171.677849999982,16676.72770000001
2024-12-04T14:39:22.000000,12505.049850000032,4186.025149999983,16691.07500000001
2024-12-04T14:39:22.000000,12505.049850000032,4205.065999999984,16710.115850000013
2024-12-04T14:39:27.000000,12505.049850000032,4227.6136999999835,16732.663550000012
2024-12-04T14:39:27.000000,12505.049850000032,4233.1738999999825,16738.223750000012
2024-12-04T14:39:27.000000,12505.049850000032,4225.8874999999825,16730.93735000001
2024-12-04T14:39:32.000000,12505.049850000032,4227.447099999982,16732.49695000001
2024-12-04T14:39:32.000000,12505.049850000032,4228.492449999982,16733.542300000012
2024-12-04T14:39:37.000000,12505.049850000032,4251.037749999982,16756.087600000013
2024-12-04T14:39:42.000000,12505.049850000032,4276.583499999982,16781.633350000015
2024-12-04T14:39:47.000000,12505.049850000032,4299.128799999983,16804.178650000016
2024-12-04T14:39:52.000000,12505.049850000032,4330.670649999983,16835.720500000018
2024-12-04T14:39:52.000000,12505.049850000032,4350.630699999982,16855.68055000002
2024-12-04T14:39:57.000000,12505.049850000032,4373.175999999983,16878.22585000002
2024-12-04T14:40:02.000000,12505.049850000032,4395.723699999982,16900.77355000002
2024-12-04T14:40:07.000000,12505.049850000032,4418.271399999981,16923.32125000002
2024-12-04T14:40:12.000000,12505.049850000032,4452.952899999982,16958.002750000018
2024-12-04T14:40:12.000000,12505.049850000032,4472.502549999982,16977.55240000002
2024-12-04T14:40:17.000000,12505.049850000032,4489.054149999982,16994.104000000018
2024-12-04T14:40:22.000000,12505.049850000032,4523.735649999982,17028.785500000016
2024-12-04T14:40:22.000000,12505.049850000032,4537.289199999981,17042.339050000017
2024-12-04T14:40:27.000000,12505.049850000032,4547.844699999981,17052.894550000015
2024-12-04T14:40:32.000000,12505.049850000032,4568.535299999981,17073.585150000017
2024-12-04T14:40:37.000000,12542.780600000033,4568.535299999981,17111.315900000016
2024-12-04T14:40:39.000000,12542.780600000033,4575.677549999981,17118.458150000017
2024-12-04T14:40:42.000000,12585.516100000032,4575.677549999981,17161.193650000016
2024-12-04T14:40:47.000000,12585.516100000032,4583.234999999981,17168.751100000016
2024-12-04T14:40:52.000000,12638.257100000032,4583.234999999981,17221.492100000018
2024-12-04T14:40:57.000000,12666.002350000032,4583.234999999981,17249.237350000018
2024-12-04T14:41:02.000000,12698.752350000033,4583.234999999981,17281.987350000018
2024-12-04T14:41:07.000000,12721.504850000032,4583.234999999981,17304.739850000016
2024-12-04T14:41:12.000000,12754.254850000034,4583.234999999981,17337.489850000016
2024-12-04T14:41:17.000000,12782.000100000034,4583.234999999981,17365.235100000016
2024-12-04T14:41:22.000000,12799.751850000033,4583.234999999981,17382.986850000016
2024-12-04T14:41:27.000000,12812.502850000034,4583.234999999981,17395.737850000016
2024-12-04T14:41:32.000000,12820.257100000033,4583.234999999981,17403.492100000018
2024-12-04T14:41:37.000000,12828.007350000033,4583.234999999981,17411.242350000015
2024-12-04T14:41:37.000000,12828.007350000033,4591.25019999998,17419.257550000013
2024-12-04T14:41:44.000000,12828.007350000033,4568.399949999981,17396.407300000013
2024-12-04T14:41:47.000000,12830.756850000033,4568.399949999981,17399.15680000001
2024-12-04T14:41:57.000000,12830.756850000033,4560.399949999981,17391.15680000001
2024-12-04T14:42:02.000000,12830.756850000033,4552.770349999981,17383.52720000001
2024-12-04T14:42:07.000000,12830.756850000033,4560.248599999982,17391.00545000001
2024-12-04T14:42:12.000000,12830.756850000033,4597.743349999981,17428.50020000001
2024-12-04T14:42:27.000000,12830.756850000033,4589.768949999981,17420.52580000001
2024-12-04T14:42:32.000000,12830.756850000033,4581.807349999981,17412.56420000001
2024-12-04T14:42:42.000000,12830.756850000033,4541.8665499999815,17372.62340000001
2024-12-04T14:44:52.000000,12830.756850000033,4579.440499999982,17410.197350000013
2024-12-04T14:45:02.000000,12883.461850000032,4579.440499999982,17462.902350000015
2024-12-04T14:45:02.000000,12936.166850000032,4579.440499999982,17515.607350000017
2024-12-04T14:45:02.000000,12936.166850000032,4662.167599999983,17598.334450000017
2024-12-04T14:45:02.000000,12936.166850000032,4744.894699999984,17681.061550000017
2024-12-04T14:45:02.000000,12936.166850000032,4818.627649999984,17754.794500000018
2024-12-04T14:45:02.000000,12936.166850000032,4901.354749999985,17837.52160000002
2024-12-04T14:45:02.000000,12936.166850000032,4984.081849999986,17920.24870000002
2024-12-04T14:45:02.000000,12936.166850000032,5057.814799999986,17993.98165000002
2024-12-04T14:45:02.000000,12936.166850000032,5131.547749999985,18067.71460000002
2024-12-04T14:45:02.000000,12936.166850000032,5205.280699999985,18141.447550000023
2024-12-04T14:45:02.000000,12936.166850000032,5270.019499999985,18206.18635000002
2024-12-04T14:45:02.000000,12936.166850000032,5334.758299999985,18270.92515000002
2024-12-04T14:45:02.000000,12936.166850000032,5399.497099999985,18335.66395000002
2024-12-05T09:55:07.000000,12879.997100000033,5399.497099999985,18279.494200000023
2024-12-05T09:58:07.000000,12851.831550000034,5399.497099999985,18251.328650000025
2024-12-05T09:58:12.000000,12838.854800000034,5399.497099999985,18238.351900000027
2024-12-05T09:58:27.000000,12768.794950000034,5399.497099999985,18168.292050000025
2024-12-05T09:59:27.000000,12756.508450000034,5399.497099999985,18156.005550000027
2024-12-05T10:00:07.000000,12768.220750000033,5399.497099999985,18167.717850000026
2024-12-05T10:00:12.000000,12770.936500000034,5399.497099999985,18170.433600000026
2024-12-05T10:00:22.000000,12748.774250000035,5399.497099999985,18148.271350000028
2024-12-05T10:00:27.000000,12748.494350000035,5399.497099999985,18147.991450000027
2024-12-05T10:00:27.000000,12751.214900000035,5399.497099999985,18150.71200000003
2024-12-05T10:00:32.000000,12744.941300000035,5399.497099999985,18144.43840000003
2024-12-05T10:00:37.000000,12732.669200000035,5399.497099999985,18132.166300000026
2024-12-05T10:00:42.000000,12711.400550000035,5399.497099999985,18110.897650000024
2024-12-05T10:00:47.000000,12693.132350000034,5399.497099999985,18092.629450000022
2024-12-05T10:00:52.000000,12674.861750000035,5399.497099999985,18074.358850000022
2024-12-05T10:00:57.000000,12659.589200000035,5399.497099999985,18059.08630000002
2024-12-05T10:01:02.000000,12641.316200000034,5399.497099999985,18040.81330000002
2024-12-05T10:01:07.000000,12614.049050000034,5399.497099999985,18013.54615000002
2024-12-05T10:01:32.000000,12606.366650000034,5399.497099999985,18005.86375000002
2024-12-05T10:01:47.000000,12579.203650000034,5399.497099999985,17978.700750000018
2024-12-05T10:03:02.000000,12535.902250000036,5399.497099999985,17935.399350000018
2024-12-05T10:03:17.000000,12498.587350000034,5399.497099999985,17898.084450000017
2024-12-05T10:03:22.000000,12455.273950000033,5399.497099999985,17854.771050000018
2024-12-05T10:03:22.000000,12447.325150000033,5399.497099999985,17846.82225000002
2024-12-05T10:03:27.000000,12439.376350000033,5399.497099999985,17838.87345000002
2024-12-05T10:05:22.000000,12439.376350000033,5407.653099999985,17847.02945000002
2024-12-05T10:05:27.000000,12439.376350000033,5431.811499999984,17871.18785000002
2024-12-05T10:05:32.000000,12439.376350000033,5464.729499999983,17904.105850000018
2024-12-05T10:05:37.000000,12439.376350000033,5408.914299999984,17848.29065000002
2024-12-05T10:07:22.000000,12529.517450000034,5408.914299999984,17938.43175000002
2024-12-05T10:07:27.000000,12605.656450000035,5408.914299999984,18014.57075000002
2024-12-05T10:07:32.000000,12695.797550000036,5408.914299999984,18104.71185000002
2024-12-05T10:07:37.000000,12771.936550000037,5408.914299999984,18180.85085000002
2024-12-05T10:07:42.000000,12862.077650000037,5408.914299999984,18270.99195000002
2024-12-05T10:07:47.000000,12966.209650000037,5408.914299999984,18375.123950000023
2024-12-05T10:07:52.000000,13042.348650000038,5408.914299999984,18451.262950000022
2024-12-05T10:07:57.000000,13063.549650000039,5408.914299999984,18472.463950000023
2024-12-05T10:08:02.000000,13088.748050000038,5408.914299999984,18497.662350000024
2024-12-05T10:08:12.000000,13164.88705000004,5408.914299999984,18573.801350000023
2024-12-05T10:08:17.000000,13194.082850000039,5408.914299999984,18602.997150000025
2024-12-05T10:08:22.000000,13231.273450000039,5408.914299999984,18640.187750000023
2024-12-05T10:08:32.000000,13260.469250000038,5408.914299999984,18669.383550000024
2024-12-05T10:08:37.000000,13257.227300000039,5408.914299999984,18666.141600000024
2024-12-05T10:08:47.000000,13310.41070000004,5408.914299999984,18719.325000000026
2024-12-05T10:08:47.000000,13442.54690000004,5408.914299999984,18851.461200000027
2024-12-05T10:08:52.000000,13491.732900000039,5408.914299999984,18900.64720000003
2024-12-05T10:08:57.000000,13532.914500000039,5408.914299999984,18941.82880000003
2024-12-05T10:09:02.000000,13665.050700000038,5408.914299999984,19073.96500000003
2024-12-05T10:09:07.000000,13797.186900000037,5408.914299999984,19206.10120000003
2024-12-05T10:09:12.000000,13901.330100000037,5408.914299999984,19310.24440000003
2024-12-05T10:09:17.000000,14005.473300000038,5408.914299999984,19414.387600000027
2024-12-05T10:09:22.000000,14109.616500000038,5408.914299999984,19518.530800000026
2024-12-05T10:09:27.000000,14199.768800000038,5408.914299999984,19608.683100000027
2024-12-05T10:09:32.000000,14199.768800000038,5410.161249999984,19609.930050000028
2024-12-05T10:09:32.000000,14275.919000000038,5410.161249999984,19686.080250000028
2024-12-05T10:09:37.000000,14366.071300000038,5410.161249999984,19776.23255000003
2024-12-05T10:09:42.000000,14456.223600000038,5410.161249999984,19866.38485000003
2024-12-05T10:09:47.000000,14518.382900000037,5410.161249999984,19928.54415000003
2024-12-05T10:09:52.000000,14580.542200000036,5410.161249999984,19990.70345000003
2024-12-05T10:09:57.000000,14642.690300000037,5410.161249999984,20052.851550000032
2024-12-05T10:10:07.000000,14642.690300000037,5402.327649999984,20045.01795000003
2024-12-05T10:10:07.000000,14642.690300000037,5394.558849999984,20037.24915000003
2024-12-05T10:10:27.000000,14642.690300000037,5410.719249999984,20053.40955000003
2024-12-05T10:10:32.000000,14642.690300000037,5426.8796499999835,20069.56995000003
2024-12-05T10:10:52.000000,14642.690300000037,5443.049649999983,20085.73995000003
2024-12-05T10:10:57.000000,14642.690300000037,5459.219649999982,20101.909950000027
2024-12-05T10:11:37.000000,14642.690300000037,5514.453099999982,20157.143400000026
2024-12-05T10:11:42.000000,14642.690300000037,5560.692399999983,20203.382700000027
2024-12-05T10:11:47.000000,14642.690300000037,5615.933049999983,20258.623350000027
2024-12-05T10:11:57.000000,14642.690300000037,5653.185399999982,20295.875700000026
2024-12-05T10:12:27.000000,14642.690300000037,5654.859549999983,20297.549850000025
2024-12-05T10:16:37.000000,14598.908900000035,5654.859549999983,20253.768450000025
2024-12-05T10:16:42.000000,14556.153250000034,5654.859549999983,20211.012800000026
2024-12-05T10:16:52.000000,14513.397600000033,5654.859549999983,20168.257150000027
2024-12-05T10:16:52.000000,14470.641950000032,5654.859549999983,20125.501500000028
2024-12-05T10:16:57.000000,14427.886300000031,5654.859549999983,20082.74585000003
2024-12-05T10:17:02.000000,14371.12855000003,5654.859549999983,20025.988100000028
2024-12-05T10:17:12.000000,14307.36975000003,5654.859549999983,19962.229300000028
2024-12-05T10:17:22.000000,14243.616550000032,5654.859549999983,19898.47610000003
2024-12-05T10:17:27.000000,14179.863350000032,5654.859549999983,19834.72290000003
2024-12-05T10:17:32.000000,14109.114700000033,5654.859549999983,19763.97425000003
2024-12-05T10:17:37.000000,14031.365000000033,5654.859549999983,19686.224550000028
2024-12-05T10:17:42.000000,13946.614250000033,5654.859549999983,19601.47380000003
2024-12-05T10:17:47.000000,13861.863500000034,5654.859549999983,19516.72305000003
2024-12-05T10:17:52.000000,13763.116250000036,5654.859549999983,19417.97580000003
2024-12-05T10:17:57.000000,13678.371100000037,5654.859549999983,19333.23065000003
2024-12-05T10:18:02.000000,13600.621400000036,5654.859549999983,19255.48095000003
2024-12-05T10:19:02.000000,13508.880800000037,5654.859549999983,19163.74035000003
2024-12-05T10:20:02.000000,13508.880800000037,5683.751349999983,19192.63215000003
2024-12-05T10:22:32.000000,13508.125850000037,5683.751349999983,19191.87720000003
2024-12-05T10:24:07.000000,13508.125850000037,5686.752849999983,19194.87870000003
2024-12-05T10:24:47.000000,13508.125850000037,5734.745099999982,19242.87095000003
2024-12-05T10:25:07.000000,13508.125850000037,5792.730849999982,19300.85670000003
2024-12-05T10:26:22.000000,13508.125850000037,5803.981699999983,19312.10755000003
2024-12-05T10:28:17.000000,13423.419900000037,5803.981699999983,19227.40160000003
2024-12-05T10:28:27.000000,13331.712900000037,5803.981699999983,19135.69460000003
2024-12-05T10:31:32.000000,13309.966000000037,5803.981699999983,19113.947700000033
2024-12-05T10:33:02.000000,13365.219450000037,5803.981699999983,19169.201150000034
2024-12-05T10:33:22.000000,13406.487600000037,5803.981699999983,19210.469300000033
2024-12-05T10:34:37.000000,13406.487600000037,5741.977449999983,19148.465050000035
2024-12-05T10:35:37.000000,13406.487600000037,5557.989449999983,18964.477050000034
2024-12-05T10:36:17.000000,13432.509500000036,5557.989449999983,18990.498950000034
2024-12-05T10:36:37.000000,13441.542450000035,5557.989449999983,18999.531900000035
2024-12-05T10:37:47.000000,13441.542450000035,5530.962449999982,18972.504900000033
2024-12-05T10:37:52.000000,13441.542450000035,5532.624599999982,18974.167050000033
2024-12-05T10:37:57.000000,13441.542450000035,5500.596849999982,18942.13930000003
2024-12-05T10:38:02.000000,13441.542450000035,5468.565099999982,18910.10755000003
2024-12-05T10:38:07.000000,13441.542450000035,5441.534099999982,18883.07655000003
2024-12-05T10:38:12.000000,13441.542450000035,5414.503099999982,18856.04555000003
2024-12-05T10:38:22.000000,13441.542450000035,5392.472849999981,18834.015300000032
2024-12-05T10:38:22.000000,13450.561800000036,5392.472849999981,18843.03465000003
2024-12-05T10:38:27.000000,13450.561800000036,5370.44259999998,18821.00440000003
2024-12-05T10:38:32.000000,13450.561800000036,5348.41234999998,18798.97415000003
2024-12-05T10:38:42.000000,13450.561800000036,5331.37884999998,18781.94065000003
2024-12-05T10:38:52.000000,13450.561800000036,5309.3405999999795,18759.902400000028
2024-12-05T10:39:02.000000,13450.561800000036,5297.2918499999805,18747.85365000003
2024-12-05T10:39:12.000000,13450.561800000036,5285.23909999998,18735.800900000027
2024-12-05T10:39:17.000000,13450.561800000036,5253.195349999979,18703.757150000027
2024-12-05T10:39:22.000000,13450.561800000036,5206.1573499999795,18656.719150000026
2024-12-05T10:39:27.000000,13450.561800000036,5149.121849999979,18599.683650000024
2024-12-05T10:40:32.000000,13450.561800000036,5049.194449999978,18499.756250000024
2024-12-05T10:40:52.000000,13450.561800000036,4975.833349999977,18426.395150000022
2024-12-05T10:40:52.000000,13450.561800000036,4896.476149999977,18347.03795000002
2024-12-05T10:42:12.000000,13595.077400000035,4896.476149999977,18491.55355000002
2024-12-05T10:42:17.000000,13731.598200000035,4896.476149999977,18628.074350000017
2024-12-05T10:42:27.000000,13868.125400000035,4896.476149999977,18764.601550000018
2024-12-05T10:42:32.000000,14004.659000000036,4896.476149999977,18901.13515000002
2024-12-05T10:42:37.000000,14141.199000000035,4896.476149999977,19037.67515000002
2024-12-05T10:42:42.000000,14245.740600000034,4896.476149999977,19142.21675000002
2024-12-05T10:42:47.000000,14318.290200000034,4896.476149999977,19214.76635000002
2024-12-05T10:44:22.000000,14318.290200000034,5038.758649999976,19357.04885000002
2024-12-05T10:44:57.000000,14358.841400000034,5038.758649999976,19397.600050000023
2024-12-05T10:45:02.000000,14407.393800000034,5038.758649999976,19446.152450000023
2024-12-05T10:45:12.000000,14407.393800000034,5091.462049999977,19498.855850000025
2024-12-05T10:45:12.000000,14383.948200000035,5091.462049999977,19475.410250000026
2024-12-05T10:45:22.000000,14383.948200000035,5113.848949999978,19497.797150000028
2024-12-05T10:45:57.000000,14383.948200000035,5466.0669499999785,19850.01515000003
2024-12-05T10:46:07.000000,14383.948200000035,5773.314199999979,20157.26240000003
2024-12-05T10:46:22.000000,14383.948200000035,5807.962099999979,20191.91030000003
2024-12-05T10:46:22.000000,14383.948200000035,6100.195099999978,20484.14330000003
2024-12-05T10:46:27.000000,14383.948200000035,6134.842999999978,20518.79120000003
2024-12-05T10:46:37.000000,14383.948200000035,6169.619699999978,20553.56790000003
2024-12-05T10:46:42.000000,14383.948200000035,6197.400949999979,20581.34915000003
2024-12-05T10:46:57.000000,14383.948200000035,6229.00279999998,20612.95100000003
2024-12-05T10:47:02.000000,14383.948200000035,6226.558599999981,20610.506800000032
2024-12-05T10:47:02.000000,14383.948200000035,6230.726799999981,20614.675000000032
2024-12-05T10:47:12.000000,14383.948200000035,6234.894999999981,20618.843200000032
2024-12-05T10:48:07.000000,14383.948200000035,6237.897449999981,20621.845650000032
2024-12-05T10:48:37.000000,14383.948200000035,6165.597149999981,20549.545350000033
2024-12-05T10:48:47.000000,14383.948200000035,6181.757549999981,20565.705750000034
2024-12-05T10:48:57.000000,14383.948200000035,6185.925749999981,20569.873950000034
2024-12-05T10:49:02.000000,14383.948200000035,6190.093949999981,20574.042150000034
2024-12-05T10:49:12.000000,14383.948200000035,6182.269949999982,20566.218150000033
2024-12-05T10:49:17.000000,14383.948200000035,6174.445949999982,20558.394150000033
2024-12-05T10:49:22.000000,14383.948200000035,6197.341649999982,20581.289850000034
2024-12-05T10:49:27.000000,14383.948200000035,6202.239449999982,20586.187650000033
2024-12-05T10:54:47.000000,14320.605400000037,6202.239449999982,20522.844850000034
2024-12-05T10:54:52.000000,14265.263800000037,6202.239449999982,20467.503250000034
2024-12-05T10:54:57.000000,14225.924600000038,6202.239449999982,20428.164050000036
2024-12-05T10:55:02.000000,14210.595400000038,6202.239449999982,20412.834850000036
2024-12-05T10:55:07.000000,14203.273800000039,6202.239449999982,20405.513250000036
2024-12-05T10:55:17.000000,14211.96100000004,6202.239449999982,20414.200450000037
2024-12-05T10:55:22.000000,14228.655800000039,6202.239449999982,20430.895250000038
2024-12-05T10:55:32.000000,14213.34580000004,6202.239449999982,20415.585250000036
2024-12-05T10:55:37.000000,14174.032200000038,6202.239449999982,20376.271650000035
2024-12-05T10:55:42.000000,14134.718600000037,6202.239449999982,20336.958050000034
2024-12-05T10:55:47.000000,14063.406600000037,6202.239449999982,20265.646050000032
2024-12-05T10:55:52.000000,13984.093400000036,6202.239449999982,20186.33285000003
2024-12-05T10:55:57.000000,13880.783000000038,6202.239449999982,20083.022450000033
2024-12-05T10:56:12.000000,13801.469800000037,6202.239449999982,20003.709250000033
2024-12-05T10:56:32.000000,13801.469800000037,6230.160699999982,20031.630500000032
2024-12-05T10:56:42.000000,13801.469800000037,6253.085199999981,20054.555000000033
2024-12-05T10:57:37.000000,13801.469800000037,6249.78659999998,20051.25640000003
2024-12-05T10:57:42.000000,13801.469800000037,6278.66399999998,20080.13380000003
2024-12-05T11:01:37.000000,13793.482600000038,6278.66399999998,20072.14660000003
2024-12-05T11:03:07.000000,13802.182600000036,6278.66399999998,20080.84660000003
2024-12-05T11:03:12.000000,13794.886600000036,6278.66399999998,20073.55060000003
2024-12-05T11:03:17.000000,13803.593000000035,6278.66399999998,20082.25700000003
2024-12-05T11:03:22.000000,13804.304600000036,6278.66399999998,20082.96860000003
2024-12-05T11:03:27.000000,13797.015000000036,6278.66399999998,20075.67900000003
2024-12-05T11:04:07.000000,13797.015000000036,6256.585749999981,20053.60075000003
2024-12-05T11:04:37.000000,13797.015000000036,6233.194549999981,20030.209550000032
2024-12-05T11:04:57.000000,13797.015000000036,6211.112299999981,20008.127300000033
2024-12-05T11:06:07.000000,13797.015000000036,6242.718949999981,20039.733950000034
2024-12-05T11:06:17.000000,13797.015000000036,6274.330399999982,20071.345400000035
2024-12-05T11:06:17.000000,13797.015000000036,6308.939899999982,20105.954900000033
2024-12-05T11:06:22.000000,13797.015000000036,6337.550899999982,20134.565900000034
2024-12-05T11:06:27.000000,13797.015000000036,6366.161899999982,20163.176900000035
2024-12-05T11:07:27.000000,13797.015000000036,6406.156299999981,20203.171300000035
2024-12-05T11:08:22.000000,13797.015000000036,6428.592799999981,20225.607800000034
2024-12-05T11:08:27.000000,13797.015000000036,6451.029299999982,20248.044300000034
2024-12-05T11:08:32.000000,13797.015000000036,6473.949799999981,20270.964800000034
2024-12-05T11:08:37.000000,13797.015000000036,6501.871049999982,20298.886050000034
2024-12-05T11:08:37.000000,13797.015000000036,6558.475849999982,20355.490850000035
2024-12-05T11:08:57.000000,13797.015000000036,6591.39384999998,20388.408850000033
2024-12-05T11:09:02.000000,13797.015000000036,6619.311099999979,20416.32610000003
2024-12-05T11:10:47.000000,13797.015000000036,6671.915299999979,20468.93030000003
2024-12-05T11:12:52.000000,13797.015000000036,6743.9272999999785,20540.942300000028
2024-12-05T11:13:02.000000,13797.015000000036,6811.438549999978,20608.453550000027
2024-12-05T11:15:52.000000,13797.015000000036,6908.1037499999775,20705.118750000027
2024-12-05T11:17:52.000000,13797.015000000036,6906.794249999977,20703.809250000028
2024-12-05T11:18:37.000000,13797.015000000036,6971.475449999976,20768.490450000027
2024-12-05T11:18:42.000000,13797.015000000036,7024.169249999976,20821.184250000028
2024-12-05T11:19:52.000000,13797.015000000036,7016.726049999977,20813.741050000026
2024-12-05T11:23:07.000000,13809.978000000037,7016.726049999977,20826.704050000026
2024-12-05T11:24:27.000000,13865.673850000037,7016.726049999977,20882.399900000026
2024-12-05T11:24:42.000000,13865.673850000037,7024.818049999976,20890.491900000026
2024-12-05T11:25:47.000000,13865.673850000037,7013.5182499999755,20879.192100000026
2024-12-05T11:25:47.000000,13865.673850000037,6998.221049999976,20863.894900000025
2024-12-05T11:25:47.000000,13865.673850000037,6978.926449999975,20844.600300000024
2024-12-05T11:25:47.000000,13865.673850000037,6955.634449999976,20821.308300000022
2024-12-05T11:28:02.000000,13865.673850000037,6930.282949999976,20795.95680000002
2024-12-05T11:28:12.000000,13865.673850000037,6907.936699999976,20773.610550000023
2024-12-05T11:28:17.000000,13865.673850000037,6891.588949999976,20757.262800000022
2024-12-05T11:29:07.000000,13857.977850000038,6891.588949999976,20749.566800000022
2024-12-05T13:06:07.000000,13857.977850000038,6936.249549999975,20794.22740000002
2024-12-05T13:06:22.000000,13857.977850000038,6992.915149999975,20850.893000000022
2024-12-05T13:06:32.000000,13857.977850000038,7057.585149999975,20915.56300000002
2024-12-05T13:06:57.000000,13857.977850000038,7074.401549999975,20932.37940000002
2024-12-05T13:07:02.000000,13857.977850000038,7242.568749999976,21100.54660000002
2024-12-05T13:07:07.000000,13857.977850000038,7251.390349999975,21109.36820000002
2024-12-05T13:07:07.000000,13857.977850000038,7403.555149999976,21261.53300000002
2024-12-05T13:07:12.000000,13857.977850000038,7539.717549999977,21397.695400000022
2024-12-05T13:07:17.000000,13857.977850000038,7675.879949999978,21533.857800000023
2024-12-05T13:07:22.000000,13857.977850000038,7796.052749999978,21654.030600000024
2024-12-05T13:07:53.000000,13857.977850000038,7860.378749999979,21718.356600000025
2024-12-05T13:08:57.000000,13857.977850000038,7863.645199999981,21721.623050000027
2024-12-05T13:12:52.000000,13830.730050000036,7863.645199999981,21694.375250000026
2024-12-05T13:13:52.000000,13830.730050000036,7871.86519999998,21702.595250000028
2024-12-05T13:13:57.000000,13830.730050000036,7880.07239999998,21710.80245000003
2024-12-05T13:15:02.000000,13887.040450000037,7880.07239999998,21767.112850000027
2024-12-05T13:15:02.000000,13887.040450000037,7904.29479999998,21791.335250000026
2024-12-05T13:15:07.000000,13887.040450000037,7944.506799999978,21831.547250000025
2024-12-05T13:15:12.000000,13887.040450000037,7984.718799999977,21871.759250000025
2024-12-05T13:15:17.000000,13879.360450000037,7984.718799999977,21864.079250000024
2024-12-05T13:15:22.000000,13879.360450000037,8008.941199999977,21888.301650000023
2024-12-05T13:15:27.000000,13879.360450000037,8049.153199999975,21928.513650000023
2024-12-05T13:15:32.000000,13879.360450000037,8073.362799999974,21952.72325000002
2024-12-05T13:15:42.000000,13879.360450000037,8113.561999999974,21992.92245000002
2024-12-05T13:15:47.000000,13879.360450000037,8153.761199999974,22033.12165000002
2024-12-05T13:15:52.000000,13879.360450000037,8209.949999999975,22089.31045000002
2024-12-05T13:15:57.000000,13879.360450000037,8266.138799999975,22145.49925000002
2024-12-05T13:16:02.000000,13879.360450000037,8270.153399999976,22149.513850000018
2024-12-05T13:16:02.000000,13879.360450000037,8310.339799999976,22189.700250000016
2024-12-05T13:16:07.000000,13879.360450000037,8350.526199999977,22229.886650000015
2024-12-05T13:16:12.000000,13879.360450000037,8323.471199999974,22202.831650000015
2024-12-05T13:16:12.000000,13879.360450000037,8363.657599999975,22243.018050000013
2024-12-05T13:16:17.000000,13879.360450000037,8403.843999999975,22283.204450000012
2024-12-05T13:16:22.000000,13879.360450000037,8460.019999999975,22339.38045000001
2024-12-05T13:16:27.000000,13879.360450000037,8516.195999999974,22395.55645000001
2024-12-05T13:16:32.000000,13879.360450000037,8572.371999999974,22451.73245000001
2024-12-05T13:16:37.000000,13879.360450000037,8628.547999999973,22507.90845000001
2024-12-05T13:16:42.000000,13879.360450000037,8668.721599999973,22548.08205000001
2024-12-05T13:16:52.000000,13879.360450000037,8656.664849999972,22536.025300000012
2024-12-05T13:16:52.000000,13879.360450000037,8696.838449999972,22576.198900000014
2024-12-05T13:16:57.000000,13879.360450000037,8737.012049999972,22616.372500000016
2024-12-05T13:17:02.000000,13879.360450000037,8709.95704999997,22589.317500000016
2024-12-05T13:17:02.000000,13879.360450000037,8750.13064999997,22629.491100000017
2024-12-05T13:17:07.000000,13879.360450000037,8806.30664999997,22685.667100000017
2024-12-05T13:17:12.000000,13879.360450000037,8846.48024999997,22725.84070000002
2024-12-05T13:17:17.000000,13879.360450000037,8870.66424999997,22750.02470000002
2024-12-05T13:17:22.000000,13879.360450000037,8843.609249999969,22722.96970000002
2024-12-05T13:17:22.000000,13879.360450000037,8867.79324999997,22747.15370000002
2024-12-05T13:17:27.000000,13879.360450000037,8845.73499999997,22725.09545000002
2024-12-05T13:17:27.000000,13879.360450000037,8853.92939999997,22733.28985000002
2024-12-05T13:17:37.000000,13879.360450000037,8831.875149999969,22711.235600000018
2024-12-05T13:17:42.000000,13879.360450000037,8804.820149999967,22684.180600000018
2024-12-05T13:17:52.000000,13879.360450000037,8777.765149999965,22657.125600000018
2024-12-05T13:18:37.000000,13879.360450000037,8753.993149999966,22633.353600000017
2024-12-05T13:18:52.000000,13879.360450000037,8714.231549999966,22593.59200000002
2024-12-05T13:20:07.000000,13879.360450000037,8658.480349999965,22537.84080000002
2024-12-05T13:20:17.000000,13879.360450000037,8602.729149999965,22482.08960000002
2024-12-05T13:20:42.000000,13879.360450000037,8546.977949999964,22426.338400000022
2024-12-05T13:21:17.000000,13879.360450000037,8566.894799999964,22446.255250000024
2024-12-05T13:21:22.000000,13879.360450000037,8559.125199999964,22438.485650000024
2024-12-05T13:21:32.000000,13879.360450000037,8567.357999999964,22446.718450000022
2024-12-05T13:21:37.000000,13879.360450000037,8559.588399999964,22438.948850000023
2024-12-05T13:21:47.000000,13879.360450000037,8551.805999999964,22431.166450000022
2024-12-05T13:22:12.000000,13879.360450000037,8496.029199999964,22375.389650000023
2024-12-05T13:22:17.000000,13879.360450000037,8488.246799999964,22367.607250000023
2024-12-05T13:22:22.000000,13879.360450000037,8480.464399999964,22359.824850000023
2024-12-05T13:22:42.000000,13879.360450000037,8440.689999999966,22320.050450000024
2024-12-05T13:22:47.000000,13879.360450000037,8416.905199999966,22296.265650000023
2024-12-05T13:22:57.000000,13879.360450000037,8409.109999999966,22288.470450000023
2024-12-05T13:23:02.000000,13879.360450000037,8417.317199999965,22296.677650000023
2024-12-05T13:23:07.000000,13879.360450000037,8393.532399999965,22272.892850000022
2024-12-05T13:23:17.000000,13879.360450000037,8353.757999999967,22233.118450000024
2024-12-05T13:23:22.000000,13879.360450000037,8313.983599999969,22193.344050000025
2024-12-05T13:23:32.000000,13879.360450000037,8258.206799999969,22137.567250000026
2024-12-05T13:23:42.000000,13879.360450000037,8202.42999999997,22081.790450000026
2024-12-05T13:23:52.000000,13879.360450000037,8162.642799999969,22042.003250000023
2024-12-05T13:23:57.000000,13879.360450000037,8106.865999999968,21986.226450000024
2024-12-05T13:24:02.000000,13879.360450000037,8067.0787999999675,21946.43925000002
2024-12-05T13:24:07.000000,13879.360450000037,8012.133999999967,21891.49445000002
2024-12-05T13:24:07.000000,13879.360450000037,7940.367599999967,21819.72805000002
2024-12-05T13:24:12.000000,13879.360450000037,7868.601199999966,21747.96165000002
2024-12-05T13:24:17.000000,13879.360450000037,7891.541699999966,21770.90215000002
2024-12-05T13:24:17.000000,13879.360450000037,7803.785699999965,21683.14615000002
2024-12-05T13:24:22.000000,13879.360450000037,7826.726199999965,21706.08665000002
2024-12-05T13:24:22.000000,13879.360450000037,7754.959799999964,21634.32025000002
2024-12-05T13:24:37.000000,13879.360450000037,7715.185399999965,21594.54585000002
2024-12-05T13:24:47.000000,13879.360450000037,7675.423799999966,21554.784250000022
2024-12-05T13:25:22.000000,13879.360450000037,7698.124299999967,21577.484750000025
2024-12-05T13:25:27.000000,13879.360450000037,7674.352299999967,21553.712750000024
2024-12-05T13:25:32.000000,13879.360450000037,7697.060799999968,21576.421250000025
2024-12-05T13:25:42.000000,13879.360450000037,7719.76929999997,21599.129750000026
2024-12-05T13:25:47.000000,13879.360450000037,7742.4777999999715,21621.838250000026
2024-12-05T13:26:02.000000,13879.360450000037,7755.192799999971,21634.553250000026
2024-12-05T13:26:17.000000,13879.360450000037,7708.258799999971,21587.61925000003
2024-12-05T13:26:17.000000,13879.360450000037,7673.316999999971,21552.67745000003
2024-12-05T13:26:17.000000,13879.360450000037,7313.507399999971,21192.867850000028
2024-12-05T13:26:22.000000,13879.360450000037,6921.692999999972,20801.05345000003
2024-12-05T13:26:27.000000,13879.360450000037,6497.873799999972,20377.23425000003
2024-12-05T13:26:32.000000,13879.360450000037,6042.062599999972,19921.42305000003
2024-12-05T13:26:37.000000,13879.360450000037,5522.241799999972,19401.60225000003
2024-12-05T13:26:47.000000,13879.360450000037,5544.705499999972,19424.06595000003
2024-12-05T13:26:52.000000,13879.360450000037,5561.168299999972,19440.52875000003
2024-12-05T13:27:02.000000,13879.360450000037,5583.627199999973,19462.987650000032
2024-12-05T13:27:02.000000,13879.360450000037,5095.785599999973,18975.146050000032
2024-12-05T13:27:07.000000,13879.360450000037,5112.248399999973,18991.608850000033
2024-12-05T13:27:07.000000,13879.360450000037,4688.403599999973,18567.764050000034
2024-12-05T13:29:17.000000,13879.360450000037,4737.429599999973,18616.790050000036
2024-12-05T13:29:17.000000,13879.360450000037,4754.476399999974,18633.836850000036
2024-12-05T13:29:17.000000,13879.360450000037,4799.504999999974,18678.865450000034
2024-12-05T13:30:02.000000,13879.360450000037,4567.701799999974,18447.062250000035
2024-12-05T13:30:07.000000,13879.360450000037,4303.893799999974,18183.254250000035
2024-12-05T13:32:12.000000,13879.360450000037,4401.325549999975,18280.686000000034
2024-12-05T13:32:17.000000,13879.360450000037,4408.803799999976,18288.164250000034
2024-12-05T13:36:17.000000,13879.360450000037,4480.854199999976,18360.214650000034
2024-12-05T13:36:42.000000,13879.360450000037,4473.641399999976,18353.001850000033
2024-12-05T13:40:32.000000,13879.360450000037,4467.058999999976,18346.419450000034
2024-12-05T13:41:07.000000,13879.360450000037,4459.215799999975,18338.576250000035
2024-12-05T13:41:12.000000,13879.360450000037,4451.372599999975,18330.733050000035
2024-12-05T13:41:22.000000,13879.360450000037,4443.529399999975,18322.889850000036
2024-12-05T13:41:32.000000,13879.360450000037,4423.6843999999755,18303.044850000035
2024-12-05T13:42:47.000000,13879.360450000037,4415.748399999976,18295.108850000033
2024-12-05T13:43:22.000000,13879.360450000037,4423.814799999976,18303.175250000033
2024-12-05T13:43:37.000000,13879.360450000037,4427.963799999975,18307.324250000034
2024-12-05T13:44:28.000000,13879.360450000037,4402.295499999976,18281.655950000033
2024-12-05T13:44:38.000000,13879.360450000037,4388.624199999976,18267.984650000035
2024-12-05T13:44:52.000000,13879.360450000037,4366.275549999976,18245.636000000035
2024-12-05T13:45:03.000000,13879.360450000037,4346.603349999976,18225.963800000034
2024-12-05T13:45:07.000000,13879.360450000037,4312.255299999976,18191.615750000034
2024-12-05T13:45:07.000000,13879.360450000037,4274.9091999999755,18154.269650000035
2024-12-05T13:45:37.000000,13879.360450000037,4240.558749999976,18119.919200000033
2024-12-05T13:45:53.000000,13879.360450000037,4162.856249999975,18042.216700000034
2024-12-05T13:46:17.000000,13879.360450000037,4134.506699999975,18013.867150000035
2024-12-05T13:46:32.000000,13879.360450000037,4152.374449999976,18031.734900000036
2024-12-05T13:46:33.000000,13879.360450000037,4044.6874499999763,17924.047900000038
2024-12-05T13:46:37.000000,13879.360450000037,4057.562449999976,17936.922900000038
2024-12-05T13:46:42.000000,13879.360450000037,4065.4446999999764,17944.80515000004
2024-12-05T13:46:47.000000,13879.360450000037,4068.3301999999762,17947.69065000004
2024-12-05T13:46:48.000000,13879.360450000037,4060.6357999999764,17939.99625000004
2024-12-05T13:46:53.000000,13879.360450000037,4052.9413999999765,17932.30185000004
2024-12-05T13:46:58.000000,13879.360450000037,4045.2469999999767,17924.60745000004
2024-12-05T13:47:27.000000,13879.360450000037,4056.1456999999773,17935.50615000004
2024-12-05T13:47:32.000000,13879.360450000037,4055.049799999977,17934.41025000004
2024-12-05T13:47:37.000000,13879.360450000037,4059.954799999977,17939.31525000004
2024-12-05T13:47:42.000000,13879.360450000037,4061.8617499999773,17941.22220000004
2024-12-05T13:47:52.000000,13879.360450000037,4066.761949999977,17946.12240000004
2024-12-05T13:48:02.000000,13879.360450000037,4064.630699999978,17943.99115000004
2024-12-05T13:49:17.000000,13879.360450000037,4021.2548999999776,17900.61535000004
2024-12-05T13:49:27.000000,13879.360450000037,3999.1326499999773,17878.49310000004
2024-12-05T13:49:32.000000,13879.360450000037,3984.5298499999762,17863.89030000004
2024-12-05T13:50:42.000000,13891.055950000036,3984.5298499999762,17875.58580000004
2024-12-05T13:52:42.000000,13819.411150000036,3984.5298499999762,17803.94100000004
2024-12-05T13:52:57.000000,13747.759950000036,3984.5298499999762,17732.28980000004
2024-12-05T13:53:32.000000,13747.759950000036,4031.1483499999763,17778.90830000004
2024-12-05T13:53:37.000000,13747.759950000036,4074.7687999999766,17822.52875000004
2024-12-05T13:54:02.000000,13747.759950000036,4142.256049999978,17890.016000000043
2024-12-05T13:54:07.000000,13747.759950000036,4175.118049999977,17922.87800000004
2024-12-05T13:54:07.000000,13747.759950000036,4231.0090999999775,17978.769050000043
2024-12-05T13:54:07.000000,13747.759950000036,4298.4963499999785,18046.256300000045
2024-12-05T13:54:12.000000,13747.759950000036,4354.389799999979,18102.149750000044
2024-12-05T13:54:17.000000,13747.759950000036,4382.259049999979,18130.019000000044
2024-12-05T13:54:17.000000,13747.759950000036,4441.1505499999785,18188.91050000004
2024-12-05T13:54:22.000000,13747.759950000036,4497.046399999978,18244.806350000043
2024-12-05T13:54:22.000000,13747.759950000036,4549.531399999978,18297.291350000043
2024-12-05T13:54:27.000000,13747.759950000036,4602.426799999977,18350.186750000044
2024-12-05T13:54:32.000000,13747.759950000036,4669.902049999977,18417.662000000044
2024-12-05T13:54:37.000000,13747.759950000036,4722.399049999977,18470.159000000043
2024-12-05T13:54:42.000000,13747.759950000036,4772.013199999978,18519.773150000045
2024-12-05T13:54:42.000000,13747.759950000036,4815.919249999977,18563.679200000042
2024-12-05T13:54:42.000000,13747.759950000036,4839.924049999977,18587.68400000004
2024-12-05T13:54:47.000000,13747.759950000036,4886.537749999978,18634.297700000043
2024-12-05T13:54:47.000000,13747.759950000036,4862.573749999977,18610.333700000043
2024-12-05T13:54:52.000000,13747.759950000036,4909.189849999977,18656.949800000042
2024-12-05T13:54:52.000000,13747.759950000036,4885.225849999976,18632.985800000042
2024-12-05T13:54:57.000000,13747.759950000036,4925.845849999976,18673.60580000004
2024-12-05T13:55:17.000000,13706.975800000035,4925.845849999976,18632.82165000004
2024-12-05T13:55:22.000000,13666.191650000033,4925.845849999976,18592.037500000042
2024-12-05T13:55:27.000000,13625.407500000032,4925.845849999976,18551.253350000043
2024-12-05T13:55:32.000000,13625.407500000032,4949.850649999976,18575.25815000004
2024-12-05T13:55:37.000000,13584.62335000003,4949.850649999976,18534.474000000042
2024-12-05T13:55:42.000000,13543.83920000003,4949.850649999976,18493.689850000042
2024-12-05T13:55:47.000000,13514.05670000003,4949.850649999976,18463.90735000004
2024-12-05T13:55:52.000000,13514.05670000003,4954.028449999975,18468.085150000043
2024-12-05T13:55:52.000000,13484.27420000003,4954.028449999975,18438.30265000004
2024-12-05T13:55:57.000000,13454.491700000031,4954.028449999975,18408.52015000004
2024-12-05T13:56:02.000000,13424.709200000032,4954.028449999975,18378.73765000004
2024-12-05T13:57:52.000000,13409.06640000003,4954.028449999975,18363.094850000038
2024-12-05T13:58:52.000000,13393.430000000031,4954.028449999975,18347.45845000004
2024-12-05T13:58:57.000000,13377.793600000032,4954.028449999975,18331.82205000004
2024-12-05T13:59:22.000000,13434.123200000033,4954.028449999975,18388.15165000004
2024-12-05T13:59:32.000000,13498.447600000032,4954.028449999975,18452.47605000004
2024-12-05T13:59:42.000000,13586.762800000033,4954.028449999975,18540.791250000042
2024-12-05T13:59:52.000000,13586.762800000033,4954.791249999975,18541.554050000042
2024-12-05T14:00:27.000000,13586.762800000033,4963.555249999974,18550.31805000004
2024-12-05T14:00:32.000000,13651.093600000033,4963.555249999974,18614.64885000004
2024-12-05T14:00:32.000000,13683.419600000032,4963.555249999974,18646.974850000042
2024-12-05T14:00:32.000000,13707.74440000003,4963.555249999974,18671.29965000004
2024-12-05T14:01:33.000000,13707.74440000003,5009.796949999974,18717.54135000004
2024-12-05T14:01:38.000000,13707.74440000003,5044.041649999974,18751.78605000004
2024-12-05T14:02:17.000000,13740.083200000032,5044.041649999974,18784.12485000004
2024-12-05T14:02:32.000000,13756.426000000032,5044.041649999974,18800.467650000042
2024-12-05T14:02:37.000000,13780.763600000033,5044.041649999974,18824.80525000004
2024-12-05T14:02:47.000000,13789.105200000033,5044.041649999974,18833.14685000004
2024-12-05T14:03:02.000000,13797.446800000032,5044.041649999974,18841.48845000004
2024-12-05T14:07:12.000000,13797.446800000032,5047.264099999974,18844.710900000042
2024-12-05T14:09:22.000000,13801.802200000033,5047.264099999974,18849.066300000042
2024-12-05T14:09:27.000000,13818.149800000034,5047.264099999974,18865.413900000043
2024-12-05T14:09:37.000000,13722.603800000034,5047.264099999974,18769.86790000004
2024-12-05T14:09:37.000000,13731.419000000033,5047.264099999974,18778.683100000042
2024-12-05T14:09:42.000000,13747.771400000032,5047.264099999974,18795.03550000004
2024-12-05T14:09:47.000000,13764.123800000032,5047.264099999974,18811.38790000004
2024-12-05T14:09:47.000000,13692.581400000032,5047.264099999974,18739.845500000043
2024-12-05T14:09:52.000000,13692.627400000032,5047.264099999974,18739.89150000004
2024-12-05T14:09:52.000000,13720.976800000033,5047.264099999974,18768.24090000004
2024-12-05T14:09:52.000000,13657.442000000034,5047.264099999974,18704.70610000004
2024-12-05T14:09:57.000000,13679.795300000033,5047.264099999974,18727.05940000004
2024-12-05T14:09:57.000000,13624.261700000032,5047.264099999974,18671.52580000004
2024-12-05T14:10:02.000000,13584.73050000003,5047.264099999974,18631.99460000004
2024-12-05T14:10:07.000000,13553.19410000003,5047.264099999974,18600.458200000037
2024-12-05T14:10:12.000000,13581.54350000003,5047.264099999974,18628.807600000036
2024-12-05T14:10:12.000000,13534.00470000003,5047.264099999974,18581.268800000034
2024-12-05T14:10:17.000000,13568.35500000003,5047.264099999974,18615.619100000036
2024-12-05T14:10:17.000000,13552.827400000031,5047.264099999974,18600.091500000035
2024-12-05T14:10:22.000000,13521.29100000003,5047.264099999974,18568.555100000034
2024-12-05T14:10:27.000000,13555.64130000003,5047.264099999974,18602.905400000036
2024-12-05T14:10:27.000000,13524.10490000003,5047.264099999974,18571.369000000035
2024-12-05T14:10:32.000000,13564.45130000003,5047.264099999974,18611.715400000034
2024-12-05T14:10:32.000000,13617.282700000029,5047.264099999974,18664.546800000033
2024-12-05T14:10:32.000000,13617.73830000003,5047.264099999974,18665.002400000034
2024-12-05T14:10:37.000000,13658.07990000003,5047.264099999974,18705.344000000034
2024-12-05T14:10:37.000000,13730.91430000003,5047.264099999974,18778.178400000033
2024-12-05T14:10:37.000000,13731.35710000003,5047.264099999974,18778.621200000034
2024-12-05T14:10:42.000000,13771.69870000003,5047.264099999974,18818.962800000034
2024-12-05T14:10:42.000000,13788.13110000003,5047.264099999974,18835.39520000003
2024-12-05T14:10:42.000000,13832.09235000003,5047.264099999974,18879.356450000032
2024-12-05T14:10:47.000000,13920.49075000003,5047.264099999974,18967.754850000034
2024-12-05T14:10:47.000000,13967.45245000003,5047.264099999974,19014.716550000034
2024-12-05T14:10:52.000000,14007.79885000003,5047.264099999974,19055.062950000032
2024-12-05T14:10:52.000000,14057.75860000003,5047.264099999974,19105.022700000034
2024-12-05T14:10:57.000000,14098.10500000003,5047.264099999974,19145.369100000033
2024-12-05T14:10:57.000000,14148.06475000003,5047.264099999974,19195.328850000034
2024-12-05T14:11:02.000000,14188.41115000003,5047.264099999974,19235.675250000033
2024-12-05T14:11:02.000000,14232.370000000032,5047.264099999974,19279.634100000032
2024-12-05T14:11:07.000000,14266.720300000032,5047.264099999974,19313.984400000034
2024-12-05T14:11:07.000000,14395.092700000034,5047.264099999974,19442.356800000034
2024-12-05T14:11:07.000000,14523.465100000036,5047.264099999974,19570.729200000034
2024-12-05T14:11:07.000000,14659.838700000037,5047.264099999974,19707.102800000037
2024-12-05T14:11:07.000000,14788.211100000039,5047.264099999974,19835.475200000037
2024-12-05T14:11:07.000000,14829.169500000038,5047.264099999974,19876.433600000037
2024-12-05T14:11:12.000000,14870.125500000038,5047.264099999974,19917.389600000035
2024-12-05T14:11:17.000000,14908.081050000037,5047.264099999974,19955.345150000034
2024-12-05T14:11:22.000000,14943.036150000036,5047.264099999974,19990.300250000033
2024-12-05T14:11:27.000000,15000.957900000036,5047.264099999974,20048.22200000003
2024-12-05T14:11:27.000000,15035.913000000035,5047.264099999974,20083.17710000003
2024-12-05T14:11:32.000000,15064.869600000035,5047.264099999974,20112.13370000003
2024-12-05T14:11:37.000000,15145.260400000034,5047.264099999974,20192.524500000032
2024-12-05T14:11:37.000000,15217.650000000034,5047.264099999974,20264.91410000003
2024-12-05T14:11:37.000000,15290.039600000035,5047.264099999974,20337.30370000003
2024-12-05T14:11:37.000000,15362.429200000035,5047.264099999974,20409.693300000028
2024-12-05T14:11:37.000000,15442.820000000034,5047.264099999974,20490.08410000003
2024-12-05T14:11:37.000000,15523.210800000033,5047.264099999974,20570.47490000003
2024-12-05T14:11:37.000000,15552.167400000033,5047.264099999974,20599.43150000003
2024-12-05T14:11:42.000000,15632.558200000032,5047.264099999974,20679.822300000033
2024-12-05T14:11:42.000000,15661.514800000032,5047.264099999974,20708.778900000034
2024-12-05T14:11:47.000000,15695.86990000003,5047.264099999974,20743.134000000035
2024-12-05T14:11:52.000000,15730.22500000003,5047.264099999974,20777.489100000035
2024-12-05T14:11:57.000000,15764.580100000028,5047.264099999974,20811.844200000036
2024-12-05T14:11:57.000000,15836.969700000029,5047.264099999974,20884.233800000035
2024-12-05T14:11:57.000000,15917.360500000028,5047.264099999974,20964.624600000036
2024-12-05T14:11:57.000000,15997.751300000027,5047.264099999974,21045.015400000037
2024-12-05T14:12:02.000000,16026.110300000026,5047.264099999974,21073.374400000037
2024-12-05T14:12:02.000000,16122.497100000024,5047.264099999974,21169.761200000037
2024-12-05T14:12:07.000000,16144.855200000024,5047.264099999974,21192.119300000035
2024-12-05T14:12:07.000000,16241.242000000022,5047.264099999974,21288.506100000035
2024-12-05T14:12:12.000000,16263.600100000021,5047.264099999974,21310.864200000033
2024-12-05T14:12:17.000000,16291.95910000002,5047.264099999974,21339.223200000033
2024-12-05T14:12:17.000000,16380.35110000002,5047.264099999974,21427.615200000033
2024-12-05T14:12:22.000000,16396.71310000002,5047.264099999974,21443.977200000034
2024-12-05T14:12:22.000000,16477.10390000002,5047.264099999974,21524.368000000035
2024-12-05T14:12:27.000000,16565.49590000002,5047.264099999974,21612.760000000035
2024-12-05T14:12:32.000000,16581.85790000002,5047.264099999974,21629.122000000036
2024-12-05T14:12:32.000000,16670.256300000023,5047.264099999974,21717.520400000038
2024-12-05T14:12:37.000000,16692.61440000002,5047.264099999974,21739.878500000035
2024-12-05T14:12:37.000000,16781.012800000022,5047.264099999974,21828.276900000037
2024-12-05T14:12:42.000000,16797.37000000002,5047.264099999974,21844.634100000036
2024-12-05T14:12:42.000000,16877.76720000002,5047.264099999974,21925.031300000035
2024-12-05T14:12:47.000000,16950.16960000002,5047.264099999974,21997.433700000034
2024-12-05T14:12:52.000000,16966.526800000018,5047.264099999974,22013.790900000033
2024-12-05T14:12:52.000000,17038.929200000017,5047.264099999974,22086.19330000003
2024-12-05T14:13:17.000000,17111.331600000016,5047.264099999974,22158.59570000003
2024-12-05T14:13:17.000000,17191.735200000017,5047.264099999974,22238.999300000032
2024-12-05T14:13:17.000000,17256.136400000018,5047.264099999974,22303.400500000032
2024-12-05T14:13:17.000000,17328.538800000017,5047.264099999974,22375.80290000003
2024-12-05T14:13:22.000000,17400.941200000016,5047.264099999974,22448.20530000003
2024-12-05T14:13:27.000000,17400.941200000016,5036.938849999973,22437.88005000003
2024-12-05T14:13:27.000000,17400.941200000016,4933.065249999974,22334.00645000003
2024-12-05T14:13:42.000000,17400.941200000016,4919.7443499999745,22320.68555000003
2024-12-05T14:13:47.000000,17400.941200000016,4909.423899999974,22310.36510000003
2024-12-05T14:13:47.000000,17433.369600000016,4909.423899999974,22342.793500000033
2024-12-05T14:13:47.000000,17457.796800000015,4909.423899999974,22367.22070000003
2024-12-05T14:13:47.000000,17482.224000000013,4909.423899999974,22391.64790000003
2024-12-05T14:13:47.000000,17506.65120000001,4909.423899999974,22416.075100000027
2024-12-05T14:13:47.000000,17523.07720000001,4909.423899999974,22432.501100000027
2024-12-05T14:13:52.000000,17523.07720000001,4896.105399999974,22419.182600000026
2024-12-05T14:13:52.000000,17523.07720000001,4664.199799999975,22187.277000000027
2024-12-05T14:13:57.000000,17523.07720000001,4416.291799999975,21939.369000000028
2024-12-05T14:14:02.000000,17531.51480000001,4416.291799999975,21947.80660000003
2024-12-05T14:14:12.000000,17531.51480000001,4408.969399999975,21940.484200000028
2024-12-05T14:14:17.000000,17539.95880000001,4408.969399999975,21948.928200000028
2024-12-05T14:14:22.000000,17539.95880000001,4406.902149999976,21946.860950000028
2024-12-05T14:14:22.000000,17539.95880000001,4046.9773499999765,21586.936150000027
2024-12-05T14:14:32.000000,17524.41840000001,4046.9773499999765,21571.395750000025
2024-12-05T14:14:32.000000,17524.41840000001,3671.0501499999773,21195.468550000027
2024-12-05T14:14:37.000000,17516.87920000001,3671.0501499999773,21187.929350000028
2024-12-05T14:14:47.000000,17516.87920000001,3471.149349999977,20988.02855000003
2024-12-05T14:14:57.000000,17541.32560000001,3471.149349999977,21012.47495000003
2024-12-05T14:15:02.000000,17573.766800000012,3471.149349999977,21044.91615000003
2024-12-05T14:15:07.000000,17614.202800000014,3471.149349999977,21085.35215000003
2024-12-05T14:15:17.000000,17654.632400000013,3471.149349999977,21125.78175000003
2024-12-05T14:15:22.000000,17703.063200000015,3471.149349999977,21174.212550000033
2024-12-05T14:15:27.000000,17743.492800000015,3471.149349999977,21214.642150000032
2024-12-05T14:15:42.000000,17759.912400000016,3471.149349999977,21231.061750000033
2024-12-05T14:15:47.000000,17760.329600000015,3471.149349999977,21231.478950000033
2024-12-05T14:16:27.000000,17760.329600000015,3466.8129999999765,21227.142600000032
2024-12-05T14:16:27.000000,17760.329600000015,3464.231199999977,21224.560800000032
2024-12-05T14:16:32.000000,17760.329600000015,3459.8948499999765,21220.22445000003
2024-12-05T14:16:48.000000,17760.329600000015,3476.223249999976,21236.55285000003
2024-12-05T14:16:53.000000,17760.329600000015,3498.547749999975,21258.877350000028
2024-12-05T14:17:22.000000,17760.329600000015,3496.464499999976,21256.79410000003
2024-12-05T14:17:27.000000,17760.329600000015,3494.3812499999767,21254.71085000003
2024-12-05T14:19:17.000000,17712.784400000015,3494.3812499999767,21207.165650000028
2024-12-05T14:19:22.000000,17673.234000000015,3494.3812499999767,21167.615250000028
2024-12-05T14:26:58.000000,17673.234000000015,3468.722549999977,21141.956550000028
2024-12-05T14:32:07.000000,17673.234000000015,3469.542949999977,21142.77695000003
2024-12-05T14:32:12.000000,17673.234000000015,3470.3633499999764,21143.59735000003
2024-12-05T14:32:17.000000,17673.234000000015,3471.183749999976,21144.41775000003
2024-12-05T14:32:18.000000,17673.234000000015,3445.5298499999753,21118.76385000003
2024-12-05T14:32:23.000000,17673.234000000015,3413.879849999975,21087.113850000027
2024-12-05T14:32:37.000000,17673.234000000015,3414.7002499999744,21087.934250000028
2024-12-05T14:32:42.000000,17673.234000000015,3407.5258499999745,21080.759850000028
2024-12-05T14:32:52.000000,17673.234000000015,3400.3514499999746,21073.585450000028
2024-12-05T14:33:37.000000,17673.234000000015,3401.1782499999745,21074.412250000027
2024-12-05T14:33:52.000000,17673.234000000015,3402.0050499999743,21075.239050000026
2024-12-05T14:34:02.000000,17673.234000000015,3402.831849999974,21076.065850000025
2024-12-05T14:34:13.000000,17673.234000000015,3401.162349999974,21074.396350000025
2024-12-05T14:34:23.000000,17673.234000000015,3399.497649999974,21072.731650000023
2024-12-05T14:37:22.000000,17673.234000000015,3391.8224499999737,21065.056450000022
2024-12-05T14:39:17.000000,17675.883500000014,3391.8224499999737,21067.70595000002
2024-12-05T14:39:37.000000,17675.883500000014,3357.5055999999727,21033.389100000022
2024-12-05T14:39:37.000000,17683.949900000014,3357.5055999999727,21041.455500000022
2024-12-05T14:39:42.000000,17683.949900000014,3320.188299999972,21004.138200000023
2024-12-05T14:40:02.000000,17683.949900000014,3276.870099999972,20960.82000000002
2024-12-05T14:40:07.000000,17686.599400000014,3276.870099999972,20963.46950000002
2024-12-05T14:40:07.000000,17734.991800000014,3276.870099999972,21011.86190000002
2024-12-05T14:40:12.000000,17737.641300000014,3276.870099999972,21014.51140000002
2024-12-05T14:40:22.000000,17778.026100000014,3276.870099999972,21054.89620000002
2024-12-05T14:40:32.000000,17802.421300000013,3276.870099999972,21079.29140000002
2024-12-05T14:40:37.000000,17818.815300000013,3276.870099999972,21095.68540000002
2024-12-05T14:40:42.000000,17835.209300000013,3276.870099999972,21112.07940000002
2024-12-05T14:41:07.000000,17827.59330000001,3276.870099999972,21104.46340000002
2024-12-05T14:41:12.000000,17827.59330000001,3251.5497999999725,21079.14310000002
2024-12-05T14:42:27.000000,17827.59330000001,3275.9065999999734,21103.49990000002
2024-12-05T14:44:27.000000,17827.59330000001,3300.7433999999744,21128.33670000002
2024-12-05T14:44:32.000000,17827.59330000001,3317.578999999975,21145.172300000024
2024-12-05T14:44:42.000000,17827.59330000001,3338.408799999975,21166.002100000023
2024-12-05T14:44:47.000000,17827.59330000001,3343.076199999976,21170.669500000025
2024-12-05T14:44:52.000000,17827.59330000001,3347.7435999999766,21175.336900000028
2024-12-05T14:44:57.000000,17827.59330000001,3352.4109999999773,21180.00430000003
2024-12-05T14:45:02.000000,17831.900700000013,3352.4109999999773,21184.31170000003
2024-12-05T14:45:02.000000,17831.900700000013,3363.074499999978,21194.975200000034
2024-12-05T14:45:02.000000,17831.900700000013,3370.7399499999783,21202.640650000034
2024-12-05T14:45:02.000000,17831.900700000013,3378.4053999999787,21210.306100000034
2024-12-05T14:45:02.000000,17831.900700000013,3386.070849999979,21217.971550000035
2024-12-05T14:45:02.000000,17831.900700000013,3390.73824999998,21222.638950000037
2024-12-05T14:45:02.000000,17831.900700000013,3395.4056499999806,21227.30635000004
2024-12-05T14:45:02.000000,17831.900700000013,3400.0730499999813,21231.97375000004
2024-12-05T14:45:02.000000,17831.900700000013,3401.7423999999814,21233.64310000004
2024-12-05T14:45:02.000000,17831.900700000013,3403.4117499999816,21235.31245000004
2024-12-05T14:45:02.000000,17831.900700000013,3402.0830499999815,21233.98375000004
2024-12-05T14:45:02.000000,17831.900700000013,3402.8970499999814,21234.797750000038
2024-12-05T14:45:02.000000,17831.900700000013,3403.7110499999812,21235.611750000036
2024-12-05T14:45:02.000000,17831.900700000013,3404.525049999981,21236.425750000035
2024-12-05T14:45:02.000000,17831.900700000013,3405.339049999981,21237.239750000033
2024-12-05T14:45:03.000000,17831.900700000013,3415.628149999982,21247.528850000035
2024-12-05T14:45:03.000000,17831.900700000013,3425.9172499999827,21257.817950000037
2024-12-06T09:51:02.000000,17864.16270000001,3425.9172499999827,21290.079950000036
2024-12-06T09:51:07.000000,17880.422300000013,3425.9172499999827,21306.339550000037
2024-12-06T09:54:07.000000,17923.301800000012,3425.9172499999827,21349.219050000036
2024-12-06T09:55:37.000000,17931.40165000001,3425.9172499999827,21357.318900000035
2024-12-06T09:57:57.000000,17911.85905000001,3425.9172499999827,21337.776300000034
2024-12-06T10:03:12.000000,17911.85905000001,3510.641449999983,21422.500500000035
2024-12-06T10:03:52.000000,17922.69535000001,3510.641449999983,21433.336800000034
2024-12-06T10:04:12.000000,17957.52565000001,3510.641449999983,21468.167100000035
2024-12-06T10:04:17.000000,17986.359850000008,3510.641449999983,21497.001300000033
2024-12-06T10:04:22.000000,17997.193750000006,3510.641449999983,21507.83520000003
2024-12-06T10:04:27.000000,18008.027650000004,3510.641449999983,21518.66910000003
2024-12-06T10:04:32.000000,18004.1569,3510.641449999983,21514.798350000026
2024-12-06T10:04:37.000000,18006.28465,3510.641449999983,21516.926100000026
2024-12-06T10:04:52.000000,18020.1214,3510.641449999983,21530.762850000025
2024-12-06T10:06:17.000000,18025.2496,3510.641449999983,21535.891050000024
2024-12-06T10:06:22.000000,18039.37675,3510.641449999983,21550.018200000024
2024-12-06T10:06:52.000000,18062.49805,3510.641449999983,21573.139500000023
2024-12-06T10:07:02.000000,18070.3883,3510.641449999983,21581.029750000023
2024-12-06T10:08:22.000000,18070.3883,3485.9684999999818,21556.356800000023
2024-12-06T10:09:47.000000,18070.3883,3508.312199999982,21578.700500000024
2024-12-06T10:10:07.000000,18070.3883,3500.670599999982,21571.058900000025
2024-12-06T10:10:07.000000,18070.3883,3537.4259999999817,21607.814300000024
2024-12-06T10:10:12.000000,18070.3883,3542.790999999982,21613.179300000025
2024-12-06T10:10:17.000000,18070.3883,3523.1571999999824,21593.545500000026
2024-12-06T10:10:27.000000,18070.3883,3485.530299999983,21555.918600000026
2024-12-06T10:10:42.000000,18070.3883,3578.284499999983,21648.672800000026
2024-12-06T10:10:42.000000,18070.3883,3675.036099999982,21745.424400000025
2024-12-06T10:10:47.000000,18070.3883,3653.580249999982,21723.968550000027
2024-12-06T10:10:47.000000,18070.3883,3750.328649999982,21820.716950000027
2024-12-06T10:10:52.000000,18070.3883,3796.6183499999834,21867.00665000003
2024-12-06T10:10:57.000000,18070.3883,3763.1750999999836,21833.56340000003
2024-12-06T10:10:57.000000,18070.3883,3726.733799999983,21797.122100000026
2024-12-06T10:10:57.000000,18070.3883,3819.491199999983,21889.879500000025
2024-12-06T10:10:57.000000,18070.3883,3859.784799999983,21930.173100000025
2024-12-06T10:11:02.000000,18070.3883,3820.343049999983,21890.731350000027
2024-12-06T10:11:02.000000,18070.3883,3917.1074499999822,21987.495750000027
2024-12-06T10:11:02.000000,18070.3883,3951.4049499999815,22021.793250000028
2024-12-06T10:11:07.000000,18070.3883,3969.3006999999816,22039.689000000028
2024-12-06T10:11:12.000000,18070.3883,3987.1964499999817,22057.584750000027
2024-12-06T10:11:17.000000,18070.3883,4010.088949999983,22080.47725000003
2024-12-06T10:11:22.000000,18070.3883,4027.984699999983,22098.37300000003
2024-12-06T10:11:27.000000,18070.3883,4045.8844499999836,22116.27275000003
2024-12-06T10:11:32.000000,18070.3883,4063.784199999984,22134.17250000003
2024-12-06T10:11:37.000000,18070.3883,4076.6831999999854,22147.07150000003
2024-12-06T10:11:42.000000,18070.3883,4089.5821999999866,22159.970500000032
2024-12-06T10:12:12.000000,18070.3883,4026.129649999987,22096.517950000034
2024-12-06T10:12:12.000000,18070.3883,4066.4184499999883,22136.806750000036
2024-12-06T10:12:17.000000,18070.3883,3999.9654499999883,22070.353750000035
2024-12-06T10:12:22.000000,18070.3883,3924.515899999988,21994.904200000034
2024-12-06T10:13:02.000000,18070.3883,3874.661599999988,21945.049900000035
2024-12-06T10:13:32.000000,18070.3883,3824.802499999988,21895.190800000033
2024-12-06T10:14:52.000000,18070.3883,3785.1560999999874,21855.54440000003
2024-12-06T10:15:02.000000,18070.3883,3761.4992999999877,21831.88760000003
2024-12-06T10:15:07.000000,18070.3883,3721.852899999987,21792.24120000003
2024-12-06T10:15:12.000000,18070.3883,3698.1960999999874,21768.58440000003
2024-12-06T10:15:17.000000,18070.3883,3674.5392999999876,21744.927600000028
2024-12-06T10:15:22.000000,18070.3883,3650.882499999988,21721.270800000028
2024-12-06T10:15:27.000000,18070.3883,3611.2360999999873,21681.624400000026
2024-12-06T10:15:32.000000,18070.3883,3571.589699999987,21641.978000000025
2024-12-06T10:16:32.000000,18070.3883,3466.0709999999863,21536.459300000024
2024-12-06T10:16:47.000000,18043.277299999998,3466.0709999999863,21509.348300000023
2024-12-06T10:17:12.000000,18043.277299999998,3384.572549999986,21427.849850000024
2024-12-06T10:17:12.000000,18043.277299999998,3340.906349999987,21384.183650000024
2024-12-06T10:18:02.000000,18043.277299999998,3316.3996499999876,21359.676950000026
2024-12-06T10:18:07.000000,18043.277299999998,3317.4809999999875,21360.758300000027
2024-12-06T10:18:17.000000,18043.277299999998,3289.9762499999874,21333.253550000027
2024-12-06T10:18:17.000000,18043.277299999998,3291.0575999999874,21334.334900000027
2024-12-06T10:18:22.000000,18043.277299999998,3292.1389499999873,21335.416250000028
2024-12-06T10:18:27.000000,18043.277299999998,3282.634499999988,21325.911800000027
2024-12-06T10:18:27.000000,18043.277299999998,3267.1339499999885,21310.411250000026
2024-12-06T10:18:37.000000,18043.277299999998,3260.6299499999886,21303.907250000026
2024-12-06T10:18:42.000000,18043.277299999998,3266.1229499999886,21309.400250000024
2024-12-06T10:19:02.000000,18043.277299999998,3283.615349999988,21326.892650000023
2024-12-06T10:19:07.000000,18043.277299999998,3307.1086499999874,21350.38595000002
2024-12-06T10:19:12.000000,18043.277299999998,3330.5995499999876,21373.876850000022
2024-12-06T10:19:42.000000,18043.277299999998,3378.0844499999876,21421.361750000022
2024-12-06T10:19:57.000000,18043.277299999998,3394.8848499999885,21438.162150000022
2024-12-06T10:20:02.000000,18043.277299999998,3427.379499999988,21470.656800000022
2024-12-06T10:20:12.000000,18043.277299999998,3453.870849999988,21497.148150000023
2024-12-06T10:20:12.000000,18043.277299999998,3474.665449999988,21517.942750000024
2024-12-06T10:20:17.000000,18043.277299999998,3492.1602499999885,21535.437550000024
2024-12-06T10:20:22.000000,18043.277299999998,3506.6545999999885,21549.931900000025
2024-12-06T10:20:27.000000,18043.277299999998,3515.150449999988,21558.427750000024
2024-12-06T10:20:27.000000,18043.277299999998,3511.9574499999885,21555.234750000025
2024-12-06T10:20:27.000000,18043.277299999998,3484.78004999999,21528.057350000025
2024-12-06T10:21:52.000000,18036.2253,3484.78004999999,21521.005350000025
2024-12-06T10:21:57.000000,18034.174049999998,3484.78004999999,21518.954100000024
2024-12-06T10:22:22.000000,18034.174049999998,3467.10254999999,21501.276600000023
2024-12-06T10:22:27.000000,18034.174049999998,3449.42904999999,21483.603100000022
2024-12-06T10:24:52.000000,18032.150799999996,3449.42904999999,21481.57985000002
2024-12-06T10:24:57.000000,18030.127549999994,3449.42904999999,21479.556600000018
2024-12-06T10:25:02.000000,18043.102549999992,3449.42904999999,21492.531600000017
2024-12-06T10:26:52.000000,18043.102549999992,3472.3815499999896,21515.484100000016
2024-12-06T10:27:17.000000,18043.102549999992,3490.34129999999,21533.443850000018
2024-12-06T10:28:52.000000,18081.053299999992,3490.34129999999,21571.394600000018
2024-12-06T10:30:47.000000,18081.053299999992,3533.5425499999906,21614.59585000002
2024-12-06T10:31:02.000000,18081.053299999992,3644.713199999991,21725.76650000002
2024-12-06T10:31:07.000000,18081.053299999992,3755.89744999999,21836.950750000018
2024-12-06T10:31:12.000000,18081.053299999992,3867.0952999999904,21948.14860000002
2024-12-06T10:31:17.000000,18081.053299999992,3961.317799999991,22042.37110000002
2024-12-06T10:31:22.000000,18081.053299999992,4055.540299999992,22136.59360000002
2024-12-06T10:31:27.000000,18081.053299999992,4132.773849999991,22213.82715000002
2024-12-06T10:31:32.000000,18081.053299999992,4193.018449999991,22274.07175000002
2024-12-06T10:34:12.000000,18081.053299999992,4165.951449999991,22247.004750000022
2024-12-06T10:34:12.000000,18069.894299999993,4165.951449999991,22235.845750000022
2024-12-06T10:34:17.000000,18069.894299999993,4148.881949999992,22218.77625000002
2024-12-06T10:34:22.000000,18069.894299999993,4141.809949999992,22211.70425000002
2024-12-06T10:34:22.000000,18042.729699999993,4141.809949999992,22184.53965000002
2024-12-06T10:34:27.000000,18042.729699999993,4134.733949999992,22177.46365000002
2024-12-06T10:34:32.000000,18042.729699999993,4127.657949999992,22170.38765000002
2024-12-06T10:34:42.000000,18042.729699999993,4125.578699999991,22168.308400000016
2024-12-06T10:35:12.000000,18042.729699999993,4126.469499999991,22169.199200000017
2024-12-06T10:35:17.000000,18042.729699999993,4139.38049999999,22182.110200000017
2024-12-06T10:35:17.000000,18042.729699999993,4140.3826499999905,22183.112350000018
2024-12-06T10:35:22.000000,18042.729699999993,4148.296899999989,22191.026600000016
2024-12-06T10:35:27.000000,18042.729699999993,4161.2078999999885,22203.937600000016
2024-12-06T10:35:32.000000,18042.729699999993,4174.1228999999885,22216.852600000017
2024-12-06T10:35:52.000000,18042.729699999993,4177.040399999988,22219.770100000016
2024-12-06T10:36:37.000000,18042.729699999993,4163.853899999988,22206.583600000016
2024-12-06T10:36:37.000000,18042.729699999993,4178.086799999988,22220.816500000015
2024-12-06T10:36:42.000000,18042.729699999993,4192.319699999988,22235.049400000014
2024-12-06T10:36:47.000000,18042.729699999993,4195.559749999988,22238.289450000015
2024-12-06T10:36:52.000000,18042.729699999993,4198.799799999987,22241.529500000015
2024-12-06T10:36:57.000000,18042.729699999993,4202.0398499999865,22244.769550000015
2024-12-06T10:41:07.000000,18075.561299999994,4202.0398499999865,22277.601150000017
2024-12-06T10:41:57.000000,18128.363899999993,4202.0398499999865,22330.403750000016
2024-12-06T10:42:12.000000,18156.348499999993,4202.0398499999865,22358.388350000016
2024-12-06T10:42:17.000000,18201.14349999999,4202.0398499999865,22403.183350000014
2024-12-06T10:44:42.000000,18201.14349999999,4194.919849999987,22396.063350000015
2024-12-06T10:44:47.000000,18201.14349999999,4172.801599999986,22373.945100000015
2024-12-06T10:44:52.000000,18201.14349999999,4150.687349999987,22351.830850000017
2024-12-06T10:44:57.000000,18201.14349999999,4128.565099999987,22329.708600000016
2024-12-06T10:44:57.000000,18201.14349999999,4100.298749999987,22301.44225000002
2024-12-06T10:45:02.000000,18201.14349999999,4063.182249999988,22264.325750000018
2024-12-06T10:45:02.000000,18201.14349999999,4027.9204499999887,22229.063950000018
2024-12-06T10:45:07.000000,18201.14349999999,3995.8006999999884,22196.944200000016
2024-12-06T10:45:07.000000,18201.14349999999,3920.580899999989,22121.724400000017
2024-12-06T10:45:12.000000,18201.14349999999,3878.463649999989,22079.607150000018
2024-12-06T10:45:22.000000,18201.14349999999,3836.354399999989,22037.497900000017
2024-12-06T10:45:22.000000,18201.14349999999,3815.0890999999892,22016.232600000018
2024-12-06T10:46:17.000000,18201.14349999999,3787.534099999988,21988.677600000017
2024-12-06T10:46:22.000000,18201.14349999999,3759.979099999987,21961.122600000017
2024-12-06T10:46:27.000000,18201.14349999999,3728.2378999999873,21929.381400000017
2024-12-06T10:47:37.000000,18201.14349999999,3689.0266999999867,21890.170200000015
2024-12-06T10:47:42.000000,18201.14349999999,3637.816899999987,21838.960400000014
2024-12-06T10:48:17.000000,18201.14349999999,3594.6114999999872,21795.755000000016
2024-12-06T10:48:32.000000,18201.14349999999,3521.3223999999877,21722.465900000017
2024-12-06T10:48:32.000000,18201.14349999999,3513.3391999999876,21714.48270000002
2024-12-06T10:48:37.000000,18201.14349999999,3505.3559999999875,21706.49950000002
2024-12-06T10:48:42.000000,18201.14349999999,3423.0655499999875,21624.20905000002
2024-12-06T10:48:42.000000,18201.14349999999,3398.0797999999877,21599.22330000002
2024-12-06T10:48:47.000000,18201.14349999999,3373.094049999988,21574.23755000002
2024-12-06T10:48:57.000000,18201.14349999999,3331.1193499999886,21532.26285000002
2024-12-06T10:49:02.000000,18201.14349999999,3289.1446499999893,21490.288150000022
2024-12-06T10:49:42.000000,18208.66574999999,3289.1446499999893,21497.81040000002
2024-12-06T10:49:52.000000,18211.187249999988,3289.1446499999893,21500.33190000002
2024-12-06T10:50:07.000000,18211.187249999988,3353.901049999989,21565.088300000018
2024-12-06T10:50:42.000000,18211.187249999988,3442.6514499999885,21653.83870000002
2024-12-06T10:50:42.000000,18211.187249999988,3519.4096499999887,21730.59690000002
2024-12-06T10:50:47.000000,18211.187249999988,3588.1730499999894,21799.36030000002
2024-12-06T10:51:02.000000,18211.187249999988,3640.946849999989,21852.134100000017
2024-12-06T10:51:12.000000,18211.187249999988,3673.3646999999887,21884.551950000015
2024-12-06T10:53:12.000000,18211.187249999988,3678.7330499999885,21889.920300000016
2024-12-06T10:53:27.000000,18211.187249999988,3701.313549999988,21912.500800000016
2024-12-06T10:53:27.000000,18179.45564999999,3701.313549999988,21880.769200000017
2024-12-06T10:53:37.000000,18179.45564999999,3703.907049999988,21883.362700000016
2024-12-06T10:56:27.000000,18179.45564999999,3640.4682499999876,21819.923900000016
2024-12-06T10:56:27.000000,18179.45564999999,3577.0294499999873,21756.485100000016
2024-12-06T10:56:57.000000,18183.79664999999,3577.0294499999873,21760.826100000017
2024-12-06T10:57:27.000000,18183.79664999999,3561.8410499999873,21745.637700000018
2024-12-06T10:57:32.000000,18183.79664999999,3542.652049999987,21726.448700000015
2024-12-06T10:58:52.000000,18147.91324999999,3542.652049999987,21690.565300000017
2024-12-06T11:01:07.000000,18195.82149999999,3542.652049999987,21738.473550000017
2024-12-06T11:01:17.000000,18238.72499999999,3542.652049999987,21781.377050000017
2024-12-06T11:03:27.000000,18238.72499999999,3535.030449999987,21773.75545000002
2024-12-06T11:03:37.000000,18238.72499999999,3513.4179499999873,21752.14295000002
2024-12-06T11:05:12.000000,18287.38059999999,3513.4179499999873,21800.79855000002
2024-12-06T11:05:12.000000,18321.356499999987,3513.4179499999873,21834.77445000002
2024-12-06T11:05:17.000000,18362.327849999987,3513.4179499999873,21875.74580000002
2024-12-06T11:05:22.000000,18410.983449999985,3513.4179499999873,21924.401400000017
2024-12-06T11:05:22.000000,18440.100849999984,3513.4179499999873,21953.518800000016
2024-12-06T11:05:27.000000,18481.760999999984,3513.4179499999873,21995.178950000016
2024-12-06T11:05:37.000000,18516.420099999985,3513.4179499999873,22029.838050000017
2024-12-06T11:05:42.000000,18558.074649999984,3513.4179499999873,22071.492600000016
2024-12-06T11:06:12.000000,18569.194149999985,3513.4179499999873,22082.612100000017
2024-12-06T11:06:32.000000,18569.194149999985,3454.1749499999864,22023.369100000014
2024-12-06T11:06:42.000000,18569.194149999985,3390.9345499999863,21960.128700000016
2024-12-06T11:06:47.000000,18569.194149999985,3327.6973499999863,21896.891500000016
2024-12-06T11:07:17.000000,18569.194149999985,3307.0305999999864,21876.224750000016
2024-12-06T11:07:27.000000,18569.194149999985,3310.1386499999862,21879.332800000015
2024-12-06T11:08:07.000000,18569.194149999985,3288.0123999999855,21857.206550000014
2024-12-06T11:08:17.000000,18597.053799999983,3288.0123999999855,21885.066200000012
2024-12-06T11:08:17.000000,18561.265599999984,3288.0123999999855,21849.278000000013
2024-12-06T11:08:22.000000,18561.265599999984,3270.886899999984,21832.15250000001
2024-12-06T11:08:22.000000,18536.175699999985,3270.886899999984,21807.062600000012
2024-12-06T11:08:32.000000,18509.068699999985,3270.886899999984,21779.955600000012
2024-12-06T11:08:52.000000,18509.068699999985,3223.642499999985,21732.711200000012
2024-12-06T11:08:52.000000,18473.123699999986,3223.642499999985,21696.766200000013
2024-12-06T11:08:57.000000,18473.123699999986,3172.400699999985,21645.524400000013
2024-12-06T11:09:02.000000,18473.123699999986,3210.013049999986,21683.136750000012
2024-12-06T11:09:07.000000,18473.123699999986,3166.772449999986,21639.89615000001
2024-12-06T11:09:13.000000,18445.424699999985,3166.772449999986,21612.19715000001
2024-12-06T11:09:22.000000,18445.424699999985,3216.393799999986,21661.818500000012
2024-12-06T11:09:22.000000,18445.424699999985,3263.017099999986,21708.44180000001
2024-12-06T11:09:22.000000,18445.424699999985,3253.4886499999857,21698.91335000001
2024-12-06T11:09:57.000000,18445.424699999985,3299.7687499999856,21745.19345000001
2024-12-06T11:10:17.000000,18494.220299999986,3299.7687499999856,21793.98905000001
2024-12-06T11:10:17.000000,18466.425299999988,3299.7687499999856,21766.194050000013
2024-12-06T11:10:22.000000,18417.343799999988,3299.7687499999856,21717.112550000013
2024-12-06T11:10:33.000000,18398.694949999986,3299.7687499999856,21698.46370000001
2024-12-06T11:11:12.000000,18398.694949999986,3376.134949999985,21774.82990000001
2024-12-06T11:12:02.000000,18398.694949999986,3372.874749999986,21771.56970000001
2024-12-06T11:14:27.000000,18398.694949999986,3390.746499999986,21789.441450000013
2024-12-06T11:14:37.000000,18398.694949999986,3408.6222499999863,21807.317200000012
2024-12-06T11:14:42.000000,18406.657999999985,3408.6222499999863,21815.28025000001
2024-12-06T11:15:22.000000,18394.335499999986,3408.6222499999863,21802.957750000012
2024-12-06T11:15:32.000000,18381.319399999986,3408.6222499999863,21789.94165000001
2024-12-06T11:15:37.000000,18368.305699999986,3408.6222499999863,21776.927950000012
2024-12-06T11:16:27.000000,18360.577699999987,3408.6222499999863,21769.199950000013
2024-12-06T11:16:52.000000,18360.577699999987,3465.9790499999863,21826.556750000014
2024-12-06T11:17:12.000000,18337.356099999986,3465.9790499999863,21803.335150000014
2024-12-06T11:17:12.000000,18333.331749999987,3465.9790499999863,21799.310800000014
2024-12-06T11:17:12.000000,18257.555949999987,3465.9790499999863,21723.535000000014
2024-12-06T11:17:17.000000,18261.810549999987,3465.9790499999863,21727.789600000015
2024-12-06T11:17:27.000000,18254.072949999987,3465.9790499999863,21720.052000000014
2024-12-06T11:17:27.000000,18254.072949999987,3475.3382499999875,21729.411200000017
2024-12-06T11:17:27.000000,18254.072949999987,3484.6974499999887,21738.77040000002
2024-12-06T11:18:57.000000,18246.335349999987,3484.6974499999887,21731.03280000002
2024-12-06T11:19:37.000000,18238.443349999987,3484.6974499999887,21723.14080000002
2024-12-06T11:19:37.000000,18230.502549999987,3484.6974499999887,21715.20000000002
2024-12-06T11:20:07.000000,18233.00804999999,3484.6974499999887,21717.705500000022
2024-12-06T11:21:27.000000,18225.27044999999,3484.6974499999887,21709.96790000002
2024-12-06T11:21:28.000000,18259.940749999987,3484.6974499999887,21744.63820000002
2024-12-06T11:23:07.000000,18236.399149999987,3484.6974499999887,21721.09660000002
2024-12-06T11:23:22.000000,18223.407049999987,3484.6974499999887,21708.10450000002
2024-12-06T11:23:58.000000,18257.707749999987,3484.6974499999887,21742.40520000002
2024-12-06T11:24:17.000000,18311.097549999988,3484.6974499999887,21795.79500000002
2024-12-06T11:24:27.000000,18364.49454999999,3484.6974499999887,21849.19200000002
2024-12-06T11:24:28.000000,18398.784049999987,3484.6974499999887,21883.48150000002
2024-12-06T11:24:28.000000,18419.435449999986,3484.6974499999887,21904.13290000002
2024-12-06T11:25:22.000000,18419.435449999986,3467.5679499999887,21887.00340000002
2024-12-06T11:26:27.000000,18397.481349999987,3467.5679499999887,21865.04930000002
2024-12-06T11:27:02.000000,18397.481349999987,3438.954399999988,21836.43575000002
2024-12-06T11:29:07.000000,18406.814949999985,3438.954399999988,21845.769350000017
2024-12-06T11:29:07.000000,18394.686849999987,3438.954399999988,21833.64125000002
2024-12-06T11:29:12.000000,18404.01724999999,3438.954399999988,21842.97165000002
2024-12-06T11:29:17.000000,18396.966049999988,3438.954399999988,21835.92045000002
2024-12-06T11:29:23.000000,18367.29794999999,3438.954399999988,21806.25235000002
2024-12-06T11:29:42.000000,18334.17389999999,3438.954399999988,21773.128300000022
2024-12-06T11:29:47.000000,18288.32499999999,3438.954399999988,21727.27940000002
2024-12-06T11:29:52.000000,18242.47609999999,3438.954399999988,21681.43050000002
2024-12-06T11:30:02.000000,18242.47609999999,3452.6439499999874,21695.12005000002
2024-12-06T13:00:22.000000,18192.926599999988,3452.6439499999874,21645.57055000002
2024-12-06T13:00:27.000000,18159.257899999986,3452.6439499999874,21611.901850000017
2024-12-06T13:01:12.000000,18159.257899999986,3444.9207499999875,21604.178650000016
2024-12-06T13:01:37.000000,18113.220049999985,3444.9207499999875,21558.140800000016
2024-12-06T13:02:57.000000,18082.131649999985,3444.9207499999875,21527.052400000015
2024-12-06T13:03:22.000000,18082.131649999985,3491.5248499999875,21573.656500000016
2024-12-06T13:03:27.000000,18082.131649999985,3529.134799999987,21611.266450000014
2024-12-06T13:05:57.000000,18082.131649999985,3531.9722999999867,21614.103950000015
2024-12-06T13:06:02.000000,18082.131649999985,3524.084299999987,21606.215950000016
2024-12-06T13:06:17.000000,18082.131649999985,3546.9167999999863,21629.048450000017
2024-12-06T13:06:22.000000,18082.131649999985,3539.0287999999864,21621.160450000018
2024-12-06T13:06:27.000000,18082.131649999985,3561.8652999999877,21643.99695000002
2024-12-06T13:06:27.000000,18082.131649999985,3618.6172999999876,21700.74895000002
2024-12-06T13:06:32.000000,18082.131649999985,3641.453799999989,21723.58545000002
2024-12-06T13:06:37.000000,18082.131649999985,3659.2935499999894,21741.42520000002
2024-12-06T13:06:37.000000,18082.131649999985,3668.3944999999903,21750.52615000002
2024-12-06T13:06:42.000000,18082.131649999985,3676.236749999991,21758.36840000002
2024-12-06T13:06:52.000000,18082.131649999985,3704.069999999991,21786.20165000002
2024-12-06T13:06:57.000000,18082.131649999985,3731.903249999991,21814.03490000002
2024-12-06T13:07:02.000000,18082.131649999985,3754.7397499999925,21836.871400000022
2024-12-06T13:08:22.000000,18082.131649999985,3865.801599999993,21947.933250000024
2024-12-06T13:08:32.000000,18082.131649999985,3889.2300999999934,21971.361750000025
2024-12-06T13:08:37.000000,18082.131649999985,3932.3361499999937,22014.467800000028
2024-12-06T13:09:37.000000,18051.497649999983,3932.3361499999937,21983.833800000026
2024-12-06T13:09:37.000000,18051.497649999983,3911.690199999994,21963.187850000028
2024-12-06T13:09:52.000000,18020.322849999982,3911.690199999994,21932.013050000027
2024-12-06T13:10:12.000000,17989.151249999984,3911.690199999994,21900.84145000003
2024-12-06T13:10:32.000000,17953.979049999987,3911.690199999994,21865.66925000003
2024-12-06T13:10:42.000000,17922.81064999999,3911.690199999994,21834.500850000033
2024-12-06T13:10:47.000000,17891.64224999999,3911.690199999994,21803.332450000034
2024-12-06T13:11:02.000000,17856.47644999999,3911.690199999994,21768.166650000036
2024-12-06T13:13:52.000000,17856.47644999999,3903.741399999994,21760.217850000037
2024-12-06T13:13:57.000000,17856.47644999999,3931.7835999999947,21788.260050000037
2024-12-06T13:14:07.000000,17856.47644999999,3889.8088999999954,21746.28535000004
2024-12-06T13:14:07.000000,17856.47644999999,3899.8195999999953,21756.296050000037
2024-12-06T13:14:17.000000,17856.47644999999,3926.263099999996,21782.73955000004
2024-12-06T13:14:22.000000,17856.47644999999,3969.6955499999963,21826.17200000004
2024-12-06T13:14:37.000000,17856.47644999999,3961.746749999996,21818.22320000004
2024-12-06T13:14:42.000000,17856.47644999999,3917.821349999995,21774.29780000004
2024-12-06T13:16:22.000000,17856.47644999999,3999.842849999995,21856.31930000004
2024-12-06T13:16:27.000000,17856.47644999999,4017.1648499999947,21873.64130000004
2024-12-06T13:16:27.000000,17856.47644999999,4117.174649999995,21973.65110000004
2024-12-06T13:16:37.000000,17856.47644999999,4101.501299999995,21957.97775000004
2024-12-06T13:16:37.000000,17856.47644999999,4195.954999999996,22052.43145000004
2024-12-06T13:16:42.000000,17856.47644999999,4307.4112499999965,22163.88770000004
2024-12-06T13:16:52.000000,17856.47644999999,4353.456149999997,22209.93260000004
2024-12-06T13:17:27.000000,17856.47644999999,4385.935749999996,22242.41220000004
2024-12-06T13:22:22.000000,17831.69469999999,4385.935749999996,22217.630450000037
2024-12-06T13:23:42.000000,17831.69469999999,4266.098149999997,22097.792850000038
2024-12-06T13:23:47.000000,17831.69469999999,4178.252549999997,22009.947250000037
2024-12-06T13:23:57.000000,17824.56189999999,4178.252549999997,22002.814450000038
2024-12-06T13:23:57.000000,17824.56189999999,4058.402149999997,21882.96405000004
2024-12-06T13:24:17.000000,17824.56189999999,3954.5413499999963,21779.103250000036
2024-12-06T13:24:27.000000,17773.42249999999,3954.5413499999963,21727.963850000036
2024-12-06T13:24:27.000000,17773.42249999999,3834.7037499999974,21608.126250000038
2024-12-06T13:24:32.000000,17773.42249999999,3698.8765499999986,21472.299050000038
2024-12-06T13:25:37.000000,17773.42249999999,3713.021449999998,21486.443950000037
2024-12-06T13:26:07.000000,17746.32349999999,3713.021449999998,21459.34495000004
2024-12-06T13:30:37.000000,17803.13949999999,3713.021449999998,21516.160950000038
2024-12-06T13:32:42.000000,17710.41554999999,3713.021449999998,21423.437000000038
2024-12-06T13:33:37.000000,17710.41554999999,3665.495449999997,21375.911000000036
2024-12-06T13:33:42.000000,17710.41554999999,3625.9770499999977,21336.392600000036
2024-12-06T13:36:22.000000,17710.41554999999,3554.4282499999977,21264.843800000035
2024-12-06T13:36:27.000000,17710.41554999999,3450.881049999997,21161.296600000034
2024-12-06T13:36:42.000000,17710.41554999999,3339.3134499999974,21049.729000000036
2024-12-06T13:37:22.000000,17710.41554999999,3091.7382499999967,20802.153800000036
2024-12-06T13:37:37.000000,17733.89924999999,3091.7382499999967,20825.637500000037
2024-12-06T13:37:42.000000,17760.38339999999,3091.7382499999967,20852.121650000037
2024-12-06T13:37:57.000000,17780.866649999993,3091.7382499999967,20872.60490000004
2024-12-06T13:38:02.000000,17789.348099999992,3091.7382499999967,20881.086350000038
2024-12-06T13:38:07.000000,17794.831499999993,3091.7382499999967,20886.56975000004
2024-12-06T13:38:32.000000,17812.739249999995,3091.7382499999967,20904.47750000004
2024-12-06T13:38:42.000000,17830.646999999997,3091.7382499999967,20922.385250000043
2024-12-06T13:39:17.000000,17838.336449999995,3091.7382499999967,20930.07470000004
2024-12-06T13:39:32.000000,17836.253199999996,3091.7382499999967,20927.99145000004
2024-12-06T13:40:17.000000,17836.253199999996,3087.425899999996,20923.67910000004
2024-12-06T13:40:17.000000,17836.253199999996,2943.808699999996,20780.06190000004
2024-12-06T13:40:32.000000,17836.253199999996,2939.4987499999966,20775.75195000004
2024-12-06T13:40:42.000000,17836.253199999996,2932.1907499999966,20768.44395000004
2024-12-06T13:40:47.000000,17836.253199999996,2964.9551499999957,20801.20835000004
2024-12-06T13:42:42.000000,17836.253199999996,2972.8573999999962,20809.11060000004
2024-12-06T13:46:17.000000,17836.253199999996,2965.7085999999963,20801.96180000004
2024-12-06T13:46:52.000000,17805.657599999995,2965.7085999999963,20771.36620000004
2024-12-06T13:50:22.000000,17805.657599999995,3046.0481999999956,20851.70580000004
2024-12-06T13:51:37.000000,17805.657599999995,3038.2161999999958,20843.87380000004
2024-12-06T13:52:02.000000,17805.657599999995,3030.384199999996,20836.041800000043
2024-12-06T13:55:27.000000,17797.868799999997,3030.384199999996,20828.253000000044
2024-12-06T13:56:07.000000,17797.868799999997,3045.209749999996,20843.078550000046
2024-12-06T13:56:42.000000,17797.868799999997,3023.6890999999955,20821.557900000047
2024-12-06T13:56:47.000000,17797.868799999997,3005.1664999999957,20803.035300000047
2024-12-06T13:56:52.000000,17797.868799999997,2986.641499999996,20784.510300000045
2024-12-06T13:57:02.000000,17797.868799999997,2968.1164999999964,20765.985300000044
2024-12-06T13:57:07.000000,17797.868799999997,2952.591949999996,20750.460750000042
2024-12-06T13:58:32.000000,17797.868799999997,2933.767099999996,20731.63590000004
2024-12-06T13:59:47.000000,17818.557799999995,2933.767099999996,20752.32490000004
2024-12-06T14:00:02.000000,17851.226199999994,2933.767099999996,20784.99330000004
2024-12-06T14:00:07.000000,17879.887599999995,2933.767099999996,20813.65470000004
2024-12-06T14:03:52.000000,17879.887599999995,2901.9346999999943,20781.822300000036
2024-12-06T14:03:57.000000,17879.887599999995,2852.109199999994,20731.996800000037
2024-12-06T14:04:07.000000,17879.887599999995,2784.3001999999933,20664.187800000036
2024-12-06T14:06:02.000000,17879.887599999995,2817.1941999999945,20697.081800000036
2024-12-06T14:06:12.000000,17879.887599999995,2822.591199999995,20702.478800000037
2024-12-06T14:06:17.000000,17879.887599999995,2850.488449999995,20730.37605000004
2024-12-06T14:06:22.000000,17879.887599999995,2873.384949999994,20753.272550000038
2024-12-06T14:06:22.000000,17879.887599999995,2973.514749999994,20853.402350000037
2024-12-06T14:06:27.000000,17879.887599999995,2991.4184999999943,20871.306100000038
2024-12-06T14:06:27.000000,17879.887599999995,3067.5686999999925,20947.456300000034
2024-12-06T14:06:32.000000,17879.887599999995,3085.472449999993,20965.360050000036
2024-12-06T14:06:32.000000,17879.887599999995,3161.627449999993,21041.515050000035
2024-12-06T14:06:37.000000,17879.887599999995,3184.5279499999942,21064.415550000034
2024-12-06T14:06:42.000000,17879.887599999995,3207.4324499999934,21087.320050000035
2024-12-06T14:06:42.000000,17879.887599999995,3301.5949499999924,21181.482550000033
2024-12-06T14:06:42.000000,17879.887599999995,3395.7574499999914,21275.645050000032
2024-12-06T14:06:47.000000,17879.887599999995,3418.6619499999906,21298.549550000032
2024-12-06T14:06:47.000000,17879.887599999995,3500.83224999999,21380.71985000003
2024-12-06T14:06:57.000000,17879.887599999995,3508.7424999999903,21388.63010000003
2024-12-06T14:06:57.000000,17879.887599999995,3560.927499999991,21440.815100000033
2024-12-06T14:07:12.000000,17879.887599999995,3553.785099999991,21433.672700000032
2024-12-06T14:07:22.000000,17879.887599999995,3571.6888499999914,21451.576450000033
2024-12-06T14:07:27.000000,17879.887599999995,3556.5516499999917,21436.439250000032
2024-12-06T14:07:32.000000,17879.887599999995,3569.458649999993,21449.346250000035
2024-12-06T14:08:32.000000,17879.887599999995,3615.6331499999933,21495.520750000036
2024-12-06T14:08:42.000000,17879.887599999995,3667.798949999992,21547.686550000035
2024-12-06T14:08:47.000000,17879.887599999995,3713.963849999992,21593.851450000035
2024-12-06T14:08:57.000000,17879.887599999995,3754.1278499999908,21634.015450000035
2024-12-06T14:09:02.000000,17879.887599999995,3800.287949999991,21680.175550000036
2024-12-06T14:09:07.000000,17879.887599999995,3840.447149999992,21720.33475000004
2024-12-06T14:09:12.000000,17879.887599999995,3874.610249999992,21754.49785000004
2024-12-06T14:09:27.000000,17879.887599999995,3866.791049999992,21746.678650000038
2024-12-06T14:09:32.000000,17879.887599999995,3852.9757499999932,21732.86335000004
2024-12-06T14:11:42.000000,17879.887599999995,3821.6441499999937,21701.531750000042
2024-12-06T14:12:37.000000,17879.887599999995,3822.2885499999948,21702.176150000043
2024-12-06T14:12:47.000000,17879.887599999995,3802.9459499999957,21682.833550000043
2024-12-06T14:13:57.000000,17870.347149999994,3802.9459499999957,21673.293100000043
2024-12-06T14:13:57.000000,17857.806249999994,3802.9459499999957,21660.752200000043
2024-12-06T14:14:37.000000,17857.806249999994,3802.3876499999956,21660.193900000042
2024-12-06T14:14:37.000000,17857.806249999994,3810.055499999996,21667.861750000044
2024-12-06T14:14:42.000000,17857.806249999994,3820.2341999999967,21678.040450000044
2024-12-06T14:14:52.000000,17857.806249999994,3813.677399999997,21671.483650000046
2024-12-06T14:14:52.000000,17857.806249999994,3827.343749999997,21685.150000000045
2024-12-06T14:14:52.000000,17857.806249999994,3855.4339499999983,21713.240200000047
2024-12-06T14:14:57.000000,17857.806249999994,3869.1002999999982,21726.906550000047
2024-12-06T14:14:57.000000,17857.806249999994,3909.1922999999992,21766.998550000048
2024-12-06T14:15:22.000000,17857.806249999994,3913.8597,21771.66595000005
2024-12-06T14:15:32.000000,17857.806249999994,3921.5275500000002,21779.33380000005
2024-12-06T14:15:57.000000,17857.806249999994,3963.30675,21821.113000000052
2024-12-06T14:16:32.000000,17857.806249999994,3891.625000000001,21749.431250000052
2024-12-06T14:16:42.000000,17857.806249999994,3871.808800000001,21729.61505000005
2024-12-06T14:16:57.000000,17857.806249999994,3869.2078,21727.01405000005
2024-12-06T14:18:32.000000,17857.806249999994,3882.4827999999998,21740.289050000047
2024-12-06T14:18:32.000000,17857.806249999994,3970.6108,21828.417050000047
2024-12-06T14:18:37.000000,17857.806249999994,3983.8857999999996,21841.692050000045
2024-12-06T14:18:42.000000,17857.806249999994,4002.15755,21859.963800000045
2024-12-06T14:18:47.000000,17857.806249999994,4015.4325499999995,21873.238800000043
2024-12-06T14:18:52.000000,17857.806249999994,4023.7107999999985,21881.517050000042
2024-12-06T14:20:07.000000,17794.297049999994,4023.7107999999985,21818.00785000004
2024-12-06T14:21:12.000000,17794.297049999994,4188.0598,21982.356850000044
2024-12-06T14:23:02.000000,17794.297049999994,4175.551049999999,21969.848100000043
2024-12-06T14:23:52.000000,17888.505949999995,4175.551049999999,22064.057000000044
2024-12-06T14:24:17.000000,17888.505949999995,4248.023849999999,22136.529800000044
2024-12-06T14:24:22.000000,17888.505949999995,4320.496649999998,22209.002600000043
2024-12-06T14:24:32.000000,17888.505949999995,4392.975849999998,22281.48180000004
2024-12-06T14:24:37.000000,17888.505949999995,4457.460249999998,22345.966200000043
2024-12-06T14:24:57.000000,18033.681699999997,4457.460249999998,22491.141950000045
2024-12-06T14:25:17.000000,18033.681699999997,4466.861049999998,22500.542750000044
2024-12-06T14:28:52.000000,18031.1255,4466.861049999998,22497.986550000045
2024-12-06T14:29:42.000000,18031.1255,4439.322699999998,22470.448200000046
2024-12-06T14:33:13.000000,18009.4066,4439.322699999998,22448.729300000046
2024-12-06T14:33:32.000000,18009.4066,4531.852899999998,22541.259500000047
2024-12-06T14:34:22.000000,18009.4066,4522.302849999997,22531.709450000046
2024-12-06T14:34:47.000000,18022.58655,4522.302849999997,22544.889400000047
2024-12-06T14:35:17.000000,18022.58655,4509.749949999998,22532.33650000005
2024-12-06T14:35:22.000000,17995.53555,4509.749949999998,22505.28550000005
2024-12-06T14:36:42.000000,18032.12135,4509.749949999998,22541.87130000005
2024-12-06T14:36:47.000000,18080.712150000003,4509.749949999998,22590.46210000005
2024-12-06T14:36:52.000000,18121.308150000004,4509.749949999998,22631.058100000053
2024-12-06T14:37:02.000000,18169.908550000004,4509.749949999998,22679.658500000052
2024-12-06T14:37:07.000000,18210.514150000003,4509.749949999998,22720.26410000005
2024-12-06T14:37:12.000000,18203.47015,4509.749949999998,22713.22010000005
2024-12-06T14:37:12.000000,18236.07455,4509.749949999998,22745.82450000005
2024-12-06T14:37:17.000000,18252.682950000002,4509.749949999998,22762.43290000005
2024-12-06T14:37:22.000000,18265.293950000003,4509.749949999998,22775.04390000005
2024-12-06T14:37:27.000000,18261.90575,4509.749949999998,22771.65570000005
2024-12-06T14:38:42.000000,18234.094750000004,4509.749949999998,22743.844700000052
2024-12-06T14:38:57.000000,18201.283000000003,4509.749949999998,22711.03295000005
2024-12-06T14:39:02.000000,18168.471250000002,4509.749949999998,22678.22120000005
2024-12-06T14:40:17.000000,18168.471250000002,4523.440299999997,22691.91155000005
2024-12-06T14:41:02.000000,18168.471250000002,4526.609949999996,22695.08120000005
2024-12-06T14:41:37.000000,18195.2098,4526.609949999996,22721.81975000005
2024-12-06T14:41:37.000000,18221.94835,4526.609949999996,22748.558300000048
2024-12-06T14:42:27.000000,18221.94835,4529.779599999996,22751.727950000048
2024-12-06T14:43:17.000000,18195.221349999996,4529.779599999996,22725.000950000045
2024-12-06T14:43:32.000000,18163.497599999995,4529.779599999996,22693.277200000044
2024-12-06T14:43:42.000000,18163.497599999995,4521.951599999996,22685.449200000043
2024-12-06T14:44:17.000000,18132.188399999995,4521.951599999996,22654.140000000043
2024-12-06T14:44:27.000000,18096.884999999995,4521.951599999996,22618.836600000042
2024-12-06T14:44:37.000000,18061.584799999993,4521.951599999996,22583.53640000004
2024-12-06T14:44:42.000000,18026.287799999995,4521.951599999996,22548.239400000042
2024-12-06T14:44:42.000000,17950.539199999996,4521.951599999996,22472.490800000043
2024-12-06T14:44:47.000000,17907.244199999997,4521.951599999996,22429.195800000045
2024-12-06T14:44:52.000000,17855.944799999997,4521.951599999996,22377.896400000045
2024-12-06T14:44:57.000000,17796.650599999997,4521.951599999996,22318.602200000045
2024-12-06T14:45:02.000000,17796.650599999997,4536.412349999996,22333.062950000043
2024-12-06T14:45:02.000000,17725.360999999997,4536.412349999996,22261.773350000043
2024-12-06T14:45:02.000000,17650.070799999998,4536.412349999996,22186.483150000044
2024-12-06T14:45:02.000000,17650.070799999998,4576.797149999997,22226.867950000043
2024-12-06T14:45:02.000000,17574.335799999997,4576.797149999997,22151.132950000043
2024-12-06T14:45:02.000000,17498.600799999997,4576.797149999997,22075.397950000042
2024-12-06T14:45:02.000000,17422.865799999996,4576.797149999997,21999.66295000004
2024-12-06T14:45:02.000000,17398.138449999995,4576.797149999997,21974.93560000004
2024-12-09T09:51:07.000000,17398.138449999995,4529.199149999998,21927.337600000043
2024-12-09T09:51:22.000000,17398.138449999995,4491.590649999998,21889.729100000044
2024-12-09T09:54:07.000000,17351.982999999993,4491.590649999998,21843.573650000042
2024-12-09T09:54:22.000000,17305.825149999993,4491.590649999998,21797.415800000043
2024-12-09T10:01:57.000000,17312.256049999993,4491.590649999998,21803.846700000042
2024-12-09T10:05:37.000000,17519.572299999993,4491.590649999998,22011.16295000004
2024-12-09T10:05:42.000000,17746.88354999999,4491.590649999998,22238.47420000004
2024-12-09T10:05:52.000000,17979.18754999999,4491.590649999998,22470.77820000004
2024-12-09T10:05:52.000000,18206.490799999992,4491.590649999998,22698.08145000004
2024-12-09T10:05:57.000000,18433.794049999993,4491.590649999998,22925.384700000042
2024-12-09T10:06:07.000000,18621.127299999993,4491.590649999998,23112.717950000042
2024-12-09T10:06:12.000000,18763.481799999994,4491.590649999998,23255.072450000043
2024-12-09T10:07:17.000000,18763.481799999994,4549.949349999998,23313.431150000044
2024-12-09T10:07:32.000000,18763.481799999994,4614.299349999998,23377.781150000046
2024-12-09T10:07:42.000000,18763.481799999994,4672.648449999999,23436.130250000046
2024-12-09T10:08:07.000000,18763.481799999994,4701.002649999998,23464.484450000044
2024-12-09T10:08:07.000000,18763.481799999994,4455.187749999996,23218.669550000042
2024-12-09T10:08:12.000000,18763.481799999994,4477.545849999996,23241.02765000004
2024-12-09T10:08:17.000000,18763.481799999994,4499.903949999995,23263.385750000038
2024-12-09T10:08:42.000000,18763.481799999994,4482.2664499999955,23245.748250000037
2024-12-09T10:08:52.000000,18763.481799999994,4464.624949999996,23228.106750000035
2024-12-09T10:08:57.000000,18763.481799999994,4446.987449999996,23210.469250000035
2024-12-09T10:09:12.000000,18763.481799999994,4439.343449999996,23202.825250000034
2024-12-09T10:09:17.000000,18763.481799999994,4431.6994499999955,23195.181250000034
2024-12-09T10:10:02.000000,18763.481799999994,4449.111049999997,23212.592850000034
2024-12-09T10:10:07.000000,18763.481799999994,4466.522649999998,23230.004450000033
2024-12-09T10:10:43.000000,18763.481799999994,4423.230849999998,23186.712650000034
2024-12-09T10:10:57.000000,18763.481799999994,4565.521349999998,23329.003150000033
2024-12-09T10:11:02.000000,18763.481799999994,4712.812599999999,23476.294400000035
2024-12-09T10:11:12.000000,18763.481799999994,4815.133100000001,23578.614900000037
2024-12-09T10:11:17.000000,18763.481799999994,4882.476350000002,23645.95815000004
2024-12-09T10:11:22.000000,18763.481799999994,4939.822100000001,23703.30390000004
2024-12-09T10:11:27.000000,18763.481799999994,4967.187350000001,23730.669150000038
2024-12-09T10:11:32.000000,18763.481799999994,5004.550100000001,23768.031900000038
2024-12-09T10:12:22.000000,18763.481799999994,5051.910350000001,23815.392150000036
2024-12-09T10:12:27.000000,18763.481799999994,5089.277100000001,23852.758900000037
2024-12-09T10:12:32.000000,18763.481799999994,5126.643850000001,23890.125650000038
2024-12-09T10:13:42.000000,18763.481799999994,5126.224900000001,23889.70670000004
2024-12-09T10:13:42.000000,18763.481799999994,5175.1325000000015,23938.614300000037
2024-12-09T10:13:52.000000,18763.481799999994,5232.038100000002,23995.51990000004
2024-12-09T10:13:57.000000,18763.481799999994,5276.951500000003,24040.43330000004
2024-12-09T10:14:07.000000,18763.481799999994,5229.6047000000035,23993.08650000004
2024-12-09T10:14:22.000000,18763.481799999994,5206.261500000004,23969.743300000042
2024-12-09T10:14:52.000000,18763.481799999994,5134.917500000004,23898.39930000004
2024-12-09T10:14:52.000000,18763.481799999994,5063.573500000004,23827.05530000004
2024-12-09T10:14:52.000000,18763.481799999994,4976.239900000003,23739.72170000004
2024-12-09T10:19:27.000000,18763.481799999994,4913.805900000005,23677.28770000004
2024-12-09T10:20:02.000000,18763.481799999994,4892.512600000004,23655.99440000004
2024-12-09T10:20:12.000000,18763.481799999994,4871.224900000003,23634.70670000004
2024-12-09T10:20:17.000000,18763.481799999994,4828.956450000003,23592.43825000004
2024-12-09T10:20:47.000000,18721.833499999993,4828.956450000003,23550.78995000004
2024-12-09T10:21:02.000000,18721.833499999993,4804.452150000003,23526.285650000038
2024-12-09T10:21:22.000000,18721.833499999993,4807.613650000003,23529.447150000036
2024-12-09T10:22:03.000000,18694.222499999993,4807.613650000003,23501.836150000036
2024-12-09T10:23:17.000000,18694.222499999993,4834.952500000002,23529.175000000036
2024-12-09T10:23:37.000000,18694.222499999993,4862.285750000003,23556.508250000035
2024-12-09T10:23:52.000000,18694.222499999993,4854.636150000003,23548.858650000035
2024-12-09T10:23:57.000000,18694.222499999993,4846.997750000003,23541.220250000035
2024-12-09T10:24:18.000000,18686.363299999994,4846.997750000003,23533.361050000036
2024-12-09T10:24:18.000000,18682.504699999994,4846.997750000003,23529.502450000036
2024-12-09T10:24:28.000000,18674.648699999994,4846.997750000003,23521.646450000037
2024-12-09T10:25:13.000000,18662.801699999993,4846.997750000003,23509.799450000035
2024-12-09T10:25:43.000000,18654.95209999999,4846.997750000003,23501.949850000034
2024-12-09T10:25:47.000000,18654.95209999999,4855.192150000004,23510.144250000034
2024-12-09T10:25:48.000000,18651.103099999993,4855.192150000004,23506.295250000036
2024-12-09T10:25:57.000000,18651.103099999993,4847.409750000004,23498.512850000036
2024-12-09T10:26:13.000000,18647.254099999995,4847.409750000004,23494.663850000037
2024-12-09T10:26:38.000000,18663.388899999994,4847.409750000004,23510.798650000037
2024-12-09T10:26:43.000000,18679.523699999994,4847.409750000004,23526.933450000037
2024-12-09T10:26:53.000000,18683.663099999994,4847.409750000004,23531.072850000037
2024-12-09T10:27:03.000000,18679.794899999994,4847.409750000004,23527.204650000036
2024-12-09T10:27:08.000000,18671.929299999993,4847.409750000004,23519.339050000035
2024-12-09T10:31:22.000000,18671.929299999993,4824.930550000005,23496.859850000037
2024-12-09T10:32:32.000000,18671.929299999993,4838.065550000006,23509.99485000004
2024-12-09T10:32:32.000000,18671.929299999993,4846.707950000005,23518.63725000004
2024-12-09T10:32:37.000000,18671.929299999993,4854.846200000006,23526.77550000004
2024-12-09T10:32:37.000000,18671.929299999993,4889.8301000000065,23561.75940000004
2024-12-09T10:32:37.000000,18671.929299999993,4890.477700000007,23562.40700000004
2024-12-09T10:32:42.000000,18671.929299999993,4878.620950000006,23550.55025000004
2024-12-09T10:32:42.000000,18671.929299999993,4920.605900000006,23592.535200000042
2024-12-09T10:32:42.000000,18671.929299999993,4955.192200000006,23627.12150000004
2024-12-09T10:32:42.000000,18671.929299999993,4963.834600000006,23635.76390000004
2024-12-09T10:32:47.000000,18671.929299999993,4998.4209000000055,23670.35020000004
2024-12-09T10:32:52.000000,18671.929299999993,4991.560900000006,23663.49020000004
2024-12-09T10:32:52.000000,18671.929299999993,4984.700900000006,23656.63020000004
2024-12-09T10:35:02.000000,18671.929299999993,5001.535700000007,23673.46500000004
2024-12-09T10:35:02.000000,18671.929299999993,5015.372450000007,23687.30175000004
2024-12-09T10:35:07.000000,18671.929299999993,5052.4736000000075,23724.40290000004
2024-12-09T10:35:27.000000,18671.929299999993,5080.587800000008,23752.51710000004
2024-12-09T10:35:32.000000,18671.929299999993,5109.466800000008,23781.39610000004
2024-12-09T10:42:42.000000,18664.36769999999,5109.466800000008,23773.83450000004
2024-12-09T10:42:52.000000,18674.363999999994,5109.466800000008,23783.830800000043
2024-12-09T10:43:02.000000,18684.360299999997,5109.466800000008,23793.827100000046
2024-12-09T10:43:07.000000,18694.3566,5109.466800000008,23803.82340000005
2024-12-09T10:43:12.000000,18704.3529,5109.466800000008,23813.81970000005
2024-12-09T10:44:47.000000,18704.3529,4744.416450000009,23448.76935000005
2024-12-09T10:45:47.000000,18704.3529,4721.034850000007,23425.38775000005
2024-12-09T10:50:42.000000,18704.3529,4637.839450000007,23342.19235000005
2024-12-09T10:51:47.000000,18704.3529,4490.602450000006,23194.955350000047
2024-12-09T10:52:12.000000,18704.3529,4335.370650000005,23039.723550000046
2024-12-09T10:54:22.000000,18704.3529,4244.119650000005,22948.472550000046
2024-12-09T10:54:27.000000,18704.3529,4148.8648500000045,22853.217750000043
2024-12-09T10:54:32.000000,18704.3529,4061.6016500000046,22765.954550000042
2024-12-09T10:54:42.000000,18704.3529,3966.334050000005,22670.686950000043
2024-12-09T10:54:47.000000,18704.3529,3875.0606500000044,22579.41355000004
2024-12-09T10:54:52.000000,18704.3529,3783.790450000004,22488.143350000042
2024-12-09T10:55:27.000000,18704.3529,3775.982450000004,22480.33535000004
2024-12-09T10:55:42.000000,18704.3529,3716.739450000003,22421.09235000004
2024-12-09T10:56:12.000000,18704.3529,3772.902650000003,22477.255550000038
2024-12-09T10:57:17.000000,18704.3529,3797.582650000004,22501.93555000004
2024-12-09T10:57:22.000000,18704.3529,3806.2698500000038,22510.62275000004
2024-12-09T10:57:27.000000,18704.3529,3794.9636500000047,22499.31655000004
2024-12-09T10:58:52.000000,18704.3529,3643.646050000005,22347.99895000004
2024-12-09T10:58:57.000000,18704.3529,3468.3312500000056,22172.68415000004
2024-12-09T10:59:22.000000,18704.3529,3253.0008500000044,21957.35375000004
2024-12-09T11:00:12.000000,18704.3529,3065.661850000005,21770.01475000004
2024-12-09T11:00:47.000000,18704.3529,2906.3430500000054,21610.695950000038
2024-12-09T11:04:22.000000,18704.3529,3022.908850000005,21727.261750000038
2024-12-09T11:04:32.000000,18704.3529,3147.4630500000058,21851.81595000004
2024-12-09T11:06:42.000000,18704.3529,3379.9918500000063,22084.34475000004
2024-12-09T11:07:12.000000,18704.3529,3524.545850000006,22228.89875000004
2024-12-09T11:07:57.000000,18704.3529,3609.1004500000045,22313.45335000004
2024-12-09T11:08:22.000000,18671.86115,3609.1004500000045,22280.96160000004
2024-12-09T11:08:22.000000,18671.86115,3717.658650000004,22389.51980000004
2024-12-09T11:09:47.000000,18556.56495,3717.658650000004,22274.223600000038
2024-12-09T11:11:47.000000,18541.25495,3717.658650000004,22258.913600000036
2024-12-09T11:11:52.000000,18517.94375,3717.658650000004,22235.602400000036
2024-12-09T11:12:42.000000,18525.446,3717.658650000004,22243.104650000038
2024-12-09T11:12:47.000000,18527.951500000003,3717.658650000004,22245.61015000004
2024-12-09T11:13:02.000000,18527.951500000003,3798.2958500000036,22326.24735000004
2024-12-09T11:13:12.000000,18527.951500000003,3866.9408500000027,22394.892350000042
2024-12-09T11:13:22.000000,18527.951500000003,3915.595650000003,22443.547150000042
2024-12-09T11:13:32.000000,18525.456250000003,3915.595650000003,22441.051900000042
2024-12-09T11:13:37.000000,18507.962750000002,3915.595650000003,22423.55840000004
2024-12-09T11:13:42.000000,18500.470750000004,3915.595650000003,22416.066400000043
2024-12-09T11:13:47.000000,18492.978750000006,3915.595650000003,22408.574400000045
2024-12-09T11:15:02.000000,18500.481000000007,3915.595650000003,22416.076650000046
2024-12-09T11:15:27.000000,18500.481000000007,3897.978150000003,22398.459150000046
2024-12-09T11:16:12.000000,18497.981750000006,3897.978150000003,22395.959900000045
2024-12-09T11:16:32.000000,18490.481750000006,3897.978150000003,22388.459900000045
2024-12-09T11:20:57.000000,18490.481750000006,3886.6687500000025,22377.150500000043
2024-12-09T11:24:07.000000,18523.207750000005,3886.6687500000025,22409.876500000042
2024-12-09T11:24:17.000000,18551.939550000006,3886.6687500000025,22438.608300000044
2024-12-09T11:24:22.000000,18580.668150000005,3886.6687500000025,22467.336900000042
2024-12-09T11:24:27.000000,18617.391550000004,3886.6687500000025,22504.06030000004
2024-12-09T11:24:32.000000,18650.114350000003,3886.6687500000025,22536.78310000004
2024-12-09T11:25:27.000000,18650.114350000003,3919.314750000002,22569.42910000004
2024-12-09T11:25:32.000000,18650.114350000003,3967.956750000002,22618.07110000004
2024-12-09T11:26:07.000000,18650.114350000003,4040.659950000002,22690.77430000004
2024-12-09T11:35:07.000000,18634.925950000004,4040.659950000002,22675.585900000042
2024-12-09T13:01:22.000000,18535.747350000005,4040.659950000002,22576.407300000043
2024-12-09T13:01:57.000000,18472.558150000004,4040.659950000002,22513.218100000042
2024-12-09T13:02:02.000000,18421.367550000006,4040.659950000002,22462.027500000044
2024-12-09T13:02:17.000000,18382.178750000006,4040.659950000002,22422.838700000044
2024-12-09T13:02:22.000000,18346.987350000007,4040.659950000002,22387.647300000044
2024-12-09T13:02:27.000000,18319.793950000007,4040.659950000002,22360.453900000044
2024-12-09T13:02:32.000000,18288.599950000007,4040.659950000002,22329.259900000045
2024-12-09T13:02:37.000000,18261.403350000008,4040.659950000002,22302.063300000045
2024-12-09T13:02:42.000000,18234.20675000001,4040.659950000002,22274.866700000046
2024-12-09T13:02:47.000000,18211.00755000001,4040.659950000002,22251.667500000047
2024-12-09T13:02:52.000000,18191.80575000001,4040.659950000002,22232.465700000048
2024-12-09T13:02:57.000000,18184.59935000001,4040.659950000002,22225.25930000005
2024-12-09T13:03:02.000000,18177.392950000012,4040.659950000002,22218.05290000005
2024-12-09T13:03:07.000000,18178.181350000013,4040.659950000002,22218.84130000005
2024-12-09T13:03:12.000000,18190.96515000001,4040.659950000002,22231.62510000005
2024-12-09T13:03:32.000000,18231.733950000013,4040.659950000002,22272.39390000005
2024-12-09T13:03:42.000000,18292.496150000014,4040.659950000002,22333.15610000005
2024-12-09T13:03:52.000000,18357.258950000014,4040.659950000002,22397.91890000005
2024-12-09T13:04:22.000000,18410.042350000014,4040.659950000002,22450.70230000005
2024-12-09T13:04:47.000000,18462.819350000016,4040.659950000002,22503.479300000054
2024-12-09T13:04:57.000000,18511.595750000015,4040.659950000002,22552.255700000052
2024-12-09T13:05:02.000000,18568.370150000013,4040.659950000002,22609.03010000005
2024-12-09T13:05:12.000000,18645.150750000015,4040.659950000002,22685.810700000053
2024-12-09T13:06:47.000000,18645.150750000015,4104.721950000002,22749.872700000054
2024-12-09T13:06:52.000000,18645.150750000015,4168.783950000002,22813.934700000056
2024-12-09T13:07:02.000000,18645.150750000015,4214.843250000003,22859.994000000057
2024-12-09T13:07:32.000000,18645.150750000015,4278.9052500000025,22924.05600000006
2024-12-09T13:07:37.000000,18645.150750000015,4342.967250000002,22988.11800000006
2024-12-09T13:07:42.000000,18645.150750000015,4389.040950000001,23034.191700000058
2024-12-09T13:07:52.000000,18645.150750000015,4349.445750000001,22994.596500000058
2024-12-09T13:07:57.000000,18645.150750000015,4377.53115,23022.681900000058
2024-12-09T13:08:32.000000,18645.150750000015,4353.91275,22999.06350000006
2024-12-09T13:08:37.000000,18645.150750000015,4330.294350000001,22975.44510000006
2024-12-09T13:08:42.000000,18645.150750000015,4295.048550000001,22940.19930000006
2024-12-09T13:08:42.000000,18645.150750000015,4287.419750000001,22932.57050000006
2024-12-09T13:08:47.000000,18645.150750000015,4279.7909500000005,22924.94170000006
2024-12-09T13:08:52.000000,18645.150750000015,4288.16455,22933.31530000006
2024-12-09T13:08:57.000000,18645.150750000015,4280.916550000001,22926.06730000006
2024-12-09T13:08:57.000000,18645.150750000015,4273.300550000001,22918.45130000006
2024-12-09T13:09:02.000000,18645.150750000015,4281.674150000001,22926.824900000058
2024-12-09T13:09:07.000000,18645.150750000015,4250.4321500000015,22895.58290000006
2024-12-09T13:09:07.000000,18645.150750000015,4242.8161500000015,22887.966900000058
2024-12-09T13:09:12.000000,18645.150750000015,4251.189750000001,22896.340500000057
2024-12-09T13:09:17.000000,18645.150750000015,4235.9501500000015,22881.100900000056
2024-12-09T13:09:17.000000,18645.150750000015,4212.715750000002,22857.866500000055
2024-12-09T13:09:17.000000,18645.150750000015,4189.110150000002,22834.260900000056
2024-12-09T13:09:22.000000,18645.150750000015,4173.870550000002,22819.021300000055
2024-12-09T13:09:22.000000,18645.150750000015,4150.2649500000025,22795.415700000056
2024-12-09T13:09:27.000000,18645.150750000015,4111.034550000003,22756.185300000056
2024-12-09T13:09:27.000000,18645.150750000015,4087.441750000002,22732.592500000053
2024-12-09T13:09:37.000000,18645.150750000015,4068.201550000001,22713.352300000053
2024-12-09T13:09:37.000000,18645.150750000015,4028.6191500000004,22673.769900000054
2024-12-09T13:09:57.000000,18645.150750000015,4017.386550000001,22662.537300000055
2024-12-09T13:10:02.000000,18645.150750000015,4010.154550000001,22655.305300000055
2024-12-09T13:10:07.000000,18645.150750000015,4014.92115,22660.071900000054
2024-12-09T13:10:12.000000,18645.150750000015,4023.68835,22668.839100000052
2024-12-09T13:10:17.000000,18645.150750000015,3996.8271000000004,22641.977850000054
2024-12-09T13:10:17.000000,18645.150750000015,3993.595700000001,22638.746450000053
2024-12-09T13:10:22.000000,18645.150750000015,3998.3655000000017,22643.516250000055
2024-12-09T13:10:27.000000,18645.150750000015,3999.1379000000015,22644.288650000053
2024-12-09T13:10:27.000000,18645.150750000015,3973.570400000001,22618.721150000052
2024-12-09T13:10:32.000000,18645.150750000015,3974.349200000001,22619.499950000052
2024-12-09T13:10:32.000000,18645.150750000015,3948.7817000000005,22593.93245000005
2024-12-09T13:10:37.000000,18645.150750000015,3933.5645000000004,22578.715250000052
2024-12-09T13:10:47.000000,18645.150750000015,3922.3543000000013,22567.505050000054
2024-12-09T13:10:52.000000,18645.150750000015,3891.1571000000017,22536.307850000056
2024-12-09T13:10:57.000000,18643.841250000016,3891.1571000000017,22534.998350000056
2024-12-09T13:12:42.000000,18643.841250000016,3867.5771000000022,22511.418350000058
2024-12-09T13:13:07.000000,18643.841250000016,3812.341100000002,22456.182350000057
2024-12-09T13:13:07.000000,18643.841250000016,3809.8009000000025,22453.642150000058
2024-12-09T13:13:17.000000,18643.841250000016,3758.5559000000026,22402.39715000006
2024-12-09T13:13:22.000000,18643.841250000016,3703.3103000000024,22347.151550000057
2024-12-09T13:13:22.000000,18643.841250000016,3711.7095000000036,22355.550750000057
2024-12-09T13:13:27.000000,18643.841250000016,3660.458100000004,22304.299350000056
2024-12-09T13:13:32.000000,18643.841250000016,3601.208700000003,22245.049950000055
2024-12-09T13:13:42.000000,18643.841250000016,3537.952300000004,22181.793550000057
2024-12-09T13:13:42.000000,18643.841250000016,3562.3411000000046,22206.182350000057
2024-12-09T13:13:47.000000,18643.841250000016,3511.073700000005,22154.914950000057
2024-12-09T13:14:02.000000,18643.841250000016,3419.8195000000046,22063.660750000057
2024-12-09T13:14:07.000000,18643.841250000016,3324.5647000000035,21968.405950000055
2024-12-09T13:14:22.000000,18643.841250000016,3273.310100000004,21917.151350000055
2024-12-09T13:14:22.000000,18643.841250000016,3218.0581000000034,21861.899350000054
2024-12-09T13:14:22.000000,18643.841250000016,3158.8087000000023,21802.649950000054
2024-12-09T13:14:32.000000,18643.841250000016,3181.3412000000017,21825.182450000055
2024-12-09T13:14:37.000000,18643.841250000016,3208.8704500000017,21852.711700000054
2024-12-09T13:14:42.000000,18643.841250000016,3236.3997000000018,21880.240950000054
2024-12-09T13:14:42.000000,18643.841250000016,3228.8093000000017,21872.650550000053
2024-12-09T13:14:47.000000,18643.841250000016,3222.053300000002,21865.894550000052
2024-12-09T13:14:47.000000,18643.841250000016,3239.5890500000023,21883.43030000005
2024-12-09T13:14:47.000000,18643.841250000016,3231.9986500000023,21875.83990000005
2024-12-09T13:14:52.000000,18643.841250000016,3225.2426500000024,21869.08390000005
2024-12-09T13:14:52.000000,18643.841250000016,3242.778400000003,21886.619650000048
2024-12-09T13:15:02.000000,18643.841250000016,3255.313400000004,21899.154650000048
2024-12-09T13:15:02.000000,18643.841250000016,3212.0664000000043,21855.90765000005
2024-12-09T13:15:02.000000,18643.841250000016,3176.8142000000057,21820.65545000005
2024-12-09T13:15:02.000000,18643.841250000016,3137.5646000000065,21781.40585000005
2024-12-09T13:15:02.000000,18643.841250000016,3090.3202000000074,21734.16145000005
2024-12-09T13:15:07.000000,18643.841250000016,3107.851950000008,21751.693200000052
2024-12-09T13:15:07.000000,18643.841250000016,3048.615350000008,21692.456600000052
2024-12-09T13:15:12.000000,18643.841250000016,3046.860100000009,21690.701350000054
2024-12-09T13:15:12.000000,18643.841250000016,2983.6293000000087,21627.470550000053
2024-12-09T13:16:07.000000,18643.841250000016,2960.049300000009,21603.890550000055
2024-12-09T13:17:12.000000,18643.841250000016,2953.301300000009,21597.142550000055
2024-12-09T13:17:12.000000,18643.841250000016,2950.06990000001,21593.911150000054
2024-12-09T13:18:07.000000,18643.841250000016,3002.818100000011,21646.659350000056
2024-12-09T13:18:52.000000,18643.841250000016,3075.5373000000104,21719.378550000056
2024-12-09T13:19:02.000000,18643.841250000016,3156.24810000001,21800.089350000057
2024-12-09T13:19:12.000000,18643.841250000016,3248.95430000001,21892.795550000057
2024-12-09T13:19:17.000000,18643.841250000016,3321.6735000000094,21965.514750000057
2024-12-09T13:19:22.000000,18643.841250000016,3382.3973000000087,22026.238550000056
2024-12-09T13:19:27.000000,18643.841250000016,3435.126300000008,22078.967550000056
2024-12-09T13:19:32.000000,18643.841250000016,3483.857900000008,22127.699150000055
2024-12-09T13:19:37.000000,18643.841250000016,3528.5921000000076,22172.433350000054
2024-12-09T13:19:42.000000,18643.841250000016,3565.3315000000075,22209.172750000052
2024-12-09T13:19:47.000000,18643.841250000016,3574.0443000000073,22217.885550000054
2024-12-09T13:19:52.000000,18643.841250000016,3590.7519000000066,22234.59315000005
2024-12-09T13:19:57.000000,18643.841250000016,3607.459500000006,22251.30075000005
2024-12-09T13:20:02.000000,18643.841250000016,3632.161900000005,22276.003150000048
2024-12-09T13:20:07.000000,18643.841250000016,3648.8695000000043,22292.710750000046
2024-12-09T13:20:12.000000,18643.841250000016,3633.5787000000046,22277.419950000047
2024-12-09T13:20:17.000000,18643.841250000016,3634.290300000004,22278.131550000046
2024-12-09T13:20:22.000000,18643.841250000016,3634.995500000004,22278.836750000046
2024-12-09T13:20:42.000000,18643.841250000016,3504.3753000000033,22148.216550000045
2024-12-09T13:21:22.000000,18643.841250000016,3505.593450000003,22149.434700000045
2024-12-09T13:21:27.000000,18643.841250000016,3506.8116000000027,22150.652850000046
2024-12-09T13:21:32.000000,18643.841250000016,3508.0297500000024,22151.871000000046
2024-12-09T13:21:42.000000,18643.841250000016,3509.247900000002,22153.089150000047
2024-12-09T13:22:37.000000,18643.841250000016,3501.4719000000023,22145.313150000045
2024-12-09T13:22:52.000000,18643.841250000016,3493.6959000000024,22137.537150000044
2024-12-09T13:24:27.000000,18643.841250000016,3474.465300000002,22118.306550000045
2024-12-09T13:27:32.000000,18643.841250000016,3484.5768000000035,22128.418050000048
2024-12-09T13:27:37.000000,18643.841250000016,3494.688300000005,22138.52955000005
2024-12-09T13:27:47.000000,18643.841250000016,3504.799800000006,22148.641050000053
2024-12-09T13:28:22.000000,18643.841250000016,3541.5520000000074,22185.393250000056
2024-12-09T13:28:22.000000,18643.841250000016,3570.3094000000087,22214.150650000058
2024-12-09T13:29:37.000000,18643.841250000016,3544.4299000000074,22188.271150000055
2024-12-09T13:29:37.000000,18643.841250000016,3501.6373000000076,22145.478550000054
2024-12-09T13:30:17.000000,18643.841250000016,3509.1315500000064,22152.972800000054
2024-12-09T13:30:22.000000,18643.841250000016,3511.625050000006,22155.466300000055
2024-12-09T13:30:27.000000,18643.841250000016,3514.1185500000056,22157.959800000055
2024-12-09T13:30:32.000000,18643.841250000016,3516.612050000005,22160.453300000056
2024-12-09T13:30:37.000000,18643.841250000016,3593.7382500000053,22237.579500000054
2024-12-09T13:30:42.000000,18643.841250000016,3622.873250000005,22266.714500000053
2024-12-09T13:30:52.000000,18643.841250000016,3632.008450000005,22275.849700000053
2024-12-09T13:31:42.000000,18643.841250000016,3634.4979500000045,22278.339200000053
2024-12-09T13:31:57.000000,18643.841250000016,3644.717450000004,22288.558700000052
2024-12-09T13:32:02.000000,18643.841250000016,3654.936950000004,22298.77820000005
2024-12-09T13:32:22.000000,18643.841250000016,3674.150600000003,22317.99185000005
2024-12-09T13:32:32.000000,18643.841250000016,3675.368750000003,22319.21000000005
2024-12-09T13:32:37.000000,18643.841250000016,3676.5869000000025,22320.42815000005
2024-12-09T13:32:42.000000,18643.841250000016,3677.805050000002,22321.64630000005
2024-12-09T13:33:07.000000,18643.841250000016,3670.0218500000024,22313.86310000005
2024-12-09T13:33:12.000000,18643.841250000016,3547.1340500000015,22190.97530000005
2024-12-09T13:33:17.000000,18643.841250000016,3428.282050000001,22072.12330000005
2024-12-09T13:33:27.000000,18643.841250000016,3434.6569500000023,22078.498200000053
2024-12-09T13:33:37.000000,18643.841250000016,3363.815350000002,22007.656600000053
2024-12-09T13:33:47.000000,18643.841250000016,3328.963150000003,21972.804400000055
2024-12-09T13:33:52.000000,18643.841250000016,3290.113550000004,21933.954800000058
2024-12-09T13:34:17.000000,18643.841250000016,3239.2621500000046,21883.103400000058
2024-12-09T13:34:17.000000,18643.841250000016,3196.4055500000045,21840.24680000006
2024-12-09T13:34:37.000000,18643.841250000016,3149.5771500000037,21793.418400000057
2024-12-09T13:34:42.000000,18643.841250000016,3086.7559500000034,21730.59720000006
2024-12-09T13:34:47.000000,18643.841250000016,3023.931550000003,21667.772800000057
2024-12-09T13:36:02.000000,18643.841250000016,3034.158250000004,21677.99950000006
2024-12-09T13:38:17.000000,18643.841250000016,2990.290450000003,21634.13170000006
2024-12-09T13:38:22.000000,18643.841250000016,2964.410950000002,21608.252200000057
2024-12-09T13:38:32.000000,18643.841250000016,2973.5173500000014,21617.358600000058
2024-12-09T13:38:37.000000,18643.841250000016,3002.623550000001,21646.464800000056
2024-12-09T13:38:52.000000,18643.841250000016,2958.7557500000003,21602.597000000056
2024-12-09T13:39:57.000000,18643.841250000016,2926.7905499999993,21570.631800000054
2024-12-09T13:39:57.000000,18643.841250000016,2886.8305499999983,21530.671800000055
2024-12-09T13:40:02.000000,18643.841250000016,2846.8705499999974,21490.711800000056
2024-12-09T13:40:07.000000,18643.841250000016,2790.920949999997,21434.762200000056
2024-12-09T13:40:12.000000,18643.841250000016,2702.9921499999973,21346.833400000054
2024-12-09T13:41:42.000000,18643.841250000016,2695.1153499999973,21338.956600000056
2024-12-09T13:41:57.000000,18636.369250000014,2695.1153499999973,21331.484600000054
2024-12-09T13:42:07.000000,18623.896500000013,2695.1153499999973,21319.011850000054
2024-12-09T13:42:07.000000,18623.896500000013,2687.2385499999973,21311.135050000055
2024-12-09T13:42:12.000000,18623.896500000013,2823.260149999997,21447.156650000055
2024-12-09T13:42:22.000000,18623.896500000013,2866.338999999997,21490.235500000057
2024-12-09T13:42:27.000000,18623.896500000013,2849.576049999996,21473.472550000057
2024-12-09T13:42:57.000000,18623.896500000013,2854.3778499999967,21478.274350000058
2024-12-09T13:44:57.000000,18623.896500000013,2878.4466499999976,21502.34315000006
2024-12-09T13:48:32.000000,18623.896500000013,2906.699899999998,21530.59640000006
2024-12-09T13:48:42.000000,18623.896500000013,2929.952399999997,21553.84890000006
2024-12-09T13:49:02.000000,18623.896500000013,2948.208149999997,21572.10465000006
2024-12-09T13:49:12.000000,18623.896500000013,2971.4646499999985,21595.36115000006
2024-12-09T13:51:07.000000,18623.896500000013,2981.619349999998,21605.515850000058
2024-12-09T13:52:02.000000,18623.896500000013,2937.765949999999,21561.662450000058
2024-12-09T13:52:07.000000,18623.896500000013,2875.92425,21499.82075000006
2024-12-09T13:52:47.000000,18623.896500000013,2940.7062499999997,21564.60275000006
2024-12-09T13:52:57.000000,18623.896500000013,2701.6858500000003,21325.582350000062
2024-12-09T13:52:57.000000,18623.896500000013,2454.6706499999996,21078.56715000006
2024-12-09T13:53:37.000000,18623.896500000013,2491.872599999999,21115.76910000006
2024-12-09T13:53:52.000000,18623.896500000013,2584.6427999999987,21208.53930000006
2024-12-09T13:54:02.000000,18623.896500000013,2665.4175999999984,21289.314100000058
2024-12-09T13:54:12.000000,18623.896500000013,2754.1903999999977,21378.086900000057
2024-12-09T13:54:37.000000,18623.896500000013,2858.959199999998,21482.85570000006
2024-12-09T13:55:07.000000,18623.896500000013,2959.7337999999977,21583.63030000006
2024-12-09T13:55:12.000000,18623.896500000013,3056.514199999997,21680.41070000006
2024-12-09T13:55:52.000000,18616.06290000001,3056.514199999997,21672.577100000057
2024-12-09T13:55:57.000000,18608.22930000001,3056.514199999997,21664.743500000055
2024-12-09T13:56:42.000000,18576.58410000001,3056.514199999997,21633.098300000056
2024-12-09T13:56:47.000000,18556.94070000001,3056.514199999997,21613.454900000055
2024-12-09T13:56:52.000000,18553.58115000001,3056.514199999997,21610.095350000054
2024-12-09T13:57:07.000000,18477.75095000001,3056.514199999997,21534.265150000054
2024-12-09T13:57:57.000000,18477.75095000001,3081.280599999998,21559.031550000054
2024-12-09T13:58:02.000000,18477.75095000001,3106.0469999999987,21583.797950000055
2024-12-09T13:58:17.000000,18477.75095000001,3098.8085999999985,21576.559550000056
2024-12-09T13:58:22.000000,18450.60235000001,3098.8085999999985,21549.410950000056
2024-12-09T13:58:22.000000,18450.60235000001,3067.566599999999,21518.168950000058
2024-12-09T13:58:42.000000,18450.60235000001,3020.3157999999985,21470.918150000056
2024-12-09T13:58:47.000000,18450.60235000001,2965.063799999998,21415.666150000055
2024-12-09T13:58:47.000000,18450.60235000001,2918.3153999999977,21368.917750000055
2024-12-09T13:59:07.000000,18450.60235000001,2871.058199999997,21321.660550000055
2024-12-09T13:59:12.000000,18450.60235000001,2823.8073999999965,21274.409750000053
2024-12-09T13:59:17.000000,18450.60235000001,2744.5517999999965,21195.154150000053
2024-12-09T13:59:22.000000,18450.60235000001,2665.2961999999966,21115.898550000053
2024-12-09T13:59:27.000000,18450.60235000001,2554.0485999999974,21004.650950000054
2024-12-09T13:59:32.000000,18450.60235000001,2426.8049999999985,20877.407350000056
2024-12-09T13:59:37.000000,18450.60235000001,2315.5637999999994,20766.166150000055
2024-12-09T14:00:02.000000,18450.60235000001,2304.7952,20755.397550000056
2024-12-09T14:01:37.000000,18495.47735000001,2304.7952,20800.272550000056
2024-12-09T14:01:42.000000,18540.355550000007,2304.7952,20845.150750000055
2024-12-09T14:01:47.000000,18585.233750000007,2304.7952,20890.028950000054
2024-12-09T14:01:52.000000,18630.118350000008,2304.7952,20934.913550000056
2024-12-09T14:01:57.000000,18667.004950000006,2304.7952,20971.800150000054
2024-12-09T14:02:02.000000,18703.894750000007,2304.7952,21008.689950000055
2024-12-09T14:02:07.000000,18736.787150000007,2304.7952,21041.582350000055
2024-12-09T14:02:12.000000,18761.678350000006,2304.7952,21066.473550000053
2024-12-09T14:03:12.000000,18754.007950000007,2304.7952,21058.803150000054
2024-12-09T14:03:22.000000,18754.007950000007,2290.0356,21044.043550000053
2024-12-09T14:04:02.000000,18767.731100000005,2290.0356,21057.76670000005
2024-12-09T14:04:32.000000,18767.731100000005,2287.4826000000007,21055.21370000005
2024-12-09T14:04:42.000000,18767.731100000005,2276.9316,21044.66270000005
2024-12-09T14:04:47.000000,18767.731100000005,2258.3793999999994,21026.11050000005
2024-12-09T14:04:52.000000,18767.731100000005,2241.6378999999997,21009.36900000005
2024-12-09T14:05:02.000000,18767.731100000005,2219.903650000001,20987.634750000052
2024-12-09T14:05:27.000000,18767.731100000005,2212.7292500000012,20980.460350000052
2024-12-09T14:05:32.000000,18767.731100000005,2201.554250000002,20969.285350000053
2024-12-09T14:05:37.000000,18767.731100000005,2186.381850000002,20954.112950000053
2024-12-09T14:05:47.000000,18767.731100000005,2155.2102500000024,20922.941350000056
2024-12-09T14:06:37.000000,18767.731100000005,2147.3622500000024,20915.093350000054
2024-12-09T14:06:42.000000,18767.731100000005,2224.4190000000035,20992.150100000053
2024-12-09T14:07:32.000000,18767.731100000005,2216.5710000000036,20984.30210000005
2024-12-09T14:07:37.000000,18824.582300000005,2216.5710000000036,21041.153300000053
2024-12-09T14:07:42.000000,18881.433500000006,2216.5710000000036,21098.004500000054
2024-12-09T14:07:47.000000,18950.276900000008,2216.5710000000036,21166.847900000055
2024-12-09T14:07:52.000000,19019.117100000007,2216.5710000000036,21235.688100000054
2024-12-09T14:07:57.000000,19095.952100000006,2216.5710000000036,21312.523100000053
2024-12-09T14:09:07.000000,19095.952100000006,2208.7230000000036,21304.67510000005
2024-12-09T14:10:52.000000,19095.952100000006,2172.298500000003,21268.25060000005
2024-12-09T14:10:57.000000,19095.952100000006,2200.441500000002,21296.39360000005
2024-12-09T14:11:02.000000,19095.952100000006,2228.5845000000013,21324.53660000005
2024-12-09T14:11:12.000000,19095.952100000006,2202.748200000002,21298.70030000005
2024-12-09T14:11:22.000000,19095.952100000006,2176.9119000000023,21272.864000000052
2024-12-09T14:11:32.000000,19095.952100000006,2133.0729000000033,21229.025000000052
2024-12-09T14:11:52.000000,19095.952100000006,2071.2312000000043,21167.183300000055
2024-12-09T14:11:57.000000,19095.952100000006,1991.3868000000043,21087.338900000053
2024-12-09T14:12:07.000000,19095.952100000006,1875.537000000005,20971.489100000053
2024-12-09T14:13:42.000000,19095.952100000006,1795.678200000005,20891.63030000005
2024-12-09T14:14:02.000000,19095.952100000006,1788.4814000000051,20884.43350000005
2024-12-09T14:14:07.000000,19095.952100000006,1781.281400000005,20877.23350000005
2024-12-09T14:18:37.000000,19095.952100000006,1682.077200000005,20778.02930000005
2024-12-09T14:21:27.000000,19095.952100000006,1699.5888000000054,20795.54090000005
2024-12-09T14:21:27.000000,19095.952100000006,1712.3214000000044,20808.27350000005
2024-12-09T14:21:32.000000,19095.952100000006,1741.0468000000044,20836.99890000005
2024-12-09T14:21:42.000000,19095.952100000006,1785.765000000004,20881.71710000005
2024-12-09T14:22:07.000000,19095.952100000006,1854.4708000000044,20950.42290000005
2024-12-09T14:22:12.000000,19095.952100000006,1927.180400000004,21023.132500000047
2024-12-09T14:22:17.000000,19095.952100000006,1983.8972000000042,21079.849300000045
2024-12-09T14:22:22.000000,19095.952100000006,1982.157950000005,21078.110050000047
2024-12-09T14:22:22.000000,19095.952100000006,1981.0764500000048,21077.028550000046
2024-12-09T14:22:22.000000,19095.952100000006,2029.804850000005,21125.756950000046
2024-12-09T14:22:27.000000,19095.952100000006,2033.0663500000048,21129.018450000047
2024-12-09T14:22:27.000000,19095.952100000006,2061.807750000005,21157.759850000046
2024-12-09T14:22:32.000000,19095.952100000006,2086.5549500000043,21182.507050000044
2024-12-09T14:27:07.000000,19074.322800000005,2086.5549500000043,21160.877750000043
2024-12-09T14:30:42.000000,19085.871900000006,2086.5549500000043,21172.426850000043
2024-12-09T14:30:52.000000,19097.421000000006,2086.5549500000043,21183.975950000044
2024-12-09T14:35:07.000000,19097.421000000006,2091.3183500000046,21188.739350000043
2024-12-09T14:35:12.000000,19097.421000000006,2100.079150000004,21197.500150000044
2024-12-09T14:35:27.000000,19097.421000000006,2124.8359500000047,21222.256950000043
2024-12-09T14:35:32.000000,19097.421000000006,2153.593350000006,21251.014350000045
2024-12-09T14:35:37.000000,19097.421000000006,2182.347550000006,21279.768550000044
2024-12-09T14:35:42.000000,19097.421000000006,2219.099750000007,21316.520750000047
2024-12-09T14:35:47.000000,19097.421000000006,2267.8505500000074,21365.27155000005
2024-12-09T14:35:57.000000,19097.421000000006,2324.6025500000073,21422.02355000005
2024-12-09T14:36:07.000000,19097.421000000006,2381.351350000007,21478.77235000005
2024-12-09T14:36:12.000000,19097.421000000006,2442.100750000008,21539.52175000005
2024-12-09T14:36:17.000000,19097.421000000006,2498.8527500000077,21596.27375000005
2024-12-09T14:36:22.000000,19097.421000000006,2555.6047500000077,21653.02575000005
2024-12-09T14:36:37.000000,19097.421000000006,2632.359750000008,21729.780750000053
2024-12-09T14:36:37.000000,19097.421000000006,2697.122550000009,21794.543550000053
2024-12-09T14:36:42.000000,19097.421000000006,2671.7422500000093,21769.163250000052
2024-12-09T14:36:42.000000,19097.421000000006,2664.0158500000093,21761.436850000053
2024-12-09T14:36:52.000000,19097.421000000006,2630.52395000001,21727.944950000052
2024-12-09T14:37:27.000000,19097.421000000006,2679.28755000001,21776.708550000054
2024-12-09T14:37:47.000000,19097.421000000006,2682.1497000000104,21779.570700000055
2024-12-09T14:37:52.000000,19097.421000000006,2666.044350000011,21763.465350000057
2024-12-09T14:37:57.000000,19097.421000000006,2668.9065000000114,21766.327500000058
2024-12-09T14:38:02.000000,19123.936350000007,2668.9065000000114,21792.84285000006
2024-12-09T14:38:02.000000,19147.451250000006,2668.9065000000114,21816.357750000057
2024-12-09T14:38:02.000000,19170.966150000004,2668.9065000000114,21839.872650000056
2024-12-09T14:38:02.000000,19194.481050000002,2668.9065000000114,21863.387550000054
2024-12-09T14:38:02.000000,19214.9955,2668.9065000000114,21883.902000000053
2024-12-09T14:38:02.000000,19159.282700000003,2668.9065000000114,21828.189200000055
2024-12-09T14:38:02.000000,19159.282700000003,2671.7710500000117,21831.053750000057
2024-12-09T14:38:07.000000,19159.282700000003,2671.6351500000114,21830.917850000056
2024-12-09T14:38:37.000000,19159.282700000003,2711.8983500000104,21871.181050000054
2024-12-09T14:38:42.000000,19159.282700000003,2752.1615500000094,21911.44425000005
2024-12-09T14:39:02.000000,19159.282700000003,2752.018450000009,21911.30115000005
2024-12-09T14:39:07.000000,19159.282700000003,2750.627350000009,21909.91005000005
2024-12-09T14:39:07.000000,19159.282700000003,2750.4842500000086,21909.76695000005
2024-12-09T14:39:12.000000,19159.282700000003,2775.065050000008,21934.347750000048
2024-12-09T14:39:17.000000,19159.282700000003,2765.9230000000075,21925.205700000046
2024-12-09T14:39:22.000000,19159.282700000003,2773.8068500000077,21933.089550000048
2024-12-09T14:39:27.000000,19159.282700000003,2787.029850000007,21946.312550000046
2024-12-09T14:39:32.000000,19159.282700000003,2800.2528500000067,21959.535550000044
2024-12-09T14:39:47.000000,19159.282700000003,2792.5344500000065,21951.817150000043
2024-12-09T14:39:57.000000,19159.282700000003,2784.8160500000063,21944.09875000004
2024-12-09T14:40:02.000000,19159.282700000003,2832.232300000006,21991.51500000004
2024-12-09T14:40:07.000000,19159.282700000003,2824.513900000006,21983.796600000038
2024-12-09T14:40:12.000000,19159.282700000003,2866.933400000005,22026.216100000038
2024-12-09T14:40:17.000000,19159.282700000003,2909.3569000000057,22068.63960000004
2024-12-09T14:40:22.000000,19159.282700000003,2946.7876500000057,22106.070350000038
2024-12-09T14:40:27.000000,19159.282700000003,2979.221650000005,22138.504350000036
2024-12-09T14:40:37.000000,19159.282700000003,3006.6629000000053,22165.945600000035
2024-12-09T14:40:52.000000,19159.282700000003,3015.736650000005,22175.019350000035
2024-12-09T14:40:57.000000,19159.282700000003,3058.1681500000054,22217.450850000037
2024-12-09T14:41:02.000000,19159.282700000003,3095.606900000005,22254.88960000004
2024-12-09T14:41:17.000000,19159.282700000003,3053.700200000006,22212.98290000004
2024-12-09T14:41:22.000000,19159.282700000003,3011.793500000007,22171.07620000004
2024-12-09T14:42:57.000000,19159.282700000003,3039.2387500000073,22198.52145000004
2024-12-09T14:43:37.000000,19152.802700000004,3039.2387500000073,22192.04145000004
2024-12-09T14:43:42.000000,19152.802700000004,3046.6810000000078,22199.48370000004
2024-12-09T14:43:42.000000,19143.319850000003,3046.6810000000078,22190.00085000004
2024-12-09T14:43:47.000000,19143.319850000003,3054.1232500000083,22197.44310000004
2024-12-09T14:43:47.000000,19133.837000000003,3054.1232500000083,22187.96025000004
2024-12-09T14:43:52.000000,19133.837000000003,3061.565500000009,22195.40250000004
2024-12-09T14:43:52.000000,19121.356100000005,3061.565500000009,22182.92160000004
2024-12-09T14:43:57.000000,19121.356100000005,3064.0110000000086,22185.36710000004
2024-12-09T14:43:57.000000,19111.873250000004,3064.0110000000086,22175.88425000004
2024-12-09T14:44:02.000000,19111.873250000004,3061.455750000009,22173.32900000004
2024-12-09T14:44:02.000000,19099.392350000006,3061.455750000009,22160.848100000043
2024-12-09T14:44:07.000000,19099.392350000006,3053.903750000009,22153.296100000043
2024-12-09T14:44:07.000000,19086.909050000006,3053.903750000009,22140.812800000043
2024-12-09T14:44:12.000000,19086.909050000006,3046.351750000009,22133.260800000044
2024-12-09T14:44:17.000000,19086.909050000006,3048.7972500000087,22135.70630000004
2024-12-09T14:44:17.000000,19086.909050000006,3033.5544500000074,22120.46350000004
2024-12-09T14:44:22.000000,19086.909050000006,3025.9984500000073,22112.90750000004
2024-12-09T14:44:22.000000,19086.909050000006,3018.7568500000075,22105.66590000004
2024-12-09T14:44:32.000000,19086.909050000006,3016.201600000008,22103.110650000042
2024-12-09T14:44:37.000000,19086.909050000006,3013.6463500000086,22100.555400000045
2024-12-09T14:44:47.000000,19086.909050000006,3016.0958500000083,22103.004900000044
2024-12-09T14:44:47.000000,19086.909050000006,3032.851450000009,22119.760500000044
2024-12-09T14:44:52.000000,19086.909050000006,3030.30420000001,22117.213250000044
2024-12-09T14:44:57.000000,19086.909050000006,3039.4051500000114,22126.314200000044
2024-12-09T14:45:02.000000,19065.429200000006,3039.4051500000114,22104.834350000045
2024-12-09T14:45:02.000000,19065.429200000006,3042.6716000000133,22108.100800000047
2024-12-09T14:45:02.000000,19065.429200000006,3067.4252000000124,22132.854400000047
2024-12-09T14:45:02.000000,19065.429200000006,3075.958800000012,22141.388000000046
2024-12-09T14:45:02.000000,19065.429200000006,3060.5080000000125,22125.937200000048
2024-12-09T14:45:02.000000,19065.429200000006,3060.3553000000124,22125.78450000005
2024-12-09T14:45:02.000000,19065.429200000006,3057.2045500000117,22122.633750000048
2024-12-10T09:50:27.000000,19044.980850000007,3057.2045500000117,22102.18540000005
2024-12-10T09:50:37.000000,19050.515600000006,3057.2045500000117,22107.72015000005
2024-12-10T09:51:07.000000,19031.979400000007,3057.2045500000117,22089.18395000005
2024-12-10T09:51:52.000000,19006.38790000001,3057.2045500000117,22063.59245000005
2024-12-10T09:52:07.000000,19015.54325000001,3057.2045500000117,22072.747800000052
2024-12-10T09:53:02.000000,18975.596050000007,3057.2045500000117,22032.80060000005
2024-12-10T09:53:12.000000,18935.648850000005,3057.2045500000117,21992.853400000047
2024-12-10T09:53:12.000000,19000.072450000003,3057.2045500000117,22057.277000000046
2024-12-10T09:53:22.000000,19056.501250000005,3057.2045500000117,22113.705800000047
2024-12-10T09:53:42.000000,19156.936650000003,3057.2045500000117,22214.141200000046
2024-12-10T09:53:47.000000,19261.375850000004,3057.2045500000117,22318.580400000046
2024-12-10T09:54:07.000000,19361.814450000005,3057.2045500000117,22419.019000000048
2024-12-10T09:54:12.000000,19434.248850000004,3057.2045500000117,22491.453400000046
2024-12-10T09:54:32.000000,19462.660650000005,3057.2045500000117,22519.865200000047
2024-12-10T09:55:32.000000,19455.203850000005,3057.2045500000117,22512.408400000048
2024-12-10T09:56:32.000000,19406.223150000005,3057.2045500000117,22463.427700000047
2024-12-10T09:56:42.000000,19390.285950000005,3057.2045500000117,22447.490500000047
2024-12-10T09:56:57.000000,19334.603550000003,3057.2045500000117,22391.808100000046
2024-12-10T09:57:02.000000,19312.269300000004,3057.2045500000117,22369.473850000046
2024-12-10T09:57:07.000000,19250.595600000004,3057.2045500000117,22307.800150000046
2024-12-10T09:57:12.000000,19234.658400000004,3057.2045500000117,22291.862950000046
2024-12-10T09:57:17.000000,19202.731600000003,3057.2045500000117,22259.936150000045
2024-12-10T09:57:22.000000,19162.803600000003,3057.2045500000117,22220.008150000045
2024-12-10T09:57:27.000000,19095.138600000002,3057.2045500000117,22152.343150000044
2024-12-10T09:57:32.000000,19021.472700000002,3057.2045500000117,22078.677250000044
2024-12-10T09:57:37.000000,18947.8116,3057.2045500000117,22005.016150000043
2024-12-10T09:57:42.000000,18868.1496,3057.2045500000117,21925.354150000043
2024-12-10T10:00:17.000000,18877.624000000003,3057.2045500000117,21934.828550000046
2024-12-10T10:01:17.000000,18877.624000000003,3037.5451500000113,21915.169150000045
2024-12-10T10:01:37.000000,18852.84225,3037.5451500000113,21890.387400000043
2024-12-10T10:02:52.000000,18870.32425,3037.5451500000113,21907.869400000043
2024-12-10T10:03:02.000000,18870.32425,3029.9291500000113,21900.25340000004
2024-12-10T10:03:02.000000,18890.363500000003,3029.9291500000113,21920.292650000043
2024-12-10T10:03:07.000000,18882.597100000003,3029.9291500000113,21912.526250000043
2024-12-10T10:03:07.000000,18887.636500000004,3029.9291500000113,21917.565650000044
2024-12-10T10:03:17.000000,18901.674850000003,3029.9291500000113,21931.604000000043
2024-12-10T10:03:22.000000,18909.712300000003,3029.9291500000113,21939.641450000043
2024-12-10T10:03:27.000000,18890.064100000003,3029.9291500000113,21919.993250000043
2024-12-10T10:03:27.000000,18898.099150000002,3029.9291500000113,21928.02830000004
2024-12-10T10:03:32.000000,18872.454850000002,3029.9291500000113,21902.384000000042
2024-12-10T10:03:32.000000,18877.487050000003,3029.9291500000113,21907.416200000043
2024-12-10T10:03:37.000000,18863.834950000004,3029.9291500000113,21893.764100000044
2024-12-10T10:03:37.000000,18808.330150000005,3029.9291500000113,21838.259300000045
2024-12-10T10:03:37.000000,18810.361900000004,3029.9291500000113,21840.291050000043
2024-12-10T10:03:42.000000,18778.721500000003,3029.9291500000113,21808.650650000043
2024-12-10T10:03:42.000000,18789.749800000005,3029.9291500000113,21819.678950000045
2024-12-10T10:03:47.000000,18758.114200000007,3029.9291500000113,21788.043350000047
2024-12-10T10:03:52.000000,18732.474700000006,3029.9291500000113,21762.403850000046
2024-12-10T10:03:57.000000,18706.835200000005,3029.9291500000113,21736.764350000045
2024-12-10T10:04:02.000000,18687.196600000007,3029.9291500000113,21717.125750000047
2024-12-10T10:04:02.000000,18704.223400000006,3029.9291500000113,21734.152550000046
2024-12-10T10:04:02.000000,18724.250650000005,3029.9291500000113,21754.179800000045
2024-12-10T10:04:07.000000,18741.275050000007,3029.9291500000113,21771.204200000047
2024-12-10T10:04:12.000000,18762.757650000007,3029.9291500000113,21792.686800000047
2024-12-10T10:04:17.000000,18780.236450000008,3029.9291500000113,21810.165600000048
2024-12-10T10:04:17.000000,18766.58435000001,3029.9291500000113,21796.51350000005
2024-12-10T10:04:17.000000,18768.60650000001,3029.9291500000113,21798.53565000005
2024-12-10T10:04:37.000000,18742.94780000001,3029.9291500000113,21772.87695000005
2024-12-10T10:05:07.000000,18735.43580000001,3029.9291500000113,21765.36495000005
2024-12-10T10:05:12.000000,18733.91990000001,3029.9291500000113,21763.84905000005
2024-12-10T10:05:17.000000,18711.39270000001,3029.9291500000113,21741.32185000005
2024-12-10T10:05:17.000000,18626.909950000012,3029.9291500000113,21656.839100000052
2024-12-10T10:05:17.000000,18637.391050000013,3029.9291500000113,21667.320200000053
2024-12-10T10:05:17.000000,18642.352850000014,3029.9291500000113,21672.282000000054
2024-12-10T10:05:22.000000,18646.828250000013,3029.9291500000113,21676.757400000053
2024-12-10T10:05:22.000000,18656.024400000013,3029.9291500000113,21685.953550000053
2024-12-10T10:05:27.000000,18571.532850000014,3029.9291500000113,21601.462000000054
2024-12-10T10:05:27.000000,18545.998950000012,3029.9291500000113,21575.928100000052
2024-12-10T10:05:27.000000,18562.47135000001,3029.9291500000113,21592.40050000005
2024-12-10T10:05:32.000000,18572.94765000001,3029.9291500000113,21602.87680000005
2024-12-10T10:05:32.000000,18601.89705000001,3029.9291500000113,21631.82620000005
2024-12-10T10:05:37.000000,18579.15080000001,3029.9291500000113,21609.07995000005
2024-12-10T10:05:37.000000,18583.62620000001,3029.9291500000113,21613.55535000005
2024-12-10T10:05:42.000000,18594.09770000001,3029.9291500000113,21624.02685000005
2024-12-10T10:05:47.000000,18604.56440000001,3029.9291500000113,21634.49355000005
2024-12-10T10:09:27.000000,18604.56440000001,3028.106050000012,21632.670450000052
2024-12-10T10:11:17.000000,18604.56440000001,2988.469250000013,21593.033650000052
2024-12-10T10:11:22.000000,18604.56440000001,2948.829250000012,21553.393650000053
2024-12-10T10:11:27.000000,18604.56440000001,2918.128050000011,21522.692450000053
2024-12-10T10:11:27.000000,18604.56440000001,2870.490050000012,21475.054450000054
2024-12-10T10:11:32.000000,18604.56440000001,2818.8514500000124,21423.415850000056
2024-12-10T10:11:32.000000,18604.56440000001,2795.130650000013,21399.695050000057
2024-12-10T10:11:37.000000,18604.56440000001,2739.4850500000125,21344.049450000057
2024-12-10T10:11:47.000000,18604.56440000001,2627.869450000012,21232.433850000056
2024-12-10T10:11:47.000000,18604.56440000001,2596.784250000011,21201.348650000054
2024-12-10T10:12:12.000000,18597.04760000001,2596.784250000011,21193.831850000053
2024-12-10T10:12:32.000000,18589.530800000008,2596.784250000011,21186.315050000052
2024-12-10T10:12:37.000000,18589.530800000008,2589.2962500000112,21178.82705000005
2024-12-10T10:13:02.000000,18589.530800000008,2561.80525000001,21151.33605000005
2024-12-10T10:13:02.000000,18589.530800000008,2578.045650000011,21167.57645000005
2024-12-10T10:13:07.000000,18589.530800000008,2586.2784500000107,21175.80925000005
2024-12-10T10:13:12.000000,18589.530800000008,2594.5048500000103,21184.03565000005
2024-12-10T10:13:17.000000,18589.530800000008,2570.7456500000108,21160.27645000005
2024-12-10T10:13:22.000000,18589.530800000008,2543.2546500000094,21132.785450000047
2024-12-10T10:13:22.000000,18589.530800000008,2487.509850000009,21077.040650000046
2024-12-10T10:13:27.000000,18589.530800000008,2423.7702500000087,21013.301050000046
2024-12-10T10:13:32.000000,18589.530800000008,2328.0450500000093,20917.575850000045
2024-12-10T10:13:42.000000,18589.530800000008,2240.3786500000097,20829.909450000046
2024-12-10T10:13:42.000000,18589.530800000008,2164.704450000009,20754.235250000045
2024-12-10T10:13:42.000000,18589.530800000008,2093.0276500000086,20682.558450000044
2024-12-10T10:13:42.000000,18589.530800000008,2053.291650000008,20642.822450000043
2024-12-10T10:13:47.000000,18589.530800000008,1985.6154500000084,20575.146250000045
2024-12-10T10:14:02.000000,18589.530800000008,1945.9402500000076,20535.471050000044
2024-12-10T10:14:07.000000,18589.530800000008,1890.2722500000073,20479.803050000042
2024-12-10T10:14:17.000000,18589.530800000008,1786.6226500000064,20376.15345000004
2024-12-10T10:14:17.000000,18589.530800000008,1746.6097000000054,20336.14050000004
2024-12-10T10:14:22.000000,18589.530800000008,1642.9601000000046,20232.49090000004
2024-12-10T10:14:27.000000,18589.530800000008,1531.309300000004,20120.84010000004
2024-12-10T10:14:32.000000,18589.530800000008,1427.6501000000046,20017.180900000043
2024-12-10T10:14:57.000000,18589.530800000008,1384.1039000000053,19973.634700000042
2024-12-10T10:15:02.000000,18589.530800000008,1216.4415000000058,19805.97230000004
2024-12-10T10:15:12.000000,18589.530800000008,1248.658700000005,19838.18950000004
2024-12-10T10:15:17.000000,18589.530800000008,1288.8771000000054,19878.407900000042
2024-12-10T10:15:22.000000,18589.530800000008,1313.1059000000062,19902.636700000043
2024-12-10T10:15:27.000000,18589.530800000008,1245.9993000000054,19835.530100000044
2024-12-10T10:15:32.000000,18589.530800000008,1246.2437000000066,19835.774500000043
2024-12-10T10:15:32.000000,18589.530800000008,1171.1391000000074,19760.669900000044
2024-12-10T10:15:37.000000,18589.530800000008,1092.0371000000075,19681.567900000045
2024-12-10T10:15:42.000000,18589.530800000008,1076.2855000000063,19665.816300000046
2024-12-10T10:15:42.000000,18589.530800000008,993.1829000000058,19582.713700000044
2024-12-10T10:16:57.000000,18532.019300000007,993.1829000000058,19525.202200000043
2024-12-10T10:17:12.000000,18504.496300000006,993.1829000000058,19497.679200000042
2024-12-10T10:17:32.000000,18486.966800000006,993.1829000000058,19480.14970000004
2024-12-10T10:18:12.000000,18459.431800000006,993.1829000000058,19452.614700000042
2024-12-10T10:18:22.000000,18451.559800000006,993.1829000000058,19444.742700000043
2024-12-10T10:18:27.000000,18451.559800000006,1129.4445000000055,19581.00430000004
2024-12-10T10:18:47.000000,18451.559800000006,1225.7353000000062,19677.29510000004
2024-12-10T10:18:47.000000,18451.559800000006,1310.0339000000063,19761.59370000004
2024-12-10T10:18:47.000000,18451.559800000006,1358.2919000000052,19809.85170000004
2024-12-10T10:18:57.000000,18451.559800000006,1434.5989000000054,19886.15870000004
2024-12-10T10:20:02.000000,18420.202600000008,1434.5989000000054,19854.80150000004
2024-12-10T10:20:12.000000,18420.202600000008,1379.6221000000053,19799.82470000004
2024-12-10T10:20:12.000000,18420.202600000008,1443.8697000000052,19864.07230000004
2024-12-10T10:20:17.000000,18412.67060000001,1443.8697000000052,19856.54030000004
2024-12-10T10:20:17.000000,18381.31340000001,1443.8697000000052,19825.183100000042
2024-12-10T10:20:22.000000,18373.78140000001,1443.8697000000052,19817.651100000043
2024-12-10T10:20:22.000000,18373.78140000001,1492.1245000000054,19865.90590000004
2024-12-10T10:20:27.000000,18373.78140000001,1548.3901000000053,19922.17150000004
2024-12-10T10:20:32.000000,18373.78140000001,1511.411200000006,19885.192600000042
2024-12-10T10:20:37.000000,18373.78140000001,1571.6870000000067,19945.46840000004
2024-12-10T10:20:37.000000,18373.78140000001,1627.9654000000069,20001.74680000004
2024-12-10T10:20:42.000000,18373.78140000001,1672.2548000000065,20046.03620000004
2024-12-10T10:21:07.000000,18366.07260000001,1672.2548000000065,20038.32740000004
2024-12-10T10:21:27.000000,18378.54360000001,1672.2548000000065,20050.79840000004
2024-12-10T10:21:27.000000,18378.54360000001,1693.1166000000067,20071.66020000004
2024-12-10T10:21:37.000000,18378.54360000001,1701.9894000000063,20080.53300000004
2024-12-10T10:22:07.000000,18381.02510000001,1701.9894000000063,20083.014500000038
2024-12-10T10:22:12.000000,18370.50290000001,1701.9894000000063,20072.492300000038
2024-12-10T10:22:12.000000,18442.77730000001,1701.9894000000063,20144.766700000037
2024-12-10T10:22:17.000000,18436.25570000001,1701.9894000000063,20138.245100000036
2024-12-10T10:22:17.000000,18428.731700000008,1701.9894000000063,20130.721100000035
2024-12-10T10:22:17.000000,18485.00370000001,1701.9894000000063,20186.993100000036
2024-12-10T10:22:22.000000,18474.48150000001,1701.9894000000063,20176.470900000037
2024-12-10T10:22:22.000000,18466.957500000008,1701.9894000000063,20168.946900000035
2024-12-10T10:22:27.000000,18459.42950000001,1701.9894000000063,20161.418900000037
2024-12-10T10:22:37.000000,18446.900750000008,1701.9894000000063,20148.890150000036
2024-12-10T10:22:42.000000,18448.380350000007,1701.9894000000063,20150.369750000034
2024-12-10T10:24:17.000000,18457.125150000007,1701.9894000000063,20159.114550000035
2024-12-10T10:24:32.000000,18441.879150000008,1701.9894000000063,20143.868550000036
2024-12-10T10:25:07.000000,18441.879150000008,1746.3012000000058,20188.180350000035
2024-12-10T10:25:22.000000,18441.879150000008,1802.6084000000058,20244.487550000034
2024-12-10T10:25:27.000000,18441.879150000008,1862.9130000000064,20304.792150000034
2024-12-10T10:25:32.000000,18441.879150000008,1907.2248000000059,20349.103950000033
2024-12-10T10:25:37.000000,18441.879150000008,1931.5464000000065,20373.425550000033
2024-12-10T10:25:42.000000,18441.879150000008,1947.8732000000075,20389.752350000035
2024-12-10T10:25:47.000000,18441.879150000008,1968.2038000000075,20410.082950000036
2024-12-10T10:25:52.000000,18441.879150000008,1976.5422000000071,20418.421350000037
2024-12-10T10:25:52.000000,18441.879150000008,2052.6492000000053,20494.528350000037
2024-12-10T10:27:32.000000,18392.189650000008,2052.6492000000053,20444.838850000036
2024-12-10T10:27:37.000000,18392.189650000008,2133.0016000000064,20525.191250000036
2024-12-10T10:27:47.000000,18392.189650000008,2229.3468000000057,20621.536450000036
2024-12-10T10:28:07.000000,18392.189650000008,2349.686000000006,20741.875650000035
2024-12-10T10:28:12.000000,18392.189650000008,2470.0220000000063,20862.211650000034
2024-12-10T10:28:22.000000,18392.189650000008,2602.353400000007,20994.543050000033
2024-12-10T10:28:22.000000,18392.189650000008,2734.6848000000073,21126.874450000032
2024-12-10T10:28:32.000000,18392.189650000008,2775.008800000008,21167.198450000033
2024-12-10T10:28:37.000000,18392.189650000008,2871.331600000007,21263.52125000003
2024-12-10T10:28:52.000000,19119.711250000008,2871.331600000007,21991.04285000003
2024-12-10T10:29:02.000000,19119.711250000008,2895.656400000006,22015.36765000003
2024-12-10T10:29:02.000000,19119.711250000008,2911.9864000000057,22031.697650000027
2024-12-10T10:29:02.000000,19119.711250000008,2928.316400000005,22048.027650000025
2024-12-10T10:29:17.000000,19119.711250000008,2948.6438000000053,22068.355050000024
2024-12-10T10:29:17.000000,19119.711250000008,2964.9738000000048,22084.685050000022
2024-12-10T10:29:52.000000,19098.24995000001,2964.9738000000048,22063.223750000023
2024-12-10T10:29:52.000000,19675.34570000001,2964.9738000000048,22640.319500000023
2024-12-10T10:30:12.000000,19681.866200000008,2964.9738000000048,22646.840000000022
2024-12-10T10:30:17.000000,19649.881800000006,2964.9738000000048,22614.85560000002
2024-12-10T10:30:22.000000,19617.897400000005,2964.9738000000048,22582.87120000002
2024-12-10T10:30:27.000000,19954.909150000007,2964.9738000000048,22919.88295000002
2024-12-10T10:30:32.000000,20246.902150000005,2964.9738000000048,23211.87595000002
2024-12-10T10:30:37.000000,20418.865150000005,2964.9738000000048,23383.83895000002
2024-12-10T10:30:42.000000,20425.329650000007,2964.9738000000048,23390.30345000002
2024-12-10T10:30:57.000000,20137.794850000006,2964.9738000000048,23102.76865000002
2024-12-10T10:31:22.000000,20137.794850000006,2931.461100000004,23069.25595000002
2024-12-10T10:31:42.000000,20129.814050000004,2931.461100000004,23061.27515000002
2024-12-10T10:31:52.000000,20121.833250000003,2931.461100000004,23053.29435000002
2024-12-10T10:31:57.000000,20141.824500000002,2931.461100000004,23073.285600000017
2024-12-10T10:31:57.000000,20149.846100000002,2931.461100000004,23081.307200000017
2024-12-10T10:32:02.000000,20175.835850000003,2931.461100000004,23107.296950000018
2024-12-10T10:32:27.000000,20198.829950000003,2931.461100000004,23130.291050000018
2024-12-10T10:32:42.000000,20251.200550000005,2931.461100000004,23182.66165000002
2024-12-10T10:32:57.000000,20274.194650000005,2931.461100000004,23205.65575000002
2024-12-10T10:33:07.000000,20297.186350000004,2931.461100000004,23228.64745000002
2024-12-10T10:33:17.000000,20361.558750000004,2931.461100000004,23293.01985000002
2024-12-10T10:33:17.000000,20381.552400000004,2931.461100000004,23313.01350000002
2024-12-10T10:33:22.000000,20401.546050000004,2931.461100000004,23333.00715000002
2024-12-10T10:33:27.000000,20469.919050000004,2931.461100000004,23401.38015000002
2024-12-10T10:33:32.000000,20492.913150000004,2931.461100000004,23424.37425000002
2024-12-10T10:33:37.000000,20473.276150000005,2931.461100000004,23404.73725000002
2024-12-10T10:33:42.000000,20485.653550000006,2931.461100000004,23417.11465000002
2024-12-10T10:33:52.000000,20505.647200000007,2931.461100000004,23437.10830000002
2024-12-10T10:33:57.000000,20525.640850000007,2931.461100000004,23457.101950000022
2024-12-10T10:34:17.000000,20541.810850000005,2931.461100000004,23473.27195000002
2024-12-10T10:35:02.000000,20492.921350000004,2931.461100000004,23424.38245000002
2024-12-10T10:35:07.000000,20432.030050000005,2931.461100000004,23363.49115000002
2024-12-10T10:35:17.000000,20431.802950000005,2931.461100000004,23363.26405000002
2024-12-10T10:35:22.000000,20388.210350000005,2931.461100000004,23319.67145000002
2024-12-10T10:35:32.000000,20364.623950000005,2931.461100000004,23296.08505000002
2024-12-10T10:35:37.000000,20341.037550000005,2931.461100000004,23272.49865000002
2024-12-10T10:35:47.000000,20340.560850000005,2931.461100000004,23272.02195000002
2024-12-10T10:35:57.000000,20340.560850000005,2887.478100000005,23228.03895000002
2024-12-10T10:36:17.000000,20319.060350000007,2887.478100000005,23206.538450000022
2024-12-10T10:36:22.000000,20278.126600000007,2887.478100000005,23165.60470000002
2024-12-10T10:38:12.000000,20221.632050000007,2887.478100000005,23109.110150000022
2024-12-10T10:38:17.000000,20209.897050000007,2887.478100000005,23097.37515000002
2024-12-10T10:38:32.000000,20209.897050000007,2879.591700000005,23089.488750000022
2024-12-10T10:39:27.000000,20167.39900000001,2879.591700000005,23046.990700000024
2024-12-10T10:40:07.000000,20167.39900000001,2899.8685500000047,23067.267550000022
2024-12-10T10:40:22.000000,20167.39900000001,2908.158000000004,23075.557000000023
2024-12-10T10:42:02.000000,20091.881600000008,2908.158000000004,23000.039600000022
2024-12-10T10:43:07.000000,20032.392200000006,2908.158000000004,22940.55020000002
2024-12-10T10:43:27.000000,20020.547450000005,2908.158000000004,22928.70545000002
2024-12-10T10:43:32.000000,20003.701950000006,2908.158000000004,22911.85995000002
2024-12-10T10:43:57.000000,19888.207350000008,2908.158000000004,22796.365350000022
2024-12-10T10:44:17.000000,19866.36510000001,2908.158000000004,22774.523100000024
2024-12-10T10:44:32.000000,19849.52360000001,2908.158000000004,22757.681600000025
2024-12-10T10:44:37.000000,19827.681350000013,2908.158000000004,22735.839350000027
2024-12-10T10:46:02.000000,19739.803750000014,2908.158000000004,22647.961750000028
2024-12-10T10:46:07.000000,19720.285150000014,2908.158000000004,22628.44315000003
2024-12-10T10:47:32.000000,19664.818750000013,2908.158000000004,22572.976750000027
2024-12-10T10:47:37.000000,19609.35555000001,2908.158000000004,22517.513550000025
2024-12-10T10:47:42.000000,19557.892950000012,2908.158000000004,22466.050950000026
2024-12-10T10:48:02.000000,19486.44655000001,2908.158000000004,22394.604550000025
2024-12-10T10:48:07.000000,19415.00015000001,2908.158000000004,22323.158150000025
2024-12-10T10:48:12.000000,19339.55955000001,2908.158000000004,22247.717550000023
2024-12-10T10:48:17.000000,19260.12155000001,2908.158000000004,22168.279550000025
2024-12-10T10:48:22.000000,19252.645550000012,2908.158000000004,22160.803550000026
2024-12-10T10:48:22.000000,19169.20695000001,2908.158000000004,22077.364950000025
2024-12-10T10:48:27.000000,19081.77095000001,2908.158000000004,21989.928950000023
2024-12-10T10:48:27.000000,19081.77095000001,2876.3464000000045,21958.117350000022
2024-12-10T10:48:32.000000,18990.33435000001,2876.3464000000045,21866.68075000002
2024-12-10T10:48:37.000000,18894.90675000001,2876.3464000000045,21771.253150000022
2024-12-10T10:48:42.000000,18795.48175000001,2876.3464000000045,21671.828150000023
2024-12-10T10:48:47.000000,18688.06195000001,2876.3464000000045,21564.408350000023
2024-12-10T10:48:52.000000,18580.64215000001,2876.3464000000045,21456.988550000024
2024-12-10T10:48:57.000000,18473.22555000001,2876.3464000000045,21349.571950000023
2024-12-10T10:49:02.000000,18361.81155000001,2876.3464000000045,21238.157950000023
2024-12-10T10:49:07.000000,18230.40415000001,2876.3464000000045,21106.750550000022
2024-12-10T10:49:12.000000,18091.00195000001,2876.3464000000045,20967.348350000022
2024-12-10T10:49:17.000000,17939.60435000001,2876.3464000000045,20815.95075000002
2024-12-10T10:49:22.000000,17788.20675000001,2876.3464000000045,20664.55315000002
2024-12-10T10:49:32.000000,17628.80795000001,2876.3464000000045,20505.154350000023
2024-12-10T10:49:37.000000,17481.398150000008,2876.3464000000045,20357.74455000002
2024-12-10T10:49:42.000000,17333.985150000008,2876.3464000000045,20210.33155000002
2024-12-10T10:49:47.000000,17202.561750000008,2876.3464000000045,20078.90815000002
2024-12-10T10:49:52.000000,17075.13255000001,2876.3464000000045,19951.478950000022
2024-12-10T10:50:42.000000,17050.38105000001,2876.3464000000045,19926.727450000024
2024-12-10T10:50:47.000000,17025.629550000012,2876.3464000000045,19901.975950000025
2024-12-10T10:50:52.000000,16997.875200000013,2876.3464000000045,19874.221600000026
2024-12-10T10:51:02.000000,16979.977700000014,2876.3464000000045,19856.324100000027
2024-12-10T10:51:07.000000,16964.217950000013,2876.3464000000045,19840.564350000026
2024-12-10T10:51:07.000000,16948.458200000012,2876.3464000000045,19824.804600000025
2024-12-10T10:52:02.000000,16929.66920000001,2876.3464000000045,19806.015600000024
2024-12-10T10:52:12.000000,16961.74720000001,2876.3464000000045,19838.093600000022
2024-12-10T10:52:22.000000,17023.821700000008,2876.3464000000045,19900.16810000002
2024-12-10T10:52:27.000000,17085.904200000008,2876.3464000000045,19962.25060000002
2024-12-10T10:52:32.000000,17137.98520000001,2876.3464000000045,20014.331600000023
2024-12-10T10:52:37.000000,17200.06770000001,2876.3464000000045,20076.414100000024
2024-12-10T10:52:42.000000,17252.148700000012,2876.3464000000045,20128.495100000026
2024-12-10T10:52:47.000000,17314.22320000001,2876.3464000000045,20190.569600000024
2024-12-10T10:52:52.000000,17376.30570000001,2876.3464000000045,20252.652100000025
2024-12-10T10:53:07.000000,17436.81510000001,2876.3464000000045,20313.161500000024
2024-12-10T10:53:22.000000,17497.340500000013,2876.3464000000045,20373.686900000026
2024-12-10T10:53:27.000000,17553.86850000001,2876.3464000000045,20430.214900000024
2024-12-10T10:53:32.000000,17610.399700000013,2876.3464000000045,20486.746100000026
2024-12-10T10:53:37.000000,17662.933500000014,2876.3464000000045,20539.279900000027
2024-12-10T10:53:42.000000,17723.471700000013,2876.3464000000045,20599.818100000026
2024-12-10T10:53:47.000000,17788.01050000001,2876.3464000000045,20664.356900000024
2024-12-10T10:53:52.000000,17856.549900000013,2876.3464000000045,20732.896300000026
2024-12-10T10:53:57.000000,17929.089900000014,2876.3464000000045,20805.436300000027
2024-12-10T10:54:02.000000,18001.633100000014,2876.3464000000045,20877.979500000027
2024-12-10T10:54:07.000000,18078.176900000013,2876.3464000000045,20954.523300000026
2024-12-10T10:54:12.000000,18162.725100000014,2876.3464000000045,21039.071500000027
2024-12-10T10:54:17.000000,18251.273900000015,2876.3464000000045,21127.620300000028
2024-12-10T10:54:22.000000,18351.824500000017,2876.3464000000045,21228.17090000003
2024-12-10T10:54:32.000000,18456.37570000002,2876.3464000000045,21332.72210000003
2024-12-10T10:54:37.000000,18552.92890000002,2876.3464000000045,21429.275300000034
2024-12-10T10:54:42.000000,18633.47970000002,2876.3464000000045,21509.826100000035
2024-12-10T10:54:47.000000,18698.034500000023,2876.3464000000045,21574.380900000033
2024-12-10T10:54:52.000000,18754.584900000023,2876.3464000000045,21630.931300000033
2024-12-10T10:54:57.000000,18799.136700000025,2876.3464000000045,21675.483100000034
2024-12-10T10:55:02.000000,18827.686100000024,2876.3464000000045,21704.032500000034
2024-12-10T10:55:07.000000,18840.239500000025,2876.3464000000045,21716.585900000035
2024-12-10T10:55:12.000000,18844.791700000027,2876.3464000000045,21721.138100000037
2024-12-10T10:55:17.000000,18841.342700000027,2876.3464000000045,21717.689100000036
2024-12-10T10:55:22.000000,18825.895100000027,2876.3464000000045,21702.241500000036
2024-12-10T10:55:27.000000,18798.445700000026,2876.3464000000045,21674.792100000035
2024-12-10T10:55:37.000000,18758.997700000025,2876.3464000000045,21635.344100000035
2024-12-10T10:55:47.000000,18735.808100000027,2876.3464000000045,21612.154500000037
2024-12-10T10:55:52.000000,18720.61970000003,2876.3464000000045,21596.966100000038
2024-12-10T10:55:57.000000,18705.43130000003,2876.3464000000045,21581.77770000004
2024-12-10T10:56:02.000000,18682.24170000003,2876.3464000000045,21558.58810000004
2024-12-10T10:56:07.000000,18659.052100000034,2876.3464000000045,21535.398500000043
2024-12-10T10:56:12.000000,18635.862500000036,2876.3464000000045,21512.208900000045
2024-12-10T10:56:17.000000,18604.678100000037,2876.3464000000045,21481.024500000047
2024-12-10T10:56:22.000000,18581.48850000004,2876.3464000000045,21457.83490000005
2024-12-10T10:56:27.000000,18550.29770000004,2876.3464000000045,21426.64410000005
2024-12-10T10:58:12.000000,18550.29770000004,2896.8498000000045,21447.14750000005
2024-12-10T10:58:27.000000,18550.29770000004,2901.366800000005,21451.66450000005
2024-12-10T10:58:37.000000,18550.29770000004,2926.460550000004,21476.75825000005
2024-12-10T10:58:37.000000,18550.29770000004,2926.9833500000036,21477.28105000005
2024-12-10T11:00:37.000000,18474.89550000004,2926.9833500000036,21401.87885000005
2024-12-10T11:00:57.000000,18379.50630000004,2926.9833500000036,21306.48965000005
2024-12-10T11:01:07.000000,18363.729750000042,2926.9833500000036,21290.71310000005
2024-12-10T11:02:37.000000,18336.493800000044,2926.9833500000036,21263.477150000053
2024-12-10T11:02:37.000000,18336.493800000044,2839.7297500000022,21176.223550000053
2024-12-10T11:02:42.000000,18309.257850000045,2839.7297500000022,21148.987600000055
2024-12-10T11:02:47.000000,18282.021900000047,2839.7297500000022,21121.751650000057
2024-12-10T11:02:52.000000,18282.021900000047,2983.848550000002,21265.870450000057
2024-12-10T11:02:52.000000,18282.021900000047,3135.962150000001,21417.984050000057
2024-12-10T11:02:52.000000,18282.021900000047,3256.096550000001,21538.118450000056
2024-12-10T11:02:57.000000,18282.021900000047,3384.232150000001,21666.254050000058
2024-12-10T11:03:12.000000,18251.787900000047,3384.232150000001,21636.020050000057
2024-12-10T11:03:37.000000,18244.987900000047,3384.232150000001,21629.220050000058
2024-12-10T11:03:49.000000,18244.987900000047,3248.977750000001,21493.965650000056
2024-12-10T11:03:52.000000,18214.75630000005,3248.977750000001,21463.734050000057
2024-12-10T11:06:02.000000,18175.39150000005,3248.977750000001,21424.369250000058
2024-12-10T11:06:12.000000,18128.02870000005,3248.977750000001,21377.00645000006
2024-12-10T11:06:22.000000,18060.67250000005,3248.977750000001,21309.65025000006
2024-12-10T11:06:27.000000,17989.318900000053,3248.977750000001,21238.296650000062
2024-12-10T11:06:32.000000,17913.96470000005,3248.977750000001,21162.94245000006
2024-12-10T11:06:37.000000,17822.61450000005,3248.977750000001,21071.59225000006
2024-12-10T11:06:42.000000,17739.55990000005,3248.977750000001,20988.53765000006
2024-12-10T11:08:52.000000,17739.55990000005,3253.632350000001,20993.192250000062
2024-12-10T11:10:47.000000,17776.16490000005,3253.632350000001,21029.79725000006
2024-12-10T11:10:47.000000,17816.77050000005,3253.632350000001,21070.40285000006
2024-12-10T11:10:52.000000,17776.44395000005,3253.632350000001,21030.076300000062
2024-12-10T11:11:37.000000,17788.22825000005,3253.632350000001,21041.860600000062
2024-12-10T11:11:57.000000,17802.05300000005,3253.632350000001,21055.68535000006
2024-12-10T11:12:02.000000,17815.87775000005,3253.632350000001,21069.51010000006
2024-12-10T11:12:02.000000,17904.47455000005,3253.632350000001,21158.10690000006
2024-12-10T11:12:07.000000,17997.06875000005,3253.632350000001,21250.70110000006
2024-12-10T11:12:12.000000,18085.66235000005,3253.632350000001,21339.29470000006
2024-12-10T11:12:17.000000,18078.86635000005,3253.632350000001,21332.498700000062
2024-12-10T11:12:17.000000,18159.46195000005,3253.632350000001,21413.094300000063
2024-12-10T11:12:37.000000,18228.05255000005,3253.632350000001,21481.684900000062
2024-12-10T11:12:42.000000,18288.64515000005,3253.632350000001,21542.277500000062
2024-12-10T11:12:42.000000,18315.424500000052,3253.632350000001,21569.056850000063
2024-12-10T11:12:47.000000,18336.207750000052,3253.632350000001,21589.840100000063
2024-12-10T11:13:07.000000,18362.987100000053,3253.632350000001,21616.619450000064
2024-12-10T11:13:12.000000,18377.771850000052,3253.632350000001,21631.404200000063
2024-12-10T11:13:17.000000,18395.554650000053,3253.632350000001,21649.187000000064
2024-12-10T11:14:57.000000,18395.554650000053,3214.9523500000005,21610.507000000063
2024-12-10T11:15:42.000000,18398.071200000053,3214.9523500000005,21613.023550000064
2024-12-10T11:15:42.000000,18394.586850000054,3214.9523500000005,21609.539200000065
2024-12-10T11:16:12.000000,18398.582250000054,3214.9523500000005,21613.534600000065
2024-12-10T11:16:22.000000,18398.582250000054,3199.1879500000005,21597.770200000065
2024-12-10T11:16:22.000000,18402.577650000054,3199.1879500000005,21601.765600000064
2024-12-10T11:16:27.000000,18402.577650000054,3175.428750000001,21578.006400000064
2024-12-10T11:16:32.000000,18402.577650000054,3143.68755,21546.265200000063
2024-12-10T11:17:27.000000,18402.577650000054,3198.8402000000015,21601.417850000063
2024-12-10T11:18:22.000000,18402.577650000054,3239.039400000002,21641.617050000063
2024-12-10T11:18:27.000000,18402.577650000054,3287.246200000001,21689.823850000063
2024-12-10T11:18:32.000000,18402.577650000054,3311.4686,21714.04625000006
2024-12-10T11:19:37.000000,18402.577650000054,3324.7740000000003,21727.351650000062
2024-12-10T11:19:52.000000,18402.577650000054,3317.5740000000005,21720.15165000006
2024-12-10T11:19:57.000000,18402.577650000054,3310.3740000000007,21712.95165000006
2024-12-10T11:20:17.000000,18402.577650000054,3303.174000000001,21705.75165000006
2024-12-10T11:20:22.000000,18402.577650000054,3295.974000000001,21698.55165000006
2024-12-10T11:20:27.000000,18402.577650000054,3280.772800000001,21683.35045000006
2024-12-10T11:20:52.000000,18402.577650000054,3289.568800000001,21692.14645000006
2024-12-10T11:20:57.000000,18402.577650000054,3371.5951,21774.172750000056
2024-12-10T11:21:02.000000,18402.577650000054,3447.6252999999983,21850.202950000054
2024-12-10T11:21:02.000000,18402.577650000054,3448.420099999998,21850.997750000053
2024-12-10T11:21:07.000000,18402.577650000054,3524.4454999999984,21927.023150000052
2024-12-10T11:21:12.000000,18402.577650000054,3576.486499999999,21979.064150000053
2024-12-10T11:21:17.000000,18402.577650000054,3610.5295999999994,22013.107250000052
2024-12-10T11:21:22.000000,18402.577650000054,3618.7110499999994,22021.288700000052
2024-12-10T11:21:22.000000,18402.577650000054,3652.7541499999998,22055.33180000005
2024-12-10T11:21:27.000000,18402.577650000054,3657.26155,22059.839200000053
2024-12-10T11:21:27.000000,18402.577650000054,3649.77675,22052.354400000055
2024-12-10T11:21:27.000000,18402.577650000054,3683.8198500000003,22086.397500000054
2024-12-10T11:21:27.000000,18402.577650000054,3692.61585,22095.193500000052
2024-12-10T11:21:32.000000,18402.577650000054,3697.801650000001,22100.37930000005
2024-12-10T11:21:32.000000,18402.577650000054,3686.3226500000014,22088.900300000052
2024-12-10T11:21:32.000000,18402.577650000054,3726.3666500000004,22128.94430000005
2024-12-10T11:21:32.000000,18402.577650000054,3735.16265,22137.74030000005
2024-12-10T11:21:37.000000,18402.577650000054,3719.679849999999,22122.257500000047
2024-12-10T11:21:37.000000,18402.577650000054,3753.7181499999992,22156.295800000047
2024-12-10T11:21:42.000000,18402.577650000054,3758.90395,22161.481600000046
2024-12-10T11:21:42.000000,18402.577650000054,3731.4289499999995,22134.006600000048
2024-12-10T11:21:42.000000,18402.577650000054,3740.2249499999994,22142.802600000046
2024-12-10T11:21:47.000000,18402.577650000054,3745.41075,22147.988400000046
2024-12-10T11:21:47.000000,18402.577650000054,3754.20675,22156.784400000044
2024-12-10T11:21:52.000000,18402.577650000054,3763.0027499999997,22165.580400000043
2024-12-10T11:21:57.000000,18402.577650000054,3755.80275,22158.380400000042
2024-12-10T11:22:07.000000,18402.577650000054,3748.60275,22151.18040000004
2024-12-10T11:22:12.000000,18402.577650000054,3741.40275,22143.98040000004
2024-12-10T11:22:17.000000,18402.577650000054,3734.2027500000004,22136.78040000004
2024-12-10T11:22:22.000000,18402.577650000054,3735.0039500000003,22137.581600000038
2024-12-10T11:22:47.000000,18402.577650000054,3719.8091500000005,22122.386800000037
2024-12-10T11:23:12.000000,18402.577650000054,3663.872349999999,22066.450000000037
2024-12-10T11:25:47.000000,18402.577650000054,3624.67395,22027.251600000036
2024-12-10T11:26:57.000000,18402.577650000054,3625.1807499999995,22027.758400000035
2024-12-10T11:27:22.000000,18402.577650000054,3689.428349999999,22092.006000000034
2024-12-10T13:04:52.000000,18402.577650000054,3705.7007499999986,22108.278400000032
2024-12-10T13:06:27.000000,18347.665650000054,3705.7007499999986,22053.36640000003
2024-12-10T13:07:17.000000,18347.665650000054,3790.159349999999,22137.825000000033
2024-12-10T13:07:32.000000,18347.665650000054,3878.6185499999983,22226.284200000035
2024-12-10T13:07:42.000000,18347.665650000054,3955.085549999999,22302.751200000035
2024-12-10T13:08:17.000000,18347.665650000054,3947.2255499999987,22294.891200000035
2024-12-10T13:09:47.000000,18347.665650000054,3939.391949999999,22287.057600000033
2024-12-10T13:10:07.000000,18347.665650000054,3931.558349999999,22279.22400000003
2024-12-10T13:10:17.000000,18347.665650000054,3923.724749999999,22271.39040000003
2024-12-10T13:10:22.000000,18347.665650000054,3915.891149999999,22263.556800000028
2024-12-10T13:10:32.000000,18347.665650000054,3925.0465000000004,22272.71215000003
2024-12-10T13:10:42.000000,18347.665650000054,3917.2129000000004,22264.878550000027
2024-12-10T13:10:47.000000,18347.665650000054,3926.368250000002,22274.033900000028
2024-12-10T13:10:57.000000,18347.665650000054,3935.523600000003,22283.18925000003
2024-12-10T13:11:02.000000,18347.665650000054,3895.749200000004,22243.41485000003
2024-12-10T13:11:12.000000,18347.665650000054,3863.976000000004,22211.64165000003
2024-12-10T13:11:17.000000,18347.665650000054,3832.2028000000046,22179.86845000003
2024-12-10T13:11:22.000000,18347.665650000054,3800.423200000005,22148.088850000033
2024-12-10T13:11:27.000000,18347.665650000054,3768.6500000000055,22116.315650000033
2024-12-10T13:11:32.000000,18347.665650000054,3728.8820000000064,22076.547650000033
2024-12-10T13:11:37.000000,18347.665650000054,3673.1180000000077,22020.783650000034
2024-12-10T13:11:47.000000,18347.665650000054,3609.3592000000076,21957.024850000034
2024-12-10T13:11:52.000000,18320.90265000005,3609.3592000000076,21930.26185000003
2024-12-10T13:11:52.000000,18320.90265000005,3545.6004000000075,21866.503050000032
2024-12-10T13:12:27.000000,18320.90265000005,3554.7693500000073,21875.67200000003
2024-12-10T13:12:47.000000,18318.42340000005,3554.7693500000073,21873.19275000003
2024-12-10T13:13:27.000000,18318.42340000005,3570.996950000007,21889.42035000003
2024-12-10T13:13:42.000000,18318.42340000005,3595.225750000008,21913.64915000003
2024-12-10T13:13:52.000000,18318.42340000005,3595.4637500000076,21913.88715000003
2024-12-10T13:14:42.000000,18334.97100000005,3595.4637500000076,21930.43475000003
2024-12-10T13:14:47.000000,18343.517400000048,3595.4637500000076,21938.98115000003
2024-12-10T13:15:22.000000,18348.063200000048,3595.4637500000076,21943.52695000003
2024-12-10T13:15:32.000000,18348.063200000048,3659.6921500000076,22007.75535000003
2024-12-10T13:15:37.000000,18348.063200000048,3723.9269500000073,22071.990150000027
2024-12-10T13:15:57.000000,18348.063200000048,3788.1553500000073,22136.218550000027
2024-12-10T13:16:22.000000,18348.063200000048,3852.3837500000072,22200.446950000027
2024-12-10T13:16:27.000000,18348.063200000048,3916.605750000007,22264.66895000003
2024-12-10T13:16:42.000000,18348.063200000048,3988.828950000007,22336.89215000003
2024-12-10T13:16:47.000000,18348.063200000048,4053.0509500000067,22401.11415000003
2024-12-10T13:17:02.000000,18348.063200000048,4101.276950000007,22449.34015000003
2024-12-10T13:17:07.000000,18348.063200000048,4094.1089500000066,22442.172150000028
2024-12-10T13:17:12.000000,18348.063200000048,4086.9409500000065,22435.004150000026
2024-12-10T13:18:52.000000,18348.063200000048,4095.4745500000063,22443.537750000025
2024-12-10T13:20:02.000000,18348.063200000048,4088.306550000006,22436.369750000023
2024-12-10T13:20:27.000000,18348.063200000048,4081.138550000006,22429.201750000022
2024-12-10T13:23:32.000000,18348.063200000048,4089.3969500000057,22437.46015000002
2024-12-10T13:23:37.000000,18348.063200000048,4097.6553500000055,22445.71855000002
2024-12-10T13:26:42.000000,18348.063200000048,4170.329750000005,22518.39295000002
2024-12-10T13:26:47.000000,18348.063200000048,4247.0047500000055,22595.06795000002
2024-12-10T13:26:57.000000,18348.063200000048,4263.715550000005,22611.77875000002
2024-12-10T13:27:02.000000,18348.063200000048,4272.434750000007,22620.49795000002
2024-12-10T13:27:12.000000,18348.063200000048,4273.155950000007,22621.21915000002
2024-12-10T13:27:57.000000,18348.063200000048,4313.643150000007,22661.70635000002
2024-12-10T13:28:07.000000,18348.063200000048,4366.1257500000065,22714.188950000018
2024-12-10T13:28:12.000000,18348.063200000048,4418.608350000006,22766.671550000017
2024-12-10T13:28:17.000000,18348.063200000048,4467.093550000006,22815.156750000016
2024-12-10T13:28:57.000000,18348.063200000048,4485.313300000006,22833.376500000017
2024-12-10T13:29:02.000000,18348.063200000048,4498.536300000006,22846.599500000015
2024-12-10T13:29:07.000000,18348.063200000048,4511.759300000006,22859.822500000013
2024-12-10T13:29:12.000000,18348.063200000048,4504.437700000006,22852.500900000014
2024-12-10T13:29:17.000000,18348.063200000048,4489.124500000006,22837.187700000013
2024-12-10T13:29:22.000000,18348.063200000048,4457.818500000007,22805.881700000013
2024-12-10T13:29:27.000000,18348.063200000048,4530.300900000007,22878.364100000013
2024-12-10T13:29:27.000000,18348.063200000048,4598.785900000005,22946.849100000014
2024-12-10T13:29:27.000000,18348.063200000048,4543.489100000005,22891.552300000014
2024-12-10T13:29:32.000000,18348.063200000048,4611.977300000006,22960.040500000014
2024-12-10T13:29:32.000000,18348.063200000048,4552.683100000005,22900.746300000013
2024-12-10T13:29:37.000000,18348.063200000048,4621.171300000005,22969.234500000013
2024-12-10T13:29:42.000000,18325.152950000047,4621.171300000005,22946.324250000012
2024-12-10T13:30:07.000000,18302.230700000047,4621.171300000005,22923.402000000013
2024-12-10T13:30:12.000000,18264.318200000045,4621.171300000005,22885.48950000001
2024-12-10T13:30:17.000000,18226.405700000043,4621.171300000005,22847.57700000001
2024-12-10T13:30:22.000000,18188.481200000042,4621.171300000005,22809.652500000007
2024-12-10T13:30:27.000000,18135.554450000043,4621.171300000005,22756.72575000001
2024-12-10T13:30:32.000000,18067.625450000043,4621.171300000005,22688.79675000001
2024-12-10T13:30:37.000000,17969.691950000044,4621.171300000005,22590.86325000001
2024-12-10T13:30:37.000000,17969.691950000044,4592.920150000005,22562.61210000001
2024-12-10T13:31:02.000000,17969.691950000044,4570.667500000005,22540.35945000001
2024-12-10T13:31:52.000000,17962.056750000043,4570.667500000005,22532.72425000001
2024-12-10T13:31:57.000000,17962.42275000004,4570.667500000005,22533.09025000001
2024-12-10T13:32:02.000000,17954.793950000043,4570.667500000005,22525.46145000001
2024-12-10T13:32:07.000000,17963.15475000004,4570.667500000005,22533.82225000001
2024-12-10T13:32:17.000000,17979.503950000042,4570.667500000005,22550.17145000001
2024-12-10T13:34:07.000000,17979.503950000042,4650.3365500000045,22629.84050000001
2024-12-10T13:34:12.000000,17979.503950000042,4658.578800000003,22638.08275000001
2024-12-10T13:35:17.000000,17962.102450000042,4658.578800000003,22620.68125000001
2024-12-10T13:36:02.000000,17962.102450000042,4687.233800000003,22649.336250000008
2024-12-10T13:36:07.000000,17962.102450000042,4711.894600000002,22673.997050000005
2024-12-10T13:36:12.000000,17962.102450000042,4740.556000000002,22702.658450000006
2024-12-10T13:36:17.000000,17962.102450000042,4757.222000000002,22719.324450000007
2024-12-10T13:36:27.000000,17962.102450000042,4761.905400000002,22724.00785000001
2024-12-10T13:36:27.000000,17962.102450000042,4762.591400000002,22724.69385000001
2024-12-10T13:37:17.000000,17962.967650000042,4762.591400000002,22725.55905000001
2024-12-10T13:37:22.000000,17962.967650000042,4834.949000000003,22797.91665000001
2024-12-10T13:37:27.000000,17962.967650000042,4839.443600000004,22802.411250000012
2024-12-10T13:37:27.000000,17962.967650000042,4911.801200000005,22874.76885000001
2024-12-10T13:37:32.000000,17962.967650000042,4908.297800000005,22871.26545000001
2024-12-10T13:37:37.000000,17962.967650000042,4900.797000000005,22863.76465000001
2024-12-10T13:37:42.000000,17962.967650000042,4889.298800000004,22852.266450000006
2024-12-10T13:37:47.000000,17962.967650000042,4877.797400000005,22840.765050000005
2024-12-10T13:37:52.000000,17962.967650000042,4998.149400000005,22961.117050000004
2024-12-10T13:37:57.000000,17962.967650000042,5102.511800000006,23065.479450000006
2024-12-10T13:38:02.000000,17962.967650000042,5206.867800000006,23169.835450000006
2024-12-10T13:38:27.000000,17962.967650000042,5287.220200000007,23250.187850000006
2024-12-10T13:38:32.000000,17962.967650000042,5351.576600000007,23314.544250000006
2024-12-10T13:38:37.000000,17962.967650000042,5399.937000000007,23362.904650000008
2024-12-10T13:38:52.000000,17962.967650000042,5464.299800000009,23427.26745000001
2024-12-10T13:38:57.000000,17962.967650000042,5528.662600000011,23491.630250000013
2024-12-10T13:39:02.000000,17962.967650000042,5585.024200000011,23547.991850000013
2024-12-10T13:39:42.000000,18004.120450000042,5585.024200000011,23589.144650000013
2024-12-10T13:39:47.000000,18030.27820000004,5585.024200000011,23615.30240000001
2024-12-10T13:40:22.000000,18030.27820000004,5617.7022000000115,23647.98040000001
2024-12-10T13:40:27.000000,18023.142200000042,5617.7022000000115,23640.844400000013
2024-12-10T13:40:37.000000,18023.142200000042,5619.069800000011,23642.212000000014
2024-12-10T13:40:37.000000,18023.142200000042,5659.752200000012,23682.894400000016
2024-12-10T13:40:42.000000,18023.142200000042,5649.121200000011,23672.263400000014
2024-12-10T13:40:42.000000,18023.142200000042,5689.80680000001,23712.949000000015
2024-12-10T13:40:47.000000,18023.142200000042,5687.170600000011,23710.312800000014
2024-12-10T13:40:47.000000,18023.142200000042,5727.85620000001,23750.998400000015
2024-12-10T13:40:52.000000,18023.142200000042,5721.21940000001,23744.361600000015
2024-12-10T13:40:57.000000,18023.142200000042,5706.587800000008,23729.730000000014
2024-12-10T13:41:02.000000,18023.142200000042,5695.953600000008,23719.095800000014
2024-12-10T13:41:07.000000,18023.142200000042,5685.319400000008,23708.461600000013
2024-12-10T13:41:12.000000,18023.142200000042,5674.685200000007,23697.827400000013
2024-12-10T13:41:12.000000,18023.142200000042,5479.165800000008,23502.30800000001
2024-12-10T13:41:52.000000,18023.142200000042,5472.525800000008,23495.668000000012
2024-12-10T13:42:02.000000,18023.142200000042,5449.381000000008,23472.523200000014
2024-12-10T13:42:07.000000,18023.142200000042,5450.739000000008,23473.881200000014
2024-12-10T13:42:07.000000,18023.142200000042,5427.594200000008,23450.736400000016
2024-12-10T13:42:12.000000,18023.142200000042,5428.952200000008,23452.094400000016
2024-12-10T13:42:12.000000,18023.142200000042,5397.812600000008,23420.954800000018
2024-12-10T13:42:17.000000,18023.142200000042,5391.172600000008,23414.31480000002
2024-12-10T13:42:22.000000,18023.142200000042,5380.535200000008,23403.67740000002
2024-12-10T13:42:22.000000,18023.142200000042,5357.396800000009,23380.53900000002
2024-12-10T13:42:27.000000,18023.142200000042,5346.759400000009,23369.90160000002
2024-12-10T13:42:37.000000,18023.142200000042,5336.125200000009,23359.26740000002
2024-12-10T13:42:42.000000,18023.142200000042,5325.491000000008,23348.63320000002
2024-12-10T13:42:47.000000,18023.142200000042,5314.856800000008,23337.999000000018
2024-12-10T13:42:57.000000,18023.142200000042,5308.092800000008,23331.23500000002
2024-12-10T13:42:57.000000,18023.142200000042,5293.458000000008,23316.60020000002
2024-12-10T13:43:12.000000,18023.142200000042,5286.694000000008,23309.83620000002
2024-12-10T13:45:07.000000,18023.142200000042,5335.092800000008,23358.23500000002
2024-12-10T13:45:22.000000,18023.142200000042,5325.513950000007,23348.656150000017
2024-12-10T13:45:22.000000,18023.142200000042,5365.930750000006,23389.072950000016
2024-12-10T13:45:27.000000,18023.142200000042,5347.3505500000065,23370.492750000016
2024-12-10T13:45:27.000000,18023.142200000042,5395.768550000005,23418.910750000014
2024-12-10T13:45:32.000000,18023.142200000042,5436.1917500000045,23459.33395000001
2024-12-10T13:45:42.000000,18123.510400000043,5436.1917500000045,23559.702150000012
2024-12-10T13:46:02.000000,18151.883800000043,5436.1917500000045,23588.075550000012
2024-12-10T13:46:12.000000,18156.253600000044,5436.1917500000045,23592.445350000013
2024-12-10T13:46:42.000000,18156.253600000044,5458.3050500000045,23614.558650000014
2024-12-10T13:46:52.000000,18156.253600000044,5480.4183500000045,23636.671950000014
2024-12-10T13:47:12.000000,18156.253600000044,5472.463150000004,23628.716750000014
2024-12-10T13:47:22.000000,18156.253600000044,5552.8859500000035,23709.139550000014
2024-12-10T13:47:32.000000,18156.253600000044,5561.745950000003,23717.999550000015
2024-12-10T13:47:37.000000,18156.253600000044,5569.988200000002,23726.241800000014
2024-12-10T13:47:37.000000,18156.253600000044,5578.848200000001,23735.101800000015
2024-12-10T13:47:47.000000,18156.253600000044,5627.298200000001,23783.551800000016
2024-12-10T13:47:47.000000,18156.253600000044,5636.158200000001,23792.411800000016
2024-12-10T13:48:12.000000,18156.253600000044,5692.439800000001,23848.693400000015
2024-12-10T13:49:02.000000,18156.253600000044,5690.684550000002,23846.938150000016
2024-12-10T13:49:52.000000,18156.253600000044,5731.126950000003,23887.380550000016
2024-12-10T13:50:07.000000,18156.253600000044,5823.445950000003,23979.699550000016
2024-12-10T13:50:07.000000,18156.253600000044,5690.095050000003,23846.348650000014
2024-12-10T13:50:12.000000,18156.253600000044,5786.411450000003,23942.665050000014
2024-12-10T13:50:47.000000,18156.253600000044,5789.457900000005,23945.711500000016
2024-12-10T13:52:42.000000,18156.253600000044,5677.052550000005,23833.306150000015
2024-12-10T13:52:52.000000,18156.253600000044,5564.649600000005,23720.903200000015
2024-12-10T13:53:17.000000,18144.512850000046,5564.649600000005,23709.162450000018
2024-12-10T13:54:02.000000,18144.512850000046,5565.156400000005,23709.669250000017
2024-12-10T13:55:22.000000,18144.512850000046,5589.641200000005,23734.154050000016
2024-12-10T13:55:52.000000,18144.512850000046,5622.114400000004,23766.627250000016
2024-12-10T13:55:57.000000,18144.512850000046,5654.5876000000035,23799.100450000016
2024-12-10T13:56:12.000000,18144.512850000046,5663.050800000003,23807.563650000015
2024-12-10T13:56:17.000000,18144.512850000046,5675.441000000002,23819.953850000013
2024-12-10T13:56:27.000000,18144.512850000046,5675.896600000003,23820.409450000014
2024-12-10T13:56:37.000000,18144.512850000046,5652.361400000002,23796.87425000001
2024-12-10T13:56:42.000000,18144.512850000046,5620.825000000001,23765.33785000001
2024-12-10T13:56:47.000000,18144.512850000046,5581.2874,23725.80025000001
2024-12-10T13:56:52.000000,18144.512850000046,5525.7537999999995,23670.266650000012
2024-12-10T13:58:02.000000,18121.68660000005,5525.7537999999995,23647.440400000014
2024-12-10T13:58:32.000000,18134.13760000005,5525.7537999999995,23659.891400000015
2024-12-10T13:58:32.000000,18146.58860000005,5525.7537999999995,23672.342400000016
2024-12-10T13:58:37.000000,18179.03940000005,5525.7537999999995,23704.793200000015
2024-12-10T13:58:47.000000,18211.48700000005,5525.7537999999995,23737.240800000014
2024-12-10T13:58:52.000000,18247.935200000047,5525.7537999999995,23773.689000000013
2024-12-10T13:58:57.000000,18284.383400000046,5525.7537999999995,23810.137200000012
2024-12-10T13:59:02.000000,18324.829000000045,5525.7537999999995,23850.58280000001
2024-12-10T13:59:12.000000,18381.267400000044,5525.7537999999995,23907.02120000001
2024-12-10T13:59:37.000000,18469.688200000044,5525.7537999999995,23995.44200000001
2024-12-10T13:59:57.000000,18546.097600000045,5525.7537999999995,24071.85140000001
2024-12-10T14:00:02.000000,18626.504400000045,5525.7537999999995,24152.25820000001
2024-12-10T14:00:07.000000,18702.907400000047,5525.7537999999995,24228.661200000013
2024-12-10T14:00:57.000000,18705.96265000005,5525.7537999999995,24231.716450000014
2024-12-10T14:01:07.000000,18705.96265000005,5504.2813,24210.243950000015
2024-12-10T14:01:07.000000,18705.96265000005,5488.7665,24194.729150000014
2024-12-10T14:01:47.000000,18705.96265000005,5513.225700000001,24219.188350000015
2024-12-10T14:02:02.000000,18705.96265000005,5561.675700000001,24267.638350000016
2024-12-10T14:02:07.000000,18705.96265000005,5618.120500000001,24324.083150000017
2024-12-10T14:02:12.000000,18705.96265000005,5674.565300000001,24380.527950000018
2024-12-10T14:02:17.000000,18705.96265000005,5723.015300000001,24428.97795000002
2024-12-10T14:02:22.000000,18705.96265000005,5787.467700000001,24493.430350000017
2024-12-10T14:02:27.000000,18705.96265000005,5835.917700000001,24541.880350000018
2024-12-10T14:02:32.000000,18705.96265000005,5876.379300000001,24582.341950000016
2024-12-10T14:02:37.000000,18705.96265000005,5908.846100000001,24614.808750000015
2024-12-10T14:02:42.000000,18705.96265000005,5949.3141,24655.276750000015
2024-12-10T14:02:47.000000,18705.96265000005,5981.787299999999,24687.749950000016
2024-12-10T14:04:47.000000,18705.96265000005,5986.879499999999,24692.842150000015
2024-12-10T14:04:52.000000,18705.96265000005,6083.2982999999995,24789.260950000014
2024-12-10T14:05:02.000000,18705.96265000005,6147.7762999999995,24853.738950000014
2024-12-10T14:05:07.000000,18705.96265000005,6228.250299999999,24934.212950000012
2024-12-10T14:05:12.000000,18666.59770000005,6228.250299999999,24894.848000000013
2024-12-10T14:05:17.000000,18630.06520000005,6228.250299999999,24858.31550000001
2024-12-10T14:05:27.000000,18590.532250000047,6228.250299999999,24818.78255000001
2024-12-10T14:05:32.000000,18550.999300000047,6228.250299999999,24779.24960000001
2024-12-10T14:05:42.000000,18508.465900000047,6228.250299999999,24736.71620000001
2024-12-10T14:06:27.000000,18508.465900000047,6295.413549999998,24803.87945000001
2024-12-10T14:06:57.000000,18508.465900000047,6360.173149999999,24868.639050000013
2024-12-10T14:07:02.000000,18508.465900000047,6412.940549999998,24921.406450000013
2024-12-10T14:07:07.000000,18508.465900000047,6461.710549999999,24970.176450000014
2024-12-10T14:07:37.000000,18508.465900000047,6454.040149999999,24962.506050000015
2024-12-10T14:07:42.000000,18508.465900000047,6446.369749999999,24954.835650000015
2024-12-10T14:07:47.000000,18508.465900000047,6438.699349999999,24947.165250000016
2024-12-10T14:07:57.000000,18508.465900000047,6490.884349999999,24999.350250000018
2024-12-10T14:08:57.000000,18508.465900000047,6483.229949999999,24991.69585000002
2024-12-10T14:09:22.000000,18492.350950000047,6483.229949999999,24975.58090000002
2024-12-10T14:09:27.000000,18470.237500000047,6483.229949999999,24953.46745000002
2024-12-10T14:09:47.000000,18430.747900000046,6483.229949999999,24913.977850000017
2024-12-10T14:09:57.000000,18379.262900000045,6483.229949999999,24862.492850000017
2024-12-10T14:10:17.000000,18357.147050000043,6483.229949999999,24840.377000000015
2024-12-10T14:10:22.000000,18335.03120000004,6483.229949999999,24818.261150000013
2024-12-10T14:10:37.000000,18312.91295000004,6483.229949999999,24796.142900000013
2024-12-10T14:10:42.000000,18290.794700000042,6483.229949999999,24774.024650000014
2024-12-10T14:10:47.000000,18262.67795000004,6483.229949999999,24745.907900000013
2024-12-10T14:12:07.000000,18262.67795000004,6491.712349999999,24754.390300000014
2024-12-10T14:12:17.000000,18262.67795000004,6484.198749999999,24746.876700000015
2024-12-10T14:12:22.000000,18262.67795000004,6468.690349999999,24731.368300000016
2024-12-10T14:12:32.000000,18262.67795000004,6454.493299999999,24717.171250000018
2024-12-10T14:12:52.000000,18262.67795000004,6437.499949999999,24700.177900000017
2024-12-10T14:13:07.000000,18262.67795000004,6420.5066,24683.184550000016
2024-12-10T14:14:12.000000,18246.56780000004,6420.5066,24667.074400000016
2024-12-10T14:14:52.000000,18251.07200000004,6420.5066,24671.578600000015
2024-12-10T14:15:02.000000,18259.57680000004,6420.5066,24680.083400000014
2024-12-10T14:15:17.000000,18260.086800000037,6420.5066,24680.593400000012
2024-12-10T14:15:17.000000,18250.740750000037,6420.5066,24671.247350000012
2024-12-10T14:15:27.000000,18247.250150000036,6420.5066,24667.75675000001
2024-12-10T14:15:42.000000,18243.762750000038,6420.5066,24664.269350000013
2024-12-10T14:15:47.000000,18236.274750000037,6420.5066,24656.781350000012
2024-12-10T14:15:52.000000,18224.786150000036,6420.5066,24645.29275000001
2024-12-10T14:16:03.000000,18224.786150000036,6402.617099999999,24627.40325000001
2024-12-10T14:16:22.000000,18201.29255000004,6402.617099999999,24603.909650000012
2024-12-10T14:16:58.000000,18201.29255000004,6404.714599999998,24606.007150000012
2024-12-10T14:17:13.000000,18201.29255000004,6396.818599999999,24598.11115000001
2024-12-10T14:18:12.000000,18165.806750000036,6396.818599999999,24562.62535000001
2024-12-10T14:19:17.000000,18165.806750000036,6395.083349999998,24560.890100000008
2024-12-10T14:19:47.000000,18165.806750000036,6376.161699999999,24541.968450000008
2024-12-10T14:19:52.000000,18165.806750000036,6357.240049999999,24523.046800000007
2024-12-10T14:19:57.000000,18165.806750000036,6350.5080499999995,24516.314800000007
2024-12-10T14:20:07.000000,18165.806750000036,6338.779299999998,24504.586050000005
2024-12-10T14:20:07.000000,18165.806750000036,6319.857649999999,24485.664400000005
2024-12-10T14:25:07.000000,18165.806750000036,6304.342849999999,24470.149600000004
2024-12-10T14:25:17.000000,18165.806750000036,6288.828049999999,24454.634800000003
2024-12-10T14:25:17.000000,18182.915150000037,6288.828049999999,24471.743200000004
2024-12-10T14:25:37.000000,18206.019650000035,6288.828049999999,24494.847700000002
2024-12-10T14:25:57.000000,18226.123700000036,6288.828049999999,24514.951750000004
2024-12-10T14:26:47.000000,18259.009700000035,6288.828049999999,24547.837750000002
2024-12-10T14:26:52.000000,18259.009700000035,6226.842349999999,24485.85205
2024-12-10T14:26:52.000000,18295.896300000033,6226.842349999999,24522.73865
2024-12-10T14:26:57.000000,18344.781500000034,6226.842349999999,24571.62385
2024-12-10T14:27:02.000000,18397.667300000034,6226.842349999999,24624.50965
2024-12-10T14:27:12.000000,18450.556300000033,6226.842349999999,24677.39865
2024-12-10T14:27:22.000000,18473.43280000003,6226.842349999999,24700.275149999998
2024-12-10T14:27:22.000000,18505.91240000003,6226.842349999999,24732.754749999996
2024-12-10T14:27:22.000000,18574.81340000003,6226.842349999999,24801.655749999994
2024-12-10T14:27:27.000000,18594.92225000003,6226.842349999999,24821.764599999995
2024-12-10T14:27:32.000000,18609.03020000003,6226.842349999999,24835.872549999996
2024-12-10T14:27:37.000000,18620.13770000003,6226.842349999999,24846.980049999995
2024-12-10T14:27:37.000000,18681.04710000003,6226.842349999999,24907.889449999995
2024-12-10T14:27:42.000000,18694.59890000003,6226.842349999999,24921.441249999996
2024-12-10T14:27:42.000000,18702.70835000003,6226.842349999999,24929.550699999996
2024-12-10T14:27:47.000000,18707.81735000003,6226.842349999999,24934.659699999997
2024-12-10T14:27:47.000000,18744.72635000003,6226.842349999999,24971.568699999996
2024-12-10T14:27:52.000000,18777.63475000003,6226.842349999999,25004.477099999996
2024-12-10T14:27:57.000000,18785.74420000003,6226.842349999999,25012.586549999996
2024-12-10T14:27:57.000000,18814.65200000003,6226.842349999999,25041.494349999997
2024-12-10T14:28:07.000000,18816.762950000033,6226.842349999999,25043.6053
2024-12-10T14:28:12.000000,18833.672150000035,6226.842349999999,25060.5145
2024-12-10T14:28:22.000000,18832.782650000034,6226.842349999999,25059.625
2024-12-10T14:28:42.000000,18841.645700000034,6226.842349999999,25068.48805
2024-12-10T14:28:52.000000,18841.645700000034,6220.163949999999,25061.80965
2024-12-10T14:28:52.000000,18869.803100000034,6220.163949999999,25089.96705
2024-12-10T14:28:52.000000,18875.665700000034,6220.163949999999,25095.82965
2024-12-10T14:28:57.000000,18878.527850000035,6220.163949999999,25098.6918
2024-12-10T14:29:02.000000,18807.423850000036,6220.163949999999,25027.5878
2024-12-10T14:29:07.000000,18732.319250000037,6220.163949999999,24952.483200000002
2024-12-10T14:29:17.000000,18732.319250000037,6225.480949999999,24957.8002
2024-12-10T14:29:17.000000,18684.42125000004,6225.480949999999,24909.902200000004
2024-12-10T14:29:17.000000,18652.616050000037,6225.480949999999,24878.097
2024-12-10T14:29:22.000000,18645.229650000038,6225.480949999999,24870.710600000002
2024-12-10T14:29:22.000000,18609.732650000038,6225.480949999999,24835.213600000003
2024-12-10T14:29:27.000000,18561.83465000004,6225.480949999999,24787.315600000005
2024-12-10T14:29:32.000000,18508.93590000004,6225.480949999999,24734.416850000005
2024-12-10T14:29:32.000000,18519.09060000004,6225.480949999999,24744.571550000004
2024-12-10T14:29:37.000000,18519.09060000004,6233.93775,24753.028350000004
2024-12-10T14:29:42.000000,18519.09060000004,6234.40615,24753.496750000006
2024-12-10T14:29:47.000000,18466.19185000004,6234.40615,24700.598000000005
2024-12-10T14:29:52.000000,18466.19185000004,6226.87975,24693.071600000007
2024-12-10T14:29:57.000000,18466.19185000004,6211.35855,24677.550400000007
2024-12-10T14:30:02.000000,18466.19185000004,6213.215099999999,24679.406950000008
2024-12-10T14:30:02.000000,18466.19185000004,6189.6991,24655.890950000008
2024-12-10T14:30:07.000000,18466.19185000004,6150.1871,24616.37895000001
2024-12-10T14:30:17.000000,18447.666850000038,6150.1871,24597.853950000008
2024-12-10T14:30:27.000000,18447.666850000038,6146.045150000001,24593.712000000007
2024-12-10T14:30:27.000000,18447.666850000038,6139.427550000001,24587.094400000005
2024-12-10T14:30:32.000000,18447.666850000038,6124.811950000001,24572.478800000004
2024-12-10T14:30:37.000000,18447.666850000038,6114.19375,24561.860600000004
2024-12-10T14:30:42.000000,18447.666850000038,6103.57555,24551.242400000003
2024-12-10T14:30:42.000000,18447.666850000038,6106.177049999999,24553.843900000003
2024-12-10T14:30:43.000000,18447.666850000038,6088.239549999999,24535.906400000003
2024-12-10T14:30:47.000000,18447.666850000038,6081.62195,24529.288800000002
2024-12-10T14:30:52.000000,18447.666850000038,6079.774850000001,24527.441700000003
2024-12-10T14:30:53.000000,18447.666850000038,6071.838850000001,24519.5057
2024-12-10T14:30:57.000000,18447.666850000038,6065.218050000001,24512.8849
2024-12-10T14:30:57.000000,18447.666850000038,6058.1012500000015,24505.7681
2024-12-10T14:31:02.000000,18447.666850000038,6051.480450000002,24499.1473
2024-12-10T14:31:02.000000,18447.666850000038,6044.363650000002,24492.0305
2024-12-10T14:31:07.000000,18447.666850000038,6041.743450000003,24489.410300000003
2024-12-10T14:31:07.000000,18447.666850000038,6045.892450000002,24493.559300000004
2024-12-10T14:31:17.000000,18447.666850000038,6054.349250000003,24502.016100000004
2024-12-10T14:31:17.000000,18447.666850000038,6058.498250000002,24506.165100000006
2024-12-10T14:31:22.000000,18447.666850000038,6063.8728500000025,24511.539700000005
2024-12-10T14:31:22.000000,18447.666850000038,6064.334850000002,24512.001700000004
2024-12-10T14:31:27.000000,18447.666850000038,6081.191250000003,24528.858100000005
2024-12-10T14:31:27.000000,18447.666850000038,6086.565850000003,24534.232700000004
2024-12-10T14:31:27.000000,18447.666850000038,6106.689100000002,24554.355950000005
2024-12-10T14:31:32.000000,18447.666850000038,6117.549400000003,24565.216250000005
2024-12-10T14:31:32.000000,18447.666850000038,6122.924000000003,24570.590850000004
2024-12-10T14:31:32.000000,18447.666850000038,6123.386000000002,24571.052850000004
2024-12-10T14:31:37.000000,18447.666850000038,6124.929600000002,24572.596450000005
2024-12-10T14:31:37.000000,18447.666850000038,6135.7899000000025,24583.456750000005
2024-12-10T14:31:37.000000,18447.666850000038,6145.161900000002,24592.828750000004
2024-12-10T14:31:37.000000,18447.666850000038,6145.639900000002,24593.306750000003
2024-12-10T14:31:37.000000,18447.666850000038,6154.103100000001,24601.76995
2024-12-10T14:31:42.000000,18447.666850000038,6155.480300000001,24603.14715
2024-12-10T14:31:42.000000,18447.666850000038,6163.9435,24611.61035
2024-12-10T14:31:47.000000,18447.666850000038,6169.3181,24616.98495
2024-12-10T14:31:52.000000,18447.666850000038,6178.6933,24626.360149999997
2024-12-10T14:31:52.000000,18447.666850000038,6195.164099999999,24642.830949999996
2024-12-10T14:31:57.000000,18447.666850000038,6204.539299999999,24652.206149999995
2024-12-10T14:32:02.000000,18447.666850000038,6214.084099999998,24661.750949999994
2024-12-10T14:32:07.000000,18447.666850000038,6227.456699999997,24675.123549999993
2024-12-10T14:32:07.000000,18447.666850000038,6239.926899999996,24687.593749999993
2024-12-10T14:32:12.000000,18447.666850000038,6245.304699999995,24692.97154999999
2024-12-10T14:32:12.000000,18447.666850000038,6261.775499999994,24709.44234999999
2024-12-10T14:32:12.000000,18447.666850000038,6273.634199999995,24721.30104999999
2024-12-10T14:32:17.000000,18447.666850000038,6276.891699999995,24724.55854999999
2024-12-10T14:32:17.000000,18447.666850000038,6282.269499999994,24729.93634999999
2024-12-10T14:32:17.000000,18447.666850000038,6294.742899999994,24742.409749999988
2024-12-10T14:32:22.000000,18447.666850000038,6302.997149999995,24750.66399999999
2024-12-10T14:32:22.000000,18447.666850000038,6304.377549999995,24752.044399999988
2024-12-10T14:32:22.000000,18447.666850000038,6316.850949999995,24764.517799999987
2024-12-10T14:32:22.000000,18447.666850000038,6325.730149999996,24773.396999999986
2024-12-10T14:32:27.000000,18447.666850000038,6327.110549999996,24774.777399999984
2024-12-10T14:32:27.000000,18447.666850000038,6331.585949999995,24779.252799999984
2024-12-10T14:32:27.000000,18447.666850000038,6340.465149999996,24788.131999999983
2024-12-10T14:32:32.000000,18447.666850000038,6341.845549999996,24789.51239999998
2024-12-10T14:32:32.000000,18447.666850000038,6346.324149999997,24793.990999999984
2024-12-10T14:32:32.000000,18447.666850000038,6355.203349999998,24802.870199999983
2024-12-10T14:32:37.000000,18447.666850000038,6356.583749999998,24804.25059999998
2024-12-10T14:32:37.000000,18447.666850000038,6365.062949999999,24812.729799999983
2024-12-10T14:32:42.000000,18447.666850000038,6366.443349999999,24814.11019999998
2024-12-10T14:32:42.000000,18447.666850000038,6370.925149999999,24818.591999999982
2024-12-10T14:32:42.000000,18447.666850000038,6379.80435,24827.47119999998
2024-12-10T14:32:47.000000,18447.666850000038,6377.187349999999,24824.85419999998
2024-12-10T14:32:47.000000,18447.666850000038,6381.66915,24829.33599999998
2024-12-10T14:32:47.000000,18447.666850000038,6390.548350000001,24838.21519999998
2024-12-10T14:32:52.000000,18447.666850000038,6395.0333500000015,24842.70019999998
2024-12-10T14:32:57.000000,18447.666850000038,6427.51295,24875.17979999998
2024-12-10T14:33:17.000000,18447.666850000038,6428.397350000001,24876.064199999983
2024-12-10T14:33:27.000000,18447.666850000038,6429.281750000002,24876.948599999985
2024-12-10T14:33:42.000000,18447.666850000038,6430.172550000002,24877.839399999986
2024-12-10T14:36:27.000000,18447.666850000038,6433.236600000002,24880.903449999987
2024-12-10T14:36:32.000000,18447.666850000038,6436.300650000002,24883.967499999988
2024-12-10T14:37:22.000000,18440.66525000004,6436.300650000002,24876.96589999999
2024-12-10T14:37:27.000000,18445.665450000037,6436.300650000002,24881.966099999987
2024-12-10T14:37:32.000000,18458.676450000035,6436.300650000002,24894.977099999986
2024-12-10T14:37:42.000000,18483.682850000037,6436.300650000002,24919.983499999988
2024-12-10T14:37:47.000000,18504.698250000038,6436.300650000002,24940.998899999988
2024-12-10T14:37:52.000000,18525.713650000038,6436.300650000002,24962.014299999988
2024-12-10T14:37:57.000000,18546.732250000037,6436.300650000002,24983.032899999987
2024-12-10T14:38:02.000000,18563.750250000037,6436.300650000002,25000.050899999987
2024-12-10T14:38:07.000000,18580.765050000038,6436.300650000002,25017.06569999999
2024-12-10T14:38:12.000000,18593.77925000004,6436.300650000002,25030.07989999999
2024-12-10T14:38:17.000000,18598.79225000004,6436.300650000002,25035.09289999999
2024-12-10T14:40:37.000000,18546.141500000038,6436.300650000002,24982.442149999988
2024-12-10T14:42:22.000000,18518.322500000035,6436.300650000002,24954.623149999985
2024-12-10T14:42:27.000000,18490.50350000003,6436.300650000002,24926.80414999998
2024-12-10T14:42:37.000000,18475.07510000003,6436.300650000002,24911.37574999998
2024-12-10T14:42:37.000000,18447.256100000028,6436.300650000002,24883.556749999978
2024-12-10T14:42:42.000000,18427.830300000027,6436.300650000002,24864.130949999977
2024-12-10T14:42:42.000000,18400.011300000024,6436.300650000002,24836.311949999974
2024-12-10T14:42:47.000000,18380.588700000026,6436.300650000002,24816.889349999976
2024-12-10T14:42:52.000000,18361.166100000028,6436.300650000002,24797.466749999978
2024-12-10T14:42:57.000000,18333.467100000027,6436.300650000002,24769.767749999977
2024-12-10T14:42:57.000000,18314.04770000003,6436.300650000002,24750.34834999998
2024-12-10T14:43:02.000000,18294.62830000003,6436.300650000002,24730.92894999998
2024-12-10T14:43:07.000000,18272.81245000003,6436.300650000002,24709.11309999998
2024-12-10T14:43:07.000000,18245.11345000003,6436.300650000002,24681.41409999998
2024-12-10T14:43:07.000000,18229.69465000003,6436.300650000002,24665.99529999998
2024-12-10T14:43:12.000000,18218.27645000003,6436.300650000002,24654.57709999998
2024-12-10T14:43:17.000000,18190.57745000003,6436.300650000002,24626.87809999998
2024-12-10T14:43:17.000000,18179.15605000003,6436.300650000002,24615.45669999998
2024-12-10T14:43:22.000000,18175.73585000003,6436.300650000002,24612.03649999998
2024-12-10T14:43:27.000000,18172.31565000003,6436.300650000002,24608.61629999998
2024-12-10T14:43:37.000000,18144.61665000003,6436.300650000002,24580.91729999998
2024-12-10T14:43:37.000000,18161.19945000003,6436.300650000002,24597.50009999998
2024-12-10T14:43:42.000000,18177.78225000003,6436.300650000002,24614.08289999998
2024-12-10T14:43:47.000000,18198.36245000003,6436.300650000002,24634.66309999998
2024-12-10T14:43:52.000000,18226.94065000003,6436.300650000002,24663.24129999998
2024-12-10T14:43:57.000000,18259.51945000003,6436.300650000002,24695.82009999998
2024-12-10T14:44:07.000000,18231.700450000026,6436.300650000002,24668.001099999976
2024-12-10T14:44:07.000000,18231.700450000026,6434.506350000003,24666.206799999978
2024-12-10T14:44:12.000000,18264.279250000025,6434.506350000003,24698.785599999977
2024-12-10T14:44:12.000000,18292.857450000025,6434.506350000003,24727.363799999977
2024-12-10T14:44:12.000000,18333.437450000027,6434.506350000003,24767.94379999998
2024-12-10T14:44:12.000000,18295.616950000025,6434.506350000003,24730.123299999977
2024-12-10T14:44:17.000000,18324.195150000025,6434.506350000003,24758.701499999977
2024-12-10T14:44:27.000000,18340.774750000026,6434.506350000003,24775.28109999998
2024-12-10T14:44:32.000000,18353.350550000025,6434.506350000003,24787.856899999977
2024-12-10T14:44:37.000000,18361.922550000025,6434.506350000003,24796.428899999977
2024-12-10T14:44:42.000000,18334.223550000024,6434.506350000003,24768.729899999977
2024-12-10T14:44:42.000000,18338.794950000025,6434.506350000003,24773.301299999977
2024-12-10T14:44:47.000000,18335.365150000023,6434.506350000003,24769.871499999976
2024-12-10T14:44:52.000000,18327.937950000025,6434.506350000003,24762.444299999977
2024-12-10T14:44:57.000000,18312.509550000024,6434.506350000003,24747.015899999977
2024-12-10T14:45:02.000000,18312.509550000024,6437.163850000003,24749.673399999978
2024-12-10T14:45:02.000000,18312.509550000024,6451.247150000002,24763.756699999976
2024-12-10T14:45:02.000000,18284.810550000024,6451.247150000002,24736.057699999976
2024-12-10T14:45:02.000000,18257.111550000023,6451.247150000002,24708.358699999975
2024-12-10T14:45:02.000000,18229.412550000023,6451.247150000002,24680.659699999975
2024-12-10T14:45:02.000000,18201.713550000022,6451.247150000002,24652.960699999974
2024-12-10T14:45:02.000000,18174.01455000002,6451.247150000002,24625.261699999974
2024-12-10T14:45:02.000000,18146.584350000023,6451.247150000002,24597.831499999975
2024-12-10T14:45:02.000000,18119.154150000024,6451.247150000002,24570.401299999976
2024-12-10T14:45:02.000000,18083.722750000023,6451.247150000002,24534.969899999975
2024-12-10T14:45:02.000000,18040.290150000023,6451.247150000002,24491.537299999974
2024-12-10T14:45:03.000000,18040.290150000023,6433.333650000002,24473.623799999976
2024-12-11T10:00:42.000000,18049.438150000024,6433.333650000002,24482.771799999977
2024-12-11T10:00:52.000000,18054.588750000024,6433.333650000002,24487.922399999978
2024-12-11T10:03:02.000000,18091.728150000024,6433.333650000002,24525.061799999978
2024-12-11T10:03:07.000000,18120.869550000025,6433.333650000002,24554.203199999978
2024-12-11T10:05:17.000000,18120.869550000025,6462.283050000003,24583.15259999998
2024-12-11T10:05:22.000000,18120.869550000025,6470.931850000003,24591.80139999998
2024-12-11T10:11:32.000000,18120.869550000025,6493.148350000003,24614.01789999998
2024-12-11T10:15:18.000000,18101.862950000024,6493.148350000003,24595.01129999998
2024-12-11T10:17:37.000000,18126.590950000023,6493.148350000003,24619.73929999998
2024-12-11T10:17:42.000000,18143.324150000022,6493.148350000003,24636.472499999978
2024-12-11T10:17:52.000000,18144.06135000002,6493.148350000003,24637.209699999978
2024-12-11T10:17:57.000000,18120.801350000023,6493.148350000003,24613.94969999998
2024-12-11T10:18:22.000000,18120.801350000023,6447.007300000004,24567.80864999998
2024-12-11T10:18:32.000000,18120.801350000023,6400.868650000003,24521.66999999998
2024-12-11T10:21:02.000000,18120.801350000023,6378.042400000003,24498.84374999998
2024-12-11T10:22:12.000000,18120.801350000023,6362.738800000003,24483.540149999983
2024-12-11T10:22:17.000000,18120.801350000023,6347.448000000003,24468.249349999984
2024-12-11T10:28:22.000000,18120.801350000023,6279.819000000003,24400.620349999983
2024-12-11T10:28:32.000000,18120.801350000023,6196.959750000004,24317.76109999998
2024-12-11T10:32:27.000000,18120.801350000023,6114.016500000004,24234.81784999998
2024-12-11T10:32:32.000000,18120.801350000023,6046.0755000000045,24166.876849999982
2024-12-11T10:32:42.000000,18120.801350000023,5978.134500000005,24098.935849999983
2024-12-11T10:32:52.000000,18120.801350000023,5895.203250000005,24016.004599999982
2024-12-11T10:32:57.000000,18120.801350000023,5827.274250000005,23948.075599999982
2024-12-11T10:33:52.000000,18120.801350000023,5827.915450000005,23948.71679999998
2024-12-11T10:33:57.000000,18148.588200000024,5827.915450000005,23976.50364999998
2024-12-11T10:34:02.000000,18148.588200000024,5812.554250000005,23961.14244999998
2024-12-11T10:34:07.000000,18169.374000000025,5812.554250000005,23981.928249999983
2024-12-11T10:34:12.000000,18169.374000000025,5765.201050000005,23934.575049999985
2024-12-11T10:36:42.000000,18169.374000000025,5802.215800000005,23971.589799999987
2024-12-11T10:36:47.000000,18169.374000000025,5839.230550000006,24008.60454999999
2024-12-11T10:36:52.000000,18169.374000000025,5891.2475500000055,24060.62154999999
2024-12-11T10:36:57.000000,18169.374000000025,5943.264550000005,24112.63854999999
2024-12-11T10:37:02.000000,18169.374000000025,5980.291300000005,24149.66529999999
2024-12-11T10:37:12.000000,18169.374000000025,5987.325550000006,24156.69954999999
2024-12-11T10:39:32.000000,18169.374000000025,6024.340300000006,24193.714299999992
2024-12-11T10:39:42.000000,18169.374000000025,6046.352800000005,24215.726799999993
2024-12-11T10:40:37.000000,18139.679500000027,6046.352800000005,24186.032299999995
2024-12-11T10:42:27.000000,18148.600300000027,6046.352800000005,24194.953099999995
2024-12-11T10:44:42.000000,18126.609250000027,6046.352800000005,24172.962049999995
2024-12-11T10:51:32.000000,18126.609250000027,6080.765500000006,24207.374749999995
2024-12-11T10:54:02.000000,18145.135550000028,6080.765500000006,24225.901049999997
2024-12-11T10:57:42.000000,18145.135550000028,6199.406800000006,24344.542349999996
2024-12-11T10:58:07.000000,18145.135550000028,6216.071200000007,24361.206749999998
2024-12-11T10:58:12.000000,18145.135550000028,6226.739500000007,24371.87505
2024-12-11T10:59:52.000000,18145.135550000028,6317.082200000007,24462.21775
2024-12-11T11:03:32.000000,18145.135550000028,6295.028750000007,24440.1643
2024-12-11T11:03:42.000000,18145.135550000028,6275.978150000007,24421.1137
2024-12-11T11:05:57.000000,18145.135550000028,6305.020350000007,24450.1559
2024-12-11T11:07:47.000000,18092.65280000003,6305.020350000007,24397.673150000002
2024-12-11T11:10:52.000000,18092.65280000003,6346.099550000007,24438.752350000002
2024-12-11T11:13:27.000000,18077.621200000027,6346.099550000007,24423.72075
2024-12-11T11:13:27.000000,18054.588400000026,6346.099550000007,24400.68795
2024-12-11T11:13:37.000000,18043.554200000024,6346.099550000007,24389.653749999998
2024-12-11T11:13:42.000000,18036.520600000025,6346.099550000007,24382.62015
2024-12-11T11:13:47.000000,18033.487600000026,6346.099550000007,24379.58715
2024-12-11T11:13:52.000000,18042.446800000027,6346.099550000007,24388.54635
2024-12-11T11:13:52.000000,18083.241200000026,6346.099550000007,24429.34075
2024-12-11T11:13:57.000000,18096.194600000024,6346.099550000007,24442.294149999998
2024-12-11T11:14:12.000000,18113.151800000025,6346.099550000007,24459.25135
2024-12-11T11:14:12.000000,18134.109600000025,6346.099550000007,24480.20915
2024-12-11T11:14:17.000000,18163.059000000027,6346.099550000007,24509.15855
2024-12-11T11:14:22.000000,18200.009600000027,6346.099550000007,24546.10915
2024-12-11T11:14:27.000000,18240.957600000027,6346.099550000007,24587.05715
2024-12-11T11:15:37.000000,18289.906800000026,6346.099550000007,24636.00635
2024-12-11T11:16:17.000000,18346.850800000026,6346.099550000007,24692.95035
2024-12-11T11:16:22.000000,18399.791000000027,6346.099550000007,24745.89055
2024-12-11T11:16:27.000000,18444.733200000028,6346.099550000007,24790.83275
2024-12-11T11:20:37.000000,18444.733200000028,6320.894450000008,24765.627650000002
2024-12-11T11:22:02.000000,18444.733200000028,6277.902650000007,24722.635850000002
2024-12-11T11:22:07.000000,18444.733200000028,6231.915200000008,24676.648400000002
2024-12-11T11:22:52.000000,18444.733200000028,6272.594400000008,24717.3276
2024-12-11T11:23:07.000000,18444.733200000028,6329.276000000008,24774.0092
2024-12-11T11:23:12.000000,18444.733200000028,6377.962800000007,24822.696
2024-12-11T11:23:17.000000,18444.733200000028,6402.665200000006,24847.3984
2024-12-11T11:24:52.000000,18445.672000000028,6402.665200000006,24848.337199999998
2024-12-11T11:25:22.000000,18438.612800000028,6402.665200000006,24841.278
2024-12-11T11:25:22.000000,18438.612800000028,6446.655250000006,24885.26805
2024-12-11T11:26:22.000000,18431.02880000003,6446.655250000006,24877.68405
2024-12-11T11:26:47.000000,18468.42755000003,6446.655250000006,24915.0828
2024-12-11T11:26:52.000000,18490.82405000003,6446.655250000006,24937.4793
2024-12-11T11:26:57.000000,18498.23030000003,6446.655250000006,24944.88555
2024-12-11T11:27:02.000000,18505.63655000003,6446.655250000006,24952.2918
2024-12-11T11:27:07.000000,18513.04280000003,6446.655250000006,24959.69805
2024-12-11T11:27:12.000000,18505.446800000027,6446.655250000006,24952.102049999998
2024-12-11T11:29:07.000000,18522.375200000028,6446.655250000006,24969.03045
2024-12-11T11:29:12.000000,18539.30040000003,6446.655250000006,24985.95565
2024-12-11T11:29:17.000000,18536.22260000003,6446.655250000006,24982.87785
2024-12-11T11:29:22.000000,18543.62885000003,6446.655250000006,24990.2841
2024-12-11T11:29:27.000000,18544.55485000003,6446.655250000006,24991.2101
2024-12-11T13:00:32.000000,18611.92210000003,6446.655250000006,25058.57735
2024-12-11T13:02:47.000000,18611.92210000003,6448.808750000006,25060.73085
2024-12-11T13:03:02.000000,18827.925300000028,6448.808750000006,25276.73405
2024-12-11T13:04:02.000000,18827.925300000028,6345.459950000006,25173.38525
2024-12-11T13:04:37.000000,18760.332300000027,6345.459950000006,25105.79225
2024-12-11T13:06:02.000000,18760.332300000027,6402.026350000006,25162.35865
2024-12-11T13:06:02.000000,18760.332300000027,6485.5000000000055,25245.8323
2024-12-11T13:06:07.000000,18760.332300000027,6526.064000000006,25286.3963
2024-12-11T13:06:17.000000,18760.332300000027,6574.616400000006,25334.9487
2024-12-11T13:06:27.000000,18760.332300000027,6591.196000000005,25351.5283
2024-12-11T13:09:57.000000,18760.332300000027,6713.717100000005,25474.0494
2024-12-11T13:10:22.000000,18760.332300000027,6875.233650000006,25635.56595
2024-12-11T13:10:32.000000,18760.332300000027,7049.752150000005,25810.08445
2024-12-11T13:10:37.000000,18760.332300000027,7224.270650000004,25984.602949999997
2024-12-11T13:10:52.000000,18760.332300000027,7411.801500000003,26172.133799999996
2024-12-11T13:10:57.000000,18760.332300000027,7573.349250000003,26333.681549999998
2024-12-11T13:14:32.000000,18760.332300000027,7550.751000000003,26311.0833
2024-12-11T13:14:52.000000,18760.332300000027,7528.152750000003,26288.48505
2024-12-11T13:14:57.000000,18760.332300000027,7505.554500000003,26265.8868
2024-12-11T13:15:02.000000,18760.332300000027,7497.958500000003,26258.2908
2024-12-11T13:15:07.000000,18760.332300000027,7490.362500000004,26250.694799999997
2024-12-11T13:15:12.000000,18760.332300000027,7482.766500000004,26243.098799999996
2024-12-11T13:15:17.000000,18760.332300000027,7475.170500000005,26235.502799999995
2024-12-11T13:15:22.000000,18760.332300000027,7467.574500000005,26227.906799999993
2024-12-11T13:15:27.000000,18760.332300000027,7459.978500000006,26220.310799999992
2024-12-11T13:15:42.000000,18760.332300000027,7467.372750000005,26227.705049999993
2024-12-11T13:15:47.000000,18760.332300000027,7474.767000000004,26235.099299999994
2024-12-11T13:15:57.000000,18760.332300000027,7482.173250000004,26242.505549999994
2024-12-11T13:16:12.000000,18760.332300000027,7504.569750000003,26264.902049999993
2024-12-11T13:16:17.000000,18760.332300000027,7511.976000000003,26272.308299999993
2024-12-11T13:16:22.000000,18760.332300000027,7519.382250000003,26279.714549999993
2024-12-11T13:16:32.000000,18760.332300000027,7526.788500000003,26287.120799999993
2024-12-11T13:16:57.000000,18760.332300000027,7534.194750000003,26294.527049999993
2024-12-11T13:19:47.000000,18760.332300000027,7624.268650000003,26384.600949999993
2024-12-11T13:19:52.000000,18760.332300000027,7700.351650000002,26460.68394999999
2024-12-11T13:19:57.000000,18760.332300000027,7717.193650000002,26477.525949999992
2024-12-11T13:19:57.000000,18760.332300000027,7793.276650000002,26553.60894999999
2024-12-11T13:20:02.000000,18760.332300000027,7810.118650000001,26570.45094999999
2024-12-11T13:20:02.000000,18760.332300000027,7886.201650000001,26646.53394999999
2024-12-11T13:20:07.000000,18760.332300000027,7883.63585,26643.96814999999
2024-12-11T13:22:27.000000,18760.332300000027,7884.32825,26644.66054999999
2024-12-11T13:26:02.000000,18760.332300000027,7880.397499999999,26640.72979999999
2024-12-11T13:26:02.000000,18760.332300000027,7921.329499999998,26681.66179999999
2024-12-11T13:29:47.000000,18760.332300000027,7969.430699999998,26729.76299999999
2024-12-11T13:30:02.000000,18760.332300000027,8003.529799999998,26763.86209999999
2024-12-11T13:39:42.000000,18760.332300000027,7915.517799999999,26675.850099999992
2024-12-11T13:43:52.000000,18878.556000000026,7915.517799999999,26794.07379999999
2024-12-11T13:43:57.000000,18891.746200000023,7915.517799999999,26807.26399999999
2024-12-11T13:44:02.000000,19009.969900000022,7915.517799999999,26925.487699999987
2024-12-11T13:44:07.000000,19114.191500000023,7915.517799999999,27029.709299999988
2024-12-11T13:44:12.000000,19218.413100000023,7915.517799999999,27133.93089999999
2024-12-11T13:44:17.000000,19322.634700000024,7915.517799999999,27238.15249999999
2024-12-11T13:44:17.000000,19327.820500000023,7915.517799999999,27243.33829999999
2024-12-11T13:44:22.000000,19418.040000000023,7915.517799999999,27333.557799999988
2024-12-11T13:44:27.000000,19522.250400000023,7915.517799999999,27437.768199999988
2024-12-11T13:44:27.000000,19523.43880000002,7915.517799999999,27438.956599999987
2024-12-11T13:44:32.000000,19613.64710000002,7915.517799999999,27529.164899999985
2024-12-11T13:44:37.000000,19703.85540000002,7915.517799999999,27619.373199999984
2024-12-11T13:44:37.000000,19729.864350000018,7915.517799999999,27645.382149999983
2024-12-11T13:44:42.000000,19806.07055000002,7915.517799999999,27721.588349999984
2024-12-11T13:44:42.000000,19832.079500000018,7915.517799999999,27747.597299999983
2024-12-11T13:44:47.000000,19858.088450000017,7915.517799999999,27773.606249999983
2024-12-11T13:44:52.000000,19851.278850000017,7915.517799999999,27766.796649999982
2024-12-11T13:46:22.000000,19851.278850000017,7908.701799999999,27759.980649999983
2024-12-11T13:48:52.000000,19851.278850000017,7910.707149999999,27761.985999999983
2024-12-11T13:49:17.000000,19851.278850000017,7813.145649999999,27664.424499999983
2024-12-11T13:51:12.000000,19851.278850000017,7751.253549999999,27602.532399999986
2024-12-11T13:51:17.000000,19851.278850000017,7689.36145,27540.64029999999
2024-12-11T13:51:42.000000,19851.278850000017,7658.042649999999,27509.321499999987
2024-12-11T13:51:42.000000,19851.278850000017,7605.451899999999,27456.730749999988
2024-12-11T13:51:47.000000,19851.278850000017,7566.138299999999,27417.417149999987
2024-12-11T13:52:02.000000,19851.278850000017,7494.832699999999,27346.111549999987
2024-12-11T13:52:52.000000,19851.278850000017,7450.9289,27302.207749999987
2024-12-11T13:55:42.000000,19851.278850000017,7513.021,27364.299849999985
2024-12-11T13:55:47.000000,19851.278850000017,7561.1222,27412.401049999986
2024-12-11T13:55:47.000000,19851.278850000017,7526.190949999998,27377.469799999984
2024-12-11T13:55:52.000000,19851.278850000017,7574.292149999998,27425.570999999985
2024-12-11T13:55:52.000000,19851.278850000017,7539.360899999997,27390.639749999984
2024-12-11T13:55:57.000000,19851.278850000017,7587.462099999997,27438.740949999985
2024-12-11T13:56:02.000000,19851.278850000017,7543.529499999996,27394.808349999985
2024-12-11T13:56:07.000000,19851.278850000017,7481.594199999996,27332.873049999984
2024-12-11T13:56:12.000000,19851.278850000017,7529.695399999996,27380.974249999985
2024-12-11T13:56:12.000000,19851.278850000017,7458.758749999995,27310.037599999985
2024-12-11T13:56:17.000000,19851.278850000017,7478.866949999995,27330.145799999984
2024-12-11T13:56:17.000000,19851.278850000017,7389.934799999995,27241.213649999983
2024-12-11T13:56:22.000000,19851.278850000017,7310.003999999995,27161.282849999985
2024-12-11T13:56:27.000000,19851.278850000017,7221.071849999996,27072.350699999984
2024-12-11T13:57:07.000000,19851.278850000017,7141.141049999996,26992.419899999986
2024-12-11T13:57:32.000000,19851.278850000017,7117.797849999996,26969.076699999987
2024-12-11T13:57:52.000000,19851.278850000017,7110.450649999996,26961.729499999987
2024-12-11T13:58:12.000000,19851.278850000017,7095.102249999996,26946.381099999988
2024-12-11T13:59:37.000000,19873.44335000002,7095.102249999996,26968.54559999999
2024-12-11T14:00:07.000000,19873.44335000002,7066.847099999996,26940.29044999999
2024-12-11T14:10:57.000000,19880.89760000002,7066.847099999996,26947.74469999999
2024-12-11T14:11:02.000000,19903.342100000016,7066.847099999996,26970.189199999986
2024-12-11T14:11:17.000000,19910.796350000015,7066.847099999996,26977.643449999985
2024-12-11T14:11:22.000000,19918.250600000014,7066.847099999996,26985.097699999984
2024-12-11T14:11:27.000000,19940.69510000001,7066.847099999996,27007.54219999998
2024-12-11T14:15:32.000000,19940.69510000001,7056.694649999996,26997.38974999998
2024-12-11T14:15:47.000000,19940.69510000001,7046.539799999997,26987.23489999998
2024-12-11T14:16:42.000000,19940.69510000001,7023.9895499999975,26964.68464999998
2024-12-11T14:19:52.000000,19940.69510000001,6918.157249999998,26858.852349999983
2024-12-11T14:20:22.000000,19940.69510000001,6895.070049999998,26835.765149999985
2024-12-11T14:23:17.000000,19940.69510000001,6929.191549999999,26869.886649999986
2024-12-11T14:23:22.000000,19940.69510000001,6963.313049999999,26904.008149999987
2024-12-11T14:23:32.000000,19940.69510000001,6997.434549999999,26938.129649999988
2024-12-11T14:23:42.000000,19940.69510000001,7017.565149999999,26958.26024999999
2024-12-11T14:23:47.000000,19940.69510000001,7051.68665,26992.38174999999
2024-12-11T14:23:52.000000,19940.69510000001,7085.80815,27026.50324999999
2024-12-11T14:24:47.000000,19940.69510000001,7133.93175,27074.62684999999
2024-12-11T14:25:02.000000,19909.01150000001,7133.93175,27042.94324999999
2024-12-11T14:25:57.000000,19909.01150000001,7126.84375,27035.85524999999
2024-12-11T14:25:57.000000,19888.53195000001,7126.84375,27015.37569999999
2024-12-11T14:26:17.000000,19888.53195000001,7100.1407500000005,26988.67269999999
2024-12-11T14:26:17.000000,19888.53195000001,7176.246150000001,27064.77809999999
2024-12-11T14:26:22.000000,19888.53195000001,7238.3606500000005,27126.89259999999
2024-12-11T14:26:27.000000,19888.53195000001,7300.47515,27189.007099999988
2024-12-11T14:26:32.000000,19888.53195000001,7376.59175,27265.12369999999
2024-12-11T14:26:37.000000,19888.53195000001,7438.717449999999,27327.24939999999
2024-12-11T14:26:47.000000,19888.53195000001,7472.850149999999,27361.38209999999
2024-12-11T14:26:57.000000,19888.53195000001,7505.998549999998,27394.53049999999
2024-12-11T14:28:32.000000,20075.85720000001,7505.998549999998,27581.855749999988
2024-12-11T14:31:42.000000,20075.85720000001,7505.044249999998,27580.901449999987
2024-12-11T14:31:47.000000,20075.85720000001,7501.091899999998,27576.949099999987
2024-12-11T14:32:02.000000,20075.85720000001,7500.137599999997,27575.994799999986
2024-12-11T14:32:12.000000,20075.85720000001,7501.9773499999965,27577.834549999985
2024-12-11T14:32:12.000000,20075.85720000001,7498.022599999997,27573.879799999984
2024-12-11T14:32:22.000000,20075.85720000001,7497.065899999998,27572.923099999985
2024-12-11T14:32:27.000000,20075.85720000001,7490.110699999997,27565.967899999985
2024-12-11T14:32:32.000000,20075.85720000001,7587.422449999996,27663.279649999986
2024-12-11T14:32:37.000000,20075.85720000001,7669.7439499999955,27745.601149999984
2024-12-11T14:32:57.000000,20075.85720000001,7659.785899999996,27735.643099999983
2024-12-11T14:33:37.000000,20075.85720000001,7692.681499999995,27768.538699999983
2024-12-11T14:34:17.000000,20075.85720000001,7694.720449999995,27770.577649999985
2024-12-11T14:34:17.000000,20075.85720000001,7735.617249999994,27811.474449999983
2024-12-11T14:34:22.000000,20075.85720000001,7734.6557499999935,27810.512949999982
2024-12-11T14:34:22.000000,20075.85720000001,7831.9674999999925,27907.824699999983
2024-12-11T14:34:27.000000,20075.85720000001,7864.869499999992,27940.72669999998
2024-12-11T14:34:27.000000,20075.85720000001,7947.190999999991,28023.04819999998
2024-12-11T14:34:37.000000,20075.85720000001,7984.09359999999,28059.95079999998
2024-12-11T14:34:42.000000,20075.85720000001,8066.415099999989,28142.27229999998
2024-12-11T14:35:42.000000,20075.85720000001,8058.735099999989,28134.59229999998
2024-12-11T14:40:42.000000,20075.85720000001,8141.104599999989,28216.96179999998
2024-12-11T14:41:07.000000,20075.85720000001,8223.474099999989,28299.33129999998
2024-12-11T14:41:12.000000,20075.85720000001,8305.843599999987,28381.70079999998
2024-12-12T09:50:27.000000,19999.98045000001,8305.843599999987,28305.82404999998
2024-12-12T09:51:52.000000,19957.106250000008,8305.843599999987,28262.94984999998
2024-12-12T09:54:42.000000,19930.63285000001,8305.843599999987,28236.47644999998
2024-12-12T09:58:22.000000,19900.171650000008,8305.843599999987,28206.01524999998
2024-12-12T10:02:17.000000,19889.713450000007,8305.843599999987,28195.557049999978
2024-12-12T10:02:32.000000,19879.25845000001,8305.843599999987,28185.10204999998
2024-12-12T10:03:37.000000,19868.12825000001,8305.843599999987,28173.97184999998
2024-12-12T10:05:32.000000,19893.66585000001,8305.843599999987,28199.50944999998
2024-12-12T10:06:17.000000,19899.602850000007,8305.843599999987,28205.446449999978
2024-12-12T10:06:27.000000,19902.539400000005,8305.843599999987,28208.382999999976
2024-12-12T10:07:07.000000,19902.539400000005,8250.194799999987,28152.734199999977
2024-12-12T10:10:02.000000,19902.539400000005,8255.271799999988,28157.81119999998
2024-12-12T10:10:07.000000,19902.539400000005,8303.625799999987,28206.165199999978
2024-12-12T10:10:07.000000,19902.539400000005,8309.855099999988,28212.39449999998
2024-12-12T10:10:22.000000,19902.539400000005,8321.785799999987,28224.32519999998
2024-12-12T10:13:47.000000,19902.539400000005,8369.118049999986,28271.65744999998
2024-12-12T10:14:27.000000,19902.539400000005,8417.497649999987,28320.03704999998
2024-12-12T10:15:17.000000,19891.642800000005,8417.497649999987,28309.14044999998
2024-12-12T10:15:22.000000,19888.744200000005,8417.497649999987,28306.24184999998
2024-12-12T10:16:47.000000,19915.837450000006,8417.497649999987,28333.335099999982
2024-12-12T10:16:47.000000,19915.837450000006,8414.554399999986,28330.39184999998
2024-12-12T10:18:17.000000,19853.241200000004,8414.554399999986,28267.79559999998
2024-12-12T10:18:32.000000,19853.241200000004,8381.586649999987,28234.82784999998
2024-12-12T10:18:42.000000,19853.241200000004,8303.636149999986,28156.87734999998
2024-12-12T10:18:47.000000,19853.241200000004,8225.685649999985,28078.92684999998
2024-12-12T10:22:27.000000,19853.241200000004,8195.859149999986,28049.100349999982
2024-12-12T10:22:32.000000,19853.241200000004,8166.0326499999865,28019.273849999983
2024-12-12T10:24:32.000000,19853.241200000004,8191.1670499999855,28044.408249999982
2024-12-12T10:24:37.000000,19789.770400000005,8191.1670499999855,27980.937449999983
2024-12-12T10:24:47.000000,19750.296800000004,8191.1670499999855,27941.463849999982
2024-12-12T10:24:52.000000,19702.822000000004,8191.1670499999855,27893.989049999982
2024-12-12T10:24:57.000000,19671.343200000003,8191.1670499999855,27862.51024999998
2024-12-12T10:25:02.000000,19639.864400000002,8191.1670499999855,27831.03144999998
2024-12-12T10:25:07.000000,19616.380400000002,8191.1670499999855,27807.54744999998
2024-12-12T10:25:12.000000,19584.908,8191.1670499999855,27776.075049999978
2024-12-12T10:25:17.000000,19561.430399999997,8191.1670499999855,27752.597449999976
2024-12-12T10:25:27.000000,19545.953999999998,8191.1670499999855,27737.121049999976
2024-12-12T10:25:37.000000,19562.4696,8191.1670499999855,27753.63664999998
2024-12-12T10:25:42.000000,19578.985200000003,8191.1670499999855,27770.15224999998
2024-12-12T10:25:47.000000,19595.494400000003,8191.1670499999855,27786.66144999998
2024-12-12T10:28:02.000000,19667.980000000003,8191.1670499999855,27859.14704999998
2024-12-12T10:28:02.000000,19681.563800000004,8191.1670499999855,27872.73084999998
2024-12-12T10:28:07.000000,19770.045400000003,8191.1670499999855,27961.21244999998
2024-12-12T10:28:07.000000,19775.628,8191.1670499999855,27966.79504999998
2024-12-12T10:28:12.000000,19880.112,8191.1670499999855,28071.27904999998
2024-12-12T10:28:12.000000,19885.6914,8191.1670499999855,28076.858449999978
2024-12-12T10:28:17.000000,19990.1818,8191.1670499999855,28181.348849999977
2024-12-12T10:28:17.000000,19995.761199999997,8191.1670499999855,28186.928249999975
2024-12-12T10:28:22.000000,20100.251599999996,8191.1670499999855,28291.418649999974
2024-12-12T10:28:27.000000,20204.748399999997,8191.1670499999855,28395.915449999975
2024-12-12T10:28:32.000000,20309.245199999998,8191.1670499999855,28500.412249999976
2024-12-12T10:28:37.000000,20421.7496,8191.1670499999855,28612.916649999977
2024-12-12T10:28:42.000000,20526.2592,8191.1670499999855,28717.42624999998
2024-12-12T10:28:47.000000,20614.772800000002,8191.1670499999855,28805.93984999998
2024-12-12T10:28:52.000000,20703.280000000002,8191.1670499999855,28894.44704999998
2024-12-12T10:28:57.000000,20767.796400000003,8191.1670499999855,28958.96344999998
2024-12-12T10:29:02.000000,20832.312800000003,8191.1670499999855,29023.47984999998
2024-12-12T10:29:07.000000,20896.8228,8191.1670499999855,29087.98984999998
2024-12-12T10:29:12.000000,20961.339200000002,8191.1670499999855,29152.50624999998
2024-12-12T10:29:17.000000,21017.854400000004,8191.1670499999855,29209.021449999982
2024-12-12T10:31:52.000000,21017.854400000004,8253.483149999985,29271.337549999982
2024-12-12T10:32:22.000000,21017.854400000004,8301.808349999985,29319.66274999998
2024-12-12T10:32:52.000000,21017.854400000004,8359.392349999986,29377.24674999998
2024-12-12T10:32:52.000000,21017.854400000004,8404.984149999986,29422.83854999998
2024-12-12T10:32:52.000000,21017.854400000004,8450.575949999986,29468.430349999977
2024-12-12T10:32:52.000000,21017.854400000004,8500.165149999984,29518.019549999975
2024-12-12T10:33:17.000000,21017.854400000004,8517.580899999983,29535.435299999976
2024-12-12T10:33:27.000000,21017.854400000004,8529.995899999982,29547.850299999976
2024-12-12T10:33:27.000000,21017.854400000004,8506.467099999982,29524.321499999976
2024-12-12T10:33:37.000000,21017.854400000004,8474.943499999983,29492.797899999976
2024-12-12T10:33:42.000000,21017.854400000004,8427.423899999982,29445.278299999976
2024-12-12T10:33:47.000000,21017.854400000004,8371.909499999982,29389.763899999976
2024-12-12T10:36:57.000000,21010.070400000004,8371.909499999982,29381.979899999977
2024-12-12T10:38:17.000000,21010.070400000004,8385.212499999981,29395.282899999977
2024-12-12T10:38:22.000000,21010.070400000004,8393.518749999983,29403.589149999978
2024-12-12T10:38:47.000000,21010.070400000004,8406.821749999983,29416.892149999978
2024-12-12T10:38:52.000000,21010.070400000004,8415.127999999984,29425.19839999998
2024-12-12T10:39:07.000000,21010.070400000004,8472.149749999984,29482.22014999998
2024-12-12T10:39:17.000000,21010.070400000004,8519.173999999985,29529.244399999978
2024-12-12T10:39:22.000000,21010.070400000004,8522.479499999987,29532.54989999998
2024-12-12T10:39:27.000000,21010.070400000004,8569.499749999986,29579.57014999998
2024-12-12T10:41:47.000000,20962.312400000003,8569.499749999986,29531.81214999998
2024-12-12T10:43:22.000000,20934.3774,8569.499749999986,29503.87714999998
2024-12-12T10:43:27.000000,20901.44565,8569.499749999986,29470.94539999998
2024-12-12T10:44:22.000000,20873.51865,8569.499749999986,29443.01839999998
2024-12-12T10:44:27.000000,20845.591650000002,8569.499749999986,29415.09139999998
2024-12-12T10:44:32.000000,20812.663900000003,8569.499749999986,29382.16364999998
2024-12-12T10:44:37.000000,20774.7354,8569.499749999986,29344.23514999998
2024-12-12T10:44:42.000000,20736.802900000002,8569.499749999986,29306.30264999998
2024-12-12T10:46:17.000000,20736.802900000002,8645.873949999987,29382.67684999998
2024-12-12T10:48:42.000000,20736.802900000002,8654.204199999987,29391.00709999998
2024-12-12T10:48:47.000000,20678.903400000003,8654.204199999987,29333.10759999998
2024-12-12T10:48:52.000000,20678.903400000003,8667.535199999988,29346.43859999998
2024-12-12T10:48:57.000000,20678.903400000003,8675.869449999987,29354.77284999998
2024-12-12T10:49:17.000000,20640.9909,8675.869449999987,29316.860349999977
2024-12-12T10:49:32.000000,20608.07915,8675.869449999987,29283.948599999978
2024-12-12T10:49:57.000000,20608.07915,8708.374649999989,29316.453799999977
2024-12-12T10:50:02.000000,20608.07915,8756.87584999999,29364.954999999976
2024-12-12T10:50:07.000000,20608.07915,8805.37704999999,29413.456199999975
2024-12-12T11:00:42.000000,20585.5569,8805.37704999999,29390.933949999973
2024-12-12T11:00:47.000000,20558.0339,8805.37704999999,29363.410949999972
2024-12-12T11:02:37.000000,20558.0339,8807.434549999989,29365.46844999997
2024-12-12T11:02:42.000000,20558.0339,8795.753799999988,29353.78769999997
2024-12-12T11:02:47.000000,20558.0339,8779.072299999987,29337.106199999973
2024-12-12T11:02:52.000000,20558.0339,8747.580699999988,29305.61459999997
2024-12-12T11:02:57.000000,20558.0339,8734.635949999987,29292.66984999997
2024-12-12T11:03:02.000000,20558.0339,8721.691199999987,29279.725099999967
2024-12-12T11:03:07.000000,20558.0339,8700.008949999987,29258.042849999965
2024-12-12T11:03:17.000000,20558.0339,8678.322699999986,29236.356599999966
2024-12-12T11:03:47.000000,20558.0339,8622.821099999986,29180.854999999967
2024-12-12T11:09:32.000000,20558.0339,8567.274699999985,29125.308599999968
2024-12-12T11:09:42.000000,20558.0339,8530.449399999987,29088.483299999967
2024-12-12T11:09:42.000000,20558.0339,8490.898999999987,29048.932899999967
2024-12-12T11:09:52.000000,20558.0339,8435.352599999986,28993.386499999968
2024-12-12T11:09:57.000000,20558.0339,8379.806199999985,28937.84009999997
2024-12-12T11:10:02.000000,20558.0339,8339.733249999983,28897.767149999967
2024-12-12T11:10:02.000000,20558.0339,8268.190849999983,28826.22474999997
2024-12-12T11:10:07.000000,20558.0339,8204.649649999983,28762.68354999997
2024-12-12T11:10:12.000000,20558.0339,8141.108449999982,28699.14234999997
2024-12-12T11:10:17.000000,20558.0339,8077.567249999982,28635.60114999997
2024-12-12T11:10:22.000000,20558.0339,8014.0324499999815,28572.06634999997
2024-12-12T11:10:27.000000,20558.0339,7958.498849999981,28516.53274999997
2024-12-12T11:11:17.000000,20558.0339,7964.09424999998,28522.128149999968
2024-12-12T11:11:22.000000,20558.0339,7961.691649999981,28519.72554999997
2024-12-12T11:11:27.000000,20558.0339,7930.14884999998,28488.18274999997
2024-12-12T11:11:27.000000,20558.0339,7931.7468499999795,28489.78074999997
2024-12-12T11:11:32.000000,20558.0339,7884.201649999979,28442.23554999997
2024-12-12T11:11:32.000000,20558.0339,7881.79904999998,28439.83294999997
2024-12-12T11:11:37.000000,20558.0339,7826.25904999998,28384.29294999997
2024-12-12T11:11:42.000000,20558.0339,7813.26229999998,28371.29619999997
2024-12-12T11:11:52.000000,20558.0339,7757.72229999998,28315.75619999997
2024-12-12T11:11:52.000000,20558.0339,7694.18749999998,28252.22139999997
2024-12-12T11:13:57.000000,20606.3367,7694.18749999998,28300.52419999997
2024-12-12T11:14:37.000000,20606.3367,7646.610299999979,28252.94699999997
2024-12-12T11:14:42.000000,20606.3367,7599.033099999979,28205.36979999997
2024-12-12T11:15:07.000000,20606.3367,7559.450699999978,28165.787399999972
2024-12-12T11:15:22.000000,20606.3367,7519.874699999977,28126.21139999997
2024-12-12T11:15:32.000000,20606.3367,7464.309099999976,28070.64579999997
2024-12-12T11:17:42.000000,20606.3367,7412.198349999976,28018.53504999997
2024-12-12T11:18:02.000000,20606.3367,7420.571949999976,28026.90864999997
2024-12-12T11:18:17.000000,20606.3367,7436.953149999976,28043.28984999997
2024-12-12T11:18:27.000000,20606.3367,7453.3343499999755,28059.671049999968
2024-12-12T11:18:32.000000,20606.3367,7477.716749999975,28084.053449999967
2024-12-12T11:18:42.000000,20606.3367,7518.107949999975,28124.44464999997
2024-12-12T11:26:07.000000,20606.3367,7499.142299999975,28105.47899999997
2024-12-12T11:26:07.000000,20606.3367,7525.100849999975,28131.43754999997
2024-12-12T11:26:07.000000,20551.5039,7525.100849999975,28076.60474999997
2024-12-12T11:26:12.000000,20551.5039,7526.225399999975,28077.72929999997
2024-12-12T11:26:17.000000,20551.5039,7507.259749999975,28058.76364999997
2024-12-12T11:26:17.000000,20551.5039,7536.216349999975,28087.720249999973
2024-12-12T11:26:27.000000,20551.5039,7548.371349999975,28099.875249999972
2024-12-12T11:26:42.000000,20551.5039,7577.327949999975,28128.831849999973
2024-12-12T11:26:47.000000,20551.5039,7606.286949999974,28157.790849999972
2024-12-12T11:27:07.000000,20551.5039,7554.307549999975,28105.811449999972
2024-12-12T11:27:12.000000,20551.5039,7491.335299999976,28042.839199999973
2024-12-12T11:28:32.000000,20615.956299999998,7491.335299999976,28107.29159999997
2024-12-12T11:28:37.000000,20680.402299999998,7491.335299999976,28171.73759999997
2024-12-12T11:29:27.000000,20680.402299999998,7497.598199999976,28178.00049999997
2024-12-12T13:01:12.000000,20710.294899999997,7497.598199999976,28207.89309999997
2024-12-12T13:03:52.000000,20710.294899999997,7506.042199999975,28216.337099999968
2024-12-12T13:04:17.000000,20737.544149999998,7506.042199999975,28243.58634999997
2024-12-12T13:04:43.000000,20674.8007,7506.042199999975,28180.84289999997
2024-12-12T13:05:17.000000,20668.0759,7506.042199999975,28174.11809999997
2024-12-12T13:05:22.000000,20643.3484,7506.042199999975,28149.39059999997
2024-12-12T13:05:47.000000,20643.3484,7543.072799999975,28186.421199999968
2024-12-12T13:06:52.000000,20643.3484,7520.106549999975,28163.454949999967
2024-12-12T13:07:17.000000,20643.3484,7517.139299999976,28160.48769999997
2024-12-12T13:07:22.000000,20643.3484,7524.169549999975,28167.51794999997
2024-12-12T13:07:27.000000,20643.3484,7526.2070499999745,28169.555449999967
2024-12-12T13:07:32.000000,20643.3484,7528.244549999974,28171.592949999966
2024-12-12T13:11:02.000000,20563.856,7528.244549999974,28092.100549999966
2024-12-12T13:11:32.000000,20529.99755,7528.244549999974,28058.242099999967
2024-12-12T13:11:37.000000,20474.49595,7528.244549999974,28002.740499999967
2024-12-12T13:11:42.000000,20418.987950000002,7528.244549999974,27947.23249999997
2024-12-12T13:11:47.000000,20363.479950000004,7528.244549999974,27891.72449999997
2024-12-12T13:33:07.000000,20363.479950000004,7536.752549999975,27900.232499999973
2024-12-12T13:36:37.000000,20363.479950000004,7593.242149999975,27956.722099999974
2024-12-12T13:42:32.000000,20356.447950000005,7593.242149999975,27949.690099999974
2024-12-12T13:42:57.000000,20356.447950000005,7575.320649999975,27931.768599999974
2024-12-12T13:42:57.000000,20349.415950000006,7575.320649999975,27924.736599999975
2024-12-12T13:43:17.000000,20345.382000000005,7575.320649999975,27920.702649999974
2024-12-12T13:43:32.000000,20338.347600000005,7575.320649999975,27913.668249999973
2024-12-12T13:44:22.000000,20338.347600000005,7584.772649999974,27923.120249999974
2024-12-12T13:44:37.000000,20338.347600000005,7594.227849999974,27932.575449999975
2024-12-12T13:44:42.000000,20338.347600000005,7603.683049999973,27942.030649999975
2024-12-12T13:45:07.000000,20315.545200000004,7603.683049999973,27919.228249999975
2024-12-12T13:46:17.000000,20315.545200000004,7611.981299999974,27927.526499999974
2024-12-12T13:51:47.000000,20347.655850000003,7611.981299999974,27959.637149999973
2024-12-12T13:56:32.000000,20330.36635,7611.981299999974,27942.34764999997
2024-12-12T13:59:52.000000,20330.36635,7668.413299999974,27998.77964999997
2024-12-12T14:00:17.000000,20330.36635,7732.840099999974,28063.206449999972
2024-12-12T14:02:32.000000,20330.36635,7705.021099999973,28035.38744999997
2024-12-12T14:03:57.000000,20337.4006,7705.021099999973,28042.42169999997
2024-12-12T14:07:17.000000,20360.0851,7705.021099999973,28065.10619999997
2024-12-12T14:08:12.000000,20366.9248,7705.021099999973,28071.94589999997
2024-12-12T14:08:22.000000,20369.6143,7705.021099999973,28074.63539999997
2024-12-12T14:08:32.000000,20372.3038,7705.021099999973,28077.32489999997
2024-12-12T14:08:57.000000,20364.9998,7705.021099999973,28070.02089999997
2024-12-12T14:09:02.000000,20357.6958,7705.021099999973,28062.71689999997
2024-12-12T14:09:07.000000,20357.6958,7711.821599999972,28069.51739999997
2024-12-12T14:09:07.000000,20350.3918,7711.821599999972,28062.21339999997
2024-12-12T14:09:17.000000,20333.086300000003,7711.821599999972,28044.907899999973
2024-12-12T14:09:52.000000,20315.772800000002,7711.821599999972,28027.594399999973
2024-12-12T14:09:57.000000,20315.772800000002,7701.273799999973,28017.046599999972
2024-12-12T14:10:02.000000,20315.772800000002,7694.726599999973,28010.49939999997
2024-12-12T14:11:32.000000,20278.464300000003,7694.726599999973,27973.190899999972
2024-12-12T14:12:27.000000,20278.464300000003,7683.7435999999725,27962.207899999972
2024-12-12T14:12:42.000000,20278.464300000003,7672.760599999972,27951.224899999972
2024-12-12T14:12:52.000000,20278.464300000003,7653.7763999999715,27932.240699999973
2024-12-12T14:12:57.000000,20278.464300000003,7622.790399999972,27901.254699999972
2024-12-12T14:13:02.000000,20278.464300000003,7591.804399999972,27870.26869999997
2024-12-12T14:13:12.000000,20278.464300000003,7556.820999999972,27835.28529999997
2024-12-12T14:14:47.000000,20278.464300000003,7561.046799999972,27839.51109999997
2024-12-12T14:16:27.000000,20278.464300000003,7553.270799999972,27831.73509999997
2024-12-12T14:18:27.000000,20278.464300000003,7554.3449499999715,27832.80924999997
2024-12-12T14:18:37.000000,20278.464300000003,7555.419099999971,27833.88339999997
2024-12-12T14:18:42.000000,20278.464300000003,7556.49324999997,27834.95754999997
2024-12-12T14:18:47.000000,20278.464300000003,7449.483049999971,27727.94734999997
2024-12-12T14:18:47.000000,20278.464300000003,7450.55719999997,27729.02149999997
2024-12-12T14:18:52.000000,20278.464300000003,7451.63134999997,27730.09564999997
2024-12-12T14:20:42.000000,20278.464300000003,7416.59674999997,27695.06104999997
2024-12-12T14:21:12.000000,20259.905700000003,7416.59674999997,27676.50244999997
2024-12-12T14:21:32.000000,20229.3453,7416.59674999997,27645.94204999997
2024-12-12T14:21:32.000000,20198.8905,7416.59674999997,27615.48724999997
2024-12-12T14:21:37.000000,20165.33205,7416.59674999997,27581.92879999997
2024-12-12T14:21:37.000000,20134.87725,7416.59674999997,27551.47399999997
2024-12-12T14:22:12.000000,20085.11495,7416.59674999997,27501.711699999967
2024-12-12T14:22:17.000000,20035.352649999997,7416.59674999997,27451.949399999965
2024-12-12T14:22:57.000000,19992.317649999997,7416.59674999997,27408.914399999965
2024-12-12T14:27:07.000000,19992.317649999997,7457.04554999997,27449.363199999967
2024-12-12T14:27:12.000000,19992.317649999997,7489.49314999997,27481.810799999967
2024-12-12T14:27:17.000000,19992.317649999997,7521.940749999971,27514.258399999966
2024-12-12T14:27:22.000000,19992.317649999997,7570.3907499999705,27562.708399999967
2024-12-12T14:27:27.000000,19992.317649999997,7610.845949999971,27603.163599999967
2024-12-12T14:29:27.000000,19992.317649999997,7780.16834999997,27772.485999999964
2024-12-12T14:32:17.000000,19992.317649999997,7861.5319499999705,27853.849599999965
2024-12-12T14:32:17.000000,19992.317649999997,7942.895549999971,27935.213199999966
2024-12-12T14:32:27.000000,19992.317649999997,8048.25314999997,28040.570799999965
2024-12-12T14:32:37.000000,19992.317649999997,8169.606749999971,28161.924399999963
2024-12-12T14:32:42.000000,19992.317649999997,8286.96294999997,28279.280599999962
2024-12-12T14:32:47.000000,19992.317649999997,8400.321749999968,28392.63939999996
2024-12-12T14:32:52.000000,19992.317649999997,8501.688349999968,28494.00599999996
2024-12-12T14:32:57.000000,19992.317649999997,8603.058149999968,28595.37579999996
2024-12-12T14:33:07.000000,19992.317649999997,8712.429149999967,28704.74679999996
2024-12-12T14:33:12.000000,19992.317649999997,8809.807949999968,28802.125599999963
2024-12-12T14:33:17.000000,19992.317649999997,8899.195149999969,28891.512799999964
2024-12-12T14:35:22.000000,20017.75925,8899.195149999969,28916.954399999966
2024-12-12T14:36:07.000000,20017.75925,8947.677149999969,28965.436399999966
2024-12-12T14:36:27.000000,20017.75925,8973.086749999968,28990.845999999965
2024-12-12T14:36:37.000000,20017.75925,9002.493749999967,29020.252999999964
2024-12-12T14:36:47.000000,20017.75925,9031.903949999967,29049.663199999963
2024-12-12T14:36:52.000000,20017.75925,9065.311549999968,29083.070799999965
2024-12-12T14:36:57.000000,20017.75925,9094.721749999968,29112.480999999963
2024-12-12T14:37:02.000000,19996.33155,9094.721749999968,29091.053299999963
2024-12-12T14:37:17.000000,19996.33155,9108.145549999967,29104.477099999964
2024-12-12T14:37:22.000000,19996.33155,9121.572549999966,29117.904099999963
2024-12-12T14:37:27.000000,19996.33155,9131.002149999966,29127.333699999963
2024-12-12T14:38:07.000000,19996.33155,9123.072549999966,29119.404099999963
2024-12-12T14:41:32.000000,19988.87555,9123.072549999966,29111.948099999965
2024-12-12T14:41:37.000000,19973.424750000002,9123.072549999966,29096.497299999966
2024-12-12T14:41:47.000000,19965.98155,9123.072549999966,29089.054099999965
2024-12-12T14:41:52.000000,19942.54235,9123.072549999966,29065.614899999964
2024-12-12T15:00:00.000000,19942.54235,9101.308849999965,29043.851199999965
2024-12-12T15:00:00.000000,19942.54235,9079.545149999964,29022.087499999965
2024-12-12T15:00:00.000000,19942.54235,9057.781449999962,29000.323799999966
2024-12-13T09:51:37.000000,19915.4456,9057.781449999962,28973.227049999965
2024-12-13T09:51:42.000000,19894.34735,9057.781449999962,28952.128799999966
2024-12-13T09:51:47.000000,19870.25105,9057.781449999962,28928.032499999965
2024-12-13T09:51:52.000000,19849.1528,9057.781449999962,28906.934249999966
2024-12-13T09:52:07.000000,19839.350749999998,9057.781449999962,28897.132199999964
2024-12-13T09:52:27.000000,19821.262549999996,9057.781449999962,28879.04399999996
2024-12-13T09:52:32.000000,19807.399249999995,9057.781449999962,28865.18069999996
2024-12-13T09:52:32.000000,19798.307599999993,9057.781449999962,28856.08904999996
2024-12-13T09:52:37.000000,19789.21594999999,9057.781449999962,28846.997399999957
2024-12-13T09:52:42.000000,19777.12624999999,9057.781449999962,28834.907699999956
2024-12-13T09:52:47.000000,19768.03699999999,9057.781449999962,28825.818449999955
2024-12-13T09:52:52.000000,19761.94579999999,9057.781449999962,28819.727249999956
2024-12-13T09:52:57.000000,19752.85654999999,9057.781449999962,28810.637999999955
2024-12-13T09:53:02.000000,19746.767749999988,9057.781449999962,28804.549199999954
2024-12-13T09:53:07.000000,19743.67939999999,9057.781449999962,28801.460849999956
2024-12-13T09:53:12.000000,19746.59194999999,9057.781449999962,28804.373399999957
2024-12-13T09:53:17.000000,19766.86814999999,9057.781449999962,28824.649599999957
2024-12-13T09:53:22.000000,19766.780249999993,9057.781449999962,28824.56169999996
2024-12-13T09:53:22.000000,19760.13384999999,9057.781449999962,28817.915299999957
2024-12-13T09:53:27.000000,19763.046399999992,9057.781449999962,28820.827849999958
2024-12-13T09:53:32.000000,19768.959399999992,9057.781449999962,28826.74084999996
2024-12-13T09:53:37.000000,19774.872399999993,9057.781449999962,28832.65384999996
2024-12-13T09:53:47.000000,19774.789299999993,9057.781449999962,28832.57074999996
2024-12-13T09:53:47.000000,19774.706199999993,9057.781449999962,28832.48764999996
2024-12-13T09:53:52.000000,19774.623099999993,9057.781449999962,28832.40454999996
2024-12-13T09:53:57.000000,19771.539549999994,9057.781449999962,28829.32099999996
2024-12-13T09:54:32.000000,19753.456149999995,9057.781449999962,28811.23759999996
2024-12-13T09:54:37.000000,19729.376649999995,9057.781449999962,28787.15809999996
2024-12-13T09:54:57.000000,19703.516349999994,9057.781449999962,28761.29779999996
2024-12-13T10:03:47.000000,19700.892949999994,9057.781449999962,28758.67439999996
2024-12-13T10:08:47.000000,19700.892949999994,9020.020149999962,28720.913099999958
2024-12-13T10:11:22.000000,19589.165349999996,9020.020149999962,28609.18549999996
2024-12-13T10:13:02.000000,19569.205149999994,9020.020149999962,28589.22529999996
2024-12-13T10:13:12.000000,19525.26054999999,9020.020149999962,28545.280699999956
2024-12-13T10:13:12.000000,19525.26054999999,9028.355349999962,28553.615899999957
2024-12-13T10:13:17.000000,19525.26054999999,9036.690549999961,28561.95109999996
2024-12-13T10:13:27.000000,19525.26054999999,9061.01534999996,28586.275899999957
2024-12-13T10:13:42.000000,19525.26054999999,8957.22494999996,28482.485499999955
2024-12-13T10:13:42.000000,19525.26054999999,8981.549749999958,28506.810299999954
2024-12-13T10:13:47.000000,19525.26054999999,8871.758449999958,28397.018999999953
2024-12-13T10:13:52.000000,19525.26054999999,8767.968049999958,28293.22859999995
2024-12-13T10:13:57.000000,19597.49014999999,8767.968049999958,28365.45819999995
2024-12-13T10:13:57.000000,19597.49014999999,8760.313649999958,28357.80379999995
2024-12-13T10:14:07.000000,19597.49014999999,8752.646449999958,28350.13659999995
2024-12-13T10:14:12.000000,19597.49014999999,8636.85904999996,28234.34919999995
2024-12-13T10:14:17.000000,19597.49014999999,8521.07164999996,28118.56179999995
2024-12-13T10:16:22.000000,19583.30989999999,8521.07164999996,28104.381549999947
2024-12-13T10:17:02.000000,19569.124049999988,8521.07164999996,28090.195699999946
2024-12-13T10:17:37.000000,19569.124049999988,8543.16414999996,28112.288199999948
2024-12-13T10:18:37.000000,19569.124049999988,8451.28914999996,28020.413199999948
2024-12-13T10:18:37.000000,19569.124049999988,8353.418049999962,27922.542099999948
2024-12-13T10:18:37.000000,19569.124049999988,8261.543049999962,27830.667099999948
2024-12-13T10:18:37.000000,19569.124049999988,8169.668049999962,27738.792099999948
2024-12-13T10:21:12.000000,19569.124049999988,8251.780749999964,27820.90479999995
2024-12-13T10:23:07.000000,19569.124049999988,8195.805549999965,27764.92959999995
2024-12-13T10:23:07.000000,19569.124049999988,8307.913149999964,27877.037199999948
2024-12-13T10:23:37.000000,19569.124049999988,8227.943949999966,27797.06799999995
2024-12-13T10:24:27.000000,19569.124049999988,8256.034149999967,27825.15819999995
2024-12-13T10:26:02.000000,19569.124049999988,8259.670199999968,27828.79424999995
2024-12-13T10:26:07.000000,19569.124049999988,8252.313399999968,27821.43744999995
2024-12-13T10:26:12.000000,19569.124049999988,8244.956599999969,27814.08064999995
2024-12-13T10:26:32.000000,19569.124049999988,8237.599799999969,27806.723849999948
2024-12-13T10:27:37.000000,19569.124049999988,8305.907849999969,27875.031899999947
2024-12-13T10:27:52.000000,19569.124049999988,8402.46664999997,27971.590699999946
2024-12-13T10:29:02.000000,19569.124049999988,8576.922749999969,28146.046799999946
2024-12-13T10:29:12.000000,19569.124049999988,8764.370399999969,28333.494449999944
2024-12-13T10:29:17.000000,19569.124049999988,8964.819999999969,28533.944049999944
2024-12-13T10:30:27.000000,19569.124049999988,9010.922499999968,28580.046549999945
2024-12-13T10:30:27.000000,19569.124049999988,9045.032799999968,28614.156849999945
2024-12-13T10:30:32.000000,19569.124049999988,9067.150899999968,28636.274949999945
2024-12-13T10:31:02.000000,19569.124049999988,9163.647299999968,28732.771349999945
2024-12-13T10:32:27.000000,19569.124049999988,9208.187899999966,28777.311949999945
2024-12-13T10:32:32.000000,19569.124049999988,9226.745399999965,28795.869449999944
2024-12-13T10:33:22.000000,19569.124049999988,9156.590349999966,28725.714399999943
2024-12-13T10:38:22.000000,19569.124049999988,8956.868749999965,28525.99279999994
2024-12-13T10:38:27.000000,19569.124049999988,8789.139149999966,28358.263199999943
2024-12-13T10:38:47.000000,19569.124049999988,8766.093549999967,28335.21759999994
2024-12-13T10:38:57.000000,19569.124049999988,8759.040749999967,28328.16479999994
2024-12-13T10:39:17.000000,19569.124049999988,8752.000749999967,28321.12479999994
2024-12-13T10:40:02.000000,19569.124049999988,8722.077449999966,28291.20149999994
2024-12-13T10:40:12.000000,19569.124049999988,8730.307699999967,28299.43174999994
2024-12-13T10:40:12.000000,19569.124049999988,8746.490499999967,28315.614549999944
2024-12-13T10:40:17.000000,19569.124049999988,8762.673299999968,28331.797349999946
2024-12-13T10:40:37.000000,19569.124049999988,8786.850899999969,28355.974949999945
2024-12-13T10:40:42.000000,19569.124049999988,8811.02849999997,28380.152549999944
2024-12-13T10:41:02.000000,19569.124049999988,8931.137299999968,28500.261349999942
2024-12-13T10:41:07.000000,19569.124049999988,9051.246099999966,28620.37014999994
2024-12-13T10:41:12.000000,19569.124049999988,9203.346899999966,28772.47094999994
2024-12-13T10:41:17.000000,19569.124049999988,9307.466099999965,28876.590149999938
2024-12-13T10:41:22.000000,19569.124049999988,9443.590099999965,29012.714149999938
2024-12-13T10:41:32.000000,19569.124049999988,9423.120949999964,28992.244999999937
2024-12-13T10:41:37.000000,19569.124049999988,9363.656349999965,28932.780399999938
2024-12-13T10:41:47.000000,19569.124049999988,9271.646949999966,28840.77099999994
2024-12-13T10:41:57.000000,19569.124049999988,9282.610449999966,28851.73449999994
2024-12-13T10:42:47.000000,19569.124049999988,9300.858199999966,28869.98224999994
2024-12-13T10:44:07.000000,19569.124049999988,9373.036599999965,28942.16064999994
2024-12-13T10:44:17.000000,19569.124049999988,9413.235799999966,28982.35984999994
2024-12-13T10:44:22.000000,19569.124049999988,9441.513049999967,29010.637099999938
2024-12-13T10:44:37.000000,19569.124049999988,9497.727449999968,29066.85149999994
2024-12-13T10:44:52.000000,19569.124049999988,9553.941849999968,29123.06589999994
2024-12-13T10:47:37.000000,19569.124049999988,9607.210849999969,29176.33489999994
2024-12-13T10:47:52.000000,19569.124049999988,9660.487849999969,29229.61189999994
2024-12-13T10:51:07.000000,19569.124049999988,9665.443249999968,29234.56729999994
2024-12-13T10:53:37.000000,19735.052549999986,9665.443249999968,29400.49579999994
2024-12-13T10:54:12.000000,19930.975949999985,9665.443249999968,29596.41919999994
2024-12-13T10:54:12.000000,20126.899349999985,9665.443249999968,29792.342599999938
2024-12-13T10:54:17.000000,20322.832349999986,9665.443249999968,29988.27559999994
2024-12-13T10:54:22.000000,20512.769249999987,9665.443249999968,30178.21249999994
2024-12-13T10:54:37.000000,20690.723549999984,9665.443249999968,30356.166799999937
2024-12-13T10:54:37.000000,20868.677849999982,9665.443249999968,30534.121099999935
2024-12-13T10:54:37.000000,21046.63214999998,9665.443249999968,30712.075399999932
2024-12-13T10:57:02.000000,21164.625449999978,9665.443249999968,30830.06869999993
2024-12-13T10:57:02.000000,21276.617849999977,9665.443249999968,30942.06109999993
2024-12-13T10:57:02.000000,21388.610249999976,9665.443249999968,31054.05349999993
2024-12-13T10:57:02.000000,21488.600849999977,9665.443249999968,31154.04409999993
2024-12-13T10:57:02.000000,21588.591449999978,9665.443249999968,31254.03469999993
2024-12-13T10:57:02.000000,21682.581149999976,9665.443249999968,31348.02439999993
2024-12-13T11:00:17.000000,21682.581149999976,9755.505949999968,31438.08709999993
2024-12-13T11:02:32.000000,21682.581149999976,9608.092949999967,31290.67409999993
2024-12-13T11:02:57.000000,21682.581149999976,9440.676949999968,31123.25809999993
2024-12-13T11:04:57.000000,21682.581149999976,9432.708949999967,31115.29009999993
2024-12-13T11:05:17.000000,21682.581149999976,9424.740949999967,31107.32209999993
2024-12-13T11:06:17.000000,21682.581149999976,9352.483849999968,31035.06499999993
2024-12-13T11:06:22.000000,21682.581149999976,9268.236949999968,30950.818099999928
2024-12-13T11:06:27.000000,21682.581149999976,9183.990049999968,30866.571199999926
2024-12-13T11:06:32.000000,21682.581149999976,9096.747499999969,30779.328649999927
2024-12-13T11:07:32.000000,21682.581149999976,9105.697099999968,30788.278249999927
2024-12-13T11:09:07.000000,21682.581149999976,8933.844349999967,30616.425499999925
2024-12-13T11:11:52.000000,21682.581149999976,8967.954649999965,30650.535799999925
2024-12-13T11:11:52.000000,21682.581149999976,8982.667399999966,30665.248549999924
2024-12-13T11:11:57.000000,21682.581149999976,8994.382099999966,30676.963249999924
2024-12-13T11:12:02.000000,21682.581149999976,9028.492399999965,30711.073549999925
2024-12-13T11:12:02.000000,21682.581149999976,9037.209049999965,30719.790199999923
2024-12-13T11:12:07.000000,21682.581149999976,9057.328449999965,30739.909599999923
2024-12-13T11:12:12.000000,21682.581149999976,9091.449949999966,30774.031099999924
2024-12-13T11:12:57.000000,21623.907749999977,9091.449949999966,30715.357699999924
2024-12-13T11:13:27.000000,21623.907749999977,9203.827949999966,30827.735699999925
2024-12-13T11:13:52.000000,21623.907749999977,9216.214949999965,30840.122699999923
2024-12-13T11:14:17.000000,21623.907749999977,9144.448549999965,30768.356299999923
2024-12-13T11:15:22.000000,21791.959749999976,9144.448549999965,30936.408299999923
2024-12-13T11:15:27.000000,21952.016949999976,9144.448549999965,31096.465499999922
2024-12-13T11:15:32.000000,22096.084549999974,9144.448549999965,31240.53309999992
2024-12-13T11:15:32.000000,22096.084549999974,9077.791549999964,31173.87609999992
2024-12-13T11:15:42.000000,22224.156149999973,9077.791549999964,31301.94769999992
2024-12-13T11:16:27.000000,22224.156149999973,8974.020349999964,31198.17649999992
2024-12-13T11:16:32.000000,22224.156149999973,8870.249149999965,31094.405299999922
2024-12-13T11:16:42.000000,22224.156149999973,8766.477949999966,30990.634099999923
2024-12-13T11:16:47.000000,22224.156149999973,8662.706749999967,30886.862899999924
2024-12-13T11:16:52.000000,22224.156149999973,8558.935549999967,30783.091699999924
2024-12-13T11:17:32.000000,22224.156149999973,8511.361549999969,30735.517699999924
2024-12-13T11:17:47.000000,22224.156149999973,8423.579949999968,30647.736099999926
2024-12-13T11:18:47.000000,22224.156149999973,8383.792749999968,30607.948899999923
2024-12-13T11:19:02.000000,22224.156149999973,8375.997549999967,30600.153699999923
2024-12-13T11:19:07.000000,22280.127349999973,8375.997549999967,30656.124899999922
2024-12-13T11:19:07.000000,22280.127349999973,8352.199949999966,30632.32729999992
2024-12-13T11:19:27.000000,22280.127349999973,8328.402349999964,30608.52969999992
2024-12-13T11:19:32.000000,22294.09689999997,8328.402349999964,30622.499249999917
2024-12-13T11:19:37.000000,22308.055249999972,8328.402349999964,30636.457599999918
2024-12-13T11:20:17.000000,22308.055249999972,8253.106399999964,30561.161649999918
2024-12-13T11:20:22.000000,22308.055249999972,8171.811949999964,30479.867199999917
2024-12-13T11:20:27.000000,22308.055249999972,8195.970349999963,30504.025599999917
2024-12-13T11:20:37.000000,22308.055249999972,8236.131149999963,30544.186399999915
2024-12-13T11:20:42.000000,22308.055249999972,8163.835649999964,30471.890899999915
2024-12-13T11:20:52.000000,22308.055249999972,8219.973249999965,30528.028499999917
2024-12-13T11:20:57.000000,22308.055249999972,8292.100449999964,30600.155699999916
2024-12-13T11:21:02.000000,22308.055249999972,8316.258849999962,30624.314099999916
2024-12-13T11:21:07.000000,22308.055249999972,8324.427649999961,30632.482899999915
2024-12-13T11:21:12.000000,22308.055249999972,8332.59644999996,30640.651699999915
2024-12-13T11:21:17.000000,22308.055249999972,8308.78604999996,30616.841299999916
2024-12-13T11:21:22.000000,22308.055249999972,8284.97564999996,30593.030899999918
2024-12-13T11:21:27.000000,22308.055249999972,8261.16524999996,30569.22049999992
2024-12-13T11:21:37.000000,22308.055249999972,8253.34444999996,30561.399699999918
2024-12-13T11:21:52.000000,22308.055249999972,8229.521249999962,30537.57649999992
2024-12-13T11:25:22.000000,22308.055249999972,8061.865249999962,30369.92049999992
2024-12-13T11:25:27.000000,22308.055249999972,7894.209249999962,30202.26449999992
2024-12-13T11:25:32.000000,22308.055249999972,7706.55824999996,30014.61349999992
2024-12-13T11:25:37.000000,22308.055249999972,7518.89924999996,29826.95449999992
2024-12-13T11:25:42.000000,22308.055249999972,7321.23874999996,29629.29399999992
2024-12-13T11:25:47.000000,22308.055249999972,7113.576749999961,29421.63199999992
2024-12-13T11:25:52.000000,22308.055249999972,7218.5207499999615,29526.57599999992
2024-12-13T11:26:02.000000,22308.055249999972,6990.86374999996,29298.91899999992
2024-12-13T11:26:32.000000,22308.055249999972,6971.78034999996,29279.835599999922
2024-12-13T11:26:37.000000,22308.055249999972,6948.696349999959,29256.75159999992
2024-12-13T11:27:32.000000,22308.055249999972,6791.585849999959,29099.64109999992
2024-12-13T11:27:32.000000,22308.055249999972,6639.472099999959,28947.52734999992
2024-12-13T11:28:42.000000,22308.055249999972,6757.230849999959,29065.28609999992
2024-12-13T11:28:52.000000,22308.055249999972,6750.074849999959,29058.130099999922
2024-12-13T11:29:02.000000,22308.055249999972,6707.941599999959,29015.996849999923
2024-12-13T11:29:22.000000,22288.263049999972,6707.941599999959,28996.204649999923
2024-12-13T11:29:27.000000,22288.263049999972,6700.095199999959,28988.358249999925
2024-12-13T11:29:37.000000,22274.47174999997,6700.095199999959,28974.566949999924
2024-12-13T11:29:47.000000,22274.47174999997,6557.982949999959,28832.454699999926
2024-12-13T11:29:57.000000,22274.47174999997,6435.865699999958,28710.337449999926
2024-12-13T13:00:42.000000,22274.47174999997,6208.668699999957,28483.140449999926
2024-12-13T13:00:57.000000,22274.47174999997,5991.413199999956,28265.884949999927
2024-12-13T13:00:57.000000,22294.63594999997,5991.413199999956,28286.049149999926
2024-12-13T13:01:02.000000,22398.607949999972,5991.413199999956,28390.021149999928
2024-12-13T13:01:07.000000,22446.584349999972,5991.413199999956,28437.997549999927
2024-12-13T13:01:12.000000,22446.584349999972,5759.1274499999545,28205.711799999925
2024-12-13T13:01:12.000000,22446.584349999972,5881.354949999955,28327.939299999925
2024-12-13T13:01:17.000000,22526.565549999974,5881.354949999955,28407.920499999927
2024-12-13T13:01:32.000000,22526.565549999974,5983.611449999957,28510.176999999927
2024-12-13T13:01:37.000000,22526.565549999974,6085.875949999956,28612.441499999928
2024-12-13T13:01:57.000000,22526.565549999974,5908.598449999956,28435.163999999928
2024-12-13T13:01:57.000000,22526.565549999974,5696.343699999956,28222.909249999928
2024-12-13T13:01:57.000000,22526.565549999974,5409.137699999957,27935.70324999993
2024-12-13T13:01:57.000000,22526.565549999974,5111.938199999958,27638.50374999993
2024-12-13T13:03:17.000000,22526.565549999974,5024.690199999957,27551.25574999993
2024-12-13T13:03:17.000000,22526.565549999974,4902.464949999957,27429.03049999993
2024-12-13T13:03:17.000000,22526.565549999974,4775.242949999958,27301.808499999934
2024-12-13T13:03:47.000000,22518.909549999975,4775.242949999958,27294.152499999935
2024-12-13T13:04:07.000000,22518.909549999975,4528.0349499999575,27046.944499999936
2024-12-13T13:04:07.000000,22518.909549999975,4270.833449999957,26789.742999999937
2024-12-13T13:04:07.000000,22518.909549999975,4013.631949999957,26532.541499999938
2024-12-13T13:04:07.000000,22518.909549999975,3751.433699999958,26270.34324999994
2024-12-13T13:06:07.000000,22518.909549999975,3594.039199999958,26112.948749999938
2024-12-13T13:06:22.000000,22518.909549999975,3481.6354499999575,26000.544999999936
2024-12-13T13:06:47.000000,22518.909549999975,3437.6428499999583,25956.55239999994
2024-12-13T13:06:52.000000,22518.909549999975,3393.650249999959,25912.55979999994
2024-12-13T13:06:52.000000,22518.909549999975,3086.3332499999588,25605.24279999994
2024-12-13T13:06:52.000000,22518.909549999975,3094.4636499999583,25613.37319999994
2024-12-13T13:07:02.000000,22518.909549999975,3118.5836499999577,25637.49319999994
2024-12-13T13:07:12.000000,22511.277549999973,3118.5836499999577,25629.861199999938
2024-12-13T13:07:12.000000,22511.277549999973,3174.695649999958,25685.97319999994
2024-12-13T13:07:17.000000,22511.277549999973,3214.818049999958,25726.09559999994
2024-12-13T13:07:22.000000,22511.277549999973,3254.940449999958,25766.21799999994
2024-12-13T13:07:27.000000,22511.277549999973,3295.0628499999584,25806.34039999994
2024-12-13T13:07:32.000000,22511.277549999973,3335.1852499999586,25846.46279999994
2024-12-13T13:07:37.000000,22511.277549999973,3375.307649999959,25886.58519999994
2024-12-13T13:07:42.000000,22511.277549999973,3415.430049999959,25926.70759999994
2024-12-13T13:07:47.000000,22511.277549999973,3439.56284999996,25950.84039999994
2024-12-13T13:07:52.000000,22511.277549999973,3463.6956499999606,25974.97319999994
2024-12-13T13:07:57.000000,22503.653549999974,3463.6956499999606,25967.34919999994
2024-12-13T13:07:57.000000,22503.653549999974,3487.8284499999613,25991.481999999938
2024-12-13T13:08:02.000000,22503.653549999974,3527.9508499999615,26031.60439999994
2024-12-13T13:08:12.000000,22507.855349999973,3527.9508499999615,26035.806199999937
2024-12-13T13:08:22.000000,22507.855349999973,3455.086549999962,25962.941899999936
2024-12-13T13:08:22.000000,22507.855349999973,3511.211349999962,26019.066699999938
2024-12-13T13:08:27.000000,22507.855349999973,3567.336149999962,26075.19149999994
2024-12-13T13:08:32.000000,22507.855349999973,3623.460949999962,26131.31629999994
2024-12-13T13:08:42.000000,22507.855349999973,3695.588149999962,26203.44349999994
2024-12-13T13:08:47.000000,22507.855349999973,3767.7153499999617,26275.57069999994
2024-12-13T13:08:52.000000,22507.855349999973,3839.8425499999616,26347.697899999937
2024-12-13T13:09:07.000000,22507.855349999973,3927.959349999961,26435.814699999937
2024-12-13T13:09:12.000000,22507.855349999973,4000.086549999961,26507.941899999936
2024-12-13T13:09:22.000000,22507.855349999973,4088.21614999996,26596.071499999936
2024-12-13T13:09:37.000000,22507.855349999973,4160.35614999996,26668.211499999936
2024-12-13T13:09:42.000000,22507.855349999973,4182.672649999959,26690.527999999937
2024-12-13T13:09:47.000000,22507.855349999973,4238.823049999959,26746.678399999935
2024-12-13T13:10:02.000000,22507.855349999973,4261.13154999996,26768.986899999938
2024-12-13T13:10:47.000000,22507.855349999973,4438.595299999961,26946.450649999937
2024-12-13T13:11:07.000000,22507.855349999973,4596.088049999962,27103.94339999994
2024-12-13T13:11:12.000000,22507.855349999973,4703.617299999961,27211.472649999938
2024-12-13T13:11:52.000000,22507.855349999973,4707.094949999961,27214.95029999994
2024-12-13T13:13:47.000000,22507.855349999973,4706.193449999961,27214.04879999994
2024-12-13T13:14:02.000000,22435.999349999973,4706.193449999961,27142.19279999994
2024-12-13T13:14:02.000000,22372.31894999997,4706.193449999961,27078.512399999938
2024-12-13T13:14:17.000000,22372.31894999997,4813.730699999961,27186.04964999994
2024-12-13T13:14:17.000000,22324.466549999972,4813.730699999961,27138.19724999994
2024-12-13T13:14:17.000000,22288.790349999974,4813.730699999961,27102.52104999994
2024-12-13T13:14:27.000000,22248.939149999973,4813.730699999961,27062.66984999994
2024-12-13T13:14:32.000000,22225.08394999997,4813.730699999961,27038.81464999994
2024-12-13T13:14:37.000000,22193.23394999997,4813.730699999961,27006.964649999936
2024-12-13T13:14:42.000000,22169.38514999997,4813.730699999961,26983.115849999936
2024-12-13T13:14:42.000000,22147.73344999997,4813.730699999961,26961.464149999938
2024-12-13T13:14:47.000000,22139.88064999997,4813.730699999961,26953.611349999937
2024-12-13T13:14:52.000000,22132.02784999997,4813.730699999961,26945.758549999937
2024-12-13T13:16:27.000000,22132.02784999997,4848.042599999962,26980.070449999937
2024-12-13T13:17:12.000000,22174.64334999997,4848.042599999962,27022.685949999937
2024-12-13T13:17:12.000000,22222.25959999997,4848.042599999962,27070.302199999936
2024-12-13T13:17:17.000000,22234.874599999966,4848.042599999962,27082.917199999934
2024-12-13T13:17:22.000000,22234.874599999966,4896.334199999962,27131.208799999935
2024-12-13T13:17:37.000000,22234.874599999966,4930.634899999961,27165.509499999935
2024-12-13T13:18:47.000000,22247.261599999965,4930.634899999961,27177.896499999933
2024-12-13T13:18:52.000000,22247.261599999965,4852.929999999961,27100.191599999933
2024-12-13T13:21:42.000000,22246.446499999965,4852.929999999961,27099.376499999933
2024-12-13T13:22:32.000000,22232.703199999964,4852.929999999961,27085.63319999993
2024-12-13T13:23:47.000000,22256.880799999963,4852.929999999961,27109.81079999993
2024-12-13T13:24:07.000000,22305.042799999963,4852.929999999961,27157.97279999993
2024-12-13T13:24:07.000000,22305.042799999963,4845.179599999961,27150.22239999993
2024-12-13T13:24:42.000000,22305.042799999963,4847.565099999961,27152.60789999993
2024-12-13T13:24:52.000000,22305.042799999963,4849.95059999996,27154.99339999993
2024-12-13T13:27:02.000000,22305.042799999963,4858.07459999996,27163.11739999993
2024-12-13T13:27:07.000000,22305.042799999963,4724.31649999996,27029.35929999993
2024-12-13T13:27:12.000000,22305.042799999963,4590.55839999996,26895.601199999932
2024-12-13T13:27:17.000000,22305.042799999963,4598.68239999996,26903.72519999993
2024-12-13T13:27:17.000000,22305.042799999963,4478.915199999959,26783.957999999933
2024-12-13T13:27:22.000000,22305.042799999963,4487.045599999959,26792.08839999993
2024-12-13T13:27:27.000000,22305.042799999963,4479.179999999959,26784.22279999993
2024-12-13T13:27:32.000000,22305.042799999963,4479.315599999959,26784.358399999932
2024-12-13T13:27:37.000000,22305.042799999963,4463.461599999958,26768.50439999993
2024-12-13T13:27:42.000000,22305.042799999963,4447.607599999957,26752.650399999926
2024-12-13T13:28:17.000000,22311.272099999966,4447.607599999957,26758.87969999993
2024-12-13T13:28:27.000000,22317.50139999997,4447.607599999957,26765.10899999993
2024-12-13T13:29:52.000000,22317.50139999997,4423.771599999957,26741.272999999932
2024-12-13T13:30:32.000000,22317.50139999997,4415.925199999957,26733.426599999933
2024-12-13T13:30:37.000000,22317.50139999997,4408.078799999957,26725.580199999935
2024-12-13T13:30:47.000000,22317.50139999997,4416.221999999958,26733.723399999937
2024-12-13T13:30:52.000000,22317.50139999997,4456.337999999958,26773.83939999994
2024-12-13T13:30:52.000000,22317.50139999997,4464.481199999959,26781.98259999994
2024-12-13T13:30:57.000000,22317.50139999997,4472.637199999959,26790.13859999994
2024-12-13T13:31:02.000000,22317.50139999997,4480.761199999959,26798.26259999994
2024-12-13T13:31:02.000000,22317.50139999997,4504.90679999996,26822.40819999994
2024-12-13T13:31:07.000000,22317.50139999997,4521.025599999959,26838.52699999994
2024-12-13T13:31:12.000000,22317.50139999997,4537.144399999958,26854.64579999994
2024-12-13T13:31:17.000000,22317.50139999997,4553.269599999958,26870.77099999994
2024-12-13T13:31:22.000000,22317.50139999997,4569.394799999957,26886.896199999937
2024-12-13T13:31:27.000000,22317.50139999997,4577.525199999957,26895.026599999936
2024-12-13T13:31:32.000000,22317.50139999997,4577.654399999957,26895.155799999935
2024-12-13T13:31:37.000000,22317.50139999997,4593.785999999957,26911.287399999936
2024-12-13T13:31:42.000000,22317.50139999997,4601.916399999957,26919.417799999934
2024-12-13T13:31:47.000000,22317.50139999997,4610.046799999957,26927.548199999932
2024-12-13T13:31:47.000000,22317.50139999997,4448.194899999957,26765.69629999993
2024-12-13T13:31:52.000000,22317.50139999997,4440.335699999957,26757.83709999993
2024-12-13T13:31:52.000000,22317.50139999997,4292.485899999958,26609.98729999993
2024-12-13T13:31:57.000000,22317.50139999997,4292.6278999999595,26610.12929999993
2024-12-13T13:31:57.000000,22317.50139999997,4158.780199999959,26476.281599999933
2024-12-13T13:32:02.000000,22317.50139999997,3996.9282999999587,26314.42969999993
2024-12-13T13:32:07.000000,22317.50139999997,3959.2837999999592,26276.785199999933
2024-12-13T13:32:07.000000,22317.50139999997,3811.4339999999597,26128.935399999933
2024-12-13T13:32:12.000000,22317.50139999997,3763.7959999999607,26081.297399999934
2024-12-13T13:32:12.000000,22317.50139999997,3601.94409999996,25919.445499999933
2024-12-13T13:34:32.000000,22317.50139999997,3579.9787999999603,25897.480199999933
2024-12-13T13:34:37.000000,22317.50139999997,3558.0022999999605,25875.503699999932
2024-12-13T13:34:42.000000,22317.50139999997,3522.0236999999597,25839.52509999993
2024-12-13T13:34:47.000000,22317.50139999997,3486.06749999996,25803.56889999993
2024-12-13T13:34:52.000000,22317.50139999997,3422.12949999996,25739.63089999993
2024-12-13T13:34:57.000000,22317.50139999997,3316.19639999996,25633.69779999993
2024-12-13T13:35:02.000000,22317.50139999997,3168.279399999959,25485.780799999928
2024-12-13T13:35:07.000000,22317.50139999997,2964.3763999999596,25281.87779999993
2024-12-13T13:35:12.000000,22317.50139999997,2705.28899999996,25022.79039999993
2024-12-13T13:35:12.000000,22317.50139999997,2487.395099999961,24804.89649999993
2024-12-13T13:35:22.000000,22317.50139999997,2359.71309999996,24677.21449999993
2024-12-13T13:35:27.000000,22317.50139999997,2116.62489999996,24434.12629999993
2024-12-13T13:35:37.000000,22317.50139999997,1988.9508999999605,24306.45229999993
2024-12-13T13:36:17.000000,22317.50139999997,1827.0093999999613,24144.51079999993
2024-12-13T13:36:22.000000,22317.50139999997,1779.1505999999606,24096.65199999993
2024-12-13T13:36:22.000000,22317.50139999997,1659.2041999999606,23976.70559999993
2024-12-13T13:36:27.000000,22317.50139999997,1611.34539999996,23928.846799999927
2024-12-13T13:36:27.000000,22317.50139999997,1505.3898999999594,23822.891299999927
2024-12-13T13:36:32.000000,22317.50139999997,1427.4273999999596,23744.928799999925
2024-12-13T13:36:37.000000,22317.50139999997,1363.4557999999595,23680.957199999924
2024-12-13T13:36:42.000000,22317.50139999997,1299.6009999999592,23617.102399999923
2024-12-13T13:36:42.000000,22317.50139999997,1235.629399999959,23553.130799999923
2024-12-13T13:36:47.000000,22317.50139999997,1185.6486999999588,23503.150099999923
2024-12-13T13:36:52.000000,22317.50139999997,1079.6931999999583,23397.194599999923
2024-12-13T13:36:57.000000,22317.50139999997,917.7516999999591,23235.25309999992
2024-12-13T13:37:02.000000,22317.50139999997,755.8101999999599,23073.31159999992
2024-12-13T13:37:07.000000,22317.50139999997,607.8595999999604,22925.36099999992
2024-12-13T13:37:22.000000,22317.50139999997,445.90689999996,22763.40829999992
2024-12-13T13:39:12.000000,22317.50139999997,347.4260499999596,22664.92744999992
2024-12-13T13:39:17.000000,22317.50139999997,196.96859999996036,22514.46999999992
2024-12-13T13:39:32.000000,22317.50139999997,169.22959999996078,22486.730999999923
2024-12-13T13:39:37.000000,22317.50139999997,151.492099999961,22468.993499999924
2024-12-13T13:39:42.000000,22317.50139999997,113.75959999996164,22431.260999999926
2024-12-13T13:39:57.000000,22317.50139999997,79.46194999996221,22396.963349999925
2024-12-13T13:40:02.000000,22317.50139999997,45.17149999996279,22362.672899999925
2024-12-13T13:40:07.000000,22317.50139999997,10.873849999963369,22328.375249999925
2024-12-13T13:40:12.000000,22317.50139999997,-23.416600000036055,22294.084799999924
2024-12-13T13:40:17.000000,22317.50139999997,-31.120600000036056,22286.380799999923
2024-12-13T13:40:22.000000,22317.50139999997,-65.41105000003549,22252.090349999922
2024-12-13T13:40:22.000000,22317.50139999997,-73.1150500000355,22244.38634999992
2024-12-13T13:40:32.000000,22317.50139999997,-116.39245000003632,22201.10894999992
2024-12-13T13:40:37.000000,22317.50139999997,-150.67570000003735,22166.82569999992
2024-12-13T13:40:52.000000,22317.50139999997,-108.40420000003841,22209.09719999992
2024-12-13T13:40:57.000000,22317.50139999997,-86.30770000003906,22231.19369999992
2024-12-13T13:41:02.000000,22317.50139999997,-59.21045000003892,22258.29094999992
2024-12-13T13:41:07.000000,22317.50139999997,-37.109950000037784,22280.39144999992
2024-12-13T13:41:12.000000,22317.50139999997,-161.59470000003876,22155.90669999992
2024-12-13T13:41:17.000000,22317.50139999997,-299.0814000000394,22018.41999999992
2024-12-13T13:41:22.000000,22317.50139999997,-449.5596500000398,21867.941749999918
2024-12-13T13:41:27.000000,22317.50139999997,-639.0229500000394,21678.47844999992
2024-12-13T13:41:57.000000,22317.50139999997,-622.8977500000399,21694.603649999917
2024-12-13T13:42:17.000000,22317.50139999997,-622.76855000004,21694.732849999917
2024-12-13T13:43:52.000000,22317.50139999997,-540.4750500000401,21777.026349999916
2024-12-13T13:43:57.000000,22317.50139999997,-468.18305000004005,21849.318349999918
2024-12-13T13:44:02.000000,22317.50139999997,-385.8975500000402,21931.603849999916
2024-12-13T13:44:07.000000,22317.50139999997,-323.6150500000399,21993.886349999917
2024-12-13T13:44:12.000000,22317.50139999997,-251.33905000003983,22066.16234999992
2024-12-13T13:44:17.000000,22317.50139999997,-189.06455000003956,22128.43684999992
2024-12-13T13:44:37.000000,22317.50139999997,-116.79655000003949,22200.70484999992
2024-12-13T13:44:47.000000,22317.50139999997,-44.52855000003942,22272.97284999992
2024-12-13T13:44:57.000000,22317.50139999997,90.91129999996102,22408.412699999917
2024-12-13T13:45:12.000000,22317.50139999997,239.36349999996116,22556.864899999917
2024-12-13T13:45:17.000000,22317.50139999997,322.85794999996153,22640.35934999992
2024-12-13T13:45:17.000000,22317.50139999997,290.00619999996115,22607.507599999917
2024-12-13T13:45:22.000000,22317.50139999997,360.50909999996065,22678.010499999917
2024-12-13T13:45:27.000000,22317.50139999997,405.0184999999607,22722.519899999916
2024-12-13T13:45:32.000000,22317.50139999997,423.5343999999613,22741.035799999918
2024-12-13T13:46:32.000000,22330.68694999997,423.5343999999613,22754.22134999992
2024-12-13T13:46:37.000000,22343.872499999972,423.5343999999613,22767.40689999992
2024-12-13T13:46:42.000000,22357.058049999974,423.5343999999613,22780.592449999924
2024-12-13T13:47:02.000000,22357.058049999974,481.00414999996104,22838.062199999924
2024-12-13T13:47:17.000000,22389.384049999975,481.00414999996104,22870.388199999925
2024-12-13T13:47:22.000000,22431.711549999975,481.00414999996104,22912.715699999924
2024-12-13T13:47:27.000000,22464.037549999975,481.00414999996104,22945.041699999925
2024-12-13T13:47:47.000000,22516.366549999973,481.00414999996104,22997.370699999923
2024-12-13T13:48:02.000000,22568.703549999973,481.00414999996104,23049.707699999923
2024-12-13T13:48:07.000000,22631.042049999975,481.00414999996104,23112.046199999924
2024-12-13T13:48:27.000000,22673.385549999974,481.00414999996104,23154.389699999923
2024-12-13T13:49:22.000000,22673.385549999974,457.15534999996,23130.540899999924
2024-12-13T13:49:32.000000,22673.385549999974,433.3065499999589,23106.692099999924
2024-12-13T13:49:52.000000,22673.385549999974,409.45774999995785,23082.843299999924
2024-12-13T13:50:02.000000,22673.385549999974,385.6089499999568,23058.994499999924
2024-12-13T13:50:02.000000,22673.385549999974,367.314349999956,23040.699899999923
2024-12-13T13:50:22.000000,22673.385549999974,355.0254499999561,23028.410999999924
2024-12-13T13:51:07.000000,22673.385549999974,387.319449999957,23060.704999999925
2024-12-13T13:52:52.000000,22673.385549999974,427.416249999956,23100.801799999925
2024-12-13T13:52:57.000000,22673.385549999974,413.62014999995716,23087.005699999925
2024-12-13T13:53:12.000000,22673.385549999974,375.8204499999589,23049.205999999926
2024-12-13T13:53:17.000000,22673.385549999974,332.01984999995966,23005.405399999927
2024-12-13T13:53:22.000000,22673.385549999974,372.11664999995867,23045.502199999926
2024-12-13T13:53:27.000000,22673.385549999974,328.31124999995944,23001.69679999993
2024-12-13T13:53:27.000000,22673.385549999974,352.41204999995875,23025.79759999993
2024-12-13T13:53:32.000000,22673.385549999974,392.50884999995776,23065.89439999993
2024-12-13T13:53:42.000000,22673.385549999974,336.6968499999588,23010.08239999993
2024-12-13T13:53:47.000000,22673.385549999974,274.8839499999589,22948.26949999993
2024-12-13T13:53:52.000000,22673.385549999974,213.06624999995896,22886.45179999993
2024-12-13T13:53:52.000000,22673.385549999974,237.16704999995827,22910.55259999993
2024-12-13T13:53:52.000000,22673.385549999974,202.43019999995886,22875.81574999993
2024-12-13T13:53:57.000000,22673.385549999974,226.53099999995817,22899.91654999993
2024-12-13T13:54:02.000000,22673.385549999974,250.63179999995748,22924.01734999993
2024-12-13T13:54:07.000000,22673.385549999974,188.81889999995758,22862.20444999993
2024-12-13T13:54:17.000000,22673.385549999974,121.00989999995673,22794.395449999927
2024-12-13T13:54:22.000000,22673.385549999974,59.20179999995682,22732.58734999993
2024-12-13T13:54:27.000000,22673.385549999974,3.3897999999578445,22676.77534999993
2024-12-13T13:54:57.000000,22673.385549999974,-46.42130000004233,22626.96424999993
2024-12-13T13:54:57.000000,22673.385549999974,-54.318900000042326,22619.06664999993
2024-12-13T13:55:12.000000,22673.385549999974,-62.210100000042324,22611.175449999933
2024-12-13T13:55:37.000000,22673.385549999974,-106.01550000004156,22567.370049999936
2024-12-13T13:55:42.000000,22673.385549999974,-161.82270000004266,22511.562849999933
2024-12-13T13:59:12.000000,22673.385549999974,-204.7999500000428,22468.585599999933
2024-12-13T13:59:22.000000,22673.385549999974,-206.642250000044,22466.743299999933
2024-12-13T13:59:27.000000,22673.385549999974,-202.47885000004212,22470.906699999934
2024-12-13T13:59:37.000000,22673.385549999974,-180.31755000004168,22493.067999999934
2024-12-13T13:59:42.000000,22673.385549999974,-170.148450000041,22503.237099999933
2024-12-13T14:00:42.000000,22673.385549999974,-167.83495000004123,22505.550599999933
2024-12-13T14:00:52.000000,22673.385549999974,-174.30855000004124,22499.076999999932
2024-12-13T14:01:52.000000,22673.385549999974,-171.98705000004145,22501.39849999993
2024-12-13T14:01:57.000000,22726.463349999973,-171.98705000004145,22554.47629999993
2024-12-13T14:05:12.000000,22726.463349999973,-163.83105000004178,22562.63229999993
2024-12-13T14:05:52.000000,22726.463349999973,-155.67505000004212,22570.788299999927
2024-12-13T14:07:02.000000,22726.463349999973,-198.6116500000424,22527.851699999926
2024-12-13T14:07:07.000000,22726.463349999973,-241.5434500000427,22484.919899999928
2024-12-13T14:08:57.000000,22726.463349999973,-265.36665000004234,22461.09669999993
2024-12-13T14:10:27.000000,22726.463349999973,-240.5138500000416,22485.94949999993
2024-12-13T14:10:42.000000,22705.734199999973,-240.5138500000416,22465.22034999993
2024-12-13T14:10:52.000000,22659.011549999974,-240.5138500000416,22418.49769999993
2024-12-13T14:11:02.000000,22612.299299999973,-240.5138500000416,22371.78544999993
2024-12-13T14:11:02.000000,22578.588999999974,-240.5138500000416,22338.07514999993
2024-12-13T14:11:07.000000,22531.876749999974,-240.5138500000416,22291.36289999993
2024-12-13T14:13:32.000000,22524.184749999975,-240.5138500000416,22283.670899999932
2024-12-13T14:13:37.000000,22516.492749999976,-240.5138500000416,22275.978899999933
2024-12-13T14:14:02.000000,22513.801499999976,-240.5138500000416,22273.287649999933
2024-12-13T14:14:12.000000,22506.113499999978,-240.5138500000416,22265.599649999935
2024-12-13T14:14:17.000000,22498.42549999998,-240.5138500000416,22257.911649999936
2024-12-13T14:14:22.000000,22490.73349999998,-240.5138500000416,22250.219649999937
2024-12-13T14:14:22.000000,22477.63819999998,-240.5138500000416,22237.124349999936
2024-12-13T14:14:22.000000,22469.804599999978,-240.5138500000416,22229.290749999935
2024-12-13T14:14:27.000000,22462.11259999998,-240.5138500000416,22221.598749999936
2024-12-13T14:15:32.000000,22398.35379999998,-240.5138500000416,22157.839949999936
2024-12-13T14:15:32.000000,22334.62699999998,-240.5138500000416,22094.113149999936
2024-12-13T14:15:37.000000,22356.967499999977,-240.5138500000416,22116.453649999934
2024-12-13T14:15:47.000000,22325.23269999998,-240.5138500000416,22084.718849999936
2024-12-13T14:15:52.000000,22357.57469999998,-240.5138500000416,22117.060849999936
2024-12-13T14:15:57.000000,22333.75149999998,-240.5138500000416,22093.237649999937
2024-12-13T14:16:02.000000,22366.09349999998,-240.5138500000416,22125.579649999938
2024-12-13T14:16:02.000000,22342.270299999982,-240.5138500000416,22101.75644999994
2024-12-13T14:16:07.000000,22278.511499999982,-240.5138500000416,22037.99764999994
2024-12-13T14:16:07.000000,22270.786699999982,-240.5138500000416,22030.27284999994
2024-12-13T14:16:12.000000,22303.136699999985,-240.5138500000416,22062.62284999994
2024-12-13T14:16:12.000000,22279.415899999985,-240.5138500000416,22038.902049999942
2024-12-13T14:16:17.000000,22263.689899999987,-240.5138500000416,22023.176049999944
2024-12-13T14:16:22.000000,22255.95869999999,-240.5138500000416,22015.444849999945
2024-12-13T14:16:27.000000,22224.23029999999,-240.5138500000416,21983.716449999945
2024-12-13T14:16:32.000000,22200.49669999999,-240.5138500000416,21959.982849999946
2024-12-13T14:16:37.000000,22232.84669999999,-240.5138500000416,21992.332849999948
2024-12-13T14:16:37.000000,22201.11829999999,-240.5138500000416,21960.604449999948
2024-12-13T14:16:37.000000,22161.30549999999,-240.5138500000416,21920.79164999995
2024-12-13T14:16:42.000000,22193.655499999993,-240.5138500000416,21953.14164999995
2024-12-13T14:16:42.000000,22145.931099999994,-240.5138500000416,21905.41724999995
2024-12-13T14:16:47.000000,22178.281099999997,-240.5138500000416,21937.767249999953
2024-12-13T14:16:47.000000,22122.555499999995,-240.5138500000416,21882.041649999952
2024-12-13T14:16:52.000000,22066.823499999995,-240.5138500000416,21826.309649999952
2024-12-13T14:16:57.000000,22089.171999999995,-240.5138500000416,21848.658149999952
2024-12-13T14:17:02.000000,22111.520499999995,-240.5138500000416,21871.006649999952
2024-12-13T14:17:12.000000,22133.868999999995,-240.5138500000416,21893.355149999952
2024-12-13T14:17:17.000000,22156.217499999995,-240.5138500000416,21915.703649999952
2024-12-13T14:17:42.000000,22100.402299999998,-240.5138500000416,21859.888449999955
2024-12-13T14:17:47.000000,22122.750799999998,-240.5138500000416,21882.236949999955
2024-12-13T14:17:52.000000,22135.097799999996,-240.5138500000416,21894.583949999953
2024-12-13T14:17:57.000000,22147.444799999994,-240.5138500000416,21906.93094999995
2024-12-13T14:17:57.000000,22091.629599999997,-240.5138500000416,21851.115749999954
2024-12-13T14:18:12.000000,22019.824799999995,-240.5138500000416,21779.310949999952
2024-12-13T14:18:57.000000,21876.188399999995,-240.5138500000416,21635.674549999952
2024-12-13T14:19:17.000000,21788.534799999994,-240.5138500000416,21548.02094999995
2024-12-13T14:19:22.000000,21716.877199999995,-240.5138500000416,21476.363349999952
2024-12-13T14:19:27.000000,21661.215599999996,-240.5138500000416,21420.701749999953
2024-12-13T14:19:32.000000,21605.547599999994,-240.5138500000416,21365.03374999995
2024-12-13T14:19:37.000000,21565.869199999994,-240.5138500000416,21325.35534999995
2024-12-13T14:19:42.000000,21518.189599999994,-240.5138500000416,21277.67574999995
2024-12-13T14:20:42.000000,21524.424499999994,-240.5138500000416,21283.91064999995
2024-12-13T14:21:12.000000,21516.668499999992,-240.5138500000416,21276.15464999995
2024-12-13T14:22:52.000000,21516.668499999992,-199.61065000004157,21317.05784999995
2024-12-13T14:23:47.000000,21565.00969999999,-199.61065000004157,21365.39904999995
2024-12-13T14:24:02.000000,21637.348099999992,-199.61065000004157,21437.73744999995
2024-12-13T14:25:17.000000,21619.72259999999,-199.61065000004157,21420.111949999948
2024-12-13T14:25:32.000000,21612.09859999999,-199.61065000004157,21412.487949999948
2024-12-13T14:25:37.000000,21594.48109999999,-199.61065000004157,21394.870449999948
2024-12-13T14:25:47.000000,21576.86359999999,-199.61065000004157,21377.252949999947
2024-12-13T14:25:52.000000,21559.24609999999,-199.61065000004157,21359.635449999947
2024-12-13T14:26:02.000000,21551.630099999988,-199.61065000004157,21352.019449999945
2024-12-13T14:26:07.000000,21544.014099999986,-199.61065000004157,21344.403449999943
2024-12-13T14:26:12.000000,21536.398099999984,-199.61065000004157,21336.78744999994
2024-12-13T14:26:17.000000,21528.782099999982,-199.61065000004157,21329.17144999994
2024-12-13T14:26:27.000000,21511.172599999984,-199.61065000004157,21311.56194999994
2024-12-13T14:26:37.000000,21493.563099999985,-199.61065000004157,21293.952449999942
2024-12-13T14:26:47.000000,21475.953599999986,-199.61065000004157,21276.342949999944
2024-12-13T14:26:52.000000,21458.344099999988,-199.61065000004157,21258.733449999945
2024-12-13T14:26:57.000000,21440.73459999999,-199.61065000004157,21241.123949999946
2024-12-13T14:27:02.000000,21423.12509999999,-199.61065000004157,21223.514449999948
2024-12-13T14:27:07.000000,21405.51559999999,-199.61065000004157,21205.90494999995
2024-12-13T14:27:12.000000,21387.906099999993,-199.61065000004157,21188.29544999995
2024-12-13T14:27:22.000000,21340.29209999999,-199.61065000004157,21140.68144999995
2024-12-13T14:27:27.000000,21292.67809999999,-199.61065000004157,21093.067449999948
2024-12-13T14:30:32.000000,21292.67809999999,-177.49415000004223,21115.183949999948
2024-12-13T14:31:07.000000,21308.65609999999,-177.49415000004223,21131.161949999947
2024-12-13T14:31:22.000000,21252.95609999999,-177.49415000004223,21075.461949999946
2024-12-13T14:31:42.000000,21197.256099999988,-177.49415000004223,21019.761949999946
2024-12-13T14:31:47.000000,21141.556099999987,-177.49415000004223,20964.061949999945
2024-12-13T14:31:57.000000,21133.850499999986,-177.49415000004223,20956.356349999944
2024-12-13T14:32:02.000000,21126.144899999985,-177.49415000004223,20948.650749999942
2024-12-13T14:32:07.000000,21102.436899999986,-177.49415000004223,20924.942749999944
2024-12-13T14:32:12.000000,21078.728899999987,-177.49415000004223,20901.234749999945
2024-12-13T14:32:22.000000,21055.02089999999,-177.49415000004223,20877.526749999946
2024-12-13T14:32:27.000000,21055.02089999999,-113.21455000004234,20941.806349999948
2024-12-13T14:32:27.000000,21015.32329999999,-113.21455000004234,20902.10874999995
2024-12-13T14:32:32.000000,21015.32329999999,-40.94015000004262,20974.383149999947
2024-12-13T14:32:42.000000,20987.72029999999,-40.94015000004262,20946.780149999948
2024-12-13T14:32:47.000000,20950.12379999999,-40.94015000004262,20909.183649999948
2024-12-13T14:32:52.000000,20950.12379999999,63.32624999995642,21013.45004999995
2024-12-13T14:32:57.000000,20950.12379999999,175.5938499999553,21125.717649999948
2024-12-13T14:33:02.000000,20950.12379999999,287.8614499999542,21237.985249999947
2024-12-13T14:33:07.000000,20950.12379999999,384.1394499999534,21334.263249999945
2024-12-13T14:33:12.000000,20950.12379999999,480.4238499999526,21430.547649999946
2024-12-13T14:33:17.000000,20942.51579999999,480.4238499999526,21422.939649999946
2024-12-13T14:33:17.000000,20942.51579999999,568.713449999952,21511.229249999946
2024-12-13T14:33:22.000000,20942.51579999999,641.0134499999517,21583.529249999945
2024-12-13T14:33:27.000000,20934.90779999999,641.0134499999517,21575.921249999945
2024-12-13T14:33:27.000000,20934.90779999999,721.3146499999527,21656.222449999947
2024-12-13T14:33:32.000000,20934.90779999999,809.6170499999536,21744.524849999947
2024-12-13T14:34:27.000000,20877.31629999999,809.6170499999536,21686.93334999995
2024-12-13T14:34:32.000000,20877.31629999999,868.2613499999541,21745.57764999995
2024-12-13T14:35:17.000000,20877.31629999999,909.2053499999541,21786.521649999948
2024-12-13T14:35:22.000000,20877.31629999999,992.6581999999545,21869.97449999995
2024-12-13T14:37:17.000000,20877.31629999999,984.9781999999545,21862.29449999995
2024-12-13T14:37:32.000000,20877.31629999999,969.3097999999547,21846.62609999995
2024-12-13T14:38:12.000000,20877.31629999999,1042.2337999999559,21919.550099999953
2024-12-13T14:38:22.000000,20877.31629999999,1119.1583999999561,21996.474699999955
2024-12-13T14:38:22.000000,20877.31629999999,1196.0829999999564,22073.399299999957
2024-12-13T14:38:27.000000,20877.31629999999,1265.009599999957,22142.325899999956
2024-12-13T14:38:32.000000,20877.31629999999,1325.9413999999576,22203.25769999996
2024-12-13T14:38:47.000000,20839.727799999993,1325.9413999999576,22165.66919999996
2024-12-13T14:38:52.000000,20802.139299999995,1325.9413999999576,22128.080699999962
2024-12-13T14:39:17.000000,20789.483199999995,1325.9413999999576,22115.424599999962
2024-12-13T14:39:37.000000,20791.892699999997,1325.9413999999576,22117.834099999964
2024-12-13T14:39:42.000000,20774.307199999996,1325.9413999999576,22100.248599999963
2024-12-13T14:39:52.000000,20756.713699999997,1325.9413999999576,22082.655099999964
2024-12-13T14:39:57.000000,20749.121699999996,1325.9413999999576,22075.063099999963
2024-12-13T14:40:02.000000,20741.529699999996,1325.9413999999576,22067.471099999962
2024-12-13T14:40:07.000000,20758.885449999994,1325.9413999999576,22084.82684999996
2024-12-13T14:40:12.000000,20766.24369999999,1325.9413999999576,22092.18509999996
2024-12-13T14:40:12.000000,20762.586549999993,1325.9413999999576,22088.52794999996
2024-12-13T14:40:17.000000,20761.929849999993,1325.9413999999576,22087.87124999996
2024-12-13T14:40:22.000000,20774.340849999993,1325.9413999999576,22100.28224999996
2024-12-13T14:40:22.000000,20795.090499999995,1325.9413999999576,22121.03189999996
2024-12-13T14:40:32.000000,20791.435749999997,1325.9413999999576,22117.377149999964
2024-12-13T14:40:32.000000,20803.846749999997,1325.9413999999576,22129.788149999964
2024-12-13T14:40:37.000000,20820.818349999998,1325.9413999999576,22146.759749999965
2024-12-13T14:40:42.000000,20843.230849999996,1325.9413999999576,22169.172249999963
2024-12-13T14:40:47.000000,20855.641849999996,1325.9413999999576,22181.583249999963
2024-12-13T14:40:47.000000,20888.388499999997,1325.9413999999576,22214.329899999964
2024-12-13T14:40:52.000000,20910.800999999996,1325.9413999999576,22236.742399999963
2024-12-13T14:40:52.000000,20991.153399999996,1325.9413999999576,22317.094799999963
2024-12-13T14:40:52.000000,21026.898099999995,1325.9413999999576,22352.839499999962
2024-12-13T14:41:02.000000,21029.315599999994,1325.9413999999576,22355.25699999996
2024-12-13T14:41:02.000000,21085.606799999994,1325.9413999999576,22411.54819999996
2024-12-13T14:41:02.000000,21118.351049999994,1325.9413999999576,22444.29244999996
2024-12-13T14:41:07.000000,21130.770049999992,1325.9413999999576,22456.71144999996
2024-12-13T14:41:07.000000,21155.74444999999,1325.9413999999576,22481.685849999958
2024-12-13T14:41:07.000000,21212.03564999999,1325.9413999999576,22537.977049999958
2024-12-13T14:41:07.000000,21250.778399999992,1325.9413999999576,22576.71979999996
2024-12-13T14:41:12.000000,21289.521149999993,1325.9413999999576,22615.46254999996
2024-12-13T14:41:17.000000,21291.488099999995,1325.9413999999576,22617.429499999962
2024-12-13T14:41:17.000000,21283.912099999994,1325.9413999999576,22609.85349999996
2024-12-13T14:41:17.000000,21308.886499999993,1325.9413999999576,22634.82789999996
2024-12-13T14:41:17.000000,21347.629249999994,1325.9413999999576,22673.57064999996
2024-12-13T14:41:22.000000,21372.606849999996,1325.9413999999576,22698.548249999963
2024-12-13T14:41:22.000000,21408.34915,1325.9413999999576,22734.290549999965
2024-12-13T14:41:27.000000,21410.77465,1325.9413999999576,22736.716049999966
2024-12-13T14:41:27.000000,21435.75225,1325.9413999999576,22761.69364999997
2024-12-13T14:41:27.000000,21471.494550000003,1325.9413999999576,22797.43594999997
2024-12-13T14:41:32.000000,21464.611350000003,1325.9413999999576,22790.55274999997
2024-12-13T14:41:32.000000,21467.036850000004,1325.9413999999576,22792.97824999997
2024-12-13T14:41:32.000000,21496.011850000003,1325.9413999999576,22821.95324999997
2024-12-13T14:41:32.000000,21496.011850000003,1201.4566499999567,22697.46849999997
2024-12-13T14:41:32.000000,21531.754150000004,1201.4566499999567,22733.21079999997
2024-12-13T14:41:37.000000,21534.179650000005,1201.4566499999567,22735.636299999973
2024-12-13T14:41:37.000000,21559.154050000005,1201.4566499999567,22760.610699999972
2024-12-13T14:41:37.000000,21559.154050000005,1115.9569499999573,22675.11099999997
2024-12-13T14:41:37.000000,21597.894400000005,1115.9569499999573,22713.85134999997
2024-12-13T14:41:42.000000,21630.638650000004,1115.9569499999573,22746.59559999997
2024-12-13T14:41:47.000000,21651.615650000003,1115.9569499999573,22767.57259999997
2024-12-13T14:41:47.000000,21681.359450000004,1115.9569499999573,22797.31639999997
2024-12-13T14:41:52.000000,21693.77845,1115.9569499999573,22809.73539999997
2024-12-13T14:41:52.000000,21693.77845,1069.473499999958,22763.25194999997
2024-12-13T14:41:57.000000,21702.76005,1069.473499999958,22772.233549999968
2024-12-13T14:41:57.000000,21726.502950000002,1069.473499999958,22795.97644999997
2024-12-13T14:42:02.000000,21727.48975,1069.473499999958,22796.963249999968
2024-12-13T14:42:02.000000,21727.48975,983.9841999999585,22711.473949999967
2024-12-13T14:42:07.000000,21728.47655,983.9841999999585,22712.460749999966
2024-12-16T09:59:42.000000,21684.95435,983.9841999999585,22668.938549999966
2024-12-16T09:59:52.000000,21650.4335,983.9841999999585,22634.417699999965
2024-12-16T09:59:57.000000,21615.91265,983.9841999999585,22599.896849999965
2024-12-16T10:00:02.000000,21572.39045,983.9841999999585,22556.374649999965
2024-12-16T10:00:07.000000,21528.86825,983.9841999999585,22512.852449999966
2024-12-16T10:00:12.000000,21485.34605,983.9841999999585,22469.330249999966
2024-12-16T10:00:17.000000,21441.82385,983.9841999999585,22425.808049999967
2024-12-16T10:10:07.000000,21441.82385,996.187199999958,22438.01104999997
2024-12-16T10:10:07.000000,21441.82385,1060.908399999958,22502.73224999997
2024-12-16T10:10:17.000000,21441.82385,1101.651599999957,22543.47544999997
2024-12-16T10:11:52.000000,21414.8207,1101.651599999957,22516.47229999997
2024-12-16T10:13:17.000000,21407.3039,1101.651599999957,22508.955499999967
2024-12-16T10:13:52.000000,21407.3039,1166.246399999957,22573.550299999966
2024-12-16T10:15:17.000000,21405.8072,1166.246399999957,22572.053599999967
2024-12-16T10:15:42.000000,21398.0984,1166.246399999957,22564.344799999966
2024-12-16T10:16:02.000000,21307.1642,1166.246399999957,22473.410599999967
2024-12-16T10:16:27.000000,21287.6648,1166.246399999957,22453.911199999966
2024-12-16T10:18:12.000000,21287.6648,1062.9423999999576,22350.607199999966
2024-12-16T10:19:07.000000,21280.7624,1062.9423999999576,22343.704799999967
2024-12-16T10:19:17.000000,21280.7624,983.6547999999577,22264.417199999967
2024-12-16T10:19:22.000000,21257.8576,983.6547999999577,22241.512399999967
2024-12-16T10:19:22.000000,21222.951,983.6547999999577,22206.60579999997
2024-12-16T10:19:22.000000,21184.0438,983.6547999999577,22167.698599999967
2024-12-16T10:19:37.000000,21145.1334,983.6547999999577,22128.788199999966
2024-12-16T10:21:02.000000,21345.1462,983.6547999999577,22328.800999999967
2024-12-16T10:21:12.000000,21584.13365,983.6547999999577,22567.788449999967
2024-12-16T10:23:17.000000,21584.13365,968.2999999999579,22552.433649999966
2024-12-16T10:23:32.000000,21566.31615,968.2999999999579,22534.616149999965
2024-12-16T10:23:37.000000,21553.499399999997,968.2999999999579,22521.799399999963
2024-12-16T10:23:47.000000,21545.687399999995,968.2999999999579,22513.98739999996
2024-12-16T10:23:57.000000,21522.877149999993,968.2999999999579,22491.17714999996
2024-12-16T10:24:07.000000,21505.067649999994,968.2999999999579,22473.36764999996
2024-12-16T10:24:12.000000,21482.25739999999,968.2999999999579,22450.557399999958
2024-12-16T10:24:12.000000,21482.25739999999,941.0009999999584,22423.25839999996
2024-12-16T10:24:17.000000,21464.447899999992,941.0009999999584,22405.44889999996
2024-12-16T10:24:37.000000,21436.64089999999,941.0009999999584,22377.64189999996
2024-12-16T10:26:07.000000,21436.64089999999,953.6839999999579,22390.32489999996
2024-12-16T10:27:17.000000,21436.64089999999,890.3155999999577,22326.95649999996
2024-12-16T10:29:02.000000,21436.64089999999,810.8455999999582,22247.48649999996
2024-12-16T10:31:32.000000,21436.64089999999,803.4407999999581,22240.08169999996
2024-12-16T10:32:27.000000,21447.150799999992,803.4407999999581,22250.59159999996
2024-12-16T10:32:32.000000,21457.660699999993,803.4407999999581,22261.10149999996
2024-12-16T10:32:42.000000,21473.958699999996,803.4407999999581,22277.399499999963
2024-12-16T10:32:47.000000,21498.251499999995,803.4407999999581,22301.692299999962
2024-12-16T10:32:57.000000,21475.469249999995,803.4407999999581,22278.910049999962
2024-12-16T10:33:07.000000,21485.988749999993,803.4407999999581,22289.42954999996
2024-12-16T10:33:07.000000,21486.303549999993,803.4407999999581,22289.74434999996
2024-12-16T10:33:17.000000,21478.820349999995,803.4407999999581,22282.261149999962
2024-12-16T10:33:27.000000,21471.337149999996,803.4407999999581,22274.777949999963
2024-12-16T10:33:37.000000,21479.659549999997,803.4407999999581,22283.100349999964
2024-12-16T10:33:42.000000,21479.980749999995,803.4407999999581,22283.421549999963
2024-12-16T10:33:47.000000,21496.304349999995,803.4407999999581,22299.745149999962
2024-12-16T10:34:12.000000,21500.813349999997,803.4407999999581,22304.254149999964
2024-12-16T10:34:17.000000,21499.32625,803.4407999999581,22302.767049999966
2024-12-16T10:34:32.000000,21471.55125,803.4407999999581,22274.992049999968
2024-12-16T10:34:37.000000,21438.7795,803.4407999999581,22242.220299999968
2024-12-16T10:34:47.000000,21431.2915,803.4407999999581,22234.732299999967
2024-12-16T10:34:47.000000,21383.5215,803.4407999999581,22186.962299999966
2024-12-16T10:34:52.000000,21335.7515,803.4407999999581,22139.192299999966
2024-12-16T10:34:57.000000,21322.267399999997,803.4407999999581,22125.708199999965
2024-12-16T10:35:02.000000,21296.786299999996,803.4407999999581,22100.227099999964
2024-12-16T10:35:02.000000,21239.018799999998,803.4407999999581,22042.459599999966
2024-12-16T10:35:07.000000,21219.5386,803.4407999999581,22022.979399999967
2024-12-16T10:35:12.000000,21200.0584,803.4407999999581,22003.49919999997
2024-12-16T10:36:07.000000,21168.586000000003,803.4407999999581,21972.02679999997
2024-12-16T10:37:57.000000,21145.851750000005,803.4407999999581,21949.292549999973
2024-12-16T10:40:12.000000,21145.851750000005,792.5313999999576,21938.383149999972
2024-12-16T10:41:27.000000,21148.097250000006,792.5313999999576,21940.628649999973
2024-12-16T10:41:32.000000,21155.343500000006,792.5313999999576,21947.874899999973
2024-12-16T10:41:37.000000,21157.589000000007,792.5313999999576,21950.120399999974
2024-12-16T10:41:42.000000,21159.834500000008,792.5313999999576,21952.365899999975
2024-12-16T10:41:47.000000,21162.07600000001,792.5313999999576,21954.607399999975
2024-12-16T10:41:52.000000,21164.31750000001,792.5313999999576,21956.848899999975
2024-12-16T10:41:57.000000,21176.56050000001,792.5313999999576,21969.091899999978
2024-12-16T10:42:02.000000,21183.80275000001,792.5313999999576,21976.334149999977
2024-12-16T10:42:07.000000,21196.045750000012,792.5313999999576,21988.57714999998
2024-12-16T10:42:12.000000,21208.288750000014,792.5313999999576,22000.82014999998
2024-12-16T10:42:17.000000,21230.810050000015,792.5313999999576,22023.34144999998
2024-12-16T10:42:17.000000,21248.049800000015,792.5313999999576,22040.581199999982
2024-12-16T10:42:22.000000,21264.575000000015,792.5313999999576,22057.106399999982
2024-12-16T10:42:22.000000,21360.763400000014,792.5313999999576,22153.29479999998
2024-12-16T10:42:27.000000,21377.288600000014,792.5313999999576,22169.81999999998
2024-12-16T10:42:27.000000,21389.527600000012,792.5313999999576,22182.05899999998
2024-12-16T10:42:32.000000,21412.048900000013,792.5313999999576,22204.58029999998
2024-12-16T10:42:32.000000,21419.287150000015,792.5313999999576,22211.81854999998
2024-12-16T10:42:37.000000,21436.522900000014,792.5313999999576,22229.05429999998
2024-12-16T10:42:42.000000,21463.756150000016,792.5313999999576,22256.287549999983
2024-12-16T10:42:47.000000,21492.278350000015,792.5313999999576,22284.809749999982
2024-12-16T10:42:52.000000,21514.804450000014,792.5313999999576,22307.33584999998
2024-12-16T10:42:52.000000,21537.036950000012,792.5313999999576,22329.56834999998
2024-12-16T10:43:07.000000,21564.270200000014,792.5313999999576,22356.80159999998
2024-12-16T10:43:32.000000,21576.505200000014,792.5313999999576,22369.03659999998
2024-12-16T10:43:37.000000,21588.740200000015,792.5313999999576,22381.271599999982
2024-12-16T10:43:42.000000,21600.975200000015,792.5313999999576,22393.506599999982
2024-12-16T10:43:47.000000,21608.213450000017,792.5313999999576,22400.744849999985
2024-12-16T10:43:52.000000,21618.73775000002,792.5313999999576,22411.269149999986
2024-12-16T10:44:02.000000,21620.975250000018,792.5313999999576,22413.506649999985
2024-12-16T10:44:12.000000,21653.339650000016,792.5313999999576,22445.871049999983
2024-12-16T10:44:17.000000,21650.576400000016,792.5313999999576,22443.107799999983
2024-12-16T10:46:57.000000,21650.576400000016,720.8545999999575,22371.430999999982
2024-12-16T10:49:22.000000,21628.844550000016,720.8545999999575,22349.699149999982
2024-12-16T10:52:22.000000,21628.844550000016,729.1385999999571,22357.983149999982
2024-12-16T10:52:57.000000,21628.844550000016,712.7212499999573,22341.565799999982
2024-12-16T10:58:22.000000,21628.844550000016,723.2143499999569,22352.05889999998
2024-12-16T10:58:27.000000,21628.844550000016,795.682349999957,22424.526899999983
2024-12-16T10:58:32.000000,21628.844550000016,848.1553499999575,22476.999899999984
2024-12-16T10:58:32.000000,21628.844550000016,858.648449999957,22487.492999999984
2024-12-16T10:59:42.000000,21628.844550000016,878.1500999999565,22506.994649999982
2024-12-16T10:59:47.000000,21628.844550000016,897.651749999956,22526.49629999998
2024-12-16T10:59:52.000000,21628.844550000016,917.1533999999555,22545.99794999998
2024-12-16T11:00:12.000000,21628.844550000016,927.6608999999551,22556.50544999998
2024-12-16T11:02:32.000000,21609.388350000016,927.6608999999551,22537.04924999998
2024-12-16T11:02:37.000000,21583.936050000015,927.6608999999551,22511.596949999977
2024-12-16T11:10:22.000000,21583.936050000015,780.1758999999545,22364.111949999977
2024-12-16T11:10:27.000000,21583.936050000015,632.6908999999539,22216.626949999976
2024-12-16T11:10:37.000000,21583.936050000015,475.2043999999536,22059.140449999977
2024-12-16T11:10:42.000000,21583.936050000015,317.71789999995326,21901.653949999978
2024-12-16T11:10:47.000000,21583.936050000015,170.23289999995268,21754.168949999977
2024-12-16T11:20:17.000000,21640.355250000015,170.23289999995268,21810.588149999978
2024-12-16T13:02:42.000000,21632.639250000015,170.23289999995268,21802.872149999977
2024-12-16T13:03:22.000000,21598.212000000014,170.23289999995268,21768.444899999977
2024-12-16T13:07:22.000000,21566.778000000013,170.23289999995268,21737.010899999976
2024-12-16T13:08:22.000000,21566.778000000013,186.74849999995217,21753.526499999974
2024-12-16T13:08:52.000000,21566.778000000013,239.25029999995195,21806.028299999973
2024-12-16T13:09:02.000000,21566.778000000013,261.6867999999531,21828.464799999972
2024-12-16T13:09:02.000000,21566.778000000013,302.19639999995314,21868.974399999974
2024-12-16T13:09:07.000000,21566.778000000013,324.6328999999543,21891.410899999973
2024-12-16T13:09:12.000000,21566.778000000013,347.06939999995546,21913.847399999973
2024-12-16T13:09:12.000000,21566.778000000013,399.57119999995524,21966.34919999997
2024-12-16T13:09:17.000000,21566.778000000013,412.0141999999566,21978.792199999974
2024-12-16T13:09:17.000000,21566.778000000013,464.5255999999574,22031.303599999974
2024-12-16T13:09:27.000000,21566.778000000013,486.97009999995856,22053.748099999975
2024-12-16T13:09:27.000000,21566.778000000013,539.4814999999594,22106.259499999975
2024-12-16T13:09:32.000000,21566.778000000013,561.9259999999605,22128.703999999976
2024-12-16T13:09:32.000000,21566.778000000013,614.4373999999614,22181.215399999975
2024-12-16T13:12:47.000000,21529.343100000013,614.4373999999614,22143.780499999975
2024-12-16T13:14:52.000000,21529.343100000013,687.537399999961,22216.880499999974
2024-12-16T13:14:52.000000,21529.343100000013,760.6373999999607,22289.980499999972
2024-12-16T13:14:52.000000,21529.343100000013,845.7295999999595,22375.07269999997
2024-12-16T13:14:52.000000,21529.343100000013,938.8165999999595,22468.15969999997
2024-12-16T13:14:52.000000,21529.343100000013,1019.911399999959,22549.25449999997
2024-12-16T13:14:52.000000,21529.343100000013,1093.0113999999587,22622.35449999997
2024-12-16T13:14:52.000000,21529.343100000013,1154.119199999958,22683.462299999966
2024-12-16T13:14:52.000000,21529.343100000013,1203.2347999999567,22732.577899999964
2024-12-16T13:16:37.000000,21503.919600000012,1203.2347999999567,22707.154399999963
2024-12-16T13:16:42.000000,21478.49610000001,1203.2347999999567,22681.730899999962
2024-12-16T13:17:12.000000,21447.07650000001,1203.2347999999567,22650.31129999996
2024-12-16T13:18:42.000000,21403.66950000001,1203.2347999999567,22606.904299999962
2024-12-16T13:18:47.000000,21360.26250000001,1203.2347999999567,22563.497299999963
2024-12-16T13:20:07.000000,21322.86120000001,1203.2347999999567,22526.09599999996
2024-12-16T13:21:32.000000,21279.45420000001,1203.2347999999567,22482.688999999962
2024-12-16T13:24:42.000000,21236.67760000001,1203.2347999999567,22439.91239999996
2024-12-16T13:24:47.000000,21201.89900000001,1203.2347999999567,22405.13379999996
2024-12-16T13:25:12.000000,21179.11900000001,1203.2347999999567,22382.35379999996
2024-12-16T13:25:32.000000,21152.34480000001,1203.2347999999567,22355.57959999996
2024-12-16T13:25:37.000000,21125.57060000001,1203.2347999999567,22328.80539999996
2024-12-16T13:29:12.000000,21158.79580000001,1203.2347999999567,22362.030599999962
2024-12-16T13:29:12.000000,21191.55060000001,1203.2347999999567,22394.78539999996
2024-12-16T13:29:17.000000,21220.77520000001,1203.2347999999567,22424.009999999962
2024-12-16T13:29:22.000000,21245.99600000001,1203.2347999999567,22449.23079999996
2024-12-16T13:31:02.000000,21290.09980000001,1203.2347999999567,22493.334599999962
2024-12-16T13:31:22.000000,21290.09980000001,1235.712799999956,22525.81259999996
2024-12-16T13:31:42.000000,21290.09980000001,1238.2102999999556,22528.310099999962
2024-12-16T13:31:52.000000,21290.09980000001,1250.709299999957,22540.809099999962
2024-12-16T13:31:52.000000,21290.09980000001,1263.2082999999584,22553.308099999962
2024-12-16T13:31:57.000000,21290.09980000001,1275.7072999999598,22565.80709999996
2024-12-16T13:32:22.000000,21280.27375000001,1275.7072999999598,22555.981049999962
2024-12-16T13:34:37.000000,21280.27375000001,1244.2876999999603,22524.56144999996
2024-12-16T13:34:47.000000,21280.27375000001,1224.8650999999606,22505.138849999963
2024-12-16T13:35:12.000000,21280.27375000001,1121.5802999999598,22401.85404999996
2024-12-16T13:35:17.000000,21280.27375000001,1010.3006999999592,22290.57444999996
2024-12-16T13:37:47.000000,21280.27375000001,991.5148999999587,22271.78864999996
2024-12-16T13:37:52.000000,21280.27375000001,976.726499999959,22257.000249999957
2024-12-16T13:37:57.000000,21280.27375000001,957.9406999999585,22238.214449999956
2024-12-16T13:38:27.000000,21280.27375000001,902.6502999999595,22182.924049999958
2024-12-16T13:39:02.000000,21280.27375000001,871.3442999999601,22151.618049999957
2024-12-16T13:39:22.000000,21280.27375000001,856.0278999999603,22136.301649999958
2024-12-16T13:39:27.000000,21280.27375000001,840.705099999959,22120.978849999956
2024-12-16T13:39:32.000000,21280.27375000001,833.383499999959,22113.657249999957
2024-12-16T13:39:37.000000,21280.27375000001,826.055499999959,22106.329249999955
2024-12-16T13:39:42.000000,21280.27375000001,834.72349999996,22114.997249999957
2024-12-16T13:39:47.000000,21280.27375000001,835.3966999999612,22115.670449999958
2024-12-16T13:40:02.000000,21280.27375000001,836.0762999999611,22116.350049999957
2024-12-16T13:40:02.000000,21376.38535000001,836.0762999999611,22212.461649999957
2024-12-16T13:40:07.000000,21376.38535000001,844.7442999999621,22221.12964999996
2024-12-16T13:40:07.000000,21472.49695000001,844.7442999999621,22317.24124999996
2024-12-16T13:40:17.000000,21472.49695000001,873.9400999999621,22346.43704999996
2024-12-16T13:40:17.000000,21472.49695000001,906.6052999999627,22379.10224999996
2024-12-16T13:40:22.000000,21472.49695000001,923.8056999999635,22396.30264999996
2024-12-16T13:40:27.000000,21472.49695000001,937.0086999999638,22409.505649999963
2024-12-16T13:40:32.000000,21472.49695000001,954.2122999999633,22426.709249999964
2024-12-16T13:40:37.000000,21472.49695000001,971.4158999999628,22443.912849999964
2024-12-16T13:42:17.000000,21472.49695000001,933.9857999999634,22406.482749999966
2024-12-16T13:43:07.000000,21472.49695000001,975.2025999999624,22447.699549999965
2024-12-16T13:44:57.000000,21472.49695000001,913.6560999999635,22386.153049999964
2024-12-16T13:45:07.000000,21472.49695000001,843.1010499999633,22315.597999999965
2024-12-16T13:45:17.000000,21472.49695000001,745.5563499999636,22218.053299999967
2024-12-16T13:47:12.000000,21472.49695000001,846.1709499999633,22318.667899999968
2024-12-16T13:47:17.000000,21472.49695000001,958.7873499999629,22431.284299999967
2024-12-16T13:47:22.000000,21472.49695000001,1047.4001499999629,22519.897099999966
2024-12-16T13:47:27.000000,21472.49695000001,1124.0207499999633,22596.517699999968
2024-12-16T13:47:32.000000,21472.49695000001,1194.0348499999639,22666.531799999968
2024-12-16T13:47:37.000000,21472.49695000001,1174.5978499999642,22647.09479999997
2024-12-16T13:47:37.000000,21472.49695000001,1244.6223499999637,22717.11929999997
2024-12-16T13:47:42.000000,21472.49695000001,1301.6656999999634,22774.16264999997
2024-12-16T13:47:47.000000,21472.49695000001,1332.7259499999636,22805.222899999968
2024-12-16T13:47:52.000000,21472.49695000001,1363.7861999999639,22836.283149999967
2024-12-16T13:47:57.000000,21472.49695000001,1394.846449999964,22867.343399999965
2024-12-16T13:49:17.000000,21465.21775000001,1394.846449999964,22860.064199999964
2024-12-16T13:49:57.000000,21465.21775000001,1443.5652499999644,22908.782999999963
2024-12-16T13:50:32.000000,21465.21775000001,1394.0901499999643,22859.307899999963
2024-12-16T13:51:27.000000,21465.21775000001,1422.7803499999636,22887.998099999964
2024-12-16T13:51:48.000000,21440.307850000012,1422.7803499999636,22863.088199999966
2024-12-16T13:53:57.000000,21440.307850000012,1410.023599999963,22850.331449999965
2024-12-16T13:54:02.000000,21440.307850000012,1402.263599999963,22842.571449999967
2024-12-16T13:54:17.000000,21440.307850000012,1367.6491499999636,22807.956999999966
2024-12-16T13:55:07.000000,21440.307850000012,1360.1515499999637,22800.459399999967
2024-12-16T13:55:12.000000,21440.307850000012,1460.4853499999629,22900.793199999967
2024-12-16T13:57:22.000000,21440.307850000012,1409.729949999963,22850.03779999997
2024-12-16T13:57:27.000000,21440.307850000012,1346.9759499999643,22787.283799999972
2024-12-16T13:57:32.000000,21440.307850000012,1260.2215499999645,22700.529399999974
2024-12-16T13:57:37.000000,21440.307850000012,1153.4737499999644,22593.781599999973
2024-12-16T13:59:17.000000,21440.307850000012,1165.720749999964,22606.028599999972
2024-12-16T13:59:22.000000,21440.307850000012,1172.9709999999627,22613.27884999997
2024-12-16T14:00:32.000000,21440.307850000012,1182.2021999999624,22622.510049999968
2024-12-16T14:00:37.000000,21440.307850000012,1154.7191999999611,22595.027049999968
2024-12-16T14:01:37.000000,21440.307850000012,1027.936399999961,22468.244249999967
2024-12-16T14:01:42.000000,21440.307850000012,869.1551999999613,22309.463049999966
2024-12-16T14:03:22.000000,21440.307850000012,826.3113999999613,22266.619249999967
2024-12-16T14:03:32.000000,21440.307850000012,795.4789999999604,22235.786849999968
2024-12-16T14:03:37.000000,21440.307850000012,760.6491999999603,22200.957049999968
2024-12-16T14:10:47.000000,21406.09660000001,760.6491999999603,22166.745799999968
2024-12-16T14:10:57.000000,21380.87230000001,760.6491999999603,22141.521499999966
2024-12-16T14:11:07.000000,21346.65385000001,760.6491999999603,22107.303049999966
2024-12-16T14:12:12.000000,21353.92410000001,760.6491999999603,22114.573299999967
2024-12-16T14:12:22.000000,21366.19110000001,760.6491999999603,22126.840299999967
2024-12-16T14:12:27.000000,21388.455600000012,760.6491999999603,22149.10479999997
2024-12-16T14:12:32.000000,21405.727350000012,760.6491999999603,22166.376549999968
2024-12-16T14:14:17.000000,21442.99410000001,760.6491999999603,22203.643299999967
2024-12-16T14:15:42.000000,21448.21830000001,760.6491999999603,22208.867499999968
2024-12-16T14:15:47.000000,21461.43730000001,760.6491999999603,22222.086499999965
2024-12-16T14:17:12.000000,21502.67010000001,760.6491999999603,22263.319299999966
2024-12-16T14:17:17.000000,21543.902900000012,760.6491999999603,22304.552099999968
2024-12-16T14:18:42.000000,21543.902900000012,765.72634999996,22309.62924999997
2024-12-16T14:19:22.000000,21543.902900000012,770.7930999999597,22314.695999999967
2024-12-16T14:20:27.000000,21543.902900000012,768.0000999999604,22311.90299999997
2024-12-16T14:20:32.000000,21543.902900000012,733.385649999961,22277.28854999997
2024-12-16T14:22:07.000000,21543.902900000012,713.9102499999613,22257.81314999997
2024-12-16T14:22:37.000000,21543.902900000012,676.4417499999619,22220.34464999997
2024-12-16T14:22:57.000000,21543.902900000012,638.9780499999625,22182.88094999997
2024-12-16T14:23:22.000000,21543.902900000012,651.5170499999621,22195.41994999997
2024-12-16T14:23:47.000000,21543.902900000012,674.0575499999615,22217.96044999997
2024-12-16T14:23:57.000000,21543.902900000012,706.5995499999606,22250.502449999967
2024-12-16T14:26:02.000000,21543.902900000012,747.278749999961,22291.181649999966
2024-12-16T14:26:17.000000,21543.902900000012,739.989149999961,22283.892049999966
2024-12-16T14:26:37.000000,21543.902900000012,708.6959499999615,22252.598849999966
2024-12-16T14:27:42.000000,21543.902900000012,687.7379999999617,22231.640899999966
2024-12-16T14:39:37.000000,21543.902900000012,653.8924999999612,22197.795399999966
2024-12-16T14:40:02.000000,21543.902900000012,652.4389999999621,22196.341899999967
2024-12-16T14:40:07.000000,21543.902900000012,644.9893999999621,22188.892299999967
2024-12-16T14:40:07.000000,21543.902900000012,507.1490999999625,22051.051999999967
2024-12-16T14:40:12.000000,21543.902900000012,499.69949999996254,22043.602399999967
2024-12-16T14:40:17.000000,21543.902900000012,498.2459999999635,22042.148899999967
2024-12-16T14:59:55.000000,21497.004900000014,498.2459999999635,21995.25089999997
2024-12-16T14:59:55.000000,21425.103150000014,498.2459999999635,21923.34914999997
2024-12-16T14:59:55.000000,21418.211150000014,498.2459999999635,21916.45714999997
2024-12-16T14:59:55.000000,21411.319150000014,498.2459999999635,21909.56514999997
2024-12-17T09:54:02.000000,21424.864550000013,498.2459999999635,21923.11054999997
2024-12-17T09:54:07.000000,21430.418350000014,498.2459999999635,21928.66434999997
2024-12-17T09:54:12.000000,21451.974550000014,498.2459999999635,21950.22054999997
2024-12-17T09:54:17.000000,21469.526950000014,498.2459999999635,21967.77294999997
2024-12-17T09:54:22.000000,21209.885950000014,498.2459999999635,21708.13194999997
2024-12-17T09:54:22.000000,21218.105950000016,498.2459999999635,21716.35194999997
2024-12-17T09:54:27.000000,20958.464950000016,498.2459999999635,21456.71094999997
2024-12-17T09:54:27.000000,20950.682550000016,498.2459999999635,21448.92854999997
2024-12-17T09:54:27.000000,21012.629050000018,498.2459999999635,21510.875049999973
2024-12-17T09:54:32.000000,20950.056800000017,498.2459999999635,21448.302799999972
2024-12-17T09:54:32.000000,20938.273800000017,498.2459999999635,21436.519799999973
2024-12-17T09:54:32.000000,21000.228300000017,498.2459999999635,21498.474299999973
2024-12-17T09:54:37.000000,20937.656050000016,498.2459999999635,21435.90204999997
2024-12-17T09:54:37.000000,20907.089250000015,498.2459999999635,21405.33524999997
2024-12-17T09:54:37.000000,20880.523050000018,498.2459999999635,21378.769049999974
2024-12-17T09:54:37.000000,20665.86000000002,498.2459999999635,21164.105999999974
2024-12-17T09:54:37.000000,20654.07700000002,498.2459999999635,21152.322999999975
2024-12-17T09:54:37.000000,20683.63760000002,498.2459999999635,21181.883599999976
2024-12-17T09:54:42.000000,20631.06285000002,498.2459999999635,21129.308849999976
2024-12-17T09:54:42.000000,20592.49805000002,498.2459999999635,21090.744049999976
2024-12-17T09:54:42.000000,20359.86110000002,498.2459999999635,20858.107099999976
2024-12-17T09:54:47.000000,20302.28960000002,498.2459999999635,20800.535599999974
2024-12-17T09:54:47.000000,20096.635100000018,498.2459999999635,20594.881099999973
2024-12-17T09:54:57.000000,19962.969800000017,498.2459999999635,20461.215799999973
2024-12-17T09:54:57.000000,20000.52200000002,498.2459999999635,20498.767999999975
2024-12-17T09:55:02.000000,20034.073600000018,498.2459999999635,20532.319599999973
2024-12-17T09:55:07.000000,20019.502800000017,498.2459999999635,20517.748799999972
2024-12-17T09:55:07.000000,19966.828050000015,498.2459999999635,20465.07404999997
2024-12-17T09:55:07.000000,19999.026050000015,498.2459999999635,20497.27204999997
2024-12-17T09:55:07.000000,20016.578450000015,498.2459999999635,20514.82444999997
2024-12-17T09:55:12.000000,19891.900100000017,498.2459999999635,20390.146099999973
2024-12-17T09:55:22.000000,19794.21860000002,498.2459999999635,20292.464599999974
2024-12-17T09:55:27.000000,19838.402400000017,498.2459999999635,20336.648399999973
2024-12-17T09:55:42.000000,19845.804650000016,498.2459999999635,20344.050649999972
2024-12-17T09:55:47.000000,19853.198900000014,498.2459999999635,20351.44489999997
2024-12-17T09:55:52.000000,19860.601150000013,498.2459999999635,20358.84714999997
2024-12-17T09:56:02.000000,19878.000900000014,498.2459999999635,20376.24689999997
2024-12-17T09:56:07.000000,19885.39515000001,498.2459999999635,20383.641149999967
2024-12-17T09:56:12.000000,19882.783900000013,498.2459999999635,20381.02989999997
2024-12-17T09:56:22.000000,19880.16865000001,498.2459999999635,20378.414649999966
2024-12-17T09:56:27.000000,19892.54365000001,498.2459999999635,20390.789649999966
2024-12-17T09:56:32.000000,19914.916150000012,498.2459999999635,20413.162149999967
2024-12-17T09:56:37.000000,19942.28540000001,498.2459999999635,20440.531399999967
2024-12-17T09:56:42.000000,19974.651400000013,498.2459999999635,20472.89739999997
2024-12-17T09:56:47.000000,20007.021400000012,498.2459999999635,20505.267399999968
2024-12-17T09:56:52.000000,20029.393900000014,498.2459999999635,20527.63989999997
2024-12-17T09:56:57.000000,20056.767150000014,498.2459999999635,20555.01314999997
2024-12-17T09:57:02.000000,20084.140400000015,498.2459999999635,20582.38639999997
2024-12-17T09:57:07.000000,20116.510400000014,498.2459999999635,20614.75639999997
2024-12-17T09:57:17.000000,20138.882900000015,498.2459999999635,20637.12889999997
2024-12-17T09:57:32.000000,20171.256900000015,498.2459999999635,20669.50289999997
2024-12-17T09:57:37.000000,20208.627650000013,498.2459999999635,20706.87364999997
2024-12-17T09:57:42.000000,20250.99915000001,498.2459999999635,20749.245149999966
2024-12-17T09:57:47.000000,20293.370650000008,498.2459999999635,20791.616649999964
2024-12-17T09:58:02.000000,20360.73390000001,498.2459999999635,20858.979899999966
2024-12-17T09:58:07.000000,20438.090650000013,498.2459999999635,20936.33664999997
2024-12-17T09:58:12.000000,20525.448900000014,498.2459999999635,21023.69489999997
2024-12-17T09:58:17.000000,20622.804650000013,498.2459999999635,21121.05064999997
2024-12-17T09:58:22.000000,20725.157150000014,498.2459999999635,21223.40314999997
2024-12-17T09:58:27.000000,20837.507150000016,498.2459999999635,21335.75314999997
2024-12-17T09:58:32.000000,20954.857900000017,498.2459999999635,21453.103899999973
2024-12-17T09:58:37.000000,21082.206150000016,498.2459999999635,21580.452149999972
2024-12-17T09:58:42.000000,21189.555400000016,498.2459999999635,21687.80139999997
2024-12-17T09:58:47.000000,21286.907150000017,498.2459999999635,21785.153149999973
2024-12-17T09:58:52.000000,21389.259650000018,498.2459999999635,21887.505649999974
2024-12-17T09:58:57.000000,21481.61465000002,498.2459999999635,21979.860649999977
2024-12-17T09:59:07.000000,21588.971900000022,498.2459999999635,22087.217899999978
2024-12-17T09:59:12.000000,21696.329150000023,498.2459999999635,22194.57514999998
2024-12-17T09:59:17.000000,21798.689650000022,498.2459999999635,22296.935649999978
2024-12-17T09:59:22.000000,21896.053400000023,498.2459999999635,22394.299399999978
2024-12-17T09:59:57.000000,21998.401900000023,498.2459999999635,22496.647899999978
2024-12-17T10:00:02.000000,22100.750400000023,498.2459999999635,22598.996399999978
2024-12-17T10:00:07.000000,22218.085150000024,498.2459999999635,22716.33114999998
2024-12-17T10:00:12.000000,22282.655950000026,498.2459999999635,22780.90194999998
2024-12-17T10:00:12.000000,22384.996450000028,498.2459999999635,22883.242449999983
2024-12-17T10:00:17.000000,22472.338700000026,498.2459999999635,22970.58469999998
2024-12-17T10:00:22.000000,22564.677700000026,498.2459999999635,23062.92369999998
2024-12-17T10:00:42.000000,22632.020950000027,498.2459999999635,23130.266949999983
2024-12-17T10:00:47.000000,22699.36420000003,498.2459999999635,23197.610199999985
2024-12-17T10:00:52.000000,22756.70995000003,498.2459999999635,23254.955949999985
2024-12-17T10:01:22.000000,22819.04445000003,498.2459999999635,23317.290449999986
2024-12-17T10:05:27.000000,22819.04445000003,530.7159999999626,23349.760449999983
2024-12-17T10:05:32.000000,22819.04445000003,543.1989999999622,23362.243449999984
2024-12-17T10:07:07.000000,22819.04445000003,565.6794999999615,23384.72394999998
2024-12-17T10:08:47.000000,22819.04445000003,583.1672499999601,23402.21169999998
2024-12-17T10:08:52.000000,22819.04445000003,494.3862999999602,23313.43074999998
2024-12-17T10:13:12.000000,22819.04445000003,346.83729999995967,23165.881749999982
2024-12-17T10:13:17.000000,22819.04445000003,249.2557999999598,23068.300249999982
2024-12-17T10:13:22.000000,22819.04445000003,295.43029999996025,23114.474749999983
2024-12-17T10:13:27.000000,22819.04445000003,314.6223499999597,23133.66679999998
2024-12-17T10:17:37.000000,22819.04445000003,307.2015499999597,23126.24599999998
2024-12-17T10:17:42.000000,22819.04445000003,299.7807499999597,23118.82519999998
2024-12-17T10:17:47.000000,22819.04445000003,292.3599499999597,23111.40439999998
2024-12-17T10:17:52.000000,22819.04445000003,284.9439499999597,23103.98839999998
2024-12-17T10:17:57.000000,22819.04445000003,283.52884999996064,23102.573299999982
2024-12-17T10:18:02.000000,22819.04445000003,276.11764999996063,23095.162099999983
2024-12-17T10:18:27.000000,22819.04445000003,328.4946499999611,23147.539099999984
2024-12-17T10:18:32.000000,22819.04445000003,380.8716499999616,23199.916099999984
2024-12-17T10:19:17.000000,22819.04445000003,373.20764999996163,23192.252099999983
2024-12-17T10:24:12.000000,22819.04445000003,463.6511499999608,23282.69559999998
2024-12-17T10:24:17.000000,22819.04445000003,462.22644999996066,23281.27089999998
2024-12-17T10:26:22.000000,22819.04445000003,506.4396999999612,23325.484149999982
2024-12-17T10:28:22.000000,22703.41785000003,506.4396999999612,23209.857549999982
2024-12-17T10:28:37.000000,22605.786750000032,506.4396999999612,23112.226449999984
2024-12-17T10:29:37.000000,22580.15205000003,506.4396999999612,23086.59174999998
2024-12-17T10:30:07.000000,22581.53580000003,506.4396999999612,23087.975499999982
2024-12-17T10:30:12.000000,22600.91505000003,506.4396999999612,23107.35474999998
2024-12-17T10:30:22.000000,22602.28440000003,506.4396999999612,23108.72409999998
2024-12-17T10:31:02.000000,22571.55120000003,506.4396999999612,23077.990899999983
2024-12-17T10:31:12.000000,22571.55120000003,540.8971999999616,23112.448399999983
2024-12-17T10:32:17.000000,22552.81500000003,540.8971999999616,23093.712199999984
2024-12-17T10:32:17.000000,22537.07925000003,540.8971999999616,23077.976449999984
2024-12-17T10:32:17.000000,22521.34350000003,540.8971999999616,23062.240699999984
2024-12-17T10:32:22.000000,22511.60625000003,540.8971999999616,23052.503449999982
2024-12-17T10:32:27.000000,22501.869000000028,540.8971999999616,23042.76619999998
2024-12-17T10:32:32.000000,22492.131750000026,540.8971999999616,23033.028949999978
2024-12-17T10:32:37.000000,22485.394950000027,540.8971999999616,23026.29214999998
2024-12-17T10:32:42.000000,22478.65815000003,540.8971999999616,23019.55534999998
2024-12-17T10:32:47.000000,22471.92135000003,540.8971999999616,23012.81854999998
2024-12-17T10:32:52.000000,22465.18695000003,540.8971999999616,23006.08414999998
2024-12-17T10:33:02.000000,22455.45450000003,540.8971999999616,22996.35169999998
2024-12-17T10:33:02.000000,22448.72250000003,540.8971999999616,22989.61969999998
2024-12-17T10:33:07.000000,22444.99095000003,540.8971999999616,22985.88814999998
2024-12-17T10:33:17.000000,22417.111800000028,540.8971999999616,22958.00899999998
2024-12-17T10:33:17.000000,22404.38610000003,540.8971999999616,22945.28329999998
2024-12-17T10:33:22.000000,22394.658450000028,540.8971999999616,22935.55564999998
2024-12-17T10:33:27.000000,22363.78125000003,540.8971999999616,22904.67844999998
2024-12-17T10:33:27.000000,22345.05945000003,540.8971999999616,22885.956649999982
2024-12-17T10:33:32.000000,22314.18225000003,540.8971999999616,22855.079449999983
2024-12-17T10:33:32.000000,22298.46090000003,540.8971999999616,22839.358099999983
2024-12-17T10:33:37.000000,22261.58520000003,540.8971999999616,22802.482399999983
2024-12-17T10:33:37.000000,22248.86430000003,540.8971999999616,22789.761499999982
2024-12-17T10:33:42.000000,22208.99055000003,540.8971999999616,22749.887749999983
2024-12-17T10:33:42.000000,22196.26965000003,540.8971999999616,22737.166849999983
2024-12-17T10:33:47.000000,22183.54875000003,540.8971999999616,22724.445949999983
2024-12-17T10:33:52.000000,22167.82740000003,540.8971999999616,22708.724599999983
2024-12-17T10:33:57.000000,22152.108450000032,540.8971999999616,22693.005649999985
2024-12-17T10:34:02.000000,22121.231250000033,540.8971999999616,22662.128449999986
2024-12-17T10:34:02.000000,22102.514250000033,540.8971999999616,22643.411449999985
2024-12-17T10:34:07.000000,22083.799650000034,540.8971999999616,22624.696849999986
2024-12-17T10:34:12.000000,22065.085050000034,540.8971999999616,22605.982249999986
2024-12-17T10:34:17.000000,22043.370000000035,540.8971999999616,22584.267199999987
2024-12-17T10:34:22.000000,22003.659450000036,540.8971999999616,22544.556649999988
2024-12-17T10:34:22.000000,21932.033850000036,540.8971999999616,22472.93104999999
2024-12-17T10:34:27.000000,21886.324800000035,540.8971999999616,22427.221999999987
2024-12-17T10:34:32.000000,21837.615300000034,540.8971999999616,22378.512499999986
2024-12-17T10:34:37.000000,21782.909700000033,540.8971999999616,22323.806899999985
2024-12-17T10:35:42.000000,21749.034450000032,540.8971999999616,22289.931649999984
2024-12-17T10:35:47.000000,21712.15875000003,540.8971999999616,22253.055949999984
2024-12-17T10:35:52.000000,21675.28305000003,540.8971999999616,22216.180249999983
2024-12-17T10:35:52.000000,21675.28305000003,453.3491999999615,22128.632249999984
2024-12-17T10:35:57.000000,21675.28305000003,375.7946999999612,22051.077749999982
2024-12-17T10:36:02.000000,21675.28305000003,288.2386999999611,21963.52174999998
2024-12-17T10:36:07.000000,21675.28305000003,200.68269999996105,21875.96574999998
2024-12-17T10:36:12.000000,21675.28305000003,113.13469999996097,21788.417749999982
2024-12-17T10:36:17.000000,21675.28305000003,35.58819999996069,21710.871249999982
2024-12-17T10:36:22.000000,21675.28305000003,-51.951800000039384,21623.33124999998
2024-12-17T10:36:27.000000,21675.28305000003,-139.48380000003945,21535.799249999982
2024-12-17T10:36:32.000000,21675.28305000003,-227.01580000003952,21448.267249999983
2024-12-17T10:36:37.000000,21675.28305000003,-304.5463000000398,21370.736749999982
2024-12-17T10:36:42.000000,21675.28305000003,-372.0673000000403,21303.21574999998
2024-12-17T10:36:47.000000,21675.28305000003,-370.69795000004046,21304.585099999982
2024-12-17T10:37:17.000000,21626.41755000003,-370.69795000004046,21255.719599999982
2024-12-17T10:38:02.000000,21626.41755000003,-336.2292500000401,21290.188299999983
2024-12-17T10:38:17.000000,21626.41755000003,-343.73325000004013,21282.684299999983
2024-12-17T10:38:42.000000,21626.41755000003,-315.3742500000393,21311.043299999983
2024-12-17T10:40:42.000000,21601.73565000003,-315.3742500000393,21286.361399999983
2024-12-17T10:42:27.000000,21562.06110000003,-315.3742500000393,21246.686849999984
2024-12-17T10:42:37.000000,21519.39090000003,-315.3742500000393,21204.016649999983
2024-12-17T10:42:57.000000,21485.719650000032,-315.3742500000393,21170.345399999984
2024-12-17T10:43:27.000000,21464.05020000003,-315.3742500000393,21148.675949999983
2024-12-17T10:43:32.000000,21442.38075000003,-315.3742500000393,21127.00649999998
2024-12-17T10:43:47.000000,21420.70410000003,-315.3742500000393,21105.329849999984
2024-12-17T10:44:07.000000,21399.027450000034,-315.3742500000393,21083.653199999986
2024-12-17T10:49:47.000000,21436.114200000033,-315.3742500000393,21120.739949999985
2024-12-17T10:49:52.000000,21458.198700000034,-315.3742500000393,21142.824449999986
2024-12-17T10:49:57.000000,21510.287700000034,-315.3742500000393,21194.913449999985
2024-12-17T10:50:07.000000,21577.366950000032,-315.3742500000393,21261.992699999984
2024-12-17T10:50:12.000000,21614.45370000003,-315.3742500000393,21299.079449999983
2024-12-17T10:50:27.000000,21621.52395000003,-315.3742500000393,21306.149699999984
2024-12-17T10:51:17.000000,21621.011250000032,-315.3742500000393,21305.636999999984
2024-12-17T10:51:57.000000,21611.49720000003,-315.3742500000393,21296.122949999983
2024-12-17T10:52:02.000000,21610.98210000003,-315.3742500000393,21295.607849999982
2024-12-17T10:52:12.000000,21607.46415000003,-315.3742500000393,21292.08989999998
2024-12-17T10:52:17.000000,21600.04335000003,-315.3742500000393,21284.66909999998
2024-12-17T10:52:27.000000,21727.09560000003,-315.3742500000393,21411.72134999998
2024-12-17T10:52:52.000000,21707.67300000003,-315.3742500000393,21392.298749999984
2024-12-17T10:53:27.000000,21688.250400000034,-315.3742500000393,21372.876149999986
2024-12-17T10:56:27.000000,21662.630100000035,-315.3742500000393,21347.255849999987
2024-12-17T10:57:57.000000,21662.630100000035,-353.35875000003864,21309.271349999988
2024-12-17T10:58:32.000000,21662.630100000035,-332.83615000003925,21329.79394999999
2024-12-17T10:58:42.000000,21662.630100000035,-312.31355000003987,21350.31654999999
2024-12-17T10:59:52.000000,21662.630100000035,-179.8413500000404,21482.78874999999
2024-12-17T11:00:07.000000,21662.630100000035,-61.36005000004059,21601.27004999999
2024-12-17T11:00:12.000000,21662.630100000035,29.139449999958558,21691.769549999986
2024-12-17T11:00:17.000000,21662.630100000035,105.64804999995802,21768.278149999987
2024-12-17T11:00:22.000000,21662.630100000035,182.1566499999575,21844.78674999999
2024-12-17T11:01:07.000000,21662.630100000035,94.46464999995777,21757.09474999999
2024-12-17T11:01:17.000000,21662.630100000035,-9.223350000041606,21653.40674999999
2024-12-17T11:01:22.000000,21662.630100000035,-112.91135000004098,21549.718749999993
2024-12-17T11:02:02.000000,21662.630100000035,-106.36845000004128,21556.261649999993
2024-12-17T11:02:17.000000,21662.630100000035,-85.83465000004188,21576.795449999994
2024-12-17T11:02:27.000000,21662.630100000035,-63.83415000004251,21598.795949999992
2024-12-17T11:02:37.000000,21662.630100000035,-56.82390000004283,21605.80619999999
2024-12-17T11:02:42.000000,21662.630100000035,-64.81590000004283,21597.814199999993
2024-12-17T11:02:47.000000,21662.630100000035,-72.80790000004284,21589.822199999995
2024-12-17T11:02:52.000000,21662.630100000035,-80.79990000004284,21581.830199999997
2024-12-17T11:03:02.000000,21734.898100000035,-80.79990000004284,21654.098199999997
2024-12-17T11:03:22.000000,21734.898100000035,-58.77540000004215,21676.122699999996
2024-12-17T11:03:37.000000,21739.479100000037,-58.77540000004215,21680.7037
2024-12-17T11:04:12.000000,21739.479100000037,-86.33840000004173,21653.1407
2024-12-17T11:04:17.000000,21739.479100000037,-103.90790000004151,21635.5712
2024-12-17T11:04:22.000000,21739.479100000037,-121.47740000004129,21618.001699999997
2024-12-17T11:04:42.000000,21756.052300000036,-121.47740000004129,21634.574899999996
2024-12-17T11:04:57.000000,21772.625500000035,-121.47740000004129,21651.148099999995
2024-12-17T11:05:12.000000,21777.196900000035,-121.47740000004129,21655.719499999996
2024-12-17T11:05:17.000000,21781.768300000036,-121.47740000004129,21660.290899999996
2024-12-17T11:05:27.000000,21786.339700000037,-121.47740000004129,21664.862299999997
2024-12-17T11:05:32.000000,21778.909300000036,-121.47740000004129,21657.431899999996
2024-12-17T11:06:22.000000,21759.486700000038,-121.47740000004129,21638.009299999998
2024-12-17T11:06:57.000000,21728.062300000038,-121.47740000004129,21606.584899999998
2024-12-17T11:07:37.000000,21728.062300000038,-128.82140000004128,21599.240899999997
2024-12-17T11:07:42.000000,21728.062300000038,-154.4921000000409,21573.5702
2024-12-17T11:08:05.000000,21728.062300000038,-162.1001000000409,21565.962199999998
2024-12-17T11:08:07.000000,21728.062300000038,-184.71035000004147,21543.351949999997
2024-12-17T11:08:17.000000,21728.062300000038,-212.31335000004105,21515.748949999997
2024-12-17T11:09:42.000000,21728.062300000038,-238.01285000004228,21490.049449999995
2024-12-17T11:09:47.000000,21728.062300000038,-263.7123500000435,21464.349949999993
2024-12-17T11:12:47.000000,21728.062300000038,-285.1848500000432,21442.877449999993
2024-12-17T11:20:47.000000,21728.062300000038,-352.7778500000437,21375.284449999992
2024-12-17T11:22:42.000000,21728.062300000038,-320.39585000004456,21407.66644999999
2024-12-17T11:22:47.000000,21728.062300000038,-298.0073500000452,21430.05494999999
2024-12-17T11:22:52.000000,21728.062300000038,-265.62535000004607,21462.43694999999
2024-12-17T13:06:42.000000,21728.062300000038,-301.1335500000455,21426.92874999999
2024-12-17T13:09:12.000000,21728.062300000038,-292.9833000000453,21435.078999999987
2024-12-17T13:09:12.000000,21728.062300000038,-290.5498000000455,21437.512499999986
2024-12-17T13:09:17.000000,21728.062300000038,-288.3980500000462,21439.664249999987
2024-12-17T13:09:17.000000,21728.062300000038,-285.9645500000464,21442.097749999986
2024-12-17T13:10:52.000000,21728.062300000038,-279.48885000004674,21448.573449999985
2024-12-17T13:13:52.000000,21728.062300000038,-307.05185000004633,21421.010449999987
2024-12-17T13:13:57.000000,21725.67905000004,-307.05185000004633,21418.627199999988
2024-12-17T13:16:52.000000,21725.67905000004,-328.55795000004605,21397.12109999999
2024-12-17T13:18:52.000000,21725.67905000004,-296.11995000004515,21429.55909999999
2024-12-17T13:18:57.000000,21725.67905000004,-263.68195000004425,21461.997099999993
2024-12-17T13:19:17.000000,21725.67905000004,-231.24395000004333,21494.435099999995
2024-12-17T13:19:22.000000,21725.67905000004,-226.52375000004358,21499.155299999995
2024-12-17T13:19:22.000000,21725.67905000004,-204.07925000004244,21521.599799999996
2024-12-17T13:19:27.000000,21725.67905000004,-181.6347500000413,21544.044299999998
2024-12-17T13:19:37.000000,21725.67905000004,-149.1887500000404,21576.490299999998
2024-12-17T13:19:42.000000,21725.67905000004,-116.74275000003946,21608.936299999998
2024-12-17T13:19:52.000000,21725.67905000004,-84.29675000003854,21641.382299999997
2024-12-17T13:19:57.000000,21725.67905000004,-51.85075000003762,21673.828299999997
2024-12-17T13:20:07.000000,21725.67905000004,-19.4047500000367,21706.274299999997
2024-12-17T13:20:22.000000,21725.67905000004,3.0477499999626616,21728.726799999997
2024-12-17T13:27:52.000000,21725.67905000004,-49.38940000003798,21676.289649999995
2024-12-17T13:27:57.000000,21725.67905000004,-101.82655000003862,21623.852499999994
2024-12-17T13:28:37.000000,21725.67905000004,-179.37305000003892,21546.305999999993
2024-12-17T13:29:12.000000,21772.371950000037,-179.37305000003892,21592.99889999999
2024-12-17T13:30:17.000000,21772.371950000037,-258.835850000039,21513.53609999999
2024-12-17T13:31:52.000000,21772.371950000037,-329.31170000003766,21443.06024999999
2024-12-17T13:32:32.000000,21772.371950000037,-408.78170000003774,21363.59024999999
2024-12-17T13:32:42.000000,21772.371950000037,-488.2517000000378,21284.12024999999
2024-12-17T13:34:07.000000,21772.371950000037,-522.7365500000371,21249.63539999999
2024-12-17T13:34:32.000000,21772.371950000037,-550.3555500000385,21222.016399999986
2024-12-17T13:34:32.000000,21772.371950000037,-576.0118500000382,21196.360099999987
2024-12-17T13:34:37.000000,21772.371950000037,-628.6434000000388,21143.728549999985
2024-12-17T13:34:37.000000,21772.371950000037,-627.151650000039,21145.220299999986
2024-12-17T13:34:47.000000,21772.371950000037,-643.6554000000389,21128.716549999986
2024-12-17T13:34:52.000000,21772.371950000037,-676.1031500000392,21096.268799999987
2024-12-17T13:34:52.000000,21772.371950000037,-674.6114000000395,21097.760549999988
2024-12-17T13:35:02.000000,21772.371950000037,-712.0479000000388,21060.32404999999
2024-12-17T13:35:02.000000,21772.371950000037,-719.5503000000388,21052.821649999987
2024-12-17T13:35:07.000000,21772.371950000037,-751.9860500000374,21020.38589999999
2024-12-17T13:35:07.000000,21772.371950000037,-750.4871000000376,21021.88484999999
2024-12-17T13:35:12.000000,21745.888950000037,-750.4871000000376,20995.40184999999
2024-12-17T13:35:12.000000,21745.888950000037,-748.9881500000378,20996.900799999992
2024-12-17T13:35:17.000000,21745.888950000037,-761.4289000000367,20984.460049999994
2024-12-17T13:35:17.000000,21745.888950000037,-759.9299500000369,20985.958999999995
2024-12-17T13:35:22.000000,21745.888950000037,-745.8172000000368,21000.071749999996
2024-12-17T13:35:22.000000,21745.888950000037,-713.4512000000359,21032.437749999997
2024-12-17T13:35:22.000000,21745.888950000037,-711.9522500000361,21033.9367
2024-12-17T13:35:27.000000,21745.888950000037,-697.839500000036,21048.04945
2024-12-17T13:35:27.000000,21745.888950000037,-696.3405500000362,21049.5484
2024-12-17T13:35:32.000000,21745.888950000037,-653.9730500000354,21091.9159
2024-12-17T13:35:32.000000,21745.888950000037,-652.4741000000356,21093.41485
2024-12-17T13:35:32.000000,21745.888950000037,-659.9781000000356,21085.91085
2024-12-17T13:35:37.000000,21745.888950000037,-617.602600000035,21128.286350000002
2024-12-17T13:35:37.000000,21745.888950000037,-607.1095000000354,21138.77945
2024-12-17T13:35:42.000000,21745.888950000037,-601.9981000000356,21143.89085
2024-12-17T13:35:42.000000,21745.888950000037,-584.7049000000351,21161.18405
2024-12-17T13:35:42.000000,21745.888950000037,-565.2104500000356,21180.678499999998
2024-12-17T13:35:42.000000,21745.888950000037,-558.7123500000359,21187.1766
2024-12-17T13:35:47.000000,21745.888950000037,-553.6009500000362,21192.287999999997
2024-12-17T13:35:47.000000,21745.888950000037,-533.3097000000362,21212.579249999995
2024-12-17T13:35:52.000000,21745.888950000037,-531.1963500000369,21214.692599999995
2024-12-17T13:35:52.000000,21745.888950000037,-528.7868500000371,21217.102099999996
2024-12-17T13:35:52.000000,21745.888950000037,-508.4956000000372,21237.393349999995
2024-12-17T13:36:17.000000,21745.888950000037,-462.00430000003837,21283.884649999993
2024-12-17T13:36:22.000000,21745.888950000037,-421.3315000000383,21324.557449999993
2024-12-17T13:36:22.000000,21745.888950000037,-374.8402000000395,21371.04874999999
2024-12-17T13:36:27.000000,21745.888950000037,-340.16350000004036,21405.72544999999
2024-12-17T13:36:27.000000,21745.888950000037,-293.6722000000415,21452.21674999999
2024-12-17T13:36:32.000000,21745.888950000037,-258.9955000000424,21486.89344999999
2024-12-17T13:36:32.000000,21745.888950000037,-212.50420000004354,21533.384749999987
2024-12-17T13:36:37.000000,21745.888950000037,-184.9629500000434,21560.925999999985
2024-12-17T13:36:37.000000,21745.888950000037,-161.668850000043,21584.220099999984
2024-12-17T13:36:37.000000,21745.888950000037,-124.17170000004396,21621.717249999983
2024-12-17T13:36:42.000000,21745.888950000037,-86.67455000004492,21659.214399999983
2024-12-17T13:36:47.000000,21745.888950000037,-45.996950000044876,21699.89199999998
2024-12-17T13:36:47.000000,21745.888950000037,-18.455700000044736,21727.43324999998
2024-12-17T13:36:52.000000,21745.888950000037,4.833599999955691,21750.72254999998
2024-12-17T13:36:52.000000,21745.888950000037,42.33074999995473,21788.21969999998
2024-12-17T13:36:57.000000,21745.888950000037,89.00924999995465,21834.898199999978
2024-12-17T13:37:02.000000,21745.888950000037,123.69074999995482,21869.579699999977
2024-12-17T13:37:02.000000,21745.888950000037,146.80484999995525,21892.693799999975
2024-12-17T13:37:07.000000,21745.888950000037,194.34909999995497,21940.238049999974
2024-12-17T13:37:07.000000,21745.888950000037,200.83599999995468,21946.724949999974
2024-12-17T13:38:12.000000,21745.888950000037,263.1912999999544,22009.080249999974
2024-12-17T13:38:27.000000,21745.888950000037,345.5007999999557,22091.389749999977
2024-12-17T13:38:27.000000,21745.888950000037,409.98759999995576,22155.876549999975
2024-12-17T13:38:32.000000,21745.888950000037,438.65379999995605,22184.542749999975
2024-12-17T13:38:32.000000,21745.888950000037,511.96194999995754,22257.850899999976
2024-12-17T13:38:37.000000,21745.888950000037,559.3501999999572,22305.239149999976
2024-12-17T13:38:37.000000,21745.888950000037,623.6569999999573,22369.545949999974
2024-12-17T13:38:42.000000,21745.888950000037,661.0477499999572,22406.936699999973
2024-12-17T13:38:42.000000,21745.888950000037,716.3603999999559,22462.249349999973
2024-12-17T13:38:42.000000,21745.888950000037,762.8444999999564,22508.733449999974
2024-12-17T13:38:47.000000,21745.888950000037,779.5184999999559,22525.407449999973
2024-12-17T13:38:47.000000,21745.888950000037,834.8311499999545,22580.720099999973
2024-12-17T13:38:47.000000,21745.888950000037,863.3269499999537,22609.215899999974
2024-12-17T13:38:52.000000,21745.888950000037,900.8240999999528,22646.713049999973
2024-12-17T13:38:57.000000,21745.888950000037,929.327099999952,22675.216049999974
2024-12-17T13:39:02.000000,21745.888950000037,939.8345999999516,22685.723549999973
2024-12-17T13:39:07.000000,21745.888950000037,950.3420999999512,22696.231049999973
2024-12-17T13:39:42.000000,21745.888950000037,982.8840999999503,22728.77304999997
2024-12-17T13:42:17.000000,21745.888950000037,945.2955999999509,22691.184549999973
2024-12-17T13:43:57.000000,21745.888950000037,950.5965999999518,22696.485549999972
2024-12-17T13:44:07.000000,21745.888950000037,934.121649999952,22680.010599999972
2024-12-17T13:44:52.000000,21745.888950000037,935.6493999999518,22681.538349999973
2024-12-17T13:45:22.000000,21745.888950000037,858.0388999999516,22603.927849999975
2024-12-17T13:47:57.000000,21745.888950000037,580.3231999999509,22326.212149999974
2024-12-17T13:48:07.000000,21745.888950000037,386.54329999994957,22132.432249999973
2024-12-17T13:48:17.000000,21745.888950000037,66.83569999994978,21812.72464999997
2024-12-17T13:48:22.000000,21745.888950000037,-300.85030000004997,21445.03864999997
2024-12-17T13:54:17.000000,21745.888950000037,-308.87110000005,21437.01784999997
2024-12-17T13:54:17.000000,21745.888950000037,-280.5778500000498,21465.31109999997
2024-12-17T13:54:52.000000,21745.888950000037,-182.25010000005116,21563.63884999997
2024-12-17T13:56:32.000000,21745.888950000037,-54.00985000005139,21691.87909999997
2024-12-17T13:56:32.000000,21745.888950000037,29.259649999948465,21775.148599999968
2024-12-17T13:56:42.000000,21745.888950000037,82.55664999994896,21828.44559999997
2024-12-17T13:56:47.000000,21745.888950000037,200.83539999994895,21946.72434999997
2024-12-17T13:56:52.000000,21745.888950000037,243.08289999994966,21988.971849999973
2024-12-17T13:57:02.000000,21745.888950000037,255.34189999994925,22001.23084999997
2024-12-17T13:57:07.000000,21745.888950000037,257.60739999994905,22003.496349999972
2024-12-17T13:57:12.000000,21745.888950000037,239.87789999994925,21985.76684999997
2024-12-17T13:57:27.000000,21745.888950000037,603.1053999999485,22348.99434999997
2024-12-17T13:57:52.000000,21745.888950000037,891.4296499999484,22637.318599999973
2024-12-17T13:57:52.000000,21745.888950000037,883.9144499999484,22629.80339999997
2024-12-17T13:57:57.000000,21745.888950000037,1157.2524499999495,22903.14139999997
2024-12-17T13:57:57.000000,21745.888950000037,1149.7372499999494,22895.62619999997
2024-12-17T13:58:02.000000,21745.888950000037,1142.2220499999494,22888.110999999968
2024-12-17T13:58:12.000000,21745.888950000037,1134.7068499999493,22880.595799999966
2024-12-17T13:59:02.000000,21745.888950000037,1186.9398499999497,22932.828799999967
2024-12-17T13:59:07.000000,21745.888950000037,1229.1793499999505,22975.068299999966
2024-12-17T13:59:12.000000,21745.888950000037,1231.4448499999503,22977.333799999968
2024-12-17T13:59:17.000000,21745.888950000037,1213.7233499999504,22959.612299999968
2024-12-17T13:59:57.000000,21745.888950000037,1176.0148499999511,22921.903799999967
2024-12-17T14:00:27.000000,21745.888950000037,1188.2818499999507,22934.170799999967
2024-12-17T14:00:42.000000,21745.888950000037,1220.53584999995,22966.424799999968
2024-12-17T14:00:47.000000,21745.888950000037,1242.7963499999494,22988.68529999997
2024-12-17T14:00:57.000000,21745.888950000037,1285.0518499999482,23030.940799999968
2024-12-17T14:01:02.000000,21745.888950000037,1317.3138499999473,23063.202799999966
2024-12-17T14:01:07.000000,21745.888950000037,1339.5823499999467,23085.471299999965
2024-12-17T14:01:12.000000,21745.888950000037,1361.858849999946,23107.747799999965
2024-12-17T14:01:17.000000,21745.888950000037,1374.1338499999456,23120.022799999962
2024-12-17T14:01:22.000000,21745.888950000037,1376.4153499999454,23122.304299999963
2024-12-17T14:01:27.000000,21745.888950000037,1378.6968499999452,23124.585799999964
2024-12-17T14:01:32.000000,21745.888950000037,1380.986349999945,23126.875299999963
2024-12-17T14:01:37.000000,21745.888950000037,1534.3423499999453,23280.231299999963
2024-12-17T14:01:57.000000,21745.888950000037,1622.4223499999455,23368.311299999965
2024-12-17T14:02:27.000000,21745.888950000037,1684.6968499999457,23430.585799999964
2024-12-17T14:02:37.000000,21745.888950000037,1756.9648499999457,23502.853799999964
2024-12-17T14:02:57.000000,21745.888950000037,1839.2423499999456,23585.131299999965
2024-12-17T14:03:07.000000,21745.888950000037,1921.5198499999456,23667.408799999965
2024-12-17T14:03:12.000000,21745.888950000037,1993.8038499999457,23739.692799999964
2024-12-17T14:03:17.000000,21745.888950000037,2066.087849999946,23811.976799999964
2024-12-17T14:03:22.000000,21745.888950000037,2128.370349999946,23874.259299999965
2024-12-17T14:03:27.000000,21745.888950000037,2180.6593499999467,23926.548299999966
2024-12-17T14:03:32.000000,21745.888950000037,2232.940349999947,23978.829299999965
2024-12-17T14:03:37.000000,21745.888950000037,2275.227849999948,24021.116799999967
2024-12-17T14:03:52.000000,21745.888950000037,2287.5108499999474,24033.399799999966
2024-12-17T14:03:57.000000,21745.888950000037,2299.793849999947,24045.682799999966
2024-12-17T14:04:12.000000,21745.888950000037,2302.0753499999464,24047.964299999967
2024-12-17T14:04:17.000000,21745.888950000037,2304.356849999946,24050.245799999968
2024-12-17T14:06:02.000000,21745.888950000037,2368.778849999946,24114.667799999967
2024-12-17T14:06:07.000000,21745.888950000037,2451.1963499999456,24197.085299999966
2024-12-17T14:06:12.000000,21745.888950000037,2515.6255499999443,24261.514499999965
2024-12-17T14:06:22.000000,21745.888950000037,2589.0632999999443,24334.952249999966
2024-12-17T14:06:27.000000,21745.888950000037,2653.492499999943,24399.381449999964
2024-12-17T14:06:32.000000,21745.888950000037,2708.9275499999417,24454.816499999964
2024-12-17T14:08:07.000000,21748.218450000037,2708.9275499999417,24457.145999999964
2024-12-17T14:08:27.000000,21740.546450000038,2708.9275499999417,24449.473999999966
2024-12-17T14:09:02.000000,21768.77585000004,2708.9275499999417,24477.703399999966
2024-12-17T14:09:37.000000,21869.040050000036,2708.9275499999417,24577.967599999964
2024-12-17T14:09:47.000000,21975.314750000034,2708.9275499999417,24684.24229999996
2024-12-17T14:09:57.000000,22069.602050000034,2708.9275499999417,24778.52959999996
2024-12-17T14:09:57.000000,22069.602050000034,2731.228049999943,24800.830099999963
2024-12-17T14:10:02.000000,22163.894150000033,2731.228049999943,24895.12219999996
2024-12-17T14:10:07.000000,22252.194950000034,2731.228049999943,24983.422999999962
2024-12-17T14:10:12.000000,22340.500550000033,2731.228049999943,25071.728599999962
2024-12-17T14:10:12.000000,22340.500550000033,2763.530049999944,25104.030599999962
2024-12-17T14:10:17.000000,22428.801350000034,2763.530049999944,25192.331399999963
2024-12-17T14:10:27.000000,22457.097950000032,2763.530049999944,25220.62799999996
2024-12-17T14:10:32.000000,22485.38015000003,2763.530049999944,25248.91019999996
2024-12-17T14:17:52.000000,22432.53740000003,2763.530049999944,25196.06744999996
2024-12-17T14:17:57.000000,22394.68490000003,2763.530049999944,25158.214949999958
2024-12-17T14:18:02.000000,22371.83465000003,2763.530049999944,25135.36469999996
2024-12-17T14:18:07.000000,22363.986650000028,2763.530049999944,25127.516699999956
2024-12-17T14:18:12.000000,22341.13640000003,2763.530049999944,25104.666449999957
2024-12-17T14:18:17.000000,22341.13640000003,2863.669449999944,25204.805849999957
2024-12-17T14:18:17.000000,22341.13640000003,2975.8010499999436,25316.937449999958
2024-12-17T14:18:17.000000,22341.13640000003,3117.9131499999435,25459.049549999956
2024-12-17T14:18:17.000000,22303.283900000028,3117.9131499999435,25421.197049999955
2024-12-17T14:18:22.000000,22295.41190000003,3117.9131499999435,25413.325049999956
2024-12-17T14:18:27.000000,22272.549650000026,3117.9131499999435,25390.462799999954
2024-12-17T14:18:32.000000,22234.685150000027,3117.9131499999435,25352.598299999954
2024-12-17T14:18:42.000000,22234.685150000027,3242.012949999943,25476.698099999954
2024-12-17T14:18:52.000000,22234.685150000027,3216.2102499999423,25450.895399999954
2024-12-17T14:18:52.000000,22234.685150000027,3178.415349999942,25413.100499999953
2024-12-17T14:18:57.000000,22234.685150000027,3134.6243499999405,25369.309499999952
2024-12-17T14:19:02.000000,22234.685150000027,3072.8498499999405,25307.534999999953
2024-12-17T14:19:32.000000,22234.685150000027,3139.8930999999416,25374.578249999955
2024-12-17T14:19:42.000000,22234.685150000027,3191.9340999999417,25426.619249999956
2024-12-17T14:19:47.000000,22234.685150000027,3228.9848499999407,25463.669999999955
2024-12-17T14:20:57.000000,22234.685150000027,3419.132949999942,25653.818099999957
2024-12-17T14:20:57.000000,22234.685150000027,3573.304449999942,25807.989599999957
2024-12-17T14:21:02.000000,22226.813150000027,3573.304449999942,25800.117599999958
2024-12-17T14:25:02.000000,22226.813150000027,3595.596949999943,25822.410099999957
2024-12-17T14:25:02.000000,22226.813150000027,3632.683699999943,25859.496849999956
2024-12-17T14:25:12.000000,22226.813150000027,3669.7704499999436,25896.583599999954
2024-12-17T14:25:27.000000,22226.813150000027,3692.0629499999445,25918.876099999954
2024-12-17T14:25:32.000000,22226.813150000027,3714.3554499999454,25941.168599999954
2024-12-17T14:25:37.000000,22226.813150000027,3736.6479499999464,25963.461099999953
2024-12-17T14:25:42.000000,22226.813150000027,3748.9469499999477,25975.760099999956
2024-12-17T14:25:47.000000,22226.813150000027,3761.245949999949,25988.05909999996
2024-12-17T14:25:52.000000,22226.813150000027,3773.5449499999504,26000.35809999996
2024-12-17T14:25:57.000000,22226.813150000027,3775.850449999952,26002.663599999963
2024-12-17T14:26:02.000000,22226.813150000027,3778.155949999954,26004.969099999966
2024-12-17T14:26:07.000000,22226.813150000027,3780.4614499999557,26007.274599999968
2024-12-17T14:26:12.000000,22226.813150000027,3772.7734499999556,25999.58659999997
2024-12-17T14:27:07.000000,22219.142750000028,3772.7734499999556,25991.91619999997
2024-12-17T14:27:07.000000,22219.142750000028,3765.0934499999557,25984.23619999997
2024-12-17T14:27:12.000000,22199.47535000003,3765.0934499999557,25964.56879999997
2024-12-17T14:27:17.000000,22167.810950000032,3765.0934499999557,25932.904399999974
2024-12-17T14:27:42.000000,22167.810950000032,3747.419949999956,25915.230899999973
2024-12-17T14:29:17.000000,22167.810950000032,3694.541199999957,25862.352149999973
2024-12-17T14:30:07.000000,22167.810950000032,3656.6646999999575,25824.475649999975
2024-12-17T14:30:32.000000,22167.810950000032,3684.9708999999566,25852.781849999974
2024-12-17T14:31:07.000000,22167.810950000032,3779.2341999999553,25947.045149999973
2024-12-17T14:31:12.000000,22167.810950000032,3771.338199999955,25939.149149999972
2024-12-17T14:31:42.000000,22167.810950000032,3778.444449999955,25946.255399999973
2024-12-17T14:31:47.000000,22167.810950000032,3770.5484499999548,25938.359399999972
2024-12-17T14:31:52.000000,22167.810950000032,3792.872949999954,25960.68389999997
2024-12-17T14:31:57.000000,22167.810950000032,4121.176149999954,26288.98709999997
2024-12-17T14:31:57.000000,22167.810950000032,4437.487149999954,26605.29809999997
2024-12-17T14:31:57.000000,22167.810950000032,4741.805949999955,26909.61689999997
2024-12-17T14:31:57.000000,22167.810950000032,5028.136449999955,27195.947399999972
2024-12-17T14:31:57.000000,22167.810950000032,5308.470849999954,27476.28179999997
2024-12-17T14:31:57.000000,22167.810950000032,5315.577099999954,27483.388049999972
2024-12-17T14:32:02.000000,22167.810950000032,5322.683349999954,27490.494299999973
2024-12-17T14:32:12.000000,22167.810950000032,5329.789599999954,27497.600549999974
2024-12-17T14:32:27.000000,22167.810950000032,5336.8958499999535,27504.706799999974
2024-12-17T14:32:32.000000,22167.810950000032,5328.999849999954,27496.810799999974
2024-12-17T14:32:37.000000,22167.810950000032,5321.103849999954,27488.914799999973
2024-12-17T14:32:42.000000,22167.810950000032,5313.207849999954,27481.018799999973
2024-12-17T14:32:47.000000,22167.810950000032,5305.311849999955,27473.122799999972
2024-12-17T14:32:52.000000,22167.810950000032,5297.415849999955,27465.22679999997
2024-12-17T14:32:57.000000,22167.810950000032,5304.522099999955,27472.333049999972
2024-12-17T14:33:02.000000,22160.314950000033,5304.522099999955,27464.837049999973
2024-12-17T14:33:02.000000,22160.314950000033,5311.6283499999545,27471.943299999974
2024-12-17T14:33:07.000000,22147.82220000003,5311.6283499999545,27459.450549999972
2024-12-17T14:33:07.000000,22147.82220000003,5318.734599999954,27466.556799999973
2024-12-17T14:33:22.000000,22147.82220000003,5310.850599999954,27458.672799999975
2024-12-17T14:33:27.000000,22147.82220000003,5317.956849999954,27465.779049999976
2024-12-17T14:34:42.000000,22147.82220000003,5568.315549999954,27716.137749999976
2024-12-17T14:34:47.000000,22147.82220000003,5830.671249999955,27978.493449999976
2024-12-17T14:35:32.000000,22130.212700000033,5830.671249999955,27960.883949999978
2024-12-17T14:35:37.000000,22102.601700000032,5830.671249999955,27933.272949999977
2024-12-17T14:35:57.000000,22102.601700000032,5832.256599999954,27934.858299999978
2024-12-17T14:38:42.000000,22102.601700000032,5668.7211999999545,27771.322899999977
2024-12-17T14:40:52.000000,22127.21450000003,5668.7211999999545,27795.935699999976
2024-12-17T14:42:07.000000,22127.21450000003,5435.8154499999555,27563.02994999998
2024-12-18T09:56:22.000000,22127.21450000003,5536.559649999956,27663.77414999998
2024-12-18T09:58:27.000000,22127.21450000003,5415.488949999956,27542.70344999998
2024-12-18T10:02:17.000000,22127.21450000003,5394.016449999956,27521.23094999998
2024-12-18T10:03:37.000000,22127.21450000003,5406.427449999956,27533.64194999998
2024-12-18T10:03:42.000000,22127.21450000003,5423.295849999955,27550.51034999998
2024-12-18T10:03:57.000000,22127.21450000003,5452.1612499999555,27579.375749999977
2024-12-18T10:04:17.000000,22127.21450000003,5474.573749999955,27601.788249999976
2024-12-18T10:04:22.000000,22127.21450000003,5496.986249999954,27624.200749999975
2024-12-18T10:06:27.000000,22138.09880000003,5496.986249999954,27635.085049999972
2024-12-18T10:06:32.000000,22136.98130000003,5496.986249999954,27633.967549999972
2024-12-18T10:10:52.000000,22136.98130000003,5525.597249999953,27662.578549999973
2024-12-18T10:11:07.000000,22136.98130000003,5548.009749999953,27684.99104999997
2024-12-18T10:13:47.000000,22136.98130000003,5672.810349999953,27809.79164999997
2024-12-18T10:14:02.000000,22136.98130000003,5809.598349999954,27946.57964999997
2024-12-18T10:14:07.000000,22136.98130000003,5940.390249999954,28077.37154999997
2024-12-18T10:14:12.000000,22136.98130000003,6065.1908499999545,28202.17214999997
2024-12-18T10:14:47.000000,22136.98130000003,6190.005849999954,28326.987149999968
2024-12-18T10:14:52.000000,22136.98130000003,6230.529849999954,28367.51114999997
2024-12-18T10:14:57.000000,22219.24280000003,6230.529849999954,28449.77264999997
2024-12-18T10:23:47.000000,22224.21740000003,6230.529849999954,28454.74724999997
2024-12-18T10:24:02.000000,22271.169500000033,6230.529849999954,28501.699349999973
2024-12-18T10:24:07.000000,22342.110800000035,6230.529849999954,28572.640649999976
2024-12-18T10:28:12.000000,22342.110800000035,6252.722349999954,28594.833149999977
2024-12-18T10:29:02.000000,22342.110800000035,6304.859349999953,28646.970149999976
2024-12-18T10:29:17.000000,22342.110800000035,6296.999349999954,28639.110149999975
2024-12-18T10:29:22.000000,22342.110800000035,6289.139349999954,28631.250149999974
2024-12-18T10:29:27.000000,22342.110800000035,6281.279349999954,28623.390149999974
2024-12-18T10:29:32.000000,22342.110800000035,6273.419349999955,28615.530149999973
2024-12-18T10:29:37.000000,22342.110800000035,6250.569099999955,28592.679899999974
2024-12-18T10:29:42.000000,22342.110800000035,6242.721099999955,28584.831899999972
2024-12-18T10:29:47.000000,22342.110800000035,6234.885099999955,28576.995899999973
2024-12-18T10:29:52.000000,22342.110800000035,6212.046849999955,28554.157649999972
2024-12-18T10:29:57.000000,22342.110800000035,6162.955749999955,28505.06654999997
2024-12-18T10:30:02.000000,22342.110800000035,6125.127249999955,28467.23804999997
2024-12-18T10:34:37.000000,22342.110800000035,6147.283749999954,28489.39454999997
2024-12-18T10:34:57.000000,22342.110800000035,6206.175249999954,28548.28604999997
2024-12-18T10:35:02.000000,22342.110800000035,6259.070649999953,28601.18144999997
2024-12-18T10:35:07.000000,22342.110800000035,6317.966949999953,28660.07774999997
2024-12-18T10:35:07.000000,22342.110800000035,6340.135449999953,28682.24624999997
2024-12-18T10:36:32.000000,22342.110800000035,6347.265699999954,28689.376499999973
2024-12-18T10:36:52.000000,22342.110800000035,6339.4176999999545,28681.52849999997
2024-12-18T10:37:07.000000,22324.589300000036,6339.4176999999545,28664.006999999972
2024-12-18T10:37:37.000000,22324.589300000036,6352.040699999954,28676.629999999972
2024-12-18T10:37:42.000000,22324.589300000036,6364.663699999954,28689.25299999997
2024-12-18T10:38:32.000000,22324.589300000036,6367.121199999953,28691.710499999972
2024-12-18T10:41:37.000000,22324.589300000036,6404.279949999954,28728.86924999997
2024-12-18T10:41:42.000000,22324.589300000036,6441.438699999954,28766.02799999997
2024-12-18T10:41:47.000000,22324.589300000036,6478.609449999954,28803.19874999997
2024-12-18T10:49:12.000000,22324.589300000036,6460.188449999954,28784.77774999997
2024-12-18T10:49:42.000000,22324.589300000036,6392.307449999954,28716.896749999967
2024-12-18T10:52:07.000000,22324.589300000036,6404.742449999955,28729.33174999997
2024-12-18T10:52:22.000000,22324.589300000036,6417.1774499999565,28741.76674999997
2024-12-18T10:52:27.000000,22324.589300000036,6439.613949999957,28764.20324999997
2024-12-18T10:52:32.000000,22324.589300000036,6462.050449999958,28786.63974999997
2024-12-18T10:55:42.000000,22324.589300000036,6390.200849999957,28714.790149999968
2024-12-18T10:59:02.000000,22324.589300000036,6422.277249999958,28746.86654999997
2024-12-18T10:59:07.000000,22324.589300000036,6422.342449999958,28746.93174999997
2024-12-18T11:02:47.000000,22324.589300000036,6432.842749999958,28757.43204999997
2024-12-18T11:02:52.000000,22324.589300000036,6425.347549999958,28749.93684999997
2024-12-18T11:02:57.000000,22324.589300000036,6426.853699999958,28751.44299999997
2024-12-18T11:12:57.000000,22256.792300000037,6426.853699999958,28683.64599999997
2024-12-18T11:13:17.000000,22249.004300000037,6426.853699999958,28675.85799999997
2024-12-18T11:13:22.000000,22241.216300000036,6426.853699999958,28668.06999999997
2024-12-18T11:13:27.000000,22206.810650000036,6426.853699999958,28633.66434999997
2024-12-18T11:13:27.000000,22184.020400000038,6426.853699999958,28610.87409999997
2024-12-18T11:13:37.000000,22158.616100000036,6426.853699999958,28585.46979999997
2024-12-18T11:13:42.000000,22135.825850000037,6426.853699999958,28562.67954999997
2024-12-18T11:13:47.000000,22128.037850000037,6426.853699999958,28554.89154999997
2024-12-18T11:14:07.000000,22120.549850000036,6426.853699999958,28547.40354999997
2024-12-18T11:14:37.000000,22137.559850000034,6426.853699999958,28564.41354999997
2024-12-18T11:15:27.000000,22103.010200000033,6426.853699999958,28529.863899999968
2024-12-18T11:23:42.000000,22103.010200000033,6479.098699999958,28582.108899999967
2024-12-18T11:23:47.000000,22103.010200000033,6531.343699999958,28634.353899999966
2024-12-18T11:23:52.000000,22103.010200000033,6583.5886999999575,28686.598899999964
2024-12-18T11:24:02.000000,22103.010200000033,6650.823949999958,28753.834149999966
2024-12-18T11:24:07.000000,22103.010200000033,6703.068949999958,28806.079149999965
2024-12-18T11:24:42.000000,22103.010200000033,6770.304199999959,28873.314399999967
2024-12-18T11:24:47.000000,22103.010200000033,6822.549199999959,28925.559399999966
2024-12-18T11:24:52.000000,22103.010200000033,6874.794199999958,28977.804399999965
2024-12-18T11:25:02.000000,22103.010200000033,6912.0489499999585,29015.059149999965
2024-12-18T11:25:07.000000,22103.010200000033,6949.303699999959,29052.313899999965
2024-12-18T11:28:32.000000,22103.010200000033,6941.799699999959,29044.809899999964
2024-12-18T13:04:57.000000,22103.010200000033,6949.025949999959,29052.036149999964
2024-12-18T13:05:32.000000,22103.010200000033,6971.2184499999585,29074.228649999965
2024-12-18T13:05:37.000000,22103.010200000033,6963.418449999958,29066.428649999965
2024-12-18T13:05:42.000000,22103.010200000033,6970.620699999958,29073.630899999964
2024-12-18T13:05:47.000000,22103.010200000033,6977.810949999957,29080.821149999963
2024-12-18T13:07:52.000000,22103.010200000033,6979.187499999957,29082.197699999964
2024-12-18T13:11:02.000000,22149.544700000035,6979.187499999957,29128.732199999966
2024-12-18T13:11:37.000000,22149.544700000035,6926.368749999957,29075.913449999964
2024-12-18T13:11:47.000000,22149.544700000035,6858.559749999957,29008.104449999963
2024-12-18T13:11:52.000000,22149.544700000035,6805.740999999956,28955.28569999996
2024-12-18T13:11:57.000000,22149.544700000035,6767.912499999957,28917.45719999996
2024-12-18T13:12:02.000000,22149.544700000035,6745.086249999957,28894.630949999962
2024-12-18T13:12:07.000000,22149.544700000035,6722.259999999957,28871.804699999964
2024-12-18T13:12:12.000000,22187.077850000034,6722.259999999957,28909.337849999964
2024-12-18T13:12:12.000000,22187.077850000034,6684.443499999956,28871.521349999963
2024-12-18T13:12:32.000000,22187.077850000034,6661.617249999956,28848.695099999964
2024-12-18T13:12:42.000000,22187.077850000034,6653.793249999956,28840.871099999964
2024-12-18T13:12:57.000000,22187.077850000034,6630.978999999955,28818.056849999964
2024-12-18T13:13:02.000000,22187.077850000034,6608.1647499999535,28795.242599999965
2024-12-18T13:13:12.000000,22187.077850000034,6570.348249999953,28757.426099999964
2024-12-18T13:13:22.000000,22187.077850000034,6502.5392499999525,28689.617099999963
2024-12-18T13:14:42.000000,22187.077850000034,6438.616299999953,28625.694149999963
2024-12-18T13:14:42.000000,22187.077850000034,6398.941749999953,28586.019599999963
2024-12-18T13:14:52.000000,22187.077850000034,6316.130499999953,28503.208349999964
2024-12-18T13:14:57.000000,22187.077850000034,6243.206199999953,28430.284049999966
2024-12-18T13:16:22.000000,22187.077850000034,6257.136549999954,28444.214399999968
2024-12-18T13:16:27.000000,22187.077850000034,6271.066899999954,28458.14474999997
2024-12-18T13:16:37.000000,22187.077850000034,6291.998299999955,28479.07614999997
2024-12-18T13:16:52.000000,22187.077850000034,6119.137549999954,28306.215399999972
2024-12-18T13:16:57.000000,22187.077850000034,6175.051799999954,28362.129649999973
2024-12-18T13:17:27.000000,22187.077850000034,6237.961499999954,28425.039349999974
2024-12-18T13:17:32.000000,22187.077850000034,6307.866649999954,28494.944499999972
2024-12-18T13:17:37.000000,22187.077850000034,6293.423849999952,28480.50169999997
2024-12-18T13:17:42.000000,22187.077850000034,6356.327949999952,28543.40579999997
2024-12-18T13:18:32.000000,22187.077850000034,6391.261449999952,28578.33929999997
2024-12-18T13:18:42.000000,22187.077850000034,6383.725449999952,28570.80329999997
2024-12-18T13:18:47.000000,22187.077850000034,6376.1974499999515,28563.275299999972
2024-12-18T13:18:52.000000,22187.077850000034,6388.656449999951,28575.73429999997
2024-12-18T13:18:57.000000,22187.077850000034,6391.121949999951,28578.19979999997
2024-12-18T13:19:07.000000,22187.077850000034,6393.58744999995,28580.665299999968
2024-12-18T13:19:17.000000,22187.077850000034,6386.05944999995,28573.13729999997
2024-12-18T13:19:22.000000,22187.077850000034,6388.524949999949,28575.602799999968
2024-12-18T13:19:32.000000,22187.077850000034,6390.990449999948,28578.068299999966
2024-12-18T13:22:07.000000,22187.077850000034,6323.445449999948,28510.523299999964
2024-12-18T13:22:12.000000,22187.077850000034,6235.905449999948,28422.983299999963
2024-12-18T13:22:17.000000,22187.077850000034,6148.365449999948,28335.443299999963
2024-12-18T13:22:22.000000,22187.077850000034,6050.831949999949,28237.90979999996
2024-12-18T13:22:32.000000,22187.077850000034,5953.290449999949,28140.368299999962
2024-12-18T13:22:37.000000,22187.077850000034,5855.748949999948,28042.826799999963
2024-12-18T13:22:47.000000,22187.077850000034,5768.208949999948,27955.28679999996
2024-12-18T13:23:27.000000,22187.077850000034,5680.676949999948,27867.754799999962
2024-12-18T13:23:42.000000,22187.077850000034,5613.139949999948,27800.217799999962
2024-12-18T13:23:52.000000,22187.077850000034,5545.6109499999475,27732.68879999996
2024-12-18T13:23:57.000000,22187.077850000034,5468.080449999948,27655.15829999996
2024-12-18T13:24:02.000000,22187.077850000034,5400.551449999947,27587.629299999957
2024-12-18T13:26:17.000000,22187.077850000034,5353.017449999947,27540.095299999957
2024-12-18T13:26:47.000000,22187.077850000034,5325.462449999945,27512.540299999957
2024-12-18T13:27:32.000000,22187.077850000034,5357.876449999944,27544.954299999958
2024-12-18T13:27:37.000000,22187.077850000034,5390.290449999943,27577.36829999996
2024-12-18T13:27:42.000000,22187.077850000034,5422.704449999942,27609.78229999996
2024-12-18T13:27:47.000000,22187.077850000034,5445.124949999941,27632.20279999996
2024-12-18T13:27:47.000000,22187.077850000034,5462.8126999999395,27649.890549999956
2024-12-18T13:27:52.000000,22187.077850000034,5485.233199999939,27672.311049999957
2024-12-18T13:27:57.000000,22187.077850000034,5517.647199999938,27704.725049999957
2024-12-18T13:28:02.000000,22187.077850000034,5550.061199999936,27737.139049999958
2024-12-18T13:28:02.000000,22209.210350000034,5550.061199999936,27759.271549999958
2024-12-18T13:28:07.000000,22209.210350000034,5554.565399999938,27763.775749999957
2024-12-18T13:28:07.000000,22209.210350000034,5559.021599999937,27768.231949999958
2024-12-18T13:28:07.000000,22209.210350000034,5581.4420999999365,27790.652449999958
2024-12-18T13:28:12.000000,22209.210350000034,5579.9501999999375,27789.16054999996
2024-12-18T13:28:12.000000,22209.210350000034,5602.370699999937,27811.58104999996
2024-12-18T13:28:12.000000,22209.210350000034,5605.064199999936,27814.274549999962
2024-12-18T13:28:17.000000,22209.210350000034,5627.484699999935,27836.695049999962
2024-12-18T13:28:22.000000,22209.210350000034,5649.905199999935,27859.115549999962
2024-12-18T13:28:27.000000,22209.210350000034,5662.332199999934,27871.542549999962
2024-12-18T13:28:32.000000,22209.210350000034,5674.759199999934,27883.96954999996
2024-12-18T13:28:37.000000,22209.210350000034,5677.184699999933,27886.395049999963
2024-12-18T13:28:42.000000,22209.210350000034,5669.616699999933,27878.827049999963
2024-12-18T13:30:07.000000,22209.210350000034,5672.042199999933,27881.252549999965
2024-12-18T13:30:22.000000,22209.210350000034,5664.474199999932,27873.684549999965
2024-12-18T13:31:12.000000,22209.210350000034,5676.505999999933,27885.716349999966
2024-12-18T13:37:07.000000,22209.210350000034,5728.902199999934,27938.112549999965
2024-12-18T13:37:17.000000,22209.210350000034,5805.802799999935,28015.013149999966
2024-12-18T13:40:32.000000,22256.181650000035,5805.802799999935,28061.984449999967
2024-12-18T13:40:42.000000,22303.148150000034,5805.802799999935,28108.950949999966
2024-12-18T13:40:47.000000,22356.110750000033,5805.802799999935,28161.913549999965
2024-12-18T13:40:52.000000,22409.07335000003,5805.802799999935,28214.876149999964
2024-12-18T13:40:57.000000,22462.03595000003,5805.802799999935,28267.838749999963
2024-12-18T13:41:07.000000,22514.99855000003,5805.802799999935,28320.80134999996
2024-12-18T13:41:12.000000,22561.96025000003,5805.802799999935,28367.76304999996
2024-12-18T13:41:22.000000,22608.91715000003,5805.802799999935,28414.719949999962
2024-12-18T13:41:27.000000,22526.11790000003,5805.802799999935,28331.920699999962
2024-12-18T13:44:22.000000,22526.11790000003,5786.759399999935,28312.877299999964
2024-12-18T13:44:22.000000,22554.68570000003,5786.759399999935,28341.445099999964
2024-12-18T13:44:27.000000,22554.68570000003,5773.712099999935,28328.397799999966
2024-12-18T13:44:52.000000,22501.902950000032,5773.712099999935,28275.615049999968
2024-12-18T13:44:57.000000,22434.12995000003,5773.712099999935,28207.842049999967
2024-12-18T13:45:02.000000,22366.35695000003,5773.712099999935,28140.069049999966
2024-12-18T13:45:12.000000,22385.937800000032,5773.712099999935,28159.649899999968
2024-12-18T13:45:22.000000,22348.16930000003,5773.712099999935,28121.881399999966
2024-12-18T13:45:27.000000,22310.40080000003,5773.712099999935,28084.112899999964
2024-12-18T13:45:32.000000,22272.632300000027,5773.712099999935,28046.34439999996
2024-12-18T13:45:42.000000,22249.866050000026,5773.712099999935,28023.57814999996
2024-12-18T13:45:47.000000,22249.866050000026,5752.082799999936,28001.94884999996
2024-12-18T13:45:47.000000,22227.099800000025,5752.082799999936,27979.18259999996
2024-12-18T13:45:52.000000,22219.335800000026,5752.082799999936,27971.41859999996
2024-12-18T13:46:02.000000,22226.574050000025,5752.082799999936,27978.65684999996
2024-12-18T13:46:07.000000,22233.812300000023,5752.082799999936,27985.895099999958
2024-12-18T13:46:12.000000,22211.046050000023,5752.082799999936,27963.128849999957
2024-12-18T13:46:17.000000,22203.62285000002,5752.082799999936,27955.705649999956
2024-12-18T13:46:17.000000,22180.844600000022,5752.082799999936,27932.927399999957
2024-12-18T13:46:42.000000,22182.415550000023,5752.082799999936,27934.498349999958
2024-12-18T13:46:47.000000,22174.985150000022,5752.082799999936,27927.067949999957
2024-12-18T13:50:07.000000,22174.985150000022,5664.602799999935,27839.587949999957
2024-12-18T13:50:12.000000,22174.985150000022,5648.041449999935,27823.026599999957
2024-12-18T13:50:17.000000,22174.985150000022,5580.556449999936,27755.54159999996
2024-12-18T13:55:42.000000,22167.185150000023,5580.556449999936,27747.74159999996
2024-12-18T14:01:27.000000,22167.185150000023,5618.055199999936,27785.24034999996
2024-12-18T14:02:02.000000,22167.185150000023,5650.501199999937,27817.68634999996
2024-12-18T14:02:22.000000,22167.185150000023,5682.5542499999365,27849.73939999996
2024-12-18T14:02:27.000000,22167.185150000023,5711.107649999935,27878.29279999996
2024-12-18T14:02:32.000000,22167.185150000023,5746.0915499999355,27913.27669999996
2024-12-18T14:02:32.000000,22167.185150000023,5783.646299999935,27950.831449999958
2024-12-18T14:02:37.000000,22167.185150000023,5794.170599999935,27961.35574999996
2024-12-18T14:02:37.000000,22167.185150000023,5795.604749999935,27962.78989999996
2024-12-18T14:02:42.000000,22167.185150000023,5800.132949999935,27967.31809999996
2024-12-18T14:02:57.000000,22167.185150000023,5828.700749999934,27995.88589999996
2024-12-18T14:02:57.000000,22167.185150000023,5830.134899999934,27997.320049999962
2024-12-18T14:03:02.000000,22167.185150000023,5849.701349999933,28016.88649999996
2024-12-18T14:03:02.000000,22167.185150000023,5851.135499999933,28018.32064999996
2024-12-18T14:03:07.000000,22167.185150000023,5852.569649999933,28019.754799999962
2024-12-18T14:03:12.000000,22167.185150000023,5872.136099999932,28039.32124999996
2024-12-18T14:03:12.000000,22167.185150000023,5864.576099999932,28031.76124999996
2024-12-18T14:03:17.000000,22167.185150000023,5899.564799999932,28066.74994999996
2024-12-18T14:03:17.000000,22167.185150000023,5892.0047999999315,28059.18994999996
2024-12-18T14:03:17.000000,22167.185150000023,5914.221299999932,28081.406449999962
2024-12-18T14:03:32.000000,22167.185150000023,5906.6612999999315,28073.84644999996
2024-12-18T14:23:22.000000,22167.185150000023,5919.112299999932,28086.297449999962
2024-12-18T14:23:52.000000,22167.185150000023,5921.569799999931,28088.754949999962
2024-12-18T14:24:12.000000,22167.185150000023,5924.027299999931,28091.212449999963
2024-12-18T14:24:47.000000,22167.185150000023,5926.48479999993,28093.669949999963
2024-12-18T14:24:52.000000,22167.185150000023,5928.94229999993,28096.127449999964
2024-12-18T14:24:57.000000,22167.185150000023,5906.128049999928,28073.313199999964
2024-12-18T14:25:02.000000,22167.185150000023,5883.313799999927,28050.498949999965
2024-12-18T14:27:57.000000,22167.185150000023,5884.747949999927,28051.933099999966
2024-12-18T14:28:17.000000,22167.185150000023,5877.187949999927,28044.373099999964
2024-12-18T14:36:47.000000,22159.673150000024,5877.187949999927,28036.861099999966
2024-12-18T14:37:42.000000,22132.174150000024,5877.187949999927,28009.362099999966
2024-12-18T14:38:47.000000,22106.676250000026,5877.187949999927,27983.864199999967
2024-12-18T14:40:22.000000,22072.263400000025,5877.187949999927,27949.451349999967
2024-12-18T14:40:32.000000,22037.850550000025,5877.187949999927,27915.038499999966
2024-12-18T14:40:32.000000,22012.323850000026,5877.187949999927,27889.511799999967
2024-12-18T14:41:27.000000,22004.343850000027,5877.187949999927,27881.531799999968
2024-12-18T14:41:37.000000,21996.367850000028,5877.187949999927,27873.55579999997
2024-12-18T14:41:42.000000,21993.39260000003,5877.187949999927,27870.58054999997
2024-12-18T14:41:57.000000,21985.969400000027,5877.187949999927,27863.15734999997
2024-12-18T14:41:57.000000,21992.991650000025,5877.187949999927,27870.179599999967
2024-12-18T14:42:02.000000,21980.045150000027,5877.187949999927,27857.23309999997
2024-12-18T14:42:02.000000,21990.617450000027,5877.187949999927,27867.80539999997
2024-12-18T14:42:07.000000,22001.189750000027,5877.187949999927,27878.377699999968
2024-12-18T14:42:07.000000,22003.211250000026,5877.187949999927,27880.399199999967
2024-12-18T14:42:07.000000,22040.442000000025,5877.187949999927,27917.629949999966
2024-12-19T09:54:47.000000,22041.897750000026,5877.187949999927,27919.085699999967
2024-12-19T09:56:22.000000,22016.615850000024,5877.187949999927,27893.803799999965
2024-12-19T10:03:12.000000,21967.750350000024,5877.187949999927,27844.938299999965
2024-12-19T10:06:57.000000,22023.487800000024,5877.187949999927,27900.675749999966
2024-12-19T10:10:17.000000,21985.627300000026,5877.187949999927,27862.815249999967
2024-12-19T10:11:02.000000,21985.627300000026,5884.510199999926,27870.137499999968
2024-12-19T10:11:22.000000,21985.627300000026,5897.097199999926,27882.724499999968
2024-12-19T10:11:27.000000,21985.627300000026,5889.685999999926,27875.31329999997
2024-12-19T10:11:27.000000,21985.627300000026,5902.272999999926,27887.90029999997
2024-12-19T10:11:37.000000,21985.627300000026,5900.857899999926,27886.48519999997
2024-12-19T10:11:37.000000,21985.627300000026,5913.452899999926,27899.08019999997
2024-12-19T10:11:37.000000,21985.627300000026,5987.193049999925,27972.820349999973
2024-12-19T10:11:42.000000,21985.627300000026,6009.781549999924,27995.40884999997
2024-12-19T10:11:42.000000,21985.627300000026,6020.281849999924,28005.90914999997
2024-12-19T10:11:52.000000,21985.627300000026,6032.876849999923,28018.50414999997
2024-12-19T10:12:02.000000,21985.627300000026,6025.476849999924,28011.10414999997
2024-12-19T10:12:27.000000,21985.627300000026,6000.058149999924,27985.68544999997
2024-12-19T10:12:32.000000,21985.627300000026,5974.639449999925,27960.266749999973
2024-12-19T10:12:37.000000,21985.627300000026,5943.224649999925,27928.85194999997
2024-12-19T10:13:27.000000,21985.627300000026,5966.345949999924,27951.97324999997
2024-12-19T10:15:22.000000,21985.627300000026,6084.572699999924,28070.19999999997
2024-12-19T10:17:17.000000,21991.615800000025,6084.572699999924,28076.18849999997
2024-12-19T10:18:12.000000,21991.615800000025,6104.340749999925,28095.956549999974
2024-12-19T10:23:02.000000,21991.615800000025,6141.631499999924,28133.247299999974
2024-12-19T10:32:17.000000,21991.615800000025,6073.858499999924,28065.474299999973
2024-12-19T10:32:22.000000,21991.615800000025,5991.095249999924,27982.711049999973
2024-12-19T10:35:37.000000,21975.083250000025,5991.095249999924,27966.178499999973
2024-12-19T10:37:32.000000,21975.083250000025,5990.320949999924,27965.40419999997
2024-12-19T10:41:12.000000,21975.083250000025,5982.928949999924,27958.012199999972
2024-12-19T10:45:22.000000,21975.083250000025,5966.381999999924,27941.465249999972
2024-12-19T10:47:17.000000,21975.083250000025,5938.065249999924,27913.148499999974
2024-12-19T10:47:22.000000,21975.083250000025,5909.748499999924,27884.831749999976
2024-12-19T10:48:47.000000,21957.713750000024,5909.748499999924,27867.462249999975
2024-12-19T10:51:37.000000,21957.713750000024,5839.2108999999255,27796.924649999975
2024-12-19T10:53:12.000000,21957.713750000024,5824.643299999926,27782.357049999977
2024-12-19T10:53:17.000000,21957.713750000024,5794.082899999927,27751.79664999998
2024-12-19T10:55:52.000000,21957.713750000024,5875.494499999926,27833.208249999978
2024-12-19T10:55:57.000000,21957.713750000024,5964.900899999927,27922.614649999978
2024-12-19T10:56:02.000000,21957.713750000024,6058.307899999927,28016.021649999977
2024-12-19T10:56:12.000000,21957.713750000024,6155.7122999999265,28113.426049999976
2024-12-19T10:56:22.000000,21957.713750000024,6209.145299999926,28166.859049999977
2024-12-19T10:56:52.000000,21957.713750000024,6246.579099999925,28204.292849999976
2024-12-19T11:20:12.000000,21957.713750000024,6257.064999999925,28214.778749999976
2024-12-19T11:24:07.000000,21959.248700000026,6257.064999999925,28216.313699999977
2024-12-19T13:01:32.000000,21797.477450000028,6257.064999999925,28054.54244999998
2024-12-19T13:01:42.000000,21797.477450000028,5790.652149999925,27588.12959999998
2024-12-19T13:03:07.000000,21797.477450000028,5531.227149999924,27328.70459999998
2024-12-19T13:05:32.000000,21916.550750000028,5531.227149999924,27447.77789999998
2024-12-19T13:05:32.000000,21981.61595000003,5531.227149999924,27512.84309999998
2024-12-19T13:05:32.000000,22016.67665000003,5531.227149999924,27547.903799999982
2024-12-19T13:05:32.000000,22051.737350000032,5531.227149999924,27582.964499999984
2024-12-19T13:05:37.000000,22083.79760000003,5531.227149999924,27615.024749999982
2024-12-19T13:07:27.000000,22083.79760000003,5415.665349999925,27499.462949999983
2024-12-19T13:07:37.000000,22083.79760000003,5318.084649999925,27401.882249999984
2024-12-19T13:08:07.000000,22083.79760000003,5401.471099999926,27485.268699999986
2024-12-19T13:08:17.000000,22083.79760000003,5312.862949999926,27396.660549999986
2024-12-19T13:08:22.000000,22083.79760000003,5215.2606499999265,27299.058249999987
2024-12-19T13:08:27.000000,22083.79760000003,5108.656999999927,27192.454599999986
2024-12-19T13:08:32.000000,22083.79760000003,5002.053349999928,27085.850949999985
2024-12-19T13:09:57.000000,22091.119850000032,5002.053349999928,27093.173199999987
2024-12-19T13:11:27.000000,22083.463850000033,5002.053349999928,27085.517199999987
2024-12-19T13:12:47.000000,22083.463850000033,4700.460449999929,26783.924299999988
2024-12-19T13:13:12.000000,22083.463850000033,4494.78434999993,26578.248199999987
2024-12-19T13:13:52.000000,22083.463850000033,4451.19014999993,26534.653999999988
2024-12-19T13:14:02.000000,22083.463850000033,3869.5608499999303,25953.024699999987
2024-12-19T13:14:22.000000,22083.463850000033,3880.68994999993,25964.153799999985
2024-12-19T13:14:27.000000,22083.463850000033,3861.19054999993,25944.654399999985
2024-12-19T13:14:32.000000,22083.463850000033,3762.779299999931,25846.243149999984
2024-12-19T13:14:37.000000,22083.463850000033,3743.2798999999313,25826.743749999983
2024-12-19T13:14:37.000000,22083.463850000033,3718.2523999999307,25801.716249999983
2024-12-19T13:14:37.000000,22083.463850000033,3710.8283999999308,25794.292249999984
2024-12-19T13:14:37.000000,22083.463850000033,3612.4171499999316,25695.880999999983
2024-12-19T13:14:42.000000,22083.463850000033,3641.5489499999317,25725.012799999982
2024-12-19T13:14:42.000000,22083.463850000033,3550.1331499999324,25633.596999999983
2024-12-19T13:14:47.000000,22083.463850000033,3519.1047499999318,25602.568599999984
2024-12-19T13:14:52.000000,22083.463850000033,3488.076349999931,25571.540199999985
2024-12-19T13:14:57.000000,22083.463850000033,3408.5679499999314,25492.031799999986
2024-12-19T13:14:57.000000,22083.463850000033,3376.7979499999306,25460.261799999986
2024-12-19T13:15:17.000000,22083.463850000033,3369.3819499999304,25452.845799999985
2024-12-19T13:15:17.000000,22083.463850000033,3374.852549999931,25458.316399999985
2024-12-19T13:15:57.000000,22083.463850000033,3397.41304999993,25480.876899999985
2024-12-19T13:16:07.000000,22083.463850000033,3394.985799999931,25478.449649999984
2024-12-19T13:16:12.000000,22083.463850000033,3392.5585499999315,25476.022399999983
2024-12-19T13:16:17.000000,22083.463850000033,3244.798349999932,25328.262199999983
2024-12-19T13:16:27.000000,22083.463850000033,3020.0489999999327,25103.512849999985
2024-12-19T13:18:02.000000,22083.463850000033,2988.4869999999332,25071.950849999987
2024-12-19T13:18:42.000000,22083.463850000033,2988.0512499999345,25071.515099999986
2024-12-19T13:18:57.000000,22083.463850000033,2935.2324999999337,25018.696349999984
2024-12-19T13:19:37.000000,22083.463850000033,2984.706499999934,25068.170349999986
2024-12-19T13:19:42.000000,22083.463850000033,3040.2511499999337,25123.714999999986
2024-12-19T13:20:37.000000,22083.463850000033,3130.773049999934,25214.236899999985
2024-12-19T13:20:47.000000,22083.463850000033,3200.3029999999335,25283.766849999985
2024-12-19T13:20:52.000000,22083.463850000033,3269.838549999933,25353.302399999986
2024-12-19T13:20:57.000000,22083.463850000033,3339.3740999999327,25422.837949999986
2024-12-19T13:21:02.000000,22083.463850000033,3408.9152499999323,25492.379099999987
2024-12-19T13:21:07.000000,22083.463850000033,3492.4528999999316,25575.916749999986
2024-12-19T13:21:12.000000,22083.463850000033,3568.995099999931,25652.458949999986
2024-12-19T13:23:07.000000,22086.081350000033,3568.995099999931,25655.076449999986
2024-12-19T13:30:07.000000,22086.081350000033,3627.1608499999306,25713.242199999986
2024-12-19T13:30:32.000000,22086.081350000033,3590.3363499999314,25676.417699999987
2024-12-19T13:30:37.000000,22086.081350000033,3548.5150999999314,25634.596449999986
2024-12-19T13:30:47.000000,22086.081350000033,3541.1150999999313,25627.196449999985
2024-12-19T13:30:57.000000,22086.081350000033,3522.604499999931,25608.685849999983
2024-12-19T13:31:52.000000,22086.081350000033,3499.9942499999297,25586.075599999982
2024-12-19T13:38:37.000000,22085.026250000035,3499.9942499999297,25585.020499999984
2024-12-19T13:39:07.000000,22089.962450000035,3499.9942499999297,25589.956699999984
2024-12-19T13:39:12.000000,22088.892950000034,3499.9942499999297,25588.887199999983
2024-12-19T13:41:12.000000,22088.892950000034,3465.4684499999294,25554.361399999983
2024-12-19T13:41:17.000000,22088.892950000034,3426.94524999993,25515.838199999984
2024-12-19T13:41:22.000000,22088.892950000034,3428.01939999993,25516.912349999984
2024-12-19T13:41:32.000000,22088.892950000034,3393.4935999999298,25482.386549999985
2024-12-19T13:41:37.000000,22088.892950000034,3350.97299999993,25439.865949999985
2024-12-19T13:41:52.000000,22111.289450000033,3350.97299999993,25462.262449999984
2024-12-19T13:43:07.000000,22111.289450000033,3313.9412999999304,25425.230749999984
2024-12-19T13:43:12.000000,22111.289450000033,3276.909599999931,25388.199049999985
2024-12-19T13:43:37.000000,22111.289450000033,3324.0104999999307,25435.299949999986
2024-12-19T13:43:57.000000,22111.289450000033,3256.369499999931,25367.658949999986
2024-12-19T13:44:07.000000,22111.289450000033,3194.729399999931,25306.018849999986
2024-12-19T13:44:22.000000,22111.289450000033,3197.322899999931,25308.612349999985
2024-12-19T13:44:27.000000,22111.289450000033,3202.7774999999315,25314.066949999986
2024-12-19T13:44:32.000000,22111.289450000033,3212.2326999999314,25323.522149999986
2024-12-19T13:44:37.000000,22111.289450000033,3213.6930999999313,25324.982549999986
2024-12-19T13:44:42.000000,22111.289450000033,3236.2815999999307,25347.571049999984
2024-12-19T13:44:42.000000,22111.289450000033,3241.742599999931,25353.032049999983
2024-12-19T13:44:47.000000,22111.289450000033,3264.3310999999303,25375.62054999998
2024-12-19T13:44:47.000000,22111.289450000033,3269.7920999999305,25381.08154999998
2024-12-19T13:44:52.000000,22111.289450000033,3292.38059999993,25403.67004999998
2024-12-19T13:44:57.000000,22111.289450000033,3314.9690999999293,25426.258549999977
2024-12-19T13:45:02.000000,22111.289450000033,3347.5590999999285,25458.848549999977
2024-12-19T13:45:22.000000,22080.21305000003,3347.5590999999285,25427.772149999975
2024-12-19T13:46:02.000000,22080.21305000003,3414.9263499999283,25495.139399999975
2024-12-19T13:46:07.000000,22052.542050000033,3414.9263499999283,25467.468399999976
2024-12-19T13:46:27.000000,22052.542050000033,3437.3228499999277,25489.864899999975
2024-12-19T13:46:42.000000,22052.542050000033,3424.2731499999277,25476.815199999975
2024-12-19T13:46:47.000000,22052.542050000033,3466.8566499999265,25519.398699999976
2024-12-19T13:46:52.000000,22052.542050000033,3447.806049999927,25500.348099999977
2024-12-19T13:46:57.000000,22052.542050000033,3422.7569499999263,25475.298999999977
2024-12-19T13:47:02.000000,22052.542050000033,3394.707399999926,25447.249449999978
2024-12-19T13:47:07.000000,22052.542050000033,3363.6573999999255,25416.19944999998
2024-12-19T13:47:07.000000,22052.542050000033,3396.2473999999247,25448.78944999998
2024-12-19T13:47:07.000000,22052.542050000033,3424.692799999924,25477.23484999998
2024-12-19T13:48:37.000000,22052.542050000033,3452.838049999924,25505.38009999998
2024-12-19T13:52:47.000000,22052.542050000033,3424.764499999924,25477.30654999998
2024-12-19T13:52:57.000000,22052.542050000033,3387.6919999999236,25440.234049999977
2024-12-19T13:54:32.000000,22052.542050000033,3393.1241999999243,25445.666249999977
2024-12-19T13:54:42.000000,22052.542050000033,3392.040299999924,25444.582349999975
2024-12-19T13:58:17.000000,22052.542050000033,3364.6372999999244,25417.179349999977
2024-12-19T13:58:37.000000,22052.542050000033,3362.9533999999253,25415.495449999977
2024-12-19T13:58:42.000000,22052.542050000033,3346.876849999925,25399.418899999975
2024-12-19T14:00:07.000000,22052.542050000033,3415.9475999999245,25468.489649999974
2024-12-19T14:03:17.000000,22052.542050000033,3473.3747999999246,25525.916849999972
2024-12-19T14:03:22.000000,22052.542050000033,3522.8071999999247,25575.349249999974
2024-12-19T14:03:27.000000,22052.542050000033,3568.242199999924,25620.784249999975
2024-12-19T14:04:22.000000,22052.542050000033,3601.4481999999234,25653.990249999973
2024-12-19T14:10:32.000000,22052.542050000033,3584.5772499999234,25637.119299999973
2024-12-19T14:10:42.000000,22052.542050000033,3558.704949999922,25611.24699999997
2024-12-19T14:13:38.000000,22066.22040000003,3558.704949999922,25624.92534999997
2024-12-19T14:13:52.000000,22066.22040000003,3542.6547999999216,25608.87519999997
2024-12-19T14:13:57.000000,22066.22040000003,3523.604199999922,25589.82459999997
2024-12-19T14:15:43.000000,22072.89770000003,3523.604199999922,25596.50189999997
2024-12-19T14:15:53.000000,22079.57500000003,3523.604199999922,25603.17919999997
2024-12-19T14:15:58.000000,22079.25685000003,3523.604199999922,25602.86104999997
2024-12-19T14:16:13.000000,22078.93870000003,3523.604199999922,25602.54289999997
2024-12-19T14:22:02.000000,22051.279700000032,3523.604199999922,25574.88389999997
2024-12-19T14:24:42.000000,22058.673950000033,3523.604199999922,25582.278149999973
2024-12-19T14:24:52.000000,22058.673950000033,3476.206199999923,25534.880149999975
2024-12-19T14:29:27.000000,22078.578800000032,3476.206199999923,25554.784999999974
2024-12-19T14:29:32.000000,22078.578800000032,3482.2338999999224,25560.812699999973
2024-12-19T14:29:32.000000,22078.578800000032,3447.1680999999217,25525.746899999973
2024-12-19T14:29:32.000000,22078.578800000032,3457.5963999999212,25536.175199999972
2024-12-19T14:29:37.000000,22078.578800000032,3467.0355999999224,25545.614399999973
2024-12-19T14:29:42.000000,22078.578800000032,3476.4747999999236,25555.053599999974
2024-12-19T14:29:42.000000,22078.578800000032,3495.904449999923,25574.483249999972
2024-12-19T14:29:52.000000,22092.482750000032,3495.904449999923,25588.387199999972
2024-12-19T14:30:02.000000,22092.482750000032,3524.3354499999223,25616.818199999972
2024-12-19T14:30:07.000000,22092.482750000032,3534.770949999922,25627.253699999972
2024-12-19T14:30:07.000000,22103.386250000032,3534.770949999922,25638.157199999972
2024-12-19T14:30:12.000000,22105.293200000033,3534.770949999922,25640.064149999973
2024-12-19T14:30:17.000000,22107.200150000033,3534.770949999922,25641.971099999973
2024-12-19T14:30:22.000000,22107.200150000033,3545.1920499999214,25652.392199999973
2024-12-19T14:30:22.000000,22103.106200000035,3545.1920499999214,25648.298249999974
2024-12-19T14:30:27.000000,22103.106200000035,3550.128249999921,25653.234449999974
2024-12-19T14:30:27.000000,22096.014200000034,3550.128249999921,25646.142449999974
2024-12-19T14:30:32.000000,22096.014200000034,3558.064899999921,25654.079099999974
2024-12-19T14:30:37.000000,22096.014200000034,3565.9991499999205,25662.013349999972
2024-12-19T14:31:07.000000,22096.014200000034,3567.934899999921,25663.949099999973
2024-12-19T14:31:27.000000,22096.014200000034,3552.965049999921,25648.97924999997
2024-12-19T14:31:37.000000,22096.014200000034,3537.995199999921,25634.00939999997
2024-12-19T14:39:47.000000,22004.150400000035,3537.995199999921,25542.14559999997
2024-12-19T14:39:52.000000,21898.295700000035,3537.995199999921,25436.29089999997
2024-12-19T14:40:07.000000,21785.439950000036,3537.995199999921,25323.435149999972
2024-12-19T14:40:17.000000,21672.589800000034,3537.995199999921,25210.58499999997
2024-12-20T09:52:22.000000,21732.562400000035,3537.995199999921,25270.55759999997
2024-12-20T09:52:22.000000,21792.535000000036,3537.995199999921,25330.530199999972
2024-12-20T09:52:22.000000,21852.507600000037,3537.995199999921,25390.502799999973
2024-12-20T09:52:22.000000,21912.480200000038,3537.995199999921,25450.475399999974
2024-12-20T09:52:22.000000,21972.45280000004,3537.995199999921,25510.447999999975
2024-12-20T10:07:02.000000,21972.45280000004,3500.250699999922,25472.703499999974
2024-12-20T10:07:37.000000,21922.83610000004,3500.250699999922,25423.086799999975
2024-12-20T10:09:47.000000,21922.83610000004,3472.9356999999222,25395.771799999977
2024-12-20T10:10:07.000000,21922.83610000004,3445.6206999999226,25368.456799999978
2024-12-20T10:10:12.000000,21922.83610000004,3487.9041999999217,25410.740299999976
2024-12-20T10:10:17.000000,21922.83610000004,3470.590699999922,25393.426799999976
2024-12-20T10:10:42.000000,21922.83610000004,3538.781949999923,25461.618049999975
2024-12-20T10:10:47.000000,21922.83610000004,3546.020199999923,25468.856299999974
2024-12-20T10:11:22.000000,21922.83610000004,3553.834449999922,25476.670549999973
2024-12-20T10:11:22.000000,21922.83610000004,3619.7492499999225,25542.585349999976
2024-12-20T10:11:37.000000,21922.83610000004,3656.9799999999227,25579.816099999975
2024-12-20T10:11:42.000000,21922.83610000004,3709.212999999923,25632.049099999975
2024-12-20T10:11:47.000000,21922.83610000004,3761.457999999923,25684.294099999974
2024-12-20T10:14:57.000000,21922.83610000004,3715.295349999923,25638.131449999975
2024-12-20T10:17:27.000000,21927.22510000004,3715.295349999923,25642.520449999975
2024-12-20T10:17:32.000000,21937.61020000004,3715.295349999923,25652.905549999974
2024-12-20T10:24:52.000000,21911.917900000037,3715.295349999923,25627.21324999997
2024-12-20T10:24:57.000000,21886.225600000034,3715.295349999923,25601.52094999997
2024-12-20T10:25:02.000000,21860.526100000032,3715.295349999923,25575.821449999967
2024-12-20T10:25:07.000000,21843.82795000003,3715.295349999923,25559.123299999967
2024-12-20T10:25:12.000000,21827.12980000003,3715.295349999923,25542.425149999966
2024-12-20T10:25:17.000000,21810.43165000003,3715.295349999923,25525.726999999966
2024-12-20T10:25:22.000000,21793.73350000003,3715.295349999923,25509.028849999966
2024-12-20T10:25:27.000000,21786.03670000003,3715.295349999923,25501.332049999965
2024-12-20T10:25:32.000000,21778.339900000028,3715.295349999923,25493.635249999963
2024-12-20T10:25:42.000000,21761.648950000028,3715.295349999923,25476.944299999963
2024-12-20T10:25:47.000000,21762.95350000003,3715.295349999923,25478.248849999964
2024-12-20T10:25:52.000000,21773.259400000028,3715.295349999923,25488.554749999963
2024-12-20T10:25:57.000000,21783.565300000027,3715.295349999923,25498.860649999962
2024-12-20T10:26:02.000000,21793.871200000027,3715.295349999923,25509.16654999996
2024-12-20T10:26:07.000000,21813.178450000025,3715.295349999923,25528.47379999996
2024-12-20T10:26:12.000000,21814.490200000026,3715.295349999923,25529.78554999996
2024-12-20T10:26:17.000000,21806.800600000024,3715.295349999923,25522.09594999996
2024-12-20T10:26:22.000000,21817.106500000024,3715.295349999923,25532.40184999996
2024-12-20T10:26:27.000000,21827.419600000023,3715.295349999923,25542.714949999958
2024-12-20T10:26:32.000000,21837.732700000022,3715.295349999923,25553.028049999957
2024-12-20T10:26:37.000000,21839.044450000023,3715.295349999923,25554.339799999958
2024-12-20T10:27:02.000000,21831.36205000002,3715.295349999923,25546.657399999956
2024-12-20T10:27:37.000000,21814.69270000002,3715.295349999923,25529.988049999956
2024-12-20T10:27:47.000000,21787.42570000002,3715.295349999923,25502.721049999956
2024-12-20T10:30:02.000000,21750.157200000023,3715.295349999923,25465.452549999958
2024-12-20T10:31:52.000000,21750.157200000023,3721.653449999923,25471.81064999996
2024-12-20T10:34:42.000000,21772.160100000023,3721.653449999923,25493.81354999996
2024-12-20T10:35:02.000000,21812.151300000023,3721.653449999923,25533.80474999996
2024-12-20T10:35:07.000000,21834.139800000023,3721.653449999923,25555.79324999996
2024-12-20T10:35:33.000000,21803.109000000022,3721.653449999923,25524.76244999996
2024-12-20T10:37:47.000000,21803.109000000022,3684.4777499999227,25487.58674999996
2024-12-20T10:37:52.000000,21803.109000000022,3647.3020499999225,25450.41104999996
2024-12-20T10:38:17.000000,21803.109000000022,3607.130699999923,25410.23969999996
2024-12-20T10:38:22.000000,21803.109000000022,3566.961749999923,25370.07074999996
2024-12-20T10:38:27.000000,21803.109000000022,3523.789949999923,25326.89894999996
2024-12-20T10:39:22.000000,21795.109800000024,3523.789949999923,25318.89974999996
2024-12-20T10:40:22.000000,21780.179150000025,3523.789949999923,25303.969099999962
2024-12-20T10:47:32.000000,21780.179150000025,3516.136349999923,25296.31549999996
2024-12-20T10:53:02.000000,21811.965800000027,3516.136349999923,25328.102149999962
2024-12-20T10:53:07.000000,21846.75290000003,3516.136349999923,25362.889249999964
2024-12-20T10:53:12.000000,21884.53805000003,3516.136349999923,25400.674399999963
2024-12-20T10:53:17.000000,21884.53805000003,3472.491749999922,25357.029799999964
2024-12-20T10:54:12.000000,21931.52070000003,3472.491749999922,25404.012449999966
2024-12-20T10:56:02.000000,21893.92020000003,3472.491749999922,25366.411949999965
2024-12-20T10:56:07.000000,21856.31970000003,3472.491749999922,25328.811449999965
2024-12-20T10:56:57.000000,21856.31970000003,3455.186249999922,25311.505949999966
2024-12-20T10:57:12.000000,21856.31970000003,3437.880749999922,25294.200449999968
2024-12-20T10:57:22.000000,21856.31970000003,3430.568749999922,25286.888449999966
2024-12-20T10:57:27.000000,21856.31970000003,3423.2567499999222,25279.576449999964
2024-12-20T10:57:32.000000,21856.31970000003,3415.9447499999224,25272.264449999962
2024-12-20T10:57:32.000000,21856.31970000003,3426.437849999922,25282.757549999962
2024-12-20T10:57:42.000000,21856.31970000003,3419.125849999922,25275.44554999996
2024-12-20T10:57:52.000000,21856.31970000003,3411.8138499999222,25268.13354999996
2024-12-20T10:57:57.000000,21856.31970000003,3404.3114499999224,25260.631149999957
2024-12-20T10:58:02.000000,21856.31970000003,3407.0009499999223,25263.320649999958
2024-12-20T10:58:12.000000,21856.31970000003,3399.6969499999223,25256.016649999958
2024-12-20T10:58:37.000000,21856.31970000003,3413.1303499999226,25269.45004999996
2024-12-20T10:59:07.000000,21856.31970000003,3396.6193999999227,25252.93909999996
2024-12-20T10:59:17.000000,21856.31970000003,3362.1129499999215,25218.43264999996
2024-12-20T11:00:37.000000,21856.31970000003,3327.4408999999223,25183.760599999958
2024-12-20T11:00:52.000000,21856.31970000003,3292.768849999923,25149.088549999957
2024-12-20T11:02:42.000000,21856.31970000003,3255.1179499999225,25111.437649999956
2024-12-20T11:13:47.000000,21873.092100000027,3255.1179499999225,25128.210049999954
2024-12-20T11:15:52.000000,21873.092100000027,3196.915099999922,25070.007199999953
2024-12-20T11:27:52.000000,21873.092100000027,3126.6456499999217,24999.737749999953
2024-12-20T11:28:02.000000,21873.092100000027,3053.373349999922,24926.465449999952
2024-12-20T11:28:07.000000,21873.092100000027,2986.099549999922,24859.191649999953
2024-12-20T11:28:12.000000,21873.092100000027,2915.8252999999218,24788.917399999955
2024-12-20T11:28:22.000000,21873.092100000027,2836.552099999922,24709.644199999955
2024-12-20T11:28:27.000000,21873.092100000027,2757.2788999999225,24630.370999999956
2024-12-20T11:28:32.000000,21873.092100000027,2708.0101999999224,24581.102299999955
2024-12-20T11:28:47.000000,21873.092100000027,2634.7402999999226,24507.832399999956
2024-12-20T11:28:57.000000,21873.092100000027,2561.465599999922,24434.557699999954
2024-12-20T13:00:07.000000,21916.07575000003,2561.465599999922,24477.541349999956
2024-12-20T13:00:07.000000,21959.05940000003,2561.465599999922,24520.524999999958
2024-12-20T13:00:07.000000,22002.043050000033,2561.465599999922,24563.50864999996
2024-12-20T13:00:07.000000,22045.026700000035,2561.465599999922,24606.49229999996
2024-12-20T13:00:07.000000,22071.007800000036,2561.465599999922,24632.473399999963
2024-12-20T13:01:52.000000,22071.007800000036,2491.1385499999224,24562.146349999963
2024-12-20T13:02:42.000000,22071.007800000036,2450.8159999999225,24521.823799999962
2024-12-20T13:02:42.000000,22071.007800000036,2407.495399999922,24478.503199999963
2024-12-20T13:02:42.000000,22071.007800000036,2361.1767499999214,24432.18454999996
2024-12-20T13:02:47.000000,22071.007800000036,2311.860049999921,24382.867849999962
2024-12-20T13:06:22.000000,22071.007800000036,2364.477049999921,24435.48484999996
2024-12-20T13:06:27.000000,22071.007800000036,2414.10079999992,24485.10859999996
2024-12-20T13:06:32.000000,22071.007800000036,2469.7206499999193,24540.72844999996
2024-12-20T13:06:42.000000,22071.007800000036,2519.3443999999186,24590.352199999958
2024-12-20T13:08:02.000000,22071.007800000036,2475.591799999918,24546.599599999958
2024-12-20T13:08:32.000000,22071.007800000036,2431.839199999917,24502.846999999958
2024-12-20T13:08:37.000000,22071.007800000036,2457.492949999917,24528.50074999996
2024-12-20T13:08:37.000000,22071.007800000036,2413.7403499999164,24484.74814999996
2024-12-20T13:09:02.000000,22071.007800000036,2361.197599999916,24432.20539999996
2024-12-20T13:09:22.000000,22071.007800000036,2371.8514999999156,24442.85929999996
2024-12-20T13:09:42.000000,22071.007800000036,2391.4995499999154,24462.50734999996
2024-12-20T13:09:47.000000,22071.007800000036,2414.143249999916,24485.15104999996
2024-12-20T13:09:52.000000,22071.007800000036,2439.7873999999156,24510.79519999996
2024-12-20T13:09:57.000000,22071.007800000036,2462.431099999916,24533.43889999996
2024-12-20T13:10:02.000000,22071.007800000036,2491.0708999999165,24562.078699999962
2024-12-20T13:10:07.000000,22071.007800000036,2522.7135499999163,24593.72134999996
2024-12-20T13:10:12.000000,22071.007800000036,2554.358599999917,24625.36639999996
2024-12-20T13:10:17.000000,22071.007800000036,2589.004099999917,24660.011899999958
2024-12-20T13:10:17.000000,22071.007800000036,2554.4040499999173,24625.411849999957
2024-12-20T13:10:22.000000,22071.007800000036,2580.0577999999173,24651.065599999958
2024-12-20T13:10:27.000000,22071.007800000036,2605.713949999917,24676.721749999957
2024-12-20T13:11:17.000000,22071.007800000036,2673.1291999999166,24744.136999999955
2024-12-20T13:11:22.000000,22071.007800000036,2719.3396999999172,24790.347499999956
2024-12-20T13:11:22.000000,22071.007800000036,2786.754949999917,24857.762749999954
2024-12-20T13:11:42.000000,22071.007800000036,2814.969949999918,24885.977749999955
2024-12-20T13:11:47.000000,22071.007800000036,2843.184949999919,24914.192749999955
2024-12-20T13:11:52.000000,22071.007800000036,2880.6196999999192,24951.627499999955
2024-12-20T13:13:57.000000,22071.007800000036,2891.29519999992,24962.302999999956
2024-12-20T13:15:37.000000,22071.007800000036,2910.516049999921,24981.523849999958
2024-12-20T13:17:17.000000,22071.007800000036,2911.885399999921,24982.89319999996
2024-12-20T13:17:22.000000,22071.007800000036,2913.247549999921,24984.25534999996
2024-12-20T13:19:22.000000,22071.007800000036,2918.5549499999215,24989.56274999996
2024-12-20T13:19:37.000000,22071.007800000036,2919.8617499999214,24990.86954999996
2024-12-20T13:19:42.000000,22071.007800000036,2921.168549999921,24992.176349999958
2024-12-20T13:19:52.000000,22071.007800000036,2918.4715499999206,24989.479349999958
2024-12-20T13:20:02.000000,22071.007800000036,2919.7687499999206,24990.77654999996
2024-12-20T13:20:12.000000,22071.007800000036,2909.07694999992,24980.084749999958
2024-12-20T13:20:17.000000,22071.007800000036,2890.3903499999196,24961.398149999957
2024-12-20T13:20:22.000000,22071.007800000036,2875.70114999992,24946.708949999957
2024-12-20T13:23:02.000000,22071.007800000036,2772.0835499999203,24843.09134999996
2024-12-20T13:23:32.000000,22071.007800000036,2716.46034999992,24787.468149999957
2024-12-20T13:24:07.000000,22071.007800000036,2644.84754999992,24715.855349999958
2024-12-20T13:24:17.000000,22071.007800000036,2525.2531499999195,24596.260949999956
2024-12-20T13:24:52.000000,22071.007800000036,2421.6483499999185,24492.656149999955
2024-12-20T13:25:02.000000,22071.007800000036,2318.0435499999176,24389.051349999954
2024-12-20T13:25:17.000000,22071.007800000036,2246.4179499999177,24317.425749999955
2024-12-20T13:25:27.000000,22071.007800000036,2190.7947499999173,24261.802549999953
2024-12-20T13:25:27.000000,22093.464300000036,2190.7947499999173,24284.259049999953
2024-12-20T13:27:17.000000,22093.464300000036,2183.1147499999174,24276.579049999953
2024-12-20T13:27:27.000000,22093.464300000036,2127.440349999917,24220.904649999953
2024-12-20T13:27:32.000000,22093.464300000036,2071.7659499999168,24165.230249999953
2024-12-20T13:27:37.000000,22093.464300000036,2016.0915499999164,24109.555849999953
2024-12-20T13:27:42.000000,22093.464300000036,1960.417149999916,24053.881449999953
2024-12-20T13:27:47.000000,22093.464300000036,1888.753149999916,23982.217449999953
2024-12-20T13:27:52.000000,22093.464300000036,1849.0939499999167,23942.558249999955
2024-12-20T13:27:57.000000,22093.464300000036,1793.4195499999164,23886.883849999955
2024-12-20T13:28:02.000000,22093.464300000036,1737.7579499999174,23831.222249999955
2024-12-20T13:29:27.000000,22093.464300000036,1698.098749999918,23791.563049999957
2024-12-20T13:29:57.000000,22093.464300000036,1674.4419499999183,23767.906249999956
2024-12-20T13:30:12.000000,22093.464300000036,1682.6491499999179,23776.113449999957
2024-12-20T13:30:52.000000,22093.464300000036,1674.994749999918,23768.459049999958
2024-12-20T13:30:57.000000,22093.464300000036,1651.3379499999182,23744.802249999957
2024-12-20T13:31:17.000000,22093.464300000036,1658.792199999918,23752.256499999956
2024-12-20T13:31:37.000000,22093.464300000036,1666.2464499999178,23759.710749999955
2024-12-20T13:31:42.000000,22093.464300000036,1673.7006999999176,23767.164999999954
2024-12-20T13:31:57.000000,22093.464300000036,1745.9814999999173,23839.445799999954
2024-12-20T13:32:02.000000,22093.464300000036,1850.2542999999164,23943.718599999953
2024-12-20T13:32:07.000000,22093.464300000036,1922.5478999999161,24016.012199999954
2024-12-20T13:32:12.000000,22093.464300000036,1946.8726999999155,24040.336999999952
2024-12-20T13:32:17.000000,22093.464300000036,1923.2158999999158,24016.68019999995
2024-12-20T13:32:22.000000,22093.464300000036,1931.5510999999156,24025.015399999953
2024-12-20T13:32:42.000000,22093.464300000036,1959.818899999917,24053.283199999954
2024-12-20T13:32:47.000000,22093.464300000036,1988.0866999999184,24081.550999999956
2024-12-20T13:32:47.000000,22093.464300000036,1996.396299999918,24089.860599999956
2024-12-20T13:32:52.000000,22093.464300000036,1956.7114999999174,24050.175799999957
2024-12-20T13:33:07.000000,22093.464300000036,1984.9744999999166,24078.438799999956
2024-12-20T13:33:12.000000,22093.464300000036,2019.2335999999168,24112.697899999956
2024-12-20T13:33:17.000000,22093.464300000036,2041.5004999999173,24134.964799999954
2024-12-20T13:35:07.000000,22080.571550000037,2041.5004999999173,24122.072049999955
2024-12-20T13:35:12.000000,22057.681300000037,2041.5004999999173,24099.181799999955
2024-12-20T13:35:12.000000,22057.681300000037,1953.8340999999177,24011.515399999957
2024-12-20T13:35:17.000000,22053.426550000037,1953.8340999999177,24007.260649999957
2024-12-20T13:35:17.000000,22035.537050000035,1953.8340999999177,23989.371149999955
2024-12-20T13:35:47.000000,22017.647550000034,1953.8340999999177,23971.481649999954
2024-12-20T13:35:52.000000,21999.758050000033,1953.8340999999177,23953.592149999953
2024-12-20T13:35:57.000000,21981.868550000032,1953.8340999999177,23935.702649999952
2024-12-20T13:36:02.000000,21958.982300000032,1953.8340999999177,23912.816399999952
2024-12-20T13:36:07.000000,21931.095300000034,1953.8340999999177,23884.929399999954
2024-12-20T13:36:12.000000,21898.211550000033,1953.8340999999177,23852.045649999953
2024-12-20T13:36:17.000000,21865.327800000032,1953.8340999999177,23819.161899999952
2024-12-20T13:38:52.000000,21865.327800000032,1930.126099999918,23795.453899999953
2024-12-20T13:38:57.000000,21865.327800000032,1907.5998499999184,23772.927649999954
2024-12-20T13:39:32.000000,21865.327800000032,1870.071349999919,23735.399149999954
2024-12-20T13:40:42.000000,21865.327800000032,1830.3481499999198,23695.675949999953
2024-12-20T13:40:52.000000,21865.327800000032,1774.635349999921,23639.963149999956
2024-12-20T13:40:57.000000,21865.327800000032,1722.104599999922,23587.432399999958
2024-12-20T13:42:17.000000,21885.07425000003,1722.104599999922,23607.178849999957
2024-12-20T13:42:22.000000,21904.82070000003,1722.104599999922,23626.925299999955
2024-12-20T13:42:37.000000,21915.57060000003,1722.104599999922,23637.675199999954
2024-12-20T13:44:37.000000,21915.57060000003,1378.348599999922,23293.919199999953
2024-12-20T13:44:47.000000,21915.57060000003,1416.0929499999227,23331.663549999954
2024-12-20T13:46:27.000000,21915.57060000003,1413.4416999999216,23329.01229999995
2024-12-20T13:46:42.000000,21915.57060000003,1400.7969499999208,23316.36754999995
2024-12-20T13:47:52.000000,21915.57060000003,1280.9337499999203,23196.504349999952
2024-12-20T13:47:57.000000,21915.57060000003,1129.0785499999206,23044.649149999954
2024-12-20T13:48:12.000000,21915.57060000003,977.2233499999209,22892.793949999956
2024-12-20T13:49:32.000000,21925.89330000003,977.2233499999209,22903.116649999956
2024-12-20T13:49:47.000000,21925.89330000003,1074.58309999992,23000.476399999956
2024-12-20T13:49:57.000000,21925.89330000003,1290.6294999999195,23216.522799999955
2024-12-20T13:50:02.000000,21925.89330000003,1506.675899999919,23432.569199999954
2024-12-20T13:50:07.000000,21925.89330000003,1690.7430999999178,23616.636399999952
2024-12-20T13:50:17.000000,21925.89330000003,1842.8182999999171,23768.71159999995
2024-12-20T13:51:42.000000,21925.89330000003,1882.9406999999176,23808.83399999995
2024-12-20T13:51:57.000000,21925.89330000003,1700.2664499999187,23626.15974999995
2024-12-20T13:51:57.000000,21925.89330000003,1740.401649999919,23666.294949999952
2024-12-20T13:53:07.000000,21925.89330000003,1844.4824499999195,23770.375749999952
2024-12-20T13:53:12.000000,21925.89330000003,1948.56324999992,23874.45654999995
2024-12-20T13:53:17.000000,21925.89330000003,2052.6440499999203,23978.53734999995
2024-12-20T13:53:22.000000,21925.89330000003,2124.73284999992,24050.626149999953
2024-12-20T13:53:32.000000,21925.89330000003,2164.8424499999187,24090.735749999953
2024-12-20T13:53:37.000000,21925.89330000003,2188.962449999918,24114.85574999995
2024-12-20T13:53:42.000000,21925.89330000003,2199.712349999918,24125.60564999995
2024-12-20T13:56:37.000000,21925.89330000003,2287.8675499999185,24213.76084999995
2024-12-20T14:01:42.000000,21918.232500000027,2287.8675499999185,24206.10004999995
2024-12-20T14:03:27.000000,21918.232500000027,2322.635449999919,24240.86794999995
2024-12-20T14:03:37.000000,21918.232500000027,2363.401849999919,24281.63434999995
2024-12-20T14:03:42.000000,21918.232500000027,2404.1682499999188,24322.40074999995
2024-12-20T14:03:52.000000,21918.232500000027,2444.9346499999187,24363.16714999995
2024-12-20T14:03:57.000000,21918.232500000027,2488.699099999918,24406.93159999995
2024-12-20T14:04:02.000000,21918.232500000027,2529.465499999918,24447.69799999995
2024-12-20T14:04:12.000000,21918.232500000027,2576.232799999918,24494.46529999995
2024-12-20T14:04:17.000000,21918.232500000027,2620.0020499999173,24538.23454999995
2024-12-20T14:04:17.000000,21866.261900000027,2620.0020499999173,24486.26394999995
2024-12-20T14:04:27.000000,21866.261900000027,2669.7721999999176,24536.03409999995
2024-12-20T14:04:32.000000,21866.261900000027,2722.5427999999174,24588.80469999995
2024-12-20T14:04:37.000000,21866.261900000027,2775.3133999999172,24641.57529999995
2024-12-20T14:04:52.000000,21866.261900000027,2837.0853499999175,24703.347249999948
2024-12-20T14:04:57.000000,21866.261900000027,2898.857299999918,24765.119199999946
2024-12-20T14:05:27.000000,21866.261900000027,2945.631799999918,24811.893699999946
2024-12-20T14:05:32.000000,21866.261900000027,3081.858199999918,24948.120099999946
2024-12-20T14:05:52.000000,21866.261900000027,3104.3386999999184,24970.600599999947
2024-12-20T14:07:47.000000,21866.261900000027,3061.57344999992,24927.83534999995
2024-12-20T14:07:52.000000,21866.261900000027,3018.8081999999213,24885.070099999954
2024-12-20T14:07:57.000000,21866.261900000027,2971.046199999922,24837.308099999955
2024-12-20T14:08:07.000000,21867.674300000028,2971.046199999922,24838.720499999956
2024-12-20T14:08:22.000000,21877.09110000003,2971.046199999922,24848.13729999996
2024-12-20T14:08:27.000000,21882.50410000003,2971.046199999922,24853.55029999996
2024-12-20T14:08:37.000000,21863.538450000033,2971.046199999922,24834.58464999996
2024-12-20T14:08:37.000000,21860.95025000003,2971.046199999922,24831.99644999996
2024-12-20T14:08:42.000000,21841.984600000033,2971.046199999922,24813.03079999996
2024-12-20T14:08:42.000000,21839.39640000003,2971.046199999922,24810.44259999996
2024-12-20T14:08:52.000000,21844.80940000003,2971.046199999922,24815.85559999996
2024-12-20T14:09:42.000000,21854.22300000003,2971.046199999922,24825.26919999996
2024-12-20T14:09:57.000000,21859.63920000003,2971.046199999922,24830.68539999996
2024-12-20T14:10:02.000000,21865.05540000003,2971.046199999922,24836.101599999958
2024-12-20T14:10:12.000000,22001.32020000003,2971.046199999922,24972.36639999996
2024-12-20T14:10:17.000000,22137.585000000032,2971.046199999922,25108.63119999996
2024-12-20T14:10:22.000000,22257.84740000003,2971.046199999922,25228.89359999996
2024-12-20T14:11:27.000000,22257.84740000003,2915.2949999999214,25173.14239999996
2024-12-20T14:11:32.000000,22257.84740000003,2843.5541999999214,25101.40159999996
2024-12-20T14:12:37.000000,22257.84740000003,2720.752949999921,24978.60034999996
2024-12-20T14:12:42.000000,22257.84740000003,2597.9516999999205,24855.79909999996
2024-12-20T14:12:47.000000,22257.84740000003,2480.151199999921,24737.99859999996
2024-12-20T14:12:52.000000,22257.84740000003,2362.3506999999217,24620.198099999958
2024-12-20T14:12:57.000000,22257.84740000003,2244.5501999999224,24502.397599999957
2024-12-20T14:13:02.000000,22257.84740000003,2131.750449999922,24389.597849999955
2024-12-20T14:15:27.000000,22257.84740000003,2139.996049999923,24397.843449999957
2024-12-20T14:15:47.000000,22257.84740000003,2164.2312499999234,24422.078649999956
2024-12-20T14:16:07.000000,22257.84740000003,2188.466449999924,24446.313849999955
2024-12-20T14:16:12.000000,22257.84740000003,2196.6992499999237,24454.546649999953
2024-12-20T14:17:22.000000,22257.84740000003,2188.9424499999236,24446.789849999954
2024-12-20T14:17:27.000000,22280.642300000032,2188.9424499999236,24469.584749999955
2024-12-20T14:20:37.000000,22280.642300000032,2149.206449999923,24429.848749999954
2024-12-20T14:20:57.000000,22280.642300000032,2061.245649999923,24341.887949999953
2024-12-20T14:21:07.000000,22280.642300000032,1973.2848499999232,24253.927149999952
2024-12-20T14:22:32.000000,22280.642300000032,1965.5408499999232,24246.183149999953
2024-12-20T14:23:12.000000,22280.642300000032,1966.8957999999247,24247.538099999954
2024-12-20T14:23:57.000000,22280.642300000032,1953.771699999925,24234.413999999953
2024-12-20T14:23:57.000000,22280.642300000032,1956.7829499999248,24237.425249999953
2024-12-20T14:24:22.000000,22280.642300000032,1959.7941999999246,24240.436499999953
2024-12-20T14:24:27.000000,22280.642300000032,1952.1549999999245,24232.79729999995
2024-12-20T14:24:32.000000,22280.642300000032,1944.1549999999245,24224.79729999995
2024-12-20T14:24:37.000000,22280.642300000032,1936.1549999999245,24216.79729999995
2024-12-20T14:24:52.000000,22280.642300000032,1944.1445999999241,24224.786899999952
2024-12-20T14:25:07.000000,22280.642300000032,1947.155849999924,24227.79814999995
2024-12-20T14:25:07.000000,22280.642300000032,1954.6580999999237,24235.300399999953
2024-12-20T14:25:12.000000,22280.642300000032,1946.6764999999236,24227.318799999954
2024-12-20T14:25:12.000000,22280.642300000032,1969.168999999923,24249.811299999954
2024-12-20T14:25:17.000000,22280.642300000032,1991.6614999999224,24272.303799999954
2024-12-20T14:25:22.000000,22280.642300000032,1994.6727499999222,24275.315049999954
2024-12-20T14:25:22.000000,22280.642300000032,2017.1652499999216,24297.807549999954
2024-12-20T14:25:27.000000,22280.642300000032,2009.1836499999215,24289.825949999955
2024-12-20T14:25:27.000000,22280.642300000032,2031.6881499999208,24312.330449999954
2024-12-20T14:25:32.000000,22280.642300000032,2054.1926499999204,24334.834949999953
2024-12-20T14:25:42.000000,22280.642300000032,2091.6873999999193,24372.32969999995
2024-12-20T14:25:52.000000,22280.642300000032,2115.6921999999186,24396.33449999995
2024-12-20T14:25:57.000000,22280.642300000032,2139.696999999918,24420.33929999995
2024-12-20T14:26:02.000000,22280.642300000032,2163.701799999917,24444.344099999948
2024-12-20T14:26:07.000000,22280.642300000032,2187.7065999999163,24468.348899999946
2024-12-20T14:26:47.000000,22280.642300000032,2210.211099999916,24490.853399999945
2024-12-20T14:27:17.000000,22280.642300000032,2217.3693499999144,24498.011649999946
2024-12-20T14:27:22.000000,22280.642300000032,2254.8640999999134,24535.506399999944
2024-12-20T14:27:47.000000,22280.642300000032,2278.8688999999126,24559.511199999943
2024-12-20T14:28:07.000000,22280.642300000032,2302.873699999912,24583.51599999994
2024-12-20T14:28:17.000000,22280.642300000032,2268.237649999911,24548.87994999994
2024-12-20T14:28:47.000000,22280.642300000032,2260.264849999911,24540.90714999994
2024-12-20T14:29:27.000000,22280.642300000032,2252.277649999911,24532.91994999994
2024-12-20T14:30:47.000000,22286.055300000033,2252.277649999911,24538.33294999994
2024-12-20T14:35:27.000000,22286.055300000033,2226.6357499999094,24512.69104999994
2024-12-23T09:50:17.000000,22246.152900000034,2226.6357499999094,24472.78864999994
2024-12-23T09:50:37.000000,22302.200900000033,2226.6357499999094,24528.83664999994
2024-12-23T09:50:42.000000,22358.24890000003,2226.6357499999094,24584.884649999938
2024-12-23T09:51:37.000000,22462.291300000034,2226.6357499999094,24688.92704999994
2024-12-23T09:51:42.000000,22582.323300000033,2226.6357499999094,24808.95904999994
2024-12-23T09:51:47.000000,22670.363300000034,2226.6357499999094,24896.99904999994
2024-12-23T09:51:52.000000,22774.405700000036,2226.6357499999094,25001.041449999942
2024-12-23T09:52:02.000000,22878.460900000035,2226.6357499999094,25105.09664999994
2024-12-23T09:52:07.000000,22950.524100000035,2226.6357499999094,25177.15984999994
2024-12-23T09:52:12.000000,23022.587300000036,2226.6357499999094,25249.223049999942
2024-12-23T09:52:42.000000,23110.640100000033,2226.6357499999094,25337.27584999994
2024-12-23T09:54:12.000000,23110.640100000033,2338.1383999999093,25448.77849999994
2024-12-23T09:54:12.000000,23118.744900000034,2338.1383999999093,25456.88329999994
2024-12-23T09:54:17.000000,23118.744900000034,2435.6445499999095,25554.38944999994
2024-12-23T09:54:22.000000,23118.744900000034,2540.1573499999095,25658.90224999994
2024-12-23T09:55:17.000000,23110.847300000034,2540.1573499999095,25651.00464999994
2024-12-23T09:55:22.000000,23054.955300000034,2540.1573499999095,25595.11264999994
2024-12-23T09:59:32.000000,22967.096900000033,2540.1573499999095,25507.25424999994
2024-12-23T10:02:37.000000,22815.33130000003,2540.1573499999095,25355.488649999937
2024-12-23T10:03:22.000000,22716.61765000003,2540.1573499999095,25256.774999999936
2024-12-23T10:03:47.000000,22652.892450000032,2540.1573499999095,25193.04979999994
2024-12-23T10:04:12.000000,22603.18055000003,2540.1573499999095,25143.337899999937
2024-12-23T10:06:52.000000,22659.38215000003,2540.1573499999095,25199.539499999937
2024-12-23T10:07:02.000000,22731.586150000032,2540.1573499999095,25271.74349999994
2024-12-23T10:07:12.000000,22771.78535000003,2540.1573499999095,25311.942699999938
2024-12-23T10:07:17.000000,22795.99495000003,2540.1573499999095,25336.152299999936
2024-12-23T10:07:32.000000,22774.29845000003,2540.1573499999095,25314.455799999938
2024-12-23T10:07:37.000000,22745.60650000003,2540.1573499999095,25285.763849999938
2024-12-23T10:07:37.000000,22737.82410000003,2540.1573499999095,25277.981449999937
2024-12-23T10:07:42.000000,22762.04650000003,2540.1573499999095,25302.203849999936
2024-12-23T10:07:47.000000,22726.35350000003,2540.1573499999095,25266.510849999937
2024-12-23T10:07:57.000000,22782.56790000003,2540.1573499999095,25322.725249999938
2024-12-23T10:09:58.000000,22763.32770000003,2540.1573499999095,25303.485049999937
2024-12-23T10:10:07.000000,22763.32770000003,2502.64884999991,25265.976549999938
2024-12-23T10:10:27.000000,22763.32770000003,2462.8872499999106,25226.21494999994
2024-12-23T10:10:47.000000,22811.61370000003,2462.8872499999106,25274.50094999994
2024-12-23T10:12:07.000000,22793.90820000003,2462.8872499999106,25256.79544999994
2024-12-23T10:12:47.000000,22793.90820000003,2563.6674499999117,25357.57564999994
2024-12-23T10:14:07.000000,22793.90820000003,2484.6774499999124,25278.585649999943
2024-12-23T10:14:07.000000,22793.90820000003,2501.693199999911,25295.60139999994
2024-12-23T10:14:12.000000,22793.90820000003,2493.746799999911,25287.65499999994
2024-12-23T10:14:12.000000,22793.90820000003,2495.772299999911,25289.68049999994
2024-12-23T10:15:47.000000,22793.90820000003,2532.4476999999106,25326.35589999994
2024-12-23T10:16:37.000000,22793.90820000003,2531.7151499999104,25325.62334999994
2024-12-23T10:16:42.000000,22793.90820000003,2530.9769999999103,25324.88519999994
2024-12-23T10:17:22.000000,22793.90820000003,2523.0217999999104,25316.92999999994
2024-12-23T10:18:52.000000,22793.90820000003,2533.89649999991,25327.80469999994
2024-12-23T10:22:17.000000,22720.97045000003,2533.89649999991,25254.866949999938
2024-12-23T10:23:32.000000,22720.97045000003,2586.8014999999095,25307.771949999937
2024-12-23T10:23:47.000000,22720.97045000003,2450.9742999999107,25171.944749999937
2024-12-23T10:24:17.000000,22720.97045000003,2454.0119499999105,25174.982399999935
2024-12-23T10:28:57.000000,22720.97045000003,2462.12954999991,25183.099999999937
2024-12-23T10:29:02.000000,22720.97045000003,2470.2471499999097,25191.217599999938
2024-12-23T10:30:12.000000,22720.97045000003,2510.3567499999085,25231.327199999938
2024-12-23T10:30:17.000000,22720.97045000003,2534.476749999908,25255.447199999937
2024-12-23T10:34:17.000000,22720.97045000003,2511.942499999909,25232.91294999994
2024-12-23T10:35:22.000000,22720.97045000003,2509.4072499999083,25230.37769999994
2024-12-23T10:39:52.000000,22720.97045000003,2531.8797499999096,25252.85019999994
2024-12-23T10:43:32.000000,22685.50705000003,2531.8797499999096,25217.38679999994
2024-12-23T10:45:22.000000,22685.50705000003,2447.2561999999093,25132.763249999938
2024-12-23T10:48:27.000000,22685.50705000003,2494.58204999991,25180.08909999994
2024-12-23T10:48:27.000000,22685.50705000003,2486.58204999991,25172.08909999994
2024-12-23T10:48:32.000000,22685.50705000003,2533.9078999999106,25219.41494999994
2024-12-23T10:49:37.000000,22713.488300000026,2533.9078999999106,25247.396199999937
2024-12-23T10:51:22.000000,22713.488300000026,2547.91199999991,25261.400299999936
2024-12-23T10:51:27.000000,22713.488300000026,2561.91609999991,25275.404399999934
2024-12-23T10:51:32.000000,22713.488300000026,2564.9273499999094,25278.415649999934
2024-12-23T10:51:37.000000,22713.488300000026,2556.9369499999093,25270.425249999935
2024-12-23T10:51:42.000000,22713.488300000026,2559.948199999909,25273.436499999934
2024-12-23T10:51:47.000000,22713.488300000026,2562.9594499999084,25276.447749999934
2024-12-23T10:51:57.000000,22713.488300000026,2565.970699999908,25279.458999999933
2024-12-23T10:52:02.000000,22713.488300000026,2600.5569999999084,25314.045299999932
2024-12-23T10:52:07.000000,22713.488300000026,2628.1422499999076,25341.630549999933
2024-12-23T10:52:12.000000,22713.488300000026,2641.725399999907,25355.21369999993
2024-12-23T10:52:17.000000,22713.488300000026,2655.3085499999065,25368.79684999993
2024-12-23T10:52:22.000000,22713.488300000026,2661.896249999906,25375.38454999993
2024-12-23T10:53:17.000000,22713.488300000026,2664.3657499999076,25377.854049999933
2024-12-23T10:55:12.000000,22713.488300000026,2634.380849999908,25347.869149999933
2024-12-23T11:01:12.000000,22625.629900000025,2634.380849999908,25260.010749999932
2024-12-23T11:10:37.000000,22625.629900000025,2610.5064499999085,25236.13634999993
2024-12-23T11:10:42.000000,22625.629900000025,2586.6320499999088,25212.26194999993
2024-12-23T11:10:47.000000,22625.629900000025,2562.757649999909,25188.38754999993
2024-12-23T11:10:52.000000,22625.629900000025,2538.8832499999094,25164.51314999993
2024-12-23T11:10:57.000000,22625.629900000025,2515.0088499999097,25140.63874999993
2024-12-23T11:11:02.000000,22625.629900000025,2491.13444999991,25116.76434999993
2024-12-23T11:27:42.000000,22602.747650000027,2491.13444999991,25093.88209999993
2024-12-23T11:27:47.000000,22564.867150000027,2491.13444999991,25056.00159999993
2024-12-23T11:29:37.000000,22576.974150000027,2491.13444999991,25068.10859999993
2024-12-23T11:30:02.000000,22579.07965000003,2491.13444999991,25070.214099999932
2024-12-23T13:13:07.000000,22553.66095000003,2491.13444999991,25044.795399999934
2024-12-23T13:19:37.000000,22553.66095000003,2467.388049999909,25021.048999999934
2024-12-23T13:29:42.000000,22553.66095000003,2491.6104499999083,25045.271399999932
2024-12-23T13:29:47.000000,22553.66095000003,2531.8224499999073,25085.483399999932
2024-12-23T13:30:02.000000,22553.66095000003,2572.0344499999064,25125.69539999993
2024-12-23T13:30:07.000000,22553.66095000003,2612.2464499999055,25165.90739999993
2024-12-23T13:35:17.000000,22553.66095000003,2589.7681999999068,25143.42914999993
2024-12-23T13:35:17.000000,22553.66095000003,2585.691049999907,25139.35199999993
2024-12-23T13:35:27.000000,22553.66095000003,2581.6138999999075,25135.27484999993
2024-12-23T13:35:42.000000,22553.66095000003,2577.534349999907,25131.195299999927
2024-12-23T13:35:52.000000,22553.66095000003,2576.455249999907,25130.116199999928
2024-12-23T13:36:27.000000,22553.66095000003,2581.372249999907,25135.03319999993
2024-12-23T13:38:37.000000,22553.66095000003,2605.5946499999063,25159.255599999928
2024-12-23T13:39:27.000000,22553.66095000003,2629.8170499999055,25183.477999999926
2024-12-23T13:39:32.000000,22553.66095000003,2654.0394499999047,25207.700399999925
2024-12-23T13:39:42.000000,22501.182200000032,2654.0394499999047,25155.221649999927
2024-12-23T13:39:52.000000,22501.182200000032,2691.5797999999054,25192.761999999926
2024-12-23T13:40:12.000000,22501.182200000032,2720.1259999999047,25221.308199999927
2024-12-23T13:42:32.000000,22501.182200000032,2728.371599999906,25229.55379999993
2024-12-23T13:42:57.000000,22501.182200000032,2801.311599999906,25302.493799999927
2024-12-23T13:42:57.000000,22501.182200000032,2854.2645999999063,25355.44679999993
2024-12-23T13:42:57.000000,22501.182200000032,2922.2078499999075,25423.39004999993
2024-12-23T13:48:57.000000,22443.338700000033,2922.2078499999075,25365.54654999993
2024-12-23T13:52:07.000000,22443.338700000033,2923.7931999999073,25367.13189999993
2024-12-23T13:52:17.000000,22443.338700000033,2823.572049999908,25266.91074999993
2024-12-23T13:55:12.000000,22403.641100000033,2823.572049999908,25227.21314999993
2024-12-23T13:55:17.000000,22363.943500000034,2823.572049999908,25187.51554999993
2024-12-23T13:55:22.000000,22340.248300000032,2823.572049999908,25163.82034999993
2024-12-23T13:57:57.000000,22340.248300000032,2894.3045499999084,25234.55284999993
2024-12-23T13:57:57.000000,22340.248300000032,2962.0389999999084,25302.28729999993
2024-12-23T13:57:57.000000,22340.248300000032,3032.771499999909,25373.019799999933
2024-12-23T13:57:57.000000,22340.248300000032,3103.5039999999094,25443.752299999935
2024-12-23T14:02:12.000000,22268.622700000033,3103.5039999999094,25372.126699999935
2024-12-23T14:02:17.000000,22180.994700000032,3103.5039999999094,25284.498699999935
2024-12-23T14:02:27.000000,22093.36670000003,3103.5039999999094,25196.870699999934
2024-12-23T14:03:52.000000,22069.70990000003,3103.5039999999094,25173.213899999933
2024-12-23T14:04:22.000000,22062.06830000003,3103.5039999999094,25165.572299999934
2024-12-23T14:05:47.000000,22006.457900000034,3103.5039999999094,25109.961899999937
2024-12-23T14:05:57.000000,21934.845100000035,3103.5039999999094,25038.349099999938
2024-12-23T14:07:02.000000,21959.233900000036,3103.5039999999094,25062.73789999994
2024-12-23T14:12:02.000000,21906.463150000036,3103.5039999999094,25009.96714999994
2024-12-23T14:13:42.000000,21903.679900000036,3103.5039999999094,25007.183899999938
2024-12-23T14:13:52.000000,21906.001400000034,3103.5039999999094,25009.505399999936
2024-12-23T14:14:57.000000,21923.217150000033,3103.5039999999094,25026.721149999936
2024-12-23T14:15:12.000000,21925.438650000033,3103.5039999999094,25028.942649999935
2024-12-23T14:18:32.000000,21925.438650000033,3139.6345999999103,25065.073249999936
2024-12-23T14:18:37.000000,21925.438650000033,3175.765199999911,25101.203849999936
2024-12-23T14:18:57.000000,21925.438650000033,3211.895799999912,25137.334449999937
2024-12-23T14:19:17.000000,21888.482150000033,3211.895799999912,25100.377949999936
2024-12-23T14:19:32.000000,21841.52415000003,3211.895799999912,25053.419949999934
2024-12-23T14:19:42.000000,21841.52415000003,3268.250999999912,25109.775149999936
2024-12-23T14:20:22.000000,21841.52415000003,3308.616599999911,25150.140749999933
2024-12-23T14:20:27.000000,21841.52415000003,3348.9821999999103,25190.50634999993
2024-12-23T14:21:27.000000,21841.52415000003,3350.6107499999102,25192.13489999993
2024-12-23T14:21:32.000000,21841.52415000003,3385.2106499999104,25226.734799999933
2024-12-23T14:21:32.000000,21841.52415000003,3386.8463999999103,25228.370549999934
2024-12-23T14:22:12.000000,21841.52415000003,3411.2223999999096,25252.746549999934
2024-12-23T14:25:07.000000,21864.13665000003,3411.2223999999096,25275.359049999934
2024-12-23T14:26:12.000000,21889.283200000027,3411.2223999999096,25300.50559999993
2024-12-23T14:26:37.000000,21889.283200000027,3355.6119999999105,25244.895199999934
2024-12-23T14:26:42.000000,21889.283200000027,3327.960999999911,25217.244199999936
2024-12-23T14:26:42.000000,21889.283200000027,3272.350599999912,25161.633799999938
2024-12-23T14:26:47.000000,21889.283200000027,3244.6915999999123,25133.974799999938
2024-12-23T14:26:57.000000,21889.283200000027,3189.081199999913,25078.36439999994
2024-12-23T14:27:52.000000,21889.283200000027,3151.4206999999137,25040.703899999942
2024-12-23T14:28:07.000000,21905.899600000026,3151.4206999999137,25057.32029999994
2024-12-23T14:30:32.000000,21905.899600000026,3108.855449999913,25014.75504999994
2024-12-23T14:30:37.000000,21905.899600000026,3091.1659499999114,24997.06554999994
2024-12-23T14:30:47.000000,21905.899600000026,3073.4844499999117,24979.384049999942
2024-12-23T14:30:52.000000,21905.899600000026,3055.802949999912,24961.702549999944
2024-12-23T14:30:57.000000,21905.899600000026,3018.126449999911,24924.026049999942
2024-12-23T14:30:57.000000,21905.899600000026,2974.755449999912,24880.655049999943
2024-12-23T14:31:17.000000,21905.899600000026,2922.8904499999107,24828.79004999994
2024-12-23T14:31:27.000000,21905.899600000026,2819.24724999991,24725.14684999994
2024-12-23T14:31:32.000000,21905.899600000026,2699.6016499999096,24605.50124999994
2024-12-23T14:31:37.000000,21905.899600000026,2638.227949999909,24544.12754999994
2024-12-23T14:31:37.000000,21905.899600000026,2502.579949999909,24408.479549999938
2024-12-23T14:31:42.000000,21905.899600000026,2350.929549999909,24256.82914999994
2024-12-23T14:31:52.000000,21905.899600000026,2287.629949999909,24193.52954999994
2024-12-23T14:31:52.000000,21905.899600000026,2119.9771499999083,24025.87674999994
2024-12-23T14:31:57.000000,21905.899600000026,1936.3219499999077,23842.22154999994
2024-12-23T14:32:02.000000,21905.899600000026,1752.666749999907,23658.56634999994
2024-12-23T14:32:07.000000,21905.899600000026,1569.0115499999065,23474.911149999938
2024-12-23T14:32:32.000000,21905.899600000026,1449.365949999906,23355.26554999994
2024-12-23T14:32:37.000000,21905.899600000026,1313.7179499999058,23219.617549999937
2024-12-23T14:32:52.000000,21908.533100000026,1313.7179499999058,23222.251049999937
2024-12-23T14:32:52.000000,21908.533100000026,1194.0723499999053,23102.605449999937
2024-12-23T14:33:02.000000,21928.164350000025,1194.0723499999053,23122.236699999936
2024-12-23T14:33:12.000000,21928.164350000025,1106.4315499999057,23034.595899999935
2024-12-23T14:33:17.000000,21928.164350000025,1002.7883499999049,22930.952699999933
2024-12-23T14:33:22.000000,21928.164350000025,915.1475499999052,22843.31189999993
2024-12-23T14:33:32.000000,21928.164350000025,827.5067499999055,22755.67109999993
2024-12-23T14:33:37.000000,21928.164350000025,723.8635499999048,22652.02789999993
2024-12-23T14:33:42.000000,21928.164350000025,620.220349999904,22548.384699999926
2024-12-23T14:33:47.000000,21928.164350000025,592.5373499999026,22520.701699999925
2024-12-23T14:33:47.000000,21928.164350000025,488.89414999990186,22417.058499999923
2024-12-23T14:34:22.000000,21902.803250000026,488.89414999990186,22391.697399999925
2024-12-23T14:35:07.000000,21902.803250000026,401.24054999990074,22304.043799999923
2024-12-23T14:35:12.000000,21902.803250000026,383.55904999990094,22286.362299999924
2024-12-23T14:35:17.000000,21902.803250000026,365.87754999990113,22268.680799999926
2024-12-23T14:35:37.000000,21916.812800000025,365.87754999990113,22282.690349999924
2024-12-23T14:35:42.000000,21930.822350000024,365.87754999990113,22296.699899999923
2024-12-23T14:35:42.000000,21930.822350000024,294.22634999990106,22225.048699999923
2024-12-23T14:35:52.000000,21930.822350000024,238.5647499999021,22169.387099999924
2024-12-23T14:36:07.000000,21930.822350000024,198.89274999990278,22129.715099999925
2024-12-23T14:36:17.000000,21930.822350000024,159.22074999990346,22090.043099999926
2024-12-23T14:36:47.000000,21930.822350000024,160.82049999990326,22091.642849999927
2024-12-23T14:36:47.000000,21930.822350000024,201.09649999990364,22131.91884999993
2024-12-23T14:36:57.000000,21930.822350000024,211.69759999990325,22142.51994999993
2024-12-23T14:37:02.000000,21930.822350000024,299.95519999990404,22230.77754999993
2024-12-23T14:37:07.000000,21930.822350000024,301.56214999990385,22232.38449999993
2024-12-23T14:37:07.000000,21930.822350000024,389.8197499999046,22320.64209999993
2024-12-23T14:37:12.000000,21930.822350000024,391.42669999990443,22322.249049999933
2024-12-23T14:37:12.000000,21930.822350000024,479.6842999999052,22410.506649999934
2024-12-23T14:37:17.000000,21930.822350000024,472.2970999999052,22403.119449999933
2024-12-23T14:37:17.000000,21930.822350000024,496.5962999999059,22427.418649999934
2024-12-23T14:37:22.000000,21930.822350000024,489.2090999999059,22420.031449999933
2024-12-23T14:37:22.000000,21930.822350000024,529.5106999999063,22460.333049999932
2024-12-23T14:37:27.000000,21930.822350000024,553.8226999999056,22484.64504999993
2024-12-23T14:37:32.000000,21930.822350000024,589.9268999999066,22520.74924999993
2024-12-23T14:37:32.000000,21930.822350000024,612.103399999906,22542.92574999993
2024-12-23T14:37:32.000000,21930.822350000024,604.7161999999059,22535.53854999993
2024-12-23T14:37:32.000000,21930.822350000024,645.0177999999063,22575.840149999927
2024-12-23T14:37:37.000000,21930.822350000024,681.1219999999073,22611.94434999993
2024-12-23T14:37:37.000000,21930.822350000024,721.4235999999077,22652.245949999928
2024-12-23T14:37:42.000000,21930.822350000024,746.5349499999089,22677.35729999993
2024-12-23T14:37:42.000000,21930.822350000024,802.8261499999089,22733.64849999993
2024-12-23T14:37:47.000000,21930.822350000024,827.9374999999102,22758.759849999933
2024-12-23T14:37:47.000000,21930.822350000024,868.2390999999105,22799.061449999932
2024-12-23T14:37:52.000000,21930.822350000024,893.3504499999118,22824.172799999935
2024-12-23T14:37:52.000000,21930.822350000024,949.6544499999119,22880.476799999935
2024-12-23T14:37:57.000000,21930.822350000024,963.7729499999134,22894.595299999935
2024-12-23T14:37:57.000000,21930.822350000024,1004.0745499999138,22934.896899999934
2024-12-23T14:38:02.000000,21930.822350000024,1028.386549999913,22959.208899999932
2024-12-23T14:38:07.000000,21930.822350000024,1052.6985499999123,22983.52089999993
2024-12-23T14:38:17.000000,21930.822350000024,1061.0209499999119,22991.84329999993
2024-12-23T14:38:22.000000,21930.822350000024,1085.332949999911,23016.15529999993
2024-12-23T14:38:32.000000,21930.822350000024,1093.6553499999106,23024.47769999993
2024-12-23T14:38:47.000000,21930.822350000024,1117.9673499999099,23048.78969999993
2024-12-23T14:39:17.000000,21930.822350000024,1158.281749999909,23089.104099999928
2024-12-23T14:39:57.000000,21930.822350000024,1206.640549999909,23137.46289999993
2024-12-23T14:40:07.000000,21930.822350000024,1246.954949999908,23177.77729999993
2024-12-23T14:40:32.000000,21930.822350000024,1287.2821499999084,23218.10449999993
2024-12-23T14:40:52.000000,21930.822350000024,1327.6093499999088,23258.43169999993
2024-12-23T14:40:57.000000,21930.822350000024,1351.9341499999082,23282.756499999927
2024-12-24T09:50:12.000000,21884.854100000026,1351.9341499999082,23236.78824999993
2024-12-24T09:52:07.000000,21859.886600000023,1351.9341499999082,23211.820749999926
2024-12-24T09:52:17.000000,21837.912350000024,1351.9341499999082,23189.846499999927
2024-12-24T09:52:42.000000,21815.942900000024,1351.9341499999082,23167.877049999926
2024-12-24T09:54:12.000000,21829.959650000023,1351.9341499999082,23181.893799999925
2024-12-24T09:54:17.000000,21843.97640000002,1351.9341499999082,23195.910549999924
2024-12-24T09:54:22.000000,21851.98985000002,1351.9341499999082,23203.923999999923
2024-12-24T09:54:32.000000,21859.14010000002,1351.9341499999082,23211.07424999992
2024-12-24T09:54:47.000000,21897.13405000002,1351.9341499999082,23249.06819999992
2024-12-24T09:54:47.000000,21899.279550000017,1351.9341499999082,23251.21369999992
2024-12-24T09:57:27.000000,22078.449200000017,1351.9341499999082,23430.38334999992
2024-12-24T09:57:42.000000,22268.611700000016,1351.9341499999082,23620.54584999992
2024-12-24T09:57:52.000000,22469.775850000016,1351.9341499999082,23821.70999999992
2024-12-24T09:57:57.000000,22659.938350000015,1351.9341499999082,24011.872499999918
2024-12-24T09:58:02.000000,22861.093700000016,1351.9341499999082,24213.02784999992
2024-12-24T09:58:07.000000,23051.256200000014,1351.9341499999082,24403.190349999917
2024-12-24T09:58:12.000000,23241.418700000013,1351.9341499999082,24593.352849999916
2024-12-24T09:58:17.000000,23420.579550000013,1351.9341499999082,24772.513699999916
2024-12-24T09:58:22.000000,23588.747550000015,1351.9341499999082,24940.681699999917
2024-12-24T09:58:27.000000,23756.915550000016,1351.9341499999082,25108.84969999992
2024-12-24T10:06:57.000000,23756.915550000016,1444.3291499999077,25201.24469999992
2024-12-24T10:08:27.000000,23756.915550000016,1461.1167499999071,25218.03229999992
2024-12-24T10:09:02.000000,23756.915550000016,1508.5049999999069,25265.42054999992
2024-12-24T10:09:02.000000,23756.915550000016,1540.9029999999061,25297.818549999916
2024-12-24T10:09:47.000000,23695.899450000015,1540.9029999999061,25236.802449999916
2024-12-24T10:09:52.000000,23634.880950000017,1540.9029999999061,25175.783949999917
2024-12-24T10:09:57.000000,23570.864400000017,1540.9029999999061,25111.767399999917
2024-12-24T10:10:22.000000,23488.847550000017,1540.9029999999061,25029.750549999917
2024-12-24T10:12:17.000000,23488.847550000017,1603.0574999999064,25091.905049999918
2024-12-24T10:13:22.000000,23488.847550000017,1661.5457999999062,25150.39334999992
2024-12-24T10:13:32.000000,23488.847550000017,1720.0388999999059,25208.886449999918
2024-12-24T10:13:52.000000,23525.94150000002,1720.0388999999059,25245.98039999992
2024-12-24T10:13:57.000000,23572.03680000002,1720.0388999999059,25292.07569999992
2024-12-24T10:14:02.000000,23618.13210000002,1720.0388999999059,25338.170999999922
2024-12-24T10:14:07.000000,23673.22155000002,1720.0388999999059,25393.26044999992
2024-12-24T10:14:12.000000,23701.30695000002,1720.0388999999059,25421.34584999992
2024-12-24T10:14:17.000000,23711.39685000002,1720.0388999999059,25431.43574999992
2024-12-24T10:16:47.000000,23703.61285000002,1720.0388999999059,25423.65174999992
2024-12-24T10:16:52.000000,23708.72905000002,1720.0388999999059,25428.76794999992
2024-12-24T10:16:57.000000,23690.94355000002,1720.0388999999059,25410.982449999923
2024-12-24T10:17:02.000000,23690.058850000023,1720.0388999999059,25410.097749999924
2024-12-24T10:17:07.000000,23683.17325000002,1720.0388999999059,25403.212149999923
2024-12-24T10:19:17.000000,23695.38425000002,1720.0388999999059,25415.423149999922
2024-12-24T10:19:22.000000,23695.38425000002,1613.1112499999065,25308.495499999925
2024-12-24T10:19:32.000000,23697.59775000002,1613.1112499999065,25310.708999999923
2024-12-24T10:19:52.000000,23694.81850000002,1613.1112499999065,25307.929749999923
2024-12-24T10:20:02.000000,23687.03850000002,1613.1112499999065,25300.149749999924
2024-12-24T10:20:17.000000,23687.03850000002,1542.1817999999062,25229.220299999924
2024-12-24T10:22:42.000000,23687.03850000002,1512.3552999999067,25199.393799999925
2024-12-24T10:23:07.000000,23731.53750000002,1512.3552999999067,25243.892799999925
2024-12-24T10:23:22.000000,23763.02415000002,1512.3552999999067,25275.379449999924
2024-12-24T10:23:37.000000,23794.51080000002,1512.3552999999067,25306.866099999923
2024-12-24T10:24:32.000000,23794.51080000002,1514.5327999999065,25309.043599999924
2024-12-24T10:28:02.000000,23794.51080000002,1567.0153999999063,25361.526199999924
2024-12-24T10:28:12.000000,23794.51080000002,1613.5066999999062,25408.017499999925
2024-12-24T10:28:12.000000,23794.51080000002,1654.0018999999063,25448.512699999927
2024-12-24T10:28:32.000000,23794.51080000002,1711.1836499999058,25505.694449999926
2024-12-24T10:30:52.000000,23794.51080000002,1689.3869999999067,25483.897799999926
2024-12-24T10:30:52.000000,23794.51080000002,1670.5883999999069,25465.099199999928
2024-12-24T10:33:42.000000,23794.51080000002,1692.9848999999062,25487.495699999927
2024-12-24T10:33:42.000000,23794.51080000002,1725.3748999999054,25519.885699999926
2024-12-24T10:35:27.000000,23756.74230000002,1725.3748999999054,25482.117199999928
2024-12-24T10:35:32.000000,23703.97555000002,1725.3748999999054,25429.35044999993
2024-12-24T10:35:37.000000,23656.20955000002,1725.3748999999054,25381.58444999993
2024-12-24T10:35:42.000000,23613.444300000025,1725.3748999999054,25338.819199999933
2024-12-24T10:35:47.000000,23613.444300000025,1792.7701499999048,25406.21444999993
2024-12-24T10:35:47.000000,23570.679050000028,1792.7701499999048,25363.449199999934
2024-12-24T10:35:52.000000,23527.91380000003,1792.7701499999048,25320.683949999937
2024-12-24T10:35:57.000000,23485.148550000034,1792.7701499999048,25277.91869999994
2024-12-24T10:36:02.000000,23442.383300000038,1792.7701499999048,25235.153449999943
2024-12-24T10:36:07.000000,23399.61805000004,1792.7701499999048,25192.388199999947
2024-12-24T10:36:12.000000,23356.852800000044,1792.7701499999048,25149.62294999995
2024-12-24T10:36:17.000000,23314.087550000047,1792.7701499999048,25106.857699999953
2024-12-24T10:36:22.000000,23271.32230000005,1792.7701499999048,25064.092449999956
2024-12-24T10:37:42.000000,23238.558550000052,1792.7701499999048,25031.32869999996
2024-12-24T10:37:47.000000,23210.791550000053,1792.7701499999048,25003.56169999996
2024-12-24T10:38:32.000000,23178.035800000052,1792.7701499999048,24970.805949999958
2024-12-24T10:38:47.000000,23155.277550000053,1792.7701499999048,24948.04769999996
2024-12-24T10:39:27.000000,23107.767550000055,1792.7701499999048,24900.53769999996
2024-12-24T10:39:32.000000,23095.006800000057,1792.7701499999048,24887.776949999963
2024-12-24T10:42:17.000000,23095.006800000057,1760.0463999999045,24855.053199999962
2024-12-24T10:44:02.000000,23047.536800000056,1760.0463999999045,24807.58319999996
2024-12-24T10:44:07.000000,23000.074800000057,1760.0463999999045,24760.12119999996
2024-12-24T10:45:12.000000,22992.382800000058,1760.0463999999045,24752.429199999962
2024-12-24T10:46:37.000000,22992.382800000058,1806.1560999999049,24798.538899999963
2024-12-24T10:46:47.000000,22992.382800000058,1861.259949999905,24853.642749999963
2024-12-24T10:47:17.000000,22992.382800000058,1871.3642499999046,24863.74704999996
2024-12-24T10:47:27.000000,22992.382800000058,1881.468549999904,24873.85134999996
2024-12-24T10:47:37.000000,22992.382800000058,1882.5786999999038,24874.96149999996
2024-12-24T10:48:52.000000,22964.92380000006,1882.5786999999038,24847.502499999962
2024-12-24T10:49:02.000000,22937.456800000058,1882.5786999999038,24820.03549999996
2024-12-24T10:49:07.000000,22919.99130000006,1882.5786999999038,24802.569999999963
2024-12-24T10:49:12.000000,22912.52730000006,1882.5786999999038,24795.105999999963
2024-12-24T10:49:17.000000,22905.05530000006,1882.5786999999038,24787.63399999996
2024-12-24T10:49:22.000000,22887.581800000058,1882.5786999999038,24770.16049999996
2024-12-24T10:49:27.000000,22870.108300000058,1882.5786999999038,24752.68699999996
2024-12-24T10:49:32.000000,22862.636300000057,1882.5786999999038,24745.21499999996
2024-12-24T10:49:37.000000,22855.164300000055,1882.5786999999038,24737.74299999996
2024-12-24T10:49:42.000000,22837.698800000057,1882.5786999999038,24720.27749999996
2024-12-24T10:49:47.000000,22830.234800000057,1882.5786999999038,24712.81349999996
2024-12-24T10:49:52.000000,22822.770800000057,1882.5786999999038,24705.34949999996
2024-12-24T10:50:12.000000,22805.297300000057,1882.5786999999038,24687.87599999996
2024-12-24T10:50:17.000000,22786.534050000057,1882.5786999999038,24669.11274999996
2024-12-24T10:50:22.000000,22767.770800000057,1882.5786999999038,24650.34949999996
2024-12-24T10:51:17.000000,22768.909750000057,1882.5786999999038,24651.48844999996
2024-12-24T10:51:22.000000,22779.050050000056,1882.5786999999038,24661.62874999996
2024-12-24T10:51:27.000000,22780.189000000057,1882.5786999999038,24662.76769999996
2024-12-24T10:51:52.000000,22781.327950000057,1882.5786999999038,24663.90664999996
2024-12-24T10:52:13.000000,22781.327950000057,1924.7461999999045,24706.07414999996
2024-12-24T10:53:17.000000,22803.82845000006,1924.7461999999045,24728.574649999962
2024-12-24T10:54:47.000000,22803.82845000006,1878.648349999905,24682.476799999964
2024-12-24T10:56:37.000000,22803.82845000006,1855.9300999999043,24659.758549999962
2024-12-24T10:56:42.000000,22803.82845000006,1833.2158499999055,24637.044299999965
2024-12-24T10:56:47.000000,22803.82845000006,1815.4943499999056,24619.322799999965
2024-12-24T11:00:42.000000,22803.82845000006,1790.037249999906,24593.865699999966
2024-12-24T11:02:22.000000,22803.82845000006,1727.3049999999046,24531.133449999965
2024-12-24T11:02:27.000000,22803.82845000006,1669.5694999999039,24473.397949999962
2024-12-24T11:02:32.000000,22803.82845000006,1616.834749999904,24420.663199999963
2024-12-24T11:08:32.000000,22803.82845000006,1606.8214999999036,24410.649949999963
2024-12-24T11:08:37.000000,22782.30555000006,1606.8214999999036,24389.127049999963
2024-12-24T11:08:42.000000,22782.30555000006,1596.8106499999042,24379.116199999964
2024-12-24T11:09:12.000000,22782.30555000006,1583.7921499999043,24366.097699999966
2024-12-24T11:09:37.000000,22718.12100000006,1583.7921499999043,24301.913149999968
2024-12-24T11:10:07.000000,22718.12100000006,1558.7670499999047,24276.88804999997
2024-12-24T11:10:22.000000,22718.12100000006,1528.9405499999052,24247.06154999997
2024-12-24T11:10:27.000000,22718.12100000006,1499.1140499999058,24217.23504999997
2024-12-24T11:10:32.000000,22718.12100000006,1469.2875499999063,24187.40854999997
2024-12-24T11:10:37.000000,22718.12100000006,1439.461049999907,24157.58204999997
2024-12-24T11:10:47.000000,22718.12100000006,1409.6345499999074,24127.755549999973
2024-12-24T11:10:57.000000,22718.12100000006,1379.808049999908,24097.929049999973
2024-12-24T11:11:02.000000,22718.12100000006,1349.9815499999086,24068.102549999974
2024-12-24T11:11:07.000000,22718.12100000006,1320.1550499999091,24038.276049999975
2024-12-24T11:11:12.000000,22718.12100000006,1290.3285499999097,24008.449549999976
2024-12-24T11:13:52.000000,22718.12100000006,1283.1597499999098,24001.280749999976
2024-12-24T11:17:57.000000,22718.12100000006,1305.3722499999092,24023.493249999974
2024-12-24T11:18:02.000000,22718.12100000006,1327.5847499999086,24045.705749999972
2024-12-24T11:20:27.000000,22718.12100000006,1330.7543999999084,24048.87539999997
2024-12-24T11:20:37.000000,22718.12100000006,1333.9240499999082,24052.04504999997
2024-12-24T11:21:57.000000,22718.12100000006,1299.8951999999083,24018.016199999973
2024-12-24T11:27:02.000000,22683.211350000063,1299.8951999999083,23983.106549999975
2024-12-24T13:00:17.000000,22683.211350000063,1292.0807999999083,23975.292149999976
2024-12-24T13:04:57.000000,22683.211350000063,1274.5512999999085,23957.762649999975
2024-12-24T13:07:32.000000,22683.211350000063,1256.9577999999087,23940.169149999976
2024-12-24T13:08:52.000000,22683.211350000063,1168.7432499999088,23851.954599999975
2024-12-24T13:09:22.000000,22683.211350000063,1059.5375499999088,23742.748899999977
2024-12-24T13:11:57.000000,22683.211350000063,1106.9257999999086,23790.137149999977
2024-12-24T13:12:07.000000,22683.211350000063,1139.3117999999095,23822.52314999998
2024-12-24T13:12:07.000000,22683.211350000063,1161.7042999999105,23844.91564999998
2024-12-24T13:12:17.000000,22670.498600000064,1161.7042999999105,23832.202899999982
2024-12-24T13:14:02.000000,22670.498600000064,1103.44864999991,23773.947249999983
2024-12-24T13:14:22.000000,22670.498600000064,1072.1778499999104,23742.676449999984
2024-12-24T13:14:27.000000,22670.498600000064,1043.9050999999104,23714.403699999984
2024-12-24T13:14:42.000000,22670.498600000064,1021.6332499999102,23692.131849999983
2024-12-24T13:14:47.000000,22681.214900000065,1021.6332499999102,23702.848149999983
2024-12-24T13:14:52.000000,22681.214900000065,984.3591499999097,23665.574049999985
2024-12-24T13:15:02.000000,22681.214900000065,950.0902999999098,23631.305199999984
2024-12-24T13:19:47.000000,22681.214900000065,900.5815999999096,23581.796499999986
2024-12-24T13:20:12.000000,22681.214900000065,863.0698999999103,23544.284799999987
2024-12-24T13:20:22.000000,22681.214900000065,807.5698999999113,23488.784799999987
2024-12-24T13:20:27.000000,22681.214900000065,752.0698999999123,23433.284799999987
2024-12-24T13:20:27.000000,22681.214900000065,733.2626499999126,23414.47754999999
2024-12-24T13:21:17.000000,22681.214900000065,696.1805499999132,23377.39544999999
2024-12-24T13:21:22.000000,22681.214900000065,623.4387999999137,23304.653699999988
2024-12-24T13:21:57.000000,22681.214900000065,593.6210999999142,23274.83599999999
2024-12-24T13:22:02.000000,22681.214900000065,563.8033999999147,23245.01829999999
2024-12-24T13:22:12.000000,22681.214900000065,533.9856999999153,23215.20059999999
2024-12-24T13:22:22.000000,22681.214900000065,504.1679999999157,23185.38289999999
2024-12-24T13:22:32.000000,22681.214900000065,474.35029999991616,23155.56519999999
2024-12-24T13:25:27.000000,22681.214900000065,481.56454999991496,23162.779449999987
2024-12-24T13:25:32.000000,22681.214900000065,483.77804999991474,23164.992949999985
2024-12-24T13:25:42.000000,22681.214900000065,485.9915499999145,23167.206449999983
2024-12-24T13:25:47.000000,22681.214900000065,483.2122999999135,23164.427199999984
2024-12-24T13:27:27.000000,22681.214900000065,485.4217999999133,23166.636699999985
2024-12-24T13:27:32.000000,22681.214900000065,487.63129999991304,23168.846199999985
2024-12-24T13:27:47.000000,22681.214900000065,479.84729999991305,23161.062199999986
2024-12-24T13:28:17.000000,22681.214900000065,489.8867999999127,23171.101699999985
2024-12-24T13:28:27.000000,22681.214900000065,490.9321499999125,23172.147049999985
2024-12-24T13:28:32.000000,22681.214900000065,491.9774999999123,23173.192399999985
2024-12-24T13:28:37.000000,22681.214900000065,493.0228499999121,23174.237749999986
2024-12-24T13:28:42.000000,22681.214900000065,494.06819999991194,23175.283099999986
2024-12-24T13:28:47.000000,22681.214900000065,495.11354999991175,23176.328449999986
2024-12-24T13:28:52.000000,22681.214900000065,498.2831999999115,23179.498099999986
2024-12-24T13:28:52.000000,22681.214900000065,508.32989999991275,23189.54479999999
2024-12-24T13:29:17.000000,22681.214900000065,518.376599999914,23199.59149999999
2024-12-24T13:29:27.000000,22681.214900000065,521.5462499999138,23202.76114999999
2024-12-24T13:31:42.000000,22681.214900000065,541.2902999999137,23222.505199999992
2024-12-24T13:31:52.000000,22681.214900000065,546.0368999999134,23227.25179999999
2024-12-24T13:32:02.000000,22681.214900000065,595.9030499999138,23277.117949999993
2024-12-24T13:32:22.000000,22681.214900000065,408.1440499999141,23089.358949999994
2024-12-24T13:32:27.000000,22681.214900000065,449.0112499999141,23130.226149999995
2024-12-24T13:32:27.000000,22681.214900000065,251.26274999991463,22932.477649999997
2024-12-24T13:32:32.000000,22681.214900000065,292.1299499999147,22973.344849999998
2024-12-24T13:32:32.000000,22681.214900000065,94.38544999991342,22775.600349999997
2024-12-24T13:32:37.000000,22681.214900000065,132.25459999991406,22813.4695
2024-12-24T13:33:07.000000,22681.214900000065,124.49059999991407,22805.7055
2024-12-24T13:33:07.000000,22681.214900000065,145.17559999991346,22826.390499999998
2024-12-24T13:33:12.000000,22681.214900000065,132.41084999991267,22813.625749999996
2024-12-24T13:33:17.000000,22681.214900000065,151.4732999999121,22832.688199999993
2024-12-24T13:35:32.000000,22681.214900000065,-1.4124500000874889,22679.802449999992
2024-12-24T13:37:32.000000,22681.214900000065,-309.3294500000882,22371.88544999999
2024-12-24T13:37:32.000000,22681.214900000065,-622.2432000000879,22058.97169999999
2024-12-24T13:39:22.000000,22681.214900000065,-712.6526000000867,21968.56229999999
2024-12-24T13:39:27.000000,22681.214900000065,-855.6648500000865,21825.55004999999
2024-12-24T13:39:32.000000,22681.214900000065,-1018.6761000000877,21662.53879999999
2024-12-24T13:40:02.000000,22681.214900000065,-1226.670100000087,21454.544799999992
2024-12-24T13:40:52.000000,22673.734900000065,-1226.670100000087,21447.064799999993
2024-12-24T13:41:37.000000,22674.809050000065,-1226.670100000087,21448.138949999993
2024-12-24T13:41:42.000000,22675.883200000066,-1226.670100000087,21449.213099999994
2024-12-24T13:41:47.000000,22676.957350000066,-1226.670100000087,21450.287249999994
2024-12-24T13:43:12.000000,22676.957350000066,-1165.1719000000862,21511.785449999996
2024-12-24T13:43:17.000000,22676.957350000066,-1111.6717000000867,21565.285649999994
2024-12-24T13:43:22.000000,22676.957350000066,-1062.1689000000865,21614.788449999996
2024-12-24T13:44:37.000000,22676.957350000066,-1063.2696000000867,21613.687749999997
2024-12-24T13:45:27.000000,22676.957350000066,-1055.3713500000865,21621.586
2024-12-24T13:45:32.000000,22676.957350000066,-1021.816550000086,21655.1408
2024-12-24T13:45:37.000000,22676.957350000066,-1013.9183000000858,21663.039050000003
2024-12-24T13:45:37.000000,22676.957350000066,-984.3641000000858,21692.59325
2024-12-24T13:48:57.000000,22676.957350000066,-942.8017000000855,21734.15565
2024-12-24T14:02:32.000000,22660.902400000065,-942.8017000000855,21718.1007
2024-12-24T14:02:42.000000,22638.848950000065,-942.8017000000855,21696.04725
2024-12-24T14:08:32.000000,22658.665000000066,-942.8017000000855,21715.8633
2024-12-24T14:08:37.000000,22651.210600000068,-942.8017000000855,21708.408900000002
2024-12-24T14:08:37.000000,22643.50260000007,-942.8017000000855,21700.700900000003
2024-12-24T14:08:42.000000,22663.31865000007,-942.8017000000855,21720.516950000005
2024-12-24T14:09:17.000000,22643.86725000007,-942.8017000000855,21701.065550000003
2024-12-24T14:11:02.000000,22617.95895000007,-942.8017000000855,21675.157250000004
2024-12-24T14:11:52.000000,22620.48845000007,-942.8017000000855,21677.686750000004
2024-12-24T14:13:07.000000,22594.58015000007,-942.8017000000855,21651.778450000005
2024-12-24T14:13:17.000000,22568.67185000007,-942.8017000000855,21625.870150000006
2024-12-24T14:13:22.000000,22551.76490000007,-942.8017000000855,21608.963200000006
2024-12-24T14:13:27.000000,22534.85795000007,-942.8017000000855,21592.056250000005
2024-12-24T14:13:32.000000,22517.95100000007,-942.8017000000855,21575.149300000005
2024-12-24T14:13:37.000000,22501.04405000007,-942.8017000000855,21558.242350000004
2024-12-24T14:13:42.000000,22484.13710000007,-942.8017000000855,21541.335400000004
2024-12-24T14:13:47.000000,22467.23015000007,-942.8017000000855,21524.428450000003
2024-12-24T14:13:52.000000,22450.323200000068,-942.8017000000855,21507.521500000003
2024-12-24T14:13:57.000000,22433.416250000068,-942.8017000000855,21490.614550000002
2024-12-24T14:14:02.000000,22416.509300000067,-942.8017000000855,21473.7076
2024-12-24T14:14:07.000000,22399.602350000067,-942.8017000000855,21456.80065
2024-12-24T14:14:12.000000,22373.701250000067,-942.8017000000855,21430.899550000002
2024-12-24T14:14:17.000000,22347.80015000007,-942.8017000000855,21404.998450000003
2024-12-24T14:14:22.000000,22321.89905000007,-942.8017000000855,21379.097350000004
2024-12-24T14:14:27.000000,22295.99795000007,-942.8017000000855,21353.196250000005
2024-12-24T14:14:32.000000,22270.09685000007,-942.8017000000855,21327.295150000005
2024-12-24T14:14:37.000000,22253.18990000007,-942.8017000000855,21310.388200000005
2024-12-24T14:14:52.000000,22227.28880000007,-942.8017000000855,21284.487100000006
2024-12-24T14:14:57.000000,22201.387700000072,-942.8017000000855,21258.586000000007
2024-12-24T14:15:02.000000,22175.486600000073,-942.8017000000855,21232.684900000007
2024-12-24T14:15:07.000000,22158.579650000072,-942.8017000000855,21215.777950000007
2024-12-24T14:15:12.000000,22132.678550000073,-942.8017000000855,21189.876850000008
2024-12-24T14:15:17.000000,22106.777450000074,-942.8017000000855,21163.97575000001
2024-12-24T14:15:22.000000,22080.876350000075,-942.8017000000855,21138.07465000001
2024-12-24T14:15:52.000000,22063.969400000075,-942.8017000000855,21121.16770000001
2024-12-24T14:16:22.000000,22047.062450000074,-942.8017000000855,21104.26075000001
2024-12-24T14:16:27.000000,22030.155500000074,-942.8017000000855,21087.353800000008
2024-12-24T14:16:42.000000,22013.248550000073,-942.8017000000855,21070.446850000008
2024-12-24T14:17:57.000000,22013.248550000073,-950.5809000000854,21062.667650000007
2024-12-24T14:19:07.000000,22005.576550000074,-950.5809000000854,21054.995650000008
2024-12-24T14:22:17.000000,21997.663750000076,-950.5809000000854,21047.08285000001
2024-12-24T14:26:37.000000,22010.210750000075,-950.5809000000854,21059.62985000001
2024-12-24T14:28:27.000000,22010.210750000075,-953.3161500000864,21056.894600000007
2024-12-24T14:28:32.000000,22010.210750000075,-946.0539000000858,21064.156850000007
2024-12-24T14:28:37.000000,22010.210750000075,-938.7916500000853,21071.419100000006
2024-12-24T14:28:42.000000,22010.210750000075,-936.5301500000854,21073.680600000007
2024-12-24T14:28:52.000000,22010.210750000075,-929.2719000000866,21080.938850000006
2024-12-24T14:28:52.000000,22002.283550000077,-929.2719000000866,21073.011650000008
2024-12-24T14:28:57.000000,22002.283550000077,-927.0144000000868,21075.269150000007
2024-12-24T14:29:02.000000,22002.283550000077,-919.7561500000879,21082.527400000006
2024-12-24T14:29:07.000000,22002.283550000077,-907.5011500000884,21094.782400000007
2024-12-24T14:29:12.000000,22002.283550000077,-900.2429000000895,21102.040650000006
2024-12-24T14:29:17.000000,22002.283550000077,-897.9814000000897,21104.302150000007
2024-12-24T14:29:27.000000,22002.283550000077,-875.0689000000892,21127.21465000001
2024-12-24T14:29:37.000000,22002.283550000077,-864.2902000000886,21137.993350000008
2024-12-24T14:30:57.000000,22002.283550000077,-872.0262000000886,21130.257350000007
2024-12-24T14:31:17.000000,22004.813050000077,-872.0262000000886,21132.786850000008
2024-12-24T14:31:22.000000,22007.342550000078,-872.0262000000886,21135.31635000001
2024-12-24T14:37:12.000000,22026.35460000008,-872.0262000000886,21154.32840000001
2024-12-24T14:37:32.000000,22026.35460000008,-909.758700000088,21116.59590000001
2024-12-24T14:37:37.000000,22026.35460000008,-942.4904500000883,21083.864150000012
2024-12-24T14:37:42.000000,22026.35460000008,-985.2197000000884,21041.134900000012
2024-12-24T14:37:57.000000,22026.35460000008,-992.5445000000884,21033.810100000013
2024-12-24T14:38:07.000000,22026.35460000008,-996.643250000088,21029.711350000012
2024-12-24T14:38:12.000000,22026.35460000008,-1000.7420000000875,21025.61260000001
2024-12-24T14:38:12.000000,22026.35460000008,-1008.0668000000875,21018.287800000013
2024-12-24T14:38:22.000000,22026.35460000008,-1015.3916000000875,21010.963000000014
2024-12-24T14:38:32.000000,22026.35460000008,-1045.226900000087,20981.127700000015
2024-12-24T14:38:37.000000,22026.35460000008,-1052.551700000087,20973.802900000017
2024-12-24T14:38:52.000000,22026.35460000008,-1066.8719500000868,20959.482650000016
2024-12-24T14:38:52.000000,21999.961200000078,-1066.8719500000868,20933.089250000015
2024-12-24T14:38:57.000000,21999.961200000078,-1081.1922000000866,20918.769000000015
2024-12-24T14:39:02.000000,21999.961200000078,-1122.020350000086,20877.940850000017
2024-12-24T14:39:07.000000,21999.961200000078,-1141.5005500000857,20858.46065000002
2024-12-24T14:39:32.000000,21999.961200000078,-1124.6585500000863,20875.30265000002
2024-12-24T14:39:37.000000,21999.961200000078,-1099.815350000087,20900.14585000002
2024-12-24T14:39:42.000000,21999.961200000078,-1074.9721500000876,20924.98905000002
2024-12-24T14:39:47.000000,21999.961200000078,-1058.1237500000882,20941.837450000017
2024-12-24T14:39:52.000000,21999.961200000078,-1041.2753500000888,20958.685850000016
2024-12-24T14:39:57.000000,21999.961200000078,-1016.4257500000895,20983.535450000014
2024-12-24T14:40:02.000000,21999.961200000078,-1007.5721500000898,20992.389050000013
2024-12-24T14:40:22.000000,21999.961200000078,-990.7173500000903,21009.243850000013
2024-12-24T14:40:53.000000,22031.93520000008,-990.7173500000903,21041.217850000015
2024-12-24T14:59:55.000000,22031.93520000008,-1013.3276000000908,21018.607600000014
2024-12-24T14:59:55.000000,22031.93520000008,-1030.9411000000905,21000.994100000014
2024-12-25T09:50:12.000000,22031.93520000008,-1007.8166000000912,21024.118600000013
2024-12-25T09:50:17.000000,22031.93520000008,-984.68810000009,21047.247100000015
2024-12-25T09:52:22.000000,21947.65485000008,-984.68810000009,20962.966750000014
2024-12-25T09:52:57.000000,21947.65485000008,-1011.1007000000902,20936.554150000014
2024-12-25T09:53:12.000000,21947.65485000008,-1041.5043000000896,20906.150550000017
2024-12-25T09:54:27.000000,21952.495050000078,-1041.5043000000896,20910.990750000015
2024-12-25T09:54:32.000000,21951.334350000077,-1041.5043000000896,20909.830050000015
2024-12-25T09:54:37.000000,21953.17170000008,-1041.5043000000896,20911.667400000017
2024-12-25T09:54:52.000000,21943.00965000008,-1041.5043000000896,20901.505350000018
2024-12-25T09:55:07.000000,21900.74840000008,-1041.5043000000896,20859.244100000018
2024-12-25T09:55:12.000000,21863.48790000008,-1041.5043000000896,20821.983600000018
2024-12-25T09:55:17.000000,21841.217650000082,-1041.5043000000896,20799.71335000002
2024-12-25T09:55:22.000000,21818.94340000008,-1041.5043000000896,20777.439100000018
2024-12-25T09:55:27.000000,21796.66515000008,-1041.5043000000896,20755.16085000002
2024-12-25T09:55:32.000000,21759.38865000008,-1041.5043000000896,20717.88435000002
2024-12-25T09:55:37.000000,21747.09990000008,-1041.5043000000896,20705.59560000002
2024-12-25T09:56:27.000000,21744.81665000008,-1041.5043000000896,20703.31235000002
2024-12-25T09:59:27.000000,21692.58590000008,-1041.5043000000896,20651.081600000016
2024-12-25T09:59:32.000000,21650.348650000076,-1041.5043000000896,20608.844350000014
2024-12-25T09:59:52.000000,21622.127100000078,-1041.5043000000896,20580.622800000016
2024-12-25T10:02:57.000000,21573.03360000008,-1041.5043000000896,20531.529300000017
2024-12-25T10:03:07.000000,21445.47960000008,-1041.5043000000896,20403.975300000016
2024-12-25T10:03:17.000000,21399.388950000077,-1041.5043000000896,20357.884650000015
2024-12-25T10:03:22.000000,21296.83470000008,-1041.5043000000896,20255.330400000017
2024-12-25T10:03:27.000000,21204.27795000008,-1041.5043000000896,20162.773650000017
2024-12-25T10:03:42.000000,21121.72670000008,-1041.5043000000896,20080.222400000017
2024-12-25T10:03:47.000000,21039.17945000008,-1041.5043000000896,19997.675150000017
2024-12-25T10:03:52.000000,20961.63695000008,-1041.5043000000896,19920.132650000018
2024-12-25T10:03:57.000000,20884.09445000008,-1041.5043000000896,19842.59015000002
2024-12-25T10:04:02.000000,20780.61765000008,-1041.5043000000896,19739.113350000018
2024-12-25T10:04:07.000000,20693.07765000008,-1041.5043000000896,19651.573350000017
2024-12-25T10:04:07.000000,20610.53840000008,-1041.5043000000896,19569.03410000002
2024-12-25T10:04:07.000000,20500.607900000083,-1041.5043000000896,19459.10360000002
2024-12-25T10:04:12.000000,20482.766400000084,-1041.5043000000896,19441.26210000002
2024-12-25T10:04:12.000000,20420.214150000083,-1041.5043000000896,19378.70985000002
2024-12-25T10:04:12.000000,20378.012900000085,-1041.5043000000896,19336.508600000023
2024-12-25T10:04:12.000000,20290.512900000085,-1041.5043000000896,19249.008600000023
2024-12-25T10:04:17.000000,20212.958400000083,-1041.5043000000896,19171.45410000002
2024-12-25T10:04:17.000000,20150.758150000085,-1041.5043000000896,19109.253850000023
2024-12-25T10:04:17.000000,20031.253350000086,-1041.5043000000896,18989.749050000024
2024-12-25T10:04:22.000000,19948.702100000086,-1041.5043000000896,18907.197800000024
2024-12-25T10:04:22.000000,19861.202100000086,-1041.5043000000896,18819.697800000024
2024-12-25T10:04:27.000000,19778.646850000085,-1041.5043000000896,18737.142550000022
2024-12-25T10:04:27.000000,19675.144450000087,-1041.5043000000896,18633.640150000025
2024-12-25T10:04:47.000000,19708.374450000087,-1041.5043000000896,18666.870150000024
2024-12-25T10:04:47.000000,19620.874450000087,-1041.5043000000896,18579.370150000024
2024-12-25T10:04:52.000000,19674.107450000087,-1041.5043000000896,18632.603150000024
2024-12-25T10:05:02.000000,19747.343450000088,-1041.5043000000896,18705.839150000025
2024-12-25T10:05:17.000000,19810.585950000088,-1041.5043000000896,18769.081650000026
2024-12-25T10:05:22.000000,19828.82570000009,-1041.5043000000896,18787.321400000026
2024-12-25T10:05:27.000000,19847.05345000009,-1041.5043000000896,18805.549150000028
2024-12-25T10:05:32.000000,19819.490450000092,-1041.5043000000896,18777.98615000003
2024-12-25T10:05:32.000000,19731.97765000009,-1041.5043000000896,18690.47335000003
2024-12-25T10:05:42.000000,19735.19915000009,-1041.5043000000896,18693.69485000003
2024-12-25T10:05:47.000000,19707.64015000009,-1041.5043000000896,18666.135850000028
2024-12-25T10:05:47.000000,19700.86015000009,-1041.5043000000896,18659.35585000003
2024-12-25T10:05:52.000000,19663.29965000009,-1041.5043000000896,18621.79535000003
2024-12-25T10:05:57.000000,19620.74240000009,-1041.5043000000896,18579.238100000028
2024-12-25T10:06:02.000000,19578.18515000009,-1041.5043000000896,18536.680850000026
2024-12-25T10:06:07.000000,19525.63040000009,-1041.5043000000896,18484.126100000027
2024-12-25T10:06:37.000000,19518.05440000009,-1041.5043000000896,18476.550100000026
2024-12-25T10:06:47.000000,19525.476650000088,-1041.5043000000896,18483.972350000025
2024-12-25T10:06:52.000000,19537.899650000087,-1041.5043000000896,18496.395350000024
2024-12-25T10:06:57.000000,19545.325900000087,-1041.5043000000896,18503.821600000025
2024-12-25T10:07:17.000000,19647.470400000086,-1041.5043000000896,18605.966100000023
2024-12-25T10:07:17.000000,19729.863900000084,-1041.5043000000896,18688.35960000002
2024-12-25T10:07:17.000000,19817.258150000085,-1041.5043000000896,18775.753850000023
2024-12-25T10:07:22.000000,19929.396150000084,-1041.5043000000896,18887.89185000002
2024-12-25T10:07:22.000000,19870.446100000085,-1041.5043000000896,18828.941800000022
2024-12-25T10:07:27.000000,19982.592100000085,-1041.5043000000896,18941.087800000023
2024-12-25T10:07:37.000000,20094.730100000084,-1041.5043000000896,19053.225800000022
2024-12-25T10:07:37.000000,20177.115600000085,-1041.5043000000896,19135.611300000022
2024-12-25T10:07:37.000000,20194.911350000086,-1041.5043000000896,19153.407050000023
2024-12-25T10:07:42.000000,20277.004850000085,-1041.5043000000896,19235.500550000022
2024-12-25T10:07:42.000000,20409.137850000083,-1041.5043000000896,19367.63355000002
2024-12-25T10:07:42.000000,20426.929600000083,-1041.5043000000896,19385.42530000002
2024-12-25T10:07:47.000000,20500.021750000084,-1041.5043000000896,19458.51745000002
2024-12-25T10:07:47.000000,20622.153250000083,-1041.5043000000896,19580.64895000002
2024-12-25T10:07:47.000000,20709.55150000008,-1041.5043000000896,19668.04720000002
2024-12-25T10:07:47.000000,20717.341750000083,-1041.5043000000896,19675.83745000002
2024-12-25T10:07:52.000000,20790.426700000084,-1041.5043000000896,19748.92240000002
2024-12-25T10:07:52.000000,20912.558200000083,-1041.5043000000896,19871.05390000002
2024-12-25T10:07:52.000000,21014.954700000082,-1041.5043000000896,19973.45040000002
2024-12-25T10:07:52.000000,21017.748200000082,-1041.5043000000896,19976.24390000002
2024-12-25T10:07:57.000000,21072.83045000008,-1041.5043000000896,20031.32615000002
2024-12-25T10:07:57.000000,21174.95895000008,-1041.5043000000896,20133.454650000018
2024-12-25T10:07:57.000000,21287.34895000008,-1041.5043000000896,20245.844650000017
2024-12-25T10:07:57.000000,21290.13845000008,-1041.5043000000896,20248.634150000016
2024-12-25T10:08:02.000000,21382.26545000008,-1041.5043000000896,20340.761150000017
2024-12-25T10:08:02.000000,21489.658700000076,-1041.5043000000896,20448.154400000014
2024-12-25T10:08:02.000000,21502.449700000077,-1041.5043000000896,20460.945400000015
2024-12-25T10:08:07.000000,21609.834950000077,-1041.5043000000896,20568.330650000014
2024-12-25T10:08:12.000000,21707.22270000008,-1041.5043000000896,20665.718400000016
2024-12-25T10:08:17.000000,21809.603200000078,-1041.5043000000896,20768.098900000015
2024-12-25T10:08:17.000000,21818.64975000008,-1041.5043000000896,20777.145450000018
2024-12-25T10:08:22.000000,21926.03100000008,-1041.5043000000896,20884.526700000017
2024-12-25T10:08:47.000000,22212.69990000008,-1041.5043000000896,21171.195600000017
2024-12-25T10:08:47.000000,22506.36985000008,-1041.5043000000896,21464.865550000017
2024-12-25T10:08:57.000000,22873.19410000008,-1041.5043000000896,21831.68980000002
2024-12-25T10:09:12.000000,22870.99885000008,-1041.5043000000896,21829.494550000018
2024-12-25T10:09:17.000000,22858.80210000008,-1041.5043000000896,21817.29780000002
2024-12-25T10:09:27.000000,23090.69410000008,-1041.5043000000896,22049.18980000002
2024-12-25T10:10:07.000000,23090.69410000008,-1054.9308000000894,22035.763300000017
2024-12-25T10:10:12.000000,23090.69410000008,-1068.3573000000893,22022.336800000016
2024-12-25T10:10:17.000000,23090.69410000008,-1365.1688000000884,21725.525300000016
2024-12-25T10:10:27.000000,23090.69410000008,-1372.5944000000884,21718.099700000017
2024-12-25T10:10:27.000000,23090.69410000008,-1704.4071500000878,21386.286950000016
2024-12-25T10:10:32.000000,23090.69410000008,-1717.8288500000876,21372.865250000017
2024-12-25T10:10:42.000000,23090.69410000008,-2084.658850000087,21006.03525000002
2024-12-25T10:10:47.000000,23090.69410000008,-2456.493600000087,20634.200500000017
2024-12-25T10:10:57.000000,23090.69410000008,-2646.9372000000876,20443.75690000002
2024-12-25T10:10:57.000000,23090.69410000008,-3063.7747000000877,20026.919400000017
2024-12-25T10:11:02.000000,23090.69410000008,-3490.6137000000876,19600.080400000017
2024-12-25T10:11:17.000000,23090.69410000008,-3633.0565000000875,19457.637600000016
2024-12-25T10:11:17.000000,23090.69410000008,-3779.496700000088,19311.197400000015
2024-12-25T10:11:22.000000,23090.69410000008,-3921.9363000000894,19168.757800000014
2024-12-25T10:11:37.000000,23090.69410000008,-4072.3675000000894,19018.326600000015
2024-12-25T10:11:42.000000,23090.69410000008,-4409.1850000000895,18681.509100000014
2024-12-25T10:12:01.000000,23090.69410000008,-4615.995000000091,18474.699100000013
2024-12-25T10:12:17.000000,23106.992100000083,-4615.995000000091,18490.997100000015
2024-12-25T10:12:52.000000,23106.992100000083,-4635.43680000009,18471.555300000015
2024-12-25T10:12:57.000000,23106.992100000083,-4660.879500000091,18446.112600000015
2024-12-25T10:13:07.000000,23106.992100000083,-4704.329700000091,18402.662400000016
2024-12-25T10:13:12.000000,23106.992100000083,-4753.780800000091,18353.211300000017
2024-12-25T10:13:12.000000,23152.471900000084,-4753.780800000091,18398.69110000002
2024-12-25T10:13:12.000000,23152.471900000084,-4685.91755000009,18466.55435000002
2024-12-25T10:13:17.000000,23152.471900000084,-4741.36475000009,18411.10715000002
2024-12-25T10:13:17.000000,23152.471900000084,-4738.44725000009,18414.02465000002
2024-12-25T10:13:32.000000,23152.471900000084,-4737.2075000000905,18415.264400000022
2024-12-25T10:15:07.000000,23152.471900000084,-4764.290500000092,18388.18140000002
2024-12-25T10:15:12.000000,23195.459400000083,-4764.290500000092,18431.16890000002
2024-12-25T10:15:22.000000,23188.459400000083,-4764.290500000092,18424.16890000002
2024-12-25T10:16:47.000000,23188.459400000083,-4806.307750000092,18382.151650000018
2024-12-25T10:18:52.000000,23188.459400000083,-4863.923250000093,18324.536150000018
2024-12-25T10:19:52.000000,23188.459400000083,-4854.480850000093,18333.978550000018
2024-12-25T10:19:57.000000,23188.459400000083,-4871.265400000092,18317.194000000018
2024-12-25T10:20:02.000000,23188.459400000083,-4783.319150000091,18405.14025000002
2024-12-25T10:20:12.000000,23188.459400000083,-4773.876750000091,18414.58265000002
2024-12-25T10:20:12.000000,23188.459400000083,-4640.931750000091,18547.52765000002
2024-12-25T10:20:17.000000,23188.459400000083,-4639.4873500000895,18548.97205000002
2024-12-25T10:20:22.000000,23188.459400000083,-4638.03975000009,18550.419650000018
2024-12-25T10:20:22.000000,23188.459400000083,-4613.612550000091,18574.846850000016
2024-12-25T10:20:32.000000,23188.459400000083,-4557.1933500000905,18631.266050000017
2024-12-25T10:20:37.000000,23188.459400000083,-4516.674150000091,18671.785250000015
2024-12-25T10:20:52.000000,23188.459400000083,-4476.154950000091,18712.304450000014
2024-12-25T10:20:57.000000,23188.459400000083,-4435.630950000091,18752.828450000015
2024-12-25T10:21:02.000000,23188.459400000083,-4395.10695000009,18793.352450000017
2024-12-25T10:21:22.000000,23188.459400000083,-4354.58295000009,18833.876450000018
2024-12-25T10:22:02.000000,23188.459400000083,-4211.576450000091,18976.882950000017
2024-12-25T10:22:17.000000,23188.459400000083,-4073.574700000092,19114.884700000017
2024-12-25T10:22:17.000000,23188.459400000083,-3970.5502000000924,19217.909200000016
2024-12-25T10:22:27.000000,23188.459400000083,-3887.5127000000925,19300.946700000015
2024-12-25T10:22:32.000000,23188.459400000083,-3814.4727000000926,19373.986700000016
2024-12-25T10:22:37.000000,23188.459400000083,-3751.4342000000925,19437.025200000015
2024-12-25T10:24:32.000000,23188.459400000083,-3683.410950000093,19505.048450000013
2024-12-25T10:24:52.000000,23188.459400000083,-3610.378950000093,19578.080450000012
2024-12-25T10:25:02.000000,23188.459400000083,-3537.346950000093,19651.11245000001
2024-12-25T10:25:07.000000,23188.459400000083,-3459.318200000092,19729.141200000013
2024-12-25T10:25:17.000000,23188.459400000083,-3416.2707000000914,19772.188700000013
2024-12-25T10:27:57.000000,23188.459400000083,-3424.1187000000914,19764.34070000001
2024-12-25T10:28:32.000000,23188.459400000083,-3431.9667000000914,19756.49270000001
2024-12-25T10:29:52.000000,23188.459400000083,-3432.5704500000916,19755.88895000001
2024-12-25T10:35:12.000000,23188.459400000083,-3435.3602500000925,19753.09915000001
2024-12-25T10:37:32.000000,23188.459400000083,-3477.959100000092,19710.50030000001
2024-12-25T10:37:37.000000,23188.459400000083,-3513.5625000000914,19674.89690000001
2024-12-25T10:37:42.000000,23188.459400000083,-3542.164850000091,19646.29455000001
2024-12-25T10:37:47.000000,23188.459400000083,-3570.7616000000908,19617.69780000001
2024-12-25T10:40:07.000000,23188.459400000083,-3571.393350000091,19617.06605000001
2024-12-25T10:40:22.000000,23188.459400000083,-3701.9495500000917,19486.50985000001
2024-12-25T10:40:22.000000,23188.459400000083,-3709.5935500000915,19478.86585000001
2024-12-25T10:40:32.000000,23188.459400000083,-3766.2225000000917,19422.23690000001
2024-12-25T10:41:02.000000,23188.459400000083,-3913.8483000000924,19274.61110000001
2024-12-25T10:41:52.000000,23188.459400000083,-3984.4961500000923,19203.963250000008
2024-12-25T10:41:52.000000,23188.459400000083,-4062.139450000092,19126.31995000001
2024-12-25T10:41:57.000000,23188.459400000083,-4160.780300000091,19027.67910000001
2024-12-25T10:42:02.000000,23188.459400000083,-4252.431300000091,18936.02810000001
2024-12-25T10:42:07.000000,23188.459400000083,-4351.07775000009,18837.38165000001
2024-12-25T10:42:22.000000,23188.459400000083,-4463.720700000089,18724.738700000013
2024-12-25T10:42:27.000000,23188.459400000083,-4590.3601500000905,18598.09925000001
2024-12-25T10:42:32.000000,23188.459400000083,-4723.995050000091,18464.46435000001
2024-12-25T10:43:27.000000,23188.459400000083,-4702.6596500000915,18485.79975000001
2024-12-25T10:43:32.000000,23188.459400000083,-4689.322250000091,18499.13715000001
2024-12-25T10:43:42.000000,23188.459400000083,-4675.988050000091,18512.47135000001
2024-12-25T10:44:32.000000,23224.81880000008,-4675.988050000091,18548.83075000001
2024-12-25T10:44:47.000000,23250.18535000008,-4675.988050000091,18574.197300000007
2024-12-25T10:44:52.000000,23275.55190000008,-4675.988050000091,18599.563850000006
2024-12-25T10:45:02.000000,23289.92560000008,-4675.988050000091,18613.937550000006
2024-12-25T10:45:12.000000,23289.92560000008,-4672.938550000091,18616.987050000007
2024-12-25T10:45:17.000000,23289.92560000008,-4664.888300000092,18625.037300000007
2024-12-25T10:45:37.000000,23289.92560000008,-4676.829050000091,18613.09655000001
2024-12-25T10:46:12.000000,23276.585500000077,-4676.829050000091,18599.756450000008
2024-12-25T10:46:42.000000,23276.585500000077,-4614.49615000009,18662.08935000001
2024-12-25T10:46:47.000000,23276.585500000077,-4538.161150000089,18738.42435000001
2024-12-25T10:46:52.000000,23276.585500000077,-4468.827200000088,18807.75830000001
2024-12-25T10:47:07.000000,23276.585500000077,-4379.510400000088,18897.07510000001
2024-12-25T10:47:17.000000,23276.585500000077,-4274.19760000009,19002.38790000001
2024-12-25T10:48:07.000000,23276.585500000077,-4120.873450000089,19155.71205000001
2024-12-25T10:48:17.000000,23276.585500000077,-3974.5447500000887,19302.04075000001
2024-12-25T10:48:17.000000,23276.585500000077,-3961.465750000089,19315.11975000001
2024-12-25T10:49:32.000000,23276.585500000077,-3918.406250000088,19358.17925000001
2024-12-25T10:49:42.000000,23276.585500000077,-3885.3442500000892,19391.241250000006
2024-12-25T10:49:47.000000,23276.585500000077,-3847.281500000089,19429.304000000007
2024-12-25T10:49:57.000000,23276.585500000077,-3809.222750000089,19467.362750000008
2024-12-25T10:52:37.000000,23269.983900000076,-3809.222750000089,19460.761150000006
2024-12-25T10:53:07.000000,23279.384700000075,-3809.222750000089,19470.161950000005
2024-12-25T10:53:12.000000,23288.785500000075,-3809.222750000089,19479.562750000005
2024-12-25T10:53:17.000000,23290.185100000075,-3809.222750000089,19480.962350000005
2024-12-25T10:55:17.000000,23338.745500000074,-3809.222750000089,19529.522750000004
2024-12-25T10:55:27.000000,23338.745500000074,-3893.8111000000886,19444.934400000006
2024-12-25T10:55:32.000000,23338.745500000074,-3964.3973500000884,19374.348150000005
2024-12-25T11:00:52.000000,23338.745500000074,-3950.999000000089,19387.746500000005
2024-12-25T11:00:57.000000,23338.745500000074,-3965.588050000089,19373.157450000006
2024-12-25T11:02:47.000000,23338.745500000074,-4001.174650000088,19337.570850000007
2024-12-25T11:02:52.000000,23338.745500000074,-4036.7556500000874,19301.98985000001
2024-12-25T11:03:52.000000,23361.234000000073,-4036.7556500000874,19324.47835000001
2024-12-25T11:04:02.000000,23383.726500000073,-4036.7556500000874,19346.97085000001
2024-12-25T11:04:12.000000,23396.21750000007,-4036.7556500000874,19359.461850000007
2024-12-25T11:04:17.000000,23408.70850000007,-4036.7556500000874,19371.952850000005
2024-12-25T11:05:32.000000,23401.18450000007,-4036.7556500000874,19364.428850000004
2024-12-25T11:08:22.000000,23401.18450000007,-4043.6156500000875,19357.568850000003
2024-12-25T11:08:27.000000,23401.18450000007,-4045.4789000000883,19355.7056
2024-12-25T11:08:32.000000,23401.18450000007,-4052.3389000000884,19348.8456
2024-12-25T11:13:12.000000,23401.18450000007,-4064.1956500000892,19336.98885
2024-12-25T11:13:37.000000,23401.18450000007,-4135.885250000089,19265.29925
2024-12-25T11:14:37.000000,23382.63870000007,-4135.885250000089,19246.75345
2024-12-25T11:14:57.000000,23380.09850000007,-4135.885250000089,19244.21325
2024-12-25T11:15:07.000000,23377.56150000007,-4135.885250000089,19241.67625
2024-12-25T11:15:12.000000,23371.02390000007,-4135.885250000089,19235.13865
2024-12-25T11:15:17.000000,23364.48950000007,-4135.885250000089,19228.60425
2024-12-25T11:15:22.000000,23349.95390000007,-4135.885250000089,19214.06865
2024-12-25T11:15:27.000000,23327.42030000007,-4135.885250000089,19191.535050000002
2024-12-25T11:15:32.000000,23300.88610000007,-4135.885250000089,19165.00085
2024-12-25T11:15:47.000000,23262.34690000007,-4135.885250000089,19126.46165
2024-12-25T11:16:47.000000,23262.34690000007,-4134.66710000009,19127.6798
2024-12-25T11:16:52.000000,23262.34690000007,-4153.219150000089,19109.127750000003
2024-12-25T11:16:52.000000,23262.34690000007,-4160.995150000089,19101.35175
2024-12-25T11:16:57.000000,23262.34690000007,-4168.778350000089,19093.56855
2024-12-25T11:17:02.000000,23262.34690000007,-4176.561550000089,19085.78535
2024-12-25T11:17:12.000000,23262.34690000007,-4184.344750000088,19078.002149999997
2024-12-25T11:17:32.000000,23262.34690000007,-4192.127950000088,19070.218949999995
2024-12-25T11:17:57.000000,23262.34690000007,-4217.899450000088,19044.447449999996
2024-12-25T11:19:02.000000,23262.34690000007,-4204.756450000087,19057.590449999996
2024-12-25T11:19:27.000000,23262.34690000007,-4176.619200000087,19085.727699999996
2024-12-25T11:19:42.000000,23262.34690000007,-4158.475450000087,19103.871449999995
2024-12-25T11:19:47.000000,23262.34690000007,-4140.331700000087,19122.015199999994
2024-12-25T11:19:52.000000,23262.34690000007,-4117.1912000000875,19145.155699999992
2024-12-25T11:20:22.000000,23262.34690000007,-4108.958400000088,19153.38849999999
2024-12-25T11:20:57.000000,23262.34690000007,-4110.809650000088,19151.53724999999
2024-12-25T11:21:52.000000,23291.78910000007,-4110.809650000088,19180.97944999999
2024-12-25T11:22:02.000000,23321.23450000007,-4110.809650000088,19210.424849999992
2024-12-25T11:22:07.000000,23346.679300000073,-4110.809650000088,19235.869649999993
2024-12-25T11:22:12.000000,23372.124100000074,-4110.809650000088,19261.314449999994
2024-12-25T11:22:22.000000,23397.568900000075,-4110.809650000088,19286.759249999996
2024-12-25T11:22:42.000000,23397.568900000075,-4132.659900000089,19264.908999999996
2024-12-25T11:23:02.000000,23397.568900000075,-4129.243850000087,19268.32505
2024-12-25T11:23:47.000000,23397.568900000075,-4136.811850000087,19260.75705
2024-12-25T11:23:57.000000,23397.568900000075,-4144.379850000088,19253.18905
2024-12-25T11:24:02.000000,23397.568900000075,-4151.947850000088,19245.62105
2024-12-25T11:24:07.000000,23397.568900000075,-4159.515850000088,19238.053050000002
2024-12-25T11:24:37.000000,23397.568900000075,-4167.083850000088,19230.485050000003
2024-12-25T11:24:47.000000,23397.568900000075,-4161.670850000088,19235.898050000003
2024-12-25T11:25:07.000000,23397.568900000075,-4152.260450000087,19245.308450000004
2024-12-25T11:25:12.000000,23397.568900000075,-4138.852650000087,19258.716250000005
2024-12-25T11:25:17.000000,23397.568900000075,-4125.448050000087,19272.120850000007
2024-12-25T11:25:27.000000,23397.568900000075,-4124.035650000087,19273.533250000008
2024-12-25T11:25:32.000000,23397.568900000075,-4114.6284500000875,19282.94045000001
2024-12-25T11:25:37.000000,23397.568900000075,-4109.221850000088,19288.347050000008
2024-12-25T11:25:42.000000,23397.568900000075,-4119.808050000087,19277.76085000001
2024-12-25T11:25:47.000000,23397.568900000075,-4138.389050000087,19259.179850000008
2024-12-25T11:25:57.000000,23397.568900000075,-4146.186650000087,19251.382250000006
2024-12-25T11:26:02.000000,23397.568900000075,-4153.984250000087,19243.584650000004
2024-12-25T11:26:07.000000,23397.568900000075,-4170.776000000086,19226.792900000004
2024-12-25T11:27:27.000000,23397.568900000075,-4199.439950000087,19198.128950000002
2024-12-25T11:27:57.000000,23397.568900000075,-4306.252400000087,19091.3165
2024-12-25T11:28:37.000000,23397.568900000075,-4313.935600000087,19083.6333
2024-12-25T13:00:27.000000,23397.568900000075,-4375.851850000086,19021.717050000003
2024-12-25T13:00:47.000000,23397.568900000075,-4432.775350000087,18964.793550000002
2024-12-25T13:00:52.000000,23397.568900000075,-4479.701350000087,18917.867550000003
2024-12-25T13:01:12.000000,23397.568900000075,-4521.618600000087,18875.950300000004
2024-12-25T13:01:17.000000,23335.668650000076,-4521.618600000087,18814.050050000005
2024-12-25T13:01:17.000000,23313.774400000075,-4521.618600000087,18792.155800000004
2024-12-25T13:01:17.000000,23346.888400000073,-4521.618600000087,18825.269800000002
2024-12-25T13:01:17.000000,23380.00240000007,-4521.618600000087,18858.3838
2024-12-25T13:01:17.000000,23413.116400000068,-4521.618600000087,18891.497799999997
2024-12-25T13:01:17.000000,23446.230400000066,-4521.618600000087,18924.611799999995
2024-12-25T13:01:17.000000,23479.344400000064,-4521.618600000087,18957.725799999993
2024-12-25T13:01:17.000000,23512.45840000006,-4521.618600000087,18990.83979999999
2024-12-25T13:01:17.000000,23545.57240000006,-4521.618600000087,19023.95379999999
2024-12-25T13:01:17.000000,23578.686400000057,-4521.618600000087,19057.067799999986
2024-12-25T13:01:17.000000,23611.800400000055,-4521.618600000087,19090.181799999984
2024-12-25T13:01:17.000000,23644.914400000052,-4521.618600000087,19123.29579999998
2024-12-25T13:01:17.000000,23678.02840000005,-4521.618600000087,19156.40979999998
2024-12-25T13:01:17.000000,23711.142400000048,-4521.618600000087,19189.523799999977
2024-12-25T13:01:17.000000,23744.256400000046,-4521.618600000087,19222.637799999975
2024-12-25T13:01:17.000000,23777.370400000043,-4521.618600000087,19255.751799999973
2024-12-25T13:01:17.000000,23810.48440000004,-4521.618600000087,19288.86579999997
2024-12-25T13:01:17.000000,23843.59840000004,-4521.618600000087,19321.97979999997
2024-12-25T13:01:17.000000,23876.712400000037,-4521.618600000087,19355.093799999966
2024-12-25T13:01:17.000000,23909.826400000034,-4521.618600000087,19388.207799999964
2024-12-25T13:01:17.000000,23942.940400000032,-4521.618600000087,19421.32179999996
2024-12-25T13:01:17.000000,23976.05440000003,-4521.618600000087,19454.43579999996
2024-12-25T13:01:17.000000,24009.168400000028,-4521.618600000087,19487.549799999957
2024-12-25T13:01:17.000000,24042.282400000026,-4521.618600000087,19520.663799999955
2024-12-25T13:01:17.000000,24075.396400000023,-4521.618600000087,19553.777799999953
2024-12-25T13:01:17.000000,24108.51040000002,-4521.618600000087,19586.89179999995
2024-12-25T13:01:17.000000,24141.62440000002,-4521.618600000087,19620.005799999948
2024-12-25T13:01:17.000000,24174.738400000017,-4521.618600000087,19653.119799999946
2024-12-25T13:01:17.000000,24207.852400000014,-4521.618600000087,19686.233799999944
2024-12-25T13:01:17.000000,24240.966400000012,-4521.618600000087,19719.34779999994
2024-12-25T13:01:17.000000,24274.08040000001,-4521.618600000087,19752.46179999994
2024-12-25T13:01:17.000000,24307.194400000008,-4521.618600000087,19785.575799999937
2024-12-25T13:01:17.000000,24340.308400000005,-4521.618600000087,19818.689799999935
2024-12-25T13:01:17.000000,24373.422400000003,-4521.618600000087,19851.803799999932
2024-12-25T13:01:17.000000,24406.5364,-4521.618600000087,19884.91779999993
2024-12-25T13:01:17.000000,24439.6504,-4521.618600000087,19918.031799999928
2024-12-25T13:01:17.000000,24472.764399999996,-4521.618600000087,19951.145799999926
2024-12-25T13:01:17.000000,24505.878399999994,-4521.618600000087,19984.259799999923
2024-12-25T13:01:17.000000,24538.992399999992,-4521.618600000087,20017.37379999992
2024-12-25T13:01:17.000000,24572.10639999999,-4521.618600000087,20050.48779999992
2024-12-25T13:01:17.000000,24605.220399999987,-4521.618600000087,20083.601799999917
2024-12-25T13:01:17.000000,24638.334399999985,-4521.618600000087,20116.715799999914
2024-12-25T13:01:17.000000,24671.448399999983,-4521.618600000087,20149.829799999912
2024-12-25T13:01:17.000000,24704.56239999998,-4521.618600000087,20182.94379999991
2024-12-25T13:01:17.000000,24737.67639999998,-4521.618600000087,20216.057799999908
2024-12-25T13:01:17.000000,24770.790399999976,-4521.618600000087,20249.171799999905
2024-12-25T13:01:17.000000,24803.904399999974,-4521.618600000087,20282.285799999903
2024-12-25T13:01:17.000000,24837.01839999997,-4521.618600000087,20315.3997999999
2024-12-25T13:01:17.000000,24870.13239999997,-4521.618600000087,20348.5137999999
2024-12-25T13:01:17.000000,24903.246399999967,-4521.618600000087,20381.627799999897
2024-12-25T13:01:17.000000,24936.360399999965,-4521.618600000087,20414.741799999894
2024-12-25T13:01:17.000000,24969.474399999963,-4521.618600000087,20447.855799999892
2024-12-25T13:01:17.000000,25002.58839999996,-4521.618600000087,20480.96979999989
2024-12-25T13:01:17.000000,25035.70239999996,-4521.618600000087,20514.083799999888
2024-12-25T13:01:17.000000,25068.816399999956,-4521.618600000087,20547.197799999885
2024-12-25T13:01:17.000000,25101.930399999954,-4521.618600000087,20580.311799999883
2024-12-25T13:01:17.000000,25135.04439999995,-4521.618600000087,20613.42579999988
2024-12-25T13:01:17.000000,25168.15839999995,-4521.618600000087,20646.53979999988
2024-12-25T13:01:17.000000,25201.272399999947,-4521.618600000087,20679.653799999876
2024-12-25T13:01:57.000000,25201.272399999947,-4536.208600000087,20665.063799999876
2024-12-25T13:02:17.000000,25201.272399999947,-4549.519900000088,20651.752499999875
2024-12-25T13:02:17.000000,25219.396149999946,-4549.519900000088,20669.876249999874
2024-12-25T13:02:22.000000,25219.396149999946,-4568.827300000087,20650.568849999872
2024-12-25T13:02:22.000000,25219.396149999946,-4571.421900000088,20647.974249999872
2024-12-25T13:02:27.000000,25247.513399999945,-4571.421900000088,20676.09149999987
2024-12-25T13:02:27.000000,25275.630649999945,-4571.421900000088,20704.20874999987
2024-12-25T13:02:37.000000,25303.747899999944,-4571.421900000088,20732.32599999987
2024-12-25T13:02:52.000000,25331.865149999943,-4571.421900000088,20760.44324999987
2024-12-25T13:06:07.000000,25331.865149999943,-4478.342900000088,20853.522249999867
2024-12-25T13:06:12.000000,25331.865149999943,-4380.267150000087,20951.597999999867
2024-12-25T13:06:32.000000,25331.865149999943,-4307.175150000087,21024.689999999868
2024-12-25T13:06:37.000000,25331.865149999943,-4239.079900000088,21092.785249999866
2024-12-25T13:06:42.000000,25331.865149999943,-4170.984650000089,21160.880499999865
2024-12-25T13:07:22.000000,25331.865149999943,-4184.295950000089,21147.569199999863
2024-12-25T13:09:37.000000,25331.865149999943,-4486.0120500000885,20845.853099999862
2024-12-25T13:09:42.000000,25331.865149999943,-4808.725700000089,20523.13944999986
2024-12-25T13:10:07.000000,25344.992149999944,-4808.725700000089,20536.26644999986
2024-12-25T13:10:07.000000,25358.119149999944,-4808.725700000089,20549.39344999986
2024-12-25T13:10:07.000000,25371.246149999944,-4808.725700000089,20562.52044999986
2024-12-25T13:10:07.000000,25384.373149999945,-4808.725700000089,20575.647449999862
2024-12-25T13:10:07.000000,25397.500149999945,-4808.725700000089,20588.774449999863
2024-12-25T13:10:07.000000,25410.627149999946,-4808.725700000089,20601.901449999863
2024-12-25T13:10:07.000000,25423.754149999946,-4808.725700000089,20615.028449999863
2024-12-25T13:10:07.000000,25436.881149999947,-4808.725700000089,20628.155449999864
2024-12-25T13:10:07.000000,25450.008149999947,-4808.725700000089,20641.282449999864
2024-12-25T13:10:07.000000,25463.135149999947,-4808.725700000089,20654.409449999865
2024-12-25T13:10:07.000000,25476.262149999948,-4808.725700000089,20667.536449999865
2024-12-25T13:10:07.000000,25489.389149999948,-4808.725700000089,20680.663449999865
2024-12-25T13:11:22.000000,25489.389149999948,-4856.21170000009,20633.177449999865
2024-12-25T13:11:42.000000,25489.389149999948,-4924.184700000091,20565.204449999863
2024-12-25T13:11:47.000000,25489.389149999948,-4992.157700000092,20497.23144999986
2024-12-25T13:11:52.000000,25489.389149999948,-5050.13320000009,20439.25594999986
2024-12-25T13:12:02.000000,25489.389149999948,-5118.106200000091,20371.28294999986
2024-12-25T13:14:02.000000,25489.389149999948,-5080.493850000092,20408.89529999986
2024-12-25T13:14:32.000000,25489.389149999948,-5077.113000000092,20412.27614999986
2024-12-25T13:14:47.000000,25426.84489999995,-5077.113000000092,20349.73189999986
2024-12-25T13:15:27.000000,25426.84489999995,-5048.437200000093,20378.40769999986
2024-12-25T13:17:37.000000,25426.84489999995,-5000.352950000093,20426.49194999986
2024-12-25T13:18:07.000000,25426.84489999995,-4957.257450000093,20469.58744999986
2024-12-25T13:18:12.000000,25426.84489999995,-4924.155450000092,20502.689449999863
2024-12-25T13:18:32.000000,25426.84489999995,-4881.055950000093,20545.788949999864
2024-12-25T13:19:12.000000,25426.84489999995,-4827.958950000092,20598.885949999865
2024-12-25T13:19:17.000000,25426.84489999995,-4774.861950000091,20651.982949999867
2024-12-25T13:19:27.000000,25426.84489999995,-4721.760950000093,20705.083949999866
2024-12-25T13:19:37.000000,25426.84489999995,-4673.656700000093,20753.188199999866
2024-12-25T13:19:42.000000,25426.84489999995,-4625.552450000094,20801.292449999866
2024-12-25T13:20:27.000000,25426.84489999995,-4592.438450000094,20834.406449999864
2024-12-25T13:25:22.000000,25426.84489999995,-4856.387250000094,20570.457649999862
2024-12-25T13:26:32.000000,25426.84489999995,-4882.237950000094,20544.606949999863
2024-12-25T13:27:37.000000,25426.84489999995,-4909.132950000094,20517.711949999863
2024-12-25T13:27:47.000000,25426.84489999995,-4926.034450000094,20500.810449999863
2024-12-25T13:27:52.000000,25426.84489999995,-4952.929450000093,20473.915449999862
2024-12-25T13:28:07.000000,25426.84489999995,-5067.528050000094,20359.31684999986
2024-12-25T13:29:02.000000,25426.84489999995,-5122.124050000094,20304.72084999986
2024-12-25T13:29:37.000000,25426.84489999995,-5114.729800000095,20312.11509999986
2024-12-25T13:31:12.000000,25426.84489999995,-5227.341550000095,20199.50334999986
2024-12-25T13:31:32.000000,25426.84489999995,-5265.018050000096,20161.82684999986
2024-12-25T13:31:57.000000,25426.84489999995,-5272.714050000096,20154.13084999986
2024-12-25T13:32:02.000000,25426.84489999995,-5300.405050000098,20126.439849999857
2024-12-25T13:32:07.000000,25426.84489999995,-5308.109050000097,20118.735849999855
2024-12-25T13:32:12.000000,25426.84489999995,-5335.800050000099,20091.044849999853
2024-12-25T13:32:17.000000,25426.84489999995,-5372.901350000099,20053.94354999985
2024-12-25T13:32:17.000000,25426.84489999995,-5390.598850000099,20036.246049999852
2024-12-25T13:32:22.000000,25426.84489999995,-5424.6973000001,20002.14759999985
2024-12-25T13:32:22.000000,25426.84489999995,-5452.3883000001015,19974.45659999985
2024-12-25T13:32:27.000000,25426.84489999995,-5490.072800000103,19936.77209999985
2024-12-25T13:32:32.000000,25426.84489999995,-5527.757300000104,19899.08759999985
2024-12-25T13:32:37.000000,25426.84489999995,-5575.435300000105,19851.40959999985
2024-12-25T13:32:37.000000,25433.062999999947,-5575.435300000105,19857.627699999848
2024-12-25T13:32:42.000000,25433.062999999947,-5603.110300000104,19829.95269999985
2024-12-25T13:32:52.000000,25433.062999999947,-6030.757300000105,19402.305699999848
2024-12-25T13:33:07.000000,25433.062999999947,-6037.661300000105,19395.40169999985
2024-12-25T13:33:17.000000,25433.062999999947,-6000.317100000106,19432.74589999985
2024-12-25T13:33:17.000000,25433.062999999947,-6007.221100000106,19425.84189999985
2024-12-25T13:33:22.000000,25433.062999999947,-5969.876900000107,19463.18609999985
2024-12-25T13:33:37.000000,25433.062999999947,-5981.777650000107,19451.28534999985
2024-12-25T13:33:47.000000,25433.062999999947,-5993.678400000108,19439.38459999985
2024-12-25T13:34:07.000000,25433.062999999947,-6005.575150000107,19427.48784999985
2024-12-25T13:34:37.000000,25433.062999999947,-5973.273150000106,19459.78984999985
2024-12-25T13:34:47.000000,25433.062999999947,-5940.971150000106,19492.091849999848
2024-12-25T13:34:52.000000,25433.062999999947,-5908.669150000105,19524.393849999848
2024-12-25T13:34:57.000000,25433.062999999947,-5876.367150000105,19556.695849999847
2024-12-25T13:35:07.000000,25433.062999999947,-5844.065150000104,19588.997849999847
2024-12-25T13:35:12.000000,25433.062999999947,-5801.761650000103,19631.30134999985
2024-12-25T13:35:32.000000,25433.062999999947,-5759.450150000102,19673.61284999985
2024-12-25T13:35:52.000000,25433.062999999947,-5698.0927500001035,19734.97024999985
2024-12-25T13:35:52.000000,25433.062999999947,-5655.781250000103,19777.28174999985
2024-12-25T13:35:57.000000,25433.062999999947,-5613.469750000102,19819.59324999985
2024-12-25T13:36:02.000000,25433.062999999947,-5571.158250000101,19861.90474999985
2024-12-25T13:36:17.000000,25433.062999999947,-5773.8555000001015,19659.207499999848
2024-12-25T13:36:22.000000,25433.062999999947,-5946.5602500001005,19486.502749999847
2024-12-25T13:36:27.000000,25433.062999999947,-6119.2650000000995,19313.797999999846
2024-12-25T13:36:32.000000,25433.062999999947,-6276.967500000099,19156.095499999847
2024-12-25T13:36:37.000000,25433.062999999947,-6239.613700000099,19193.449299999847
2024-12-25T13:36:37.000000,25433.062999999947,-6382.313950000099,19050.74904999985
2024-12-25T13:36:42.000000,25433.062999999947,-6510.023950000099,18923.03904999985
2024-12-25T13:36:47.000000,25433.062999999947,-6607.7414500001,18825.321549999848
2024-12-25T13:36:52.000000,25433.062999999947,-6675.4664500001,18757.59654999985
2024-12-25T13:37:02.000000,25433.062999999947,-6698.208700000099,18734.85429999985
2024-12-25T13:37:07.000000,25433.062999999947,-6705.571900000099,18727.49109999985
2024-12-25T13:37:07.000000,25433.062999999947,-6680.2135000001,18752.84949999985
2024-12-25T13:37:17.000000,25433.062999999947,-6681.5758000001,18751.48719999985
2024-12-25T13:37:22.000000,25433.062999999947,-6688.9342000001,18744.12879999985
2024-12-25T13:37:27.000000,25433.062999999947,-6696.2926000001,18736.77039999985
2024-12-25T13:37:32.000000,25433.062999999947,-6715.648000000099,18717.414999999848
2024-12-25T13:37:42.000000,25433.062999999947,-6735.003400000099,18698.059599999848
2024-12-25T13:38:02.000000,25433.062999999947,-6637.8956500000995,18795.167349999847
2024-12-25T13:38:07.000000,25433.062999999947,-6495.805150000098,18937.25784999985
2024-12-25T13:38:22.000000,25433.062999999947,-6443.632150000099,18989.430849999848
2024-12-25T13:39:32.000000,25433.062999999947,-6316.5199000000985,19116.543099999846
2024-12-25T13:39:42.000000,25433.062999999947,-6219.376150000098,19213.686849999845
2024-12-25T13:39:52.000000,25433.062999999947,-6152.212900000099,19280.850099999847
2024-12-25T13:39:57.000000,25458.43099999995,-6152.212900000099,19306.21809999985
2024-12-25T13:39:57.000000,25458.43099999995,-6100.027900000098,19358.40309999985
2024-12-25T13:40:02.000000,25458.43099999995,-6062.8331500000995,19395.59784999985
2024-12-25T13:40:17.000000,25458.43099999995,-6010.636150000099,19447.79484999985
2024-12-25T13:40:37.000000,25458.43099999995,-5883.487900000098,19574.94309999985
2024-12-25T13:40:42.000000,25471.81639999995,-5883.487900000098,19588.32849999985
2024-12-25T13:40:42.000000,25471.81639999995,-5726.347150000098,19745.46924999985
2024-12-25T13:42:52.000000,25471.81639999995,-5743.196500000097,19728.61989999985
2024-12-25T13:42:57.000000,25471.81639999995,-5706.013750000097,19765.80264999985
2024-12-25T13:43:02.000000,25471.81639999995,-5668.831000000097,19802.98539999985
2024-12-25T13:43:07.000000,25471.81639999995,-5646.638500000098,19825.17789999985
2024-12-25T13:43:17.000000,25471.81639999995,-5579.427250000099,19892.38914999985
2024-12-25T13:43:42.000000,25471.81639999995,-5577.121750000098,19894.694649999852
2024-12-25T13:43:47.000000,25471.81639999995,-5554.504450000097,19917.311949999854
2024-12-25T13:43:47.000000,25471.81639999995,-5552.1989500000955,19919.617449999856
2024-12-25T13:43:57.000000,25471.81639999995,-5539.891950000094,19931.924449999857
2024-12-25T13:44:02.000000,25471.81639999995,-5517.583450000093,19954.23294999986
2024-12-25T13:44:22.000000,25471.81639999995,-5497.724200000093,19974.09219999986
2024-12-25T13:44:27.000000,25471.81639999995,-5474.866900000093,19996.94949999986
2024-12-25T13:44:37.000000,25471.81639999995,-5452.009600000092,20019.80679999986
2024-12-25T13:44:37.000000,25397.444599999948,-5452.009600000092,19945.43499999986
2024-12-25T13:44:42.000000,25397.444599999948,-5432.150350000093,19965.29424999986
2024-12-25T13:44:47.000000,25397.444599999948,-5415.291550000094,19982.15304999986
2024-12-25T13:44:52.000000,25397.444599999948,-5398.4327500000945,19999.011849999857
2024-12-25T13:44:52.000000,25397.444599999948,-5361.202000000094,20036.242599999856
2024-12-25T13:44:57.000000,25397.444599999948,-5344.343200000095,20053.101399999854
2024-12-25T13:45:02.000000,25397.444599999948,-5330.480050000095,20066.964549999855
2024-12-25T13:45:07.000000,25397.444599999948,-5313.618850000094,20083.825749999854
2024-12-25T13:45:07.000000,25397.444599999948,-5312.487100000095,20084.957499999855
2024-12-25T13:45:12.000000,25397.444599999948,-5298.623950000095,20098.820649999856
2024-12-25T13:45:17.000000,25397.444599999948,-5284.758400000094,20112.686199999855
2024-12-25T13:45:32.000000,25397.444599999948,-5215.586850000094,20181.857749999854
2024-12-25T13:45:37.000000,25397.444599999948,-5139.419850000095,20258.02474999985
2024-12-25T13:45:52.000000,25397.444599999948,-5091.245850000095,20306.19874999985
2024-12-25T13:45:57.000000,25397.444599999948,-5057.068350000094,20340.376249999852
2024-12-25T13:46:02.000000,25397.444599999948,-5029.891900000093,20367.55269999985
2024-12-25T13:47:27.000000,25359.888099999946,-5029.891900000093,20329.99619999985
2024-12-25T13:47:47.000000,25302.320599999948,-5029.891900000093,20272.42869999985
2024-12-25T13:49:17.000000,25345.28809999995,-5029.891900000093,20315.396199999854
2024-12-25T13:49:22.000000,25388.255599999953,-5029.891900000093,20358.363699999856
2024-12-25T13:57:32.000000,25388.255599999953,-4907.056400000092,20481.199199999857
2024-12-25T13:57:32.000000,25388.255599999953,-4779.224150000093,20609.031449999857
2024-12-25T13:57:32.000000,25388.255599999953,-4656.388650000092,20731.866949999858
2024-12-25T13:57:32.000000,25388.255599999953,-4538.549900000092,20849.705699999857
2024-12-25T13:57:32.000000,25388.255599999953,-4445.6949000000905,20942.56069999986
2024-12-25T13:59:42.000000,25388.255599999953,-4327.8201500000905,21060.43544999986
2024-12-25T13:59:47.000000,25388.255599999953,-4214.94215000009,21173.31344999986
2024-12-25T13:59:57.000000,25388.255599999953,-4082.0691500000894,21306.18644999986
2024-12-25T14:03:07.000000,25388.255599999953,-4069.74615000009,21318.50944999986
2024-12-25T14:09:17.000000,25366.525499999952,-4069.74615000009,21296.77934999986
2024-12-25T14:10:27.000000,25366.525499999952,-4032.1626000000892,21334.36289999986
2024-12-25T14:14:42.000000,25366.525499999952,-4024.7923500000898,21341.733149999858
2024-12-25T14:15:22.000000,25379.528499999953,-4024.7923500000898,21354.73614999986
2024-12-25T14:15:27.000000,25387.534749999955,-4024.7923500000898,21362.74239999986
2024-12-25T14:15:32.000000,25395.540999999957,-4024.7923500000898,21370.748649999863
2024-12-25T14:15:37.000000,25403.54724999996,-4024.7923500000898,21378.754899999865
2024-12-25T14:15:42.000000,25411.55749999996,-4024.7923500000898,21386.765149999865
2024-12-25T14:15:47.000000,25347.88269999996,-4024.7923500000898,21323.090349999864
2024-12-25T14:15:47.000000,25365.89444999996,-4024.7923500000898,21341.102099999865
2024-12-25T14:15:52.000000,25316.21614999996,-4024.7923500000898,21291.423799999866
2024-12-25T14:15:52.000000,25329.22314999996,-4024.7923500000898,21304.430799999867
2024-12-25T14:15:57.000000,25279.544849999962,-4024.7923500000898,21254.752499999868
2024-12-25T14:15:57.000000,25297.552599999963,-4024.7923500000898,21272.76024999987
2024-12-25T14:16:02.000000,25254.86974999996,-4024.7923500000898,21230.077399999867
2024-12-25T14:16:02.000000,25272.877499999962,-4024.7923500000898,21248.085149999868
2024-12-25T14:16:07.000000,25237.195699999964,-4024.7923500000898,21212.40334999987
2024-12-25T14:16:07.000000,25260.204199999964,-4024.7923500000898,21235.41184999987
2024-12-25T14:16:12.000000,25238.518899999963,-4024.7923500000898,21213.72654999987
2024-12-25T14:16:17.000000,25223.829049999964,-4024.7923500000898,21199.03669999987
2024-12-25T14:16:17.000000,25236.840049999963,-4024.7923500000898,21212.04769999987
2024-12-25T14:16:22.000000,25229.14004999996,-4024.7923500000898,21204.347699999867
2024-12-25T14:16:22.000000,25242.15504999996,-4024.7923500000898,21217.362699999867
2024-12-25T14:16:27.000000,25255.45259999996,-4024.7923500000898,21230.660249999866
2024-12-25T14:16:27.000000,25263.46684999996,-4024.7923500000898,21238.674499999866
2024-12-25T14:16:32.000000,25276.75879999996,-4024.7923500000898,21251.966449999865
2024-12-25T14:16:37.000000,25304.05284999996,-4024.7923500000898,21279.260499999866
2024-12-25T14:16:42.000000,25345.33779999996,-4024.7923500000898,21320.545449999867
2024-12-25T14:16:42.000000,25353.35204999996,-4024.7923500000898,21328.559699999867
2024-12-25T14:16:47.000000,25394.636999999962,-4024.7923500000898,21369.844649999868
2024-12-25T14:16:47.000000,25392.653749999965,-4024.7923500000898,21367.86139999987
2024-12-25T14:16:52.000000,25440.939749999965,-4024.7923500000898,21416.14739999987
2024-12-25T14:16:57.000000,25489.220149999965,-4024.7923500000898,21464.42779999987
2024-12-25T14:16:57.000000,25472.234649999966,-4024.7923500000898,21447.44229999987
2024-12-25T14:17:02.000000,25520.515049999965,-4024.7923500000898,21495.72269999987
2024-12-25T14:17:02.000000,25503.529549999967,-4024.7923500000898,21478.737199999872
2024-12-25T14:17:07.000000,25551.809949999966,-4024.7923500000898,21527.017599999872
2024-12-25T14:17:12.000000,25593.089299999967,-4024.7923500000898,21568.296949999873
2024-12-25T14:17:17.000000,25620.372149999966,-4024.7923500000898,21595.579799999872
2024-12-25T14:18:02.000000,25682.677049999966,-4024.7923500000898,21657.88469999987
2024-12-25T14:18:07.000000,25737.992099999967,-4024.7923500000898,21713.199749999872
2024-12-25T14:18:12.000000,25793.307149999968,-4024.7923500000898,21768.514799999874
2024-12-25T14:18:17.000000,25841.626749999967,-4024.7923500000898,21816.834399999872
2024-12-25T14:18:22.000000,25861.964549999968,-4024.7923500000898,21837.172199999874
2024-12-25T14:18:27.000000,25875.301299999966,-4024.7923500000898,21850.508949999872
2024-12-25T14:18:32.000000,25888.638049999965,-4024.7923500000898,21863.84569999987
2024-12-25T14:18:37.000000,25894.979349999965,-4024.7923500000898,21870.18699999987
2024-12-25T14:18:42.000000,25894.979349999965,-3946.815600000091,21948.16374999987
2024-12-25T14:18:47.000000,25901.320649999965,-3946.815600000091,21954.50504999987
2024-12-25T14:18:47.000000,25901.320649999965,-3868.8348500000902,22032.48579999987
2024-12-25T14:18:52.000000,25900.660899999966,-3868.8348500000902,22031.826049999872
2024-12-25T14:18:52.000000,25900.660899999966,-3800.847600000091,22099.81329999987
2024-12-25T14:18:57.000000,25893.000099999965,-3800.847600000091,22092.15249999987
2024-12-25T14:18:57.000000,25893.000099999965,-3727.863600000091,22165.13649999987
2024-12-25T14:19:02.000000,25893.000099999965,-3659.8803500000918,22233.119749999867
2024-12-25T14:19:07.000000,25893.000099999965,-3586.896350000092,22306.103749999867
2024-12-25T14:19:32.000000,25893.000099999965,-3538.908100000092,22354.091999999866
2024-12-25T14:19:42.000000,25878.332649999964,-3538.908100000092,22339.424549999865
2024-12-25T14:20:32.000000,25863.665199999963,-3538.908100000092,22324.757099999864
2024-12-25T14:20:37.000000,25841.996699999963,-3538.908100000092,22303.088599999865
2024-12-25T14:22:07.000000,25841.996699999963,-3469.624550000091,22372.372149999865
2024-12-25T14:22:12.000000,25841.996699999963,-3400.34100000009,22441.655699999865
2024-12-25T14:22:17.000000,25841.996699999963,-3331.057450000089,22510.939249999865
2024-12-25T14:22:22.000000,25841.996699999963,-3268.769350000088,22573.227349999866
2024-12-25T14:22:27.000000,25841.996699999963,-3213.4767000000866,22628.519999999866
2024-12-25T14:22:32.000000,25841.996699999963,-3165.1795000000866,22676.817199999867
2024-12-25T14:22:37.000000,25841.996699999963,-3116.8823000000866,22725.114399999868
2024-12-25T14:22:42.000000,25841.996699999963,-3075.5805500000865,22766.416149999866
2024-12-25T14:27:47.000000,25841.996699999963,-3038.241800000086,22803.754899999865
2024-12-25T14:28:42.000000,25835.104699999963,-3038.241800000086,22796.862899999865
2024-12-25T14:28:52.000000,25960.394899999963,-3038.241800000086,22922.153099999865
2024-12-25T14:29:02.000000,25973.50989999996,-3038.241800000086,22935.268099999863
2024-12-25T14:29:07.000000,25996.62639999996,-3038.241800000086,22958.384599999863
2024-12-25T14:29:12.000000,26009.74539999996,-3038.241800000086,22971.50359999986
2024-12-25T14:29:17.000000,26002.86539999996,-3038.241800000086,22964.62359999986
2024-12-25T14:29:22.000000,26000.98214999996,-3038.241800000086,22962.74034999986
2024-12-25T14:29:27.000000,25989.10139999996,-3038.241800000086,22950.85959999986
2024-12-25T14:29:32.000000,25967.21914999996,-3038.241800000086,22928.977349999863
2024-12-25T14:29:37.000000,25935.33939999996,-3038.241800000086,22897.097599999863
2024-12-25T14:29:47.000000,25903.45164999996,-3038.241800000086,22865.20984999986
2024-12-25T14:31:37.000000,25903.45164999996,-3052.9092500000875,22850.54239999986
2024-12-25T14:31:47.000000,25903.45164999996,-3095.558500000088,22807.893149999858
2024-12-25T14:32:02.000000,25903.45164999996,-3124.2112500000876,22779.240399999857
2024-12-25T14:32:02.000000,25903.45164999996,-3132.0520500000875,22771.399599999855
2024-12-25T14:32:07.000000,25903.45164999996,-3167.700250000087,22735.751399999855
2024-12-25T14:35:27.000000,25903.45164999996,-3145.343750000086,22758.107899999857
2024-12-25T14:35:32.000000,25903.45164999996,-3122.9872500000847,22780.46439999986
2024-12-25T14:35:37.000000,25861.594399999958,-3122.9872500000847,22738.607149999858
2024-12-25T14:35:42.000000,25861.594399999958,-3100.6307500000835,22760.96364999986
2024-12-25T14:35:42.000000,25814.736399999958,-3100.6307500000835,22714.10564999986
2024-12-25T14:36:37.000000,25814.736399999958,-3045.2877000000835,22769.44869999986
2024-12-25T14:36:47.000000,25814.736399999958,-2982.9436000000837,22831.792799999857
2024-12-25T14:37:07.000000,25814.736399999958,-2934.5960000000837,22880.14039999986
2024-12-25T14:38:42.000000,25842.893649999958,-2934.5960000000837,22908.29764999986
2024-12-25T14:38:57.000000,25881.056399999958,-2934.5960000000837,22946.460399999858
2024-12-25T14:39:07.000000,25909.225649999957,-2934.5960000000837,22974.629649999857
2024-12-25T14:39:17.000000,25912.399149999957,-2934.5960000000837,22977.803149999858
2024-12-25T14:39:22.000000,25895.573649999955,-2934.5960000000837,22960.977649999855
2024-12-25T14:39:27.000000,25878.748149999952,-2934.5960000000837,22944.152149999853
2024-12-25T14:39:37.000000,25841.92764999995,-2934.5960000000837,22907.33164999985
2024-12-25T14:39:42.000000,25800.11039999995,-2934.5960000000837,22865.51439999985
2024-12-25T14:39:47.000000,25753.29239999995,-2934.5960000000837,22818.69639999985
2024-12-25T14:40:12.000000,25681.48264999995,-2934.5960000000837,22746.88664999985
2024-12-25T14:40:17.000000,25609.67289999995,-2934.5960000000837,22675.07689999985
2024-12-25T14:40:22.000000,25532.86239999995,-2934.5960000000837,22598.26639999985
2024-12-26T09:51:57.000000,25532.86239999995,-2996.423300000084,22536.43909999985
2024-12-26T09:56:57.000000,25532.86239999995,-2929.044050000084,22603.81834999985
2024-12-26T09:57:07.000000,25532.86239999995,-2891.6333000000836,22641.229099999848
2024-12-26T10:05:52.000000,25532.86239999995,-2888.7518000000837,22644.110599999847
2024-12-26T10:10:27.000000,25532.86239999995,-2971.371050000085,22561.491349999847
2024-12-26T10:12:02.000000,25532.86239999995,-2964.024800000085,22568.837599999846
2024-12-26T10:12:07.000000,25532.86239999995,-2956.6665500000854,22576.195849999847
2024-12-26T10:12:12.000000,25532.86239999995,-2949.3083000000856,22583.55409999985
2024-12-26T10:12:17.000000,25532.86239999995,-2941.950050000086,22590.91234999985
2024-12-26T10:12:22.000000,25532.86239999995,-2939.700550000086,22593.161849999848
2024-12-26T10:12:27.000000,25532.86239999995,-3037.3460500000856,22495.51634999985
2024-12-26T10:12:32.000000,25532.86239999995,-3080.047300000084,22452.81509999985
2024-12-26T10:12:32.000000,25532.86239999995,-3077.797800000084,22455.06459999985
2024-12-26T10:12:32.000000,25532.86239999995,-3175.4433000000836,22357.41909999985
2024-12-26T10:12:37.000000,25532.86239999995,-3273.088800000083,22259.77359999985
2024-12-26T10:12:42.000000,25532.86239999995,-3320.782800000084,22212.07959999985
2024-12-26T10:12:52.000000,25532.86239999995,-3293.7799500000838,22239.082449999853
2024-12-26T10:12:52.000000,25532.86239999995,-3406.427700000083,22126.434699999852
2024-12-26T10:13:07.000000,25532.86239999995,-3400.4056000000833,22132.45679999985
2024-12-26T10:15:02.000000,25587.90864999995,-3400.4056000000833,22187.50304999985
2024-12-26T10:15:32.000000,25565.98254999995,-3400.4056000000833,22165.57694999985
2024-12-26T10:19:12.000000,25565.98254999995,-3332.650350000084,22233.332199999848
2024-12-26T10:19:22.000000,25565.98254999995,-3314.8666000000835,22251.115949999847
2024-12-26T10:19:27.000000,25565.98254999995,-3302.071600000084,22263.910949999845
2024-12-26T10:19:37.000000,25565.98254999995,-3294.2653500000833,22271.717199999846
2024-12-26T10:19:47.000000,25565.98254999995,-3296.4446000000844,22269.537949999845
2024-12-26T10:20:27.000000,25565.98254999995,-3259.153850000085,22306.828699999845
2024-12-26T10:20:42.000000,25565.98254999995,-3206.8608500000864,22359.121699999843
2024-12-26T10:20:47.000000,25565.98254999995,-3154.5678500000877,22411.41469999984
2024-12-26T10:20:52.000000,25565.98254999995,-3102.274850000089,22463.70769999984
2024-12-26T10:20:57.000000,25565.98254999995,-3049.98185000009,22516.000699999837
2024-12-26T10:21:02.000000,25565.98254999995,-2997.6888500000914,22568.293699999835
2024-12-26T10:21:07.000000,25565.98254999995,-2945.3958500000927,22620.586699999832
2024-12-26T10:21:42.000000,25565.98254999995,-2878.100600000093,22687.88194999983
2024-12-26T10:24:32.000000,25565.98254999995,-2840.277850000093,22725.70469999983
2024-12-26T10:25:07.000000,25565.98254999995,-2827.4508500000934,22738.531699999832
2024-12-26T10:25:27.000000,25565.98254999995,-2835.3204500000934,22730.66209999983
2024-12-26T10:26:47.000000,25565.98254999995,-2813.0919500000923,22752.89059999983
2024-12-26T10:26:52.000000,25565.98254999995,-2800.856950000091,22765.125599999832
2024-12-26T10:26:57.000000,25565.98254999995,-2798.623450000091,22767.35909999983
2024-12-26T10:27:02.000000,25565.98254999995,-2786.3884500000895,22779.59409999983
2024-12-26T10:30:02.000000,25585.685799999952,-2786.3884500000895,22799.297349999833
2024-12-26T10:30:17.000000,25605.38184999995,-2786.3884500000895,22818.993399999832
2024-12-26T10:30:22.000000,25607.082399999952,-2786.3884500000895,22820.693949999833
2024-12-26T10:32:47.000000,25609.967899999952,-2786.3884500000895,22823.579449999834
2024-12-26T10:32:57.000000,25607.848649999953,-2786.3884500000895,22821.460199999834
2024-12-26T10:33:17.000000,25617.97454999995,-2786.3884500000895,22831.586099999833
2024-12-26T10:37:57.000000,25617.97454999995,-2789.1942500000905,22828.78029999983
2024-12-26T10:38:22.000000,25588.385649999953,-2789.1942500000905,22799.191399999832
2024-12-26T10:40:32.000000,25588.385649999953,-2748.1806500000903,22840.20499999983
2024-12-26T10:40:37.000000,25588.385649999953,-2713.16315000009,22875.222499999833
2024-12-26T10:40:42.000000,25588.385649999953,-2685.3499000000897,22903.03574999983
2024-12-26T10:49:12.000000,25566.283399999953,-2685.3499000000897,22880.933499999832
2024-12-26T10:49:17.000000,25544.181149999953,-2685.3499000000897,22858.831249999832
2024-12-26T10:49:27.000000,25517.078149999954,-2685.3499000000897,22831.728249999833
2024-12-26T10:55:47.000000,25549.948149999953,-2685.3499000000897,22864.59824999983
2024-12-26T10:57:52.000000,25549.948149999953,-2727.49115000009,22822.45699999983
2024-12-26T10:58:02.000000,25549.948149999953,-2764.6356500000893,22785.312499999833
2024-12-26T10:58:07.000000,25549.948149999953,-2806.7769000000894,22743.171249999832
2024-12-26T10:58:22.000000,25549.948149999953,-2843.9134000000886,22706.03474999983
2024-12-26T10:58:37.000000,25549.948149999953,-2891.039400000088,22658.90874999983
2024-12-26T10:59:47.000000,25532.242649999953,-2891.039400000088,22641.20324999983
2024-12-26T11:02:02.000000,25532.242649999953,-2918.1904000000873,22614.052249999833
2024-12-26T11:04:27.000000,25531.274899999953,-2918.1904000000873,22613.084499999833
2024-12-26T11:05:32.000000,25531.274899999953,-2904.677000000087,22626.597899999833
2024-12-26T11:06:27.000000,25531.274899999953,-2917.580300000087,22613.694599999835
2024-12-26T11:07:17.000000,25531.274899999953,-2916.506150000087,22614.768749999836
2024-12-26T11:07:37.000000,25433.437399999955,-2916.506150000087,22516.931249999838
2024-12-26T11:07:42.000000,25433.437399999955,-2902.995800000086,22530.44159999984
2024-12-26T11:07:47.000000,25433.437399999955,-2889.485450000085,22543.95194999984
2024-12-26T11:10:02.000000,25455.569899999955,-2889.485450000085,22566.08444999984
2024-12-26T11:10:07.000000,25462.712149999956,-2889.485450000085,22573.22669999984
2024-12-26T11:10:12.000000,25469.854399999957,-2889.485450000085,22580.36894999984
2024-12-26T11:10:27.000000,25476.996649999957,-2889.485450000085,22587.51119999984
2024-12-26T11:10:32.000000,25484.138899999958,-2889.485450000085,22594.65344999984
2024-12-26T11:10:37.000000,25491.28114999996,-2889.485450000085,22601.795699999842
2024-12-26T11:10:42.000000,25491.28114999996,-2866.416950000085,22624.864199999844
2024-12-26T11:11:37.000000,25491.28114999996,-2858.5467000000845,22632.734449999843
2024-12-26T11:14:57.000000,25491.28114999996,-2838.0297000000837,22653.251449999843
2024-12-26T11:19:02.000000,25491.28114999996,-2898.9738000000834,22592.307349999843
2024-12-26T11:19:07.000000,25491.28114999996,-2953.9170000000836,22537.36414999984
2024-12-26T11:19:12.000000,25491.28114999996,-3002.864100000084,22488.41704999984
2024-12-26T11:19:17.000000,25491.28114999996,-3051.806400000083,22439.47474999984
2024-12-26T11:19:22.000000,25491.28114999996,-3112.740900000083,22378.54024999984
2024-12-26T11:25:57.000000,25474.25964999996,-3112.740900000083,22361.518749999843
2024-12-26T11:26:07.000000,25482.23389999996,-3112.740900000083,22369.492999999842
2024-12-26T11:26:47.000000,25555.16989999996,-3112.740900000083,22442.428999999844
2024-12-26T11:26:47.000000,25613.10364999996,-3112.740900000083,22500.362749999844
2024-12-26T11:26:47.000000,25666.03664999996,-3112.740900000083,22553.295749999845
2024-12-26T11:26:47.000000,25708.968149999964,-3112.740900000083,22596.227249999847
2024-12-26T11:28:27.000000,25721.927149999963,-3112.740900000083,22609.186249999846
2024-12-26T13:02:37.000000,25721.927149999963,-3203.7711000000822,22518.156049999845
2024-12-26T13:05:17.000000,25721.927149999963,-3174.639300000082,22547.287849999844
2024-12-26T13:05:47.000000,25721.927149999963,-3182.4993000000823,22539.427849999844
2024-12-26T13:05:52.000000,25721.927149999963,-3190.3593000000824,22531.567849999843
2024-12-26T13:05:57.000000,25721.927149999963,-3198.2193000000825,22523.707849999842
2024-12-26T13:06:02.000000,25721.927149999963,-3206.0793000000826,22515.847849999842
2024-12-26T13:06:12.000000,25721.927149999963,-3198.9370500000828,22522.990099999843
2024-12-26T13:06:17.000000,25721.927149999963,-3206.7850500000827,22515.14209999984
2024-12-26T13:06:22.000000,25721.927149999963,-3214.6330500000827,22507.29409999984
2024-12-26T13:06:32.000000,25721.927149999963,-3251.7895500000836,22470.137599999838
2024-12-26T13:06:37.000000,25721.927149999963,-3229.645050000084,22492.282099999837
2024-12-26T13:06:42.000000,25721.927149999963,-3207.500550000085,22514.426599999835
2024-12-26T13:06:47.000000,25721.927149999963,-3209.655800000084,22512.271349999835
2024-12-26T13:06:52.000000,25721.927149999963,-3206.8143000000828,22515.112849999838
2024-12-26T13:06:57.000000,25721.927149999963,-3193.9753000000833,22527.951849999838
2024-12-26T13:06:57.000000,25721.927149999963,-3156.840550000083,22565.08659999984
2024-12-26T13:07:02.000000,25721.927149999963,-3143.997550000082,22577.92959999984
2024-12-26T13:07:07.000000,25721.927149999963,-3151.1415500000817,22570.78559999984
2024-12-26T13:07:12.000000,25721.927149999963,-3128.9970500000823,22592.930099999838
2024-12-26T13:07:17.000000,25721.927149999963,-3106.852550000083,22615.074599999836
2024-12-26T13:07:22.000000,25721.927149999963,-3084.7080500000834,22637.219099999835
2024-12-26T13:07:42.000000,25721.927149999963,-3047.5613000000844,22674.365849999835
2024-12-26T13:07:47.000000,25721.927149999963,-3025.4048000000853,22696.522349999836
2024-12-26T13:09:12.000000,25721.927149999963,-3040.2636000000853,22681.663549999837
2024-12-26T13:09:42.000000,25721.927149999963,-3029.7633000000847,22692.163849999837
2024-12-26T13:09:42.000000,25721.927149999963,-3040.6151000000855,22681.312049999837
2024-12-26T13:09:52.000000,25721.927149999963,-3011.723300000085,22710.203849999838
2024-12-26T13:09:57.000000,25721.927149999963,-3022.5719000000845,22699.35524999984
2024-12-26T13:09:57.000000,25721.927149999963,-3005.681900000085,22716.24524999984
2024-12-26T13:10:02.000000,25721.927149999963,-2976.794900000085,22745.13224999984
2024-12-26T13:10:12.000000,25721.927149999963,-2935.915700000085,22786.011449999838
2024-12-26T13:10:32.000000,25721.927149999963,-2923.0487000000853,22798.878449999836
2024-12-26T13:10:42.000000,25721.927149999963,-2900.188200000086,22821.738949999835
2024-12-26T13:10:47.000000,25721.927149999963,-2867.3342000000866,22854.592949999835
2024-12-26T13:10:52.000000,25721.927149999963,-2834.4802000000873,22887.446949999834
2024-12-26T13:11:07.000000,25721.927149999963,-2797.3214500000868,22924.605699999833
2024-12-26T13:11:17.000000,25721.927149999963,-2749.4732000000854,22972.453949999835
2024-12-26T13:11:32.000000,25721.927149999963,-2686.634700000085,23035.292449999837
2024-12-26T13:11:52.000000,25721.927149999963,-2781.5087000000844,22940.418449999837
2024-12-26T13:12:02.000000,25721.927149999963,-2876.389100000084,22845.53804999984
2024-12-26T13:12:07.000000,25721.927149999963,-2784.122100000084,22937.80504999984
2024-12-26T13:12:07.000000,25721.927149999963,-2761.249600000083,22960.67754999984
2024-12-26T13:12:12.000000,25721.927149999963,-2668.982600000083,23052.94454999984
2024-12-26T13:12:17.000000,25721.927149999963,-2688.131600000083,23033.79554999984
2024-12-26T13:12:22.000000,25721.927149999963,-2713.2815000000824,23008.64564999984
2024-12-26T13:12:27.000000,25721.927149999963,-2768.155900000083,22953.771249999838
2024-12-26T13:12:32.000000,25721.927149999963,-2843.026900000082,22878.90024999984
2024-12-26T13:16:12.000000,25721.927149999963,-2754.178900000082,22967.74824999984
2024-12-26T13:16:37.000000,25721.927149999963,-2641.3321000000824,23080.59504999984
2024-12-26T13:16:42.000000,25721.927149999963,-2540.4823000000824,23181.44484999984
2024-12-26T13:16:57.000000,25690.953949999963,-2540.4823000000824,23150.47164999984
2024-12-26T13:17:12.000000,25690.953949999963,-2599.3925000000822,23091.56144999984
2024-12-26T13:17:27.000000,25690.953949999963,-2678.305700000082,23012.648249999842
2024-12-26T13:17:42.000000,25690.953949999963,-2761.232300000083,22929.721649999843
2024-12-26T13:18:32.000000,25690.953949999963,-2832.157100000083,22858.796849999842
2024-12-26T13:19:57.000000,25690.953949999963,-2935.0771000000823,22755.876849999844
2024-12-26T13:20:27.000000,25690.953949999963,-2946.002500000083,22744.951449999844
2024-12-26T13:20:42.000000,25653.197449999963,-2946.002500000083,22707.194949999845
2024-12-26T13:21:02.000000,25653.197449999963,-2984.9385000000834,22668.258949999843
2024-12-26T13:21:02.000000,25653.197449999963,-3023.874500000084,22629.32294999984
2024-12-26T13:21:02.000000,25653.197449999963,-3074.802700000085,22578.39474999984
2024-12-26T13:21:12.000000,25653.197449999963,-3085.5905000000844,22567.60694999984
2024-12-26T13:21:12.000000,25653.197449999963,-3128.5143000000844,22524.68314999984
2024-12-26T13:21:17.000000,25653.197449999963,-3171.4477000000843,22481.74974999984
2024-12-26T13:21:22.000000,25653.197449999963,-3226.376500000085,22426.820949999837
2024-12-26T13:21:27.000000,25653.197449999963,-3277.3143000000846,22375.883149999838
2024-12-26T13:21:32.000000,25653.197449999963,-3320.2509000000846,22332.946549999837
2024-12-26T13:21:37.000000,25653.197449999963,-3355.1895000000845,22298.007949999836
2024-12-26T13:21:42.000000,25653.197449999963,-3394.125500000085,22259.071949999834
2024-12-26T13:21:42.000000,25630.431199999963,-3394.125500000085,22236.305699999833
2024-12-26T13:21:52.000000,25630.431199999963,-3433.0615000000857,22197.369699999832
2024-12-26T13:21:57.000000,25592.66269999996,-3433.0615000000857,22159.60119999983
2024-12-26T13:23:22.000000,25592.66269999996,-3408.026300000085,22184.636399999832
2024-12-26T13:23:27.000000,25592.66269999996,-3390.9859000000843,22201.676799999834
2024-12-26T13:26:12.000000,25524.937699999962,-3390.9859000000843,22133.951799999835
2024-12-26T13:26:32.000000,25524.937699999962,-3349.9291000000853,22175.008599999834
2024-12-26T13:26:37.000000,25524.937699999962,-3300.877500000085,22224.060199999833
2024-12-26T13:26:42.000000,25524.937699999962,-3259.823900000085,22265.113799999832
2024-12-26T13:26:47.000000,25524.937699999962,-3222.770900000085,22302.16679999983
2024-12-26T13:26:52.000000,25524.937699999962,-3185.717900000085,22339.21979999983
2024-12-26T13:26:57.000000,25524.937699999962,-3156.6629000000853,22368.274799999832
2024-12-26T13:27:02.000000,25524.937699999962,-3127.6111000000856,22397.326599999833
2024-12-26T13:27:07.000000,25524.937699999962,-3102.556700000086,22422.380999999834
2024-12-26T13:27:07.000000,25524.937699999962,-3086.1051000000853,22438.832599999834
2024-12-26T13:31:02.000000,25595.874199999962,-3086.1051000000853,22509.769099999834
2024-12-26T13:31:07.000000,25642.80709999996,-3086.1051000000853,22556.701999999834
2024-12-26T13:32:02.000000,25665.08359999996,-3086.1051000000853,22578.978499999834
2024-12-26T13:32:17.000000,25687.348099999963,-3086.1051000000853,22601.242999999835
2024-12-26T13:32:47.000000,25687.348099999963,-3053.0303000000845,22634.317799999837
2024-12-26T13:35:47.000000,25687.348099999963,-3018.108800000084,22669.239299999837
2024-12-26T13:38:42.000000,25725.23884999996,-3018.108800000084,22707.130049999836
2024-12-26T13:39:57.000000,25725.23884999996,-3026.0720000000842,22699.166849999838
2024-12-26T13:40:02.000000,25725.23884999996,-3034.0352000000844,22691.20364999984
2024-12-26T13:40:37.000000,25725.23884999996,-3028.961400000084,22696.27744999984
2024-12-26T13:40:52.000000,25725.23884999996,-3019.887000000083,22705.351849999843
2024-12-26T13:40:57.000000,25725.23884999996,-3018.810600000083,22706.42824999984
2024-12-26T13:41:07.000000,25725.23884999996,-3021.7316000000837,22703.50724999984
2024-12-26T13:41:12.000000,25725.23884999996,-3032.650600000083,22692.58824999984
2024-12-26T13:42:07.000000,25725.23884999996,-3010.4101000000837,22714.82874999984
2024-12-26T13:42:37.000000,25725.23884999996,-2988.1696000000843,22737.06924999984
2024-12-26T13:42:42.000000,25725.23884999996,-2965.929100000085,22759.30974999984
2024-12-26T13:42:47.000000,25725.23884999996,-2943.6886000000854,22781.55024999984
2024-12-26T13:42:52.000000,25725.23884999996,-2936.438350000086,22788.80049999984
2024-12-26T13:43:07.000000,25725.23884999996,-2929.1881000000863,22796.050749999842
2024-12-26T13:45:32.000000,25725.23884999996,-2921.9258500000865,22803.312999999842
2024-12-26T13:48:22.000000,25725.23884999996,-2884.8600500000866,22840.378799999842
2024-12-26T13:48:32.000000,25725.23884999996,-2859.7864500000874,22865.452399999842
2024-12-26T13:55:42.000000,25748.003349999963,-2859.7864500000874,22888.216899999843
2024-12-26T13:55:42.000000,25740.29934999996,-2859.7864500000874,22880.51289999984
2024-12-26T13:55:47.000000,25743.06084999996,-2859.7864500000874,22883.274399999842
2024-12-26T13:55:57.000000,25710.825099999962,-2859.7864500000874,22851.038649999842
2024-12-26T13:58:57.000000,25710.825099999962,-2782.0457000000883,22928.779399999843
2024-12-26T13:58:57.000000,25710.825099999962,-2704.3049500000893,23006.520149999844
2024-12-26T13:59:02.000000,25710.825099999962,-2631.564950000089,23079.260149999845
2024-12-26T13:59:12.000000,25710.825099999962,-2588.8094500000902,23122.015649999845
2024-12-26T13:59:22.000000,25710.825099999962,-2542.7429500000912,23168.082149999842
2024-12-26T14:03:07.000000,25710.825099999962,-2474.9597000000917,23235.865399999842
2024-12-26T14:03:27.000000,25691.349699999962,-2474.9597000000917,23216.389999999843
2024-12-26T14:03:52.000000,25908.559449999964,-2474.9597000000917,23433.599749999845
2024-12-26T14:03:52.000000,26125.769199999966,-2474.9597000000917,23650.809499999847
2024-12-26T14:03:57.000000,26126.886549999967,-2474.9597000000917,23651.926849999847
2024-12-26T14:03:57.000000,26344.108299999967,-2474.9597000000917,23869.148599999848
2024-12-26T14:04:02.000000,26561.31804999997,-2474.9597000000917,24086.35834999985
2024-12-26T14:04:07.000000,26553.43404999997,-2474.9597000000917,24078.47434999985
2024-12-26T14:04:07.000000,26755.66554999997,-2474.9597000000917,24280.70584999985
2024-12-26T14:04:12.000000,26942.89479999997,-2474.9597000000917,24467.93509999985
2024-12-26T14:04:17.000000,27100.13154999997,-2474.9597000000917,24625.17184999985
2024-12-26T14:04:22.000000,27242.37804999997,-2474.9597000000917,24767.41834999985
2024-12-26T14:06:02.000000,27242.37804999997,-2422.190700000091,24820.18734999985
2024-12-26T14:06:02.000000,27242.37804999997,-2374.4184500000915,24867.95959999985
2024-12-26T14:06:12.000000,27242.37804999997,-2326.650200000092,24915.72784999985
2024-12-26T14:06:17.000000,27242.37804999997,-2283.878700000093,24958.49934999985
2024-12-26T14:06:22.000000,27242.37804999997,-2302.648500000092,24939.72954999985
2024-12-26T14:07:52.000000,27228.90354999997,-2302.648500000092,24926.25504999985
2024-12-26T14:08:57.000000,27228.90354999997,-2340.4770000000913,24888.42654999985
2024-12-26T14:11:02.000000,27228.90354999997,-2303.354250000091,24925.54929999985
2024-12-26T14:11:07.000000,27228.90354999997,-2266.2315000000904,24962.67204999985
2024-12-26T14:11:12.000000,27228.90354999997,-2244.087000000091,24984.816549999847
2024-12-26T14:12:37.000000,27228.90354999997,-2261.3085000000906,24967.595049999847
2024-12-26T14:12:42.000000,27228.90354999997,-2273.5332500000914,24955.370299999846
2024-12-26T14:13:22.000000,27228.90354999997,-2270.7557500000917,24958.147799999846
2024-12-26T14:13:32.000000,27228.90354999997,-2257.976750000092,24970.926799999845
2024-12-26T14:13:37.000000,27228.90354999997,-2255.1952500000925,24973.708299999846
2024-12-26T14:14:02.000000,27228.90354999997,-2254.0772500000926,24974.826299999844
2024-12-26T14:14:07.000000,27228.90354999997,-2252.9592500000927,24975.944299999843
2024-12-26T14:14:17.000000,27228.90354999997,-2269.8950000000923,24959.008549999842
2024-12-26T14:14:22.000000,27228.90354999997,-2313.8276000000933,24915.075949999842
2024-12-26T14:14:27.000000,27228.90354999997,-2357.7602000000943,24871.143349999842
2024-12-26T14:16:37.000000,27228.90354999997,-2338.719350000093,24890.184199999843
2024-12-26T14:16:52.000000,27228.90354999997,-2310.6843500000923,24918.219199999843
2024-12-26T14:16:57.000000,27228.90354999997,-2282.6493500000915,24946.254199999843
2024-12-26T14:17:12.000000,27228.90354999997,-2263.615700000092,24965.287849999844
2024-12-26T14:17:17.000000,27228.90354999997,-2244.5820500000927,24984.321499999845
2024-12-26T14:17:22.000000,27228.90354999997,-2234.5425500000933,24994.360999999844
2024-12-26T14:17:32.000000,27228.90354999997,-2216.766800000093,25012.136749999845
2024-12-26T14:17:32.000000,27228.90354999997,-2215.7214500000932,25013.182099999845
2024-12-26T14:17:37.000000,27228.90354999997,-2223.6702500000933,25005.233299999847
2024-12-26T14:17:52.000000,27228.90354999997,-2200.3777500000924,25028.525799999847
2024-12-26T14:19:52.000000,27228.90354999997,-2237.1102500000916,24991.79329999985
2024-12-26T14:20:02.000000,27228.90354999997,-2263.849250000091,24965.05429999985
2024-12-26T14:20:02.000000,27228.90354999997,-2290.5882500000907,24938.315299999853
2024-12-26T14:20:07.000000,27228.90354999997,-2322.328000000091,24906.575549999852
2024-12-26T14:20:57.000000,27228.90354999997,-2351.9873000000903,24876.916249999853
2024-12-26T14:21:22.000000,27228.90354999997,-2324.5196500000898,24904.38389999985
2024-12-26T14:23:17.000000,27228.90354999997,-2332.3316500000897,24896.57189999985
2024-12-26T14:25:37.000000,27228.90354999997,-2330.9191000000883,24897.98444999985
2024-12-26T14:25:42.000000,27228.90354999997,-2329.506550000087,24899.39699999985
2024-12-26T14:25:47.000000,27228.90354999997,-2328.0940000000855,24900.809549999853
2024-12-26T14:27:17.000000,27228.90354999997,-2335.8140000000853,24893.08954999985
2024-12-26T14:27:22.000000,27228.90354999997,-2343.534000000085,24885.36954999985
2024-12-26T14:27:27.000000,27228.90354999997,-2342.4064000000853,24886.49714999985
2024-12-26T14:27:32.000000,27228.90354999997,-2341.2788000000855,24887.62474999985
2024-12-26T14:31:37.000000,27236.729799999972,-2341.2788000000855,24895.45099999985
2024-12-26T14:33:22.000000,27236.729799999972,-2358.4563000000853,24878.27349999985
2024-12-26T14:33:42.000000,27236.729799999972,-2365.9491000000853,24870.78069999985
2024-12-26T14:33:52.000000,27236.729799999972,-2418.9478500000855,24817.78194999985
2024-12-26T14:33:57.000000,27236.729799999972,-2501.9271000000854,24734.80269999985
2024-12-26T14:35:17.000000,27236.729799999972,-2663.476600000086,24573.25319999985
2024-12-26T14:35:22.000000,27236.729799999972,-2881.0121000000863,24355.71769999985
2024-12-26T14:35:27.000000,27236.729799999972,-3126.540600000086,24110.189199999848
2024-12-26T14:36:52.000000,27236.729799999972,-3526.1034000000864,23710.62639999985
2024-12-26T14:37:02.000000,27236.729799999972,-3911.686500000087,23325.04329999985
2024-12-26T14:37:07.000000,27236.729799999972,-4297.269600000088,22939.46019999985
2024-12-26T14:37:12.000000,27236.729799999972,-4654.837300000087,22581.89249999985
2024-12-26T14:37:17.000000,27236.729799999972,-5012.382600000087,22224.347199999847
2024-12-26T14:38:22.000000,27236.729799999972,-5018.833800000088,22217.895999999848
2024-12-26T14:38:27.000000,27236.729799999972,-5025.285000000088,22211.44479999985
2024-12-26T14:41:27.000000,27236.729799999972,-4949.034000000089,22287.69579999985
2024-12-26T14:41:32.000000,27236.729799999972,-4844.790000000089,22391.939799999847
2024-12-26T14:41:47.000000,27236.729799999972,-4698.56210000009,22538.167699999845
2024-12-26T14:41:52.000000,27236.729799999972,-4538.343300000091,22698.386499999844
2024-12-26T14:41:57.000000,27236.729799999972,-4364.122400000091,22872.607399999844
2024-12-26T14:42:02.000000,27236.729799999972,-4175.91060000009,23060.819199999845
2024-12-26T14:42:07.000000,27236.729799999972,-3973.6967000000895,23263.033099999844
2024-12-27T09:57:32.000000,27236.729799999972,-3930.885200000089,23305.844599999844
2024-12-27T10:10:37.000000,27236.729799999972,-3966.5334000000885,23270.196399999844
2024-12-27T10:11:07.000000,27236.729799999972,-4004.078700000088,23232.651099999846
2024-12-27T10:15:42.000000,27238.113399999973,-4004.078700000088,23234.034699999847
2024-12-27T10:15:57.000000,27235.499599999974,-4004.078700000088,23231.42089999985
2024-12-27T10:16:02.000000,27232.885799999975,-4004.078700000088,23228.80709999985
2024-12-27T10:16:12.000000,27234.275799999974,-4004.078700000088,23230.19709999985
2024-12-27T10:16:22.000000,27231.665199999974,-4004.078700000088,23227.58649999985
2024-12-27T10:16:27.000000,27237.055799999973,-4004.078700000088,23232.977099999847
2024-12-27T10:16:32.000000,27238.445799999972,-4004.078700000088,23234.367099999847
2024-12-27T10:16:37.000000,27235.835199999972,-4004.078700000088,23231.756499999847
2024-12-27T10:16:42.000000,27233.224599999972,-4004.078700000088,23229.145899999847
2024-12-27T10:16:52.000000,27234.61459999997,-4004.078700000088,23230.535899999846
2024-12-27T10:17:22.000000,27219.99899999997,-4004.078700000088,23215.920299999845
2024-12-27T10:17:27.000000,27201.38279999997,-4004.078700000088,23197.304099999845
2024-12-27T10:20:57.000000,27201.38279999997,-4123.812300000087,23077.570499999845
2024-12-27T10:21:07.000000,27201.38279999997,-4243.568300000087,22957.814499999844
2024-12-27T10:21:17.000000,27201.38279999997,-4349.311000000086,22852.071799999845
2024-12-27T10:22:52.000000,27368.52424999997,-4349.311000000086,23019.213249999844
2024-12-27T10:23:07.000000,27368.52424999997,-4525.053000000085,22843.471249999846
2024-12-27T10:23:27.000000,27368.52424999997,-4567.826400000085,22800.697849999848
2024-12-27T10:25:57.000000,27368.52424999997,-5140.091150000087,22228.433099999846
2024-12-27T10:27:27.000000,27645.966999999968,-5140.091150000087,22505.875849999844
2024-12-27T10:27:32.000000,27808.416499999967,-5140.091150000087,22668.325349999843
2024-12-27T10:27:47.000000,27845.843249999965,-5140.091150000087,22705.75209999984
2024-12-27T10:27:52.000000,27898.252249999965,-5140.091150000087,22758.16109999984
2024-12-27T10:28:12.000000,28245.545499999964,-5140.091150000087,23105.45434999984
2024-12-27T10:30:02.000000,28245.545499999964,-5133.973850000087,23111.571649999838
2024-12-27T10:36:32.000000,28195.766399999964,-5133.973850000087,23061.79254999984
2024-12-27T10:37:27.000000,28195.766399999964,-5105.830850000088,23089.93554999984
2024-12-27T10:37:37.000000,28195.766399999964,-5077.6878500000885,23118.07854999984
2024-12-27T10:37:42.000000,28195.766399999964,-5058.539000000089,23137.227399999836
2024-12-27T10:37:47.000000,28195.766399999964,-5039.390150000089,23156.376249999834
2024-12-27T10:37:52.000000,28195.766399999964,-5020.24130000009,23175.52509999983
2024-12-27T10:38:27.000000,28195.766399999964,-5010.07940000009,23185.68699999983
2024-12-27T10:42:42.000000,28230.022299999964,-5010.07940000009,23219.94289999983
2024-12-27T10:43:42.000000,28222.358299999963,-5010.07940000009,23212.27889999983
2024-12-27T10:47:07.000000,28239.779499999964,-5010.07940000009,23229.70009999983
2024-12-27T10:49:42.000000,28239.779499999964,-5158.097200000089,23081.682299999833
2024-12-27T10:49:52.000000,28262.111999999965,-5158.097200000089,23104.014799999833
2024-12-27T10:49:52.000000,28262.111999999965,-5320.10590000009,22942.00609999983
2024-12-27T10:49:57.000000,28262.111999999965,-5482.10900000009,22780.00299999983
2024-12-27T10:50:07.000000,28263.618149999966,-5482.10900000009,22781.50914999983
2024-12-27T10:55:17.000000,28263.618149999966,-5474.7387500000905,22788.87939999983
2024-12-27T10:55:32.000000,28263.618149999966,-5482.35875000009,22781.25939999983
2024-12-27T10:56:52.000000,28263.618149999966,-5441.342600000092,22822.27554999983
2024-12-27T10:57:37.000000,28263.618149999966,-5414.1381500000925,22849.47999999983
2024-12-27T10:57:42.000000,28263.618149999966,-5386.933700000093,22876.684449999826
2024-12-27T10:57:57.000000,28263.618149999966,-5352.733800000095,22910.884349999826
2024-12-27T10:58:12.000000,28263.618149999966,-5332.530400000095,22931.087749999824
2024-12-27T11:03:37.000000,28263.618149999966,-5354.2941000000965,22909.324049999825
2024-12-27T11:03:42.000000,28263.618149999966,-5362.066900000096,22901.551249999826
2024-12-27T11:03:47.000000,28263.618149999966,-5383.841800000096,22879.776349999825
2024-12-27T11:03:52.000000,28263.618149999966,-5405.605500000097,22858.012649999826
2024-12-27T11:03:57.000000,28263.618149999966,-5441.371300000098,22822.246849999825
2024-12-27T11:04:02.000000,28263.618149999966,-5463.146200000097,22800.471949999825
2024-12-27T11:04:07.000000,28263.618149999966,-5470.919000000097,22792.699149999826
2024-12-27T11:04:47.000000,28244.689949999964,-5470.919000000097,22773.770949999824
2024-12-27T11:14:32.000000,28244.689949999964,-5505.792650000099,22738.897299999822
2024-12-27T11:14:42.000000,28244.689949999964,-5549.660450000099,22695.029499999822
2024-12-27T11:17:12.000000,28244.689949999964,-5566.553000000099,22678.13694999982
2024-12-27T11:17:22.000000,28244.689949999964,-5592.439700000099,22652.250249999823
2024-12-27T11:17:27.000000,28244.689949999964,-5618.326400000099,22626.363549999824
2024-12-27T11:17:32.000000,28244.689949999964,-5653.2072500001,22591.482699999822
2024-12-27T11:19:02.000000,28244.689949999964,-5689.971750000102,22554.71819999982
2024-12-27T11:19:32.000000,28404.796749999965,-5689.971750000102,22714.824999999822
2024-12-27T11:20:22.000000,28404.796749999965,-5679.514650000101,22725.282099999822
2024-12-27T11:20:32.000000,28404.796749999965,-5616.336150000101,22788.460599999824
2024-12-27T11:20:32.000000,28404.796749999965,-5538.167400000102,22866.629349999825
2024-12-27T11:20:37.000000,28404.796749999965,-5459.9946500001015,22944.802099999826
2024-12-27T11:21:22.000000,28404.796749999965,-5485.902950000102,22918.893799999827
2024-12-27T11:21:27.000000,28404.796749999965,-5520.805400000101,22883.99134999983
2024-12-27T11:21:32.000000,28404.796749999965,-5591.7060500001,22813.09069999983
2024-12-27T11:21:47.000000,28404.796749999965,-5562.564650000099,22842.23209999983
2024-12-27T11:21:57.000000,28404.796749999965,-5539.414550000099,22865.38219999983
2024-12-27T11:22:02.000000,28404.796749999965,-5505.4050500000985,22899.39169999983
2024-12-27T11:28:12.000000,28404.796749999965,-5471.317150000098,22933.479599999828
2024-12-27T11:28:17.000000,28404.796749999965,-5437.229250000098,22967.567499999826
2024-12-27T11:28:32.000000,28404.796749999965,-5403.130150000097,23001.666599999826
2024-12-27T11:28:42.000000,28404.796749999965,-5369.019850000098,23035.776899999826
2024-12-27T13:05:42.000000,28404.796749999965,-5502.979550000097,22901.817199999827
2024-12-27T13:06:02.000000,28404.796749999965,-5465.544800000097,22939.251949999827
2024-12-27T13:06:02.000000,28404.796749999965,-5683.494700000097,22721.302049999827
2024-12-27T13:06:07.000000,28404.796749999965,-5915.446700000097,22489.350049999826
2024-12-27T13:06:17.000000,28404.796749999965,-5907.992450000097,22496.804299999825
2024-12-27T13:06:22.000000,28404.796749999965,-5885.535950000098,22519.260799999825
2024-12-27T13:06:27.000000,28404.796749999965,-5863.079450000098,22541.717299999826
2024-12-27T13:09:52.000000,28404.796749999965,-5913.0601500000985,22491.736599999826
2024-12-27T13:09:57.000000,28404.796749999965,-5977.042950000098,22427.753799999824
2024-12-27T13:10:07.000000,28404.796749999965,-6041.036950000098,22363.759799999825
2024-12-27T13:10:12.000000,28404.796749999965,-6119.033050000097,22285.763699999825
2024-12-27T13:11:37.000000,28404.796749999965,-6091.890200000097,22312.906549999825
2024-12-27T13:12:02.000000,28404.796749999965,-6064.736150000098,22340.060599999826
2024-12-27T13:26:12.000000,28404.796749999965,-6020.205950000098,22384.590799999827
2024-12-27T13:26:22.000000,28404.796749999965,-5975.675750000098,22429.12099999983
2024-12-27T13:26:27.000000,28404.796749999965,-5944.147500000097,22460.649249999828
2024-12-27T13:26:32.000000,28404.796749999965,-5899.617300000097,22505.17944999983
2024-12-27T13:26:37.000000,28404.796749999965,-5855.087100000097,22549.70964999983
2024-12-27T13:37:07.000000,28404.796749999965,-5831.069500000096,22573.72724999983
2024-12-27T13:37:12.000000,28404.796749999965,-5823.041500000095,22581.75524999983
2024-12-27T13:37:17.000000,28404.796749999965,-5815.013500000094,22589.783249999833
2024-12-27T13:37:42.000000,28404.796749999965,-5822.975100000093,22581.821649999834
2024-12-27T13:37:47.000000,28404.796749999965,-5830.936700000093,22573.860049999836
2024-12-27T13:39:32.000000,28404.796749999965,-5824.897800000093,22579.898949999835
2024-12-27T13:49:17.000000,28404.796749999965,-5783.594600000094,22621.202149999834
2024-12-27T13:50:32.000000,28404.796749999965,-5766.285400000093,22638.511349999833
2024-12-27T13:52:37.000000,28404.796749999965,-5816.243700000093,22588.553049999835
2024-12-27T14:02:52.000000,28404.796749999965,-5748.732450000093,22656.064299999834
2024-12-27T14:04:42.000000,28404.796749999965,-5704.212650000093,22700.584099999836
2024-12-27T14:06:52.000000,28397.212749999966,-5704.212650000093,22693.000099999837
2024-12-27T14:07:47.000000,28397.212749999966,-5722.958300000093,22674.254449999837
2024-12-27T14:08:32.000000,28373.485549999965,-5722.958300000093,22650.527249999835
2024-12-27T14:08:37.000000,28341.763549999967,-5722.958300000093,22618.805249999838
2024-12-27T14:08:42.000000,28310.04154999997,-5722.958300000093,22587.08324999984
2024-12-27T14:08:47.000000,28278.31954999997,-5722.958300000093,22555.36124999984
2024-12-27T14:09:52.000000,28278.31954999997,-5685.775550000093,22592.54399999984
2024-12-27T14:09:52.000000,28278.31954999997,-5648.592800000093,22629.72674999984
2024-12-27T14:09:52.000000,28278.31954999997,-5611.410050000093,22666.90949999984
2024-12-27T14:12:47.000000,28278.31954999997,-5587.354050000094,22690.965499999842
2024-12-27T14:13:47.000000,28263.55689999997,-5587.354050000094,22676.20284999984
2024-12-27T14:13:57.000000,28248.79424999997,-5587.354050000094,22661.44019999984
2024-12-27T14:15:12.000000,28248.79424999997,-5355.106050000095,22893.68819999984
2024-12-27T14:16:42.000000,28269.05364999997,-5355.106050000095,22913.94759999984
2024-12-27T14:16:47.000000,28270.43724999997,-5355.106050000095,22915.33119999984
2024-12-27T14:16:57.000000,28252.89974999997,-5355.106050000095,22897.793699999842
2024-12-27T14:17:02.000000,28222.444949999972,-5355.106050000095,22867.338899999842
2024-12-27T14:17:07.000000,28222.444949999972,-5284.551150000096,22937.89379999984
2024-12-27T14:17:12.000000,28184.91244999997,-5284.551150000096,22900.36129999984
2024-12-27T14:17:17.000000,28184.91244999997,-5252.991700000095,22931.92074999984
2024-12-27T14:17:22.000000,28147.38794999997,-5252.991700000095,22894.39624999984
2024-12-27T14:17:32.000000,28153.66204999997,-5252.991700000095,22900.67034999984
2024-12-27T14:17:37.000000,28116.13754999997,-5252.991700000095,22863.14584999984
2024-12-27T14:17:47.000000,28108.41514999997,-5252.991700000095,22855.423449999842
2024-12-27T14:17:52.000000,28093.69169999997,-5252.991700000095,22840.69999999984
2024-12-27T14:17:57.000000,28078.96824999997,-5252.991700000095,22825.97654999984
2024-12-27T14:18:07.000000,28063.267849999967,-5252.991700000095,22810.276149999838
2024-12-27T14:18:27.000000,28139.28364999997,-5252.991700000095,22886.29194999984
2024-12-27T14:19:22.000000,28131.74764999997,-5252.991700000095,22878.75594999984
2024-12-27T14:19:42.000000,28114.218149999968,-5252.991700000095,22861.22644999984
2024-12-27T14:19:47.000000,28096.688649999967,-5252.991700000095,22843.696949999838
2024-12-27T14:19:52.000000,28089.152649999967,-5252.991700000095,22836.160949999838
2024-12-27T14:20:32.000000,28105.45064999997,-5252.991700000095,22852.45894999984
2024-12-27T14:20:37.000000,28121.748649999972,-5252.991700000095,22868.756949999843
2024-12-27T14:21:22.000000,28144.185149999972,-5252.991700000095,22891.193449999842
2024-12-27T14:22:42.000000,28144.185149999972,-5276.891700000095,22867.29344999984
2024-12-27T14:22:47.000000,28144.185149999972,-5300.791700000094,22843.39344999984
2024-12-27T14:22:52.000000,28144.185149999972,-5324.691700000094,22819.493449999838
2024-12-27T14:23:17.000000,28144.185149999972,-5365.414250000095,22778.770899999836
2024-12-27T14:23:17.000000,28144.185149999972,-5427.169550000096,22717.015599999835
2024-12-27T14:23:32.000000,28144.185149999972,-5525.6088000000955,22618.576349999836
2024-12-27T14:23:37.000000,28144.185149999972,-5563.285300000097,22580.899849999834
2024-12-27T14:23:57.000000,28144.185149999972,-5609.921700000097,22534.263449999835
2024-12-27T14:24:17.000000,28144.185149999972,-5648.556900000098,22495.628249999834
2024-12-27T14:24:32.000000,28144.185149999972,-5675.196700000097,22468.988449999837
2024-12-27T14:24:37.000000,28144.185149999972,-5701.836500000096,22442.34864999984
2024-12-27T14:24:42.000000,28144.185149999972,-5716.480900000096,22427.70424999984
2024-12-27T14:24:52.000000,28144.185149999972,-5723.127300000096,22421.057849999837
2024-12-27T14:25:22.000000,28144.185149999972,-5741.756300000096,22402.428849999837
2024-12-27T14:25:27.000000,28144.185149999972,-5752.387300000097,22391.797849999835
2024-12-27T14:25:37.000000,28144.185149999972,-5749.9978000000965,22394.187349999836
2024-12-27T14:25:42.000000,28144.185149999972,-5760.625600000096,22383.559549999838
2024-12-27T14:25:57.000000,28144.185149999972,-5726.448100000095,22417.73704999984
2024-12-27T14:26:02.000000,28144.185149999972,-5720.269200000095,22423.91594999984
2024-12-27T14:26:57.000000,28144.185149999972,-5882.964450000096,22261.220699999838
2024-12-27T14:27:07.000000,28144.185149999972,-5861.622650000096,22282.562499999836
2024-12-27T14:27:12.000000,28144.185149999972,-5856.998450000095,22287.18669999984
2024-12-27T14:27:22.000000,28144.185149999972,-5835.653450000096,22308.531699999836
2024-12-27T14:27:27.000000,28144.185149999972,-5831.029250000095,22313.155899999838
2024-12-27T14:27:27.000000,28144.185149999972,-5809.681050000095,22334.50409999984
2024-12-27T14:27:37.000000,28144.185149999972,-5784.335450000095,22359.84969999984
2024-12-27T14:27:42.000000,28144.185149999972,-5754.989250000095,22389.19589999984
2024-12-27T14:27:47.000000,28144.185149999972,-5738.368050000095,22405.81709999984
2024-12-27T14:27:47.000000,28144.185149999972,-5713.019250000094,22431.16589999984
2024-12-27T14:27:52.000000,28144.185149999972,-5702.394150000093,22441.79099999984
2024-12-27T14:27:52.000000,28144.185149999972,-5677.045350000092,22467.13979999984
2024-12-27T14:27:57.000000,28144.185149999972,-5666.420250000091,22477.764899999842
2024-12-27T14:27:57.000000,28144.185149999972,-5637.074050000091,22507.111099999842
2024-12-27T14:28:12.000000,28144.185149999972,-5626.453750000091,22517.731399999844
2024-12-27T14:28:12.000000,28144.185149999972,-5605.10235000009,22539.082799999844
2024-12-27T14:28:17.000000,28144.185149999972,-5594.48205000009,22549.703099999846
2024-12-27T14:28:17.000000,28144.185149999972,-5569.133250000089,22575.051899999846
2024-12-27T14:28:22.000000,28144.185149999972,-5543.784450000088,22600.400699999846
2024-12-27T14:28:27.000000,28144.185149999972,-5510.437650000089,22633.747499999845
2024-12-27T14:28:32.000000,28144.185149999972,-5477.09085000009,22667.094299999844
2024-12-27T14:28:37.000000,28144.185149999972,-5447.74465000009,22696.440499999844
2024-12-27T14:28:37.000000,28144.185149999972,-5428.523800000089,22715.661349999846
2024-12-27T14:28:42.000000,28144.185149999972,-5395.180200000089,22749.004949999846
2024-12-27T14:28:52.000000,28144.185149999972,-5361.83340000009,22782.351749999845
2024-12-27T14:28:57.000000,28144.185149999972,-5332.4840000000895,22811.701149999844
2024-12-27T14:29:02.000000,28144.185149999972,-5299.13720000009,22845.047949999844
2024-12-27T14:29:02.000000,28144.185149999972,-5286.694200000089,22857.490949999847
2024-12-27T14:29:02.000000,28144.185149999972,-5349.398450000089,22794.786699999848
2024-12-27T14:29:02.000000,28144.185149999972,-5330.170400000088,22814.01474999985
2024-12-27T14:29:07.000000,28144.185149999972,-5325.546200000087,22818.63894999985
2024-12-27T14:29:07.000000,28144.185149999972,-5296.196800000087,22847.98834999985
2024-12-27T14:29:07.000000,28144.185149999972,-5358.901050000087,22785.28409999985
2024-12-27T14:29:07.000000,28144.185149999972,-5339.673000000086,22804.512149999853
2024-12-27T14:29:12.000000,28144.185149999972,-5341.044900000086,22803.14024999985
2024-12-27T14:29:12.000000,28144.185149999972,-5319.690300000087,22824.49484999985
2024-12-27T14:29:12.000000,28144.185149999972,-5318.450550000087,22825.73459999985
2024-12-27T14:29:17.000000,28144.185149999972,-5297.095950000087,22847.08919999985
2024-12-27T14:29:17.000000,28144.185149999972,-5295.8562000000875,22848.32894999985
2024-12-27T14:29:22.000000,28144.185149999972,-5270.5042000000885,22873.68094999985
2024-12-27T14:32:07.000000,28110.73484999997,-5270.5042000000885,22840.23064999985
2024-12-27T14:32:17.000000,28090.286499999973,-5270.5042000000885,22819.78229999985
2024-12-27T14:32:27.000000,28082.829699999973,-5270.5042000000885,22812.32549999985
2024-12-27T14:32:32.000000,28062.381349999974,-5270.5042000000885,22791.87714999985
2024-12-27T14:32:37.000000,28054.924549999974,-5270.5042000000885,22784.42034999985
2024-12-27T14:32:47.000000,28060.469699999972,-5270.5042000000885,22789.96549999985
2024-12-27T14:32:52.000000,28066.01484999997,-5270.5042000000885,22795.510649999847
2024-12-27T14:32:57.000000,28071.55999999997,-5270.5042000000885,22801.055799999845
2024-12-27T14:33:07.000000,28077.11554999997,-5270.5042000000885,22806.611349999846
2024-12-27T14:33:12.000000,28082.67109999997,-5270.5042000000885,22812.166899999847
2024-12-27T14:33:17.000000,28088.22664999997,-5270.5042000000885,22817.72244999985
2024-12-27T14:33:27.000000,28093.782199999972,-5270.5042000000885,22823.27799999985
2024-12-27T14:33:32.000000,28099.337749999973,-5270.5042000000885,22828.83354999985
2024-12-27T14:33:37.000000,28104.893299999974,-5270.5042000000885,22834.38909999985
2024-12-27T14:33:42.000000,28110.448849999975,-5270.5042000000885,22839.944649999852
2024-12-27T14:33:47.000000,28103.002449999974,-5270.5042000000885,22832.49824999985
2024-12-27T14:33:52.000000,28082.564499999975,-5270.5042000000885,22812.060299999852
2024-12-27T14:34:02.000000,28062.126549999975,-5270.5042000000885,22791.622349999852
2024-12-27T14:34:37.000000,28062.126549999975,-5289.874000000089,22772.252549999852
2024-12-27T14:35:37.000000,27994.465549999975,-5289.874000000089,22704.591549999852
2024-12-27T14:35:42.000000,27921.807799999977,-5289.874000000089,22631.933799999853
2024-12-27T14:36:42.000000,27921.807799999977,-5308.53180000009,22613.275999999853
2024-12-27T14:38:02.000000,27921.807799999977,-5315.19420000009,22606.61359999985
2024-12-27T14:38:17.000000,27921.807799999977,-5333.852000000091,22587.95579999985
2024-12-27T14:38:17.000000,27921.807799999977,-5389.78240000009,22532.025399999853
2024-12-27T14:38:27.000000,27921.807799999977,-5445.712800000089,22476.094999999856
2024-12-27T14:38:37.000000,27921.807799999977,-5517.632800000089,22404.174999999857
2024-12-27T14:39:42.000000,27849.40364999998,-5517.632800000089,22331.77084999986
2024-12-27T14:41:22.000000,27764.007949999977,-5517.632800000089,22246.375149999858
2024-12-27T14:41:42.000000,27826.34644999998,-5517.632800000089,22308.71364999986
2024-12-27T14:41:47.000000,27898.68644999998,-5517.632800000089,22381.05364999986
2024-12-27T14:41:52.000000,27966.02969999998,-5517.632800000089,22448.39689999986
2024-12-27T14:42:02.000000,27966.02969999998,-5548.29560000009,22417.73409999986
2024-12-27T14:42:02.000000,27880.64439999998,-5548.29560000009,22332.348799999858
2024-12-30T10:04:52.000000,27942.806899999978,-5548.29560000009,22394.511299999856
2024-12-30T10:07:07.000000,27991.143299999978,-5548.29560000009,22442.847699999857
2024-12-30T10:07:12.000000,28039.479699999978,-5548.29560000009,22491.184099999857
2024-12-30T10:07:22.000000,28073.813999999977,-5548.29560000009,22525.518399999855
2024-12-30T10:07:27.000000,28122.139199999976,-5548.29560000009,22573.843599999855
2024-12-30T10:08:37.000000,28122.139199999976,-5585.16890000009,22536.970299999855
2024-12-30T10:09:27.000000,28122.139199999976,-5592.992900000089,22529.146299999855
2024-12-30T10:09:37.000000,28122.139199999976,-5617.869200000089,22504.269999999855
2024-12-30T10:10:02.000000,28122.139199999976,-5655.729700000089,22466.409499999856
2024-12-30T10:10:17.000000,28122.139199999976,-5688.609450000089,22433.529749999856
2024-12-30T10:10:32.000000,28122.139199999976,-5668.288450000088,22453.850749999856
2024-12-30T10:10:47.000000,28122.139199999976,-5647.978650000089,22474.160549999855
2024-12-30T10:11:17.000000,28122.139199999976,-5730.857900000088,22391.281299999857
2024-12-30T10:11:22.000000,28122.139199999976,-5828.731400000088,22293.407799999855
2024-12-30T10:13:17.000000,28122.139199999976,-5796.5334000000885,22325.605799999856
2024-12-30T10:14:37.000000,28122.139199999976,-5764.343400000089,22357.795799999854
2024-12-30T10:15:17.000000,28122.139199999976,-5771.867400000089,22350.271799999853
2024-12-30T10:15:52.000000,28122.139199999976,-5789.764900000089,22332.374299999854
2024-12-30T10:16:12.000000,28122.139199999976,-5782.674650000089,22339.464549999855
2024-12-30T10:16:37.000000,28122.139199999976,-5780.593150000089,22341.546049999855
2024-12-30T10:16:42.000000,28122.139199999976,-5793.505900000087,22328.633299999856
2024-12-30T10:17:07.000000,28122.139199999976,-5837.222500000086,22284.916699999856
2024-12-30T10:17:57.000000,28054.395799999977,-5837.222500000086,22217.173299999857
2024-12-30T10:19:37.000000,28054.395799999977,-5895.102000000087,22159.293799999858
2024-12-30T10:22:47.000000,28054.395799999977,-5998.040250000088,22056.35554999986
2024-12-30T10:23:07.000000,28054.395799999977,-6015.801750000088,22038.594049999858
2024-12-30T10:25:57.000000,28053.663249999976,-6015.801750000088,22037.861499999857
2024-12-30T10:26:22.000000,28037.080299999976,-6015.801750000088,22021.278549999857
2024-12-30T10:26:32.000000,28029.498699999975,-6015.801750000088,22013.696949999856
2024-12-30T10:26:37.000000,28030.918449999976,-6015.801750000088,22015.116699999857
2024-12-30T10:26:42.000000,28030.918449999976,-5994.559150000087,22036.35929999986
2024-12-30T10:26:47.000000,28030.918449999976,-5977.313950000086,22053.60449999986
2024-12-30T10:26:52.000000,28041.339549999975,-5977.313950000086,22064.02559999986
2024-12-30T10:27:02.000000,28041.339549999975,-5967.714750000085,22073.62479999986
2024-12-30T10:27:07.000000,28051.753449999975,-5967.714750000085,22084.03869999986
2024-12-30T10:27:12.000000,28053.165999999976,-5967.714750000085,22085.45124999986
2024-12-30T10:27:17.000000,28054.578549999977,-5967.714750000085,22086.86379999986
2024-12-30T10:27:17.000000,28151.530299999977,-5967.714750000085,22183.81554999986
2024-12-30T10:27:22.000000,28152.935649999978,-5967.714750000085,22185.220899999862
2024-12-30T10:27:22.000000,28234.897149999975,-5967.714750000085,22267.18239999986
2024-12-30T10:27:27.000000,28227.301149999974,-5967.714750000085,22259.58639999986
2024-12-30T10:27:32.000000,28219.705149999972,-5967.714750000085,22251.990399999857
2024-12-30T10:27:37.000000,28219.705149999972,-5939.5213500000855,22280.183799999857
2024-12-30T10:27:37.000000,28219.705149999972,-5961.9269500000855,22257.77819999986
2024-12-30T10:27:37.000000,28219.705149999972,-5994.930700000086,22224.77444999986
2024-12-30T10:27:37.000000,28219.705149999972,-6027.934450000087,22191.77069999986
2024-12-30T10:28:07.000000,28230.111849999972,-6027.934450000087,22202.17739999986
2024-12-30T10:28:42.000000,28230.111849999972,-5956.940350000086,22273.17149999986
2024-12-30T10:29:12.000000,28230.111849999972,-5994.680850000087,22235.43099999986
2024-12-30T10:30:42.000000,28230.111849999972,-5997.109050000088,22233.002799999857
2024-12-30T10:37:42.000000,28230.111849999972,-6043.553450000088,22186.558399999856
2024-12-30T10:43:32.000000,28230.111849999972,-5962.017050000087,22268.094799999857
2024-12-30T10:43:42.000000,28230.111849999972,-5872.485850000086,22357.62599999986
2024-12-30T10:43:47.000000,28230.111849999972,-5778.960450000086,22451.151399999857
2024-12-30T10:43:52.000000,28230.111849999972,-5685.438250000086,22544.673599999856
2024-12-30T10:44:27.000000,28230.111849999972,-5587.915450000087,22642.196399999855
2024-12-30T10:44:52.000000,28230.111849999972,-5506.375850000088,22723.735999999855
2024-12-30T10:49:37.000000,28230.111849999972,-5555.897350000088,22674.214499999856
2024-12-30T10:51:57.000000,28230.111849999972,-5507.460150000088,22722.651699999857
2024-12-30T10:52:07.000000,28230.111849999972,-5487.004750000087,22743.107099999856
2024-12-30T10:52:17.000000,28230.111849999972,-5494.531150000087,22735.580699999857
2024-12-30T10:55:37.000000,28230.111849999972,-5530.2745500000865,22699.837299999857
2024-12-30T10:55:52.000000,28230.111849999972,-5580.008850000086,22650.102999999857
2024-12-30T10:55:57.000000,28230.111849999972,-5573.533150000086,22656.578699999856
2024-12-30T10:56:02.000000,28230.111849999972,-5630.268500000086,22599.843349999857
2024-12-30T10:56:47.000000,28213.564899999972,-5630.268500000086,22583.296399999857
2024-12-30T10:57:02.000000,28213.564899999972,-5656.684300000086,22556.88059999986
2024-12-30T10:58:17.000000,28213.564899999972,-5657.444850000086,22556.12004999986
2024-12-30T10:58:22.000000,28213.564899999972,-5665.200850000087,22548.36404999986
2024-12-30T10:58:27.000000,28213.564899999972,-5679.952300000086,22533.61259999986
2024-12-30T11:02:27.000000,28213.564899999972,-5687.7123000000865,22525.85259999986
2024-12-30T11:04:17.000000,28213.564899999972,-5694.403500000087,22519.16139999986
2024-12-30T11:18:27.000000,28221.63129999997,-5694.403500000087,22527.22779999986
2024-12-30T11:21:42.000000,28259.09964999997,-5694.403500000087,22564.696149999858
2024-12-30T11:21:52.000000,28287.57384999997,-5694.403500000087,22593.17034999986
2024-12-30T11:21:57.000000,28307.046699999973,-5694.403500000087,22612.64319999986
2024-12-30T11:22:02.000000,28317.518199999973,-5694.403500000087,22623.11469999986
2024-12-30T11:23:12.000000,28317.518199999973,-5677.919900000087,22639.59829999986
2024-12-30T11:23:52.000000,28317.518199999973,-5713.472900000086,22604.04529999986
2024-12-30T11:23:57.000000,28317.518199999973,-5763.016800000085,22554.50139999986
2024-12-30T11:24:02.000000,28317.518199999973,-5798.569800000084,22518.94839999986
2024-12-30T11:24:17.000000,28317.518199999973,-5848.124900000084,22469.393299999858
2024-12-30T11:24:22.000000,28317.518199999973,-5897.691200000085,22419.82699999986
2024-12-30T11:24:27.000000,28317.518199999973,-5947.257500000085,22370.26069999986
2024-12-30T11:24:32.000000,28317.518199999973,-5996.823800000086,22320.694399999862
2024-12-30T11:24:47.000000,28278.210999999974,-5996.823800000086,22281.387199999863
2024-12-30T11:24:52.000000,28278.210999999974,-6074.371900000086,22203.839099999863
2024-12-30T11:24:57.000000,28278.210999999974,-6137.917900000086,22140.293099999864
2024-12-30T11:25:07.000000,28278.210999999974,-6215.466000000086,22062.744999999864
2024-12-30T11:25:17.000000,28199.608199999973,-6215.466000000086,21984.142199999864
2024-12-30T11:26:17.000000,28199.608199999973,-6094.986000000087,22104.622199999863
2024-12-30T11:26:27.000000,28199.608199999973,-5942.507600000086,22257.100599999863
2024-12-30T11:26:42.000000,28176.303399999975,-5942.507600000086,22233.795799999865
2024-12-30T11:27:42.000000,28176.303399999975,-5922.097000000085,22254.206399999865
2024-12-30T11:27:47.000000,28176.303399999975,-5901.686400000084,22274.616999999864
2024-12-30T11:27:52.000000,28176.303399999975,-5881.275800000083,22295.027599999863
2024-12-30T11:27:57.000000,28176.303399999975,-5860.865200000082,22315.438199999862
2024-12-30T11:28:02.000000,28176.303399999975,-5826.452500000081,22349.850899999863
2024-12-30T11:28:07.000000,28176.303399999975,-5792.0398000000805,22384.263599999864
2024-12-30T11:28:22.000000,28176.303399999975,-5771.6180000000795,22404.685399999864
2024-12-30T11:28:27.000000,28176.303399999975,-5751.1962000000785,22425.107199999864
2024-12-30T11:28:32.000000,28176.303399999975,-5758.767400000079,22417.535999999865
2024-12-30T11:28:42.000000,28176.303399999975,-5752.3365000000795,22423.966899999865
2024-12-30T11:28:57.000000,28176.303399999975,-5759.89650000008,22416.406899999864
2024-12-30T11:29:02.000000,28141.724949999974,-5759.89650000008,22381.828449999863
2024-12-30T11:29:12.000000,28141.724949999974,-5767.45650000008,22374.26844999986
2024-12-30T11:29:17.000000,28141.724949999974,-5761.025600000081,22380.69934999986
2024-12-30T11:29:47.000000,28141.724949999974,-5754.60590000008,22387.119049999863
2024-12-30T13:01:02.000000,28141.724949999974,-5762.17710000008,22379.547849999864
2024-12-30T13:03:02.000000,28141.724949999974,-5802.053900000079,22339.671049999866
2024-12-30T13:05:22.000000,28141.724949999974,-5837.62930000008,22304.095649999865
2024-12-30T13:08:32.000000,28232.134849999973,-5837.62930000008,22394.505549999863
2024-12-30T13:08:42.000000,28364.528649999975,-5837.62930000008,22526.899349999865
2024-12-30T13:09:02.000000,28482.920349999975,-5837.62930000008,22645.291049999865
2024-12-30T13:09:12.000000,28439.462949999976,-5837.62930000008,22601.833649999866
2024-12-30T13:09:17.000000,28387.011399999974,-5837.62930000008,22549.382099999864
2024-12-30T13:09:47.000000,28379.559399999973,-5837.62930000008,22541.930099999863
2024-12-30T13:10:02.000000,28345.110549999972,-5837.62930000008,22507.481249999862
2024-12-30T13:10:22.000000,28345.110549999972,-5985.232700000079,22359.877849999863
2024-12-30T13:10:27.000000,28345.110549999972,-6118.834000000079,22226.276549999864
2024-12-30T13:11:42.000000,28345.110549999972,-6224.543100000079,22120.567449999864
2024-12-30T13:11:52.000000,28301.667549999973,-6224.543100000079,22077.124449999865
2024-12-30T13:11:52.000000,28301.667549999973,-6372.224900000079,21929.442649999863
2024-12-30T13:11:57.000000,28301.667549999973,-6477.90040000008,21823.76714999986
2024-12-30T13:12:02.000000,28301.667549999973,-6639.561900000079,21662.105649999863
2024-12-30T13:12:07.000000,28301.667549999973,-6801.223400000078,21500.444149999865
2024-12-30T13:12:37.000000,28301.667549999973,-6934.869500000078,21366.798049999867
2024-12-30T13:12:57.000000,28249.23039999997,-6934.869500000078,21314.360899999865
2024-12-30T13:13:32.000000,28256.36464999997,-6934.869500000078,21321.495149999864
2024-12-30T13:14:07.000000,28256.36464999997,-7096.519800000077,21159.844849999867
2024-12-30T13:14:12.000000,28256.36464999997,-7244.179200000077,21012.185449999866
2024-12-30T13:14:32.000000,28256.36464999997,-7377.836500000077,20878.528149999867
2024-12-30T13:14:52.000000,28256.36464999997,-7441.516900000077,20814.847749999866
2024-12-30T13:15:22.000000,28256.36464999997,-7477.215500000078,20779.149149999866
2024-12-30T13:15:32.000000,28256.36464999997,-7540.895900000078,20715.468749999865
2024-12-30T13:15:37.000000,28256.36464999997,-7590.585400000078,20665.779249999865
2024-12-30T13:15:42.000000,28256.36464999997,-7640.2861000000785,20616.078549999864
2024-12-30T13:15:47.000000,28256.36464999997,-7675.995900000079,20580.368749999863
2024-12-30T13:15:52.000000,28256.36464999997,-7711.70570000008,20544.658949999863
2024-12-30T13:16:07.000000,28256.36464999997,-7747.41550000008,20508.949149999862
2024-12-30T13:16:22.000000,28256.36464999997,-7769.13440000008,20487.230249999862
2024-12-30T13:16:27.000000,28256.36464999997,-7762.87150000008,20493.49314999986
2024-12-30T13:17:07.000000,28256.36464999997,-7728.615600000081,20527.74904999986
2024-12-30T13:17:12.000000,28256.36464999997,-7694.359700000082,20562.00494999986
2024-12-30T13:17:17.000000,28256.36464999997,-7660.103800000083,20596.26084999986
2024-12-30T13:17:22.000000,28256.36464999997,-7639.838800000083,20616.52584999986
2024-12-30T13:17:37.000000,28256.36464999997,-7633.564700000084,20622.79994999986
2024-12-30T13:18:47.000000,28256.36464999997,-7636.423950000083,20619.94069999986
2024-12-30T13:19:02.000000,28256.36464999997,-7560.139350000082,20696.22529999986
2024-12-30T13:19:12.000000,28256.36464999997,-7497.868050000083,20758.49659999986
2024-12-30T13:19:17.000000,28256.36464999997,-7435.596750000083,20820.76789999986
2024-12-30T13:19:22.000000,28256.36464999997,-7401.318450000083,20855.046199999862
2024-12-30T13:19:27.000000,28256.36464999997,-7367.0401500000835,20889.324499999864
2024-12-30T13:19:32.000000,28256.36464999997,-7332.7618500000835,20923.602799999866
2024-12-30T13:19:37.000000,28256.36464999997,-7298.483550000084,20957.881099999868
2024-12-30T13:22:37.000000,28256.36464999997,-7281.327800000083,20975.03684999987
2024-12-30T13:22:52.000000,28256.36464999997,-7259.167300000084,20997.197349999868
2024-12-30T13:25:12.000000,28256.36464999997,-7299.018500000085,20957.346149999867
2024-12-30T13:26:07.000000,28256.36464999997,-7306.744900000084,20949.619749999867
2024-12-30T13:27:07.000000,28256.36464999997,-7334.467900000084,20921.89674999987
2024-12-30T13:28:52.000000,28256.36464999997,-7341.783100000084,20914.581549999868
2024-12-30T13:28:57.000000,28256.36464999997,-7349.098300000084,20907.266349999867
2024-12-30T13:29:02.000000,28256.36464999997,-7362.4096000000845,20893.955049999866
2024-12-30T13:30:37.000000,28256.36464999997,-7388.015500000084,20868.349149999867
2024-12-30T13:32:57.000000,28256.36464999997,-7451.614300000085,20804.750349999867
2024-12-30T13:33:02.000000,28256.36464999997,-7523.207900000085,20733.156749999867
2024-12-30T13:33:27.000000,28203.96349999997,-7523.207900000085,20680.755599999866
2024-12-30T13:33:32.000000,28160.55649999997,-7523.207900000085,20637.348599999867
2024-12-30T13:33:57.000000,28143.17099999997,-7523.207900000085,20619.963099999866
2024-12-30T13:35:27.000000,28143.17099999997,-7486.013150000085,20657.157849999865
2024-12-30T13:37:12.000000,28143.17099999997,-7493.739550000085,20649.431449999865
2024-12-30T13:37:17.000000,28143.17099999997,-7490.473100000083,20652.69789999987
2024-12-30T13:41:42.000000,28170.41224999997,-7490.473100000083,20679.939149999867
2024-12-30T13:41:47.000000,28187.65199999997,-7490.473100000083,20697.178899999868
2024-12-30T13:45:57.000000,28187.65199999997,-7442.114300000083,20745.53769999987
2024-12-30T13:47:42.000000,28187.65199999997,-7339.877800000084,20847.77419999987
2024-12-30T13:47:47.000000,28187.65199999997,-7237.637300000083,20950.01469999987
2024-12-30T13:48:07.000000,28187.65199999997,-7115.393800000083,21072.25819999987
2024-12-30T13:50:12.000000,28187.65199999997,-7081.205100000082,21106.446899999868
2024-12-30T13:52:12.000000,28163.84159999997,-7081.205100000082,21082.63649999987
2024-12-30T13:52:22.000000,28140.031199999972,-7081.205100000082,21058.82609999987
2024-12-30T13:52:27.000000,28116.220799999974,-7081.205100000082,21035.015699999873
2024-12-30T13:57:52.000000,28116.220799999974,-7038.881600000082,21077.339199999875
2024-12-30T14:03:27.000000,28116.220799999974,-7037.310650000082,21078.910149999876
2024-12-30T14:04:22.000000,28116.220799999974,-7044.741050000082,21071.479749999875
2024-12-30T14:04:32.000000,28116.220799999974,-7052.171450000083,21064.049349999874
2024-12-30T14:04:37.000000,28116.220799999974,-7059.601850000083,21056.618949999873
2024-12-30T14:04:57.000000,28116.220799999974,-7067.032250000083,21049.18854999987
2024-12-30T14:05:52.000000,28116.220799999974,-7065.461300000084,21050.759499999873
2024-12-30T14:05:57.000000,28116.220799999974,-7063.890350000084,21052.330449999874
2024-12-30T14:06:02.000000,28116.220799999974,-7062.319400000085,21053.901399999875
2024-12-30T14:06:57.000000,28116.220799999974,-7059.044150000085,21057.176649999874
2024-12-30T14:09:07.000000,28116.220799999974,-7061.683550000086,21054.537249999874
2024-12-30T14:09:12.000000,28116.220799999974,-7076.318350000086,21039.902449999874
2024-12-30T14:09:27.000000,28116.220799999974,-7082.958350000086,21033.262449999875
2024-12-30T14:09:52.000000,28116.220799999974,-7085.6009500000855,21030.619849999875
2024-12-30T14:09:57.000000,28116.220799999974,-7096.241550000086,21019.979249999877
2024-12-30T14:10:02.000000,28116.220799999974,-7106.882150000087,21009.338649999878
2024-12-30T14:10:17.000000,28116.220799999974,-7129.518150000086,20986.70264999988
2024-12-30T14:10:27.000000,28116.220799999974,-7152.154150000086,20964.06664999988
2024-12-30T14:10:47.000000,28116.220799999974,-7187.785550000085,20928.435249999882
2024-12-30T14:11:07.000000,28116.220799999974,-7181.444250000085,20934.776549999882
2024-12-30T14:11:52.000000,28116.220799999974,-7173.313850000085,20942.90694999988
2024-12-30T14:12:07.000000,28116.220799999974,-7181.173050000085,20935.04774999988
2024-12-30T14:12:12.000000,28116.220799999974,-7157.040250000085,20959.18054999988
2024-12-30T14:12:47.000000,28116.220799999974,-7114.704750000085,21001.51604999988
2024-12-30T14:12:52.000000,28116.220799999974,-7067.368500000086,21048.85229999988
2024-12-30T14:15:17.000000,28223.526049999975,-7067.368500000086,21156.15754999988
2024-12-30T14:15:32.000000,28300.822799999973,-7067.368500000086,21233.454299999878
2024-12-30T14:16:32.000000,28300.822799999973,-7062.0131000000865,21238.809699999878
2024-12-30T14:19:07.000000,28300.822799999973,-7059.7316000000865,21241.09119999988
2024-12-30T14:19:32.000000,28300.822799999973,-7057.430100000087,21243.39269999988
2024-12-30T14:24:02.000000,28300.822799999973,-7045.123100000085,21255.69969999988
2024-12-30T14:29:42.000000,28300.822799999973,-7047.810500000085,21253.012299999882
2024-12-30T14:29:47.000000,28300.822799999973,-7054.495300000085,21246.327499999883
2024-12-30T14:29:52.000000,28300.822799999973,-7053.185300000086,21247.637499999884
2024-12-30T14:30:07.000000,28300.822799999973,-7059.870100000086,21240.952699999885
2024-12-30T14:30:07.000000,28300.822799999973,-7049.549800000086,21251.272999999885
2024-12-30T14:30:22.000000,28300.822799999973,-7030.235350000086,21270.587449999883
2024-12-30T14:30:27.000000,28300.822799999973,-7028.9164000000865,21271.906399999883
2024-12-30T14:30:42.000000,28300.822799999973,-6956.596400000087,21344.226399999883
2024-12-30T14:30:57.000000,28300.822799999973,-6964.278800000086,21336.54399999988
2024-12-30T14:33:22.000000,28307.220099999973,-6964.278800000086,21342.941299999882
2024-12-30T14:38:27.000000,28307.220099999973,-6944.978750000086,21362.241349999884
2024-12-30T14:39:32.000000,28307.220099999973,-6903.839400000085,21403.380699999885
2024-12-30T14:39:52.000000,28307.220099999973,-6883.686400000086,21423.533699999884
2024-12-30T14:40:07.000000,28307.220099999973,-6875.344800000086,21431.875299999883
2024-12-30T14:40:07.000000,28307.220099999973,-6856.037550000086,21451.18254999988
2024-12-30T14:40:12.000000,28307.220099999973,-6845.940450000088,21461.27964999988
2024-12-30T14:40:17.000000,28307.220099999973,-6835.84335000009,21471.37674999988
2024-12-30T14:40:22.000000,28307.220099999973,-6831.7423500000905,21475.477749999878
2024-12-30T14:40:32.000000,28307.220099999973,-6821.645250000092,21485.574849999877
2024-12-30T14:40:42.000000,28307.220099999973,-6817.544250000093,21489.675849999876
2024-12-30T14:40:52.000000,28307.220099999973,-6807.442350000092,21499.777749999877
2024-12-30T14:41:02.000000,28307.220099999973,-6803.336550000093,21503.88354999988
2024-12-30T14:41:22.000000,28307.220099999973,-6775.231950000091,21531.98814999988
2024-12-30T14:42:07.000000,28307.220099999973,-6741.140850000091,21566.079249999882
2024-12-31T09:51:12.000000,28308.999849999975,-6741.140850000091,21567.858999999884
2024-12-31T09:51:22.000000,28310.569049999973,-6741.140850000091,21569.428199999882
2024-12-31T09:51:52.000000,28312.341599999974,-6741.140850000091,21571.200749999884
2024-12-31T09:52:07.000000,28296.125849999975,-6741.140850000091,21554.984999999884
2024-12-31T09:52:12.000000,28289.697049999973,-6741.140850000091,21548.556199999883
2024-12-31T09:52:12.000000,28264.47994999997,-6741.140850000091,21523.33909999988
2024-12-31T09:52:37.000000,28230.26869999997,-6741.140850000091,21489.12784999988
2024-12-31T09:56:57.000000,28062.743899999972,-6741.140850000091,21321.60304999988
2024-12-31T09:58:42.000000,27989.874149999974,-6741.140850000091,21248.733299999883
2024-12-31T09:59:02.000000,27921.977149999973,-6741.140850000091,21180.836299999883
2024-12-31T09:59:12.000000,27851.350099999974,-6741.140850000091,21110.209249999883
2024-12-31T09:59:17.000000,27773.443599999977,-6741.140850000091,21032.302749999886
2024-12-31T09:59:22.000000,27685.535599999977,-6741.140850000091,20944.394749999887
2024-12-31T09:59:27.000000,27597.627599999978,-6741.140850000091,20856.486749999887
2024-12-31T09:59:32.000000,27519.72109999998,-6741.140850000091,20778.58024999989
2024-12-31T10:01:42.000000,27521.79459999998,-6741.140850000091,20780.65374999989
2024-12-31T10:01:47.000000,27533.86959999998,-6741.140850000091,20792.72874999989
2024-12-31T10:02:02.000000,27555.938099999978,-6741.140850000091,20814.797249999887
2024-12-31T10:02:07.000000,27568.005099999977,-6741.140850000091,20826.864249999886
2024-12-31T10:02:37.000000,27610.084599999976,-6741.140850000091,20868.943749999886
2024-12-31T10:02:47.000000,27642.162599999974,-6741.140850000091,20901.021749999883
2024-12-31T10:02:52.000000,27694.243599999976,-6741.140850000091,20953.102749999885
2024-12-31T10:03:17.000000,27686.323599999978,-6741.140850000091,20945.182749999887
2024-12-31T10:04:22.000000,27650.69219999998,-6741.140850000091,20909.55134999989
2024-12-31T10:08:47.000000,27650.69219999998,-6751.563850000091,20899.12834999989
2024-12-31T10:08:47.000000,27685.565699999977,-6751.563850000091,20934.001849999888
2024-12-31T10:08:47.000000,27696.435599999975,-6751.563850000091,20944.871749999886
2024-12-31T10:08:52.000000,27696.435599999975,-6757.986250000092,20938.449349999886
2024-12-31T10:08:57.000000,27696.435599999975,-6764.408650000092,20932.026949999887
2024-12-31T10:09:07.000000,27725.322599999974,-6764.408650000092,20960.913949999886
2024-12-31T10:09:12.000000,27736.206899999972,-6764.408650000092,20971.798249999883
2024-12-31T10:09:17.000000,27693.11189999997,-6764.408650000092,20928.703249999882
2024-12-31T10:09:22.000000,27674.01569999997,-6764.408650000092,20909.607049999882
2024-12-31T10:09:32.000000,27684.92879999997,-6764.408650000092,20920.52014999988
2024-12-31T10:09:37.000000,27695.84669999997,-6764.408650000092,20931.43804999988
2024-12-31T10:09:42.000000,27706.76939999997,-6764.408650000092,20942.36074999988
2024-12-31T10:09:47.000000,27723.692999999967,-6764.408650000092,20959.284349999878
2024-12-31T10:09:52.000000,27746.617499999968,-6764.408650000092,20982.20884999988
2024-12-31T10:09:57.000000,27781.538999999968,-6764.408650000092,21017.13034999988
2024-12-31T10:10:12.000000,27816.455699999966,-6764.408650000092,21052.047049999877
2024-12-31T10:10:17.000000,27845.376299999964,-6764.408650000092,21080.967649999875
2024-12-31T10:10:22.000000,27862.29989999996,-6764.408650000092,21097.891249999873
2024-12-31T10:10:27.000000,27879.21869999996,-6764.408650000092,21114.810049999873
2024-12-31T10:10:32.000000,27884.135699999963,-6764.408650000092,21119.727049999874
2024-12-31T10:10:37.000000,27883.046999999962,-6764.408650000092,21118.638349999874
2024-12-31T10:12:37.000000,27883.046999999962,-6792.379650000092,21090.667349999872
2024-12-31T10:12:42.000000,27883.046999999962,-6820.350650000091,21062.69634999987
2024-12-31T10:13:17.000000,27883.046999999962,-6828.334650000092,21054.71234999987
2024-12-31T10:13:22.000000,27883.046999999962,-6826.3251500000915,21056.72184999987
2024-12-31T10:13:27.000000,27883.046999999962,-6824.315650000091,21058.73134999987
2024-12-31T10:13:32.000000,27883.046999999962,-6822.306150000091,21060.74084999987
2024-12-31T10:13:37.000000,27883.046999999962,-6810.295150000092,21072.75184999987
2024-12-31T10:13:47.000000,27883.046999999962,-6801.883150000092,21081.16384999987
2024-12-31T10:13:47.000000,27883.046999999962,-6692.512000000092,21190.53499999987
2024-12-31T10:13:52.000000,27883.046999999962,-6592.135000000092,21290.91199999987
2024-12-31T10:13:57.000000,27883.046999999962,-6500.752150000093,21382.294849999867
2024-12-31T10:13:57.000000,27883.046999999962,-6488.7411500000935,21394.305849999866
2024-12-31T10:14:02.000000,27883.046999999962,-6424.355150000093,21458.691849999865
2024-12-31T10:14:07.000000,27883.046999999962,-6386.973200000094,21496.073799999864
2024-12-31T10:14:07.000000,27883.046999999962,-6374.9622000000945,21508.084799999862
2024-12-31T10:14:12.000000,27883.046999999962,-6362.951200000095,21520.09579999986
2024-12-31T10:14:12.000000,27883.046999999962,-6349.7992500000955,21533.24774999986
2024-12-31T10:14:17.000000,27883.046999999962,-6285.420450000095,21597.62654999986
2024-12-31T10:14:17.000000,27883.046999999962,-6283.402950000095,21599.644049999857
2024-12-31T10:14:22.000000,27883.046999999962,-6228.018300000095,21655.028699999857
2024-12-31T10:14:22.000000,27883.046999999962,-6226.000800000095,21657.046199999855
2024-12-31T10:14:27.000000,27883.046999999962,-6223.983300000095,21659.063699999853
2024-12-31T10:14:27.000000,27883.046999999962,-6217.821200000096,21665.225799999855
2024-12-31T10:14:32.000000,27883.046999999962,-6215.795700000096,21667.251299999854
2024-12-31T10:14:37.000000,27883.046999999962,-6218.0429500000955,21665.004049999854
2024-12-31T10:14:37.000000,27883.046999999962,-6236.004450000095,21647.042549999853
2024-12-31T10:14:42.000000,27883.046999999962,-6243.972450000095,21639.074549999852
2024-12-31T10:14:47.000000,27883.046999999962,-6237.810350000095,21645.236649999853
2024-12-31T10:14:52.000000,27883.046999999962,-6224.647200000096,21658.399799999854
2024-12-31T10:15:47.000000,27883.046999999962,-6212.612200000094,21670.434799999854
2024-12-31T10:15:57.000000,27883.046999999962,-6190.575700000093,21692.471299999856
2024-12-31T10:16:07.000000,27883.046999999962,-6127.817200000095,21755.229799999855
2024-12-31T10:17:17.000000,27883.046999999962,-6125.791700000095,21757.255299999855
2024-12-31T10:17:52.000000,27883.046999999962,-6123.7662000000955,21759.280799999855
2024-12-31T10:18:22.000000,27883.046999999962,-6131.404600000095,21751.642399999855
2024-12-31T10:18:27.000000,27883.046999999962,-6083.652350000096,21799.394649999856
2024-12-31T10:18:32.000000,27883.046999999962,-6077.299850000096,21805.747149999857
2024-12-31T10:19:57.000000,27883.046999999962,-5986.945950000097,21896.101049999856
2024-12-31T10:20:07.000000,27883.046999999962,-5924.596250000097,21958.450749999854
2024-12-31T10:20:17.000000,27883.046999999962,-5876.237450000097,22006.809549999856
2024-12-31T10:20:47.000000,27883.046999999962,-5841.880750000097,22041.166249999857
2024-12-31T10:29:12.000000,27883.046999999962,-5859.5542500000965,22023.492749999856
2024-12-31T10:29:22.000000,27883.046999999962,-5877.227750000096,22005.819249999855
2024-12-31T10:30:07.000000,27883.046999999962,-6028.367750000097,21854.679249999856
2024-12-31T10:30:12.000000,27883.046999999962,-6203.496950000096,21679.550049999856
2024-12-31T10:30:17.000000,27883.046999999962,-6366.619550000096,21516.427449999857
2024-12-31T10:30:22.000000,27883.046999999962,-6529.7421500000955,21353.30484999986
2024-12-31T10:31:42.000000,27883.046999999962,-6531.961400000095,21351.08559999986
2024-12-31T10:32:42.000000,27883.046999999962,-6519.178400000095,21363.86859999986
2024-12-31T10:34:37.000000,27883.046999999962,-6538.365800000095,21344.68119999986
2024-12-31T10:34:42.000000,27883.046999999962,-6563.544500000095,21319.50249999986
2024-12-31T10:34:47.000000,27883.046999999962,-6618.718100000095,21264.328899999862
2024-12-31T10:35:37.000000,27883.046999999962,-6655.917800000095,21227.12919999986
2024-12-31T10:38:02.000000,27883.046999999962,-6635.563200000095,21247.48379999986
2024-12-31T10:38:42.000000,27883.046999999962,-6629.199500000095,21253.847499999858
2024-12-31T10:40:02.000000,27883.046999999962,-6636.826700000095,21246.22029999986
2024-12-31T10:40:17.000000,27883.046999999962,-6622.277000000094,21260.769999999862
2024-12-31T10:48:07.000000,27883.046999999962,-6599.452500000094,21283.59449999986
2024-12-31T10:48:22.000000,27865.133499999964,-6599.452500000094,21265.680999999862
2024-12-31T10:49:52.000000,27865.133499999964,-6593.077600000093,21272.055899999865
2024-12-31T11:03:07.000000,27832.241749999965,-6593.077600000093,21239.164149999866
2024-12-31T11:03:32.000000,27796.711149999963,-6593.077600000093,21203.633549999864
2024-12-31T11:03:42.000000,27747.189649999964,-6593.077600000093,21154.112049999865
2024-12-31T11:03:52.000000,27697.668149999965,-6593.077600000093,21104.590549999866
2024-12-31T11:04:02.000000,27662.148749999964,-6593.077600000093,21069.071149999865
2024-12-31T11:04:07.000000,27626.618149999962,-6593.077600000093,21033.540549999863
2024-12-31T11:04:12.000000,27591.09874999996,-6593.077600000093,20998.021149999862
2024-12-31T11:04:17.000000,27555.57934999996,-6593.077600000093,20962.50174999986
2024-12-31T11:04:22.000000,27534.06204999996,-6593.077600000093,20940.98444999986
2024-12-31T11:04:37.000000,27484.55174999996,-6593.077600000093,20891.47414999986
2024-12-31T11:04:42.000000,27463.03444999996,-6593.077600000093,20869.95684999986
2024-12-31T11:04:47.000000,27427.515049999958,-6593.077600000093,20834.43744999986
2024-12-31T11:04:52.000000,27378.004749999956,-6593.077600000093,20784.927149999858
2024-12-31T11:04:57.000000,27328.494449999955,-6593.077600000093,20735.416849999856
2024-12-31T11:05:02.000000,27278.984149999953,-6593.077600000093,20685.906549999854
2024-12-31T11:05:07.000000,27229.47384999995,-6593.077600000093,20636.396249999852
2024-12-31T11:05:12.000000,27193.95444999995,-6593.077600000093,20600.87684999985
2024-12-31T11:05:17.000000,27193.95444999995,-6558.939300000093,20635.01514999985
2024-12-31T11:05:17.000000,27158.43504999995,-6558.939300000093,20599.49574999985
2024-12-31T11:05:22.000000,27122.915649999948,-6558.939300000093,20563.976349999848
2024-12-31T11:05:27.000000,27087.396249999947,-6558.939300000093,20528.456949999847
2024-12-31T11:05:32.000000,27087.396249999947,-6545.792950000092,20541.603299999846
2024-12-31T11:05:32.000000,27065.867749999947,-6545.792950000092,20520.074799999846
2024-12-31T11:05:57.000000,27030.325949999948,-6545.792950000092,20484.532999999847
2024-12-31T11:08:12.000000,27036.812849999948,-6545.792950000092,20491.019899999847
2024-12-31T11:08:22.000000,27029.297649999946,-6545.792950000092,20483.504699999845
2024-12-31T11:09:17.000000,27001.422649999946,-6545.792950000092,20455.629699999845
2024-12-31T11:10:02.000000,27001.422649999946,-6462.619300000092,20538.803349999846
2024-12-31T11:10:12.000000,27001.422649999946,-6407.444250000092,20593.978399999847
2024-12-31T11:10:27.000000,27001.422649999946,-6345.262550000092,20656.160099999848
2024-12-31T11:10:47.000000,27001.422649999946,-6382.337450000093,20619.08519999985
2024-12-31T11:10:52.000000,27001.422649999946,-6419.412350000093,20582.01029999985
2024-12-31T11:11:02.000000,27001.422649999946,-6480.4812500000935,20520.94139999985
2024-12-31T11:11:52.000000,27001.422649999946,-6432.021650000093,20569.40099999985
2024-12-31T11:11:57.000000,27001.422649999946,-6383.562050000093,20617.860599999847
2024-12-31T11:13:47.000000,27033.516649999947,-6383.562050000093,20649.954599999848
2024-12-31T11:13:52.000000,27065.610649999948,-6383.562050000093,20682.04859999985
2024-12-31T11:14:27.000000,27065.610649999948,-6402.672650000093,20662.93799999985
2024-12-31T11:14:32.000000,27097.70464999995,-6402.672650000093,20695.03199999985
2024-12-31T11:14:52.000000,27097.70464999995,-6439.771550000092,20657.93309999985
2024-12-31T11:14:52.000000,27097.70464999995,-6517.286050000092,20580.418599999848
2024-12-31T11:15:07.000000,27097.70464999995,-6548.374450000092,20549.330199999848
2024-12-31T11:15:12.000000,27097.70464999995,-6597.451150000093,20500.253499999846
2024-12-31T11:17:07.000000,27097.70464999995,-6724.573150000092,20373.131499999847
2024-12-31T11:17:17.000000,27097.70464999995,-6863.696950000091,20234.00769999985
2024-12-31T11:17:22.000000,27097.70464999995,-7008.81685000009,20088.88779999985
2024-12-31T11:17:57.000000,27097.70464999995,-7021.753600000091,20075.95104999985
2024-12-31T11:17:57.000000,27097.70464999995,-7034.690350000092,20063.01429999985
2024-12-31T11:18:02.000000,27097.70464999995,-7047.6271000000925,20050.07754999985
2024-12-31T11:18:07.000000,27097.70464999995,-7065.560600000093,20032.14404999985
2024-12-31T11:18:22.000000,27097.70464999995,-7068.503850000094,20029.20079999985
2024-12-31T11:18:47.000000,27097.70464999995,-7056.444850000094,20041.25979999985
2024-12-31T11:19:12.000000,27097.70464999995,-7044.389850000095,20053.31479999985
2024-12-31T11:19:22.000000,27097.70464999995,-7022.337350000095,20075.36729999985
2024-12-31T11:19:27.000000,27097.70464999995,-7010.278350000096,20087.42629999985
2024-12-31T11:19:27.000000,27097.70464999995,-7018.190350000096,20079.51429999985
2024-12-31T11:19:27.000000,27097.70464999995,-7039.730050000096,20057.97459999985
2024-12-31T11:19:32.000000,27097.70464999995,-7027.667050000095,20070.03759999985
2024-12-31T11:19:52.000000,27097.70464999995,-7021.2137500000945,20076.49089999985
2024-12-31T11:20:27.000000,27097.70464999995,-7028.751350000094,20068.953299999852
2024-12-31T11:20:32.000000,27097.70464999995,-7036.288950000094,20061.415699999852
2024-12-31T11:20:37.000000,27097.70464999995,-7043.826550000093,20053.878099999853
2024-12-31T11:20:52.000000,27097.70464999995,-7051.364150000093,20046.340499999853
2024-12-31T11:21:27.000000,27097.70464999995,-7058.901750000093,20038.802899999853
2024-12-31T11:21:42.000000,27097.70464999995,-7080.430250000094,20017.274399999853
2024-12-31T11:21:52.000000,27097.70464999995,-7087.967850000094,20009.736799999853
2024-12-31T11:22:12.000000,27097.70464999995,-7053.868750000093,20043.835899999853
2024-12-31T11:22:17.000000,27097.70464999995,-7041.777750000094,20055.926899999853
2024-12-31T11:22:22.000000,27097.70464999995,-7063.306250000095,20034.398399999853
2024-12-31T11:22:27.000000,27097.70464999995,-7031.044250000096,20066.66039999985
2024-12-31T11:22:37.000000,27097.70464999995,-7052.583950000096,20045.12069999985
2024-12-31T11:22:52.000000,27097.70464999995,-7088.114550000097,20009.59009999985
2024-12-31T11:23:07.000000,27097.70464999995,-7113.086700000096,19984.617949999847
2024-12-31T11:23:12.000000,27097.70464999995,-7148.628500000095,19949.076149999848
2024-12-31T11:23:22.000000,27097.70464999995,-7146.539000000095,19951.165649999846
2024-12-31T11:23:32.000000,27097.70464999995,-7182.080800000094,19915.623849999847
2024-12-31T11:24:17.000000,27097.70464999995,-7189.984800000095,19907.71984999985
2024-12-31T11:24:22.000000,27097.70464999995,-7207.890300000095,19889.814349999848
2024-12-31T11:25:17.000000,27097.70464999995,-7251.686100000094,19846.018549999848
2024-12-31T11:25:17.000000,27097.70464999995,-7343.225100000094,19754.479549999847
2024-12-31T11:25:27.000000,27097.70464999995,-7448.766200000095,19648.938449999845
2024-12-31T11:26:37.000000,27097.70464999995,-7540.305200000095,19557.399449999844
2024-12-31T11:26:42.000000,27097.70464999995,-7631.844200000096,19465.860449999844
2024-12-31T11:26:47.000000,27097.70464999995,-7723.383200000097,19374.321449999843
2024-12-31T11:27:02.000000,27097.70464999995,-7814.922200000097,19282.782449999842
2024-12-31T11:29:42.000000,27097.70464999995,-7780.828700000097,19316.87594999984
2024-12-31T13:00:17.000000,27097.70464999995,-7921.744650000098,19175.95999999984
2024-12-31T13:00:32.000000,27097.70464999995,-7943.340350000098,19154.36429999984
2024-12-31T13:00:37.000000,27097.70464999995,-7964.936050000098,19132.768599999843
2024-12-31T13:00:52.000000,27097.70464999995,-8000.522650000097,19097.181999999844
2024-12-31T13:01:12.000000,27097.70464999995,-8104.097050000098,18993.607599999843
2024-12-31T13:01:52.000000,27097.70464999995,-8102.023550000098,18995.68109999984
2024-12-31T13:02:42.000000,27097.70464999995,-8079.947050000099,19017.75759999984
2024-12-31T13:03:22.000000,27097.70464999995,-8073.538550000099,19024.166099999842
2024-12-31T13:03:27.000000,27097.70464999995,-8061.4555500001,19036.24909999984
2024-12-31T13:03:37.000000,27097.70464999995,-8069.0379500001,19028.66669999984
2024-12-31T13:03:57.000000,27097.70464999995,-8066.9484500001,19030.75619999984
2024-12-31T13:04:22.000000,27097.70464999995,-8054.8574500001005,19042.84719999984
2024-12-31T13:06:17.000000,27097.70464999995,-7981.700500000101,19116.00414999984
2024-12-31T13:06:27.000000,27097.70464999995,-7905.2815000001,19192.423149999842
2024-12-31T13:06:32.000000,27097.70464999995,-7842.8646000001,19254.840049999842
2024-12-31T13:06:37.000000,27097.70464999995,-7780.4477000001,19317.256949999843
2024-12-31T13:06:42.000000,27097.70464999995,-7822.5289500001,19275.175699999843
2024-12-31T13:06:42.000000,27097.70464999995,-7760.1120500001,19337.592599999844
2024-12-31T13:06:52.000000,27097.70464999995,-7697.6951500001,19400.009499999844
2024-12-31T13:06:57.000000,27097.70464999995,-7645.092550000099,19452.612099999842
2024-12-31T13:06:57.000000,27097.70464999995,-7596.666550000099,19501.03809999984
2024-12-31T13:07:22.000000,27097.70464999995,-7534.238450000098,19563.466199999843
2024-12-31T13:07:57.000000,27097.70464999995,-7471.810350000097,19625.894299999843
2024-12-31T13:08:02.000000,27097.70464999995,-7409.382250000096,19688.322399999844
2024-12-31T13:08:07.000000,27097.70464999995,-7360.945050000096,19736.759599999845
2024-12-31T13:08:12.000000,27097.70464999995,-7298.505750000096,19799.198899999843
2024-12-31T13:08:27.000000,27097.70464999995,-7236.066450000096,19861.63819999984
2024-12-31T13:09:52.000000,27097.70464999995,-7257.751750000096,19839.95289999984
2024-12-31T13:09:57.000000,27097.70464999995,-7265.440550000096,19832.26409999984
2024-12-31T13:10:02.000000,27097.70464999995,-7259.132850000096,19838.57179999984
2024-12-31T13:10:02.000000,27097.70464999995,-7221.230100000096,19876.474549999843
2024-12-31T13:10:12.000000,27097.70464999995,-7183.327350000096,19914.377299999844
2024-12-31T13:10:12.000000,27097.70464999995,-7150.421350000097,19947.283299999843
2024-12-31T13:10:17.000000,27097.70464999995,-7144.108050000097,19953.59659999984
2024-12-31T13:10:22.000000,27097.70464999995,-7144.790200000098,19952.91444999984
2024-12-31T13:10:27.000000,27097.70464999995,-7111.880200000097,19985.82444999984
2024-12-31T13:11:12.000000,26978.25104999995,-7111.880200000097,19866.370849999843
2024-12-31T13:11:17.000000,26844.795349999953,-7111.880200000097,19732.915149999844
2024-12-31T13:12:27.000000,26844.795349999953,-7021.593500000096,19823.201849999845
2024-12-31T13:12:32.000000,26844.795349999953,-6924.305750000096,19920.489599999844
2024-12-31T13:12:37.000000,26844.795349999953,-6834.013450000096,20010.781899999845
2024-12-31T13:14:22.000000,26844.795349999953,-6841.613450000096,20003.181899999847
2024-12-31T13:14:47.000000,26844.795349999953,-6814.308200000097,20030.487149999844
2024-12-31T13:16:52.000000,26926.804849999953,-6814.308200000097,20112.496649999845
2024-12-31T13:20:07.000000,26926.804849999953,-6779.772300000098,20147.032549999843
2024-12-31T13:22:32.000000,26926.804849999953,-6787.764300000098,20139.040549999845
2024-12-31T13:22:37.000000,26926.804849999953,-6810.758550000098,20116.046299999845
2024-12-31T13:22:42.000000,26926.804849999953,-6833.7528000000975,20093.052049999846
2024-12-31T13:23:02.000000,26926.804849999953,-6871.737300000097,20055.067549999847
2024-12-31T13:23:12.000000,26926.804849999953,-6837.604600000097,20089.20024999985
2024-12-31T13:24:57.000000,26926.804849999953,-6905.181600000095,20021.62324999985
2024-12-31T13:26:02.000000,26926.804849999953,-6958.156350000095,19968.648499999854
2024-12-31T13:26:27.000000,26926.804849999953,-7026.133350000094,19900.671499999855
2024-12-31T13:26:37.000000,26926.804849999953,-7109.112600000093,19817.692249999855
2024-12-31T13:26:47.000000,26926.804849999953,-7192.091850000093,19734.712999999854
2024-12-31T13:26:52.000000,26926.804849999953,-7260.080850000093,19666.723999999853
2024-12-31T13:26:57.000000,26926.804849999953,-7328.0698500000935,19598.73499999985
2024-12-31T13:27:02.000000,26926.804849999953,-7411.049100000093,19515.75574999985
2024-12-31T13:27:17.000000,26926.804849999953,-7494.040350000093,19432.764499999852
2024-12-31T13:27:22.000000,26926.804849999953,-7577.031600000093,19349.773249999853
2024-12-31T13:27:32.000000,26926.804849999953,-7645.0206000000935,19281.78424999985
2024-12-31T13:27:37.000000,26926.804849999953,-7728.011850000094,19198.792999999852
2024-12-31T13:27:42.000000,26926.804849999953,-7796.012850000094,19130.791999999852
2024-12-31T13:27:47.000000,26926.804849999953,-7879.004100000094,19047.800749999853
2024-12-31T13:27:52.000000,26926.804849999953,-7961.995350000094,18964.809499999854
2024-12-31T13:27:57.000000,26926.804849999953,-8059.976850000094,18866.827999999856
2024-12-31T13:28:02.000000,26926.804849999953,-8142.968100000094,18783.836749999857
2024-12-31T13:28:07.000000,26926.804849999953,-8195.954850000093,18730.849999999857
2024-12-31T13:28:12.000000,26926.804849999953,-8248.941600000091,18677.863249999857
2024-12-31T13:28:17.000000,26926.804849999953,-8301.92835000009,18624.876499999857
2024-12-31T13:28:22.000000,26926.804849999953,-8369.917350000089,18556.887499999855
2024-12-31T13:28:27.000000,26925.60574999995,-8369.917350000089,18555.688399999854
2024-12-31T13:28:42.000000,26925.60574999995,-8407.913850000088,18517.691899999852
2024-12-31T13:28:52.000000,26925.60574999995,-8445.910350000087,18479.69539999985
2024-12-31T13:28:57.000000,26925.60574999995,-8483.906850000087,18441.69889999985
2024-12-31T13:29:02.000000,26925.60574999995,-8506.901100000086,18418.70464999985
2024-12-31T13:29:12.000000,26925.60574999995,-8528.373600000086,18397.23214999985
2024-12-31T13:29:17.000000,26925.60574999995,-8549.846100000086,18375.75964999985
2024-12-31T13:29:22.000000,26925.60574999995,-8557.316500000086,18368.289249999852
2024-12-31T13:29:27.000000,26925.60574999995,-8578.789000000086,18346.816749999853
2024-12-31T13:29:32.000000,26925.60574999995,-8586.259400000086,18339.346349999854
2024-12-31T13:29:37.000000,26925.60574999995,-8579.738900000086,18345.866849999853
2024-12-31T13:29:42.000000,26925.60574999995,-8573.218400000085,18352.38734999985
2024-12-31T13:29:47.000000,26925.60574999995,-8566.697900000085,18358.90784999985
2024-12-31T13:29:52.000000,26925.60574999995,-8560.177400000084,18365.42834999985
2024-12-31T13:29:57.000000,26925.60574999995,-8553.656900000084,18371.948849999848
2024-12-31T13:30:02.000000,26925.60574999995,-8547.136400000083,18378.469349999847
2024-12-31T13:30:07.000000,26925.60574999995,-8540.615900000083,18384.989849999845
2024-12-31T13:30:12.000000,26925.60574999995,-8534.095400000082,18391.510349999844
2024-12-31T13:30:17.000000,26925.60574999995,-8527.574900000081,18398.030849999843
2024-12-31T13:30:22.000000,26925.60574999995,-8521.054400000081,18404.55134999984
2024-12-31T13:30:27.000000,26925.60574999995,-8514.53390000008,18411.07184999984
2024-12-31T13:30:32.000000,26925.60574999995,-8471.59440000008,18454.01134999984
2024-12-31T13:30:32.000000,26925.60574999995,-8465.07390000008,18460.53184999984
2024-12-31T13:30:37.000000,26925.60574999995,-8437.12465000008,18488.48109999984
2024-12-31T13:30:37.000000,26925.60574999995,-8416.613250000079,18508.99249999984
2024-12-31T13:30:42.000000,26925.60574999995,-8408.655000000079,18516.95074999984
2024-12-31T13:30:42.000000,26925.60574999995,-8388.143600000078,18537.46214999984
2024-12-31T13:30:47.000000,26925.60574999995,-8381.623100000077,18543.982649999838
2024-12-31T13:30:52.000000,26925.60574999995,-8375.102600000077,18550.503149999837
2024-12-31T13:30:57.000000,26925.60574999995,-8398.096850000076,18527.508899999837
2024-12-31T13:31:02.000000,26925.60574999995,-8421.091100000076,18504.514649999837
2024-12-31T13:31:07.000000,26925.60574999995,-8444.085350000076,18481.520399999838
2024-12-31T13:31:12.000000,26925.60574999995,-8451.555750000076,18474.04999999984
2024-12-31T13:31:17.000000,26925.60574999995,-8473.017050000075,18452.58869999984
2024-12-31T13:31:22.000000,26925.60574999995,-8494.478350000074,18431.12739999984
2024-12-31T13:31:37.000000,26925.60574999995,-8487.957850000073,18437.64789999984
2024-12-31T13:31:47.000000,26925.60574999995,-8481.437350000073,18444.16839999984
2024-12-31T13:31:52.000000,26925.60574999995,-8474.916850000072,18450.688899999837
2024-12-31T13:31:57.000000,26925.60574999995,-8482.387250000073,18443.21849999984
2024-12-31T13:32:02.000000,26925.60574999995,-8475.866750000072,18449.738999999838
2024-12-31T13:32:07.000000,26925.60574999995,-8469.346250000071,18456.259499999836
2024-12-31T13:32:12.000000,26925.60574999995,-8462.825750000071,18462.779999999835
2024-12-31T13:32:17.000000,26925.60574999995,-8456.30525000007,18469.300499999834
2024-12-31T13:32:22.000000,26925.60574999995,-8435.79385000007,18489.811899999833
2024-12-31T13:32:27.000000,26925.60574999995,-8415.282450000068,18510.323299999833
2024-12-31T13:32:32.000000,26925.60574999995,-8408.761950000067,18516.84379999983
2024-12-31T13:32:37.000000,26925.60574999995,-8402.241450000067,18523.36429999983
2024-12-31T13:32:42.000000,26925.60574999995,-8381.730050000066,18543.87569999983
2024-12-31T13:32:47.000000,26925.60574999995,-8361.218650000064,18564.38709999983
2024-12-31T13:32:52.000000,26925.60574999995,-8340.696050000064,18584.90969999983
2024-12-31T13:32:57.000000,26925.60574999995,-8306.182550000063,18619.42319999983
2024-12-31T13:33:07.000000,26925.60574999995,-8271.669050000062,18653.93669999983
2024-12-31T13:33:12.000000,26925.60574999995,-8265.137350000063,18660.46839999983
2024-12-31T13:33:17.000000,26925.60574999995,-8244.603550000063,18681.00219999983
2024-12-31T13:33:22.000000,26925.60574999995,-8224.069750000064,18701.535999999833
2024-12-31T13:33:37.000000,26925.60574999995,-8189.533850000065,18736.07189999983
2024-12-31T13:33:47.000000,26925.60574999995,-8154.997950000066,18770.60779999983
2024-12-31T13:33:52.000000,26925.60574999995,-8106.459950000066,18819.14579999983
2024-12-31T13:34:32.000000,26925.60574999995,-8054.290950000065,18871.314799999833
2024-12-31T13:34:32.000000,26925.60574999995,-8002.285950000065,18923.319799999834
2024-12-31T13:34:37.000000,26925.60574999995,-7965.271200000065,18960.334549999836
2024-12-31T13:34:47.000000,26925.60574999995,-7928.256450000064,18997.349299999838
2024-12-31T13:35:12.000000,26925.60574999995,-7891.241700000064,19034.36404999984
2024-12-31T13:35:57.000000,26925.60574999995,-7854.226950000064,19071.378799999842
2024-12-31T13:37:22.000000,26925.60574999995,-7802.209950000064,19123.395799999842
2024-12-31T13:38:07.000000,26977.79874999995,-7802.209950000064,19175.58879999984
2024-12-31T13:38:12.000000,26989.99374999995,-7802.209950000064,19187.78379999984
2024-12-31T13:40:27.000000,26989.99374999995,-7839.4048500000645,19150.58889999984
2024-12-31T13:41:42.000000,26989.99374999995,-7864.602750000064,19125.39099999984
2024-12-31T13:41:47.000000,26989.99374999995,-7889.795850000063,19100.19789999984
2024-12-31T13:41:52.000000,26989.99374999995,-7908.988050000063,19081.005699999838
2024-12-31T13:41:57.000000,26989.99374999995,-7922.184150000063,19067.809599999837
2024-12-31T13:46:47.000000,26972.20024999995,-7922.184150000063,19050.016099999837
2024-12-31T13:46:57.000000,26954.40674999995,-7922.184150000063,19032.222599999837
2024-12-31T13:47:02.000000,26954.40674999995,-8019.392850000063,18935.013899999838
2024-12-31T13:47:12.000000,26954.40674999995,-8128.603350000063,18825.803399999837
2024-12-31T13:48:12.000000,26946.60674999995,-8128.603350000063,18818.003399999838
2024-12-31T13:48:22.000000,26948.800249999953,-8128.603350000063,18820.19689999984
2024-12-31T13:51:07.000000,26948.800249999953,-8181.542100000063,18767.258149999838
2024-12-31T13:53:42.000000,26948.800249999953,-8152.823100000064,18795.97714999984
2024-12-31T13:53:42.000000,26948.800249999953,-8124.104100000065,18824.69614999984
2024-12-31T13:54:42.000000,26948.800249999953,-8065.395000000064,18883.40524999984
2024-12-31T13:54:42.000000,26948.800249999953,-8006.685900000063,18942.11434999984
2024-12-31T13:54:42.000000,26948.800249999953,-7941.980700000063,19006.81954999984
2024-12-31T13:54:42.000000,26948.800249999953,-7889.267700000062,19059.53254999984
2024-12-31T13:54:47.000000,26948.800249999953,-7842.550800000062,19106.24944999984
2024-12-31T13:54:52.000000,26948.800249999953,-7783.841700000061,19164.95854999984
2024-12-31T13:55:22.000000,26948.800249999953,-7707.129900000061,19241.67034999984
2024-12-31T13:55:32.000000,26948.800249999953,-7690.206300000062,19258.59394999984
2024-12-31T13:55:32.000000,26948.800249999953,-7601.497500000061,19347.30274999984
2024-12-31T13:55:37.000000,26948.800249999953,-7512.788700000061,19436.01154999984
2024-12-31T13:55:42.000000,26948.800249999953,-7424.075100000061,19524.72514999984
2024-12-31T13:55:47.000000,26948.800249999953,-7335.361500000061,19613.438749999837
2024-12-31T13:55:52.000000,26948.800249999953,-7324.438800000062,19624.361449999837
2024-12-31T13:55:52.000000,26948.800249999953,-7322.261300000062,19626.53894999984
2024-12-31T13:55:57.000000,26948.800249999953,-7245.544700000061,19703.255549999838
2024-12-31T13:56:02.000000,26948.800249999953,-7234.6172000000615,19714.183049999836
2024-12-31T13:56:02.000000,26948.800249999953,-7212.44470000006,19736.355549999837
2024-12-31T13:56:07.000000,26948.800249999953,-7201.51720000006,19747.283049999834
2024-12-31T13:56:27.000000,26948.800249999953,-7155.34990000006,19793.450349999835
2024-12-31T13:56:52.000000,26948.800249999953,-7118.16955000006,19830.630699999838
2024-12-31T13:57:07.000000,26948.800249999953,-7071.99505000006,19876.80519999984
2024-12-31T13:57:07.000000,26948.800249999953,-7059.81605000006,19888.98419999984
2024-12-31T13:57:37.000000,26948.800249999953,-6992.74880000006,19956.05144999984
2024-12-31T13:58:12.000000,26948.800249999953,-6895.67705000006,20053.123199999838
2024-12-31T13:58:17.000000,26948.800249999953,-6798.60530000006,20150.194949999837
2024-12-31T13:58:22.000000,26948.800249999953,-6806.41330000006,20142.386949999836
2024-12-31T13:59:12.000000,26948.800249999953,-6649.3205500000595,20299.479699999836
2024-12-31T13:59:22.000000,26948.800249999953,-6462.22330000006,20486.576949999835
2024-12-31T13:59:37.000000,26936.85549999995,-6462.22330000006,20474.632199999833
2024-12-31T13:59:47.000000,26929.91149999995,-6462.22330000006,20467.688199999833
2024-12-31T13:59:52.000000,26922.971499999952,-6462.22330000006,20460.748199999834
2024-12-31T14:00:02.000000,26921.03624999995,-6462.22330000006,20458.812949999832
2024-12-31T14:00:07.000000,26909.09949999995,-6462.22330000006,20446.87619999983
2024-12-31T14:00:42.000000,26841.538499999948,-6462.22330000006,20379.31519999983
2024-12-31T14:02:17.000000,26809.586749999948,-6462.22330000006,20347.36344999983
2024-12-31T14:02:22.000000,26809.586749999948,-6421.48330000006,20388.10344999983
2024-12-31T14:04:02.000000,26756.80399999995,-6421.48330000006,20335.320699999833
2024-12-31T14:04:27.000000,26734.03774999995,-6421.48330000006,20312.554449999832
2024-12-31T14:04:32.000000,26726.285749999948,-6421.48330000006,20304.802449999832
2024-12-31T14:04:37.000000,26718.545749999947,-6421.48330000006,20297.06244999983
2024-12-31T14:04:52.000000,26710.853749999947,-6421.48330000006,20289.37044999983
2024-12-31T14:04:57.000000,26733.154249999945,-6421.48330000006,20311.67094999983
2024-12-31T14:05:07.000000,26845.444249999946,-6421.48330000006,20423.96094999983
2024-12-31T14:05:17.000000,26942.731999999945,-6421.48330000006,20521.24869999983
2024-12-31T14:05:22.000000,27010.015249999946,-6421.48330000006,20588.53194999983
2024-12-31T14:05:27.000000,27032.303749999945,-6421.48330000006,20610.82044999983
2024-12-31T14:05:32.000000,27009.573499999944,-6421.48330000006,20588.090199999828
2024-12-31T14:05:37.000000,26956.838749999944,-6421.48330000006,20535.355449999828
2024-12-31T14:05:42.000000,26844.106999999945,-6421.48330000006,20422.62369999983
2024-12-31T14:06:17.000000,26781.542749999946,-6421.48330000006,20360.05944999983
2024-12-31T14:06:37.000000,26818.833499999946,-6421.48330000006,20397.35019999983
2024-12-31T14:06:42.000000,26901.118999999948,-6421.48330000006,20479.63569999983
2024-12-31T14:06:47.000000,26998.406749999947,-6421.48330000006,20576.92344999983
2024-12-31T14:06:52.000000,27110.69674999995,-6421.48330000006,20689.213449999832
2024-12-31T14:06:57.000000,27192.98224999995,-6421.48330000006,20771.498949999834
2024-12-31T14:07:02.000000,27230.26099999995,-6421.48330000006,20808.777699999835
2024-12-31T14:07:07.000000,27237.535249999954,-6421.48330000006,20816.051949999837
2024-12-31T14:07:12.000000,27229.807249999954,-6421.48330000006,20808.323949999838
2024-12-31T14:07:27.000000,27177.072499999955,-6421.48330000006,20755.58919999984
2024-12-31T14:07:57.000000,27129.306499999955,-6421.48330000006,20707.82319999984
2024-12-31T14:08:02.000000,27081.540499999956,-6421.48330000006,20660.05719999984
2024-12-31T14:08:27.000000,27023.780999999955,-6421.48330000006,20602.29769999984
2024-12-31T14:08:32.000000,26966.021499999955,-6421.48330000006,20544.53819999984
2024-12-31T14:08:42.000000,26898.268499999955,-6421.48330000006,20476.78519999984
2024-12-31T14:08:47.000000,26830.515499999954,-6421.48330000006,20409.032199999838
2024-12-31T14:09:17.000000,26775.340299999956,-6421.48330000006,20353.85699999984
2024-12-31T14:10:57.000000,26707.595299999957,-6421.48330000006,20286.11199999984
2024-12-31T14:12:42.000000,26713.841399999958,-6421.48330000006,20292.35809999984
2024-12-31T14:13:12.000000,26713.08084999996,-6421.48330000006,20291.597549999842
2024-12-31T14:13:37.000000,26670.63879999996,-6421.48330000006,20249.155499999844
2024-12-31T14:13:42.000000,26628.196749999963,-6421.48330000006,20206.713449999846
2024-12-31T14:13:42.000000,26590.456249999963,-6421.48330000006,20168.972949999847
2024-12-31T14:13:47.000000,26555.015249999964,-6421.48330000006,20133.531949999848
2024-12-31T14:14:07.000000,26554.568299999963,-6421.48330000006,20133.084999999846
2024-12-31T14:14:12.000000,26561.122399999964,-6421.48330000006,20139.639099999848
2024-12-31T14:14:12.000000,26553.378399999965,-6421.48330000006,20131.89509999985
2024-12-31T14:14:17.000000,26525.631399999962,-6421.48330000006,20104.148099999846
2024-12-31T14:14:22.000000,26539.186549999962,-6421.48330000006,20117.703249999846
2024-12-31T14:14:22.000000,26539.186549999962,-6420.185950000058,20119.000599999847
2024-12-31T14:14:22.000000,26539.186549999962,-6427.9531500000585,20111.23339999985
2024-12-31T14:14:27.000000,26573.739249999962,-6427.9531500000585,20145.78609999985
2024-12-31T14:14:32.000000,26615.28739999996,-6427.9531500000585,20187.334249999847
2024-12-31T14:14:37.000000,26663.830999999962,-6427.9531500000585,20235.877849999848
2024-12-31T14:14:37.000000,26636.091999999964,-6427.9531500000585,20208.13884999985
2024-12-31T14:14:42.000000,26691.631049999964,-6427.9531500000585,20263.67789999985
2024-12-31T14:14:47.000000,26733.173599999966,-6427.9531500000585,20305.22044999985
2024-12-31T14:14:57.000000,26795.702499999967,-6427.9531500000585,20367.749349999853
2024-12-31T14:14:57.000000,26858.231399999968,-6427.9531500000585,20430.278249999854
2024-12-31T14:14:57.000000,26840.49389999997,-6427.9531500000585,20412.540749999855
2024-12-31T14:15:02.000000,26903.028399999966,-6427.9531500000585,20475.075249999853
2024-12-31T14:15:02.000000,26885.290899999967,-6427.9531500000585,20457.337749999853
2024-12-31T14:15:02.000000,26982.590649999966,-6427.9531500000585,20554.63749999985
2024-12-31T14:15:07.000000,27031.128649999966,-6427.9531500000585,20603.175499999852
2024-12-31T14:15:07.000000,27013.391149999967,-6427.9531500000585,20585.437999999853
2024-12-31T14:15:07.000000,27125.681149999968,-6427.9531500000585,20697.727999999854
2024-12-31T14:15:12.000000,27107.94364999997,-6427.9531500000585,20679.990499999854
2024-12-31T14:15:12.000000,27220.221649999967,-6427.9531500000585,20792.268499999853
2024-12-31T14:15:17.000000,27247.773299999968,-6427.9531500000585,20819.820149999854
2024-12-31T14:15:17.000000,27250.022799999966,-6427.9531500000585,20822.069649999852
2024-12-31T14:15:17.000000,27377.303049999966,-6427.9531500000585,20949.349899999852
2024-12-31T14:15:22.000000,27390.846999999965,-6427.9531500000585,20962.89384999985
2024-12-31T14:15:22.000000,27373.101499999964,-6427.9531500000585,20945.14834999985
2024-12-31T14:15:22.000000,27470.389249999964,-6427.9531500000585,21042.43609999985
2024-12-31T14:15:27.000000,27476.932149999964,-6427.9531500000585,21048.97899999985
2024-12-31T14:15:27.000000,27459.186649999963,-6427.9531500000585,21031.23349999985
2024-12-31T14:15:27.000000,27556.474399999963,-6427.9531500000585,21128.52124999985
2024-12-31T14:15:32.000000,27538.728899999962,-6427.9531500000585,21110.775749999848
2024-12-31T14:15:32.000000,27621.026399999962,-6427.9531500000585,21193.07324999985
2024-12-31T14:15:42.000000,27613.282399999964,-6427.9531500000585,21185.32924999985
2024-12-31T14:15:52.000000,27615.53189999996,-6427.9531500000585,21187.578749999848
2024-12-31T14:15:57.000000,27617.78139999996,-6427.9531500000585,21189.828249999846
2024-12-31T14:16:02.000000,27610.03739999996,-6427.9531500000585,21182.084249999847
2024-12-31T14:16:07.000000,27612.28689999996,-6427.9531500000585,21184.333749999845
2024-12-31T14:16:17.000000,27604.54289999996,-6427.9531500000585,21176.589749999846
2024-12-31T14:16:37.000000,27604.54289999996,-6465.625650000058,21138.917249999846
2024-12-31T14:16:57.000000,27587.077399999962,-6465.625650000058,21121.451749999847
2024-12-31T14:16:57.000000,27589.33489999996,-6465.625650000058,21123.709249999847
2024-12-31T14:17:07.000000,27571.869399999963,-6465.625650000058,21106.24374999985
2024-12-31T14:18:02.000000,27571.869399999963,-6462.556150000057,21109.31324999985
2024-12-31T14:18:22.000000,27571.869399999963,-6464.483400000056,21107.38599999985
2024-12-31T14:18:52.000000,27571.869399999963,-6477.036150000056,21094.833249999847
2024-12-31T14:19:22.000000,27571.869399999963,-6483.968150000056,21087.901249999846
2024-12-31T14:19:37.000000,27571.869399999963,-6505.898400000056,21065.970999999845
2024-12-31T14:20:07.000000,27571.869399999963,-6513.614400000057,21058.254999999845
2024-12-31T14:20:12.000000,27571.869399999963,-6506.3401500000555,21065.529249999847
2024-12-31T14:20:22.000000,27571.869399999963,-6499.077900000056,21072.791499999847
2024-12-31T14:20:27.000000,27571.869399999963,-6506.805900000056,21065.063499999847
2024-12-31T14:20:37.000000,27554.123899999962,-6506.805900000056,21047.317999999847
2024-12-31T14:20:37.000000,27554.123899999962,-6529.524150000057,21024.599749999845
2024-12-31T14:20:42.000000,27554.123899999962,-6552.242400000057,21001.881499999843
2024-12-31T14:20:47.000000,27554.123899999962,-6539.187400000058,21014.936499999843
2024-12-31T14:20:47.000000,27554.123899999962,-6546.903400000058,21007.220499999843
2024-12-31T14:21:07.000000,27554.123899999962,-6519.6653500000575,21034.458549999843
2024-12-31T14:21:12.000000,27554.123899999962,-6485.426250000057,21068.69764999984
2024-12-31T14:21:17.000000,27554.123899999962,-6462.365750000057,21091.75814999984
2024-12-31T14:21:17.000000,27554.123899999962,-6435.122100000058,21119.00179999984
2024-12-31T14:21:22.000000,27554.123899999962,-6427.059850000057,21127.06404999984
2024-12-31T14:21:37.000000,27554.123899999962,-6452.809750000057,21101.314149999842
2024-12-31T14:21:42.000000,27554.123899999962,-6469.565500000057,21084.55839999984
2024-12-31T14:21:42.000000,27554.123899999962,-6471.496750000057,21082.627149999844
2024-12-31T14:21:47.000000,27554.123899999962,-6489.066250000056,21065.057649999842
2024-12-31T14:21:47.000000,27554.123899999962,-6514.808950000056,21039.314949999844
2024-12-31T14:21:52.000000,27554.123899999962,-6532.378450000056,21021.745449999842
2024-12-31T14:21:52.000000,27554.123899999962,-6567.122500000055,20987.00139999984
2024-12-31T14:21:52.000000,27554.123899999962,-6579.047250000056,20975.07664999984
2024-12-31T14:21:57.000000,27554.123899999962,-6606.614250000056,20947.50964999984
2024-12-31T14:21:57.000000,27554.123899999962,-6632.349750000056,20921.77414999984
2024-12-31T14:22:02.000000,27554.123899999962,-6658.085250000056,20896.038649999842
2024-12-31T14:22:07.000000,27554.123899999962,-6690.645000000056,20863.47889999984
2024-12-31T14:22:12.000000,27554.123899999962,-6725.381850000055,20828.74204999984
2024-12-31T14:25:27.000000,27554.123899999962,-6733.097850000056,20821.02604999984
2024-12-31T14:25:32.000000,27554.123899999962,-6740.813850000056,20813.31004999984
2024-12-31T14:25:42.000000,27554.123899999962,-6763.520100000055,20790.60379999984
2024-12-31T14:25:47.000000,27554.123899999962,-6756.233850000055,20797.89004999984
2024-12-31T14:25:57.000000,27554.123899999962,-6778.940100000054,20775.183799999842
2024-12-31T14:26:22.000000,27554.123899999962,-6816.648600000055,20737.47529999984
2024-12-31T14:28:32.000000,27554.123899999962,-6824.352600000055,20729.77129999984
2024-12-31T14:28:42.000000,27518.80049999996,-6824.352600000055,20694.44789999984
2024-12-31T14:29:07.000000,27518.80049999996,-6771.323600000056,20747.476899999838
2024-12-31T14:29:12.000000,27518.80049999996,-6704.028350000056,20814.772149999837
2024-12-31T14:29:17.000000,27518.80049999996,-6695.966100000055,20822.834399999836
2024-12-31T14:29:17.000000,27518.80049999996,-6613.680600000054,20905.119899999838
2024-12-31T14:29:22.000000,27518.80049999996,-6571.265100000053,20947.535399999837
2024-12-31T14:29:27.000000,27518.80049999996,-6542.464500000054,20976.335999999836
2024-12-31T14:29:37.000000,27518.80049999996,-6513.6591000000535,21005.141399999837
2024-12-31T14:29:37.000000,27518.80049999996,-6480.613100000052,21038.18739999984
2024-12-31T14:29:42.000000,27518.80049999996,-6451.807700000052,21066.99279999984
2024-12-31T14:29:47.000000,27518.80049999996,-6423.002300000052,21095.79819999984
2024-12-31T14:29:52.000000,27518.80049999996,-6394.192100000052,21124.60839999984
2024-12-31T14:29:57.000000,27518.80049999996,-6359.385800000052,21159.41469999984
2024-12-31T14:29:57.000000,27518.80049999996,-6262.098050000051,21256.70244999984
2024-12-31T14:30:02.000000,27518.80049999996,-6221.290850000051,21297.50964999984
2024-12-31T14:30:07.000000,27518.80049999996,-6174.487550000052,21344.31294999984
2024-12-31T14:30:12.000000,27518.80049999996,-6127.684250000052,21391.11624999984
2024-12-31T14:30:17.000000,27518.80049999996,-6086.877050000052,21431.92344999984
2024-12-31T14:30:22.000000,27518.80049999996,-6052.065950000052,21466.734549999837
2024-12-31T14:30:22.000000,27518.80049999996,-5984.770700000052,21534.029799999837
2024-12-31T14:30:27.000000,27518.80049999996,-5943.958700000052,21574.84179999984
2024-12-31T14:30:27.000000,27518.80049999996,-5891.665700000053,21627.134799999836
2024-12-31T14:30:32.000000,27518.80049999996,-5850.853700000053,21667.946799999838
2024-12-31T14:30:32.000000,27518.80049999996,-5813.550950000054,21705.249549999837
2024-12-31T14:30:37.000000,27518.80049999996,-5778.735050000054,21740.065449999838
2024-12-31T14:30:37.000000,27518.80049999996,-5741.432300000055,21777.368199999837
2024-12-31T14:30:42.000000,27518.80049999996,-5706.616400000054,21812.18409999984
2024-12-31T14:30:47.000000,27518.80049999996,-5677.796600000054,21841.00389999984
2024-12-31T14:30:52.000000,27518.80049999996,-5670.486350000055,21848.31414999984
2024-12-31T14:31:02.000000,27518.80049999996,-5648.185850000055,21870.614649999836
2024-12-31T14:31:07.000000,27518.80049999996,-5595.892850000057,21922.907649999834
2024-12-31T14:31:12.000000,27518.80049999996,-5543.599850000058,21975.20064999983
2024-12-31T14:31:42.000000,27487.63529999996,-5543.599850000058,21944.035449999832
2024-12-31T14:31:47.000000,27487.63529999996,-5521.299350000058,21966.33594999983
2024-12-31T14:32:07.000000,27470.92274999996,-5521.299350000058,21949.62339999983
2024-12-31T14:32:12.000000,27470.92274999996,-5484.008600000059,21986.91414999983
2024-12-31T14:32:17.000000,27470.92274999996,-5511.779600000059,21959.14314999983
2024-12-31T14:32:27.000000,27470.92274999996,-5539.550600000059,21931.37214999983
2024-12-31T14:32:27.000000,27470.92274999996,-5487.25760000006,21983.665149999826
2024-12-31T14:32:37.000000,27470.92274999996,-5449.966850000061,22020.955899999826
2024-12-31T14:32:42.000000,27470.92274999996,-5397.673850000062,22073.248899999824
2024-12-31T14:33:02.000000,27470.92274999996,-5435.438350000061,22035.484399999823
2024-12-31T14:33:07.000000,27470.92274999996,-5473.202850000061,21997.71989999982
2024-12-31T14:33:37.000000,27470.92274999996,-5465.892600000061,22005.03014999982
2024-12-31T14:33:47.000000,27470.92274999996,-5473.572600000061,21997.35014999982
2024-12-31T14:33:57.000000,27470.92274999996,-5531.332100000062,21939.59064999982
2024-12-31T14:34:02.000000,27470.92274999996,-5539.000100000062,21931.92264999982
2024-12-31T14:34:07.000000,27470.92274999996,-5606.753100000063,21864.169649999818
2024-12-31T14:35:37.000000,27526.20659999996,-5606.753100000063,21919.453499999818
2024-12-31T14:35:57.000000,27581.48324999996,-5606.753100000063,21974.730149999818
2024-12-31T14:36:57.000000,27587.835749999962,-5606.753100000063,21981.08264999982
2024-12-31T14:37:02.000000,27573.185099999962,-5606.753100000063,21966.43199999982
2024-12-31T14:37:12.000000,27551.533399999964,-5606.753100000063,21944.78029999982
2024-12-31T14:37:17.000000,27536.882749999964,-5606.753100000063,21930.12964999982
2024-12-31T14:37:22.000000,27536.882749999964,-5614.257100000063,21922.62564999982
2024-12-31T14:37:32.000000,27536.882749999964,-5631.754600000062,21905.12814999982
2024-12-31T14:37:37.000000,27543.224049999964,-5631.754600000062,21911.46944999982
2024-12-31T14:37:42.000000,27529.317549999963,-5631.754600000062,21897.562949999818
2024-12-31T14:38:07.000000,27529.317549999963,-5690.650250000062,21838.667299999815
2024-12-31T14:38:12.000000,27529.317549999963,-5818.252250000061,21711.065299999816
2024-12-31T14:38:12.000000,27529.317549999963,-5840.9225000000615,21688.395049999817
2024-12-31T14:38:17.000000,27529.317549999963,-5978.51800000006,21550.799549999818
2024-12-31T14:38:17.000000,27529.317549999963,-6054.41620000006,21474.90134999982
2024-12-31T14:38:22.000000,27529.317549999963,-6212.01070000006,21317.30684999982
2024-12-31T14:38:32.000000,27529.317549999963,-6329.60320000006,21199.71434999982
2024-12-31T14:38:37.000000,27529.317549999963,-6342.760900000059,21186.55664999982
2024-12-31T14:38:42.000000,27529.317549999963,-6470.35890000006,21058.95864999982
2024-12-31T14:38:42.000000,27529.317549999963,-6493.02915000006,21036.28839999982
2024-12-31T14:38:52.000000,27529.317549999963,-6620.627150000061,20908.690399999818
2024-12-31T14:38:52.000000,27529.317549999963,-6679.522800000062,20849.794749999815
2024-12-31T14:39:02.000000,27529.317549999963,-6707.309800000061,20822.007749999815
2024-12-31T14:39:02.000000,27529.317549999963,-6744.970300000062,20784.347249999813
2024-12-31T14:39:07.000000,27529.317549999963,-6877.561050000062,20651.756499999814
2024-12-31T14:39:07.000000,27529.317549999963,-6905.348050000061,20623.969499999814
2024-12-31T14:39:12.000000,27529.317549999963,-6924.511450000061,20604.806099999812
2024-12-31T14:39:17.000000,27529.317549999963,-7042.107950000062,20487.209599999813
2024-12-31T14:39:17.000000,27529.317549999963,-7089.889950000062,20439.427599999814
2024-12-31T14:39:22.000000,27529.317549999963,-7115.054250000062,20414.263299999813
2024-12-31T14:39:27.000000,27529.317549999963,-7140.218550000062,20389.098999999813
2024-12-31T14:39:27.000000,27529.317549999963,-7198.002050000061,20331.315499999815
2024-12-31T14:39:42.000000,27529.317549999963,-7245.78405000006,20283.533499999816
2024-12-31T14:39:47.000000,27529.317549999963,-7353.379050000061,20175.938499999815
2024-12-31T14:40:57.000000,27529.317549999963,-7361.2806500000615,20168.036899999814
2024-12-31T14:41:07.000000,27514.666899999964,-7361.2806500000615,20153.386249999814
2024-12-31T14:41:42.000000,27514.666899999964,-7403.88190000006,20110.784999999814
