exit_dt,cum_pnl_long,cum_pnl_short,cum_pnl_total
2026-01-06T10:07:22.000000,12.750999999999575,0.0,12.750999999999575
2026-01-06T10:11:32.000000,69.87739999999964,0.0,69.87739999999964
2026-01-06T10:11:37.000000,131.0011999999989,0.0,131.0011999999989
2026-01-06T10:11:42.000000,192.12499999999818,0.0,192.12499999999818
2026-01-06T10:11:52.000000,241.25019999999842,0.0,241.25019999999842
2026-01-06T10:15:07.000000,173.60919999999862,0.0,173.60919999999862
2026-01-06T10:15:17.000000,117.96519999999859,0.0,117.96519999999859
2026-01-06T10:15:22.000000,62.32119999999855,0.0,62.32119999999855
2026-01-06T10:15:42.000000,12.67809999999838,0.0,12.67809999999838
2026-01-06T10:15:47.000000,-30.968900000001916,0.0,-30.968900000001916
2026-01-06T10:15:52.000000,-74.62070000000222,0.0,-74.62070000000222
2026-01-06T10:19:42.000000,-76.27580000000128,0.0,-76.27580000000128
2026-01-06T10:19:47.000000,-83.93180000000129,0.0,-83.93180000000129
2026-01-06T10:21:33.000000,-83.93180000000129,-47.30199999999915,-131.23380000000043
2026-01-06T10:21:48.000000,-83.93180000000129,-104.60549999999807,-188.53729999999936
2026-01-06T10:23:22.000000,-83.93180000000129,-32.46549999999836,-116.39729999999965
2026-01-06T10:24:43.000000,-83.93180000000129,-89.77699999999729,-173.70879999999858
2026-01-06T10:25:09.000000,-83.93180000000129,-187.51849999999715,-271.45029999999844
2026-01-06T10:25:23.000000,-83.93180000000129,-234.8364999999963,-318.76829999999757
2026-01-06T10:25:42.000000,-91.1190000000013,-234.8364999999963,-325.9554999999976
2026-01-06T10:26:33.000000,-91.1190000000013,-282.1624999999955,-373.28149999999675
2026-01-06T10:27:33.000000,-91.1190000000013,-299.4999999999953,-390.61899999999656
2026-01-06T10:32:38.000000,-91.1190000000013,-276.8314999999959,-367.9504999999972
2026-01-06T10:36:07.000000,-91.1190000000013,-310.76019999999653,-401.8791999999978
2026-01-06T10:39:17.000000,-91.1190000000013,-253.68564999999677,-344.80464999999805
2026-01-06T10:40:27.000000,-91.1190000000013,-281.0966499999963,-372.2156499999976
2026-01-06T10:46:02.000000,-91.1190000000013,-272.94064999999665,-364.05964999999793
2026-01-06T10:46:32.000000,-91.1190000000013,-264.784649999997,-355.90364999999827
2026-01-06T10:53:07.000000,-91.1190000000013,-311.70489999999734,-402.8238999999986
2026-01-06T10:53:12.000000,-91.1190000000013,-358.6251499999977,-449.74414999999897
2026-01-06T10:53:37.000000,-91.1190000000013,-405.54539999999804,-496.6643999999993
2026-01-06T10:58:02.000000,-91.1190000000013,-452.4864499999984,-543.6054499999997
2026-01-06T10:58:07.000000,-91.1190000000013,-499.42749999999876,-590.5465
2026-01-06T10:59:42.000000,-91.1190000000013,-539.317099999998,-630.4360999999993
2026-01-06T10:59:42.000000,-91.1190000000013,-586.2685499999973,-677.3875499999986
2026-01-06T11:00:52.000000,-91.1190000000013,-578.1637499999977,-669.2827499999989
2026-01-06T11:00:57.000000,-91.1190000000013,-570.058949999998,-661.1779499999993
2026-01-06T11:01:42.000000,-91.1190000000013,-577.9565499999981,-669.0755499999993
2026-01-06T11:01:57.000000,-91.1190000000013,-569.8645499999984,-660.9835499999997
2026-01-06T11:02:02.000000,-91.1190000000013,-577.7621499999984,-668.8811499999997
2026-01-06T11:02:12.000000,-91.1190000000013,-585.6597499999984,-676.7787499999997
2026-01-06T11:02:12.000000,-91.1190000000013,-684.6085999999988,-775.7276
2026-01-06T11:04:42.000000,-91.1190000000013,-718.5788999999983,-809.6978999999995
2026-01-06T11:04:52.000000,-91.1190000000013,-752.5491999999978,-843.668199999999
2026-01-06T11:05:27.000000,-91.1190000000013,-799.5214499999981,-890.6404499999994
2026-01-06T11:07:02.000000,-91.1190000000013,-794.5170999999973,-885.6360999999986
2026-01-06T11:07:42.000000,-91.1190000000013,-802.5146999999973,-893.6336999999986
2026-01-06T11:08:42.000000,-91.1190000000013,-822.158099999997,-913.2770999999983
2026-01-06T11:09:07.000000,-91.1190000000013,-862.0476999999963,-953.1666999999976
2026-01-06T11:12:52.000000,-91.1190000000013,-839.4831999999952,-930.6021999999965
2026-01-06T11:17:32.000000,-91.1190000000013,-831.3655999999955,-922.4845999999968
2026-01-06T11:18:07.000000,-91.1190000000013,-855.2399999999952,-946.3589999999965
2026-01-06T11:19:32.000000,-91.1190000000013,-815.1303999999963,-906.2493999999975
2026-01-06T11:20:33.000000,-91.1190000000013,-792.4298999999951,-883.5488999999964
2026-01-06T11:21:12.000000,-91.1190000000013,-847.8578999999951,-938.9768999999964
2026-01-06T11:21:17.000000,-91.1190000000013,-903.2858999999951,-994.4048999999964
2026-01-06T11:21:22.000000,-91.1190000000013,-970.7060999999959,-1061.8250999999973
2026-01-06T11:21:27.000000,-91.1190000000013,-1038.1262999999967,-1129.2452999999982
2026-01-06T11:29:12.000000,-91.1190000000013,-1057.5680999999965,-1148.687099999998
2026-01-06T13:01:27.000000,-91.1190000000013,-1089.002099999996,-1180.1210999999976
2026-01-06T13:04:32.000000,-91.1190000000013,-1144.817299999995,-1235.9362999999964
2026-01-06T13:04:57.000000,-91.1190000000013,-1184.6300999999942,-1275.7490999999957
2026-01-06T13:05:12.000000,-91.1190000000013,-1224.4428999999934,-1315.561899999995
2026-01-06T13:05:17.000000,-91.1190000000013,-1255.886499999994,-1347.0054999999954
2026-01-06T13:09:07.000000,-91.1190000000013,-1227.3402999999937,-1318.4592999999952
2026-01-06T13:09:42.000000,-91.1190000000013,-1198.7940999999935,-1289.913099999995
2026-01-06T13:09:52.000000,-91.1190000000013,-1206.1700999999935,-1297.289099999995
2026-01-06T13:09:57.000000,-91.1190000000013,-1165.6220999999935,-1256.741099999995
2026-01-06T13:11:48.000000,-91.1190000000013,-1212.9240999999927,-1304.0430999999942
2026-01-06T13:12:42.000000,-91.1190000000013,-1220.7960999999927,-1311.9150999999943
2026-01-06T13:15:59.000000,-91.1190000000013,-1258.5845999999922,-1349.7035999999937
2026-01-06T13:16:08.000000,-91.1190000000013,-1275.906099999992,-1367.0250999999935
2026-01-06T13:16:23.000000,-91.1190000000013,-1293.2275999999918,-1384.3465999999933
2026-01-06T13:16:33.000000,-91.1190000000013,-1310.5490999999915,-1401.668099999993
2026-01-06T13:16:47.000000,-91.1190000000013,-1318.3442999999916,-1409.463299999993
2026-01-06T13:16:54.000000,-91.1190000000013,-1366.1422999999907,-1457.2612999999922
2026-01-06T13:16:58.000000,-91.1190000000013,-1373.4622999999906,-1464.581299999992
2026-01-06T13:17:08.000000,-91.1190000000013,-1380.7822999999905,-1471.901299999992
2026-01-06T13:17:09.000000,-91.1190000000013,-1418.57879999999,-1509.6977999999915
2026-01-06T13:17:34.000000,-91.1190000000013,-1476.3782999999908,-1567.4972999999923
2026-01-06T13:17:44.000000,-91.1190000000013,-1554.172799999991,-1645.2917999999925
2026-01-06T13:18:04.000000,-91.1190000000013,-1631.9672999999912,-1723.0862999999927
2026-01-06T13:18:09.000000,-91.1190000000013,-1709.7617999999914,-1800.8807999999929
2026-01-06T13:18:53.000000,-91.1190000000013,-1707.0882999999915,-1798.207299999993
2026-01-06T13:19:13.000000,-91.1190000000013,-1704.4147999999916,-1795.533799999993
2026-01-06T13:19:18.000000,-91.1190000000013,-1701.7412999999917,-1792.8602999999932
2026-01-06T13:19:28.000000,-91.1190000000013,-1699.0677999999918,-1790.1867999999934
2026-01-06T13:19:53.000000,-91.1190000000013,-1696.394299999992,-1787.5132999999935
2026-01-06T13:24:22.000000,-91.1190000000013,-1688.2894999999924,-1779.4084999999939
2026-01-06T13:27:27.000000,-91.1190000000013,-1719.7042999999928,-1810.8232999999943
2026-01-06T13:30:27.000000,-91.1190000000013,-1739.1364999999926,-1830.255499999994
2026-01-06T13:35:54.000000,-91.1190000000013,-1766.963499999994,-1858.0824999999954
2026-01-06T13:38:07.000000,-91.1190000000013,-1774.422699999994,-1865.5416999999954
2026-01-06T13:38:12.000000,-91.1190000000013,-1793.8836999999937,-1885.0026999999952
2026-01-06T13:38:22.000000,-91.1190000000013,-1801.3428999999937,-1892.4618999999952
2026-01-06T13:38:52.000000,-91.1190000000013,-1809.1508999999937,-1900.2698999999952
2026-01-06T13:39:07.000000,-91.1190000000013,-1816.6100999999937,-1907.7290999999952
2026-01-06T13:39:32.000000,-91.1190000000013,-1812.0578999999939,-1903.1768999999954
2026-01-06T13:39:37.000000,-91.1190000000013,-1807.505699999994,-1898.6246999999955
2026-01-06T13:49:02.000000,-74.8050000000018,-1807.505699999994,-1882.3106999999961
2026-01-06T13:49:07.000000,-58.49580000000124,-1807.505699999994,-1866.0014999999955
2026-01-06T13:49:12.000000,-60.1797000000003,-1807.505699999994,-1867.6853999999946
2026-01-06T13:49:17.000000,-61.85880000000043,-1807.505699999994,-1869.3644999999947
2026-01-06T13:49:22.000000,-63.537900000000555,-1807.505699999994,-1871.0435999999947
2026-01-06T13:50:42.000000,-39.03070000000123,-1807.505699999994,-1846.5363999999954
2026-01-06T13:54:37.000000,-39.03070000000123,-1838.9012999999936,-1877.9319999999948
2026-01-06T13:55:52.000000,-39.03070000000123,-1846.2372999999936,-1885.2679999999948
2026-01-06T13:56:02.000000,-39.03070000000123,-1806.0636999999933,-1845.0943999999945
2026-01-06T14:01:07.000000,-39.03070000000123,-1825.4766999999943,-1864.5073999999954
2026-01-06T14:02:07.000000,-39.03070000000123,-1856.8914999999947,-1895.9221999999959
2026-01-06T14:02:52.000000,-39.03070000000123,-1894.215999999994,-1933.2466999999951
2026-01-06T14:03:37.000000,9.32809999999882,-1894.215999999994,-1884.8878999999952
2026-01-06T14:03:42.000000,50.68584999999902,-1894.215999999994,-1843.530149999995
2026-01-06T14:03:52.000000,85.04814999999937,-1894.215999999994,-1809.1678499999948
2026-01-06T14:03:57.000000,112.41499999999986,-1894.215999999994,-1781.8009999999942
2026-01-06T14:04:53.000000,112.41499999999986,-1911.5214999999937,-1799.106499999994
2026-01-06T14:06:08.000000,112.41499999999986,-1918.8334999999936,-1806.4184999999939
2026-01-06T14:13:37.000000,112.41499999999986,-1942.6438999999932,-1830.2288999999935
2026-01-06T14:17:52.000000,112.41499999999986,-1962.085699999993,-1849.6706999999933
2026-01-06T14:18:12.000000,112.41499999999986,-1981.5274999999929,-1869.1124999999931
2026-01-06T14:22:18.000000,112.41499999999986,-1998.8409999999926,-1886.4259999999929
2026-01-06T14:22:23.000000,112.41499999999986,-2016.1544999999924,-1903.7394999999926
2026-01-06T14:22:33.000000,112.41499999999986,-2033.4679999999921,-1921.0529999999924
2026-01-06T14:22:38.000000,112.41499999999986,-2050.781499999992,-1938.3664999999921
2026-01-06T14:22:43.000000,112.41499999999986,-2068.0949999999916,-1955.6799999999919
2026-01-06T14:22:48.000000,112.41499999999986,-2085.4084999999914,-1972.9934999999916
2026-01-06T14:24:38.000000,112.41499999999986,-2092.7204999999913,-1980.3054999999915
2026-01-06T14:24:48.000000,112.41499999999986,-2110.033999999991,-1997.6189999999913
2026-01-06T14:25:58.000000,112.41499999999986,-2117.345999999991,-2004.9309999999912
2026-01-06T14:26:08.000000,112.41499999999986,-2124.657999999991,-2012.242999999991
2026-01-06T14:28:19.000000,112.41499999999986,-2142.4914999999905,-2030.0764999999908
2026-01-06T14:28:42.000000,112.41499999999986,-2162.25969999999,-2049.8446999999906
2026-01-06T14:30:47.000000,112.41499999999986,-2189.5986999999895,-2077.18369999999
2026-01-06T14:31:54.000000,112.41499999999986,-2207.4401999999895,-2095.02519999999
2026-01-06T14:33:22.000000,112.41499999999986,-2279.2961999999898,-2166.8811999999903
2026-01-06T14:34:12.000000,112.41499999999986,-2322.7415999999903,-2210.326599999991
2026-01-06T14:34:52.000000,112.41499999999986,-2366.186999999991,-2253.7719999999913
2026-01-06T14:35:22.000000,112.41499999999986,-2390.0741999999905,-2277.659199999991
2026-01-06T14:36:27.000000,112.41499999999986,-2421.517799999991,-2309.1027999999915
2026-01-06T14:38:34.000000,112.41499999999986,-2429.365799999991,-2316.9507999999914
2026-01-06T14:39:13.000000,112.41499999999986,-2436.677799999991,-2324.2627999999913
2026-01-06T14:39:22.000000,112.41499999999986,-2454.039299999991,-2341.6242999999913
2026-01-06T14:40:19.000000,112.41499999999986,-2461.879299999991,-2349.4642999999915
2026-01-06T14:40:44.000000,112.41499999999986,-2459.7177999999913,-2347.3027999999917
2026-01-06T14:42:02.000000,112.41499999999986,-2479.169199999992,-2366.7541999999926
2026-01-06T14:42:42.000000,112.41499999999986,-2498.620599999993,-2386.2055999999934
2026-01-06T14:43:07.000000,112.41499999999986,-2506.3965999999928,-2393.9815999999933
2026-01-06T14:44:52.000000,112.41499999999986,-2514.1725999999926,-2401.757599999993
2026-01-07T10:12:27.000000,112.41499999999986,-2531.5420999999924,-2419.127099999993
2026-01-07T10:14:32.000000,112.41499999999986,-2515.525699999993,-2403.1106999999934
2026-01-07T10:14:37.000000,112.41499999999986,-2523.498499999993,-2411.0834999999934
2026-01-07T10:16:07.000000,112.41499999999986,-2530.842499999993,-2418.4274999999934
2026-01-07T10:18:37.000000,112.41499999999986,-2548.203999999993,-2435.7889999999934
2026-01-07T10:22:37.000000,112.41499999999986,-2556.201599999993,-2443.7865999999935
2026-01-07T10:22:57.000000,112.41499999999986,-2614.121099999992,-2501.7060999999926
2026-01-07T10:25:22.000000,112.41499999999986,-2601.4620999999925,-2489.047099999993
2026-01-07T10:26:42.000000,112.41499999999986,-2596.4473499999926,-2484.032349999993
2026-01-07T10:31:32.000000,104.51899999999986,-2596.4473499999926,-2491.9283499999933
2026-01-07T10:35:12.000000,104.51899999999986,-2573.7788499999933,-2469.259849999994
2026-01-07T10:36:17.000000,104.51899999999986,-2581.7556499999932,-2477.236649999994
2026-01-07T10:36:27.000000,104.51899999999986,-2589.732449999993,-2485.213449999994
2026-01-07T10:36:32.000000,104.51899999999986,-2597.709249999993,-2493.1902499999937
2026-01-07T10:38:57.000000,104.51899999999986,-2618.6775999999927,-2514.1585999999934
2026-01-07T10:40:42.000000,104.51899999999986,-2602.497999999993,-2497.978999999994
2026-01-07T10:40:42.000000,104.51899999999986,-2660.481499999992,-2555.962499999993
2026-01-07T10:42:17.000000,104.51899999999986,-2708.4714999999915,-2603.952499999992
2026-01-07T10:43:12.000000,104.51899999999986,-2692.301499999992,-2587.7824999999925
2026-01-07T10:43:12.000000,104.51899999999986,-2668.1814999999924,-2563.662499999993
2026-01-07T10:50:22.000000,104.51899999999986,-2665.515999999993,-2560.9969999999935
2026-01-07T10:53:07.000000,104.51899999999986,-2625.467199999992,-2520.9481999999925
2026-01-07T10:59:02.000000,104.51899999999986,-2661.3561999999924,-2556.837199999993
2026-01-07T10:59:07.000000,104.51899999999986,-2697.245199999993,-2592.7261999999937
2026-01-07T11:08:42.000000,104.51899999999986,-2769.126799999993,-2664.607799999994
2026-01-07T11:14:42.000000,104.51899999999986,-2760.852399999992,-2656.3333999999927
2026-01-07T11:14:47.000000,104.51899999999986,-2748.5805999999916,-2644.0615999999923
2026-01-07T11:14:52.000000,104.51899999999986,-2792.438799999993,-2687.9197999999938
2026-01-07T11:15:07.000000,104.51899999999986,-2776.169599999992,-2671.6505999999927
2026-01-07T11:15:12.000000,104.51899999999986,-2763.8977999999915,-2659.378799999992
2026-01-07T11:18:07.000000,104.51899999999986,-2819.8153999999918,-2715.2963999999924
2026-01-07T11:21:37.000000,104.51899999999986,-2843.7537999999913,-2739.234799999992
2026-01-07T11:22:22.000000,104.51899999999986,-2875.638999999991,-2771.1199999999917
2026-01-07T11:23:02.000000,104.51899999999986,-2903.0259999999907,-2798.5069999999914
2026-01-07T11:23:12.000000,104.51899999999986,-2934.9111999999905,-2830.392199999991
2026-01-07T11:24:12.000000,104.51899999999986,-2952.2966999999903,-2847.777699999991
2026-01-07T11:26:07.000000,104.51899999999986,-2989.6771999999896,-2885.1581999999903
2026-01-07T11:28:52.000000,104.51899999999986,-3021.571999999989,-2917.05299999999
2026-01-07T11:29:07.000000,104.51899999999986,-3053.466799999989,-2948.9477999999895
2026-01-07T13:00:22.000000,104.51899999999986,-3045.413199999989,-2940.8941999999897
2026-01-07T13:00:52.000000,73.66579999999931,-3045.413199999989,-2971.74739999999
2026-01-07T13:01:42.000000,73.66579999999931,-3041.3121999999894,-2967.6463999999905
2026-01-07T13:02:07.000000,73.66579999999931,-3037.2111999999897,-2963.545399999991
2026-01-07T13:03:32.000000,73.66579999999931,-3024.6001999999903,-2950.9343999999915
2026-01-07T13:04:42.000000,73.66579999999931,-3021.9826999999905,-2948.3168999999916
2026-01-07T13:04:57.000000,73.66579999999931,-3003.945199999991,-2930.279399999992
2026-01-07T13:12:57.000000,73.66579999999931,-3011.682799999991,-2938.016999999992
2026-01-07T13:25:32.000000,73.66579999999931,-3006.58484999999,-2932.9190499999913
2026-01-07T13:34:42.000000,73.66579999999931,-3013.93684999999,-2940.271049999991
2026-01-07T13:49:37.000000,44.95704999999851,-3013.93684999999,-2968.979799999992
2026-01-07T13:55:52.000000,44.95704999999851,-3060.7842999999903,-3015.827249999992
2026-01-07T13:56:37.000000,110.0078499999984,-3060.7842999999903,-2950.776449999992
2026-01-07T13:56:42.000000,175.0586499999983,-3060.7842999999903,-2885.725649999992
2026-01-07T13:56:52.000000,248.11384999999945,-3060.7842999999903,-2812.670449999991
2026-01-07T13:56:57.000000,317.16524999999996,-3060.7842999999903,-2743.6190499999902
2026-01-07T13:57:02.000000,386.21665000000047,-3060.7842999999903,-2674.56764999999
2026-01-07T14:08:37.000000,386.21665000000047,-3068.5170999999905,-2682.30044999999
2026-01-07T14:09:07.000000,386.21665000000047,-3106.239999999989,-2720.0233499999886
2026-01-07T14:11:07.000000,386.21665000000047,-3153.108249999988,-2766.8915999999876
2026-01-07T14:15:27.000000,386.21665000000047,-3172.8572499999877,-2786.6405999999874
2026-01-07T14:29:32.000000,386.21665000000047,-3192.6830499999874,-2806.466399999987
2026-01-07T14:33:27.000000,386.21665000000047,-3213.5785999999885,-2827.361949999988
2026-01-07T14:36:50.000000,386.21665000000047,-3221.4745999999886,-2835.2579499999883
2026-01-07T14:37:25.000000,386.21665000000047,-3229.370599999989,-2843.1539499999885
2026-01-07T14:39:22.000000,386.21665000000047,-3249.2059999999888,-2862.9893499999885
2026-01-07T14:41:07.000000,386.21665000000047,-3273.05479999999,-2886.8381499999896
2026-01-07T14:44:32.000000,386.21665000000047,-3280.88839999999,-2894.6717499999895
2026-01-07T14:45:02.000000,386.21665000000047,-3300.7141999999894,-2914.497549999989
2026-01-08T10:16:48.000000,386.21665000000047,-3278.4216999999885,-2892.205049999988
2026-01-08T10:22:32.000000,386.21665000000047,-3286.0656999999883,-2899.849049999988
2026-01-08T10:22:52.000000,386.21665000000047,-3280.7077499999873,-2894.491099999987
2026-01-08T10:23:02.000000,386.21665000000047,-3275.3497999999863,-2889.133149999986
2026-01-08T10:27:52.000000,386.21665000000047,-3295.974949999986,-2909.758299999986
2026-01-08T10:31:37.000000,386.21665000000047,-3264.5922999999857,-2878.3756499999854
2026-01-08T10:46:32.000000,386.21665000000047,-3181.7739999999853,-2795.557349999985
2026-01-08T10:50:18.000000,386.21665000000047,-3199.3114999999852,-2813.094849999985
2026-01-08T10:53:15.000000,386.21665000000047,-3237.1879999999865,-2850.971349999986
2026-01-08T10:58:47.000000,386.21665000000047,-3179.1412999999866,-2792.9246499999863
2026-01-08T10:58:52.000000,386.21665000000047,-3121.0945999999867,-2734.8779499999864
2026-01-08T10:59:02.000000,386.21665000000047,-3069.0439999999858,-2682.8273499999855
2026-01-08T10:59:07.000000,386.21665000000047,-3022.9942999999857,-2636.7776499999854
2026-01-08T11:04:12.000000,450.54745,-3022.9942999999857,-2572.4468499999857
2026-01-08T11:07:27.000000,429.95349999999917,-3022.9942999999857,-2593.0407999999866
2026-01-08T11:12:27.000000,429.95349999999917,-3066.6892999999873,-2636.735799999988
2026-01-08T11:16:37.000000,429.95349999999917,-3106.591699999988,-2676.638199999989
2026-01-08T11:18:17.000000,429.95349999999917,-3144.5305999999887,-2714.5770999999895
2026-01-08T11:28:57.000000,429.95349999999917,-3152.453799999989,-2722.5002999999897
2026-01-08T13:01:07.000000,429.95349999999917,-3240.5051499999886,-2810.5516499999894
2026-01-08T13:01:12.000000,429.95349999999917,-3340.555899999988,-2910.602399999989
2026-01-08T13:06:27.000000,429.95349999999917,-3479.7372999999884,-3049.7837999999892
2026-01-08T13:07:22.000000,429.95349999999917,-3558.952899999989,-3128.9993999999897
2026-01-08T13:07:47.000000,429.95349999999917,-3530.11389999999,-3100.1603999999907
2026-01-08T13:07:57.000000,429.95349999999917,-3510.2714499999897,-3080.3179499999906
2026-01-08T13:08:27.000000,429.95349999999917,-3494.0566499999904,-3064.1031499999913
2026-01-08T13:08:52.000000,429.95349999999917,-3426.8453999999906,-2996.8918999999914
2026-01-08T13:11:07.000000,429.95349999999917,-3446.5847999999905,-3016.6312999999914
2026-01-08T13:11:52.000000,429.95349999999917,-3519.8618999999903,-3089.908399999991
2026-01-08T13:12:17.000000,429.95349999999917,-3563.1344999999906,-3133.1809999999914
2026-01-08T13:12:27.000000,429.95349999999917,-3612.4031999999906,-3182.4496999999915
2026-01-08T13:16:18.000000,429.95349999999917,-3610.113699999991,-3180.1601999999916
2026-01-08T13:18:00.000000,429.95349999999917,-3627.9631999999906,-3198.0096999999914
2026-01-08T13:40:18.000000,429.95349999999917,-3605.6786999999913,-3175.725199999992
2026-01-08T14:13:57.000000,408.3857999999982,-3605.6786999999913,-3197.292899999993
2026-01-08T14:14:02.000000,386.81809999999723,-3605.6786999999913,-3218.860599999994
2026-01-08T14:16:07.000000,367.1906999999982,-3605.6786999999913,-3238.487999999993
2026-01-08T14:26:47.000000,367.1906999999982,-3613.3466999999914,-3246.155999999993
2026-01-08T14:28:17.000000,367.1906999999982,-3644.495099999992,-3277.3043999999936
2026-01-08T14:59:12.000000,367.1906999999982,-3633.884399999992,-3266.693699999994
2026-01-08T14:59:12.000000,367.1906999999982,-3623.2736999999925,-3256.082999999994
2026-01-09T10:07:17.000000,367.1906999999982,-3601.0211999999933,-3233.830499999995
2026-01-09T10:11:52.000000,367.1906999999982,-3559.141199999993,-3191.950499999995
2026-01-09T10:12:02.000000,367.1906999999982,-3523.271699999993,-3156.0809999999947
2026-01-09T10:15:22.000000,367.1906999999982,-3517.861749999993,-3150.671049999995
2026-01-09T10:19:57.000000,367.1906999999982,-3465.7407499999945,-3098.550049999996
2026-01-09T10:21:27.000000,367.1906999999982,-3443.592249999995,-3076.401549999997
2026-01-09T10:22:12.000000,367.1906999999982,-3451.173849999995,-3083.983149999997
2026-01-09T10:30:22.000000,403.13219999999836,-3451.173849999995,-3048.0416499999965
2026-01-09T10:31:02.000000,442.06934999999794,-3451.173849999995,-3009.1044999999967
2026-01-09T10:31:22.000000,442.06934999999794,-3459.0538499999952,-3016.984499999997
2026-01-09T10:32:12.000000,440.35009999999875,-3459.0538499999952,-3018.703749999996
2026-01-09T10:32:22.000000,433.63409999999874,-3459.0538499999952,-3025.419749999996
2026-01-09T10:32:27.000000,426.92209999999875,-3459.0538499999952,-3032.131749999996
2026-01-09T10:33:38.000000,426.92209999999875,-3474.5366499999964,-3047.614549999997
2026-01-09T10:33:57.000000,426.92209999999875,-3462.437649999995,-3035.5155499999955
2026-01-09T10:34:03.000000,456.57469999999796,-3462.437649999995,-3005.862949999996
2026-01-09T10:34:47.000000,456.57469999999796,-3430.343649999994,-2973.768949999995
2026-01-09T10:44:27.000000,456.57469999999796,-3471.2421999999933,-3014.6674999999946
2026-01-09T10:45:27.000000,456.57469999999796,-3512.1319499999927,-3055.557249999994
2026-01-09T10:45:42.000000,456.57469999999796,-3553.021699999992,-3096.4469999999933
2026-01-09T10:53:17.000000,429.8916999999966,-3553.021699999992,-3123.1299999999947
2026-01-09T10:54:17.000000,423.2156999999966,-3553.021699999992,-3129.8059999999946
2026-01-09T10:54:27.000000,416.5436999999966,-3553.021699999992,-3136.4779999999946
2026-01-09T10:54:32.000000,414.8724499999956,-3553.021699999992,-3138.1492499999954
2026-01-09T10:54:37.000000,413.20119999999457,-3553.021699999992,-3139.820499999996
2026-01-09T10:54:42.000000,411.52994999999356,-3553.021699999992,-3141.491749999997
2026-01-09T10:54:47.000000,399.86119999999454,-3553.021699999992,-3153.160499999996
2026-01-09T10:54:52.000000,393.19319999999453,-3553.021699999992,-3159.828499999996
2026-01-09T10:54:57.000000,381.52844999999377,-3553.021699999992,-3171.493249999997
2026-01-09T10:55:02.000000,369.863699999993,-3553.021699999992,-3183.1579999999976
2026-01-09T10:55:07.000000,353.1981999999932,-3553.021699999992,-3199.8234999999972
2026-01-09T10:55:12.000000,326.53519999999185,-3553.021699999992,-3226.4864999999986
2026-01-09T10:55:17.000000,299.87219999999047,-3553.021699999992,-3253.1495
2026-01-09T10:55:22.000000,268.2124499999901,-3553.021699999992,-3284.8092500000002
2026-01-09T10:55:27.000000,231.55594999998897,-3553.021699999992,-3321.465750000001
2026-01-09T10:55:42.000000,184.89794999998804,-3553.021699999992,-3368.123750000002
2026-01-09T11:01:02.000000,182.91164999998898,-3553.021699999992,-3370.110050000001
2026-01-09T11:01:07.000000,186.92624999998873,-3553.021699999992,-3366.0954500000016
2026-01-09T11:01:12.000000,184.94474999998752,-3553.021699999992,-3368.076950000003
2026-01-09T11:01:32.000000,176.95754999998752,-3553.021699999992,-3376.064150000003
2026-01-09T11:01:37.000000,162.97424999998657,-3553.021699999992,-3390.0474500000037
2026-01-09T11:01:42.000000,148.99094999998562,-3553.021699999992,-3404.0307500000044
2026-01-09T11:02:02.000000,148.99094999998562,-3535.1939499999917,-3386.203000000004
2026-01-09T11:02:07.000000,148.99094999998562,-3507.3686999999913,-3358.3777500000037
2026-01-09T11:02:27.000000,148.99094999998562,-3449.538949999992,-3300.5480000000043
2026-01-09T11:02:47.000000,148.99094999998562,-3386.7084499999914,-3237.717500000004
2026-01-09T11:02:57.000000,148.99094999998562,-3333.8794499999926,-3184.888500000005
2026-01-09T11:05:02.000000,148.99094999998562,-3236.0676999999923,-3087.0767500000047
2026-01-09T11:06:37.000000,86.02559999998523,-3236.0676999999923,-3150.042100000005
2026-01-09T11:08:47.000000,78.05759999998523,-3236.0676999999923,-3158.010100000005
2026-01-09T11:08:47.000000,26.118199999984036,-3236.0676999999923,-3209.949500000006
2026-01-09T11:13:07.000000,72.58069999998395,-3236.0676999999923,-3163.487000000006
2026-01-09T11:13:12.000000,107.04619999998411,-3236.0676999999923,-3129.0215000000057
2026-01-09T11:13:22.000000,147.51739999998415,-3236.0676999999923,-3088.550300000006
2026-01-09T11:13:27.000000,175.54519999998553,-3236.0676999999923,-3060.5225000000046
2026-01-09T11:18:32.000000,175.54519999998553,-3243.6284999999925,-3068.083300000005
2026-01-09T11:21:18.000000,175.54519999998553,-3227.356099999993,-3051.8109000000054
2026-01-09T11:22:57.000000,84.11179999998625,-3227.356099999993,-3143.244300000005
2026-01-09T11:25:32.000000,84.11179999998625,-3255.263099999993,-3171.1513000000045
2026-01-09T11:26:37.000000,84.11179999998625,-3215.2558999999924,-3131.144100000004
2026-01-09T11:26:57.000000,84.11179999998625,-3175.248699999992,-3091.1369000000036
2026-01-09T11:30:02.000000,58.993099999986626,-3175.248699999992,-3116.255600000003
2026-01-09T13:00:12.000000,9.875599999986456,-3175.248699999992,-3165.3731000000034
2026-01-09T13:07:07.000000,9.875599999986456,-3255.2178999999905,-3245.342300000002
2026-01-09T13:11:37.000000,9.875599999986456,-3266.890649999991,-3257.0150500000027
2026-01-09T13:11:42.000000,9.875599999986456,-3278.563399999992,-3268.6878000000033
2026-01-09T13:11:52.000000,9.875599999986456,-3290.2361499999924,-3280.360550000004
2026-01-09T13:11:57.000000,9.875599999986456,-3301.908899999993,-3292.0333000000046
2026-01-09T13:12:02.000000,9.875599999986456,-3322.440449999993,-3312.5648500000043
2026-01-09T13:12:42.000000,9.875599999986456,-3324.119699999994,-3314.2441000000053
2026-01-09T13:12:47.000000,9.875599999986456,-3330.7956999999938,-3320.9201000000053
2026-01-09T13:12:52.000000,9.875599999986456,-3337.4716999999937,-3327.596100000005
2026-01-09T13:13:02.000000,9.875599999986456,-3381.099499999993,-3371.2239000000045
2026-01-09T13:14:02.000000,9.875599999986456,-3377.7859999999932,-3367.9104000000048
2026-01-09T13:14:02.000000,9.875599999986456,-3350.8218499999934,-3340.946250000005
2026-01-09T13:14:07.000000,9.875599999986456,-3326.853349999993,-3316.9777500000046
2026-01-09T13:14:17.000000,9.875599999986456,-3323.5398499999933,-3313.664250000005
2026-01-09T13:14:42.000000,9.875599999986456,-3320.2263499999935,-3310.350750000005
2026-01-09T13:14:47.000000,9.875599999986456,-3316.912849999994,-3307.0372500000053
2026-01-09T13:18:02.000000,9.875599999986456,-3324.5544499999937,-3314.6788500000052
2026-01-09T13:18:47.000000,9.875599999986456,-3312.431449999994,-3302.5558500000056
2026-01-09T13:20:37.000000,9.875599999986456,-3310.3099499999944,-3300.434350000006
2026-01-09T13:20:57.000000,9.875599999986456,-3308.1884499999946,-3298.312850000006
2026-01-09T13:23:52.000000,9.875599999986456,-3346.048949999994,-3336.1733500000055
2026-01-09T13:26:12.000000,9.875599999986456,-3383.9174499999936,-3374.041850000005
2026-01-09T13:26:17.000000,9.875599999986456,-3421.785949999993,-3411.9103500000047
2026-01-09T13:28:07.000000,9.875599999986456,-3459.6544499999927,-3449.7788500000042
2026-01-09T13:29:42.000000,9.875599999986456,-3467.2960499999926,-3457.420450000004
2026-01-09T13:30:27.000000,9.875599999986456,-3505.172549999994,-3495.2969500000054
2026-01-09T13:38:37.000000,9.875599999986456,-3533.0715499999933,-3523.195950000005
2026-01-09T13:39:17.000000,9.875599999986456,-3580.9735499999924,-3571.097950000004
2026-01-09T13:39:57.000000,9.875599999986456,-3628.8755499999916,-3618.999950000003
2026-01-09T13:42:37.000000,9.875599999986456,-3640.548299999992,-3630.6727000000037
2026-01-09T13:42:42.000000,9.875599999986456,-3657.217799999992,-3647.3422000000037
2026-01-09T13:43:02.000000,9.875599999986456,-3663.893799999992,-3654.0182000000036
2026-01-09T13:44:07.000000,9.875599999986456,-3684.425349999992,-3674.5497500000033
2026-01-09T13:54:03.000000,9.875599999986456,-3676.141349999992,-3666.2657500000037
2026-01-09T13:54:23.000000,9.875599999986456,-3659.856149999993,-3649.9805500000043
2026-01-09T13:56:57.000000,25.896799999985944,-3659.856149999993,-3633.9593500000046
2026-01-09T14:07:02.000000,25.896799999985944,-3699.5025499999933,-3673.605750000005
2026-01-09T14:10:32.000000,25.896799999985944,-3686.1715499999937,-3660.2747500000055
2026-01-09T14:10:52.000000,25.896799999985944,-3682.166549999994,-3656.269750000006
2026-01-09T14:34:42.000000,25.896799999985944,-3689.654549999994,-3663.7577500000057
2026-01-09T14:43:07.000000,25.896799999985944,-3736.148399999994,-3710.251600000006
2026-01-09T14:45:02.000000,25.896799999985944,-3734.034899999994,-3708.138100000006
2026-01-12T09:57:22.000000,25.896799999985944,-3790.0340999999953,-3764.137300000007
2026-01-12T09:57:37.000000,25.896799999985944,-3836.7040999999963,-3810.807300000008
2026-01-12T09:58:32.000000,25.896799999985944,-3724.654099999996,-3698.757300000008
2026-01-12T09:59:07.000000,25.896799999985944,-3741.3595999999957,-3715.4628000000075
2026-01-12T09:59:37.000000,25.896799999985944,-3803.055849999997,-3777.159050000009
2026-01-12T10:02:47.000000,25.896799999985944,-3780.9113499999976,-3755.0145500000094
2026-01-12T10:02:52.000000,25.896799999985944,-3758.766849999998,-3732.87005000001
2026-01-12T10:05:12.000000,25.896799999985944,-3766.254849999998,-3740.35805000001
2026-01-12T10:17:22.000000,25.896799999985944,-3755.682549999998,-3729.78575000001
2026-01-12T10:20:12.000000,25.896799999985944,-3703.605549999998,-3677.70875000001
2026-01-12T10:20:37.000000,25.896799999985944,-3698.1331999999984,-3672.2364000000102
2026-01-12T10:21:27.000000,25.896799999985944,-3691.0629499999986,-3665.1661500000105
2026-01-12T10:21:57.000000,25.896799999985944,-3683.992699999999,-3658.0959000000107
2026-01-12T10:22:42.000000,25.896799999985944,-3661.908199999998,-3636.01140000001
2026-01-12T10:26:17.000000,25.896799999985944,-3633.544399999999,-3607.6476000000107
2026-01-12T10:27:07.000000,25.896799999985944,-3551.4268999999995,-3525.5301000000113
2026-01-12T10:27:32.000000,25.896799999985944,-3574.994099999999,-3549.097300000011
2026-01-12T10:29:07.000000,25.896799999985944,-3598.5612999999985,-3572.6645000000103
2026-01-12T10:29:22.000000,25.896799999985944,-3622.128499999998,-3596.23170000001
2026-01-12T10:30:02.000000,25.896799999985944,-3645.6956999999975,-3619.7989000000093
2026-01-12T10:31:37.000000,25.896799999985944,-3653.2604999999976,-3627.3637000000094
2026-01-12T10:33:57.000000,5.93019999998549,-3653.2604999999976,-3647.33030000001
2026-01-12T10:34:22.000000,-18.037000000014167,-3653.2604999999976,-3671.2975000000097
2026-01-12T10:35:12.000000,-18.037000000014167,-3660.8252999999977,-3678.86230000001
2026-01-12T10:35:22.000000,-18.037000000014167,-3668.390099999998,-3686.42710000001
2026-01-12T10:35:32.000000,-18.037000000014167,-3675.954899999998,-3693.99190000001
2026-01-12T10:36:27.000000,-61.938400000015534,-3675.954899999998,-3737.8933000000115
2026-01-12T10:36:42.000000,-77.88840000001537,-3675.954899999998,-3753.8433000000114
2026-01-12T10:37:02.000000,-109.17600000001485,-3675.954899999998,-3785.130900000011
2026-01-12T10:37:07.000000,-140.46840000001436,-3675.954899999998,-3816.4233000000104
2026-01-12T10:38:47.000000,-140.46840000001436,-3699.5092999999974,-3839.97770000001
2026-01-12T10:39:22.000000,-188.41040000001493,-3699.5092999999974,-3887.9197000000104
2026-01-12T10:39:42.000000,-188.41040000001493,-3723.063699999997,-3911.47410000001
2026-01-12T10:42:37.000000,-216.34620000001522,-3723.063699999997,-3939.40990000001
2026-01-12T10:46:02.000000,-216.34620000001522,-3900.001199999997,-4116.34740000001
2026-01-12T10:46:37.000000,-216.34620000001522,-3961.9974499999985,-4178.343650000011
2026-01-12T10:46:42.000000,-216.34620000001522,-4008.987449999998,-4225.33365000001
2026-01-12T10:46:47.000000,-216.34620000001522,-4065.9789499999965,-4282.325150000009
2026-01-12T10:46:52.000000,-216.34620000001522,-4117.961699999996,-4334.307900000009
2026-01-12T10:47:12.000000,-223.84460000001522,-4117.961699999996,-4341.806300000009
2026-01-12T10:48:42.000000,-223.84460000001522,-4060.031949999997,-4283.87655000001
2026-01-12T10:49:07.000000,-223.84460000001522,-3942.105199999997,-4165.94980000001
2026-01-12T10:49:12.000000,-223.84460000001522,-3824.174449999997,-4048.0190500000103
2026-01-12T10:51:07.000000,-223.84460000001522,-3741.2009499999967,-3965.0455500000103
2026-01-12T10:52:22.000000,-247.3990000000149,-3741.2009499999967,-3988.59995000001
2026-01-12T10:53:32.000000,-270.95340000001454,-3741.2009499999967,-4012.1543500000093
2026-01-12T10:54:17.000000,-294.5078000000142,-3741.2009499999967,-4035.708750000009
2026-01-12T10:54:27.000000,-318.06220000001383,-3741.2009499999967,-4059.2631500000084
2026-01-12T10:54:52.000000,-341.6166000000135,-3741.2009499999967,-4082.817550000008
2026-01-12T10:54:57.000000,-365.1710000000131,-3741.2009499999967,-4106.371950000008
2026-01-12T10:55:12.000000,-372.7358000000131,-3741.2009499999967,-4113.936750000008
2026-01-12T10:55:57.000000,-372.7358000000131,-3748.751349999997,-4121.487150000008
2026-01-12T10:56:07.000000,-380.3006000000131,-3748.751349999997,-4129.051950000008
2026-01-12T10:58:12.000000,-380.3006000000131,-3769.2932999999966,-4149.593900000008
2026-01-12T11:04:47.000000,-380.3006000000131,-3792.860499999996,-4173.1611000000075
2026-01-12T11:05:12.000000,-380.3006000000131,-3816.4276999999956,-4196.728300000007
2026-01-12T11:10:17.000000,-338.9708500000129,-3816.4276999999956,-4155.398550000007
2026-01-12T11:12:07.000000,-338.9708500000129,-3818.5269499999968,-4157.497800000008
2026-01-12T11:13:02.000000,-338.9708500000129,-3755.6644499999966,-4094.635300000008
2026-01-12T11:13:07.000000,-338.9708500000129,-3687.805199999997,-4026.7760500000086
2026-01-12T11:13:27.000000,-338.9708500000129,-3594.9661999999976,-3933.937050000009
2026-01-12T11:13:32.000000,-338.9708500000129,-3492.129699999998,-3831.1005500000097
2026-01-12T11:13:37.000000,-338.9708500000129,-3394.2899499999976,-3733.260800000009
2026-01-12T11:13:42.000000,-338.9708500000129,-3296.450199999997,-3635.4210500000086
2026-01-12T11:13:47.000000,-338.9708500000129,-3218.597449999996,-3557.5683000000076
2026-01-12T11:13:47.000000,-338.9708500000129,-3242.1646499999956,-3581.135500000007
2026-01-12T11:13:57.000000,-338.9708500000129,-3154.3143999999947,-3493.2852500000063
2026-01-12T11:14:12.000000,-338.9708500000129,-3096.4446499999935,-3435.415500000005
2026-01-12T11:14:12.000000,-338.9708500000129,-3120.011849999993,-3458.9827000000046
2026-01-12T11:16:22.000000,-338.9708500000129,-3107.1208499999934,-3446.091700000005
2026-01-12T11:18:07.000000,-338.9708500000129,-3130.688049999993,-3469.6589000000045
2026-01-12T11:18:22.000000,-338.9708500000129,-3154.2552499999924,-3493.226100000004
2026-01-12T11:21:37.000000,-338.9708500000129,-3177.822449999992,-3516.7933000000035
2026-01-12T11:22:57.000000,-338.9708500000129,-3201.3896499999914,-3540.360500000003
2026-01-12T11:23:12.000000,-338.9708500000129,-3191.1269499999917,-3530.097800000003
2026-01-12T11:23:17.000000,-338.9708500000129,-3189.865599999992,-3528.8364500000034
2026-01-12T11:23:37.000000,-338.9708500000129,-3213.4327999999914,-3552.403650000003
2026-01-12T11:23:52.000000,-338.9708500000129,-3259.9994499999907,-3598.970300000002
2026-01-12T11:24:02.000000,-338.9708500000129,-3283.56664999999,-3622.5375000000017
2026-01-12T11:24:17.000000,-338.9708500000129,-3307.1338499999897,-3646.1047000000012
2026-01-12T11:26:02.000000,-338.9708500000129,-3307.11344999999,-3646.0843000000013
2026-01-12T11:26:17.000000,-338.9708500000129,-3353.71129999999,-3692.6821500000015
2026-01-12T11:26:42.000000,-338.9708500000129,-3413.30069999999,-3752.2715500000013
2026-01-12T11:28:57.000000,-338.9708500000129,-3436.8678999999893,-3775.838750000001
2026-01-12T11:29:37.000000,-338.9708500000129,-3456.124099999988,-3795.0949499999997
2026-01-12T11:29:52.000000,-338.9708500000129,-3471.379699999988,-3810.3505499999997
2026-01-12T11:30:02.000000,-338.9708500000129,-3510.626099999989,-3849.5969500000006
2026-01-12T13:01:22.000000,-338.9708500000129,-3534.1932999999885,-3873.16415
2026-01-12T13:01:37.000000,-338.9708500000129,-3541.7708999999886,-3880.74175
2026-01-12T13:02:17.000000,-346.9436500000129,-3541.7708999999886,-3888.71455
2026-01-12T13:05:27.000000,-346.9436500000129,-3536.3921499999888,-3883.3358000000003
2026-01-12T13:05:42.000000,-346.9436500000129,-3543.969749999989,-3890.9134000000004
2026-01-12T13:06:07.000000,-346.9436500000129,-3567.5369499999883,-3914.4806
2026-01-12T13:07:52.000000,-346.9436500000129,-3575.2289499999883,-3922.1726
2026-01-12T13:10:37.000000,-346.9436500000129,-3569.8293999999873,-3916.773049999999
2026-01-12T13:10:47.000000,-346.9436500000129,-3532.5266499999884,-3879.4703
2026-01-12T13:11:27.000000,-346.9436500000129,-3510.214149999989,-3857.1578000000004
2026-01-12T13:12:02.000000,-346.9436500000129,-3487.9016499999893,-3834.845300000001
2026-01-12T13:12:17.000000,-346.9436500000129,-3465.58914999999,-3812.5328000000013
2026-01-12T13:12:22.000000,-346.9436500000129,-3443.2766499999902,-3790.2203000000018
2026-01-12T13:12:27.000000,-346.9436500000129,-3420.9641499999907,-3767.907800000002
2026-01-12T13:12:37.000000,-346.9436500000129,-3398.651649999991,-3745.5953000000027
2026-01-12T13:13:02.000000,-346.9436500000129,-3376.3271499999905,-3723.270800000002
2026-01-12T13:15:02.000000,-346.9436500000129,-3399.919949999992,-3746.8636000000033
2026-01-12T13:16:07.000000,-346.9436500000129,-3407.510349999992,-3754.4540000000034
2026-01-12T13:16:22.000000,-346.9436500000129,-3386.9597499999913,-3733.903400000003
2026-01-12T13:16:22.000000,-346.9436500000129,-3359.413699999991,-3706.3573500000025
2026-01-12T13:17:12.000000,-346.9436500000129,-3383.0064999999922,-3729.9501500000038
2026-01-12T13:17:27.000000,-346.9436500000129,-3406.5992999999935,-3753.542950000005
2026-01-12T13:19:38.000000,-346.9436500000129,-3414.5032999999935,-3761.446950000005
2026-01-12T13:19:52.000000,-346.9436500000129,-3438.0960999999947,-3785.0397500000063
2026-01-12T13:20:57.000000,-346.9436500000129,-3457.7106999999946,-3804.654350000006
2026-01-12T13:23:31.000000,-330.85525000001127,-3457.7106999999946,-3788.5659500000047
2026-01-12T13:25:57.000000,-330.85525000001127,-3481.303499999996,-3812.158750000006
2026-01-12T13:27:47.000000,-330.85525000001127,-3504.896299999997,-3835.7515500000072
2026-01-12T13:28:12.000000,-330.85525000001127,-3528.4890999999984,-3859.3443500000085
2026-01-12T13:29:12.000000,-324.2731500000116,-3528.4890999999984,-3852.762250000009
2026-01-12T13:32:17.000000,-324.2731500000116,-3508.4752999999996,-3832.74845000001
2026-01-12T13:32:27.000000,-324.2731500000116,-3480.4635,-3804.7366500000103
2026-01-12T13:32:47.000000,-324.2731500000116,-3452.4517,-3776.7248500000105
2026-01-12T13:32:47.000000,-324.2731500000116,-3473.02485,-3797.2980000000102
2026-01-12T13:32:52.000000,-324.2731500000116,-3453.011050000001,-3777.2842000000114
2026-01-12T13:32:57.000000,-324.2731500000116,-3432.997250000002,-3757.2704000000126
2026-01-12T13:33:07.000000,-324.2731500000116,-3416.9840500000028,-3741.257200000013
2026-01-12T13:33:27.000000,-324.2731500000116,-3437.5572000000025,-3761.830350000013
2026-01-12T13:33:32.000000,-324.2731500000116,-3458.130350000002,-3782.4035000000126
2026-01-12T13:37:42.000000,-324.2731500000116,-3465.701550000002,-3789.9747000000125
2026-01-12T13:38:02.000000,-324.2731500000116,-3473.272750000002,-3797.5459000000124
2026-01-12T13:48:12.000000,-324.2731500000116,-3480.863150000002,-3805.1363000000124
2026-01-12T14:05:07.000000,-324.2731500000116,-3504.468750000002,-3828.7419000000123
2026-01-12T14:07:12.000000,-324.2731500000116,-3528.0743500000017,-3852.347500000012
2026-01-12T14:07:32.000000,-324.2731500000116,-3551.6799500000016,-3875.953100000012
2026-01-12T14:08:27.000000,-324.2731500000116,-3572.242700000001,-3896.5158500000116
2026-01-12T14:08:42.000000,-324.2731500000116,-3595.848300000001,-3920.1214500000115
2026-01-12T14:08:57.000000,-324.2731500000116,-3619.453900000001,-3943.7270500000113
2026-01-12T14:09:17.000000,-324.2731500000116,-3643.0595000000008,-3967.332650000011
2026-01-12T14:09:22.000000,-324.2731500000116,-3666.6651000000006,-3990.938250000011
2026-01-12T14:09:42.000000,-324.2731500000116,-3690.2707000000005,-4014.543850000011
2026-01-12T14:10:17.000000,-324.2731500000116,-3729.8786999999998,-4054.15185000001
2026-01-12T14:10:27.000000,-324.2731500000116,-3769.486699999999,-4093.7598500000095
2026-01-12T14:11:42.000000,-324.2731500000116,-3777.047499999999,-4101.32065000001
2026-01-12T14:12:02.000000,-324.2731500000116,-3814.696,-4138.96915000001
2026-01-12T14:13:57.000000,-324.2731500000116,-3854.303999999999,-4178.577150000009
2026-01-12T14:15:17.000000,-324.2731500000116,-3877.922399999999,-4202.195550000009
2026-01-12T14:15:27.000000,-324.2731500000116,-3901.540799999999,-4225.813950000008
2026-01-12T14:17:27.000000,-324.2731500000116,-3925.1591999999987,-4249.432350000007
2026-01-12T14:17:42.000000,-324.2731500000116,-3948.7775999999985,-4273.050750000007
2026-01-12T14:18:07.000000,-324.2731500000116,-3972.3959999999984,-4296.669150000006
2026-01-12T14:18:57.000000,-324.2731500000116,-3996.014399999998,-4320.2875500000055
2026-01-12T14:19:02.000000,-324.2731500000116,-4019.632799999998,-4343.905950000005
2026-01-12T14:19:12.000000,-324.2731500000116,-4027.248799999998,-4351.521950000005
2026-01-12T14:21:27.000000,-331.83395000001155,-4027.248799999998,-4359.082750000005
2026-01-12T14:23:57.000000,-331.83395000001155,-4050.867199999998,-4382.701150000004
2026-01-12T14:26:32.000000,-331.83395000001155,-4071.4299499999975,-4403.2639000000045
2026-01-12T14:32:32.000000,-331.83395000001155,-4093.176849999997,-4425.010800000005
2026-01-12T14:32:42.000000,-331.83395000001155,-4114.929349999997,-4446.763300000004
2026-01-12T14:33:17.000000,-331.83395000001155,-4143.677299999997,-4475.511250000004
2026-01-12T14:34:07.000000,-331.83395000001155,-4172.425249999997,-4504.259200000004
2026-01-12T14:34:17.000000,-331.83395000001155,-4194.177749999996,-4526.011700000004
2026-01-12T14:34:22.000000,-331.83395000001155,-4215.930249999996,-4547.764200000003
2026-01-12T14:34:32.000000,-331.83395000001155,-4244.678199999996,-4576.512150000003
2026-01-12T14:38:57.000000,-331.83395000001155,-4268.296599999995,-4600.130550000003
2026-01-12T14:39:57.000000,-331.83395000001155,-4290.054699999996,-4621.8886500000035
2026-01-12T14:40:12.000000,-331.83395000001155,-4304.8173499999975,-4636.651300000005
2026-01-12T14:40:37.000000,-331.83395000001155,-4326.581049999999,-4658.415000000006
2026-01-12T14:41:52.000000,-331.83395000001155,-4348.34475,-4680.178700000008
2026-01-12T14:45:02.000000,-331.83395000001155,-4355.9159500000005,-4687.749900000008
2026-01-12T14:45:02.000000,-331.83395000001155,-4363.487150000001,-4695.321100000008
2026-01-13T09:53:22.000000,-331.83395000001155,-4301.0814500000015,-4632.915400000009
2026-01-13T09:53:32.000000,-331.83395000001155,-4252.666650000001,-4584.5006000000085
2026-01-13T10:02:17.000000,-315.72475000001066,-4252.666650000001,-4568.391400000008
2026-01-13T10:02:22.000000,-299.61555000000976,-4252.666650000001,-4552.282200000007
2026-01-13T10:15:47.000000,-349.20425000000887,-4252.666650000001,-4601.870900000006
2026-01-13T10:20:27.000000,-406.20375000000956,-4252.666650000001,-4658.870400000007
2026-01-13T10:20:42.000000,-493.1797500000096,-4252.666650000001,-4745.846400000007
2026-01-13T10:20:47.000000,-585.1525000000087,-4252.666650000001,-4837.819150000006
2026-01-13T10:20:57.000000,-672.1285000000088,-4252.666650000001,-4924.795150000005
2026-01-13T10:21:02.000000,-759.1045000000089,-4252.666650000001,-5011.771150000005
2026-01-13T10:21:17.000000,-841.0877500000099,-4252.666650000001,-5093.754400000006
2026-01-13T10:21:22.000000,-923.0750000000093,-4252.666650000001,-5175.741650000005
2026-01-13T10:24:07.000000,-955.0667500000096,-4252.666650000001,-5207.7334000000055
2026-01-13T10:24:17.000000,-992.0592500000107,-4252.666650000001,-5244.725900000007
2026-01-13T10:24:32.000000,-1019.0582500000103,-4252.666650000001,-5271.7249000000065
2026-01-13T10:24:37.000000,-1056.0507500000115,-4252.666650000001,-5308.717400000008
2026-01-13T10:24:42.000000,-1093.0472500000108,-4252.666650000001,-5345.713900000007
2026-01-13T10:25:07.000000,-1024.9142500000103,-4252.666650000001,-5277.580900000006
2026-01-13T10:26:12.000000,-1051.8772500000098,-4252.666650000001,-5304.543900000006
2026-01-13T10:26:17.000000,-1093.83450000001,-4252.666650000001,-5346.501150000006
2026-01-13T10:26:22.000000,-1135.78775000001,-4252.666650000001,-5388.454400000007
2026-01-13T10:26:42.000000,-1115.3267500000093,-4252.666650000001,-5367.993400000007
2026-01-13T10:30:14.000000,-1115.3267500000093,-4260.227450000001,-5375.554200000007
2026-01-13T10:31:52.000000,-1115.3267500000093,-4235.953850000002,-5351.280600000007
2026-01-13T10:31:54.000000,-1115.3267500000093,-4230.512700000001,-5345.839450000007
2026-01-13T10:34:04.000000,-1115.3267500000093,-4186.076100000001,-5301.402850000007
2026-01-13T10:36:42.000000,-1098.5279500000097,-4186.076100000001,-5284.604050000007
2026-01-13T10:37:07.000000,-1045.7381500000088,-4186.076100000001,-5231.814250000007
2026-01-13T10:37:27.000000,-980.9465500000082,-4186.076100000001,-5167.022650000006
2026-01-13T10:37:37.000000,-904.1627500000078,-4186.076100000001,-5090.238850000006
2026-01-13T10:37:42.000000,-821.3828500000076,-4186.076100000001,-5007.458950000006
2026-01-13T10:37:52.000000,-732.6116500000076,-4186.076100000001,-4918.6877500000055
2026-01-13T10:38:12.000000,-643.8452500000075,-4186.076100000001,-4829.921350000005
2026-01-13T10:38:12.000000,-666.031500000008,-4186.076100000001,-4852.107600000006
2026-01-13T10:38:22.000000,-678.216250000007,-4186.076100000001,-4864.292350000005
2026-01-13T10:38:27.000000,-601.4372500000067,-4186.076100000001,-4787.513350000005
2026-01-13T10:38:47.000000,-608.6252500000066,-4186.076100000001,-4794.701350000005
2026-01-13T10:38:57.000000,-605.5317500000068,-4186.076100000001,-4791.607850000005
2026-01-13T10:39:07.000000,-612.7117500000068,-4186.076100000001,-4798.787850000005
2026-01-13T10:43:12.000000,-613.225900000007,-4186.076100000001,-4799.302000000005
2026-01-13T10:44:12.000000,-613.225900000007,-4241.968100000002,-4855.194000000006
2026-01-13T10:46:22.000000,-620.729900000007,-4241.968100000002,-4862.698000000006
2026-01-13T10:46:37.000000,-642.2304000000066,-4241.968100000002,-4884.198500000006
2026-01-13T10:51:57.000000,-642.2304000000066,-4268.9351000000015,-4911.1655000000055
2026-01-13T10:53:57.000000,-642.2304000000066,-4258.242800000002,-4900.473200000006
2026-01-13T10:54:47.000000,-642.2304000000066,-4229.552600000002,-4871.783000000006
2026-01-13T10:55:22.000000,-642.2304000000066,-4176.863600000002,-4819.094000000006
2026-01-13T10:55:42.000000,-642.2304000000066,-4124.165000000003,-4766.395400000007
2026-01-13T10:55:47.000000,-642.2304000000066,-4071.466400000003,-4713.696800000007
2026-01-13T11:00:07.000000,-642.2304000000066,-4114.367650000004,-4756.598050000008
2026-01-13T11:11:52.000000,-642.2304000000066,-4161.313650000003,-4803.544050000007
2026-01-13T11:14:42.000000,-642.2304000000066,-4185.582750000003,-4827.813150000007
2026-01-13T11:17:27.000000,-642.2304000000066,-4232.548750000003,-4874.779150000007
2026-01-13T11:17:32.000000,-642.2304000000066,-4279.514750000002,-4921.745150000006
2026-01-13T11:20:37.000000,-642.2304000000066,-4245.460450000001,-4887.690850000005
2026-01-13T11:20:57.000000,-642.2304000000066,-4210.846150000001,-4853.076550000005
2026-01-13T11:21:52.000000,-642.2304000000066,-4176.37185,-4818.6022500000045
2026-01-13T11:22:02.000000,-642.2304000000066,-4155.888450000001,-4798.118850000005
2026-01-13T11:22:12.000000,-642.2304000000066,-4128.409600000002,-4770.640000000006
2026-01-13T11:23:02.000000,-642.2304000000066,-4120.955350000002,-4763.185750000006
2026-01-13T11:23:52.000000,-642.2304000000066,-4057.9528500000015,-4700.1832500000055
2026-01-13T11:24:47.000000,-642.2304000000066,-3915.3751500000017,-4557.605550000006
2026-01-13T11:24:47.000000,-642.2304000000066,-3796.781850000001,-4439.012250000005
2026-01-13T11:24:47.000000,-642.2304000000066,-3684.1846500000006,-4326.415050000004
2026-01-13T11:24:47.000000,-642.2304000000066,-3571.58745,-4213.817850000003
2026-01-13T11:24:52.000000,-642.2304000000066,-3470.987249999999,-4113.217650000002
2026-01-13T11:26:12.000000,-642.2304000000066,-3382.38405,-4024.614450000003
2026-01-13T11:26:12.000000,-642.2304000000066,-3311.7691500000005,-3953.9995500000036
2026-01-13T13:00:22.000000,-629.155400000007,-3311.7691500000005,-3940.9245500000043
2026-01-13T13:00:27.000000,-616.0804000000074,-3311.7691500000005,-3927.849550000005
2026-01-13T13:14:02.000000,-616.0804000000074,-3283.5613500000013,-3899.6417500000057
2026-01-13T13:15:29.000000,-616.0804000000074,-3278.0786000000003,-3894.1590000000047
2026-01-13T13:15:44.000000,-616.0804000000074,-3272.5958499999992,-3888.6762500000036
2026-01-13T13:18:27.000000,-631.3968000000073,-3272.5958499999992,-3903.9926500000033
2026-01-13T13:20:04.000000,-631.3968000000073,-3280.1046499999993,-3911.5014500000034
2026-01-13T13:20:39.000000,-631.3968000000073,-3300.604999999999,-3932.001800000003
2026-01-13T13:21:19.000000,-631.3968000000073,-3308.103399999999,-3939.500200000003
2026-01-13T13:22:09.000000,-631.3968000000073,-3328.603749999999,-3960.000550000003
2026-01-13T13:25:22.000000,-701.7534500000072,-3328.603749999999,-4030.3572000000026
2026-01-13T13:25:44.000000,-701.7534500000072,-3349.1040999999987,-4050.8575500000024
2026-01-13T13:25:49.000000,-701.7534500000072,-3356.6024999999986,-4058.3559500000024
2026-01-13T13:26:37.000000,-688.6104500000058,-3356.6024999999986,-4045.212950000001
2026-01-13T13:27:12.000000,-665.4619500000065,-3356.6024999999986,-4022.0644500000017
2026-01-13T13:27:27.000000,-647.3062000000061,-3356.6024999999986,-4003.9087000000013
2026-01-13T13:27:32.000000,-629.1504500000058,-3356.6024999999986,-3985.752950000001
2026-01-13T13:27:32.000000,-615.5281000000062,-3356.6024999999986,-3972.1306000000013
2026-01-13T13:31:09.000000,-615.5281000000062,-3390.094399999998,-4005.622500000001
2026-01-13T13:33:37.000000,-555.5147000000055,-3390.094399999998,-3945.6091
2026-01-13T13:36:22.000000,-555.5147000000055,-3376.9553999999985,-3932.4701000000005
2026-01-13T13:36:47.000000,-555.5147000000055,-3384.5841999999984,-3940.0989000000004
2026-01-13T13:37:49.000000,-555.5147000000055,-3392.0825999999984,-3947.5973000000004
2026-01-13T13:51:32.000000,-555.5147000000055,-3424.2623499999986,-3979.7770500000006
2026-01-13T13:51:47.000000,-555.5147000000055,-3456.442099999999,-4011.956800000001
2026-01-13T13:51:57.000000,-555.5147000000055,-3473.6195999999986,-4029.1343000000006
2026-01-13T13:52:17.000000,-570.0029500000054,-3473.6195999999986,-4043.6225500000005
2026-01-13T13:56:42.000000,-570.0029500000054,-3524.8975499999992,-4094.900500000001
2026-01-13T13:56:47.000000,-570.0029500000054,-3579.1759499999994,-4149.178900000001
2026-01-13T14:02:57.000000,-570.0029500000054,-3447.522449999999,-4017.5254000000004
2026-01-13T14:04:17.000000,-570.0029500000054,-3409.4076999999993,-3979.4106500000007
2026-01-13T14:06:47.000000,-612.4338000000059,-3409.4076999999993,-4021.8415000000014
2026-01-13T14:07:57.000000,-619.859400000006,-3409.4076999999993,-4029.2671000000014
2026-01-13T14:08:17.000000,-661.6926500000061,-3409.4076999999993,-4071.1003500000015
2026-01-13T14:08:27.000000,-697.1112500000067,-3409.4076999999993,-4106.518950000002
2026-01-13T14:08:37.000000,-733.9477500000061,-3409.4076999999993,-4143.355450000002
2026-01-13T14:17:44.000000,-733.9477500000061,-3429.897649999999,-4163.845400000002
2026-01-13T14:23:04.000000,-733.9477500000061,-3437.385649999999,-4171.333400000002
2026-01-13T14:23:09.000000,-733.9477500000061,-3444.8736499999986,-4178.8214000000025
2026-01-13T14:23:22.000000,-733.9477500000061,-3484.5584499999995,-4218.506200000003
2026-01-13T14:28:37.000000,-733.9477500000061,-3492.3200499999994,-4226.267800000003
2026-01-13T14:40:59.000000,-733.9477500000061,-3499.7976499999995,-4233.745400000003
2026-01-13T14:41:44.000000,-733.9477500000061,-3507.2752499999997,-4241.223000000004
2026-01-13T14:42:12.000000,-733.9477500000061,-3921.5644500000008,-4655.512200000005
2026-01-13T14:42:12.000000,-733.9477500000061,-4326.859500000001,-5060.807250000005
2026-01-13T14:42:12.000000,-733.9477500000061,-4714.166250000002,-5448.114000000006
2026-01-13T14:42:12.000000,-733.9477500000061,-5089.480800000002,-5823.428550000006
2026-01-13T14:42:12.000000,-733.9477500000061,-5293.906500000002,-6027.854250000006
2026-01-13T14:42:12.000000,-733.9477500000061,-5549.299050000002,-6283.246800000006
2026-01-13T14:42:12.000000,-733.9477500000061,-5780.707200000003,-6514.6549500000065
2026-01-13T14:42:12.000000,-733.9477500000061,-6030.103650000004,-6764.051400000008
2026-01-13T14:42:12.000000,-733.9477500000061,-6042.654150000005,-6776.601900000009
2026-01-13T14:42:12.000000,-733.9477500000061,-6037.216350000005,-6771.164100000009
2026-01-13T14:42:12.000000,-733.9477500000061,-6025.782450000005,-6759.730200000009
2026-01-13T14:42:12.000000,-733.9477500000061,-6014.348550000005,-6748.296300000009
2026-01-13T14:42:24.000000,-733.9477500000061,-6008.824200000005,-6742.7719500000085
2026-01-13T14:44:22.000000,-764.6329500000066,-6008.824200000005,-6773.457150000009
2026-01-13T14:44:57.000000,-776.3857000000074,-6008.824200000005,-6785.20990000001
2026-01-13T15:00:00.000000,-776.3857000000074,-6015.393000000005,-6791.77870000001
2026-01-13T15:00:00.000000,-776.3857000000074,-6021.961800000005,-6798.34750000001
2026-01-14T10:03:27.000000,-776.3857000000074,-5950.941300000005,-6727.32700000001
2026-01-14T10:21:02.000000,-776.3857000000074,-5958.491700000005,-6734.87740000001
2026-01-14T10:22:47.000000,-776.3857000000074,-6056.113200000006,-6832.498900000011
2026-01-14T10:24:02.000000,-776.3857000000074,-6050.661650000006,-6827.047350000012
2026-01-14T10:26:32.000000,-776.3857000000074,-6013.346900000006,-6789.732600000011
2026-01-14T10:27:17.000000,-776.3857000000074,-6101.417450000005,-6877.803150000011
2026-01-14T10:27:27.000000,-776.3857000000074,-6201.480200000005,-6977.865900000011
2026-01-14T10:27:42.000000,-776.3857000000074,-6292.563200000006,-7068.948900000011
2026-01-14T10:27:47.000000,-776.3857000000074,-6386.649050000006,-7163.034750000012
2026-01-14T10:29:22.000000,-776.3857000000074,-6318.806600000006,-7095.1923000000115
2026-01-14T10:30:12.000000,-776.3857000000074,-6223.931300000007,-7000.317000000012
2026-01-14T10:33:02.000000,-776.3857000000074,-6235.768050000007,-7012.153750000012
2026-01-14T10:33:07.000000,-776.3857000000074,-6271.718650000008,-7048.104350000013
2026-01-14T10:33:22.000000,-776.3857000000074,-6283.547400000009,-7059.933100000014
2026-01-14T10:34:07.000000,-776.3857000000074,-6290.379400000009,-7066.765100000014
2026-01-14T10:38:07.000000,-776.3857000000074,-6307.099150000009,-7083.484850000014
2026-01-14T10:38:32.000000,-776.3857000000074,-6319.50790000001,-7095.893600000015
2026-01-14T10:39:12.000000,-776.3857000000074,-6314.37010000001,-7090.755800000015
2026-01-14T10:42:27.000000,-739.8799000000076,-6314.37010000001,-7054.2500000000155
2026-01-14T10:47:27.000000,-739.8799000000076,-6334.91205000001,-7074.791950000015
2026-01-14T10:49:42.000000,-739.8799000000076,-6293.71670000001,-7033.596600000015
2026-01-14T10:49:42.000000,-739.8799000000076,-6286.382450000009,-7026.2623500000145
2026-01-14T10:50:42.000000,-768.7958500000071,-6286.382450000009,-7055.178300000014
2026-01-14T10:50:47.000000,-818.7037500000075,-6286.382450000009,-7105.086200000014
2026-01-14T10:50:52.000000,-861.605000000008,-6286.382450000009,-7147.987450000015
2026-01-14T10:50:57.000000,-904.5062500000084,-6286.382450000009,-7190.888700000016
2026-01-14T10:56:27.000000,-835.4411000000089,-6286.382450000009,-7121.823550000016
2026-01-14T10:58:37.000000,-787.3567000000088,-6286.382450000009,-7073.739150000017
2026-01-14T10:59:22.000000,-787.3567000000088,-6301.167500000009,-7088.524200000016
2026-01-14T11:11:58.000000,-787.3567000000088,-6338.932000000008,-7126.2887000000155
2026-01-14T11:20:07.000000,-787.3567000000088,-6359.505150000008,-7146.861850000016
2026-01-14T11:20:12.000000,-787.3567000000088,-6380.078300000008,-7167.435000000016
2026-01-14T11:23:02.000000,-787.3567000000088,-6413.643000000007,-7200.999700000015
2026-01-14T13:01:22.000000,-787.3567000000088,-6356.2044500000075,-7143.561150000015
2026-01-14T13:02:32.000000,-846.8877000000084,-6356.2044500000075,-7203.092150000015
2026-01-14T13:02:42.000000,-931.6496500000093,-6356.2044500000075,-7287.854100000016
2026-01-14T13:02:47.000000,-1002.4151000000091,-6356.2044500000075,-7358.619550000016
2026-01-14T13:02:52.000000,-1073.191750000009,-6356.2044500000075,-7429.396200000016
2026-01-14T13:02:57.000000,-1143.9628000000102,-6356.2044500000075,-7500.167250000017
2026-01-14T13:04:27.000000,-1143.9628000000102,-6218.746700000008,-7362.709500000017
2026-01-14T13:04:47.000000,-1143.9628000000102,-6071.299450000007,-7215.262250000016
2026-01-14T13:06:42.000000,-1158.6358500000101,-6071.299450000007,-7229.935300000016
2026-01-14T13:07:47.000000,-1230.3416000000095,-6071.299450000007,-7301.641050000015
2026-01-14T13:07:52.000000,-1307.0441000000098,-6071.299450000007,-7378.343550000015
2026-01-14T13:07:57.000000,-1388.7433500000109,-6071.299450000007,-7460.0428000000165
2026-01-14T13:08:02.000000,-1465.441850000011,-6071.299450000007,-7536.741300000017
2026-01-14T13:10:02.000000,-1465.441850000011,-6003.744200000007,-7469.1860500000175
2026-01-14T13:10:07.000000,-1465.441850000011,-5946.174450000006,-7411.616300000016
2026-01-14T13:11:32.000000,-1465.441850000011,-5937.7880500000065,-7403.229900000017
2026-01-14T13:11:37.000000,-1465.441850000011,-5945.4040500000065,-7410.845900000017
2026-01-14T13:11:47.000000,-1465.441850000011,-5940.823050000005,-7406.264900000016
2026-01-14T13:12:17.000000,-1497.1416000000097,-5940.823050000005,-7437.964650000014
2026-01-14T13:12:22.000000,-1497.1416000000097,-5936.242050000004,-7433.383650000013
2026-01-14T13:12:27.000000,-1495.0642500000095,-5936.242050000004,-7431.306300000013
2026-01-14T13:12:37.000000,-1521.759250000009,-5936.242050000004,-7458.001300000013
2026-01-14T13:12:42.000000,-1558.4477500000082,-5936.242050000004,-7494.689800000012
2026-01-14T13:12:57.000000,-1585.1307500000096,-5936.242050000004,-7521.372800000013
2026-01-14T13:12:57.000000,-1564.7761500000101,-5936.242050000004,-7501.018200000013
2026-01-14T13:13:02.000000,-1576.9889000000092,-5936.242050000004,-7513.230950000012
2026-01-14T13:13:07.000000,-1608.6646500000095,-5936.242050000004,-7544.906700000012
2026-01-14T13:13:12.000000,-1630.87490000001,-5936.242050000004,-7567.116950000013
2026-01-14T13:13:17.000000,-1596.5238000000097,-5936.242050000004,-7532.7658500000125
2026-01-14T13:13:42.000000,-1623.378800000011,-5936.242050000004,-7559.620850000014
2026-01-14T13:13:47.000000,-1655.0465500000114,-5936.242050000004,-7591.288600000014
2026-01-14T13:13:57.000000,-1656.9098000000124,-5936.242050000004,-7593.151850000016
2026-01-14T13:14:02.000000,-1612.785350000013,-5936.242050000004,-7549.027400000016
2026-01-14T13:14:07.000000,-1583.6583500000127,-5936.242050000004,-7519.900400000016
2026-01-14T13:14:07.000000,-1585.5216000000137,-5936.242050000004,-7521.763650000017
2026-01-14T13:14:07.000000,-1587.3848500000147,-5936.242050000004,-7523.626900000018
2026-01-14T13:14:17.000000,-1614.0438500000143,-5936.242050000004,-7550.285900000018
2026-01-14T13:14:22.000000,-1650.7003500000155,-5936.242050000004,-7586.942400000019
2026-01-14T13:14:22.000000,-1648.5654000000163,-5936.242050000004,-7584.807450000019
2026-01-14T13:14:27.000000,-1685.2219000000175,-5936.242050000004,-7621.46395000002
2026-01-14T13:14:32.000000,-1698.0844000000175,-5936.242050000004,-7634.3264500000205
2026-01-14T13:14:37.000000,-1749.7391500000174,-5936.242050000004,-7685.98120000002
2026-01-14T13:14:37.000000,-1761.8720500000172,-5936.242050000004,-7698.11410000002
2026-01-14T13:14:47.000000,-1818.5235500000178,-5936.242050000004,-7754.765600000021
2026-01-14T13:15:02.000000,-1818.5235500000178,-5948.634800000005,-7767.1583500000215
2026-01-14T13:18:17.000000,-1818.5235500000178,-5857.525550000006,-7676.049100000022
2026-01-14T13:18:17.000000,-1818.5235500000178,-5840.913950000006,-7659.437500000022
2026-01-14T13:19:17.000000,-1818.5235500000178,-5785.766900000005,-7604.290450000021
2026-01-14T13:19:22.000000,-1818.5235500000178,-5739.614000000005,-7558.137550000021
2026-01-14T13:19:57.000000,-1810.3829000000176,-5739.614000000005,-7549.996900000021
2026-01-14T13:20:17.000000,-1766.251250000017,-5739.614000000005,-7505.865250000021
2026-01-14T13:20:27.000000,-1756.2213500000184,-5739.614000000005,-7495.835350000022
2026-01-14T13:20:27.000000,-1691.0985500000188,-5739.614000000005,-7430.712550000023
2026-01-14T13:20:32.000000,-1616.9792000000189,-5739.614000000005,-7356.593200000023
2026-01-14T13:20:47.000000,-1552.9604000000204,-5739.614000000005,-7292.574400000025
2026-01-14T13:20:47.000000,-1463.8388000000214,-5739.614000000005,-7203.452800000026
2026-01-14T13:20:52.000000,-1393.823900000022,-5739.614000000005,-7133.437900000027
2026-01-14T13:20:52.000000,-1295.7057500000215,-5739.614000000005,-7035.319750000027
2026-01-14T13:20:57.000000,-1219.689950000021,-5739.614000000005,-6959.303950000027
2026-01-14T13:20:57.000000,-1121.5694000000208,-5739.614000000005,-6861.183400000026
2026-01-14T13:20:57.000000,-1086.9599000000205,-5739.614000000005,-6826.573900000026
2026-01-14T13:21:02.000000,-1016.9354000000211,-5739.614000000005,-6756.549400000026
2026-01-14T13:21:02.000000,-921.8081000000211,-5739.614000000005,-6661.422100000026
2026-01-14T13:21:07.000000,-811.688150000021,-5739.614000000005,-6551.302150000026
2026-01-14T13:21:12.000000,-689.568800000021,-5739.614000000005,-6429.182800000026
2026-01-14T13:21:17.000000,-561.4485500000212,-5739.614000000005,-6301.062550000026
2026-01-14T13:21:22.000000,-473.43095000002114,-5739.614000000005,-6213.044950000026
2026-01-14T13:21:22.000000,-354.3024500000206,-5739.614000000005,-6093.916450000025
2026-01-14T13:21:27.000000,-272.27615000002146,-5739.614000000005,-6011.890150000026
2026-01-14T13:21:27.000000,-147.14195000002104,-5739.614000000005,-5886.755950000025
2026-01-14T13:21:32.000000,-108.98480000002147,-5739.614000000005,-5848.598800000025
2026-01-14T13:21:32.000000,-20.962400000023507,-5739.614000000005,-5760.576400000027
2026-01-14T13:21:32.000000,104.1789999999769,-5739.614000000005,-5635.435000000027
2026-01-14T13:21:37.000000,142.33614999997647,-5739.614000000005,-5597.277850000027
2026-01-14T13:21:37.000000,230.36334999997655,-5739.614000000005,-5509.250650000026
2026-01-14T13:21:37.000000,325.52424999997754,-5739.614000000005,-5414.089750000026
2026-01-14T13:21:37.000000,378.1460499999773,-5739.614000000005,-5361.467950000026
2026-01-14T13:21:42.000000,466.1780499999774,-5739.614000000005,-5273.4359500000255
2026-01-14T13:21:42.000000,567.3422499999772,-5739.614000000005,-5172.271750000025
2026-01-14T13:21:47.000000,593.507199999977,-5739.614000000005,-5146.106800000026
2026-01-14T13:21:47.000000,669.5469999999774,-5739.614000000005,-5070.0670000000255
2026-01-14T13:21:47.000000,761.719449999978,-5739.614000000005,-4977.8945500000245
2026-01-14T13:21:52.000000,856.894749999978,-5739.614000000005,-4882.719250000025
2026-01-14T13:21:52.000000,877.4461499999782,-5739.614000000005,-4862.167850000024
2026-01-14T13:21:57.000000,975.6242999999786,-5739.614000000005,-4763.989700000024
2026-01-14T13:21:57.000000,996.1756999999786,-5739.614000000005,-4743.438300000023
2026-01-14T13:22:02.000000,1066.2289999999803,-5739.614000000005,-4673.385000000022
2026-01-14T13:22:02.000000,1164.4119499999797,-5739.614000000005,-4575.202050000023
2026-01-14T13:22:07.000000,1234.470049999979,-5739.614000000005,-4505.143950000023
2026-01-14T13:22:07.000000,1335.6558499999787,-5739.614000000005,-4403.958150000023
2026-01-14T13:22:12.000000,1423.702249999979,-5739.614000000005,-4315.911750000023
2026-01-14T13:22:12.000000,1512.888649999979,-5739.614000000005,-4226.725350000022
2026-01-14T13:22:17.000000,1600.939849999979,-5739.614000000005,-4138.674150000023
2026-01-14T13:22:22.000000,1694.991949999978,-5739.614000000005,-4044.6220500000236
2026-01-14T13:22:27.000000,1789.044049999977,-5739.614000000005,-3950.5699500000246
2026-01-14T13:22:27.000000,1866.2382499999774,-5739.614000000005,-3873.3757500000243
2026-01-14T13:22:32.000000,1942.2876499999777,-5739.614000000005,-3797.326350000024
2026-01-14T13:22:32.000000,2010.4804999999776,-5739.614000000005,-3729.133500000024
2026-01-14T13:22:32.000000,2057.1253999999776,-5739.614000000005,-3682.4886000000242
2026-01-14T13:22:37.000000,2113.3212499999777,-5739.614000000005,-3626.292750000024
2026-01-14T13:22:42.000000,2163.518599999977,-5739.614000000005,-3576.0954000000247
2026-01-14T13:22:47.000000,2210.717899999977,-5739.614000000005,-3528.896100000025
2026-01-14T13:22:52.000000,2251.918699999977,-5739.614000000005,-3487.695300000025
2026-01-14T13:22:57.000000,2287.1209999999774,-5739.614000000005,-3452.4930000000245
2026-01-14T13:23:02.000000,2316.3247999999776,-5739.614000000005,-3423.2892000000243
2026-01-14T13:23:12.000000,2327.530699999977,-5739.614000000005,-3412.083300000025
2026-01-14T13:26:02.000000,2327.530699999977,-5756.434550000006,-3428.903850000026
2026-01-14T13:26:37.000000,2327.530699999977,-5704.417550000007,-3376.886850000027
2026-01-14T13:28:12.000000,2227.789549999977,-5704.417550000007,-3476.628000000027
2026-01-14T13:28:22.000000,2131.051249999977,-5704.417550000007,-3573.366300000027
2026-01-14T13:28:27.000000,2037.313399999976,-5704.417550000007,-3667.104150000028
2026-01-14T13:28:32.000000,1943.575549999975,-5704.417550000007,-3760.8420000000287
2026-01-14T13:28:37.000000,1846.8396499999749,-5704.417550000007,-3857.577900000029
2026-01-14T13:28:42.000000,1750.1061499999746,-5704.417550000007,-3954.311400000029
2026-01-14T13:29:02.000000,1644.388099999974,-5704.417550000007,-4060.0294500000296
2026-01-14T13:29:12.000000,1644.388099999974,-5775.239000000008,-4130.8509000000295
2026-01-14T13:29:22.000000,1538.6820499999735,-5775.239000000008,-4236.55695000003
2026-01-14T13:29:27.000000,1429.9827499999735,-5775.239000000008,-4345.25625000003
2026-01-14T13:29:32.000000,1318.2853999999732,-5775.239000000008,-4456.953600000031
2026-01-14T13:29:37.000000,1209.590899999973,-5775.239000000008,-4565.64810000003
2026-01-14T13:29:42.000000,1112.8909999999728,-5775.239000000008,-4662.348000000031
2026-01-14T13:29:47.000000,1016.1934999999726,-5775.239000000008,-4759.045500000031
2026-01-14T13:29:52.000000,925.4944999999723,-5775.239000000008,-4849.744500000032
2026-01-14T13:29:57.000000,837.7959499999724,-5775.239000000008,-4937.443050000032
2026-01-14T13:30:02.000000,747.0921499999721,-5775.239000000008,-5028.146850000032
2026-01-14T13:30:07.000000,656.3859499999718,-5775.239000000008,-5118.853050000032
2026-01-14T13:30:12.000000,568.6753999999719,-5775.239000000008,-5206.563600000032
2026-01-14T13:30:17.000000,474.96394999997216,-5775.239000000008,-5300.275050000032
2026-01-14T13:30:22.000000,384.2505499999729,-5775.239000000008,-5390.988450000032
2026-01-14T13:30:27.000000,296.53279999997307,-5775.239000000008,-5478.7062000000315
2026-01-14T13:33:12.000000,166.88074999997303,-5775.239000000008,-5608.358250000031
2026-01-14T13:33:17.000000,31.234999999973127,-5775.239000000008,-5744.004000000031
2026-01-14T13:33:22.000000,-107.41120000002726,-5775.239000000008,-5882.650200000031
2026-01-14T13:33:27.000000,-252.05110000002648,-5775.239000000008,-6027.29010000003
2026-01-14T13:33:37.000000,-411.67885000002696,-5775.239000000008,-6186.917850000031
2026-01-14T13:33:42.000000,-568.306150000027,-5775.239000000008,-6343.545150000031
2026-01-14T13:34:02.000000,-727.9171000000274,-5775.239000000008,-6503.156100000031
2026-01-14T13:34:12.000000,-875.528650000027,-5775.239000000008,-6650.767650000031
2026-01-14T13:34:27.000000,-975.1666000000266,-5775.239000000008,-6750.40560000003
2026-01-14T13:34:27.000000,-1071.804100000027,-5775.239000000008,-6847.04310000003
2026-01-14T13:34:27.000000,-1165.4411500000267,-5775.239000000008,-6940.680150000029
2026-01-14T13:34:32.000000,-1247.0788000000266,-5775.239000000008,-7022.317800000029
2026-01-14T13:34:37.000000,-1319.7199000000273,-5775.239000000008,-7094.95890000003
2026-01-14T13:34:42.000000,-1377.3683500000268,-5775.239000000008,-7152.607350000029
2026-01-14T13:34:47.000000,-1432.023550000027,-5775.239000000008,-7207.2625500000295
2026-01-14T13:34:52.000000,-1480.682650000027,-5775.239000000008,-7255.921650000029
2026-01-14T13:34:57.000000,-1514.353900000027,-5775.239000000008,-7289.59290000003
2026-01-14T13:35:02.000000,-1554.0236500000267,-5775.239000000008,-7329.26265000003
2026-01-14T13:35:07.000000,-1590.697750000027,-5775.239000000008,-7365.93675000003
2026-01-14T13:35:17.000000,-1627.3790500000275,-5775.239000000008,-7402.61805000003
2026-01-14T13:36:52.000000,-1627.3790500000275,-5777.470250000007,-7404.849300000029
2026-01-14T13:38:02.000000,-1454.1440500000272,-5777.470250000007,-7231.614300000028
2026-01-14T13:38:07.000000,-1283.9047000000273,-5777.470250000007,-7061.374950000029
2026-01-14T13:38:12.000000,-1283.9047000000273,-5823.943300000007,-7107.848000000029
2026-01-14T13:38:22.000000,-1128.6460000000275,-5823.943300000007,-6952.58930000003
2026-01-14T13:38:32.000000,-964.3811500000274,-5823.943300000007,-6788.324450000029
2026-01-14T13:38:47.000000,-791.105350000028,-5823.943300000007,-6615.04865000003
2026-01-14T13:38:52.000000,-614.8267000000282,-5823.943300000007,-6438.7700000000295
2026-01-14T13:39:12.000000,-438.53365000002725,-5823.943300000007,-6262.476950000028
2026-01-14T13:39:17.000000,-271.23955000002667,-5823.943300000007,-6095.182850000027
2026-01-14T13:39:22.000000,-139.94845000002746,-5823.943300000007,-5963.891750000028
2026-01-14T13:39:27.000000,-23.65000000002742,-5823.943300000007,-5847.593300000028
2026-01-14T13:39:32.000000,86.64754999997275,-5823.943300000007,-5737.2957500000275
2026-01-14T13:39:37.000000,190.94659999997305,-5823.943300000007,-5632.996700000027
2026-01-14T13:39:42.000000,286.246699999973,-5823.943300000007,-5537.696600000027
2026-01-14T13:39:47.000000,366.54694999997275,-5823.943300000007,-5457.396350000027
2026-01-14T13:39:52.000000,437.8458499999722,-5823.943300000007,-5386.0974500000275
2026-01-14T13:40:02.000000,485.1435499999721,-5823.943300000007,-5338.799750000027
2026-01-14T13:40:17.000000,535.4320999999715,-5823.943300000007,-5288.511200000028
2026-01-14T13:42:02.000000,535.4320999999715,-5831.853700000007,-5296.421600000028
2026-01-14T13:44:32.000000,535.4320999999715,-5826.329350000006,-5290.897250000027
2026-01-14T13:45:17.000000,438.7753999999712,-5826.329350000006,-5387.553950000028
2026-01-14T13:45:22.000000,333.1149499999717,-5826.329350000006,-5493.214400000027
2026-01-14T13:45:43.000000,333.1149499999717,-5824.0398500000065,-5490.924900000027
2026-01-14T13:46:02.000000,333.1149499999717,-5831.937450000007,-5498.8225000000275
2026-01-14T13:46:38.000000,333.1149499999717,-5839.641450000006,-5506.526500000027
2026-01-14T13:47:52.000000,333.1149499999717,-5831.549450000007,-5498.434500000028
2026-01-14T13:48:37.000000,227.4976999999722,-5831.549450000007,-5604.051750000027
2026-01-14T13:48:42.000000,127.87894999997152,-5831.549450000007,-5703.6705000000275
2026-01-14T13:48:57.000000,49.256149999971996,-5831.549450000007,-5782.293300000027
2026-01-14T13:49:02.000000,-20.365300000028256,-5831.549450000007,-5851.914750000027
2026-01-14T13:49:27.000000,-83.98345000002864,-5831.549450000007,-5915.532900000027
2026-01-14T13:49:32.000000,-132.60415000002774,-5831.549450000007,-5964.153600000027
2026-01-14T13:49:37.000000,-178.22440000002746,-5831.549450000007,-6009.773850000027
2026-01-14T13:49:37.000000,-178.22440000002746,-5861.235150000006,-6039.459550000026
2026-01-14T13:49:42.000000,-220.8442000000267,-5861.235150000006,-6082.079350000025
2026-01-14T13:49:47.000000,-254.46745000002664,-5861.235150000006,-6115.702600000025
2026-01-14T13:49:52.000000,-291.08875000002706,-5861.235150000006,-6152.323900000026
2026-01-14T13:49:57.000000,-324.709600000027,-5861.235150000006,-6185.944750000026
2026-01-14T13:50:02.000000,-352.3319500000271,-5861.235150000006,-6213.567100000026
2026-01-14T13:50:07.000000,-382.9571500000277,-5861.235150000006,-6244.192300000026
2026-01-14T13:50:12.000000,-410.58190000002776,-5861.235150000006,-6271.817050000026
2026-01-14T13:50:17.000000,-450.2036500000276,-5861.235150000006,-6311.438800000026
2026-01-14T13:50:22.000000,-495.8239000000273,-5861.235150000006,-6357.059050000026
2026-01-14T13:50:27.000000,-550.4431000000274,-5861.235150000006,-6411.678250000026
2026-01-14T13:50:32.000000,-611.0632000000272,-5861.235150000006,-6472.298350000026
2026-01-14T13:50:42.000000,-683.6803000000268,-5861.235150000006,-6544.915450000026
2026-01-14T13:52:47.000000,-801.234550000026,-5861.235150000006,-6662.469700000025
2026-01-14T13:53:02.000000,-924.7777000000262,-5861.235150000006,-6786.0128500000255
2026-01-14T13:53:12.000000,-1054.3121500000263,-5861.235150000006,-6915.547300000026
2026-01-14T13:53:17.000000,-1186.8446500000268,-5861.235150000006,-7048.079800000026
2026-01-14T13:53:22.000000,-1316.371900000027,-5861.235150000006,-7177.607050000026
2026-01-14T13:53:27.000000,-1451.8952500000269,-5861.235150000006,-7313.1304000000255
2026-01-14T13:53:32.000000,-1590.4142500000262,-5861.235150000006,-7451.649400000025
2026-01-14T13:53:37.000000,-1728.9308500000266,-5861.235150000006,-7590.166000000026
2026-01-14T13:53:42.000000,-1873.4459500000257,-5861.235150000006,-7734.681100000025
2026-01-14T13:53:47.000000,-2026.9576000000263,-5861.235150000006,-7888.192750000026
2026-01-14T13:53:52.000000,-2132.502850000026,-5861.235150000006,-7993.738000000025
2026-01-14T13:54:02.000000,-2235.054850000026,-5861.235150000006,-8096.2900000000245
2026-01-14T13:54:07.000000,-2334.608800000027,-5861.235150000006,-8195.843950000026
2026-01-14T13:56:22.000000,-2366.4844000000285,-5861.235150000006,-8227.719550000027
2026-01-14T13:56:37.000000,-2322.103150000029,-5861.235150000006,-8183.338300000028
2026-01-14T13:57:22.000000,-2277.6931000000286,-5861.235150000006,-8138.928250000027
2026-01-14T13:57:27.000000,-2233.2806500000293,-5861.235150000006,-8094.515800000027
2026-01-14T13:57:37.000000,-2194.8571000000297,-5861.235150000006,-8056.092250000028
2026-01-14T13:57:42.000000,-2159.4292000000296,-5861.235150000006,-8020.664350000027
2026-01-14T13:57:47.000000,-2123.9989000000296,-5861.235150000006,-7985.234050000027
2026-01-14T13:57:52.000000,-2088.5662000000293,-5861.235150000006,-7949.801350000027
2026-01-14T13:57:57.000000,-2050.1306500000296,-5861.235150000006,-7911.365800000028
2026-01-14T13:58:02.000000,-2011.692700000029,-5861.235150000006,-7872.927850000027
2026-01-14T13:58:07.000000,-1970.2519000000289,-5861.235150000006,-7831.487050000027
2026-01-14T13:58:12.000000,-1928.808700000029,-5861.235150000006,-7790.043850000027
2026-01-14T13:58:17.000000,-1881.362200000029,-5861.235150000006,-7742.597350000027
2026-01-14T13:58:22.000000,-1833.913300000029,-5861.235150000006,-7695.148450000027
2026-01-14T13:58:27.000000,-1786.459600000028,-5861.235150000006,-7647.694750000026
2026-01-14T13:58:32.000000,-1736.0030500000278,-5861.235150000006,-7597.238200000025
2026-01-14T13:58:37.000000,-1688.542150000028,-5861.235150000006,-7549.777300000025
2026-01-14T13:58:47.000000,-1641.076450000028,-5861.235150000006,-7502.3116000000255
2026-01-14T13:58:52.000000,-1587.6074500000282,-5861.235150000006,-7448.842600000025
2026-01-14T13:58:57.000000,-1594.1402500000281,-5861.235150000006,-7455.375400000025
2026-01-14T13:59:02.000000,-1600.6706500000282,-5861.235150000006,-7461.905800000025
2026-01-14T13:59:07.000000,-1622.2009000000285,-5861.235150000006,-7483.436050000025
2026-01-14T13:59:12.000000,-1649.7296500000286,-5861.235150000006,-7510.964800000025
2026-01-14T13:59:17.000000,-1689.2530000000286,-5861.235150000006,-7550.488150000025
2026-01-14T13:59:22.000000,-1734.7748500000282,-5861.235150000006,-7596.010000000025
2026-01-14T13:59:27.000000,-1792.2937000000288,-5861.235150000006,-7653.528850000025
2026-01-14T13:59:32.000000,-1858.8067000000285,-5861.235150000006,-7720.041850000025
2026-01-14T13:59:37.000000,-1928.3201500000287,-5861.235150000006,-7789.555300000025
2026-01-14T13:59:42.000000,-2009.8306000000287,-5861.235150000006,-7871.065750000025
2026-01-14T13:59:47.000000,-2085.3401500000286,-5861.235150000006,-7946.575300000025
2026-01-14T14:00:32.000000,-2214.8458000000287,-5861.235150000006,-8076.080950000025
2026-01-14T14:02:42.000000,-2228.6515000000277,-5861.235150000006,-8089.886650000024
2026-01-14T14:02:47.000000,-2236.4611000000277,-5861.235150000006,-8097.696250000024
2026-01-14T14:02:57.000000,-2220.276700000028,-5861.235150000006,-8081.511850000024
2026-01-14T14:03:02.000000,-2220.276700000028,-5846.896650000004,-8067.173350000023
2026-01-14T14:03:12.000000,-2186.09920000003,-5846.896650000004,-8032.995850000025
2026-01-14T14:03:17.000000,-2151.92650000003,-5846.896650000004,-7998.823150000025
2026-01-14T14:03:22.000000,-2105.75680000003,-5846.896650000004,-7952.653450000025
2026-01-14T14:03:27.000000,-2065.588000000029,-5846.896650000004,-7912.484650000024
2026-01-14T14:03:37.000000,-2013.412600000028,-5846.896650000004,-7860.309250000023
2026-01-14T14:03:42.000000,-1955.2411000000263,-5846.896650000004,-7802.137750000021
2026-01-14T14:03:47.000000,-1891.0687000000257,-5846.896650000004,-7737.96535000002
2026-01-14T14:03:52.000000,-1921.5979000000252,-5846.896650000004,-7768.494550000019
2026-01-14T14:04:07.000000,-1943.1209500000243,-5846.896650000004,-7790.017600000018
2026-01-14T14:04:07.000000,-1880.6872500000234,-5846.896650000004,-7727.583900000017
2026-01-14T14:04:12.000000,-1811.2581000000225,-5846.896650000004,-7658.154750000016
2026-01-14T14:04:17.000000,-1747.080900000022,-5846.896650000004,-7593.977550000015
2026-01-14T14:04:17.000000,-1663.6552500000214,-5846.896650000004,-7510.551900000015
2026-01-14T14:04:22.000000,-1688.166750000021,-5846.896650000004,-7535.063400000015
2026-01-14T14:04:27.000000,-1706.6773500000209,-5846.896650000004,-7553.574000000014
2026-01-14T14:04:32.000000,-1722.1875000000211,-5846.896650000004,-7569.084150000014
2026-01-14T14:04:32.000000,-1764.2097000000215,-5846.896650000004,-7611.106350000015
2026-01-14T14:04:37.000000,-1776.7122000000213,-5846.896650000004,-7623.608850000014
2026-01-14T14:04:37.000000,-1818.7320000000204,-5846.896650000004,-7665.628650000013
2026-01-14T14:04:42.000000,-1825.2384000000204,-5846.896650000004,-7672.1350500000135
2026-01-14T14:04:47.000000,-1831.7424000000203,-5846.896650000004,-7678.639050000013
2026-01-14T14:04:52.000000,-1838.2440000000204,-5846.896650000004,-7685.140650000013
2026-01-14T14:04:52.000000,-1850.2665000000202,-5846.896650000004,-7697.163150000013
2026-01-14T14:04:57.000000,-1850.7696000000203,-5846.896650000004,-7697.666250000013
2026-01-14T14:05:02.000000,-1848.27225000002,-5846.896650000004,-7695.168900000012
2026-01-14T14:05:02.000000,-1807.52265000002,-5846.896650000004,-7654.419300000012
2026-01-14T14:05:07.000000,-1805.0229000000206,-5846.896650000004,-7651.919550000013
2026-01-14T14:05:12.000000,-1799.525100000021,-5846.896650000004,-7646.421750000013
2026-01-14T14:05:12.000000,-1802.5438500000205,-5846.896650000004,-7649.440500000012
2026-01-14T14:05:17.000000,-1797.0460500000208,-5846.896650000004,-7643.942700000012
2026-01-14T14:05:17.000000,-1803.0580500000208,-5846.896650000004,-7649.954700000012
2026-01-14T14:05:22.000000,-1800.5583000000215,-5846.896650000004,-7647.454950000013
2026-01-14T14:05:22.000000,-1806.5679000000216,-5846.896650000004,-7653.464550000013
2026-01-14T14:05:27.000000,-1801.067700000022,-5846.896650000004,-7647.964350000014
2026-01-14T14:05:27.000000,-1801.078800000022,-5846.896650000004,-7647.975450000014
2026-01-14T14:05:32.000000,-1792.5781500000219,-5846.896650000004,-7639.474800000014
2026-01-14T14:05:32.000000,-1798.5829500000218,-5846.896650000004,-7645.479600000013
2026-01-14T14:05:32.000000,-1778.2843500000224,-5846.896650000004,-7625.181000000014
2026-01-14T14:05:37.000000,-1769.7837000000222,-5846.896650000004,-7616.680350000014
2026-01-14T14:05:37.000000,-1769.7876000000224,-5846.896650000004,-7616.684250000014
2026-01-14T14:05:42.000000,-1716.4842000000226,-5846.896650000004,-7563.380850000014
2026-01-14T14:05:42.000000,-1701.9850500000225,-5846.896650000004,-7548.8817000000145
2026-01-14T14:05:42.000000,-1667.2219500000224,-5846.896650000004,-7514.118600000014
2026-01-14T14:05:42.000000,-1671.2245500000217,-5846.896650000004,-7518.121200000014
2026-01-14T14:05:47.000000,-1656.7278000000217,-5846.896650000004,-7503.624450000014
2026-01-14T14:05:47.000000,-1660.7272000000225,-5846.896650000004,-7507.6238500000145
2026-01-14T14:05:52.000000,-1643.230000000023,-5846.896650000004,-7490.126650000015
2026-01-14T14:05:52.000000,-1643.2320000000232,-5846.896650000004,-7490.128650000015
2026-01-14T14:05:57.000000,-1631.7309000000234,-5846.896650000004,-7478.627550000016
2026-01-14T14:05:57.000000,-1627.732300000023,-5846.896650000004,-7474.628950000015
2026-01-14T14:06:02.000000,-1613.230750000023,-5846.896650000004,-7460.127400000015
2026-01-14T14:06:07.000000,-1568.9215000000236,-5846.896650000004,-7415.8181500000155
2026-01-14T14:06:07.000000,-1557.4204000000238,-5846.896650000004,-7404.317050000016
2026-01-14T14:06:12.000000,-1548.9197500000237,-5846.896650000004,-7395.816400000016
2026-01-14T14:06:17.000000,-1528.9219500000236,-5846.896650000004,-7375.818600000016
2026-01-14T14:06:22.000000,-1526.4198000000233,-5846.896650000004,-7373.316450000016
2026-01-14T14:06:27.000000,-1526.9181000000235,-5846.896650000004,-7373.814750000016
2026-01-14T14:06:27.000000,-1510.920900000024,-5846.896650000004,-7357.817550000016
2026-01-14T14:06:32.000000,-1517.420100000024,-5846.896650000004,-7364.316750000016
2026-01-14T14:06:32.000000,-1493.4249000000232,-5846.896650000004,-7340.321550000016
2026-01-14T14:06:37.000000,-1496.9260500000237,-5846.896650000004,-7343.822700000017
2026-01-14T14:06:42.000000,-1506.425700000023,-5846.896650000004,-7353.322350000017
2026-01-14T14:10:47.000000,-1455.9691500000226,-5846.896650000004,-7302.865800000016
2026-01-14T14:13:17.000000,-1355.8153500000228,-5846.896650000004,-7202.712000000016
2026-01-14T14:15:52.000000,-1355.8153500000228,-5842.4084500000035,-7198.223800000015
2026-01-14T14:16:02.000000,-1355.8153500000228,-5853.919450000004,-7209.734800000016
2026-01-14T14:16:02.000000,-1355.8153500000228,-5869.427850000004,-7225.243200000015
2026-01-14T14:17:07.000000,-1355.8153500000228,-5842.055400000003,-7197.870750000015
2026-01-14T14:17:22.000000,-1355.8153500000228,-5917.682550000003,-7273.497900000015
2026-01-14T14:17:42.000000,-1355.8153500000228,-5869.219750000003,-7225.035100000015
2026-01-14T14:18:07.000000,-1355.8153500000228,-5807.021250000002,-7162.836600000013
2026-01-14T14:18:12.000000,-1355.8153500000228,-5849.705850000001,-7205.521200000013
2026-01-14T14:18:12.000000,-1355.8153500000228,-5880.398250000001,-7236.213600000013
2026-01-14T14:18:32.000000,-1355.8153500000228,-5884.115400000001,-7239.930750000012
2026-01-14T14:18:42.000000,-1355.8153500000228,-5893.83345,-7249.648800000012
2026-01-14T14:18:47.000000,-1355.8153500000228,-5882.565149999999,-7238.380500000011
2026-01-14T14:18:52.000000,-1355.8153500000228,-5862.3051,-7218.120450000011
2026-01-14T14:18:57.000000,-1355.8153500000228,-5836.04655,-7191.861900000012
2026-01-14T14:19:02.000000,-1355.8153500000228,-5800.796249999999,-7156.611600000011
2026-01-14T14:19:17.000000,-1355.8153500000228,-5738.556299999999,-7094.371650000011
2026-01-14T14:19:32.000000,-1355.8153500000228,-5634.336449999999,-6990.151800000011
2026-01-14T14:19:52.000000,-1355.8153500000228,-5500.124099999999,-6855.939450000011
2026-01-14T14:20:02.000000,-1355.8153500000228,-5365.906949999999,-6721.72230000001
2026-01-14T14:20:07.000000,-1355.8153500000228,-5234.685449999998,-6590.50080000001
2026-01-14T14:20:12.000000,-1355.8153500000228,-5106.457199999998,-6462.27255000001
2026-01-14T14:20:17.000000,-1355.8153500000228,-4981.224599999998,-6337.039950000009
2026-01-14T14:20:42.000000,-1355.8153500000228,-4867.955399999997,-6223.770750000009
2026-01-14T14:26:17.000000,-1355.8153500000228,-4909.904649999998,-6265.720000000009
2026-01-14T14:26:32.000000,-1356.4504500000219,-4909.904649999998,-6266.355100000009
2026-01-14T14:26:32.000000,-1356.4504500000219,-4931.858899999998,-6288.3093500000095
2026-01-14T14:27:22.000000,-1324.0830000000221,-4931.858899999998,-6255.94190000001
2026-01-14T14:27:37.000000,-1261.720650000022,-4931.858899999998,-6193.5795500000095
2026-01-14T14:27:42.000000,-1190.3593500000215,-4931.858899999998,-6122.218250000009
2026-01-14T14:27:47.000000,-1115.9976000000217,-4931.858899999998,-6047.856500000009
2026-01-14T14:27:52.000000,-1041.635850000022,-4931.858899999998,-5973.494750000009
2026-01-14T14:27:57.000000,-961.2756000000222,-4931.858899999998,-5893.134500000009
2026-01-14T14:28:02.000000,-883.9182000000219,-4931.858899999998,-5815.777100000008
2026-01-14T14:28:07.000000,-809.563650000021,-4931.858899999998,-5741.4225500000075
2026-01-14T14:28:17.000000,-723.2097000000214,-4931.858899999998,-5655.068600000008
2026-01-14T14:28:22.000000,-633.8553000000213,-4931.858899999998,-5565.714200000008
2026-01-14T14:29:07.000000,-633.8553000000213,-4957.762399999999,-5591.617700000008
2026-01-14T14:29:17.000000,-633.8553000000213,-4977.669800000001,-5611.52510000001
2026-01-14T14:29:17.000000,-514.4988000000208,-4977.669800000001,-5492.168600000009
2026-01-14T14:29:22.000000,-514.4988000000208,-5003.573300000001,-5518.072100000009
2026-01-14T14:29:27.000000,-383.14290000002154,-5003.573300000001,-5386.71620000001
2026-01-14T14:29:32.000000,-383.14290000002154,-5041.469000000001,-5424.61190000001
2026-01-14T14:29:37.000000,-233.7939000000206,-5041.469000000001,-5275.262900000009
2026-01-14T14:29:57.000000,-90.4434000000206,-5041.469000000001,-5131.912400000008
2026-01-14T14:29:57.000000,52.90709999997941,-5041.469000000001,-4988.561900000008
2026-01-14T14:30:02.000000,184.25339999997968,-5041.469000000001,-4857.215600000008
2026-01-14T14:30:17.000000,309.60119999998005,-5041.469000000001,-4731.867800000007
2026-01-14T14:30:52.000000,309.60119999998005,-5055.375500000002,-4745.774300000008
2026-01-14T14:31:27.000000,309.60119999998005,-5063.285900000002,-4753.684700000008
2026-01-14T14:31:32.000000,309.60119999998005,-5077.197200000002,-4767.596000000009
2026-01-14T14:31:42.000000,309.60119999998005,-5085.107600000002,-4775.506400000008
2026-01-14T14:31:42.000000,309.60119999998005,-5093.018000000002,-4783.416800000008
2026-01-14T14:31:47.000000,309.60119999998005,-5082.930500000001,-4773.329300000008
2026-01-14T14:31:52.000000,309.60119999998005,-5078.8439,-4769.242700000006
2026-01-14T14:32:02.000000,309.60119999998005,-5074.7525000000005,-4765.151300000007
2026-01-14T14:32:02.000000,309.60119999998005,-5064.665,-4755.063800000006
2026-01-14T14:32:07.000000,309.60119999998005,-5060.573600000001,-4750.972400000007
2026-01-14T14:32:12.000000,309.60119999998005,-5056.486999999999,-4746.8858000000055
2026-01-14T14:32:22.000000,309.60119999998005,-5046.399499999999,-4736.798300000005
2026-01-14T14:32:23.000000,309.60119999998005,-5084.076,-4774.474800000006
2026-01-14T14:32:57.000000,309.60119999998005,-5031.972600000001,-4722.371400000007
2026-01-14T14:32:57.000000,309.60119999998005,-4979.869200000002,-4670.268000000008
2026-01-14T14:32:57.000000,309.60119999998005,-4927.765800000003,-4618.164600000009
2026-01-14T14:32:57.000000,309.60119999998005,-4875.662400000004,-4566.06120000001
2026-01-14T14:35:02.000000,309.60119999998005,-4829.5647000000035,-4519.96350000001
2026-01-14T14:35:22.000000,309.60119999998005,-4777.470900000003,-4467.869700000009
2026-01-14T14:35:27.000000,309.60119999998005,-4613.117250000003,-4303.516050000009
2026-01-14T14:38:07.000000,210.06164999998043,-4613.117250000003,-4403.055600000009
2026-01-14T14:38:22.000000,113.52974999998023,-4613.117250000003,-4499.587500000009
2026-01-14T14:38:27.000000,17.00024999998108,-4613.117250000003,-4596.1170000000075
2026-01-14T14:38:47.000000,-85.518150000019,-4613.117250000003,-4698.635400000007
2026-01-14T14:38:52.000000,-188.0341500000191,-4613.117250000003,-4801.151400000008
2026-01-14T14:39:02.000000,-290.5453500000192,-4613.117250000003,-4903.662600000008
2026-01-14T14:39:27.000000,-390.0489000000199,-4613.117250000003,-5003.166150000008
2026-01-14T14:39:32.000000,-492.54810000002,-4613.117250000003,-5105.665350000008
2026-01-14T14:39:37.000000,-595.0449000000201,-4613.117250000003,-5208.162150000008
2026-01-14T14:39:42.000000,-697.5393000000201,-4613.117250000003,-5310.656550000009
2026-01-14T14:39:47.000000,-800.0313000000202,-4613.117250000003,-5413.148550000009
2026-01-14T14:39:57.000000,-902.5185000000204,-4613.117250000003,-5515.6357500000095
2026-01-14T14:40:02.000000,-1002.00765000002,-4613.117250000003,-5615.124900000009
2026-01-14T14:40:07.000000,-1101.4944000000207,-4613.117250000003,-5714.61165000001
2026-01-14T14:40:12.000000,-1191.98460000002,-4613.117250000003,-5805.101850000009
2026-01-14T14:40:17.000000,-1279.47435000002,-4613.117250000003,-5892.591600000009
2026-01-14T14:40:22.000000,-1363.9636500000195,-4613.117250000003,-5977.080900000008
2026-01-14T14:40:27.000000,-1445.4525000000194,-4613.117250000003,-6058.569750000008
2026-01-14T14:40:32.000000,-1520.9428500000195,-4613.117250000003,-6134.060100000008
2026-01-14T14:40:42.000000,-1587.4294500000192,-4613.117250000003,-6200.546700000008
2026-01-14T14:40:47.000000,-1644.9195000000186,-4613.117250000003,-6258.0367500000075
2026-01-14T14:40:52.000000,-1696.4110500000193,-4613.117250000003,-6309.528300000008
2026-01-14T14:40:57.000000,-1744.9045500000195,-4613.117250000003,-6358.021800000009
2026-01-14T14:41:07.000000,-1796.398500000019,-4613.117250000003,-6409.515750000008
2026-01-14T14:41:12.000000,-1844.8944000000192,-4613.117250000003,-6458.011650000008
2026-01-14T14:41:17.000000,-1896.3931500000187,-4613.117250000003,-6509.510400000007
2026-01-14T14:41:22.000000,-1947.8919000000183,-4613.117250000003,-6561.009150000007
2026-01-14T14:41:27.000000,-1996.3950000000184,-4613.117250000003,-6609.512250000007
2026-01-14T14:41:32.000000,-2047.900950000018,-4613.117250000003,-6661.018200000007
2026-01-14T14:41:37.000000,-2096.408850000018,-4613.117250000003,-6709.526100000007
2026-01-14T14:41:42.000000,-2150.917650000018,-4613.117250000003,-6764.034900000007
2026-01-14T14:41:47.000000,-2205.426450000018,-4613.117250000003,-6818.5437000000065
2026-01-14T14:41:57.000000,-2259.937650000018,-4613.117250000003,-6873.0549000000065
2026-01-14T14:43:17.000000,-2299.468850000019,-4613.117250000003,-6912.586100000007
2026-01-14T14:43:42.000000,-2341.959050000019,-4613.117250000003,-6955.076300000007
2026-01-14T14:44:22.000000,-2381.429600000019,-4613.117250000003,-6994.546850000007
2026-01-14T14:44:27.000000,-2423.8958000000184,-4613.117250000003,-7037.013050000006
2026-01-14T14:44:32.000000,-2472.3605000000184,-4613.117250000003,-7085.477750000006
2026-01-14T14:44:37.000000,-2517.822350000018,-4613.117250000003,-7130.939600000006
2026-01-14T14:44:42.000000,-2563.281800000018,-4613.117250000003,-7176.399050000005
2026-01-14T14:44:57.000000,-2605.736000000018,-4613.117250000003,-7218.853250000006
2026-01-14T14:45:02.000000,-2651.1858500000176,-4613.117250000003,-7264.3031000000055
2026-01-14T14:45:02.000000,-2699.6361500000176,-4613.117250000003,-7312.753400000006
2026-01-14T14:45:02.000000,-2745.086000000017,-4613.117250000003,-7358.203250000006
2026-01-14T14:45:02.000000,-2796.5367500000166,-4613.117250000003,-7409.654000000006
2026-01-14T14:45:02.000000,-2847.987500000016,-4613.117250000003,-7461.104750000006
2026-01-14T15:00:00.000000,-2847.987500000016,-4620.721250000003,-7468.708750000006
2026-01-15T09:50:27.000000,-2847.987500000016,-4474.315100000003,-7322.302600000006
2026-01-15T09:56:12.000000,-2809.4823500000166,-4474.315100000003,-7283.797450000006
2026-01-15T09:56:17.000000,-2782.9790000000166,-4474.315100000003,-7257.294100000006
2026-01-15T10:07:42.000000,-2819.439500000016,-4474.315100000003,-7293.754600000006
2026-01-15T10:07:47.000000,-2855.9024000000163,-4474.315100000003,-7330.217500000006
2026-01-15T10:07:52.000000,-2901.364250000016,-4474.315100000003,-7375.679350000006
2026-01-15T10:10:27.000000,-2889.8295500000163,-4474.315100000003,-7364.144650000007
2026-01-15T10:10:32.000000,-2869.2959000000164,-4474.315100000003,-7343.611000000006
2026-01-15T10:10:37.000000,-2851.7627000000157,-4474.315100000003,-7326.0778000000055
2026-01-15T10:10:47.000000,-2834.227100000016,-4474.315100000003,-7308.542200000006
2026-01-15T10:10:57.000000,-2801.6940500000164,-4474.315100000003,-7276.009150000006
2026-01-15T10:11:17.000000,-2772.1638500000163,-4474.315100000003,-7246.478950000006
2026-01-15T10:11:27.000000,-2751.6254000000163,-4474.315100000003,-7225.940500000006
2026-01-15T10:11:32.000000,-2731.0845500000164,-4474.315100000003,-7205.399650000006
2026-01-15T10:11:37.000000,-2701.5519500000173,-4474.315100000003,-7175.867050000006
2026-01-15T10:11:42.000000,-2687.0072000000173,-4474.315100000003,-7161.322300000006
2026-01-15T10:11:47.000000,-2678.4633500000173,-4474.315100000003,-7152.778450000006
2026-01-15T10:11:52.000000,-2666.9190500000177,-4474.315100000003,-7141.234150000007
2026-01-15T10:11:57.000000,-2664.3737000000174,-4474.315100000003,-7138.688800000006
2026-01-15T10:12:02.000000,-2661.8235500000183,-4474.315100000003,-7136.138650000007
2026-01-15T10:17:02.000000,-2723.811800000018,-4474.315100000003,-7198.126900000007
2026-01-15T10:17:07.000000,-2770.8098000000173,-4474.315100000003,-7245.124900000006
2026-01-15T10:17:12.000000,-2797.816800000017,-4474.315100000003,-7272.131900000006
2026-01-15T10:17:22.000000,-2797.816800000017,-4459.853400000004,-7257.670200000006
2026-01-15T10:17:37.000000,-2839.794050000017,-4459.853400000004,-7299.647450000006
2026-01-15T10:17:42.000000,-2881.759300000015,-4459.853400000004,-7341.612700000004
2026-01-15T10:17:42.000000,-2938.5842500000153,-4459.853400000004,-7398.437650000004
2026-01-15T10:17:47.000000,-3009.4057000000153,-4459.853400000004,-7469.259100000004
2026-01-15T10:17:52.000000,-3041.361450000016,-4459.853400000004,-7501.214850000004
2026-01-15T10:17:52.000000,-3105.181850000016,-4459.853400000004,-7565.0352500000035
2026-01-15T10:17:57.000000,-3176.0033000000158,-4459.853400000004,-7635.856700000003
2026-01-15T10:18:02.000000,-3222.9533000000165,-4459.853400000004,-7682.806700000004
2026-01-15T10:18:02.000000,-3286.7793000000165,-4459.853400000004,-7746.632700000004
2026-01-15T10:18:07.000000,-3323.7398000000157,-4459.853400000004,-7783.593200000003
2026-01-15T10:18:07.000000,-3352.5773500000155,-4459.853400000004,-7812.430750000002
2026-01-15T10:18:17.000000,-3369.570850000015,-4459.853400000004,-7829.424250000002
2026-01-15T10:18:22.000000,-3426.562350000014,-4459.853400000004,-7886.415750000001
2026-01-15T10:21:17.000000,-3454.3173500000153,-4459.853400000004,-7914.170750000002
2026-01-15T10:21:17.000000,-3490.1335500000146,-4459.853400000004,-7949.986950000001
2026-01-15T10:25:37.000000,-3561.8839500000145,-4459.853400000004,-8021.737350000001
2026-01-15T10:29:42.000000,-3561.8839500000145,-4451.595000000004,-8013.4789500000015
2026-01-15T10:33:57.000000,-3561.8839500000145,-4401.104850000003,-7962.988800000001
2026-01-15T10:34:02.000000,-3575.5888500000133,-4401.104850000003,-7976.6937
2026-01-15T10:34:12.000000,-3589.293750000012,-4401.104850000003,-7990.398599999999
2026-01-15T10:34:17.000000,-3597.002550000012,-4401.104850000003,-7998.107399999999
2026-01-15T10:35:12.000000,-3592.714350000012,-4401.104850000003,-7993.819199999999
2026-01-15T10:35:37.000000,-3582.425250000011,-4401.104850000003,-7983.530099999998
2026-01-15T10:36:02.000000,-3584.1379500000103,-4401.104850000003,-7985.242799999997
2026-01-15T10:36:12.000000,-3585.855450000009,-4401.104850000003,-7986.960299999996
2026-01-15T10:36:22.000000,-3587.572950000008,-4401.104850000003,-7988.677799999995
2026-01-15T10:37:37.000000,-3587.572950000008,-4401.9662000000035,-7989.539149999995
2026-01-15T10:42:02.000000,-3587.572950000008,-4430.764550000004,-8018.337499999996
2026-01-15T10:42:47.000000,-3587.572950000008,-4438.565350000004,-8026.138299999996
2026-01-15T10:50:17.000000,-3595.300950000008,-4438.565350000004,-8033.866299999996
2026-01-15T10:58:47.000000,-3595.300950000008,-4446.301350000004,-8041.602299999996
2026-01-15T10:58:57.000000,-3595.300950000008,-4423.8688500000035,-8019.169799999995
2026-01-15T11:03:47.000000,-3595.300950000008,-4447.615250000004,-8042.916199999996
2026-01-15T11:06:57.000000,-3595.300950000008,-4481.533550000004,-8076.834499999995
2026-01-15T11:07:37.000000,-3595.300950000008,-4515.451850000003,-8110.752799999995
2026-01-15T11:11:37.000000,-3595.300950000008,-4538.002100000002,-8133.303049999994
2026-01-15T11:15:27.000000,-3595.300950000008,-4535.728600000002,-8131.029549999994
2026-01-15T11:16:17.000000,-3595.300950000008,-4533.455100000002,-8128.756049999994
2026-01-15T11:20:17.000000,-3598.775550000009,-4533.455100000002,-8132.230649999994
2026-01-15T11:20:32.000000,-3610.248150000008,-4533.455100000002,-8143.703249999993
2026-01-15T11:29:27.000000,-3650.1761500000075,-4533.455100000002,-8183.631249999992
2026-01-15T13:07:37.000000,-3650.1761500000075,-4557.137500000002,-8207.313649999991
2026-01-15T13:10:07.000000,-3650.1761500000075,-4584.812500000001,-8234.98864999999
2026-01-15T13:12:22.000000,-3650.1761500000075,-4641.5198500000015,-8291.69599999999
2026-01-15T13:17:37.000000,-3674.0249500000086,-4641.5198500000015,-8315.544799999992
2026-01-15T13:29:07.000000,-3681.8713500000085,-4641.5198500000015,-8323.391199999993
2026-01-15T13:30:32.000000,-3689.7177500000084,-4641.5198500000015,-8331.237599999993
2026-01-15T13:30:57.000000,-3690.2040500000085,-4641.5198500000015,-8331.723899999994
2026-01-15T13:31:32.000000,-3698.0504500000084,-4641.5198500000015,-8339.570299999994
2026-01-15T13:32:07.000000,-3698.0504500000084,-4649.223850000001,-8347.274299999994
2026-01-15T13:34:37.000000,-3698.0504500000084,-4593.948000000001,-8291.998449999994
2026-01-15T13:41:12.000000,-3698.0504500000084,-4553.748800000001,-8251.799249999993
2026-01-15T13:41:42.000000,-3698.0504500000084,-4529.539200000002,-8227.589649999993
2026-01-15T13:44:52.000000,-3698.0504500000084,-4527.481050000003,-8225.531499999994
2026-01-15T13:44:57.000000,-3698.0504500000084,-4519.424400000003,-8217.474849999993
2026-01-15T13:45:07.000000,-3698.0504500000084,-4523.362350000003,-8221.412799999995
2026-01-15T13:45:37.000000,-3698.0504500000084,-4551.053350000005,-8249.103799999995
2026-01-15T13:53:02.000000,-3698.0504500000084,-4549.002400000004,-8247.052849999995
2026-01-15T13:53:02.000000,-3698.0504500000084,-4543.953400000004,-8242.003849999996
2026-01-15T13:53:02.000000,-3698.0504500000084,-4535.906350000004,-8233.956799999994
2026-01-15T13:53:02.000000,-3698.0504500000084,-4527.859300000004,-8225.909749999993
2026-01-15T13:56:52.000000,-3698.0504500000084,-4519.626500000004,-8217.676949999994
2026-01-15T14:04:42.000000,-3698.0504500000084,-4543.424100000005,-8241.474549999995
2026-01-15T14:13:37.000000,-3698.0504500000084,-4521.107600000006,-8219.158049999996
2026-01-15T14:13:42.000000,-3698.0504500000084,-4498.791100000007,-8196.841549999997
2026-01-15T14:13:52.000000,-3698.0504500000084,-4476.474600000008,-8174.525049999998
2026-01-15T14:18:32.000000,-3698.0504500000084,-4504.133600000007,-8202.184049999998
2026-01-15T14:19:47.000000,-3698.0504500000084,-4543.9336000000085,-8241.98405
2026-01-15T14:21:32.000000,-3698.0504500000084,-4551.605600000008,-8249.65605
2026-01-15T14:22:52.000000,-3698.0504500000084,-4591.418400000008,-8289.46885
2026-01-15T14:23:27.000000,-3698.0504500000084,-4609.083900000008,-8307.134349999998
2026-01-15T14:25:27.000000,-3698.0504500000084,-4680.901500000008,-8378.951949999999
2026-01-15T14:31:32.000000,-3698.0504500000084,-4656.743100000009,-8354.79355
2026-01-15T14:31:47.000000,-3698.0504500000084,-4632.584700000009,-8330.635150000002
2026-01-15T14:32:12.000000,-3698.0504500000084,-4624.4287000000095,-8322.479150000003
2026-01-15T14:33:27.000000,-3698.0504500000084,-4616.25990000001,-8314.310350000003
2026-01-15T14:33:32.000000,-3698.0504500000084,-4976.95380000001,-8675.004250000004
2026-01-15T14:35:07.000000,-3698.0504500000084,-4968.785000000011,-8666.835450000004
2026-01-15T14:35:17.000000,-3698.0504500000084,-4960.616200000011,-8658.666650000005
2026-01-15T14:35:32.000000,-3698.0504500000084,-4968.437000000012,-8666.487450000004
2026-01-15T14:35:37.000000,-3698.0504500000084,-5125.294700000011,-8823.345150000005
2026-01-15T14:35:42.000000,-3698.0504500000084,-5149.117900000011,-8847.168350000004
2026-01-15T14:35:47.000000,-3698.0504500000084,-5172.941100000011,-8870.991550000002
2026-01-15T14:35:52.000000,-3698.0504500000084,-5383.761300000011,-9081.811750000003
2026-01-15T14:36:07.000000,-3698.0504500000084,-5407.584500000011,-9105.634950000001
2026-01-15T14:36:57.000000,-3698.0504500000084,-5431.407700000011,-9129.45815
2026-01-15T14:37:47.000000,-3698.0504500000084,-5471.22050000001,-9169.27095
2026-01-15T14:38:12.000000,-3698.0504500000084,-5495.04370000001,-9193.094149999999
2026-01-15T14:39:07.000000,-3698.0504500000084,-5550.858900000009,-9248.909349999998
2026-01-15T14:39:07.000000,-3698.0504500000084,-5644.731150000009,-9342.781599999998
2026-01-15T14:39:42.000000,-3698.0504500000084,-5700.546350000008,-9398.596799999998
2026-01-15T14:40:42.000000,-3698.0504500000084,-5578.482200000008,-9276.532649999997
2026-01-15T14:40:47.000000,-3698.0504500000084,-5468.422250000008,-9166.472699999997
2026-01-15T14:41:07.000000,-3698.0504500000084,-5508.247850000007,-9206.298299999997
2026-01-15T14:41:17.000000,-3698.0504500000084,-5470.1651000000065,-9168.215549999995
2026-01-15T14:41:27.000000,-3698.0504500000084,-5525.993100000007,-9224.043549999995
2026-01-15T14:41:47.000000,-3698.0504500000084,-5581.821100000007,-9279.871549999994
2026-01-15T14:42:27.000000,-3698.0504500000084,-5637.649100000008,-9335.699549999994
2026-01-15T14:42:32.000000,-3698.0504500000084,-5693.477100000008,-9391.527549999993
2026-01-15T14:42:37.000000,-3698.0504500000084,-5749.305100000009,-9447.355549999993
2026-01-15T14:42:57.000000,-3698.0504500000084,-5789.130700000008,-9487.181149999993
2026-01-15T14:43:42.000000,-3698.0504500000084,-5828.956300000007,-9527.006749999993
2026-01-15T14:43:57.000000,-3698.0504500000084,-5852.792300000006,-9550.842749999993
2026-01-15T14:44:07.000000,-3698.0504500000084,-5874.617750000007,-9572.668199999993
2026-01-15T14:44:12.000000,-3698.0504500000084,-5914.456150000007,-9612.506599999993
2026-01-15T14:44:27.000000,-3698.0504500000084,-5938.292150000007,-9636.342599999993
2026-01-15T14:44:32.000000,-3698.0504500000084,-5962.128150000006,-9660.178599999992
2026-01-15T14:45:02.000000,-3698.0504500000084,-5985.964150000005,-9684.014599999991
2026-01-15T14:45:02.000000,-3698.0504500000084,-5993.810550000006,-9691.860999999992
2026-01-15T14:45:02.000000,-3698.0504500000084,-6001.656950000006,-9699.707399999992
2026-01-15T14:45:02.000000,-3698.0504500000084,-5995.338050000007,-9693.388499999992
2026-01-15T14:45:02.000000,-3698.0504500000084,-5982.023700000007,-9680.074149999993
2026-01-15T14:45:02.000000,-3698.0504500000084,-5968.709350000007,-9666.759799999994
2026-01-15T14:45:17.000000,-3698.0504500000084,-5972.541700000008,-9670.592149999995
2026-01-16T10:06:12.000000,-3735.170950000008,-5972.541700000008,-9707.712649999994
2026-01-16T10:06:32.000000,-3721.307800000008,-5972.541700000008,-9693.849499999995
2026-01-16T10:06:37.000000,-3701.446150000008,-5972.541700000008,-9673.987849999994
2026-01-16T10:06:47.000000,-3675.5884000000083,-5972.541700000008,-9648.130099999995
2026-01-16T10:09:32.000000,-3713.0409000000077,-5972.541700000008,-9685.582599999994
2026-01-16T10:09:37.000000,-3717.1732500000085,-5972.541700000008,-9689.714949999994
2026-01-16T10:10:27.000000,-3700.295250000008,-5972.541700000008,-9672.836949999994
2026-01-16T10:10:42.000000,-3721.484700000008,-5972.541700000008,-9694.026399999993
2026-01-16T10:11:07.000000,-3701.606250000008,-5972.541700000008,-9674.147949999993
2026-01-16T10:11:07.000000,-3725.7961500000074,-5972.541700000008,-9698.337849999993
2026-01-16T10:11:12.000000,-3755.982150000007,-5972.541700000008,-9728.523849999992
2026-01-16T10:13:07.000000,-3847.4539500000064,-5972.541700000008,-9819.995649999992
2026-01-16T10:16:02.000000,-3864.9194500000062,-5972.541700000008,-9837.461149999992
2026-01-16T10:16:07.000000,-3859.6904500000064,-5972.541700000008,-9832.232149999993
2026-01-16T10:16:12.000000,-3842.466850000007,-5972.541700000008,-9815.008549999993
2026-01-16T10:16:47.000000,-3814.937600000007,-5972.541700000008,-9787.479299999994
2026-01-16T10:17:17.000000,-3717.498650000007,-5972.541700000008,-9690.040349999994
2026-01-16T10:17:27.000000,-3717.498650000007,-6055.100950000007,-9772.599599999994
2026-01-16T10:17:52.000000,-3684.692000000006,-6055.100950000007,-9739.792949999994
2026-01-16T10:17:57.000000,-3580.229600000006,-6055.100950000007,-9635.330549999993
2026-01-16T10:18:02.000000,-3468.7717500000063,-6055.100950000007,-9523.872699999993
2026-01-16T10:18:22.000000,-3378.3002500000057,-6055.100950000007,-9433.401199999993
2026-01-16T10:18:27.000000,-3287.834350000005,-6055.100950000007,-9342.935299999992
2026-01-16T10:18:42.000000,-3225.361450000004,-6055.100950000007,-9280.462399999991
2026-01-16T10:18:47.000000,-3176.885050000004,-6055.100950000007,-9231.985999999992
2026-01-16T10:21:47.000000,-3176.885050000004,-6062.7089500000075,-9239.593999999992
2026-01-16T10:21:52.000000,-3176.885050000004,-6070.316950000008,-9247.201999999992
2026-01-16T10:22:17.000000,-3176.885050000004,-6077.912950000007,-9254.797999999992
2026-01-16T10:23:07.000000,-3176.885050000004,-6015.462450000007,-9192.347499999993
2026-01-16T10:23:52.000000,-3176.885050000004,-6034.630650000008,-9211.515699999993
2026-01-16T10:26:12.000000,-3176.885050000004,-6074.353850000008,-9251.238899999991
2026-01-16T10:26:52.000000,-3176.885050000004,-6082.097850000007,-9258.982899999992
2026-01-16T10:26:57.000000,-3176.885050000004,-6089.841850000007,-9266.726899999992
2026-01-16T10:27:57.000000,-3176.885050000004,-6097.573050000007,-9274.458099999993
2026-01-16T10:32:02.000000,-3177.3208000000027,-6097.573050000007,-9274.893849999991
2026-01-16T10:32:07.000000,-3156.775800000003,-6097.573050000007,-9254.348849999991
2026-01-16T10:33:12.000000,-3156.775800000003,-5933.711400000007,-9090.48719999999
2026-01-16T10:34:22.000000,-3157.217150000003,-5933.711400000007,-9090.928549999991
2026-01-16T10:35:57.000000,-3242.282450000004,-5933.711400000007,-9175.993849999992
2026-01-16T10:37:32.000000,-3285.3150500000042,-5933.711400000007,-9219.026449999992
2026-01-16T10:37:37.000000,-3316.348250000005,-5933.711400000007,-9250.059649999992
2026-01-16T10:37:57.000000,-3316.348250000005,-5926.1811500000085,-9242.529399999994
2026-01-16T10:38:17.000000,-3317.379350000005,-5926.1811500000085,-9243.560499999994
2026-01-16T10:38:22.000000,-3306.4110500000043,-5926.1811500000085,-9232.592199999994
2026-01-16T10:38:27.000000,-3286.443800000004,-5926.1811500000085,-9212.624949999994
2026-01-16T10:38:32.000000,-3263.4737000000036,-5926.1811500000085,-9189.654849999994
2026-01-16T10:38:37.000000,-3246.511700000004,-5926.1811500000085,-9172.692849999994
2026-01-16T10:38:42.000000,-3247.545200000003,-5926.1811500000085,-9173.726349999994
2026-01-16T10:38:47.000000,-3251.576750000003,-5926.1811500000085,-9177.757899999993
2026-01-16T10:38:52.000000,-3261.606800000003,-5926.1811500000085,-9187.787949999994
2026-01-16T10:38:57.000000,-3277.6353500000037,-5926.1811500000085,-9203.816499999995
2026-01-16T10:43:37.000000,-3315.163850000003,-5926.1811500000085,-9241.344999999994
2026-01-16T10:45:22.000000,-3373.1099000000036,-5926.1811500000085,-9299.291049999994
2026-01-16T10:45:27.000000,-3431.051150000004,-5926.1811500000085,-9357.232299999994
2026-01-16T10:45:32.000000,-3482.9891000000043,-5926.1811500000085,-9409.170249999996
2026-01-16T10:45:37.000000,-3534.924650000004,-5926.1811500000085,-9461.105799999996
2026-01-16T10:45:42.000000,-3586.8578000000048,-5926.1811500000085,-9513.038949999996
2026-01-16T10:46:02.000000,-3635.776100000005,-5926.1811500000085,-9561.957249999996
2026-01-16T10:46:07.000000,-3675.690650000006,-5926.1811500000085,-9601.871799999997
2026-01-16T10:46:12.000000,-3718.600850000006,-5926.1811500000085,-9644.781999999997
2026-01-16T10:46:17.000000,-3758.508200000006,-5926.1811500000085,-9684.689349999997
2026-01-16T10:46:27.000000,-3786.411350000006,-5926.1811500000085,-9712.592499999997
2026-01-16T10:46:32.000000,-3808.3088000000066,-5926.1811500000085,-9734.489949999997
2026-01-16T10:46:37.000000,-3839.1980000000062,-5926.1811500000085,-9765.379149999997
2026-01-16T10:46:42.000000,-3867.0843500000065,-5926.1811500000085,-9793.265499999998
2026-01-16T10:46:52.000000,-3951.9720500000058,-5926.1811500000085,-9878.153199999997
2026-01-16T10:46:57.000000,-4036.8549500000063,-5926.1811500000085,-9963.036099999998
2026-01-16T10:47:02.000000,-4145.736650000006,-5926.1811500000085,-10071.917799999997
2026-01-16T10:47:07.000000,-4260.614450000006,-5926.1811500000085,-10186.795599999998
2026-01-16T10:47:12.000000,-4387.491650000006,-5926.1811500000085,-10313.672799999997
2026-01-16T10:47:17.000000,-4523.367800000006,-5926.1811500000085,-10449.548949999997
2026-01-16T10:47:22.000000,-4656.245900000005,-5926.1811500000085,-10582.427049999997
2026-01-16T10:47:32.000000,-4759.141100000005,-5926.1811500000085,-10685.322249999997
2026-01-16T10:48:32.000000,-4759.141100000005,-5888.698400000008,-10647.839499999996
2026-01-16T10:49:07.000000,-4759.141100000005,-5886.352900000009,-10645.493999999997
2026-01-16T10:49:12.000000,-4759.141100000005,-5888.83215000001,-10647.973249999997
2026-01-16T10:49:17.000000,-4759.141100000005,-5896.31215000001,-10655.453249999997
2026-01-16T10:49:22.000000,-4759.141100000005,-5843.82715000001,-10602.968249999996
2026-01-16T10:50:12.000000,-4757.097350000005,-5843.82715000001,-10600.924499999996
2026-01-16T10:50:17.000000,-4757.097350000005,-5791.34215000001,-10548.439499999995
2026-01-16T10:50:22.000000,-4757.097350000005,-5788.98865000001,-10546.085999999996
2026-01-16T10:50:42.000000,-4761.030500000004,-5788.98865000001,-10550.019149999995
2026-01-16T10:50:47.000000,-4764.961250000005,-5788.98865000001,-10553.949899999996
2026-01-16T10:50:52.000000,-4768.889600000004,-5788.98865000001,-10557.878249999996
2026-01-16T10:50:57.000000,-4769.817500000004,-5788.98865000001,-10558.806149999997
2026-01-16T10:51:02.000000,-4761.744050000004,-5788.98865000001,-10550.732699999997
2026-01-16T10:51:07.000000,-4759.664300000005,-5788.98865000001,-10548.652949999998
2026-01-16T10:51:12.000000,-4757.582150000005,-5788.98865000001,-10546.570799999998
2026-01-16T10:51:12.000000,-4749.499100000005,-5788.98865000001,-10538.487749999997
2026-01-16T10:51:22.000000,-4744.411700000003,-5788.98865000001,-10533.400349999996
2026-01-16T10:51:27.000000,-4739.321900000004,-5788.98865000001,-10528.310549999997
2026-01-16T10:51:32.000000,-4740.228200000004,-5788.98865000001,-10529.216849999997
2026-01-16T10:51:52.000000,-4726.125050000004,-5788.98865000001,-10515.113699999996
2026-01-16T10:51:57.000000,-4712.017100000004,-5788.98865000001,-10501.005749999997
2026-01-16T10:52:02.000000,-4694.906300000004,-5788.98865000001,-10483.894949999996
2026-01-16T10:52:07.000000,-4677.7931000000035,-5788.98865000001,-10466.781749999996
2026-01-16T10:52:22.000000,-4654.671800000004,-5788.98865000001,-10443.660449999998
2026-01-16T10:52:27.000000,-4634.553350000004,-5788.98865000001,-10423.541999999998
2026-01-16T10:52:32.000000,-4635.435650000004,-5788.98865000001,-10424.424299999997
2026-01-16T10:52:37.000000,-4639.320800000003,-5788.98865000001,-10428.309449999997
2026-01-16T10:52:42.000000,-4649.206850000002,-5788.98865000001,-10438.195499999996
2026-01-16T10:52:47.000000,-4659.102500000003,-5788.98865000001,-10448.091149999997
2026-01-16T10:57:47.000000,-4749.935900000002,-5788.98865000001,-10538.924549999996
2026-01-16T10:57:52.000000,-4858.767200000002,-5788.98865000001,-10647.755849999996
2026-01-16T11:01:12.000000,-4858.767200000002,-5796.512650000011,-10655.279849999995
2026-01-16T11:01:37.000000,-4858.767200000002,-5772.45985000001,-10631.227049999994
2026-01-16T11:02:02.000000,-4745.692400000003,-5772.45985000001,-10518.152249999994
2026-01-16T11:02:07.000000,-4629.619550000002,-5772.45985000001,-10402.079399999993
2026-01-16T11:02:12.000000,-4513.546700000002,-5772.45985000001,-10286.006549999993
2026-01-16T11:02:17.000000,-4409.466050000002,-5772.45985000001,-10181.925899999993
2026-01-16T11:02:42.000000,-4299.372500000001,-5772.45985000001,-10071.832349999993
2026-01-16T11:02:52.000000,-4177.284350000002,-5772.45985000001,-9949.744199999994
2026-01-16T11:02:52.000000,-4049.195300000002,-5772.45985000001,-9821.655149999993
2026-01-16T11:02:57.000000,-3912.107300000002,-5772.45985000001,-9684.567149999993
2026-01-16T11:03:02.000000,-3760.0242500000018,-5772.45985000001,-9532.484099999992
2026-01-16T11:03:12.000000,-3601.9379000000017,-5772.45985000001,-9374.397749999993
2026-01-16T11:03:17.000000,-3601.9379000000017,-5850.102350000008,-9452.040249999991
2026-01-16T11:03:17.000000,-3437.8506500000017,-5850.102350000008,-9287.95299999999
2026-01-16T11:03:22.000000,-3270.760550000001,-5850.102350000008,-9120.86289999999
2026-01-16T11:03:27.000000,-3157.6737500000013,-5850.102350000008,-9007.77609999999
2026-01-16T11:03:57.000000,-3068.571350000001,-5850.102350000008,-8918.67369999999
2026-01-16T11:04:02.000000,-2985.4650500000007,-5850.102350000008,-8835.56739999999
2026-01-16T11:04:07.000000,-2908.3572500000014,-5850.102350000008,-8758.459599999991
2026-01-16T11:04:12.000000,-2834.2475000000013,-5850.102350000008,-8684.349849999991
2026-01-16T11:04:17.000000,-2769.1319000000017,-5850.102350000008,-8619.234249999992
2026-01-16T11:05:07.000000,-2739.9929000000025,-5850.102350000008,-8590.095249999993
2026-01-16T11:05:17.000000,-2722.850900000003,-5850.102350000008,-8572.953249999993
2026-01-16T11:05:22.000000,-2702.713250000003,-5850.102350000008,-8552.815599999993
2026-01-16T11:07:32.000000,-2702.713250000003,-5836.03040000001,-8538.743649999993
2026-01-16T11:07:42.000000,-2702.713250000003,-5771.97800000001,-8474.691249999993
2026-01-16T11:07:47.000000,-2702.713250000003,-5764.499750000009,-8467.212999999992
2026-01-16T11:07:52.000000,-2702.713250000003,-5772.171750000009,-8474.884999999993
2026-01-16T11:07:57.000000,-2702.713250000003,-5764.693500000008,-8467.406749999993
2026-01-16T11:08:22.000000,-2702.713250000003,-5762.372000000008,-8465.085249999993
2026-01-16T11:09:47.000000,-2700.599900000004,-5762.372000000008,-8462.971899999993
2026-01-16T11:09:57.000000,-2698.4817500000045,-5762.372000000008,-8460.853749999995
2026-01-16T11:10:02.000000,-2702.359700000005,-5762.372000000008,-8464.731699999995
2026-01-16T11:10:12.000000,-2703.2324000000053,-5762.372000000008,-8465.604399999995
2026-01-16T11:16:47.000000,-2758.0412000000056,-5762.372000000008,-8520.413199999995
2026-01-16T11:17:27.000000,-2773.856150000006,-5762.372000000008,-8536.228149999995
2026-01-16T11:17:32.000000,-2795.6672000000062,-5762.372000000008,-8558.039199999996
2026-01-16T11:17:37.000000,-2814.475400000007,-5762.372000000008,-8576.847399999997
2026-01-16T11:17:42.000000,-2818.2909500000064,-5762.372000000008,-8580.662949999996
2026-01-16T11:17:47.000000,-2825.1045500000064,-5762.372000000008,-8587.476549999996
2026-01-16T11:17:52.000000,-2825.9172500000063,-5762.372000000008,-8588.289249999996
2026-01-16T11:17:57.000000,-2826.7275500000064,-5762.372000000008,-8589.099549999997
2026-01-16T11:18:02.000000,-2818.5413000000062,-5762.372000000008,-8580.913299999997
2026-01-16T11:18:07.000000,-2798.3604500000065,-5762.372000000008,-8560.732449999996
2026-01-16T11:18:12.000000,-2793.172250000007,-5762.372000000008,-8555.544249999995
2026-01-16T11:18:17.000000,-2790.9845000000064,-5762.372000000008,-8553.356499999994
2026-01-16T11:18:27.000000,-2788.799150000006,-5762.372000000008,-8551.171149999995
2026-01-16T11:18:27.000000,-2786.613800000006,-5762.372000000008,-8548.985799999995
2026-01-16T11:18:32.000000,-2790.4269500000055,-5762.372000000008,-8552.798949999995
2026-01-16T11:18:42.000000,-2800.241000000006,-5762.372000000008,-8562.612999999996
2026-01-16T11:20:02.000000,-2801.044100000006,-5762.372000000008,-8563.416099999997
2026-01-16T11:20:17.000000,-2801.044100000006,-5834.356000000008,-8635.400099999997
2026-01-16T11:20:47.000000,-2759.852900000006,-5834.356000000008,-8594.208899999998
2026-01-16T11:20:47.000000,-2712.6608000000047,-5834.356000000008,-8547.016799999998
2026-01-16T11:20:47.000000,-2662.4682500000044,-5834.356000000008,-8496.824249999998
2026-01-16T11:20:47.000000,-2609.275250000004,-5834.356000000008,-8443.631249999997
2026-01-16T11:20:52.000000,-2547.0809000000036,-5834.356000000008,-8381.436899999997
2026-01-16T11:20:57.000000,-2475.890000000003,-5834.356000000008,-8310.245999999997
2026-01-16T11:21:02.000000,-2398.7006000000038,-5834.356000000008,-8233.056599999998
2026-01-16T11:21:12.000000,-2330.5173500000037,-5834.356000000008,-8164.873349999998
2026-01-16T11:21:17.000000,-2283.339650000004,-5834.356000000008,-8117.695649999998
2026-01-16T11:21:32.000000,-2242.167650000004,-5834.356000000008,-8076.523649999997
2026-01-16T11:21:37.000000,-2200.998050000004,-5834.356000000008,-8035.354049999997
2026-01-16T11:21:42.000000,-2159.830850000004,-5834.356000000008,-7994.186849999997
2026-01-16T11:21:47.000000,-2112.667550000004,-5834.356000000008,-7947.023549999997
2026-01-16T11:21:52.000000,-2062.5086000000047,-5834.356000000008,-7896.864599999998
2026-01-16T11:21:57.000000,-2012.3520500000043,-5834.356000000008,-7846.7080499999975
2026-01-16T11:23:52.000000,-2012.3520500000043,-5890.350400000008,-7902.702449999998
2026-01-16T11:24:12.000000,-2012.3520500000043,-5912.320650000007,-7924.672699999996
2026-01-16T11:24:17.000000,-2012.3520500000043,-5929.290150000007,-7941.642199999997
2026-01-16T11:24:32.000000,-2012.3520500000043,-5941.258900000006,-7953.610949999996
2026-01-16T11:24:42.000000,-2012.3520500000043,-5963.225150000007,-7975.577199999996
2026-01-16T11:25:02.000000,-2012.3520500000043,-5980.190650000006,-7992.542699999995
2026-01-16T11:25:12.000000,-1881.226550000004,-5980.190650000006,-7861.417199999995
2026-01-16T11:25:12.000000,-1774.1046500000043,-5980.190650000006,-7754.295299999995
2026-01-16T11:25:27.000000,-1687.9763000000037,-5980.190650000006,-7668.166949999994
2026-01-16T11:25:37.000000,-1604.8460000000034,-5980.190650000006,-7585.036649999995
2026-01-16T11:25:37.000000,-1521.7157000000032,-5980.190650000006,-7501.906349999995
2026-01-16T11:25:52.000000,-1521.7157000000032,-5987.714650000006,-7509.430349999995
2026-01-16T11:27:07.000000,-1521.7157000000032,-5980.236400000005,-7501.952099999994
2026-01-16T11:27:12.000000,-1521.7157000000032,-5972.210150000004,-7493.925849999993
2026-01-16T11:27:17.000000,-1521.7157000000032,-5953.975050000005,-7475.690749999993
2026-01-16T11:27:32.000000,-1521.7157000000032,-5935.739950000005,-7457.4556499999935
2026-01-16T11:29:07.000000,-1521.7157000000032,-5864.606650000005,-7386.322349999994
2026-01-16T13:01:17.000000,-1521.7157000000032,-5808.597050000005,-7330.312749999994
2026-01-16T13:02:32.000000,-1521.7157000000032,-5752.5874500000045,-7274.303149999993
2026-01-16T13:03:27.000000,-1521.7157000000032,-5696.577850000004,-7218.293549999993
2026-01-16T13:04:12.000000,-1387.6233500000035,-5696.577850000004,-7084.201199999993
2026-01-16T13:04:17.000000,-1247.532500000004,-5696.577850000004,-6944.110349999994
2026-01-16T13:04:22.000000,-1107.4416500000043,-5696.577850000004,-6804.019499999994
2026-01-16T13:05:52.000000,-1107.4416500000043,-5658.543100000004,-6765.984749999994
2026-01-16T13:06:52.000000,-1167.2766500000039,-5658.543100000004,-6825.819749999994
2026-01-16T13:09:32.000000,-1167.2766500000039,-5687.956000000004,-6855.232649999994
2026-01-16T13:09:57.000000,-1167.2766500000039,-5711.894400000004,-6879.171049999994
2026-01-16T13:10:07.000000,-1167.2766500000039,-5700.822900000004,-6868.0995499999935
2026-01-16T13:14:42.000000,-1167.2766500000039,-5734.554000000005,-6901.830649999994
2026-01-16T13:18:22.000000,-1167.2766500000039,-5693.494800000005,-6860.771449999995
2026-01-16T13:18:42.000000,-1167.2766500000039,-5658.426900000005,-6825.703549999995
2026-01-16T13:18:47.000000,-1167.2766500000039,-5620.358550000005,-6787.635199999995
2026-01-16T13:18:52.000000,-1167.2766500000039,-5570.295600000005,-6737.572249999995
2026-01-16T13:19:02.000000,-1167.2766500000039,-5514.234150000006,-6681.5107999999955
2026-01-16T13:19:07.000000,-1167.2766500000039,-5467.166850000006,-6634.443499999996
2026-01-16T13:19:57.000000,-1167.2766500000039,-5500.908350000005,-6668.184999999995
2026-01-16T13:21:52.000000,-1184.9021500000053,-5500.908350000005,-6685.810499999997
2026-01-16T13:23:22.000000,-1184.9021500000053,-5476.817150000006,-6661.719299999998
2026-01-16T13:24:12.000000,-1248.7627000000057,-5476.817150000006,-6725.579849999998
2026-01-16T13:24:22.000000,-1300.6238500000052,-5476.817150000006,-6777.440999999998
2026-01-16T13:24:37.000000,-1340.490400000005,-5476.817150000006,-6817.307549999998
2026-01-16T13:24:42.000000,-1380.3569500000046,-5476.817150000006,-6857.174099999997
2026-01-16T13:24:47.000000,-1411.2269500000052,-5476.817150000006,-6888.044099999998
2026-01-16T13:24:52.000000,-1445.0950000000053,-5476.817150000006,-6921.912149999998
2026-01-16T13:24:57.000000,-1478.9654500000051,-5476.817150000006,-6955.782599999999
2026-01-16T13:25:02.000000,-1515.8363500000055,-5476.817150000006,-6992.653499999999
2026-01-16T13:25:07.000000,-1546.708750000005,-5476.817150000006,-7023.525899999999
2026-01-16T13:25:17.000000,-1580.579200000005,-5476.817150000006,-7057.396349999999
2026-01-16T13:25:22.000000,-1611.4492000000055,-5476.817150000006,-7088.26635
2026-01-16T13:25:27.000000,-1642.321600000005,-5476.817150000006,-7119.138749999999
2026-01-16T13:27:02.000000,-1622.227150000005,-5476.817150000006,-7099.0443
2026-01-16T13:27:07.000000,-1599.1322500000056,-5476.817150000006,-7075.9494
2026-01-16T13:27:32.000000,-1558.0418500000055,-5476.817150000006,-7034.859
2026-01-16T13:27:47.000000,-1507.952500000005,-5476.817150000006,-6984.76965
2026-01-16T13:27:52.000000,-1448.8666000000044,-5476.817150000006,-6925.683749999999
2026-01-16T13:27:57.000000,-1386.7802500000043,-5476.817150000006,-6863.597399999999
2026-01-16T13:28:02.000000,-1321.6958500000048,-5476.817150000006,-6798.512999999999
2026-01-16T13:28:32.000000,-1321.6958500000048,-5484.281150000006,-6805.976999999999
2026-01-16T13:28:37.000000,-1259.5951000000057,-5484.281150000006,-6743.87625
2026-01-16T13:28:42.000000,-1259.5951000000057,-5491.745150000006,-6751.34025
2026-01-16T13:28:47.000000,-1191.4934500000056,-5491.745150000006,-6683.238600000001
2026-01-16T13:28:52.000000,-1135.3888000000065,-5491.745150000006,-6627.133950000001
2026-01-16T13:29:47.000000,-1135.3888000000065,-5499.209150000006,-6634.597950000001
2026-01-16T13:30:02.000000,-1135.3888000000065,-5506.673150000006,-6642.061950000001
2026-01-16T13:30:37.000000,-1135.3888000000065,-5514.129150000006,-6649.517950000001
2026-01-16T13:35:42.000000,-1135.3888000000065,-5554.0443500000065,-6689.433150000002
2026-01-16T13:40:47.000000,-1097.241250000006,-5554.0443500000065,-6651.285600000001
2026-01-16T13:40:52.000000,-1053.0952000000066,-5554.0443500000065,-6607.139550000002
2026-01-16T13:40:57.000000,-1011.9448000000066,-5554.0443500000065,-6565.989150000001
2026-01-16T13:41:02.000000,-964.7959000000067,-5554.0443500000065,-6518.840250000001
2026-01-16T13:41:12.000000,-914.6465500000063,-5554.0443500000065,-6468.6909000000005
2026-01-16T13:41:22.000000,-852.5002000000062,-5554.0443500000065,-6406.5445500000005
2026-01-16T13:41:27.000000,-793.3495000000055,-5554.0443500000065,-6347.3938499999995
2026-01-16T13:41:37.000000,-722.204200000006,-5554.0443500000065,-6276.24855
2026-01-16T13:41:37.000000,-651.0589000000066,-5554.0443500000065,-6205.103250000001
2026-01-16T13:41:42.000000,-576.9131500000067,-5554.0443500000065,-6130.957500000001
2026-01-16T13:41:47.000000,-505.76545000000624,-5554.0443500000065,-6059.809800000001
2026-01-16T13:41:52.000000,-431.61730000000637,-5554.0443500000065,-5985.661650000001
2026-01-16T13:41:57.000000,-351.47065000000663,-5554.0443500000065,-5905.515000000001
2026-01-16T13:42:02.000000,-265.325500000007,-5554.0443500000065,-5819.369850000002
2026-01-16T13:42:07.000000,-176.17990000000694,-5554.0443500000065,-5730.224250000002
2026-01-16T13:42:12.000000,-90.03235000000733,-5554.0443500000065,-5644.076700000002
2026-01-16T13:42:17.000000,-0.8867500000072397,-5554.0443500000065,-5554.9311000000025
2026-01-16T13:42:22.000000,91.26169999999225,-5554.0443500000065,-5462.782650000003
2026-01-16T13:42:27.000000,183.4125499999928,-5554.0443500000065,-5370.631800000002
2026-01-16T13:42:32.000000,281.55949999999325,-5554.0443500000065,-5272.484850000002
2026-01-16T13:42:37.000000,379.7088499999926,-5554.0443500000065,-5174.335500000002
2026-01-16T13:42:42.000000,477.86059999999304,-5554.0443500000065,-5076.183750000002
2026-01-16T13:42:47.000000,570.0138499999925,-5554.0443500000065,-4984.030500000003
2026-01-16T13:42:52.000000,650.1652999999923,-5554.0443500000065,-4903.879050000003
2026-01-16T13:42:57.000000,727.3186999999926,-5554.0443500000065,-4826.725650000003
2026-01-16T13:43:02.000000,801.4740499999925,-5554.0443500000065,-4752.570300000003
2026-01-16T13:43:07.000000,869.6308999999925,-5554.0443500000065,-4684.413450000003
2026-01-16T13:43:32.000000,869.6308999999925,-5561.967550000007,-4692.336650000003
2026-01-16T13:49:07.000000,869.6308999999925,-5601.8699500000075,-4732.239050000004
2026-01-16T13:51:22.000000,869.6308999999925,-5609.533950000007,-4739.9030500000035
2026-01-16T13:54:32.000000,869.6308999999925,-5585.439550000008,-4715.8086500000045
2026-01-16T13:54:37.000000,869.6308999999925,-5561.345150000009,-4691.714250000005
2026-01-16T13:54:52.000000,869.6308999999925,-5537.25075000001,-4667.619850000006
2026-01-16T13:55:02.000000,874.8454999999923,-5537.25075000001,-4662.405250000007
2026-01-16T13:55:07.000000,880.062499999992,-5537.25075000001,-4657.188250000007
2026-01-16T13:55:12.000000,880.062499999992,-5529.14595000001,-4649.083450000007
2026-01-16T13:55:12.000000,891.2779999999927,-5529.14595000001,-4637.867950000007
2026-01-16T13:55:17.000000,899.495449999993,-5529.14595000001,-4629.650500000007
2026-01-16T13:56:02.000000,899.495449999993,-5553.033150000009,-4653.537700000006
2026-01-16T14:02:32.000000,899.495449999993,-5528.91315000001,-4629.417700000007
2026-01-16T14:02:37.000000,899.495449999993,-5504.793150000011,-4605.297700000008
2026-01-16T14:03:22.000000,899.495449999993,-5480.673150000012,-4581.177700000009
2026-01-16T14:03:57.000000,899.495449999993,-5440.550750000012,-4541.055300000009
2026-01-16T14:04:12.000000,899.495449999993,-5400.428350000012,-4500.932900000009
2026-01-16T14:04:32.000000,899.495449999993,-5360.305950000012,-4460.810500000009
2026-01-16T14:05:27.000000,899.495449999993,-5320.170750000011,-4420.675300000008
2026-01-16T14:05:52.000000,899.495449999993,-5280.0355500000105,-4380.540100000007
2026-01-16T14:07:07.000000,899.495449999993,-5255.88995000001,-4356.394500000007
2026-01-16T14:08:07.000000,878.3659999999927,-5255.88995000001,-4377.523950000007
2026-01-16T14:09:07.000000,878.3659999999927,-5285.285250000009,-4406.919250000006
2026-01-16T14:12:07.000000,891.9771499999935,-5285.285250000009,-4393.308100000006
2026-01-16T14:15:12.000000,891.9771499999935,-5292.925250000009,-4400.948100000006
2026-01-16T14:15:47.000000,891.9771499999935,-5254.74650000001,-4362.769350000007
2026-01-16T14:16:17.000000,891.9771499999935,-5262.44250000001,-4370.465350000007
2026-01-16T14:17:17.000000,891.9771499999935,-5279.86000000001,-4387.882850000006
2026-01-16T14:17:32.000000,891.9771499999935,-5307.271000000009,-4415.2938500000055
2026-01-16T14:17:47.000000,891.9771499999935,-5269.085050000008,-4377.1079000000045
2026-01-16T14:17:57.000000,891.9771499999935,-5276.781050000008,-4384.803900000004
2026-01-16T14:17:57.000000,891.9771499999935,-5294.198550000007,-4402.221400000004
2026-01-16T14:18:52.000000,891.9771499999935,-5261.990950000007,-4370.013800000003
2026-01-16T14:18:57.000000,891.9771499999935,-5229.783350000006,-4337.806200000003
2026-01-16T14:26:22.000000,891.9771499999935,-5237.423350000006,-4345.446200000003
2026-01-16T14:26:42.000000,891.9771499999935,-5245.063350000007,-4353.086200000003
2026-01-16T14:26:47.000000,891.9771499999935,-5262.504850000007,-4370.527700000003
2026-01-16T14:26:57.000000,891.9771499999935,-5279.9463500000065,-4387.969200000003
2026-01-16T14:27:37.000000,891.9771499999935,-5287.805550000006,-4395.828400000003
2026-01-16T14:32:12.000000,891.9771499999935,-5295.437550000006,-4403.460400000003
2026-01-16T14:33:22.000000,882.280699999994,-5295.437550000006,-4413.156850000002
2026-01-16T14:33:42.000000,887.5792999999937,-5295.437550000006,-4407.858250000002
2026-01-16T14:33:47.000000,892.8802999999946,-5295.437550000006,-4402.557250000002
2026-01-16T14:33:52.000000,901.1817499999947,-5295.437550000006,-4394.255800000002
2026-01-16T14:33:57.000000,912.4812499999944,-5295.437550000006,-4382.956300000003
2026-01-16T14:34:02.000000,923.780749999994,-5295.437550000006,-4371.656800000003
2026-01-16T14:34:07.000000,932.0773999999942,-5295.437550000006,-4363.360150000003
2026-01-16T14:34:12.000000,940.3716499999933,-5295.437550000006,-4355.065900000004
2026-01-16T14:34:17.000000,945.665449999993,-5295.437550000006,-4349.772100000005
2026-01-16T14:34:22.000000,944.9559499999929,-5295.437550000006,-4350.481600000005
2026-01-16T14:34:27.000000,935.2450999999935,-5295.437550000006,-4360.192450000004
2026-01-16T14:34:32.000000,935.2450999999935,-5323.264550000006,-4388.019450000004
2026-01-16T14:38:37.000000,935.2450999999935,-5331.123750000006,-4395.878650000004
2026-01-16T14:41:07.000000,935.2450999999935,-5338.982950000006,-4403.737850000004
2026-01-16T14:41:22.000000,935.2450999999935,-5346.842150000006,-4411.597050000004
2026-01-16T14:44:02.000000,935.2450999999935,-5354.766950000006,-4419.521850000004
2026-01-16T14:45:02.000000,935.2450999999935,-5375.4753000000055,-4440.230200000004
2026-01-19T09:54:37.000000,935.2450999999935,-5457.528150000006,-4522.283050000004
2026-01-19T10:00:22.000000,935.2450999999935,-5399.212650000005,-4463.967550000003
2026-01-19T10:06:07.000000,935.2450999999935,-5396.819150000005,-4461.574050000003
2026-01-19T10:10:57.000000,935.2450999999935,-5429.638900000005,-4494.3938000000035
2026-01-19T10:13:37.000000,935.2450999999935,-5469.285300000006,-4534.040200000004
2026-01-19T10:13:42.000000,935.2450999999935,-5508.9317000000065,-4573.686600000005
2026-01-19T10:15:12.000000,935.2450999999935,-5526.549200000006,-4591.304100000004
2026-01-19T10:18:47.000000,935.2450999999935,-5533.906000000005,-4598.6609000000035
2026-01-19T10:23:12.000000,991.0905499999938,-5533.906000000005,-4542.815450000004
2026-01-19T10:23:22.000000,1064.9290999999937,-5533.906000000005,-4468.976900000004
2026-01-19T10:23:22.000000,1138.7676499999936,-5533.906000000005,-4395.138350000005
2026-01-19T10:23:42.000000,1197.6063499999932,-5533.906000000005,-4336.299650000005
2026-01-19T10:23:42.000000,1250.444149999993,-5533.906000000005,-4283.461850000005
2026-01-19T10:23:42.000000,1303.2819499999928,-5533.906000000005,-4230.624050000006
2026-01-19T10:25:22.000000,1303.2819499999928,-5541.522000000005,-4238.240050000006
2026-01-19T10:25:32.000000,1320.1551499999932,-5541.522000000005,-4221.366850000005
2026-01-19T10:29:37.000000,1320.658749999993,-5541.522000000005,-4220.863250000005
2026-01-19T10:29:47.000000,1333.157749999992,-5541.522000000005,-4208.364250000006
2026-01-19T10:29:52.000000,1353.654749999992,-5541.522000000005,-4187.867250000006
2026-01-19T10:29:57.000000,1378.1491499999913,-5541.522000000005,-4163.372850000006
2026-01-19T10:30:02.000000,1398.6461499999914,-5541.522000000005,-4142.875850000006
2026-01-19T10:30:12.000000,1411.1451499999903,-5541.522000000005,-4130.376850000007
2026-01-19T10:30:17.000000,1423.6505499999905,-5541.522000000005,-4117.871450000007
2026-01-19T10:30:27.000000,1436.1591499999909,-5541.522000000005,-4105.362850000007
2026-01-19T10:30:32.000000,1456.665749999991,-5541.522000000005,-4084.8562500000066
2026-01-19T10:30:42.000000,1485.1735499999909,-5541.522000000005,-4056.348450000007
2026-01-19T10:30:47.000000,1521.6825499999907,-5541.522000000005,-4019.839450000007
2026-01-19T10:30:52.000000,1558.1883499999904,-5541.522000000005,-3983.3336500000073
2026-01-19T10:30:57.000000,1590.6967499999896,-5541.522000000005,-3950.825250000008
2026-01-19T10:31:02.000000,1615.203949999989,-5541.522000000005,-3926.318050000009
2026-01-19T10:31:07.000000,1639.7111499999883,-5541.522000000005,-3901.81085000001
2026-01-19T10:31:12.000000,1668.2157499999882,-5541.522000000005,-3873.30625000001
2026-01-19T10:31:17.000000,1696.723549999988,-5541.522000000005,-3844.7984500000102
2026-01-19T10:31:22.000000,1721.233949999989,-5541.522000000005,-3820.2880500000097
2026-01-19T10:31:27.000000,1729.74834999999,-5541.522000000005,-3811.7736500000087
2026-01-19T10:31:42.000000,1758.24654999999,-5541.522000000005,-3783.2754500000087
2026-01-19T10:31:57.000000,1778.11299999999,-5541.522000000005,-3763.4090000000087
2026-01-19T10:32:02.000000,1797.9818499999901,-5541.522000000005,-3743.540150000009
2026-01-19T10:32:07.000000,1817.85309999999,-5541.522000000005,-3723.6689000000088
2026-01-19T10:32:17.000000,1825.7273499999892,-5541.522000000005,-3715.79465000001
2026-01-19T10:32:17.000000,1827.6006999999884,-5541.522000000005,-3713.9213000000104
2026-01-19T10:32:37.000000,1841.2398499999879,-5541.522000000005,-3700.282150000011
2026-01-19T10:33:02.000000,1839.6087499999878,-5541.522000000005,-3701.913250000011
2026-01-19T10:33:37.000000,1824.116349999988,-5541.522000000005,-3717.4056500000106
2026-01-19T10:37:37.000000,1784.5339499999873,-5541.522000000005,-3756.9880500000113
2026-01-19T10:38:32.000000,1744.9515499999866,-5541.522000000005,-3796.570450000012
2026-01-19T10:42:52.000000,1657.413149999987,-5541.522000000005,-3884.108850000012
2026-01-19T10:44:57.000000,1641.9591499999872,-5541.522000000005,-3899.5628500000116
2026-01-19T10:45:07.000000,1610.5059499999877,-5541.522000000005,-3931.016050000011
2026-01-19T10:45:22.000000,1587.0539499999882,-5541.522000000005,-3954.468050000011
2026-01-19T10:45:27.000000,1555.6007499999887,-5541.522000000005,-3985.9212500000103
2026-01-19T10:45:32.000000,1548.4943499999888,-5541.522000000005,-3993.0276500000105
2026-01-19T10:45:32.000000,1525.0423499999893,-5541.522000000005,-4016.47965000001
2026-01-19T10:45:42.000000,1493.9611499999899,-5541.522000000005,-4047.56085000001
2026-01-19T10:45:47.000000,1465.8803999999898,-5541.522000000005,-4075.64160000001
2026-01-19T10:45:47.000000,1430.4297999999897,-5541.522000000005,-4111.09220000001
2026-01-19T10:45:57.000000,1414.3460499999903,-5541.522000000005,-4127.175950000009
2026-01-19T10:46:42.000000,1458.2424999999898,-5541.522000000005,-4083.2795000000096
2026-01-19T10:46:52.000000,1523.1324999999904,-5541.522000000005,-4018.389500000009
2026-01-19T10:47:07.000000,1600.0194999999908,-5541.522000000005,-3941.5025000000087
2026-01-19T10:47:12.000000,1682.90499999999,-5541.522000000005,-3858.6170000000097
2026-01-19T10:47:17.000000,1771.79139999999,-5541.522000000005,-3769.73060000001
2026-01-19T10:47:22.000000,1860.67539999999,-5541.522000000005,-3680.84660000001
2026-01-19T10:47:27.000000,1952.5622499999895,-5541.522000000005,-3588.9597500000104
2026-01-19T10:47:32.000000,2044.453899999989,-5541.522000000005,-3497.068100000011
2026-01-19T10:47:37.000000,2151.335799999989,-5541.522000000005,-3390.186200000011
2026-01-19T10:47:37.000000,2163.889199999989,-5541.522000000005,-3377.632800000011
2026-01-19T10:47:42.000000,2270.773499999989,-5541.522000000005,-3270.748500000011
2026-01-19T10:47:42.000000,2287.330699999988,-5541.522000000005,-3254.191300000012
2026-01-19T10:47:47.000000,2391.2193499999876,-5541.522000000005,-3150.3026500000124
2026-01-19T10:47:47.000000,2399.7817499999874,-5541.522000000005,-3141.7402500000126
2026-01-19T10:47:52.000000,2497.667099999988,-5541.522000000005,-3043.854900000012
2026-01-19T10:47:57.000000,2490.220699999988,-5541.522000000005,-3051.301300000012
2026-01-19T10:48:07.000000,2588.1108499999887,-5541.522000000005,-2953.4111500000113
2026-01-19T10:48:12.000000,2667.9982999999884,-5541.522000000005,-2873.5237000000116
2026-01-19T10:48:12.000000,2656.5576999999876,-5541.522000000005,-2884.9643000000124
2026-01-19T10:48:22.000000,2645.1170999999867,-5541.522000000005,-2896.404900000013
2026-01-19T10:48:27.000000,2692.0067999999865,-5541.522000000005,-2849.5152000000135
2026-01-19T10:49:17.000000,2684.0099999999866,-5541.522000000005,-2857.5120000000134
2026-01-19T10:50:07.000000,2676.0131999999867,-5541.522000000005,-2865.5088000000133
2026-01-19T10:53:12.000000,2692.557599999986,-5541.522000000005,-2848.964400000014
2026-01-19T10:53:47.000000,2709.1051999999854,-5541.522000000005,-2832.4168000000145
2026-01-19T10:54:07.000000,2709.653599999985,-5541.522000000005,-2831.868400000015
2026-01-19T10:54:12.000000,2714.1993999999854,-5541.522000000005,-2827.3226000000145
2026-01-19T10:54:17.000000,2690.740999999986,-5541.522000000005,-2850.781000000014
2026-01-19T10:56:12.000000,2707.6573999999864,-5541.522000000005,-2833.8646000000135
2026-01-19T10:56:17.000000,2730.5722999999857,-5541.522000000005,-2810.949700000014
2026-01-19T10:56:22.000000,2750.4915499999856,-5541.522000000005,-2791.0304500000143
2026-01-19T10:56:27.000000,2776.4116999999856,-5541.522000000005,-2765.1103000000144
2026-01-19T10:56:32.000000,2768.4148999999857,-5541.522000000005,-2773.1071000000143
2026-01-19T10:56:32.000000,2797.333099999986,-5541.522000000005,-2744.1889000000137
2026-01-19T10:56:37.000000,2817.252349999986,-5541.522000000005,-2724.269650000014
2026-01-19T10:56:42.000000,2828.172649999987,-5541.522000000005,-2713.349350000013
2026-01-19T10:56:47.000000,2836.092499999987,-5541.522000000005,-2705.429500000013
2026-01-19T10:56:57.000000,2841.009499999987,-5541.522000000005,-2700.512500000013
2026-01-19T10:57:02.000000,2833.012699999987,-5541.522000000005,-2708.509300000013
2026-01-19T10:57:27.000000,2825.473499999987,-5541.522000000005,-2716.048500000013
2026-01-19T11:03:22.000000,2825.473499999987,-5581.066000000006,-2755.592500000014
2026-01-19T11:05:27.000000,2836.4225999999867,-5581.066000000006,-2744.643400000014
2026-01-19T11:05:37.000000,2836.4225999999867,-5604.620400000006,-2768.1978000000136
2026-01-19T11:05:52.000000,2836.4225999999867,-5628.174800000006,-2791.752200000013
2026-01-19T11:06:37.000000,2836.4225999999867,-5651.729200000006,-2815.3066000000126
2026-01-19T11:09:52.000000,2836.4225999999867,-5643.291600000007,-2806.869000000013
2026-01-19T11:10:57.000000,2836.4225999999867,-5666.846000000007,-2830.4234000000124
2026-01-19T11:12:07.000000,2836.4225999999867,-5690.400400000007,-2853.977800000012
2026-01-19T11:17:22.000000,2836.4225999999867,-5745.959600000006,-2909.5370000000107
2026-01-19T11:19:22.000000,2836.4225999999867,-5769.5396000000055,-2933.11700000001
2026-01-19T11:20:12.000000,2836.4225999999867,-5793.119600000005,-2956.6970000000097
2026-01-19T11:21:22.000000,2836.4225999999867,-5804.605000000006,-2968.18240000001
2026-01-19T11:21:37.000000,2836.4225999999867,-5812.182600000006,-2975.76000000001
2026-01-19T11:21:57.000000,2836.4225999999867,-5803.757800000006,-2967.3352000000104
2026-01-19T11:22:42.000000,2836.4225999999867,-5795.333000000006,-2958.9104000000107
2026-01-19T11:25:47.000000,2836.4225999999867,-5775.408950000006,-2938.9863500000106
2026-01-19T11:26:02.000000,2836.4225999999867,-5766.984150000007,-2930.561550000011
2026-01-19T11:26:32.000000,2836.4225999999867,-5774.1329500000065,-2937.7103500000107
2026-01-19T11:26:47.000000,2836.4225999999867,-5796.200800000007,-2959.778200000011
2026-01-19T11:29:32.000000,2817.429599999986,-5796.200800000007,-2978.771200000012
2026-01-19T11:29:37.000000,2804.435099999986,-5796.200800000007,-2991.7657000000117
2026-01-19T11:29:42.000000,2788.4449499999855,-5796.200800000007,-3007.7558500000123
2026-01-19T11:29:47.000000,2778.4484999999863,-5796.200800000007,-3017.7523000000115
2026-01-19T11:30:02.000000,2753.4545999999855,-5796.200800000007,-3042.7462000000123
2026-01-19T13:00:07.000000,2728.455899999986,-5796.200800000007,-3067.744900000012
2026-01-19T13:00:12.000000,2712.4561499999854,-5796.200800000007,-3083.7446500000124
2026-01-19T13:06:32.000000,2712.4561499999854,-5776.255150000007,-3063.7990000000123
2026-01-19T13:07:22.000000,2712.4561499999854,-5767.8559500000065,-3055.399800000011
2026-01-19T13:09:42.000000,2712.4561499999854,-5835.472950000007,-3123.0168000000117
2026-01-19T13:09:47.000000,2712.4561499999854,-5913.091450000007,-3200.635300000012
2026-01-19T13:10:12.000000,2712.4561499999854,-5952.673850000008,-3240.217700000013
2026-01-19T13:11:02.000000,2712.4561499999854,-6020.298850000009,-3307.8427000000133
2026-01-19T13:11:37.000000,2712.4561499999854,-6087.92385000001,-3375.467700000014
2026-01-19T13:12:12.000000,2712.4561499999854,-6127.506250000011,-3415.0501000000145
2026-01-19T13:14:12.000000,2712.4561499999854,-6167.101450000012,-3454.645300000015
2026-01-19T13:14:27.000000,2712.4561499999854,-6168.7613500000125,-3456.3052000000152
2026-01-19T13:14:47.000000,2712.4561499999854,-6164.425150000013,-3451.9690000000155
2026-01-19T13:15:32.000000,2712.4561499999854,-6162.095650000013,-3449.6395000000157
2026-01-19T13:15:37.000000,2712.4561499999854,-6159.766150000013,-3447.310000000016
2026-01-19T13:15:42.000000,2712.4561499999854,-6167.430150000013,-3454.974000000016
2026-01-19T13:17:42.000000,2712.4561499999854,-6195.081150000013,-3482.6250000000155
2026-01-19T13:17:47.000000,2712.4561499999854,-6222.732150000013,-3510.276000000015
2026-01-19T13:18:37.000000,2732.4761999999855,-6222.732150000013,-3490.2559500000148
2026-01-19T13:19:32.000000,2732.4761999999855,-6230.3881500000125,-3497.9119500000147
2026-01-19T13:19:47.000000,2732.4761999999855,-6251.387700000012,-3518.9115000000143
2026-01-19T13:20:52.000000,2732.4761999999855,-6290.995700000011,-3558.5195000000135
2026-01-19T13:22:37.000000,2732.4761999999855,-6298.643700000011,-3566.1675000000137
2026-01-19T13:22:37.000000,2732.4761999999855,-6338.251700000011,-3605.775500000013
2026-01-19T13:23:27.000000,2732.4761999999855,-6361.87010000001,-3629.3939000000128
2026-01-19T13:23:42.000000,2732.4761999999855,-6359.524600000011,-3627.048400000013
2026-01-19T13:24:32.000000,2732.4761999999855,-6383.14300000001,-3650.6668000000127
2026-01-19T13:24:47.000000,2732.4761999999855,-6390.75900000001,-3658.2828000000127
2026-01-19T13:24:52.000000,2732.4761999999855,-6414.377400000009,-3681.9012000000125
2026-01-19T13:25:07.000000,2732.4761999999855,-6437.995800000009,-3705.5196000000124
2026-01-19T13:27:12.000000,2732.4761999999855,-6445.643800000009,-3713.1676000000125
2026-01-19T13:27:12.000000,2732.4761999999855,-6469.262200000008,-3736.7860000000123
2026-01-19T13:34:37.000000,2732.4761999999855,-6548.271400000009,-3815.7952000000128
2026-01-19T13:34:57.000000,2732.4761999999855,-6618.2768500000075,-3885.800650000012
2026-01-19T13:39:07.000000,2732.4761999999855,-6598.3216000000075,-3865.845400000012
2026-01-19T13:39:22.000000,2732.4761999999855,-6566.376550000006,-3833.9003500000113
2026-01-19T13:39:27.000000,2732.4761999999855,-6537.429550000006,-3804.953350000011
2026-01-19T13:39:32.000000,2732.4761999999855,-6508.482550000006,-3776.006350000011
2026-01-19T13:39:47.000000,2732.4761999999855,-6482.533600000005,-3750.05740000001
2026-01-19T13:39:52.000000,2732.4761999999855,-6456.582250000005,-3724.1060500000103
2026-01-19T13:39:57.000000,2732.4761999999855,-6442.625500000005,-3710.14930000001
2026-01-19T13:47:12.000000,2732.4761999999855,-6450.203100000004,-3717.72690000001
2026-01-19T13:50:32.000000,2717.015799999984,-6450.203100000004,-3733.1873000000114
2026-01-19T13:53:37.000000,2717.015799999984,-6400.257750000005,-3683.241950000012
2026-01-19T13:53:42.000000,2717.015799999984,-6350.310000000005,-3633.2942000000116
2026-01-19T13:53:47.000000,2717.015799999984,-6300.359850000004,-3583.344050000011
2026-01-19T13:53:52.000000,2717.015799999984,-6250.407300000004,-3533.3915000000106
2026-01-19T13:53:57.000000,2717.015799999984,-6203.452800000005,-3486.437000000011
2026-01-19T13:54:32.000000,2717.015799999984,-6195.028000000005,-3478.012200000011
2026-01-19T13:57:17.000000,2717.015799999984,-6202.592800000005,-3485.577000000011
2026-01-19T13:57:52.000000,2717.015799999984,-6221.986600000005,-3504.970800000011
2026-01-19T13:59:57.000000,2717.567399999984,-6221.986600000005,-3504.419200000011
2026-01-19T14:04:12.000000,2717.567399999984,-6229.551400000005,-3511.9840000000113
2026-01-19T14:04:22.000000,2717.567399999984,-6239.019850000005,-3521.4524500000116
2026-01-19T14:04:52.000000,2717.567399999984,-6282.426850000005,-3564.8594500000117
2026-01-19T14:06:02.000000,2717.567399999984,-6312.165350000005,-3594.597950000011
2026-01-19T14:06:47.000000,2717.567399999984,-6351.722150000004,-3634.1547500000106
2026-01-19T14:06:57.000000,2717.567399999984,-6373.835600000004,-3656.268200000011
2026-01-19T14:07:07.000000,2717.567399999984,-6386.952500000004,-3669.385100000011
2026-01-19T14:07:12.000000,2717.567399999984,-6421.0581500000035,-3703.490750000011
2026-01-19T14:07:22.000000,2717.567399999984,-6470.1588500000025,-3752.59145000001
2026-01-19T14:07:27.000000,2717.567399999984,-6522.257600000002,-3804.6902000000096
2026-01-19T14:07:32.000000,2717.567399999984,-6574.353950000002,-3856.7865500000103
2026-01-19T14:13:12.000000,2717.567399999984,-6545.469350000002,-3827.90195000001
2026-01-19T14:13:17.000000,2717.567399999984,-6525.583700000002,-3808.01630000001
2026-01-19T14:13:22.000000,2717.567399999984,-6502.697600000002,-3785.1302000000105
2026-01-19T14:13:27.000000,2717.567399999984,-6550.311600000003,-3832.7442000000115
2026-01-19T14:13:32.000000,2717.567399999984,-6597.925600000003,-3880.3582000000124
2026-01-19T14:14:37.000000,2717.567399999984,-6627.672900000002,-3910.105500000012
2026-01-19T14:15:02.000000,2717.567399999984,-6651.240100000002,-3933.6727000000114
2026-01-19T14:15:22.000000,2717.567399999984,-6674.807300000001,-3957.239900000011
2026-01-19T14:15:52.000000,2717.567399999984,-6698.374500000001,-3980.8071000000105
2026-01-19T14:16:12.000000,2717.567399999984,-6721.9417,-4004.37430000001
2026-01-19T14:16:37.000000,2717.567399999984,-6761.511299999999,-4043.9439000000093
2026-01-19T14:16:47.000000,2717.567399999984,-6768.747299999999,-4051.179900000009
2026-01-19T14:17:07.000000,2717.567399999984,-6798.494599999998,-4080.9272000000087
2026-01-19T14:17:27.000000,2717.567399999984,-6856.601449999997,-4139.034050000008
2026-01-19T14:18:57.000000,2717.567399999984,-6857.841349999998,-4140.273950000009
2026-01-19T14:19:12.000000,2717.567399999984,-6859.071649999998,-4141.504250000009
2026-01-19T14:20:22.000000,2717.567399999984,-6877.8260999999975,-4160.2587000000085
2026-01-19T14:22:57.000000,2717.567399999984,-6867.0593999999965,-4149.4920000000075
2026-01-19T14:23:02.000000,2717.567399999984,-6853.292249999997,-4135.724850000008
2026-01-19T14:23:22.000000,2717.567399999984,-6836.4310499999965,-4118.8636500000075
2026-01-19T14:23:32.000000,2717.567399999984,-6819.569849999996,-4102.002450000007
2026-01-19T14:23:37.000000,2717.567399999984,-6805.706699999996,-4088.139300000007
2026-01-19T14:23:42.000000,2717.567399999984,-6791.841149999996,-4074.273750000007
2026-01-19T14:23:57.000000,2717.567399999984,-6786.972149999996,-4069.4047500000074
2026-01-19T14:24:12.000000,2717.567399999984,-6794.412149999996,-4076.8447500000075
2026-01-19T14:30:42.000000,2717.567399999984,-6802.002549999996,-4084.4351500000075
2026-01-19T14:31:12.000000,2717.567399999984,-6809.592949999996,-4092.0255500000076
2026-01-19T14:31:22.000000,2717.567399999984,-6817.183349999996,-4099.615950000008
2026-01-19T14:32:12.000000,2717.567399999984,-6824.773749999996,-4107.206350000008
2026-01-19T14:34:27.000000,2717.567399999984,-6848.353749999996,-4130.786350000008
2026-01-19T14:34:37.000000,2717.567399999984,-6871.933749999996,-4154.3663500000075
2026-01-19T14:37:52.000000,2717.567399999984,-6895.5137499999955,-4177.946350000007
2026-01-19T14:43:02.000000,2717.567399999984,-6919.093749999995,-4201.526350000007
2026-01-19T14:44:07.000000,2717.567399999984,-6926.671349999995,-4209.103950000007
2026-01-19T14:44:12.000000,2717.567399999984,-6934.248949999995,-4216.681550000007
2026-01-19T14:44:27.000000,2717.567399999984,-6957.828949999995,-4240.2615500000065
2026-01-19T14:44:52.000000,2717.567399999984,-6965.406549999994,-4247.839150000006
2026-01-19T14:44:57.000000,2717.567399999984,-6972.984149999994,-4255.416750000006
2026-01-19T14:45:02.000000,2717.567399999984,-6990.593649999993,-4273.026250000005
2026-01-19T14:45:02.000000,2717.567399999984,-6998.171249999993,-4280.603850000005
2026-01-19T14:45:02.000000,2717.567399999984,-7005.748849999993,-4288.181450000005
2026-01-19T14:45:02.000000,2717.567399999984,-7013.326449999992,-4295.759050000004
2026-01-19T15:00:00.000000,2717.567399999984,-7020.915249999993,-4303.347850000005
2026-01-19T15:00:00.000000,2717.567399999984,-7028.504049999993,-4310.936650000005
2026-01-20T10:00:07.000000,2717.567399999984,-6972.456049999993,-4254.888650000005
2026-01-20T10:05:12.000000,2687.2925999999834,-6972.456049999993,-4285.1634500000055
2026-01-20T10:06:07.000000,2673.8420999999826,-6972.456049999993,-4298.613950000006
2026-01-20T10:06:17.000000,2673.8420999999826,-6989.985549999993,-4316.143450000006
2026-01-20T10:15:37.000000,2582.4662999999823,-6989.985549999993,-4407.519250000007
2026-01-20T10:15:57.000000,2534.956299999983,-6989.985549999993,-4455.029250000006
2026-01-20T10:16:22.000000,2507.759699999983,-6989.985549999993,-4482.225850000006
2026-01-20T10:16:27.000000,2480.5662999999827,-6989.985549999993,-4509.419250000006
2026-01-20T10:16:32.000000,2453.3728999999826,-6989.985549999993,-4536.612650000006
2026-01-20T10:16:37.000000,2430.170499999983,-6989.985549999993,-4559.815050000006
2026-01-20T10:17:27.000000,2430.170499999983,-6987.512049999993,-4557.341550000006
2026-01-20T10:17:52.000000,2374.790499999983,-6987.512049999993,-4612.721550000006
2026-01-20T10:18:07.000000,2374.790499999983,-6985.030549999993,-4610.240050000006
2026-01-20T10:18:12.000000,2374.790499999983,-7008.956149999993,-4634.165650000005
2026-01-20T10:18:17.000000,2374.790499999983,-7006.474649999993,-4631.6841500000055
2026-01-20T10:18:52.000000,2331.4170999999824,-7006.474649999993,-4675.057550000006
2026-01-20T10:19:07.000000,2282.047599999982,-7006.474649999993,-4724.427050000006
2026-01-20T10:19:12.000000,2232.678099999982,-7006.474649999993,-4773.7965500000055
2026-01-20T10:19:32.000000,2189.3094999999817,-7006.474649999993,-4817.165150000006
2026-01-20T10:19:37.000000,2189.3094999999817,-7003.993149999993,-4814.683650000006
2026-01-20T10:19:37.000000,2145.9408999999814,-7003.993149999993,-4858.052250000007
2026-01-20T10:19:42.000000,2102.572299999981,-7003.993149999993,-4901.420850000008
2026-01-20T10:19:47.000000,2053.207599999981,-7003.993149999993,-4950.785550000008
2026-01-20T10:19:57.000000,2009.8437999999808,-7003.993149999993,-4994.149350000008
2026-01-20T10:20:02.000000,2009.8437999999808,-7011.615549999993,-5001.771750000008
2026-01-20T10:20:22.000000,1996.484499999981,-7011.615549999993,-5015.131050000008
2026-01-20T10:20:27.000000,1983.1203999999811,-7011.615549999993,-5028.495150000008
2026-01-20T10:20:32.000000,1957.7592999999815,-7011.615549999993,-5053.856250000007
2026-01-20T10:20:37.000000,1938.3990999999817,-7011.615549999993,-5073.216450000007
2026-01-20T10:20:42.000000,1919.0388999999818,-7011.615549999993,-5092.576650000007
2026-01-20T10:20:47.000000,1905.674799999982,-7011.615549999993,-5105.940750000007
2026-01-20T10:20:52.000000,1886.3145999999822,-7011.615549999993,-5125.300950000007
2026-01-20T10:20:57.000000,1860.9534999999826,-7011.615549999993,-5150.662050000006
2026-01-20T10:21:07.000000,1823.5953999999822,-7011.615549999993,-5188.020150000007
2026-01-20T10:21:12.000000,1774.240299999982,-7011.615549999993,-5237.375250000006
2026-01-20T10:22:07.000000,1718.889099999982,-7011.615549999993,-5292.7264500000065
2026-01-20T10:22:17.000000,1663.5378999999818,-7011.615549999993,-5348.0776500000065
2026-01-20T10:22:22.000000,1663.5378999999818,-6997.479449999993,-5333.941550000007
2026-01-20T10:23:17.000000,1600.9616499999822,-6997.479449999993,-5396.517800000007
2026-01-20T10:23:52.000000,1548.3828999999823,-6997.479449999993,-5449.096550000007
2026-01-20T10:23:57.000000,1500.8008999999831,-6997.479449999993,-5496.678550000006
2026-01-20T10:24:27.000000,1475.4397999999835,-6997.479449999993,-5522.039650000005
2026-01-20T10:24:32.000000,1456.0795999999837,-6997.479449999993,-5541.399850000005
2026-01-20T10:25:47.000000,1448.7163999999837,-6997.479449999993,-5548.763050000005
2026-01-20T10:25:57.000000,1441.3531999999836,-6997.479449999993,-5556.126250000005
2026-01-20T10:26:02.000000,1427.9938999999838,-6997.479449999993,-5569.485550000005
2026-01-20T10:26:02.000000,1412.843899999984,-6997.479449999993,-5584.6355500000045
2026-01-20T10:26:12.000000,1401.6944999999832,-6997.479449999993,-5595.784950000005
2026-01-20T10:26:22.000000,1400.3369999999832,-6997.479449999993,-5597.142450000005
2026-01-20T10:26:27.000000,1398.979499999983,-6997.479449999993,-5598.499950000005
2026-01-20T10:26:27.000000,1346.4287499999832,-6997.479449999993,-5651.050700000005
2026-01-20T10:26:27.000000,1347.277949999983,-6997.479449999993,-5650.201500000006
2026-01-20T10:26:32.000000,1352.1277499999835,-6997.479449999993,-5645.351700000005
2026-01-20T10:26:37.000000,1356.9743499999825,-6997.479449999993,-5640.505100000006
2026-01-20T10:26:47.000000,1357.8203499999822,-6997.479449999993,-5639.659100000006
2026-01-20T10:26:47.000000,1358.666349999982,-6997.479449999993,-5638.813100000007
2026-01-20T10:26:52.000000,1367.5135499999817,-6997.479449999993,-5629.965900000007
2026-01-20T10:26:57.000000,1360.1599499999818,-6997.479449999993,-5637.319500000008
2026-01-20T10:26:57.000000,1369.0039499999814,-6997.479449999993,-5628.475500000008
2026-01-20T10:27:02.000000,1367.6512499999812,-6997.479449999993,-5629.828200000008
2026-01-20T10:27:02.000000,1384.4964499999821,-6997.479449999993,-5612.983000000007
2026-01-20T10:27:07.000000,1383.143749999982,-6997.479449999993,-5614.335700000008
2026-01-20T10:27:07.000000,1399.9857499999814,-6997.479449999993,-5597.493700000008
2026-01-20T10:27:17.000000,1416.8277499999808,-6997.479449999993,-5580.6517000000085
2026-01-20T10:28:07.000000,1399.330249999981,-6997.479449999993,-5598.149200000008
2026-01-20T10:31:42.000000,1399.330249999981,-7005.428249999994,-5606.098000000008
2026-01-20T10:37:37.000000,1399.330249999981,-7103.097749999994,-5703.767500000009
2026-01-20T10:38:17.000000,1399.330249999981,-7134.762149999994,-5735.431900000009
2026-01-20T10:38:52.000000,1399.330249999981,-7158.7645499999935,-5759.434300000008
2026-01-20T10:39:07.000000,1399.330249999981,-7182.766949999993,-5783.4367000000075
2026-01-20T10:39:47.000000,1399.330249999981,-7190.456549999993,-5791.126300000007
2026-01-20T10:41:07.000000,1399.330249999981,-7197.968549999992,-5798.638300000007
2026-01-20T10:41:12.000000,1399.330249999981,-7217.659949999992,-5818.329700000007
2026-01-20T10:41:42.000000,1399.330249999981,-7237.341749999991,-5838.011500000006
2026-01-20T10:42:17.000000,1399.330249999981,-7269.025349999991,-5869.695100000005
2026-01-20T10:43:02.000000,1399.330249999981,-7312.70114999999,-5913.370900000004
2026-01-20T10:43:12.000000,1399.330249999981,-7356.376949999989,-5957.0467000000035
2026-01-20T10:44:07.000000,1399.330249999981,-7396.368949999988,-5997.038700000003
2026-01-20T10:44:17.000000,1399.330249999981,-7416.041149999988,-6016.710900000003
2026-01-20T10:44:37.000000,1399.330249999981,-7440.043549999988,-6040.713300000002
2026-01-20T10:44:47.000000,1399.330249999981,-7459.725349999987,-6060.395100000002
2026-01-20T10:44:52.000000,1399.330249999981,-7491.408949999986,-6092.078700000001
2026-01-20T10:45:37.000000,1399.330249999981,-7590.670749999985,-6191.340499999999
2026-01-20T10:45:57.000000,1399.330249999981,-7662.680349999985,-6263.3501
2026-01-20T10:45:57.000000,1399.330249999981,-7714.615749999986,-6315.285500000001
2026-01-20T10:46:02.000000,1399.330249999981,-7786.625349999987,-6387.295100000001
2026-01-20T10:48:02.000000,1399.330249999981,-7914.407349999987,-6515.077100000001
2026-01-20T10:48:32.000000,1399.330249999981,-7977.335599999988,-6578.005350000002
2026-01-20T10:49:02.000000,1399.330249999981,-8065.347599999987,-6666.017350000002
2026-01-20T10:50:07.000000,1399.330249999981,-8118.166349999988,-6718.836100000002
2026-01-20T10:51:42.000000,1399.330249999981,-8126.038349999988,-6726.708100000003
2026-01-20T10:51:52.000000,1399.330249999981,-8148.912599999988,-6749.582350000002
2026-01-20T10:52:07.000000,1399.330249999981,-8145.874949999988,-6746.544700000002
2026-01-20T10:52:37.000000,1399.330249999981,-8142.837299999987,-6743.507050000002
2026-01-20T10:53:02.000000,1399.330249999981,-8198.54369999999,-6799.213450000003
2026-01-20T10:53:02.000000,1399.330249999981,-8206.50769999999,-6807.177450000003
2026-01-20T10:54:07.000000,1399.330249999981,-8262.21409999999,-6862.883850000004
2026-01-20T10:55:32.000000,1399.330249999981,-8314.17589999999,-6914.845650000003
2026-01-20T10:55:42.000000,1399.330249999981,-8381.72089999999,-6982.390650000003
2026-01-20T10:55:52.000000,1399.330249999981,-8433.682699999988,-7034.352450000002
2026-01-20T10:58:47.000000,1399.330249999981,-8441.637899999989,-7042.3076500000025
2026-01-20T10:59:27.000000,1368.0818499999816,-8441.637899999989,-7073.556050000002
2026-01-20T10:59:42.000000,1328.841849999981,-8441.637899999989,-7112.796050000003
2026-01-20T10:59:52.000000,1285.601249999981,-8441.637899999989,-7156.036650000003
2026-01-20T11:00:47.000000,1274.3494499999804,-8441.637899999989,-7167.288450000004
2026-01-20T11:00:52.000000,1274.3494499999804,-8438.61784999999,-7164.268400000004
2026-01-20T11:01:07.000000,1274.3494499999804,-8431.47559999999,-7157.126150000004
2026-01-20T11:01:47.000000,1274.3494499999804,-8439.23239999999,-7164.882950000004
2026-01-20T11:01:57.000000,1274.3494499999804,-8458.19804999999,-7183.848600000004
2026-01-20T11:02:52.000000,1274.3494499999804,-8480.77229999999,-7206.422850000004
2026-01-20T11:03:17.000000,1274.3494499999804,-8521.732449999989,-7247.3830000000025
2026-01-20T11:06:17.000000,1274.3494499999804,-8544.582699999988,-7270.233250000002
2026-01-20T11:07:37.000000,1274.3494499999804,-8552.094699999989,-7277.745250000002
2026-01-20T11:08:02.000000,1274.3494499999804,-8571.060349999989,-7296.710900000002
2026-01-20T11:08:32.000000,1274.3494499999804,-8608.636849999988,-7334.287400000001
2026-01-20T11:10:07.000000,1274.3494499999804,-8601.494599999989,-7327.145150000001
2026-01-20T11:10:22.000000,1274.3494499999804,-8699.080099999988,-7424.73065
2026-01-20T11:15:22.000000,1274.3494499999804,-8781.723349999987,-7507.3739000000005
2026-01-20T11:17:17.000000,1274.3494499999804,-8813.541349999987,-7539.1919
2026-01-20T11:18:12.000000,1274.3494499999804,-8866.240099999986,-7591.89065
2026-01-20T11:19:17.000000,1274.3494499999804,-8886.037099999987,-7611.68765
2026-01-20T11:19:42.000000,1274.3494499999804,-8881.840099999987,-7607.49065
2026-01-20T11:19:57.000000,1274.3494499999804,-8889.644899999987,-7615.29545
2026-01-20T11:20:07.000000,1274.3494499999804,-8909.451499999986,-7635.1020499999995
2026-01-20T11:20:22.000000,1274.3494499999804,-8941.259899999986,-7666.910449999999
2026-01-20T11:20:32.000000,1274.3494499999804,-8960.251949999985,-7685.902499999999
2026-01-20T11:22:37.000000,1274.3494499999804,-8944.072349999986,-7669.7229
2026-01-20T11:22:52.000000,1274.3494499999804,-8901.368849999984,-7627.019399999999
2026-01-20T11:25:47.000000,1274.3494499999804,-8933.177249999984,-7658.827799999999
2026-01-20T11:26:57.000000,1274.3494499999804,-8964.985649999984,-7690.636199999999
2026-01-20T11:27:17.000000,1274.3494499999804,-9008.786249999983,-7734.436799999999
2026-01-20T11:28:02.000000,1274.3494499999804,-9064.579049999984,-7790.2296
2026-01-20T11:28:52.000000,1274.3494499999804,-9096.387449999984,-7822.038
2026-01-20T11:29:17.000000,1274.3494499999804,-9116.194049999984,-7841.844599999999
2026-01-20T13:00:12.000000,1274.3494499999804,-9079.119299999984,-7804.769849999999
2026-01-20T13:00:27.000000,1274.3494499999804,-9086.623299999985,-7812.273849999999
2026-01-20T13:01:17.000000,1274.3494499999804,-9094.613699999985,-7820.264249999998
2026-01-20T13:02:27.000000,1274.3494499999804,-9082.114699999984,-7807.765249999997
2026-01-20T13:02:37.000000,1274.3494499999804,-9069.615699999982,-7795.266249999995
2026-01-20T13:09:22.000000,1274.3494499999804,-9099.609399999981,-7825.259949999994
2026-01-20T13:10:42.000000,1274.3494499999804,-9212.29314999998,-7937.943699999993
2026-01-20T13:12:47.000000,1274.3494499999804,-9235.20339999998,-7960.853949999994
2026-01-20T13:17:32.000000,1274.3494499999804,-9242.67539999998,-7968.325949999994
2026-01-20T13:17:42.000000,1274.3494499999804,-9254.04239999998,-7979.692949999994
2026-01-20T13:17:52.000000,1274.3494499999804,-9271.51589999998,-7997.166449999994
2026-01-20T13:19:02.000000,1274.3494499999804,-9294.43814999998,-8020.088699999994
2026-01-20T13:19:17.000000,1274.3494499999804,-9317.36039999998,-8043.0109499999935
2026-01-20T13:19:22.000000,1274.3494499999804,-9325.28039999998,-8050.930949999994
2026-01-20T13:19:32.000000,1274.3494499999804,-9348.20264999998,-8073.853199999993
2026-01-20T13:20:07.000000,1274.3494499999804,-9371.11289999998,-8096.763449999994
2026-01-20T13:20:52.000000,1274.3494499999804,-9394.02314999998,-8119.673699999995
2026-01-20T13:22:02.000000,1274.3494499999804,-9386.92889999998,-8112.579449999995
2026-01-20T13:22:42.000000,1274.3494499999804,-9364.84439999998,-8090.494949999994
2026-01-20T13:24:57.000000,1274.3494499999804,-9322.140899999979,-8047.791449999993
2026-01-20T13:25:22.000000,1274.3494499999804,-9289.438899999977,-8015.089449999992
2026-01-20T13:26:07.000000,1274.3494499999804,-9312.337149999978,-8037.9876999999915
2026-01-20T13:26:17.000000,1274.3494499999804,-9299.630149999975,-8025.28069999999
2026-01-20T13:27:12.000000,1274.3494499999804,-9317.111649999975,-8042.76219999999
2026-01-20T13:32:07.000000,1274.3494499999804,-9324.916449999975,-8050.56699999999
2026-01-20T13:32:22.000000,1274.3494499999804,-9342.397949999975,-8068.04849999999
2026-01-20T13:38:47.000000,1274.3494499999804,-9350.193149999976,-8075.843699999989
2026-01-20T13:39:02.000000,1274.3494499999804,-9369.990149999976,-8095.640699999989
2026-01-20T13:40:42.000000,1274.3494499999804,-9334.615049999977,-8060.26559999999
2026-01-20T13:41:07.000000,1274.3494499999804,-9353.615899999977,-8079.266449999989
2026-01-20T13:41:42.000000,1274.3494499999804,-9376.502149999977,-8102.152699999989
2026-01-20T13:44:12.000000,1274.3494499999804,-9396.299149999977,-8121.949699999988
2026-01-20T13:44:47.000000,1274.3494499999804,-9404.094349999978,-8129.744899999988
2026-01-20T13:46:12.000000,1274.3494499999804,-9399.887749999976,-8125.538299999986
2026-01-20T13:46:22.000000,1274.3494499999804,-9395.681149999975,-8121.331699999983
2026-01-20T13:46:57.000000,1274.3494499999804,-9463.574149999975,-8189.224699999983
2026-01-20T13:47:02.000000,1274.3494499999804,-9531.467149999975,-8257.117699999984
2026-01-20T13:47:12.000000,1274.3494499999804,-9599.360149999975,-8325.010699999984
2026-01-20T13:48:47.000000,1274.3494499999804,-9682.255399999975,-8407.905949999984
2026-01-20T13:50:12.000000,1274.3494499999804,-9765.162649999975,-8490.813199999984
2026-01-20T13:51:32.000000,1274.3494499999804,-9818.089399999973,-8543.739949999983
2026-01-20T13:55:42.000000,1274.3494499999804,-9815.591899999974,-8541.242449999983
2026-01-20T13:55:47.000000,1274.3494499999804,-9803.092899999972,-8528.743449999982
2026-01-20T13:55:52.000000,1274.3494499999804,-9790.59389999997,-8516.24444999998
2026-01-20T13:56:02.000000,1274.3494499999804,-9788.096399999971,-8513.74694999998
2026-01-20T13:56:02.000000,1274.3494499999804,-9736.043399999971,-8461.69394999998
2026-01-20T13:56:07.000000,1274.3494499999804,-9723.54439999997,-8449.19494999998
2026-01-20T13:56:22.000000,1274.3494499999804,-9711.045399999968,-8436.695949999978
2026-01-20T13:56:37.000000,1274.3494499999804,-9673.982649999967,-8399.633199999977
2026-01-20T13:57:47.000000,1202.9478499999802,-9673.982649999967,-8471.034799999976
2026-01-20T13:58:02.000000,1131.54624999998,-9673.982649999967,-8542.436399999975
2026-01-20T13:58:07.000000,1064.1452499999807,-9673.982649999967,-8609.837399999975
2026-01-20T13:58:12.000000,996.7442499999813,-9673.982649999967,-8677.238399999975
2026-01-20T13:58:17.000000,929.3432499999819,-9673.982649999967,-8744.639399999975
2026-01-20T13:58:27.000000,861.9422499999826,-9673.982649999967,-8812.040399999974
2026-01-20T13:58:32.000000,790.5406499999825,-9673.982649999967,-8883.441999999974
2026-01-20T13:58:37.000000,719.1390499999825,-9673.982649999967,-8954.843599999973
2026-01-20T13:58:42.000000,651.7380499999831,-9673.982649999967,-9022.244599999973
2026-01-20T13:58:52.000000,584.3370499999837,-9673.982649999967,-9089.645599999973
2026-01-20T13:59:32.000000,540.9460499999838,-9673.982649999967,-9133.036599999972
2026-01-20T13:59:42.000000,505.55624999998366,-9673.982649999967,-9168.426399999973
2026-01-20T13:59:47.000000,478.1644499999834,-9673.982649999967,-9195.818199999972
2026-01-20T13:59:52.000000,446.77204999998247,-9673.982649999967,-9227.210599999973
2026-01-20T13:59:57.000000,415.37964999998155,-9673.982649999967,-9258.602999999974
2026-01-20T14:00:07.000000,387.9878499999813,-9673.982649999967,-9285.994799999973
2026-01-20T14:00:12.000000,368.5972499999808,-9673.982649999967,-9305.385399999974
2026-01-20T14:01:47.000000,361.2116499999808,-9673.982649999967,-9312.770999999973
2026-01-20T14:03:07.000000,361.2116499999808,-9649.177849999967,-9287.966199999973
2026-01-20T14:03:32.000000,378.30324999998174,-9649.177849999967,-9270.874599999972
2026-01-20T14:03:37.000000,391.39424999998204,-9649.177849999967,-9257.783599999972
2026-01-20T14:03:47.000000,408.485849999983,-9649.177849999967,-9240.69199999997
2026-01-20T14:03:57.000000,425.5806499999825,-9649.177849999967,-9223.597199999971
2026-01-20T14:04:32.000000,425.5806499999825,-9648.363849999967,-9222.78319999997
2026-01-20T14:05:12.000000,425.5806499999825,-9655.551049999967,-9229.970399999971
2026-01-20T14:09:07.000000,425.5806499999825,-9678.173299999968,-9252.592649999971
2026-01-20T14:13:37.000000,425.5806499999825,-9685.453299999968,-9259.872649999972
2026-01-20T14:14:22.000000,425.5806499999825,-9702.918799999969,-9277.338149999972
2026-01-20T14:15:12.000000,425.5806499999825,-9720.384299999969,-9294.803649999973
2026-01-20T14:15:32.000000,425.5806499999825,-9773.28704999997,-9347.706399999974
2026-01-20T14:16:07.000000,425.5806499999825,-9796.19729999997,-9370.616649999974
2026-01-20T14:16:32.000000,425.5806499999825,-9819.107549999972,-9393.526899999975
2026-01-20T14:17:32.000000,425.5806499999825,-9811.725299999971,-9386.144649999975
2026-01-20T14:18:57.000000,425.5806499999825,-9819.645299999971,-9394.064649999975
2026-01-20T14:21:12.000000,425.5806499999825,-9827.109299999971,-9401.528649999975
2026-01-20T14:29:37.000000,425.5806499999825,-9846.110149999971,-9420.529499999975
2026-01-20T14:30:47.000000,425.5806499999825,-9853.558149999972,-9427.977499999975
2026-01-20T14:31:42.000000,425.5806499999825,-9872.558999999972,-9446.978349999976
2026-01-20T14:31:47.000000,425.5806499999825,-9891.559849999972,-9465.979199999976
2026-01-20T14:36:57.000000,400.2531499999818,-9891.559849999972,-9491.306699999977
2026-01-20T14:38:32.000000,386.92744999998195,-9891.559849999972,-9504.632399999977
2026-01-20T14:39:02.000000,373.6017499999821,-9891.559849999972,-9517.958099999976
2026-01-20T14:39:47.000000,366.2769499999821,-9891.559849999972,-9525.282899999977
2026-01-20T14:39:52.000000,352.9512499999822,-9891.559849999972,-9538.608599999976
2026-01-20T14:40:27.000000,345.6216499999822,-9891.559849999972,-9545.938199999975
2026-01-20T14:44:12.000000,345.6216499999822,-9910.551899999971,-9564.930249999974
2026-01-20T14:44:17.000000,345.6216499999822,-9929.54394999997,-9583.922299999973
2026-01-21T10:10:12.000000,345.6216499999822,-9966.99644999997,-9621.374799999972
2026-01-21T10:12:37.000000,345.6216499999822,-9862.985399999969,-9517.363749999971
2026-01-21T10:13:22.000000,273.8040499999821,-9862.985399999969,-9589.181349999972
2026-01-21T10:20:42.000000,234.0168499999814,-9862.985399999969,-9628.968549999972
2026-01-21T10:20:57.000000,178.24004999998098,-9862.985399999969,-9684.745349999972
2026-01-21T10:22:47.000000,178.24004999998098,-9806.847799999969,-9628.607749999972
2026-01-21T10:23:12.000000,154.45524999998133,-9806.847799999969,-9652.392549999971
2026-01-21T10:23:42.000000,114.68084999998202,-9806.847799999969,-9692.16694999997
2026-01-21T10:25:52.000000,114.68084999998202,-9784.607299999969,-9669.92644999997
2026-01-21T10:30:07.000000,90.85764999998236,-9784.607299999969,-9693.749649999969
2026-01-21T10:31:52.000000,90.85764999998236,-9877.50804999997,-9786.65039999997
2026-01-21T10:31:57.000000,90.85764999998236,-9960.411299999969,-9869.553649999969
2026-01-21T10:33:02.000000,90.85764999998236,-10028.33629999997,-9937.47864999997
2026-01-21T10:40:37.000000,90.85764999998236,-10046.18579999997,-9955.32814999997
2026-01-21T10:43:02.000000,90.85764999998236,-10133.980199999969,-10043.12254999997
2026-01-21T10:43:07.000000,90.85764999998236,-10205.772199999969,-10114.914549999969
2026-01-21T10:43:57.000000,90.85764999998236,-10277.576999999968,-10186.719349999968
2026-01-21T10:44:07.000000,90.85764999998236,-10349.381799999968,-10258.524149999968
2026-01-21T10:45:52.000000,90.85764999998236,-10346.300149999968,-10255.442499999968
2026-01-21T10:46:52.000000,90.85764999998236,-10354.120949999968,-10263.263299999968
2026-01-21T10:47:42.000000,90.85764999998236,-10351.959449999968,-10261.101799999968
2026-01-21T10:55:52.000000,83.10564999998236,-10351.959449999968,-10268.853799999968
2026-01-21T10:56:32.000000,75.35364999998237,-10351.959449999968,-10276.605799999968
2026-01-21T10:56:37.000000,67.60164999998237,-10351.959449999968,-10284.357799999969
2026-01-21T10:59:27.000000,67.60164999998237,-10358.885849999968,-10291.28419999997
2026-01-21T11:00:22.000000,67.60164999998237,-10381.640099999968,-10314.038449999969
2026-01-21T11:00:32.000000,67.60164999998237,-10404.394349999968,-10336.792699999969
2026-01-21T11:00:37.000000,67.60164999998237,-10427.148599999968,-10359.546949999969
2026-01-21T11:02:22.000000,67.60164999998237,-10479.907349999969,-10412.30569999997
2026-01-21T11:02:32.000000,67.60164999998237,-10532.66609999997,-10465.06444999997
2026-01-21T11:03:32.000000,67.60164999998237,-10585.42484999997,-10517.823199999972
2026-01-21T11:03:37.000000,67.60164999998237,-10638.183599999971,-10570.581949999972
2026-01-21T11:03:42.000000,67.60164999998237,-10690.942349999972,-10623.340699999973
2026-01-21T11:03:57.000000,67.60164999998237,-10743.701099999973,-10676.099449999974
2026-01-21T11:04:12.000000,67.60164999998237,-10811.462099999973,-10743.860449999975
2026-01-21T11:04:22.000000,67.60164999998237,-10879.223099999974,-10811.621449999975
2026-01-21T11:04:27.000000,67.60164999998237,-10961.986349999974,-10894.384699999975
2026-01-21T11:04:52.000000,67.60164999998237,-11059.751849999975,-10992.150199999976
2026-01-21T11:04:57.000000,67.60164999998237,-11157.517349999976,-11089.915699999978
2026-01-21T11:05:07.000000,67.60164999998237,-11240.280599999976,-11172.678949999978
2026-01-21T11:05:12.000000,67.60164999998237,-11259.211049999976,-11191.609399999978
2026-01-21T11:05:27.000000,67.60164999998237,-11341.974299999976,-11274.372649999978
2026-01-21T11:07:22.000000,67.60164999998237,-11372.930699999977,-11305.329049999978
2026-01-21T11:07:32.000000,67.60164999998237,-11400.886649999977,-11333.284999999978
2026-01-21T11:08:42.000000,67.60164999998237,-11468.671649999977,-11401.069999999978
2026-01-21T11:09:07.000000,67.60164999998237,-11486.673149999977,-11419.071499999978
2026-01-21T11:09:17.000000,67.60164999998237,-11510.534749999977,-11442.933099999978
2026-01-21T11:10:47.000000,67.60164999998237,-11533.336999999976,-11465.735349999977
2026-01-21T11:16:37.000000,67.60164999998237,-11493.252999999975,-11425.651349999976
2026-01-21T11:18:27.000000,67.60164999998237,-11501.060999999976,-11433.459349999977
2026-01-21T11:27:42.000000,67.60164999998237,-11501.356749999975,-11433.755099999977
2026-01-21T11:29:42.000000,67.60164999998237,-11539.161249999976,-11471.559599999977
2026-01-21T13:00:17.000000,67.60164999998237,-11553.453499999976,-11485.851849999977
2026-01-21T13:01:02.000000,67.60164999998237,-11636.264749999975,-11568.663099999976
2026-01-21T13:02:37.000000,67.60164999998237,-11685.556649999975,-11617.954999999976
2026-01-21T13:03:52.000000,67.60164999998237,-11808.649249999977,-11741.047599999978
2026-01-21T13:04:27.000000,67.60164999998237,-11861.467999999977,-11793.866349999978
2026-01-21T13:04:32.000000,67.60164999998237,-11914.286749999977,-11846.685099999979
2026-01-21T13:04:52.000000,67.60164999998237,-11999.200699999978,-11931.599049999979
2026-01-21T13:05:02.000000,67.60164999998237,-12037.017199999978,-11969.41554999998
2026-01-21T13:05:02.000000,67.60164999998237,-12110.929499999978,-12043.32784999998
2026-01-21T13:05:52.000000,67.60164999998237,-12139.235049999977,-12071.633399999979
2026-01-21T13:05:57.000000,67.60164999998237,-12174.536049999977,-12106.934399999978
2026-01-21T13:06:02.000000,67.60164999998237,-12202.841599999976,-12135.239949999977
2026-01-21T13:06:22.000000,67.60164999998237,-12200.296099999976,-12132.694449999977
2026-01-21T13:06:22.000000,67.60164999998237,-12242.598149999974,-12174.996499999976
2026-01-21T13:06:57.000000,67.60164999998237,-12280.114649999976,-12212.512999999977
2026-01-21T13:07:12.000000,67.60164999998237,-12308.431399999976,-12240.829749999977
2026-01-21T13:07:27.000000,67.60164999998237,-12357.740099999975,-12290.138449999977
2026-01-21T13:07:32.000000,67.60164999998237,-12389.490899999975,-12321.889249999977
2026-01-21T13:07:42.000000,67.60164999998237,-12431.804149999974,-12364.202499999976
2026-01-21T13:08:27.000000,67.60164999998237,-12490.967149999975,-12423.365499999976
2026-01-21T13:08:32.000000,67.60164999998237,-12519.295099999974,-12451.693449999975
2026-01-21T13:08:57.000000,67.60164999998237,-12561.619549999974,-12494.017899999975
2026-01-21T13:09:07.000000,67.60164999998237,-12564.342799999975,-12496.741149999976
2026-01-21T13:09:27.000000,67.60164999998237,-12592.670749999974,-12525.069099999975
2026-01-21T13:09:42.000000,67.60164999998237,-12613.997649999974,-12546.395999999975
2026-01-21T13:09:42.000000,67.60164999998237,-12612.035499999973,-12544.433849999974
2026-01-21T13:09:52.000000,67.60164999998237,-12616.079049999973,-12548.477399999974
2026-01-21T13:10:17.000000,67.60164999998237,-12637.394749999972,-12569.793099999973
2026-01-21T13:11:28.000000,67.60164999998237,-12616.726699999972,-12549.125049999973
2026-01-21T13:12:32.000000,67.60164999998237,-12645.060249999973,-12577.458599999974
2026-01-21T13:13:17.000000,67.60164999998237,-12680.389249999975,-12612.787599999976
2026-01-21T13:14:27.000000,67.60164999998237,-12736.732599999976,-12669.130949999977
2026-01-21T13:14:42.000000,67.60164999998237,-12735.937799999976,-12668.336149999977
2026-01-21T13:16:22.000000,67.60164999998237,-12683.003999999977,-12615.402349999978
2026-01-21T13:16:47.000000,67.60164999998237,-12612.077099999979,-12544.47544999998
2026-01-21T13:16:52.000000,67.60164999998237,-12603.85709999998,-12536.25544999998
2026-01-21T13:17:07.000000,67.60164999998237,-12511.939049999979,-12444.33739999998
2026-01-21T13:17:12.000000,67.60164999998237,-12438.00929999998,-12370.407649999981
2026-01-21T13:22:22.000000,59.84484999998237,-12438.00929999998,-12378.16444999998
2026-01-21T13:22:52.000000,52.088049999982374,-12438.00929999998,-12385.92124999998
2026-01-21T13:22:57.000000,44.331249999982376,-12438.00929999998,-12393.678049999979
2026-01-21T13:23:02.000000,36.57444999998238,-12438.00929999998,-12401.434849999978
2026-01-21T13:25:17.000000,-19.34315000001802,-12438.00929999998,-12457.352449999978
2026-01-21T13:26:22.000000,-19.34315000001802,-12493.08209999998,-12512.425249999978
2026-01-21T13:26:47.000000,-19.34315000001802,-12545.16404999998,-12564.507199999978
2026-01-21T13:26:57.000000,-19.34315000001802,-12537.985799999979,-12557.328949999977
2026-01-21T13:28:27.000000,-19.34315000001802,-12536.064449999978,-12555.407599999977
2026-01-21T13:33:52.000000,-19.34315000001802,-12599.027899999977,-12618.371049999976
2026-01-21T13:37:12.000000,-26.77355000001802,-12599.027899999977,-12625.801449999975
2026-01-21T13:39:37.000000,-26.77355000001802,-12590.340699999977,-12617.114249999975
2026-01-21T13:39:47.000000,-26.77355000001802,-12569.773299999977,-12596.546849999975
2026-01-21T13:41:42.000000,-26.77355000001802,-12579.932949999977,-12606.706499999975
2026-01-21T13:42:17.000000,-26.77355000001802,-12581.098449999978,-12607.871999999976
2026-01-21T13:42:47.000000,-26.77355000001802,-12570.271749999976,-12597.045299999974
2026-01-21T13:43:07.000000,-26.77355000001802,-12544.440399999976,-12571.213949999974
2026-01-21T13:50:32.000000,-26.77355000001802,-12541.854899999977,-12568.628449999975
2026-01-21T13:51:37.000000,-26.77355000001802,-12565.588499999976,-12592.362049999974
2026-01-21T13:51:42.000000,-26.77355000001802,-12589.322099999976,-12616.095649999974
2026-01-21T13:51:52.000000,-26.77355000001802,-12613.055699999975,-12639.829249999973
2026-01-21T13:52:07.000000,-26.77355000001802,-12652.791699999976,-12679.565249999974
2026-01-21T13:52:12.000000,-26.77355000001802,-12692.527699999977,-12719.301249999975
2026-01-21T13:53:17.000000,-26.77355000001802,-12753.718999999977,-12780.492549999975
2026-01-21T13:54:57.000000,-26.77355000001802,-12811.917049999976,-12838.690599999974
2026-01-21T13:56:47.000000,-26.77355000001802,-12797.904149999977,-12824.677699999975
2026-01-21T14:00:42.000000,-26.77355000001802,-12835.744649999977,-12862.518199999975
2026-01-21T14:00:52.000000,-26.77355000001802,-12891.495849999978,-12918.269399999976
2026-01-21T14:01:02.000000,-26.77355000001802,-12947.426249999977,-12974.199799999975
2026-01-21T14:02:47.000000,-26.77355000001802,-12971.185449999977,-12997.958999999975
2026-01-21T14:03:02.000000,-26.77355000001802,-12994.944649999978,-13021.718199999976
2026-01-21T14:03:12.000000,-26.77355000001802,-13018.703849999978,-13045.477399999976
2026-01-21T14:03:57.000000,-26.77355000001802,-13042.463049999978,-13069.236599999977
2026-01-21T14:04:07.000000,-26.77355000001802,-13069.883649999978,-13096.657199999976
2026-01-21T14:04:17.000000,-26.77355000001802,-13101.304849999979,-13128.078399999977
2026-01-21T14:04:37.000000,-26.77355000001802,-13132.72604999998,-13159.499599999977
2026-01-21T14:04:52.000000,-26.77355000001802,-13156.677249999979,-13183.450799999977
2026-01-21T14:05:22.000000,-26.77355000001802,-13180.43644999998,-13207.209999999977
2026-01-21T14:06:12.000000,-26.77355000001802,-13204.387649999979,-13231.161199999977
2026-01-21T14:06:12.000000,-26.77355000001802,-13163.642849999978,-13190.416399999976
2026-01-21T14:06:17.000000,-26.77355000001802,-13116.899549999978,-13143.673099999976
2026-01-21T14:06:27.000000,-26.77355000001802,-13076.154749999978,-13102.928299999976
2026-01-21T14:06:47.000000,-26.77355000001802,-13083.924349999977,-13110.697899999976
2026-01-21T14:07:02.000000,-26.77355000001802,-13079.352949999979,-13106.126499999977
2026-01-21T14:07:07.000000,-26.77355000001802,-13027.177549999979,-13053.951099999977
2026-01-21T14:09:52.000000,-26.77355000001802,-13050.936749999979,-13077.710299999977
2026-01-21T14:09:57.000000,-26.77355000001802,-13074.69594999998,-13101.469499999977
2026-01-21T14:11:02.000000,-26.77355000001802,-13098.45514999998,-13125.228699999978
2026-01-21T14:13:27.000000,-26.77355000001802,-13106.211949999979,-13132.985499999977
2026-01-21T14:13:57.000000,-26.77355000001802,-13113.968749999978,-13140.742299999976
2026-01-21T14:16:57.000000,-26.77355000001802,-13151.809249999978,-13178.582799999976
2026-01-21T14:19:57.000000,-50.686350000019104,-13151.809249999978,-13202.495599999978
2026-01-21T14:21:57.000000,-50.686350000019104,-13143.55084999998,-13194.23719999998
2026-01-21T14:22:07.000000,-50.686350000019104,-13135.29244999998,-13185.97879999998
2026-01-21T14:22:17.000000,-50.686350000019104,-13127.034049999982,-13177.720399999982
2026-01-21T14:22:32.000000,-50.686350000019104,-13118.775649999983,-13169.461999999983
2026-01-21T14:23:47.000000,-50.686350000019104,-13111.621399999984,-13162.307749999984
2026-01-21T14:23:52.000000,-50.686350000019104,-13104.467149999984,-13155.153499999984
2026-01-21T14:27:22.000000,-74.62475000001876,-13104.467149999984,-13179.091899999983
2026-01-21T14:28:37.000000,-100.01945000001838,-13104.467149999984,-13204.486599999982
2026-01-21T14:28:47.000000,-131.41505000001786,-13104.467149999984,-13235.882199999982
2026-01-21T14:28:52.000000,-162.81065000001735,-13104.467149999984,-13267.277799999982
2026-01-21T14:29:07.000000,-194.20625000001684,-13104.467149999984,-13298.673399999981
2026-01-21T14:31:02.000000,-231.9947500000162,-13104.467149999984,-13336.46189999998
2026-01-21T14:32:27.000000,-239.3963500000162,-13104.467149999984,-13343.86349999998
2026-01-21T14:32:42.000000,-240.79705000001633,-13104.467149999984,-13345.26419999998
2026-01-21T14:32:57.000000,-240.79705000001633,-13112.279149999984,-13353.07619999998
2026-01-21T14:33:07.000000,-235.7072500000166,-13112.279149999984,-13347.98639999998
2026-01-21T14:33:12.000000,-235.7072500000166,-13120.091149999984,-13355.79839999998
2026-01-21T14:33:17.000000,-230.61745000001685,-13120.091149999984,-13350.70859999998
2026-01-21T14:35:32.000000,-230.61745000001685,-13166.308999999983,-13396.926449999979
2026-01-21T14:35:37.000000,-230.61745000001685,-13221.520999999982,-13452.138449999979
2026-01-21T14:38:47.000000,-230.61745000001685,-13238.898499999983,-13469.515949999979
2026-01-21T14:39:08.000000,-230.61745000001685,-13296.227749999984,-13526.84519999998
2026-01-21T14:40:47.000000,-230.61745000001685,-13315.140599999984,-13545.75804999998
2026-01-21T14:42:32.000000,-230.61745000001685,-13235.394749999985,-13466.012199999981
2026-01-21T14:42:52.000000,-230.61745000001685,-13259.115549999984,-13489.73299999998
2026-01-21T14:44:02.000000,-230.61745000001685,-13278.037199999984,-13508.65464999998
2026-01-21T14:44:27.000000,-230.61745000001685,-13285.413199999984,-13516.03064999998
2026-01-21T14:45:02.000000,-230.61745000001685,-13292.789199999985,-13523.40664999998
2026-01-21T14:45:02.000000,-230.61745000001685,-13300.165199999985,-13530.782649999981
2026-01-21T14:45:02.000000,-230.61745000001685,-13324.065199999985,-13554.68264999998
2026-01-21T14:45:02.000000,-230.61745000001685,-13347.785999999984,-13578.40344999998
2026-01-21T14:45:02.000000,-230.61745000001685,-13371.506799999983,-13602.124249999979
2026-01-21T14:45:02.000000,-230.61745000001685,-13395.227599999982,-13625.845049999978
2026-01-22T09:50:47.000000,-238.27185000001685,-13395.227599999982,-13633.499449999978
2026-01-22T09:50:52.000000,-245.92625000001686,-13395.227599999982,-13641.153849999977
2026-01-22T09:52:37.000000,-245.92625000001686,-13392.690099999982,-13638.616349999977
2026-01-22T09:58:47.000000,-276.9978500000174,-13392.690099999982,-13669.687949999978
2026-01-22T09:59:07.000000,-296.06525000001716,-13392.690099999982,-13688.755349999978
2026-01-22T09:59:12.000000,-318.1307000000174,-13392.690099999982,-13710.820799999978
2026-01-22T10:04:47.000000,-318.1307000000174,-13592.552499999982,-13910.683199999978
2026-01-22T10:05:22.000000,-424.10555000001796,-13592.552499999982,-14016.658049999978
2026-01-22T10:05:37.000000,-524.0747000000176,-13592.552499999982,-14116.627199999977
2026-01-22T10:05:42.000000,-621.0410000000179,-13592.552499999982,-14213.593499999977
2026-01-22T10:05:47.000000,-703.0242500000179,-13592.552499999982,-14295.576749999977
2026-01-22T10:05:52.000000,-781.9998500000185,-13592.552499999982,-14374.552349999976
2026-01-22T10:05:57.000000,-857.9798000000186,-13592.552499999982,-14450.532299999977
2026-01-22T10:05:57.000000,-849.644600000019,-13592.552499999982,-14442.197099999978
2026-01-22T10:06:02.000000,-925.619750000019,-13592.552499999982,-14518.172249999978
2026-01-22T10:06:07.000000,-992.5959500000189,-13592.552499999982,-14585.148449999977
2026-01-22T10:06:07.000000,-1045.2947000000192,-13592.552499999982,-14637.847199999977
2026-01-22T10:06:12.000000,-1121.2722500000193,-13592.552499999982,-14713.824749999976
2026-01-22T10:06:12.000000,-1173.9710000000198,-13592.552499999982,-14766.523499999976
2026-01-22T10:06:12.000000,-1234.8983000000196,-13592.552499999982,-14827.450799999975
2026-01-22T10:06:17.000000,-1295.8760000000195,-13592.552499999982,-14888.428499999975
2026-01-22T10:06:22.000000,-1356.8537000000194,-13592.552499999982,-14949.406199999974
2026-01-22T10:06:27.000000,-1417.8290000000193,-13592.552499999982,-15010.381499999974
2026-01-22T10:06:32.000000,-1484.805200000019,-13592.552499999982,-15077.357699999973
2026-01-22T10:06:32.000000,-1521.7457000000186,-13592.552499999982,-15114.298199999972
2026-01-22T10:06:42.000000,-1540.6955000000194,-13592.552499999982,-15133.247999999972
2026-01-22T10:06:52.000000,-1565.639000000019,-13592.552499999982,-15158.191499999972
2026-01-22T10:07:07.000000,-1590.5777000000187,-13592.552499999982,-15183.13019999997
2026-01-22T10:07:07.000000,-1612.515950000018,-13592.552499999982,-15205.06844999997
2026-01-22T10:07:12.000000,-1637.4522500000176,-13592.552499999982,-15230.00474999997
2026-01-22T10:07:17.000000,-1659.3905000000168,-13592.552499999982,-15251.942999999968
2026-01-22T10:07:32.000000,-1675.3350500000172,-13592.552499999982,-15267.887549999969
2026-01-22T10:10:12.000000,-1706.2938500000178,-13592.552499999982,-15298.846349999969
2026-01-22T10:10:17.000000,-1737.2502500000182,-13592.552499999982,-15329.80274999997
2026-01-22T10:10:22.000000,-1765.2038000000184,-13592.552499999982,-15357.75629999997
2026-01-22T10:10:27.000000,-1790.1545000000192,-13592.552499999982,-15382.706999999971
2026-01-22T10:10:27.000000,-1790.1545000000192,-13616.503699999981,-15406.65819999997
2026-01-22T10:10:32.000000,-1818.1032500000192,-13616.503699999981,-15434.60694999997
2026-01-22T10:10:37.000000,-1843.0515500000188,-13616.503699999981,-15459.55524999997
2026-01-22T10:10:42.000000,-1867.9974500000194,-13616.503699999981,-15484.501149999971
2026-01-22T10:10:47.000000,-1892.940950000019,-13616.503699999981,-15509.44464999997
2026-01-22T10:10:52.000000,-1947.886550000019,-13616.503699999981,-15564.390249999971
2026-01-22T10:10:57.000000,-1993.8332000000187,-13616.503699999981,-15610.336899999971
2026-01-22T10:11:07.000000,-2036.781800000019,-13616.503699999981,-15653.28549999997
2026-01-22T10:11:07.000000,-2073.7295000000195,-13616.503699999981,-15690.233199999971
2026-01-22T10:11:12.000000,-2101.6878500000194,-13616.503699999981,-15718.191549999972
2026-01-22T10:11:17.000000,-2126.648150000019,-13616.503699999981,-15743.151849999971
2026-01-22T10:11:22.000000,-2154.606500000019,-13616.503699999981,-15771.110199999972
2026-01-22T10:11:27.000000,-2185.5629000000195,-13616.503699999981,-15802.066599999973
2026-01-22T10:11:37.000000,-2222.51540000002,-13616.503699999981,-15839.019099999974
2026-01-22T10:11:37.000000,-2256.4674500000197,-13616.503699999981,-15872.971149999974
2026-01-22T10:11:42.000000,-2284.42100000002,-13616.503699999981,-15900.924699999974
2026-01-22T10:12:02.000000,-2312.3721500000197,-13616.503699999981,-15928.875849999975
2026-01-22T10:12:07.000000,-2343.3213500000193,-13616.503699999981,-15959.825049999974
2026-01-22T10:12:17.000000,-2374.2849500000198,-13616.503699999981,-15990.788649999975
2026-01-22T10:12:27.000000,-2387.2626500000197,-13616.503699999981,-16003.766349999974
2026-01-22T10:12:27.000000,-2400.2403500000196,-13616.503699999981,-16016.744049999974
2026-01-22T10:12:32.000000,-2413.2276500000194,-13616.503699999981,-16029.731349999975
2026-01-22T10:12:37.000000,-2423.2217000000196,-13616.503699999981,-16039.725399999976
2026-01-22T10:13:22.000000,-2423.2217000000196,-13613.492449999982,-16036.714149999976
2026-01-22T10:13:52.000000,-2423.2217000000196,-13599.479549999982,-16022.701249999976
2026-01-22T10:14:27.000000,-2454.175700000019,-13599.479549999982,-16053.655249999976
2026-01-22T10:15:02.000000,-2485.1201000000183,-13599.479549999982,-16084.599649999976
2026-01-22T10:15:47.000000,-2489.067650000019,-13599.479549999982,-16088.547199999977
2026-01-22T10:15:52.000000,-2487.016700000019,-13599.479549999982,-16086.496249999976
2026-01-22T10:15:57.000000,-2478.9672500000197,-13599.479549999982,-16078.446799999978
2026-01-22T10:16:02.000000,-2479.91435000002,-13599.479549999982,-16079.393899999977
2026-01-22T10:16:07.000000,-2489.8628000000203,-13599.479549999982,-16089.342349999977
2026-01-22T10:16:12.000000,-2505.8121500000207,-13599.479549999982,-16105.291699999978
2026-01-22T10:16:17.000000,-2530.7604500000202,-13599.479549999982,-16130.239999999978
2026-01-22T10:16:22.000000,-2555.70875000002,-13599.479549999982,-16155.188299999978
2026-01-22T10:16:27.000000,-2580.6546500000204,-13599.479549999982,-16180.134199999979
2026-01-22T10:16:37.000000,-2599.59965000002,-13599.479549999982,-16199.079199999978
2026-01-22T10:16:42.000000,-2612.54615000002,-13599.479549999982,-16212.025699999978
2026-01-22T10:16:47.000000,-2628.4931000000192,-13599.479549999982,-16227.972649999978
2026-01-22T10:16:52.000000,-2628.4931000000192,-13576.931049999983,-16205.424149999979
2026-01-22T10:17:07.000000,-2644.4376500000194,-13576.931049999983,-16221.368699999979
2026-01-22T10:17:12.000000,-2660.379800000019,-13576.931049999983,-16237.310849999978
2026-01-22T10:17:22.000000,-2700.3207500000185,-13576.931049999983,-16277.251799999978
2026-01-22T10:17:42.000000,-2700.3207500000185,-13562.918149999983,-16263.238899999978
2026-01-22T10:20:17.000000,-2758.235600000018,-13562.918149999983,-16321.153749999978
2026-01-22T10:20:27.000000,-2810.156750000018,-13562.918149999983,-16373.074899999978
2026-01-22T10:21:32.000000,-2833.7879500000176,-13562.918149999983,-16396.706099999978
2026-01-22T10:22:07.000000,-2901.440950000018,-13562.918149999983,-16464.359099999976
2026-01-22T10:22:17.000000,-2969.093950000018,-13562.918149999983,-16532.012099999974
2026-01-22T10:22:52.000000,-3036.7469500000184,-13562.918149999983,-16599.665099999973
2026-01-22T10:24:17.000000,-3082.638400000018,-13562.918149999983,-16645.556549999972
2026-01-22T10:24:22.000000,-3131.5279000000182,-13562.918149999983,-16694.446049999973
2026-01-22T10:24:22.000000,-3144.397600000018,-13562.918149999983,-16707.315749999972
2026-01-22T10:24:27.000000,-3196.2851500000174,-13562.918149999983,-16759.203299999972
2026-01-22T10:24:27.000000,-3233.9216500000166,-13562.918149999983,-16796.839799999972
2026-01-22T10:24:27.000000,-3240.7952500000165,-13562.918149999983,-16803.71339999997
2026-01-22T10:24:32.000000,-3301.6817500000166,-13562.918149999983,-16864.599899999972
2026-01-22T10:24:32.000000,-3339.3182500000157,-13562.918149999983,-16902.236399999972
2026-01-22T10:24:32.000000,-3340.1933500000146,-13562.918149999983,-16903.11149999997
2026-01-22T10:24:47.000000,-3407.8223500000145,-13562.918149999983,-16970.74049999997
2026-01-22T10:24:57.000000,-3426.688150000014,-13562.918149999983,-16989.60629999997
2026-01-22T10:25:02.000000,-3445.556350000015,-13562.918149999983,-17008.47449999997
2026-01-22T10:25:17.000000,-3483.2048500000155,-13562.918149999983,-17046.12299999997
2026-01-22T10:28:12.000000,-3555.0352500000154,-13562.918149999983,-17117.95339999997
2026-01-22T10:30:02.000000,-3597.9022500000156,-13562.918149999983,-17160.82039999997
2026-01-22T10:30:07.000000,-3646.7701500000157,-13562.918149999983,-17209.688299999973
2026-01-22T10:30:12.000000,-3710.637900000015,-13562.918149999983,-17273.55604999997
2026-01-22T10:32:07.000000,-3710.637900000015,-13759.931299999984,-17470.569199999973
2026-01-22T10:33:27.000000,-3639.569400000016,-13759.931299999984,-17399.500699999975
2026-01-22T10:33:32.000000,-3663.1494000000152,-13759.931299999984,-17423.080699999973
2026-01-22T10:33:57.000000,-3583.0771500000146,-13759.931299999984,-17343.008449999972
2026-01-22T10:33:57.000000,-3570.018150000015,-13759.931299999984,-17329.94944999997
2026-01-22T10:34:07.000000,-3483.9498000000144,-13759.931299999984,-17243.88109999997
2026-01-22T10:34:32.000000,-3491.5402000000145,-13759.931299999984,-17251.47149999997
2026-01-22T10:34:42.000000,-3499.1306000000145,-13759.931299999984,-17259.06189999997
2026-01-22T10:34:47.000000,-3506.7210000000146,-13759.931299999984,-17266.652299999972
2026-01-22T10:34:57.000000,-3514.3114000000146,-13759.931299999984,-17274.242699999973
2026-01-22T10:35:12.000000,-3521.9018000000146,-13759.931299999984,-17281.833099999974
2026-01-22T10:35:22.000000,-3529.4922000000147,-13759.931299999984,-17289.423499999975
2026-01-22T10:36:27.000000,-3537.0826000000147,-13759.931299999984,-17297.013899999976
2026-01-22T10:37:12.000000,-3560.662600000014,-13759.931299999984,-17320.593899999974
2026-01-22T10:37:42.000000,-3584.2426000000137,-13759.931299999984,-17344.173899999972
2026-01-22T10:40:12.000000,-3584.2426000000137,-13805.877949999984,-17390.12054999997
2026-01-22T10:40:42.000000,-3608.040200000015,-13805.877949999984,-17413.918149999972
2026-01-22T10:44:52.000000,-3608.040200000015,-13813.724349999984,-17421.76454999997
2026-01-22T10:45:57.000000,-3608.040200000015,-13866.387099999984,-17474.42729999997
2026-01-22T10:48:02.000000,-3608.040200000015,-13873.803099999983,-17481.84329999997
2026-01-22T10:48:32.000000,-3608.040200000015,-13913.603099999984,-17521.64329999997
2026-01-22T10:50:12.000000,-3608.040200000015,-13953.198299999985,-17561.23849999997
2026-01-22T10:50:42.000000,-3608.040200000015,-13960.878299999986,-17568.91849999997
2026-01-22T10:51:52.000000,-3608.040200000015,-13984.675899999987,-17592.716099999972
2026-01-22T10:52:52.000000,-3608.040200000015,-14040.503899999987,-17648.544099999974
2026-01-22T10:53:27.000000,-3608.040200000015,-14080.316699999987,-17688.356899999973
2026-01-22T10:53:32.000000,-3608.040200000015,-14103.922299999986,-17711.962499999972
2026-01-22T10:53:37.000000,-3608.040200000015,-14143.735099999985,-17751.775299999972
2026-01-22T10:53:42.000000,-3608.040200000015,-14183.547899999985,-17791.58809999997
2026-01-22T10:54:27.000000,-3608.040200000015,-14207.153499999984,-17815.19369999997
2026-01-22T10:54:42.000000,-3608.040200000015,-14246.979099999984,-17855.01929999997
2026-01-22T10:54:47.000000,-3608.040200000015,-14302.781499999985,-17910.82169999997
2026-01-22T10:54:52.000000,-3608.040200000015,-14358.583899999985,-17966.62409999997
2026-01-22T10:54:57.000000,-3608.040200000015,-14382.189499999984,-17990.22969999997
2026-01-22T10:55:32.000000,-3608.040200000015,-14437.991899999985,-18046.03209999997
2026-01-22T10:55:47.000000,-3608.040200000015,-14461.597499999983,-18069.63769999997
2026-01-22T10:55:52.000000,-3608.040200000015,-14480.549699999983,-18088.58989999997
2026-01-22T11:00:52.000000,-3608.040200000015,-14504.155299999982,-18112.19549999997
2026-01-22T11:01:07.000000,-3608.040200000015,-14527.760899999981,-18135.801099999968
2026-01-22T11:01:17.000000,-3608.040200000015,-14551.36649999998,-18159.406699999967
2026-01-22T11:01:32.000000,-3608.040200000015,-14558.96969999998,-18167.00989999997
2026-01-22T11:01:37.000000,-3608.040200000015,-14598.80809999998,-18206.84829999997
2026-01-22T11:01:47.000000,-3608.040200000015,-14638.64649999998,-18246.68669999997
2026-01-22T11:02:02.000000,-3608.040200000015,-14706.371499999981,-18314.411699999968
2026-01-22T11:02:02.000000,-3608.040200000015,-14713.97469999998,-18322.01489999997
2026-01-22T11:02:07.000000,-3608.040200000015,-14737.81069999998,-18345.85089999997
2026-01-22T11:02:32.000000,-3608.040200000015,-14761.64669999998,-18369.686899999968
2026-01-22T11:02:52.000000,-3608.040200000015,-14769.249899999979,-18377.29009999997
2026-01-22T11:03:17.000000,-3608.040200000015,-14776.853099999978,-18384.89329999997
2026-01-22T11:03:42.000000,-3608.040200000015,-14784.456299999978,-18392.496499999972
2026-01-22T11:03:47.000000,-3608.040200000015,-14792.059499999978,-18400.099699999973
2026-01-22T11:04:42.000000,-3608.040200000015,-14799.662699999977,-18407.702899999975
2026-01-22T11:05:07.000000,-3608.040200000015,-14912.406449999977,-18520.446649999973
2026-01-22T11:05:07.000000,-3608.040200000015,-14920.009649999976,-18528.049849999974
2026-01-22T11:06:02.000000,-3608.040200000015,-15032.765399999977,-18640.805599999974
2026-01-22T11:06:07.000000,-3608.040200000015,-15145.521149999977,-18753.561349999974
2026-01-22T11:06:27.000000,-3608.040200000015,-15185.372349999978,-18793.412549999975
2026-01-22T11:06:32.000000,-3608.040200000015,-15225.223549999979,-18833.263749999976
2026-01-22T11:06:37.000000,-3608.040200000015,-15265.07474999998,-18873.114949999977
2026-01-22T11:07:27.000000,-3608.040200000015,-15347.83799999998,-18955.878199999977
2026-01-22T11:07:32.000000,-3608.040200000015,-15415.610999999979,-19023.65119999998
2026-01-22T11:08:17.000000,-3608.040200000015,-15423.201399999978,-19031.24159999998
2026-01-22T11:09:22.000000,-3608.040200000015,-15463.039799999979,-19071.07999999998
2026-01-22T11:09:37.000000,-3608.040200000015,-15486.632599999979,-19094.672799999982
2026-01-22T11:10:02.000000,-3608.040200000015,-15510.22539999998,-19118.265599999984
2026-01-22T11:10:07.000000,-3608.040200000015,-15518.03739999998,-19126.077599999986
2026-01-22T11:10:17.000000,-3608.040200000015,-15540.839649999978,-19148.879849999987
2026-01-22T11:10:32.000000,-3608.040200000015,-15564.432449999978,-19172.47264999999
2026-01-22T11:10:37.000000,-3608.040200000015,-15588.025249999979,-19196.06544999999
2026-01-22T11:11:37.000000,-3608.040200000015,-15580.846999999978,-19188.88719999999
2026-01-22T11:11:42.000000,-3608.040200000015,-15573.668749999977,-19181.70894999999
2026-01-22T11:13:32.000000,-3608.040200000015,-15565.525549999977,-19173.565749999987
2026-01-22T11:13:37.000000,-3608.040200000015,-15557.492899999977,-19165.53309999999
2026-01-22T11:14:02.000000,-3631.6202000000144,-15557.492899999977,-19189.113099999988
2026-01-22T11:14:42.000000,-3631.6202000000144,-15546.704599999977,-19178.324799999988
2026-01-22T11:14:57.000000,-3631.6202000000144,-15517.695199999976,-19149.31539999999
2026-01-22T11:17:17.000000,-3631.6202000000144,-15525.285599999976,-19156.90579999999
2026-01-22T11:17:47.000000,-3631.6202000000144,-15532.875999999975,-19164.49619999999
2026-01-22T11:19:52.000000,-3631.6202000000144,-15556.455999999975,-19188.07619999999
2026-01-22T11:21:22.000000,-3631.6202000000144,-15580.035999999975,-19211.656199999987
2026-01-22T11:21:47.000000,-3631.6202000000144,-15603.615999999975,-19235.236199999985
2026-01-22T11:22:27.000000,-3631.6202000000144,-15597.952599999975,-19229.572799999984
2026-01-22T11:24:37.000000,-3631.6202000000144,-15621.532599999975,-19253.15279999998
2026-01-22T11:24:47.000000,-3631.6202000000144,-15629.366199999975,-19260.986399999983
2026-01-22T11:26:32.000000,-3631.6202000000144,-15652.946199999975,-19284.56639999998
2026-01-22T11:27:52.000000,-3631.6202000000144,-15676.526199999975,-19308.14639999998
2026-01-22T11:29:32.000000,-3631.6202000000144,-15716.351799999975,-19347.97199999998
2026-01-22T11:29:37.000000,-3631.6202000000144,-15756.177399999975,-19387.79759999998
2026-01-22T11:29:57.000000,-3631.6202000000144,-15763.754999999976,-19395.37519999998
2026-01-22T13:00:17.000000,-3631.6202000000144,-15787.008599999976,-19418.62879999998
2026-01-22T13:00:22.000000,-3631.6202000000144,-15794.586199999976,-19426.20639999998
2026-01-22T13:00:57.000000,-3631.6202000000144,-15786.161399999977,-19417.78159999998
2026-01-22T13:02:37.000000,-3631.6202000000144,-15808.927649999978,-19440.54784999998
2026-01-22T13:02:57.000000,-3631.6202000000144,-15800.746049999978,-19432.36624999998
2026-01-22T13:03:17.000000,-3671.532350000014,-15800.746049999978,-19472.27839999998
2026-01-22T13:04:37.000000,-3671.532350000014,-15832.343249999978,-19503.87559999998
2026-01-22T13:04:52.000000,-3671.532350000014,-15839.908049999978,-19511.44039999998
2026-01-22T13:07:17.000000,-3671.532350000014,-15858.231449999977,-19529.763799999982
2026-01-22T13:07:52.000000,-3671.532350000014,-15882.080249999979,-19553.612599999982
2026-01-22T13:08:32.000000,-3671.532350000014,-15937.921049999979,-19609.453399999984
2026-01-22T13:11:22.000000,-3671.532350000014,-15993.77464999998,-19665.306999999986
2026-01-22T13:11:32.000000,-3671.532350000014,-16024.13104999998,-19695.663399999987
2026-01-22T13:14:27.000000,-3671.532350000014,-16095.999849999978,-19767.532199999987
2026-01-22T13:15:12.000000,-3671.532350000014,-16151.879049999978,-19823.411399999986
2026-01-22T13:16:02.000000,-3671.532350000014,-16207.758249999977,-19879.290599999986
2026-01-22T13:16:07.000000,-3671.532350000014,-16263.637449999977,-19935.169799999985
2026-01-22T13:17:02.000000,-3671.532350000014,-16335.519049999977,-20007.051399999986
2026-01-22T13:17:32.000000,-3671.532350000014,-16391.411049999977,-20062.943399999986
2026-01-22T13:17:57.000000,-3671.532350000014,-16447.303049999977,-20118.835399999985
2026-01-22T13:18:12.000000,-3671.532350000014,-16503.195049999977,-20174.727399999985
2026-01-22T13:18:37.000000,-3671.532350000014,-16527.095049999978,-20198.627399999987
2026-01-22T13:19:47.000000,-3671.532350000014,-16566.997449999977,-20238.529799999986
2026-01-22T13:19:52.000000,-3671.532350000014,-16606.899849999976,-20278.432199999985
2026-01-22T13:20:02.000000,-3671.532350000014,-16646.802249999975,-20318.334599999984
2026-01-22T13:20:07.000000,-3671.532350000014,-16686.704649999974,-20358.236999999983
2026-01-22T13:21:02.000000,-3671.532350000014,-16726.607049999973,-20398.139399999982
2026-01-22T13:21:37.000000,-3671.532350000014,-16750.519849999975,-20422.052199999984
2026-01-22T13:22:17.000000,-3671.532350000014,-16758.430249999976,-20429.962599999984
2026-01-22T13:23:02.000000,-3671.532350000014,-16782.343049999978,-20453.875399999986
2026-01-22T13:24:17.000000,-3671.532350000014,-16790.25344999998,-20461.785799999987
2026-01-22T13:24:47.000000,-3671.532350000014,-16798.16384999998,-20469.696199999988
2026-01-22T13:24:52.000000,-3671.532350000014,-16805.70304999998,-20477.235399999987
2026-01-22T13:27:07.000000,-3671.532350000014,-16861.62064999998,-20533.152999999988
2026-01-22T13:32:32.000000,-3671.532350000014,-16872.90764999998,-20544.439999999988
2026-01-22T13:36:27.000000,-3671.532350000014,-16912.477249999978,-20584.009599999987
2026-01-22T13:37:12.000000,-3671.532350000014,-16950.25774999998,-20621.790099999987
2026-01-22T13:37:47.000000,-3671.532350000014,-16973.837749999977,-20645.370099999986
2026-01-22T13:37:52.000000,-3671.532350000014,-16997.417749999975,-20668.950099999984
2026-01-22T13:38:42.000000,-3671.532350000014,-17005.008149999976,-20676.540499999985
2026-01-22T13:39:07.000000,-3671.532350000014,-17012.598549999977,-20684.130899999986
2026-01-22T13:39:32.000000,-3671.532350000014,-17020.188949999978,-20691.721299999987
2026-01-22T13:40:17.000000,-3671.532350000014,-17027.97694999998,-20699.509299999987
2026-01-22T13:41:22.000000,-3671.532350000014,-17051.556949999976,-20723.089299999985
2026-01-22T13:41:57.000000,-3671.532350000014,-17059.505749999975,-20731.038099999983
2026-01-22T13:47:17.000000,-3671.532350000014,-17082.283999999974,-20753.816349999983
2026-01-22T13:49:32.000000,-3671.532350000014,-17062.494349999975,-20734.026699999984
2026-01-22T13:50:22.000000,-3679.468350000014,-17062.494349999975,-20741.962699999985
2026-01-22T13:52:02.000000,-3679.468350000014,-17057.442949999975,-20736.911299999985
2026-01-22T13:52:52.000000,-3671.4147500000145,-17057.442949999975,-20728.857699999986
2026-01-22T13:53:12.000000,-3671.4147500000145,-17081.048549999974,-20752.463299999985
2026-01-22T13:53:37.000000,-3671.4147500000145,-17104.654149999973,-20776.068899999984
2026-01-22T13:55:42.000000,-3695.353150000014,-17104.654149999973,-20800.007299999983
2026-01-22T13:56:02.000000,-3719.2915500000136,-17104.654149999973,-20823.945699999982
2026-01-22T13:56:07.000000,-3759.232350000013,-17104.654149999973,-20863.886499999982
2026-01-22T13:56:52.000000,-3759.232350000013,-17128.259749999972,-20887.49209999998
2026-01-22T14:02:12.000000,-3759.232350000013,-17147.323949999973,-20906.556299999982
2026-01-22T14:08:27.000000,-3759.232350000013,-17168.908449999974,-20928.140799999983
2026-01-22T14:11:37.000000,-3783.0171500000124,-17168.908449999974,-20951.925599999984
2026-01-22T14:11:42.000000,-3806.801950000012,-17168.908449999974,-20975.710399999985
2026-01-22T14:12:02.000000,-3806.801950000012,-17157.385749999972,-20964.187699999984
2026-01-22T14:12:22.000000,-3830.5867500000113,-17157.385749999972,-20987.972499999985
2026-01-22T14:17:17.000000,-3845.0022000000113,-17157.385749999972,-21002.387949999986
2026-01-22T14:21:27.000000,-3845.0022000000113,-17213.16254999997,-21058.164749999985
2026-01-22T14:22:17.000000,-3845.0022000000113,-17252.93694999997,-21097.939149999984
2026-01-22T14:23:52.000000,-3852.5798000000113,-17252.93694999997,-21105.516749999984
2026-01-22T14:24:22.000000,-3852.5798000000113,-17308.19534999997,-21160.775149999983
2026-01-22T14:24:42.000000,-3852.5798000000113,-17315.94734999997,-21168.527149999984
2026-01-22T14:26:47.000000,-3852.5798000000113,-17317.41044999997,-21169.990249999984
2026-01-22T14:27:52.000000,-3876.159800000011,-17317.41044999997,-21193.570249999982
2026-01-22T14:28:57.000000,-3871.3324000000102,-17317.41044999997,-21188.74284999998
2026-01-22T14:29:47.000000,-3862.5044000000094,-17317.41044999997,-21179.91484999998
2026-01-22T14:29:52.000000,-3853.6764000000085,-17317.41044999997,-21171.086849999978
2026-01-22T14:30:12.000000,-3877.614800000008,-17317.41044999997,-21195.025249999977
2026-01-22T14:30:47.000000,-3877.614800000008,-17341.208049999972,-21218.82284999998
2026-01-22T14:31:27.000000,-3877.614800000008,-17358.60154999997,-21236.216349999977
2026-01-22T14:32:52.000000,-3877.614800000008,-17382.18154999997,-21259.796349999975
2026-01-22T14:32:57.000000,-3877.614800000008,-17405.761549999967,-21283.376349999973
2026-01-22T14:35:12.000000,-3877.614800000008,-17429.341549999965,-21306.95634999997
2026-01-22T14:36:12.000000,-3877.614800000008,-17436.919149999965,-21314.53394999997
2026-01-22T14:36:57.000000,-3877.614800000008,-17444.496749999966,-21322.111549999972
2026-01-22T14:37:02.000000,-3877.614800000008,-17452.074349999966,-21329.689149999973
2026-01-22T14:37:12.000000,-3877.614800000008,-17459.466349999966,-21337.081149999973
2026-01-22T14:37:12.000000,-3877.614800000008,-17467.043949999967,-21344.658749999973
2026-01-22T14:37:17.000000,-3877.614800000008,-17474.435949999966,-21352.050749999973
2026-01-22T14:37:22.000000,-3877.614800000008,-17482.013549999967,-21359.628349999974
2026-01-22T14:37:32.000000,-3877.614800000008,-17489.405549999967,-21367.020349999973
2026-01-22T14:37:32.000000,-3877.614800000008,-17496.983149999967,-21374.597949999974
2026-01-22T14:38:12.000000,-3877.614800000008,-17504.560749999968,-21382.175549999974
2026-01-22T14:38:27.000000,-3877.614800000008,-17512.13834999997,-21389.753149999975
2026-01-22T14:42:37.000000,-3900.8652000000075,-17512.13834999997,-21413.003549999976
2026-01-22T14:44:32.000000,-3908.1196000000073,-17512.13834999997,-21420.257949999977
2026-01-22T14:45:02.000000,-3908.1196000000073,-17529.52384999997,-21437.643449999978
2026-01-22T14:45:02.000000,-3915.377200000007,-17529.52384999997,-21444.90104999998
2026-01-23T10:05:37.000000,-3915.377200000007,-17537.178249999968,-21452.555449999978
2026-01-23T10:06:07.000000,-3915.377200000007,-17560.82224999997,-21476.19944999998
2026-01-23T10:07:57.000000,-3915.377200000007,-17598.62674999997,-21514.00394999998
2026-01-23T10:08:47.000000,-3915.377200000007,-17635.71604999997,-21551.09324999998
2026-01-23T10:10:07.000000,-3915.377200000007,-17657.82229999997,-21573.19949999998
2026-01-23T10:10:27.000000,-3915.377200000007,-17688.92029999997,-21604.29749999998
2026-01-23T10:10:32.000000,-3915.377200000007,-17636.75929999997,-21552.13649999998
2026-01-23T10:10:32.000000,-3915.377200000007,-17721.55884999997,-21636.93604999998
2026-01-23T10:17:12.000000,-3915.377200000007,-17652.388099999967,-21567.765299999977
2026-01-23T10:20:37.000000,-3923.093200000007,-17652.388099999967,-21575.481299999978
2026-01-23T10:21:52.000000,-3945.7874500000066,-17652.388099999967,-21598.175549999978
2026-01-23T10:24:32.000000,-3940.846450000006,-17652.388099999967,-21593.234549999976
2026-01-23T10:24:32.000000,-3932.9050000000057,-17652.388099999967,-21585.293099999977
2026-01-23T10:24:57.000000,-3915.9694000000063,-17652.388099999967,-21568.357499999976
2026-01-23T10:31:27.000000,-3915.9694000000063,-17675.190349999968,-21591.159749999977
2026-01-23T10:31:47.000000,-3915.9694000000063,-17712.99484999997,-21628.96424999998
2026-01-23T10:34:37.000000,-3915.9694000000063,-17720.73484999997,-21636.70424999998
2026-01-23T10:34:57.000000,-3915.9694000000063,-17713.472599999972,-21629.44199999998
2026-01-23T10:35:12.000000,-3915.9694000000063,-17706.210349999972,-21622.17974999998
2026-01-23T10:35:52.000000,-3915.9694000000063,-17683.94584999997,-21599.91524999998
2026-01-23T10:36:17.000000,-3915.9694000000063,-17706.74809999997,-21622.71749999998
2026-01-23T10:36:27.000000,-3915.9694000000063,-17699.485849999972,-21615.45524999998
2026-01-23T10:36:47.000000,-3915.9694000000063,-17692.223599999972,-21608.19299999998
2026-01-23T10:38:37.000000,-3915.9694000000063,-17690.33104999997,-21606.30044999998
2026-01-23T10:42:27.000000,-3915.9694000000063,-17743.13779999997,-21659.10719999998
2026-01-23T10:43:12.000000,-3915.9694000000063,-17760.57129999997,-21676.54069999998
2026-01-23T10:44:27.000000,-3915.9694000000063,-17768.51369999997,-21684.48309999998
2026-01-23T10:45:07.000000,-3915.9694000000063,-17926.27619999997,-21842.24559999998
2026-01-23T10:46:07.000000,-3915.9694000000063,-17958.21419999997,-21874.18359999998
2026-01-23T10:48:32.000000,-3915.9694000000063,-18026.03519999997,-21942.00459999998
2026-01-23T10:48:37.000000,-3915.9694000000063,-18093.85619999997,-22009.82559999998
2026-01-23T10:48:57.000000,-3915.9694000000063,-18146.67494999997,-22062.64434999998
2026-01-23T10:49:27.000000,-3915.9694000000063,-18184.51544999997,-22100.48484999998
2026-01-23T10:50:07.000000,-3915.9694000000063,-18222.35594999997,-22138.325349999977
2026-01-23T10:50:57.000000,-3915.9694000000063,-18290.188949999967,-22206.158349999976
2026-01-23T10:51:47.000000,-3915.9694000000063,-18343.043699999966,-22259.013099999975
2026-01-23T10:52:22.000000,-3915.9694000000063,-18455.907449999966,-22371.876849999975
2026-01-23T10:55:22.000000,-3915.9694000000063,-18507.790049999967,-22423.759449999976
2026-01-23T10:57:27.000000,-3915.9694000000063,-18535.233049999966,-22451.202449999975
2026-01-23T10:57:27.000000,-3915.9694000000063,-18543.141049999966,-22459.110449999975
2026-01-23T10:58:22.000000,-3915.9694000000063,-18536.034799999965,-22452.004199999974
2026-01-23T10:58:32.000000,-3915.9694000000063,-18528.928549999964,-22444.897949999973
2026-01-23T11:00:52.000000,-3915.9694000000063,-18533.274499999963,-22449.243899999972
2026-01-23T11:02:02.000000,-3915.9694000000063,-18550.723999999962,-22466.69339999997
2026-01-23T11:03:17.000000,-3915.9694000000063,-18568.17349999996,-22484.14289999997
2026-01-23T11:05:12.000000,-3915.9694000000063,-18666.082999999962,-22582.05239999997
2026-01-23T11:10:02.000000,-3915.9694000000063,-18693.533999999963,-22609.503399999972
2026-01-23T11:10:02.000000,-3915.9694000000063,-18701.477999999963,-22617.447399999972
2026-01-23T11:10:07.000000,-3915.9694000000063,-18728.928999999964,-22644.898399999973
2026-01-23T11:11:37.000000,-3915.9694000000063,-18706.85649999996,-22622.82589999997
2026-01-23T11:12:07.000000,-3915.9694000000063,-18699.774249999962,-22615.74364999997
2026-01-23T11:12:47.000000,-3947.019400000007,-18699.774249999962,-22646.79364999997
2026-01-23T11:12:57.000000,-3975.068950000007,-18699.774249999962,-22674.84319999997
2026-01-23T11:13:07.000000,-4012.1102500000075,-18699.774249999962,-22711.88449999997
2026-01-23T11:13:12.000000,-4012.1102500000075,-18687.227249999964,-22699.337499999972
2026-01-23T11:13:12.000000,-4012.1102500000075,-18695.123249999964,-22707.233499999973
2026-01-23T11:13:17.000000,-4049.149150000007,-18695.123249999964,-22744.272399999973
2026-01-23T11:13:22.000000,-4049.149150000007,-18692.577749999964,-22741.726899999972
2026-01-23T11:13:22.000000,-4049.149150000007,-18700.473749999965,-22749.622899999973
2026-01-23T11:13:42.000000,-4074.1838500000067,-18700.473749999965,-22774.657599999973
2026-01-23T11:13:47.000000,-4108.219900000006,-18700.473749999965,-22808.693649999972
2026-01-23T11:13:52.000000,-4145.256400000007,-18700.473749999965,-22845.730149999974
2026-01-23T11:13:57.000000,-4182.290500000007,-18700.473749999965,-22882.764249999975
2026-01-23T11:14:02.000000,-4182.290500000007,-18697.928249999964,-22880.218749999975
2026-01-23T11:14:02.000000,-4182.290500000007,-18705.824249999965,-22888.114749999975
2026-01-23T11:14:12.000000,-4182.290500000007,-18713.720249999966,-22896.010749999976
2026-01-23T11:14:42.000000,-4182.290500000007,-18676.645499999966,-22858.935999999976
2026-01-23T11:19:42.000000,-4180.321150000007,-18676.645499999966,-22856.966649999977
2026-01-23T11:19:52.000000,-4181.3474500000075,-18676.645499999966,-22857.992949999978
2026-01-23T11:20:07.000000,-4182.373750000008,-18676.645499999966,-22859.01924999998
2026-01-23T11:20:17.000000,-4180.399600000008,-18676.645499999966,-22857.045099999978
2026-01-23T11:20:22.000000,-4181.430700000008,-18676.645499999966,-22858.076199999978
2026-01-23T11:20:32.000000,-4176.463300000008,-18676.645499999966,-22853.108799999976
2026-01-23T11:20:37.000000,-4174.496350000008,-18676.645499999966,-22851.141849999975
2026-01-23T11:20:42.000000,-4169.5313500000075,-18676.645499999966,-22846.176849999974
2026-01-23T11:21:02.000000,-4155.567400000007,-18676.645499999966,-22832.212899999973
2026-01-23T11:21:12.000000,-4138.605400000008,-18676.645499999966,-22815.250899999974
2026-01-23T11:23:17.000000,-4138.605400000008,-18700.251099999965,-22838.856499999973
2026-01-23T11:23:32.000000,-4138.605400000008,-18731.857899999963,-22870.46329999997
2026-01-23T11:26:32.000000,-4138.605400000008,-18739.48669999996,-22878.09209999997
2026-01-23T11:27:27.000000,-4138.605400000008,-18755.11029999996,-22893.715699999968
2026-01-23T11:27:32.000000,-4138.605400000008,-18808.00104999996,-22946.606449999967
2026-01-23T11:27:37.000000,-4138.605400000008,-18823.63104999996,-22962.236449999968
2026-01-23T11:28:07.000000,-4138.605400000008,-18842.517499999958,-22981.122899999966
2026-01-23T11:28:37.000000,-4138.605400000008,-18872.39679999996,-23011.002199999966
2026-01-23T13:02:42.000000,-4138.605400000008,-19180.34979999996,-23318.955199999968
2026-01-23T13:03:42.000000,-4138.605400000008,-19383.29904999996,-23521.90444999997
2026-01-23T13:03:52.000000,-4138.605400000008,-19586.248299999963,-23724.85369999997
2026-01-23T13:05:17.000000,-4138.605400000008,-19677.742499999964,-23816.34789999997
2026-01-23T13:05:57.000000,-4138.605400000008,-19825.289899999963,-23963.89529999997
2026-01-23T13:06:17.000000,-4138.605400000008,-19916.862499999963,-24055.46789999997
2026-01-23T13:06:32.000000,-4138.605400000008,-19959.039749999964,-24097.64514999997
2026-01-23T13:06:42.000000,-4138.605400000008,-19966.580549999962,-24105.18594999997
2026-01-23T13:07:02.000000,-4138.605400000008,-20044.173449999962,-24182.77884999997
2026-01-23T13:07:02.000000,-4138.605400000008,-19940.07344999996,-24078.678849999967
2026-01-23T13:07:07.000000,-4138.605400000008,-19897.28194999996,-24035.887349999968
2026-01-23T13:07:22.000000,-4138.605400000008,-19862.83564999996,-24001.44104999997
2026-01-23T13:07:42.000000,-4138.605400000008,-19878.174449999962,-24016.77984999997
2026-01-23T13:07:47.000000,-4169.557000000008,-19878.174449999962,-24047.73144999997
2026-01-23T13:07:57.000000,-4197.515350000008,-19878.174449999962,-24075.68979999997
2026-01-23T13:08:17.000000,-4197.515350000008,-19735.42794999996,-23932.94329999997
2026-01-23T13:08:42.000000,-4197.515350000008,-19787.284149999963,-23984.799499999972
2026-01-23T13:11:02.000000,-4197.515350000008,-19669.517399999964,-23867.032749999973
2026-01-23T13:11:32.000000,-4197.515350000008,-19696.861199999963,-23894.37654999997
2026-01-23T13:12:02.000000,-4197.515350000008,-19715.730049999966,-23913.245399999974
2026-01-23T13:12:22.000000,-4162.466650000008,-19715.730049999966,-23878.196699999975
2026-01-23T13:12:27.000000,-4145.418250000008,-19715.730049999966,-23861.148299999975
2026-01-23T13:15:12.000000,-4145.418250000008,-19745.600549999966,-23891.018799999976
2026-01-23T13:15:22.000000,-4145.418250000008,-19775.471049999967,-23920.889299999977
2026-01-23T13:21:22.000000,-4104.661450000008,-19775.471049999967,-23880.132499999978
2026-01-23T13:22:57.000000,-4104.661450000008,-19783.355849999967,-23888.017299999978
2026-01-23T13:25:37.000000,-4159.547050000007,-19783.355849999967,-23942.90289999998
2026-01-23T13:26:02.000000,-4205.4313000000075,-19783.355849999967,-23988.78714999998
2026-01-23T13:26:07.000000,-4251.3155500000075,-19783.355849999967,-24034.671399999977
2026-01-23T13:26:17.000000,-4276.215850000007,-19783.355849999967,-24059.57169999998
2026-01-23T13:26:22.000000,-4295.115250000006,-19783.355849999967,-24078.471099999977
2026-01-23T13:26:42.000000,-4314.019450000006,-19783.355849999967,-24097.375299999978
2026-01-23T13:28:27.000000,-4314.019450000006,-19780.80234999997,-24094.82179999998
2026-01-23T13:30:37.000000,-4308.910450000007,-19780.80234999997,-24089.71279999998
2026-01-23T13:31:52.000000,-4308.910450000007,-19799.66239999997,-24108.57284999998
2026-01-23T13:33:42.000000,-4264.826800000006,-19799.66239999997,-24064.489199999978
2026-01-23T13:36:57.000000,-4264.826800000006,-19895.221199999967,-24160.047999999977
2026-01-23T13:40:02.000000,-4264.826800000006,-19906.549799999968,-24171.376599999978
2026-01-23T13:42:42.000000,-4264.826800000006,-19946.78594999997,-24211.61274999998
2026-01-23T13:45:07.000000,-4271.698000000006,-19946.78594999997,-24218.48394999998
2026-01-23T13:45:12.000000,-4275.571150000005,-19946.78594999997,-24222.35709999998
2026-01-23T13:45:17.000000,-4276.443850000005,-19946.78594999997,-24223.22979999998
2026-01-23T13:45:22.000000,-4286.315500000005,-19946.78594999997,-24233.10144999998
2026-01-23T13:47:02.000000,-4317.187900000004,-19946.78594999997,-24263.97384999998
2026-01-23T13:48:27.000000,-4317.187900000004,-19982.40614999997,-24299.59404999998
2026-01-23T13:48:37.000000,-4317.187900000004,-20018.02634999997,-24335.214249999983
2026-01-23T13:48:47.000000,-4317.187900000004,-20013.28934999997,-24330.47724999998
2026-01-23T13:48:52.000000,-4317.187900000004,-20011.55519999997,-24328.74309999998
2026-01-23T13:48:57.000000,-4317.187900000004,-20005.180299999967,-24322.36819999998
2026-01-23T13:49:02.000000,-4317.187900000004,-20024.44449999997,-24341.63239999998
2026-01-23T13:49:12.000000,-4317.187900000004,-20043.70629999997,-24360.89419999998
2026-01-23T13:49:17.000000,-4317.187900000004,-20065.32439999997,-24382.51229999998
2026-01-23T13:49:22.000000,-4317.187900000004,-20086.94249999997,-24404.13039999998
2026-01-23T13:49:22.000000,-4317.187900000004,-20118.19889999997,-24435.386799999982
2026-01-23T13:49:47.000000,-4300.069900000004,-20118.19889999997,-24418.26879999998
2026-01-23T13:49:47.000000,-4300.069900000004,-20139.81699999997,-24439.88689999998
2026-01-23T13:49:57.000000,-4291.950850000004,-20139.81699999997,-24431.76784999998
2026-01-23T13:50:22.000000,-4291.950850000004,-20147.45539999997,-24439.406249999978
2026-01-23T13:50:27.000000,-4295.826400000004,-20147.45539999997,-24443.28179999998
2026-01-23T13:50:47.000000,-4295.826400000004,-20169.09589999997,-24464.92229999998
2026-01-23T13:50:57.000000,-4295.826400000004,-20204.73849999997,-24500.56489999998
2026-01-23T13:51:32.000000,-4295.826400000004,-20254.38319999997,-24550.20959999998
2026-01-23T13:55:12.000000,-4295.826400000004,-20303.98789999997,-24599.81429999998
2026-01-23T13:57:22.000000,-4295.826400000004,-20323.92889999997,-24619.75529999998
2026-01-23T14:00:12.000000,-4295.826400000004,-20345.59179999997,-24641.41819999998
2026-01-23T14:01:07.000000,-4295.826400000004,-20304.50139999997,-24600.327799999977
2026-01-23T14:01:17.000000,-4295.826400000004,-20260.41294999997,-24556.239349999978
2026-01-23T14:01:22.000000,-4295.826400000004,-20216.32209999997,-24512.148499999978
2026-01-23T14:01:32.000000,-4295.826400000004,-20172.23364999997,-24468.06004999998
2026-01-23T14:01:47.000000,-4295.826400000004,-20140.139799999968,-24435.966199999977
2026-01-23T14:03:17.000000,-4295.826400000004,-20129.793099999966,-24425.619499999975
2026-01-23T14:04:42.000000,-4295.826400000004,-20137.651499999967,-24433.477899999976
2026-01-23T14:04:52.000000,-4295.826400000004,-20117.30809999997,-24413.13449999998
2026-01-23T14:05:22.000000,-4295.826400000004,-20125.16649999997,-24420.99289999998
2026-01-23T14:05:27.000000,-4295.826400000004,-20142.59999999997,-24438.42639999998
2026-01-23T14:13:17.000000,-4295.826400000004,-20128.44629999997,-24424.27269999998
2026-01-23T14:13:22.000000,-4295.826400000004,-20114.29259999997,-24410.11899999998
2026-01-23T14:18:27.000000,-4295.826400000004,-20131.718099999973,-24427.54449999998
2026-01-23T14:18:37.000000,-4295.826400000004,-20163.465699999975,-24459.292099999984
2026-01-23T14:19:22.000000,-4295.826400000004,-20227.205299999976,-24523.031699999985
2026-01-23T14:22:52.000000,-4295.826400000004,-20248.812199999975,-24544.638599999984
2026-01-23T14:23:27.000000,-4295.826400000004,-20270.419099999974,-24566.245499999983
2026-01-23T14:23:27.000000,-4295.826400000004,-20289.261549999974,-24585.087949999983
2026-01-23T14:23:57.000000,-4295.826400000004,-20310.868449999973,-24606.69484999998
2026-01-23T14:24:32.000000,-4295.826400000004,-20332.47534999997,-24628.30174999998
2026-01-23T14:24:42.000000,-4295.826400000004,-20354.08224999997,-24649.90864999998
2026-01-23T14:24:52.000000,-4295.826400000004,-20375.68914999997,-24671.51554999998
2026-01-23T14:25:12.000000,-4295.826400000004,-20397.296049999968,-24693.122449999977
2026-01-23T14:25:17.000000,-4295.826400000004,-20418.902949999967,-24714.729349999976
2026-01-23T14:25:22.000000,-4295.826400000004,-20440.509849999966,-24736.336249999975
2026-01-23T14:25:37.000000,-4295.826400000004,-20462.116749999965,-24757.943149999974
2026-01-23T14:26:07.000000,-4295.826400000004,-20483.723649999964,-24779.550049999973
2026-01-23T14:26:12.000000,-4295.826400000004,-20505.330549999962,-24801.15694999997
2026-01-23T14:27:07.000000,-4295.826400000004,-20512.935349999963,-24808.761749999972
2026-01-23T14:27:17.000000,-4295.826400000004,-20520.540149999964,-24816.366549999973
2026-01-23T14:43:07.000000,-4257.177250000003,-20520.540149999964,-24777.717399999972
2026-01-23T14:44:02.000000,-4257.177250000003,-20560.007349999963,-24817.18459999997
2026-01-23T14:44:57.000000,-4234.795150000003,-20560.007349999963,-24794.802499999972
2026-01-23T14:59:55.000000,-4234.795150000003,-20609.663249999965,-24844.458399999974
2026-01-23T14:59:55.000000,-4234.795150000003,-20631.337349999965,-24866.132499999974
2026-01-23T14:59:55.000000,-4234.795150000003,-20653.011449999965,-24887.806599999974
2026-01-23T14:59:55.000000,-4234.795150000003,-20674.685549999966,-24909.480699999975
2026-01-23T14:59:55.000000,-4234.795150000003,-20696.359649999966,-24931.154799999975
2026-01-23T14:59:55.000000,-4234.795150000003,-20718.033749999966,-24952.828899999975
2026-01-23T14:59:55.000000,-4234.795150000003,-20739.707849999966,-24974.502999999975
2026-01-23T14:59:55.000000,-4234.795150000003,-20761.381949999966,-24996.177099999975
2026-01-23T14:59:55.000000,-4234.795150000003,-20783.056049999966,-25017.851199999976
2026-01-23T14:59:55.000000,-4234.795150000003,-20804.730149999967,-25039.525299999976
2026-01-23T14:59:55.000000,-4234.795150000003,-20826.404249999967,-25061.199399999976
2026-01-26T10:00:47.000000,-4234.795150000003,-20845.13229999997,-25079.927449999977
2026-01-26T10:15:32.000000,-4234.795150000003,-20792.91129999997,-25027.70644999998
2026-01-26T10:15:52.000000,-4234.795150000003,-20745.69904999997,-24980.49419999998
2026-01-26T10:16:52.000000,-4234.795150000003,-20728.49529999997,-24963.29044999998
2026-01-26T10:17:22.000000,-4234.795150000003,-20711.75889999997,-24946.55404999998
2026-01-26T10:17:32.000000,-4234.795150000003,-20694.55514999997,-24929.35029999998
2026-01-26T10:17:47.000000,-4234.795150000003,-20677.35139999997,-24912.14654999998
2026-01-26T10:19:42.000000,-4234.795150000003,-20685.27139999997,-24920.066549999978
2026-01-26T10:19:52.000000,-4234.795150000003,-20682.18974999997,-24916.984899999978
2026-01-26T10:22:22.000000,-4234.795150000003,-20679.09929999997,-24913.894449999978
2026-01-26T10:24:27.000000,-4234.795150000003,-20616.87279999997,-24851.667949999977
2026-01-26T10:28:17.000000,-4241.968750000003,-20616.87279999997,-24858.841549999976
2026-01-26T10:29:57.000000,-4241.968750000003,-20668.76419999997,-24910.732949999976
2026-01-26T10:32:52.000000,-4241.968750000003,-20746.289899999967,-24988.258649999974
2026-01-26T10:37:37.000000,-4241.968750000003,-20714.251899999967,-24956.220649999974
2026-01-26T10:37:52.000000,-4241.968750000003,-20666.211499999965,-24908.180249999972
2026-01-26T10:37:57.000000,-4241.968750000003,-20630.163299999964,-24872.13204999997
2026-01-26T10:38:07.000000,-4241.968750000003,-20578.122299999963,-24820.09104999997
2026-01-26T10:38:52.000000,-4241.968750000003,-20550.88504999996,-24792.853799999968
2026-01-26T10:42:52.000000,-4241.968750000003,-20515.957149999962,-24757.92589999997
2026-01-26T10:43:02.000000,-4241.968750000003,-20451.866349999964,-24693.83509999997
2026-01-26T10:44:02.000000,-4241.968750000003,-20602.344599999964,-24844.31334999997
2026-01-26T10:44:08.000000,-4241.968750000003,-20560.577399999966,-24802.546149999973
2026-01-26T10:46:12.000000,-4241.968750000003,-20581.088149999967,-24823.056899999974
2026-01-26T10:46:37.000000,-4241.968750000003,-20601.588499999965,-24843.557249999973
2026-01-26T10:46:42.000000,-4222.078300000003,-20601.588499999965,-24823.666799999974
2026-01-26T10:46:47.000000,-4190.193250000002,-20601.588499999965,-24791.781749999973
2026-01-26T10:46:52.000000,-4158.305800000003,-20601.588499999965,-24759.894299999974
2026-01-26T10:46:57.000000,-4123.415500000003,-20601.588499999965,-24725.003999999975
2026-01-26T10:47:12.000000,-4123.415500000003,-20619.461999999967,-24742.877499999977
2026-01-26T10:47:17.000000,-4094.5117000000023,-20619.461999999967,-24713.973699999977
2026-01-26T10:47:22.000000,-4065.605500000002,-20619.461999999967,-24685.067499999976
2026-01-26T10:47:27.000000,-4042.6978000000017,-20619.461999999967,-24662.159799999976
2026-01-26T10:47:32.000000,-4031.789500000001,-20619.461999999967,-24651.251499999977
2026-01-26T10:47:42.000000,-4020.8764000000015,-20619.461999999967,-24640.33839999998
2026-01-26T10:48:37.000000,-3979.9588000000012,-20619.461999999967,-24599.420799999978
2026-01-26T10:48:42.000000,-3933.0403000000015,-20619.461999999967,-24552.50229999998
2026-01-26T10:48:47.000000,-3889.119850000001,-20619.461999999967,-24508.581849999977
2026-01-26T10:48:57.000000,-3848.2022500000007,-20619.461999999967,-24467.664249999976
2026-01-26T10:48:57.000000,-3810.285100000001,-20619.461999999967,-24429.747099999975
2026-01-26T10:49:02.000000,-3775.3708000000006,-20619.461999999967,-24394.832799999975
2026-01-26T10:49:07.000000,-3734.4556000000007,-20619.461999999967,-24353.917599999975
2026-01-26T10:49:12.000000,-3687.5418999999997,-20619.461999999967,-24307.003899999974
2026-01-26T10:49:17.000000,-3646.6267,-20619.461999999967,-24266.088699999975
2026-01-26T10:50:27.000000,-3634.4604999999997,-20619.461999999967,-24253.922499999975
2026-01-26T10:52:57.000000,-3689.8405,-20619.461999999967,-24309.302499999976
2026-01-26T10:58:37.000000,-3689.8405,-20653.245099999967,-24343.085599999977
2026-01-26T10:58:37.000000,-3689.8405,-20609.078899999968,-24298.919399999977
2026-01-26T10:58:37.000000,-3689.8405,-20564.912699999968,-24254.753199999977
2026-01-26T10:58:37.000000,-3689.8405,-20507.75494999997,-24197.59544999998
2026-01-26T11:00:47.000000,-3816.2256999999995,-20507.75494999997,-24323.98064999998
2026-01-26T11:05:12.000000,-3815.1155499999995,-20507.75494999997,-24322.87049999998
2026-01-26T11:05:17.000000,-3806.88595,-20507.75494999997,-24314.64089999998
2026-01-26T11:06:22.000000,-3806.88595,-20529.73144999997,-24336.61739999998
2026-01-26T11:06:22.000000,-3806.88595,-20570.35719999997,-24377.24314999998
2026-01-26T11:06:27.000000,-3750.81875,-20570.35719999997,-24321.17594999998
2026-01-26T11:06:27.000000,-3702.7527499999997,-20570.35719999997,-24273.10994999998
2026-01-26T11:06:32.000000,-3674.5105499999995,-20570.35719999997,-24244.86774999998
2026-01-26T11:06:42.000000,-3610.45495,-20570.35719999997,-24180.81214999998
2026-01-26T11:06:57.000000,-3582.20955,-20570.35719999997,-24152.56674999998
2026-01-26T11:07:47.000000,-3582.20955,-20563.85909999997,-24146.06864999998
2026-01-26T11:08:52.000000,-3582.20955,-20612.25179999997,-24194.46134999998
2026-01-26T11:08:52.000000,-3582.20955,-20630.883049999968,-24213.092599999978
2026-01-26T11:11:22.000000,-3582.20955,-20876.893149999967,-24459.102699999978
2026-01-26T11:15:02.000000,-3582.20955,-20895.814799999967,-24478.024349999978
2026-01-26T11:15:22.000000,-3582.20955,-20994.347649999967,-24576.557199999977
2026-01-26T11:15:27.000000,-3582.20955,-21092.880499999967,-24675.090049999977
2026-01-26T11:15:32.000000,-3582.20955,-21165.565449999965,-24747.774999999976
2026-01-26T11:16:37.000000,-3582.20955,-21193.392449999967,-24775.601999999977
2026-01-26T11:16:48.000000,-3582.20955,-21236.024899999968,-24818.234449999978
2026-01-26T11:16:57.000000,-3582.20955,-21255.850699999966,-24838.060249999977
2026-01-26T11:17:42.000000,-3582.20955,-21276.423849999966,-24858.633399999977
2026-01-26T11:19:07.000000,-3582.20955,-21244.999599999966,-24827.209149999977
2026-01-26T11:19:52.000000,-3582.20955,-21226.577299999968,-24808.78684999998
2026-01-26T11:20:27.000000,-3582.20955,-21204.304799999965,-24786.514349999976
2026-01-26T11:20:38.000000,-3582.20955,-21225.956499999964,-24808.166049999974
2026-01-26T11:20:47.000000,-3582.20955,-21255.879799999962,-24838.089349999973
2026-01-26T11:21:57.000000,-3582.20955,-21285.80309999996,-24868.01264999997
2026-01-26T11:23:47.000000,-3582.20955,-21358.550449999962,-24940.759999999973
2026-01-26T11:23:52.000000,-3578.111750000001,-21358.550449999962,-24936.662199999973
2026-01-26T11:29:22.000000,-3578.111750000001,-21366.340049999963,-24944.451799999973
2026-01-26T11:29:32.000000,-3578.111750000001,-21374.129649999963,-24952.241399999974
2026-01-26T11:29:47.000000,-3578.111750000001,-21355.925749999962,-24934.037499999973
2026-01-26T11:29:57.000000,-3578.111750000001,-21324.71989999996,-24902.83164999997
2026-01-26T13:00:12.000000,-3578.111750000001,-21306.50559999996,-24884.61734999997
2026-01-26T13:00:17.000000,-3578.111750000001,-21288.29129999996,-24866.40304999997
2026-01-26T13:00:22.000000,-3578.111750000001,-21270.07699999996,-24848.188749999972
2026-01-26T13:00:27.000000,-3578.111750000001,-21264.864649999963,-24842.976399999974
2026-01-26T13:00:42.000000,-3578.111750000001,-21259.652299999965,-24837.764049999976
2026-01-26T13:00:47.000000,-3578.111750000001,-21241.448399999965,-24819.560149999976
2026-01-26T13:01:02.000000,-3578.111750000001,-21262.239949999963,-24840.351699999974
2026-01-26T13:01:07.000000,-3578.111750000001,-21296.023049999963,-24874.134799999974
2026-01-26T13:03:07.000000,-3578.111750000001,-21369.252149999964,-24947.363899999975
2026-01-26T13:03:17.000000,-3578.111750000001,-21377.031349999965,-24955.143099999976
2026-01-26T13:03:52.000000,-3578.111750000001,-21384.810549999966,-24962.922299999977
2026-01-26T13:05:52.000000,-3578.111750000001,-21376.902699999966,-24955.014449999977
2026-01-26T13:06:57.000000,-3578.111750000001,-21407.295099999967,-24985.406849999978
2026-01-26T13:08:27.000000,-3578.111750000001,-21401.905949999968,-24980.01769999998
2026-01-26T13:09:02.000000,-3578.111750000001,-21361.002749999967,-24939.114499999978
2026-01-26T13:10:02.000000,-3578.111750000001,-21303.60579999997,-24881.71754999998
2026-01-26T13:10:22.000000,-3578.111750000001,-21241.69464999997,-24819.80639999998
2026-01-26T13:11:57.000000,-3578.111750000001,-21197.546049999968,-24775.65779999998
2026-01-26T13:12:27.000000,-3578.111750000001,-21179.33174999997,-24757.44349999998
2026-01-26T13:12:57.000000,-3578.111750000001,-21131.17934999997,-24709.29109999998
2026-01-26T13:14:02.000000,-3578.111750000001,-21086.97154999997,-24665.08329999998
2026-01-26T13:14:52.000000,-3578.111750000001,-21055.755299999968,-24633.86704999998
2026-01-26T13:15:17.000000,-3578.111750000001,-21050.522149999968,-24628.63389999998
2026-01-26T13:15:32.000000,-3555.1728500000004,-21050.522149999968,-24605.694999999978
2026-01-26T13:15:37.000000,-3535.2320000000004,-21050.522149999968,-24585.75414999998
2026-01-26T13:15:47.000000,-3503.296550000001,-21050.522149999968,-24553.818699999978
2026-01-26T13:16:12.000000,-3503.296550000001,-21052.258849999966,-24555.555399999976
2026-01-26T13:23:57.000000,-3503.296550000001,-21071.110099999965,-24574.406649999975
2026-01-26T13:24:17.000000,-3503.296550000001,-21065.689749999965,-24568.986299999975
2026-01-26T13:24:47.000000,-3503.296550000001,-21084.540999999965,-24587.837549999975
2026-01-26T13:30:02.000000,-3503.296550000001,-21092.390599999966,-24595.687149999976
2026-01-26T13:31:07.000000,-3503.296550000001,-21113.192549999967,-24616.489099999977
2026-01-26T13:31:07.000000,-3503.296550000001,-21133.994499999968,-24637.291049999978
2026-01-26T13:31:07.000000,-3503.296550000001,-21154.79644999997,-24658.09299999998
2026-01-26T13:31:07.000000,-3503.296550000001,-21175.59839999997,-24678.89494999998
2026-01-26T13:31:07.000000,-3503.296550000001,-21196.40034999997,-24699.69689999998
2026-01-26T13:31:07.000000,-3503.296550000001,-21217.20229999997,-24720.49884999998
2026-01-26T13:31:07.000000,-3503.296550000001,-21250.99579999997,-24754.29234999998
2026-01-26T13:31:07.000000,-3503.296550000001,-21284.78929999997,-24788.08584999998
2026-01-26T13:31:07.000000,-3503.296550000001,-21318.58279999997,-24821.87934999998
2026-01-26T13:31:07.000000,-3503.296550000001,-21352.37629999997,-24855.67284999998
2026-01-26T13:31:07.000000,-3503.296550000001,-21373.17824999997,-24876.47479999998
2026-01-26T13:31:07.000000,-3503.296550000001,-21367.99709999997,-24871.29364999998
2026-01-26T13:31:07.000000,-3503.296550000001,-21349.824399999972,-24853.120949999982
2026-01-26T13:31:07.000000,-3503.296550000001,-21344.643249999972,-24847.939799999982
2026-01-26T13:31:07.000000,-3503.296550000001,-21352.45364999997,-24855.75019999998
2026-01-26T13:31:12.000000,-3503.296550000001,-21334.27054999997,-24837.56709999998
2026-01-26T13:32:57.000000,-3503.296550000001,-21342.11134999997,-24845.40789999998
2026-01-26T13:33:02.000000,-3503.296550000001,-21349.952149999972,-24853.248699999982
2026-01-26T13:33:22.000000,-3503.296550000001,-21357.792949999974,-24861.089499999984
2026-01-26T13:33:52.000000,-3501.3176000000008,-21357.792949999974,-24859.110549999983
2026-01-26T13:33:57.000000,-3496.3382,-21357.792949999974,-24854.131149999983
2026-01-26T13:34:02.000000,-3491.3587999999995,-21357.792949999974,-24849.151749999983
2026-01-26T13:34:02.000000,-3491.3587999999995,-21365.633749999975,-24856.992549999984
2026-01-26T13:34:12.000000,-3491.3587999999995,-21373.474549999977,-24864.833349999986
2026-01-26T13:34:22.000000,-3495.38315,-21373.474549999977,-24868.857699999986
2026-01-26T13:34:27.000000,-3499.4075000000007,-21373.474549999977,-24872.882049999986
2026-01-26T13:35:32.000000,-3499.4075000000007,-21392.316999999977,-24891.724499999986
2026-01-26T13:36:02.000000,-3499.4075000000007,-21411.150649999978,-24910.558149999986
2026-01-26T13:36:17.000000,-3499.4075000000007,-21440.985949999977,-24940.393449999985
2026-01-26T13:39:52.000000,-3499.4075000000007,-21470.821249999975,-24970.228749999984
2026-01-26T13:40:02.000000,-3499.4075000000007,-21500.656549999974,-25000.064049999983
2026-01-26T13:40:52.000000,-3499.4075000000007,-21530.500649999973,-25029.90814999998
2026-01-26T13:41:02.000000,-3499.4075000000007,-21571.337599999973,-25070.745099999982
2026-01-26T13:41:17.000000,-3499.4075000000007,-21604.881499999974,-25104.288999999982
2026-01-26T13:41:57.000000,-3499.4075000000007,-21616.680499999973,-25116.08799999998
2026-01-26T13:42:02.000000,-3499.4075000000007,-21657.526249999974,-25156.933749999982
2026-01-26T13:42:27.000000,-3499.4075000000007,-21678.068199999972,-25177.47569999998
2026-01-26T13:42:32.000000,-3499.4075000000007,-21718.913949999973,-25218.32144999998
2026-01-26T13:42:52.000000,-3499.4075000000007,-21752.44744999997,-25251.85494999998
2026-01-26T13:42:52.000000,-3499.4075000000007,-21748.25044999997,-25247.65794999998
2026-01-26T13:43:02.000000,-3499.4075000000007,-21744.05344999997,-25243.46094999998
2026-01-26T13:43:17.000000,-3499.4075000000007,-21739.85644999997,-25239.26394999998
2026-01-26T13:43:22.000000,-3499.4075000000007,-21739.66004999997,-25239.067549999978
2026-01-26T13:43:27.000000,-3499.4075000000007,-21739.46364999997,-25238.871149999977
2026-01-26T13:49:02.000000,-3512.3828000000008,-21739.46364999997,-25251.846449999975
2026-01-26T13:49:02.000000,-3512.3828000000008,-21758.33249999997,-25270.715299999978
2026-01-26T13:49:12.000000,-3512.3828000000008,-21777.201349999974,-25289.58414999998
2026-01-26T13:49:22.000000,-3512.3828000000008,-21795.042849999973,-25307.42564999998
2026-01-26T13:49:42.000000,-3512.3828000000008,-21813.911699999975,-25326.29449999998
2026-01-26T13:51:02.000000,-3512.3828000000008,-21876.769549999975,-25389.152349999982
2026-01-26T13:52:07.000000,-3512.3828000000008,-21906.640049999976,-25419.022849999983
2026-01-26T13:52:32.000000,-3481.1665500000004,-21906.640049999976,-25387.80659999998
2026-01-26T13:52:37.000000,-3449.9503,-21906.640049999976,-25356.59034999998
2026-01-26T13:52:42.000000,-3431.7464000000004,-21906.640049999976,-25338.38644999998
2026-01-26T13:52:47.000000,-3413.5321,-21906.640049999976,-25320.17214999998
2026-01-26T13:52:47.000000,-3375.5309499999994,-21906.640049999976,-25282.17099999998
2026-01-26T13:52:52.000000,-3357.316649999999,-21906.640049999976,-25263.95669999998
2026-01-26T13:52:57.000000,-3339.1023499999983,-21906.640049999976,-25245.74239999998
2026-01-26T13:57:42.000000,-3339.1023499999983,-21914.169649999978,-25253.271999999983
2026-01-26T13:57:47.000000,-3339.1023499999983,-21921.69924999998,-25260.801599999984
2026-01-26T13:57:57.000000,-3339.1023499999983,-21942.23079999998,-25281.333149999984
2026-01-26T13:58:12.000000,-3339.1023499999983,-21949.77079999998,-25288.873149999985
2026-01-26T14:00:42.000000,-3339.1023499999983,-21944.30884999998,-25283.411199999984
2026-01-26T14:03:27.000000,-3339.1023499999983,-21920.12484999998,-25259.227199999983
2026-01-26T14:15:52.000000,-3339.1023499999983,-21905.99754999998,-25245.099899999983
2026-01-26T14:16:07.000000,-3339.1023499999983,-21902.863099999977,-25241.96544999998
2026-01-26T14:16:42.000000,-3339.1023499999983,-21888.726999999977,-25227.82934999998
2026-01-26T14:17:47.000000,-3339.1023499999983,-21910.445899999977,-25249.54824999998
2026-01-26T14:19:32.000000,-3339.1023499999983,-21960.15219999998,-25299.254549999983
2026-01-26T14:20:12.000000,-3339.1023499999983,-21981.87109999998,-25320.973449999983
2026-01-26T14:20:27.000000,-3339.1023499999983,-22003.58999999998,-25342.692349999983
2026-01-26T14:20:32.000000,-3339.1023499999983,-22032.315549999978,-25371.417899999982
2026-01-26T14:20:57.000000,-3339.1023499999983,-22054.028849999977,-25393.13119999998
2026-01-26T14:20:57.000000,-3339.1023499999983,-22075.742149999976,-25414.84449999998
2026-01-26T14:22:47.000000,-3339.1023499999983,-22104.462099999975,-25443.56444999998
2026-01-26T14:23:32.000000,-3339.1023499999983,-22133.193249999975,-25472.29559999998
2026-01-26T14:23:57.000000,-3339.1023499999983,-22205.763799999975,-25544.86614999998
2026-01-26T14:24:37.000000,-3339.1023499999983,-22227.471499999978,-25566.573849999982
2026-01-26T14:25:02.000000,-3339.1023499999983,-22261.05699999998,-25600.159349999984
2026-01-26T14:25:07.000000,-3339.1023499999983,-22288.85839999998,-25627.960749999984
2026-01-26T14:25:22.000000,-3339.1023499999983,-22335.44584999998,-25674.548199999983
2026-01-26T14:26:12.000000,-3326.980949999999,-22335.44584999998,-25662.426799999983
2026-01-26T14:26:22.000000,-3334.852949999999,-22335.44584999998,-25670.298799999982
2026-01-26T14:26:27.000000,-3342.724949999999,-22335.44584999998,-25678.17079999998
2026-01-26T14:26:32.000000,-3342.724949999999,-22369.04174999998,-25711.766699999982
2026-01-26T14:27:07.000000,-3342.724949999999,-22389.63569999998,-25732.360649999984
2026-01-26T14:27:32.000000,-3342.724949999999,-22410.229649999983,-25752.954599999986
2026-01-26T14:27:37.000000,-3342.724949999999,-22443.815149999984,-25786.540099999987
2026-01-26T14:27:47.000000,-3342.724949999999,-22477.400649999985,-25820.12559999999
2026-01-26T14:27:57.000000,-3342.724949999999,-22510.996549999985,-25853.72149999999
2026-01-26T14:28:17.000000,-3342.724949999999,-22544.592449999986,-25887.31739999999
2026-01-26T14:28:22.000000,-3342.724949999999,-22578.188349999986,-25920.91329999999
2026-01-26T14:28:27.000000,-3342.724949999999,-22611.784249999986,-25954.50919999999
2026-01-26T14:28:42.000000,-3342.724949999999,-22645.380149999986,-25988.10509999999
2026-01-26T14:28:47.000000,-3342.724949999999,-22691.967599999985,-26034.69254999999
2026-01-26T14:28:52.000000,-3338.6079499999983,-22691.967599999985,-26030.575549999987
2026-01-26T14:28:52.000000,-3341.9033499999978,-22691.967599999985,-26033.870949999986
2026-01-26T14:29:02.000000,-3341.9033499999978,-22712.571949999987,-26054.475299999987
2026-01-26T14:29:17.000000,-3349.7785499999977,-22712.571949999987,-26062.350499999986
2026-01-26T14:29:22.000000,-3349.7785499999977,-22733.17629999999,-26082.954849999987
2026-01-26T14:29:37.000000,-3349.7785499999977,-22753.78064999999,-26103.55919999999
2026-01-26T14:29:47.000000,-3349.7785499999977,-22774.38499999999,-26124.16354999999
2026-01-26T14:31:47.000000,-3349.7785499999977,-22795.879899999993,-26145.65844999999
2026-01-26T14:32:42.000000,-3349.7785499999977,-22825.750399999994,-26175.528949999993
2026-01-26T14:34:17.000000,-3349.7785499999977,-22885.360599999993,-26235.13914999999
2026-01-26T14:34:27.000000,-3349.7785499999977,-22910.784099999993,-26260.562649999993
2026-01-26T14:34:37.000000,-3349.7785499999977,-22957.39234999999,-26307.17089999999
2026-01-26T14:34:47.000000,-3349.7785499999977,-23004.00059999999,-26353.779149999988
2026-01-26T14:35:02.000000,-3349.7785499999977,-22983.826799999988,-26333.605349999987
2026-01-26T14:35:57.000000,-3349.7785499999977,-22955.658199999987,-26305.436749999986
2026-01-26T14:38:57.000000,-3349.7785499999977,-22949.367299999987,-26299.145849999986
2026-01-26T14:39:02.000000,-3349.7785499999977,-22964.079549999988,-26313.858099999987
2026-01-26T14:40:27.000000,-3349.7785499999977,-23010.708599999987,-26360.487149999986
2026-01-26T14:40:32.000000,-3349.7785499999977,-23057.337649999987,-26407.116199999986
2026-01-26T14:41:42.000000,-3345.645549999999,-23057.337649999987,-26402.983199999988
2026-01-26T14:41:42.000000,-3345.645549999999,-23090.975149999987,-26436.62069999999
2026-01-26T14:41:47.000000,-3345.513149999999,-23090.975149999987,-26436.48829999999
2026-01-26T14:42:02.000000,-3345.513149999999,-23111.61069999999,-26457.12384999999
2026-01-27T09:50:37.000000,-3345.513149999999,-23203.188099999992,-26548.70124999999
2026-01-27T09:51:02.000000,-3345.513149999999,-23378.730099999993,-26724.243249999992
2026-01-27T09:53:17.000000,-3345.513149999999,-23434.388499999994,-26779.901649999993
2026-01-27T09:54:07.000000,-3345.513149999999,-23537.986899999993,-26883.50004999999
2026-01-27T09:54:27.000000,-3345.513149999999,-23533.597899999993,-26879.111049999992
2026-01-27T09:54:37.000000,-3345.513149999999,-23481.230499999994,-26826.743649999993
2026-01-27T09:54:42.000000,-3345.513149999999,-23416.870899999994,-26762.384049999993
2026-01-27T09:54:57.000000,-3345.513149999999,-23364.532299999995,-26710.045449999994
2026-01-27T09:55:22.000000,-3345.513149999999,-23420.133099999995,-26765.646249999994
2026-01-27T09:55:37.000000,-3345.513149999999,-23451.730299999996,-26797.243449999994
2026-01-27T09:57:27.000000,-3345.513149999999,-23339.363499999996,-26684.876649999995
2026-01-27T09:57:32.000000,-3345.513149999999,-23226.996699999996,-26572.509849999995
2026-01-27T09:58:47.000000,-3345.513149999999,-23126.650899999997,-26472.164049999996
2026-01-27T09:59:07.000000,-3345.513149999999,-23026.276299999998,-26371.789449999997
2026-01-27T10:02:42.000000,-3310.644449999999,-23026.276299999998,-26336.920749999997
2026-01-27T10:05:52.000000,-3269.7940499999986,-23026.276299999998,-26296.070349999998
2026-01-27T10:05:57.000000,-3397.127249999998,-23026.276299999998,-26423.40355
2026-01-27T10:06:02.000000,-3500.466449999998,-23026.276299999998,-26526.742749999998
2026-01-27T10:06:07.000000,-3603.805649999998,-23026.276299999998,-26630.081949999996
2026-01-27T10:06:22.000000,-3683.1604499999976,-23026.276299999998,-26709.436749999997
2026-01-27T10:06:27.000000,-3762.515249999997,-23026.276299999998,-26788.791549999998
2026-01-27T10:06:42.000000,-3853.8622499999965,-23026.276299999998,-26880.138549999996
2026-01-27T10:06:42.000000,-3917.7074499999953,-23026.276299999998,-26943.983749999996
2026-01-27T10:06:42.000000,-3981.552649999994,-23026.276299999998,-27007.828949999996
2026-01-27T10:06:52.000000,-4029.395449999993,-23026.276299999998,-27055.671749999994
2026-01-27T10:06:57.000000,-4069.240249999994,-23026.276299999998,-27095.516549999993
2026-01-27T10:07:07.000000,-4105.090849999994,-23026.276299999998,-27131.367149999995
2026-01-27T10:07:17.000000,-4144.942049999995,-23026.276299999998,-27171.218349999996
2026-01-27T10:08:12.000000,-4026.8303499999943,-23026.276299999998,-27053.106649999994
2026-01-27T10:08:37.000000,-4094.6505499999953,-23026.276299999998,-27120.926849999996
2026-01-27T10:09:47.000000,-4094.6505499999953,-23053.6193,-27148.269849999997
2026-01-27T10:10:02.000000,-4046.5381499999953,-23053.6193,-27100.157449999995
2026-01-27T10:10:07.000000,-4102.356549999996,-23053.6193,-27155.975849999995
2026-01-27T10:10:52.000000,-4136.264449999995,-23053.6193,-27189.883749999994
2026-01-27T10:11:02.000000,-4196.165849999995,-23053.6193,-27249.785149999992
2026-01-27T10:11:07.000000,-4256.077649999995,-23053.6193,-27309.696949999994
2026-01-27T10:11:12.000000,-4339.881049999994,-23053.6193,-27393.500349999995
2026-01-27T10:11:17.000000,-4438.788299999994,-23053.6193,-27492.407599999995
2026-01-27T10:12:07.000000,-4510.593099999994,-23053.6193,-27564.212399999997
2026-01-27T10:13:37.000000,-4388.529599999993,-23053.6193,-27442.148899999997
2026-01-27T10:13:42.000000,-4253.4641499999925,-23053.6193,-27307.083449999995
2026-01-27T10:14:07.000000,-4092.405199999993,-23053.6193,-27146.024499999996
2026-01-27T10:18:57.000000,-4092.405199999993,-23117.523699999998,-27209.928899999995
2026-01-27T10:19:27.000000,-4127.398199999992,-23117.523699999998,-27244.921899999994
2026-01-27T10:19:57.000000,-4127.398199999992,-23065.266699999996,-27192.664899999992
2026-01-27T10:20:17.000000,-4127.398199999992,-23099.132999999994,-27226.53119999999
2026-01-27T10:21:02.000000,-4127.398199999992,-23022.589199999995,-27149.98739999999
2026-01-27T10:21:02.000000,-4127.398199999992,-23069.457449999994,-27196.85564999999
2026-01-27T10:21:07.000000,-4127.398199999992,-22980.921449999994,-27108.31964999999
2026-01-27T10:21:22.000000,-4127.398199999992,-22916.379449999993,-27043.77764999999
2026-01-27T10:21:22.000000,-4127.398199999992,-22963.247699999993,-27090.64589999999
2026-01-27T10:21:27.000000,-4127.398199999992,-22910.697899999992,-27038.096099999988
2026-01-27T10:21:32.000000,-4127.398199999992,-22858.14809999999,-26985.546299999987
2026-01-27T10:21:32.000000,-4127.398199999992,-22918.018299999992,-27045.41649999999
2026-01-27T10:21:37.000000,-4127.398199999992,-22865.46849999999,-26992.866699999988
2026-01-27T10:21:42.000000,-4127.398199999992,-22824.91089999999,-26952.309099999988
2026-01-27T10:21:47.000000,-4127.398199999992,-22784.35329999999,-26911.751499999988
2026-01-27T10:21:52.000000,-4127.398199999992,-22755.787899999992,-26883.186099999988
2026-01-27T10:22:02.000000,-4127.398199999992,-22751.21649999999,-26878.614699999987
2026-01-27T10:24:37.000000,-4127.398199999992,-22827.181899999992,-26954.58009999999
2026-01-27T10:24:47.000000,-4127.398199999992,-22895.14929999999,-27022.547499999986
2026-01-27T10:24:57.000000,-4127.398199999992,-22963.116699999988,-27090.514899999984
2026-01-27T10:25:22.000000,-4127.398199999992,-23027.080299999987,-27154.478499999983
2026-01-27T10:25:27.000000,-4127.398199999992,-23119.056099999987,-27246.454299999983
2026-01-27T10:26:17.000000,-4127.398199999992,-23169.047999999988,-27296.446199999984
2026-01-27T10:27:02.000000,-4127.398199999992,-23205.039399999987,-27332.437599999983
2026-01-27T10:27:47.000000,-4127.398199999992,-23213.038599999985,-27340.43679999998
2026-01-27T10:27:47.000000,-4127.398199999992,-23221.046599999987,-27348.444799999983
2026-01-27T10:27:52.000000,-4127.398199999992,-23221.050499999987,-27348.448699999983
2026-01-27T10:28:32.000000,-4127.398199999992,-23243.049399999985,-27370.44759999998
2026-01-27T10:28:52.000000,-4127.398199999992,-23265.048299999984,-27392.44649999998
2026-01-27T10:29:32.000000,-4127.398199999992,-23214.046949999985,-27341.44514999998
2026-01-27T10:29:52.000000,-4127.398199999992,-23195.479049999984,-27322.87724999998
2026-01-27T10:30:57.000000,-4127.398199999992,-23118.94484999998,-27246.343049999978
2026-01-27T10:31:02.000000,-4127.398199999992,-23054.41244999998,-27181.810649999978
2026-01-27T10:31:07.000000,-4127.398199999992,-23013.88364999998,-27141.281849999978
2026-01-27T10:31:57.000000,-4127.398199999992,-23045.35604999998,-27172.754249999976
2026-01-27T10:32:02.000000,-4127.398199999992,-23052.83444999998,-27180.232649999976
2026-01-27T10:32:17.000000,-4127.398199999992,-23030.533949999983,-27157.93214999998
2026-01-27T10:32:22.000000,-4127.398199999992,-23050.01414999998,-27177.412349999977
2026-01-27T10:34:52.000000,-4175.340199999993,-23050.01414999998,-27225.354349999976
2026-01-27T10:35:02.000000,-4019.3891999999933,-23050.01414999998,-27069.403349999975
2026-01-27T10:35:22.000000,-3891.416799999993,-23050.01414999998,-26941.430949999976
2026-01-27T10:35:27.000000,-3767.438599999994,-23050.01414999998,-26817.45274999998
2026-01-27T10:35:37.000000,-3655.4525999999937,-23050.01414999998,-26705.466749999978
2026-01-27T10:35:42.000000,-3559.4657999999945,-23050.01414999998,-26609.47994999998
2026-01-27T10:35:52.000000,-3479.4845999999934,-23050.01414999998,-26529.498749999977
2026-01-27T10:35:57.000000,-3407.504599999994,-23050.01414999998,-26457.518749999977
2026-01-27T10:38:07.000000,-3407.504599999994,-23057.790149999983,-26465.29474999998
2026-01-27T10:39:47.000000,-3407.504599999994,-23117.285949999983,-26524.79054999998
2026-01-27T10:39:52.000000,-3407.504599999994,-23166.540249999984,-26574.04484999998
2026-01-27T10:40:02.000000,-3407.504599999994,-23270.013849999985,-26677.51844999998
2026-01-27T10:42:42.000000,-3407.504599999994,-23324.688249999985,-26732.19284999998
2026-01-27T10:43:17.000000,-3407.504599999994,-23325.988149999986,-26733.492749999983
2026-01-27T10:43:32.000000,-3407.504599999994,-23333.288949999987,-26740.793549999984
2026-01-27T10:43:37.000000,-3407.504599999994,-23340.584949999986,-26748.089549999982
2026-01-27T10:43:42.000000,-3407.504599999994,-23370.305849999986,-26777.810449999983
2026-01-27T10:43:57.000000,-3399.4445999999944,-23370.305849999986,-26769.75044999998
2026-01-27T10:45:57.000000,-3399.4445999999944,-23497.888649999986,-26897.33324999998
2026-01-27T10:46:22.000000,-3399.4445999999944,-23516.596049999986,-26916.04064999998
2026-01-27T10:48:57.000000,-3391.416599999993,-23516.596049999986,-26908.01264999998
2026-01-27T10:53:12.000000,-3391.416599999993,-23546.17614999999,-26937.59274999998
2026-01-27T10:55:32.000000,-3391.416599999993,-23583.872649999987,-26975.28924999998
2026-01-27T10:55:57.000000,-3391.416599999993,-23602.609499999988,-26994.02609999998
2026-01-27T10:56:37.000000,-3391.416599999993,-23536.776299999987,-26928.19289999998
2026-01-27T10:57:17.000000,-3391.416599999993,-23570.299399999985,-26961.71599999998
2026-01-27T10:58:12.000000,-3391.416599999993,-23590.820549999986,-26982.23714999998
2026-01-27T10:58:37.000000,-3422.9849999999938,-23590.820549999986,-27013.80554999998
2026-01-27T10:58:57.000000,-3422.9849999999938,-23624.697249999987,-27047.68224999998
2026-01-27T10:58:57.000000,-3422.9849999999938,-23632.441249999985,-27055.42624999998
2026-01-27T10:59:27.000000,-3442.5707999999936,-23632.441249999985,-27075.01204999998
2026-01-27T11:00:22.000000,-3446.266349999993,-23632.441249999985,-27078.70759999998
2026-01-27T11:00:47.000000,-3470.255949999993,-23632.441249999985,-27102.69719999998
2026-01-27T11:01:17.000000,-3381.8639499999927,-23632.441249999985,-27014.30519999998
2026-01-27T11:01:37.000000,-3305.4737499999924,-23632.441249999985,-26937.91499999998
2026-01-27T11:01:42.000000,-3284.6112999999923,-23632.441249999985,-26917.05254999998
2026-01-27T11:01:47.000000,-3263.748849999992,-23632.441249999985,-26896.190099999978
2026-01-27T11:01:52.000000,-3239.885949999993,-23632.441249999985,-26872.327199999978
2026-01-27T11:02:07.000000,-3234.0209499999933,-23632.441249999985,-26866.46219999998
2026-01-27T11:03:17.000000,-3234.0209499999933,-23640.176449999984,-26874.19739999998
2026-01-27T11:03:22.000000,-3234.0209499999933,-23661.061599999983,-26895.082549999977
2026-01-27T11:03:22.000000,-3234.0209499999933,-23668.796799999982,-26902.817749999977
2026-01-27T11:03:27.000000,-3234.0209499999933,-23676.53199999998,-26910.552949999976
2026-01-27T11:03:32.000000,-3234.0209499999933,-23684.26719999998,-26918.288149999975
2026-01-27T11:05:12.000000,-3234.0209499999933,-23712.04619999998,-26946.067149999973
2026-01-27T11:14:12.000000,-3265.550949999994,-23712.04619999998,-26977.597149999972
2026-01-27T11:14:52.000000,-3297.0713499999943,-23712.04619999998,-27009.117549999974
2026-01-27T11:15:07.000000,-3352.5857499999943,-23712.04619999998,-27064.631949999974
2026-01-27T11:15:12.000000,-3444.0959499999935,-23712.04619999998,-27156.142149999974
2026-01-27T11:20:22.000000,-3571.515549999994,-23712.04619999998,-27283.561749999975
2026-01-27T11:20:47.000000,-3674.9315499999943,-23712.04619999998,-27386.977749999976
2026-01-27T11:20:52.000000,-3766.355349999995,-23712.04619999998,-27478.401549999977
2026-01-27T11:21:02.000000,-3833.7851499999947,-23712.04619999998,-27545.831349999975
2026-01-27T11:21:12.000000,-3889.222749999995,-23712.04619999998,-27601.268949999976
2026-01-27T11:21:17.000000,-3932.658549999995,-23712.04619999998,-27644.704749999975
2026-01-27T11:21:42.000000,-3940.117749999995,-23712.04619999998,-27652.163949999976
2026-01-27T11:21:57.000000,-3911.5907499999944,-23712.04619999998,-27623.636949999975
2026-01-27T11:22:02.000000,-3883.063749999994,-23712.04619999998,-27595.109949999973
2026-01-27T11:22:42.000000,-3842.5445499999937,-23712.04619999998,-27554.590749999974
2026-01-27T11:22:47.000000,-3790.023549999994,-23712.04619999998,-27502.069749999973
2026-01-27T11:23:17.000000,-3689.504949999993,-23712.04619999998,-27401.551149999974
2026-01-27T11:23:22.000000,-3588.9863499999924,-23712.04619999998,-27301.032549999974
2026-01-27T11:23:42.000000,-3488.4773499999924,-23712.04619999998,-27200.523549999976
2026-01-27T11:24:37.000000,-3375.966549999992,-23712.04619999998,-27088.012749999976
2026-01-27T11:29:12.000000,-3375.966549999992,-23686.67084999998,-27062.637399999978
2026-01-27T13:08:32.000000,-3375.966549999992,-23766.56644999998,-27142.532999999978
2026-01-27T13:09:27.000000,-3391.9101499999915,-23766.56644999998,-27158.476599999976
2026-01-27T13:09:32.000000,-3407.853749999991,-23766.56644999998,-27174.420199999975
2026-01-27T13:09:42.000000,-3415.799349999991,-23766.56644999998,-27182.365799999974
2026-01-27T13:09:52.000000,-3451.723549999991,-23766.56644999998,-27218.289999999975
2026-01-27T13:09:52.000000,-3491.6483499999918,-23766.56644999998,-27258.214799999976
2026-01-27T13:10:02.000000,-3523.575149999991,-23766.56644999998,-27290.141599999977
2026-01-27T13:10:07.000000,-3555.498749999992,-23766.56644999998,-27322.06519999998
2026-01-27T13:10:22.000000,-3498.4761999999923,-23766.56644999998,-27265.042649999978
2026-01-27T13:10:32.000000,-3441.4432499999925,-23766.56644999998,-27208.009699999977
2026-01-27T13:10:32.000000,-3497.357649999993,-23766.56644999998,-27263.92409999998
2026-01-27T13:10:37.000000,-3497.357649999993,-23782.47164999998,-27279.82929999998
2026-01-27T13:10:42.000000,-3497.357649999993,-23798.376849999982,-27295.73449999998
2026-01-27T13:10:52.000000,-3440.3246999999933,-23798.376849999982,-27238.70154999998
2026-01-27T13:10:57.000000,-3383.2917499999935,-23798.376849999982,-27181.66859999998
2026-01-27T13:11:12.000000,-3326.2483999999936,-23798.376849999982,-27124.62524999998
2026-01-27T13:11:17.000000,-3269.2050499999937,-23798.376849999982,-27067.58189999998
2026-01-27T13:12:17.000000,-3269.2050499999937,-23871.73074999998,-27140.935799999977
2026-01-27T13:12:27.000000,-3269.2050499999937,-23969.088249999983,-27238.29329999998
2026-01-27T13:13:47.000000,-3269.2050499999937,-24006.808749999982,-27276.01379999998
2026-01-27T13:14:32.000000,-3269.2050499999937,-24058.532949999983,-27327.73799999998
2026-01-27T13:16:37.000000,-3269.2050499999937,-24099.27309999998,-27368.478149999977
2026-01-27T13:16:47.000000,-3269.2050499999937,-24140.013249999978,-27409.218299999975
2026-01-27T13:18:32.000000,-3269.2050499999937,-24158.75889999998,-27427.963949999976
2026-01-27T13:18:37.000000,-3269.2050499999937,-24177.50454999998,-27446.709599999976
2026-01-27T13:18:52.000000,-3269.2050499999937,-24207.25184999998,-27476.456899999976
2026-01-27T13:19:12.000000,-3269.2050499999937,-24236.999149999978,-27506.204199999975
2026-01-27T13:21:17.000000,-3269.2050499999937,-24076.394749999978,-27345.599799999974
2026-01-27T13:23:52.000000,-3345.0264499999944,-24076.394749999978,-27421.421199999975
2026-01-27T13:24:47.000000,-3345.0264499999944,-24084.282749999977,-27429.309199999974
2026-01-27T13:26:22.000000,-3345.0264499999944,-24092.079549999977,-27437.105999999974
2026-01-27T13:26:27.000000,-3345.0264499999944,-24108.010349999975,-27453.036799999973
2026-01-27T13:27:12.000000,-3391.863499999995,-24108.010349999975,-27499.873849999974
2026-01-27T13:27:22.000000,-3425.6985999999943,-24108.010349999975,-27533.708949999975
2026-01-27T13:27:27.000000,-3501.4655999999936,-24108.010349999975,-27609.475949999975
2026-01-27T13:27:32.000000,-3585.230599999994,-24108.010349999975,-27693.240949999974
2026-01-27T13:27:47.000000,-3672.992999999995,-24108.010349999975,-27781.003349999974
2026-01-27T13:27:52.000000,-3760.7521999999944,-24108.010349999975,-27868.762549999974
2026-01-27T13:27:57.000000,-3844.513999999995,-24108.010349999975,-27952.524349999974
2026-01-27T13:28:07.000000,-3936.2737999999954,-24108.010349999975,-28044.284149999974
2026-01-27T13:28:12.000000,-3957.0861499999965,-24108.010349999975,-28065.096499999974
2026-01-27T13:28:17.000000,-3957.0861499999965,-24215.881349999974,-28172.967499999973
2026-01-27T13:28:17.000000,-4036.8505499999965,-24215.881349999974,-28252.731899999973
2026-01-27T13:28:22.000000,-4057.6628999999975,-24215.881349999974,-28273.544249999974
2026-01-27T13:28:27.000000,-4145.422099999997,-24215.881349999974,-28361.303449999974
2026-01-27T13:28:32.000000,-4153.232499999997,-24215.881349999974,-28369.113849999972
2026-01-27T13:28:37.000000,-4174.034449999997,-24215.881349999974,-28389.915799999973
2026-01-27T13:33:32.000000,-4141.810849999997,-24215.881349999974,-28357.692199999972
2026-01-27T13:36:37.000000,-4149.590049999997,-24215.881349999974,-28365.471399999973
2026-01-27T13:36:42.000000,-4157.369249999997,-24215.881349999974,-28373.250599999974
2026-01-27T13:37:22.000000,-4178.119199999996,-24215.881349999974,-28394.000549999975
2026-01-27T13:40:17.000000,-4178.119199999996,-24201.666049999974,-28379.785249999975
2026-01-27T13:40:37.000000,-4178.119199999996,-24204.133299999972,-28382.252499999973
2026-01-27T13:41:22.000000,-4178.119199999996,-24211.922899999972,-28390.042099999973
2026-01-27T13:44:32.000000,-4178.119199999996,-24229.83639999997,-28407.955599999972
2026-01-27T13:52:02.000000,-4178.119199999996,-24245.83119999997,-28423.950399999972
2026-01-27T13:52:17.000000,-4178.119199999996,-24294.58869999997,-28472.707899999972
2026-01-27T13:52:27.000000,-4178.119199999996,-24298.47289999997,-28476.592099999973
2026-01-27T13:53:17.000000,-4178.119199999996,-24306.469699999972,-28484.588899999973
2026-01-27T13:53:37.000000,-4178.119199999996,-24274.37409999997,-28452.493299999973
2026-01-27T13:54:12.000000,-4178.119199999996,-24185.74209999997,-28363.86129999997
2026-01-27T13:54:17.000000,-4178.119199999996,-24121.66089999997,-28299.78009999997
2026-01-27T13:54:22.000000,-4178.119199999996,-24021.03669999997,-28199.155899999972
2026-01-27T13:54:27.000000,-4178.119199999996,-23944.953699999973,-28123.072899999974
2026-01-27T13:54:37.000000,-4178.119199999996,-23861.927249999975,-28040.046449999976
2026-01-27T13:54:42.000000,-4178.119199999996,-23883.926149999974,-28062.045349999975
2026-01-27T13:54:47.000000,-4178.119199999996,-23787.908149999974,-27966.027349999975
2026-01-27T13:55:12.000000,-4178.119199999996,-23717.873249999975,-27895.992449999976
2026-01-27T13:55:27.000000,-4178.119199999996,-23736.671699999977,-27914.790899999978
2026-01-27T13:55:27.000000,-4178.119199999996,-23656.568899999977,-27834.688099999978
2026-01-27T13:55:52.000000,-4178.119199999996,-23612.506699999976,-27790.625899999977
2026-01-27T13:56:12.000000,-4178.119199999996,-23631.30514999998,-27809.42434999998
2026-01-27T13:59:37.000000,-4178.119199999996,-23650.10359999998,-27828.22279999998
2026-01-27T13:59:52.000000,-4178.119199999996,-23668.902049999982,-27847.021249999983
2026-01-27T14:03:32.000000,-4178.119199999996,-23732.515249999982,-27910.634449999983
2026-01-27T14:03:52.000000,-4178.119199999996,-23782.13754999998,-27960.256749999982
2026-01-27T14:05:12.000000,-4178.119199999996,-23799.87104999998,-27977.99024999998
2026-01-27T14:05:22.000000,-4178.119199999996,-23919.52624999998,-28097.64544999998
2026-01-27T14:05:57.000000,-4178.119199999996,-23913.96029999998,-28092.07949999998
2026-01-27T14:07:02.000000,-4178.119199999996,-23934.88704999998,-28113.00624999998
2026-01-27T14:07:17.000000,-4178.119199999996,-23968.80534999998,-28146.92454999998
2026-01-27T14:12:12.000000,-4178.119199999996,-23989.73209999998,-28167.85129999998
2026-01-27T14:16:12.000000,-4178.119199999996,-23932.68874999998,-28110.80794999998
2026-01-27T14:16:42.000000,-4178.119199999996,-23901.62849999998,-28079.74769999998
2026-01-27T14:19:47.000000,-4178.119199999996,-23893.38464999998,-28071.503849999983
2026-01-27T14:20:02.000000,-4178.119199999996,-23862.293199999982,-28040.412399999983
2026-01-27T14:20:27.000000,-4178.119199999996,-23854.034949999983,-28032.154149999984
2026-01-27T14:20:47.000000,-4178.119199999996,-23904.004449999982,-28082.123649999983
2026-01-27T14:21:42.000000,-4172.102699999997,-23904.004449999982,-28076.107149999985
2026-01-27T14:23:37.000000,-4172.102699999997,-23927.994049999983,-28100.096749999986
2026-01-27T14:25:32.000000,-4172.102699999997,-23961.839549999982,-28133.942249999986
2026-01-27T14:26:27.000000,-4166.973549999997,-23961.839549999982,-28128.813099999985
2026-01-27T14:28:02.000000,-4166.973549999997,-23982.683099999984,-28149.656649999986
2026-01-27T14:28:17.000000,-4166.973549999997,-24003.526649999985,-28170.500199999988
2026-01-27T14:28:22.000000,-4166.973549999997,-24024.370199999987,-28191.34374999999
2026-01-27T14:30:12.000000,-4166.973549999997,-24046.357899999988,-28213.33144999999
2026-01-27T14:30:17.000000,-4148.8528499999975,-24046.357899999988,-28195.21074999999
2026-01-27T14:31:02.000000,-4148.8528499999975,-24080.21379999999,-28229.066649999993
2026-01-27T14:32:32.000000,-4148.8528499999975,-24088.21059999999,-28237.063449999994
2026-01-27T14:32:57.000000,-4150.640099999999,-24088.21059999999,-28238.850699999995
2026-01-27T14:33:02.000000,-4157.428099999998,-24088.21059999999,-28245.638699999996
2026-01-27T14:33:07.000000,-4164.216099999998,-24088.21059999999,-28252.426699999996
2026-01-27T14:33:42.000000,-4164.216099999998,-24083.09184999999,-28247.307949999995
2026-01-27T14:33:47.000000,-4164.216099999998,-24090.09184999999,-28254.307949999995
2026-01-27T14:41:22.000000,-4164.216099999998,-24097.97504999999,-28262.191149999995
2026-01-27T14:43:27.000000,-4183.273899999998,-24097.97504999999,-28281.248949999994
2026-01-28T09:53:32.000000,-4183.273899999998,-24326.94339999999,-28510.217299999993
2026-01-28T09:58:17.000000,-4183.273899999998,-24514.45839999999,-28697.732299999992
2026-01-28T09:58:42.000000,-4183.273899999998,-24629.991399999988,-28813.265299999992
2026-01-28T09:59:22.000000,-4183.273899999998,-24817.51599999999,-29000.789899999992
2026-01-28T09:59:37.000000,-4183.273899999998,-24993.067599999988,-29176.341499999995
2026-01-28T09:59:52.000000,-4183.273899999998,-25132.632999999987,-29315.906899999994
2026-01-28T10:02:17.000000,-4183.273899999998,-25222.95279999999,-29406.226699999996
2026-01-28T10:03:12.000000,-4183.273899999998,-25458.62859999999,-29641.902499999997
2026-01-28T10:07:12.000000,-4183.273899999998,-25550.41719999999,-29733.691099999996
2026-01-28T10:07:27.000000,-4165.9581499999995,-25550.41719999999,-29716.37535
2026-01-28T10:10:37.000000,-4165.9581499999995,-25657.43124999999,-29823.3894
2026-01-28T10:10:42.000000,-4165.9581499999995,-25753.45244999999,-29919.4106
2026-01-28T10:11:12.000000,-4165.9581499999995,-25795.51784999999,-29961.476
2026-01-28T10:13:02.000000,-4165.9581499999995,-25810.60079999999,-29976.55895
2026-01-28T10:14:27.000000,-4165.9581499999995,-25840.70279999999,-30006.660949999998
2026-01-28T10:15:07.000000,-4165.9581499999995,-25843.81754999999,-30009.7757
2026-01-28T10:15:12.000000,-4165.9581499999995,-25852.93319999999,-30018.891349999998
2026-01-28T10:15:17.000000,-4165.9581499999995,-25868.040149999986,-30033.998299999996
2026-01-28T10:15:22.000000,-4165.9581499999995,-25875.936149999987,-30041.894299999996
2026-01-28T10:15:27.000000,-4165.9581499999995,-25894.038749999985,-30059.996899999995
2026-01-28T10:15:32.000000,-4165.9581499999995,-25918.137449999984,-30084.095599999993
2026-01-28T10:15:47.000000,-4165.9581499999995,-25945.229399999986,-30111.187549999995
2026-01-28T10:18:37.000000,-4165.9581499999995,-25948.344149999986,-30114.302299999996
2026-01-28T10:18:52.000000,-4165.9581499999995,-25951.456499999986,-30117.414649999995
2026-01-28T10:18:57.000000,-4165.9581499999995,-25963.567799999986,-30129.525949999996
2026-01-28T10:19:07.000000,-4165.9581499999995,-26010.415249999987,-30176.373399999997
2026-01-28T10:20:02.000000,-4165.9581499999995,-26073.546849999988,-30239.504999999997
2026-01-28T10:24:12.000000,-4165.9581499999995,-26055.28054999999,-30221.238699999998
2026-01-28T10:24:37.000000,-4165.9581499999995,-26024.012299999988,-30189.970449999997
2026-01-28T10:25:52.000000,-4165.9581499999995,-26011.969299999986,-30177.927449999996
2026-01-28T10:26:12.000000,-4165.9581499999995,-26055.894699999986,-30221.852849999996
2026-01-28T10:26:52.000000,-4165.9581499999995,-26135.815899999987,-30301.774049999996
2026-01-28T10:31:02.000000,-4165.9581499999995,-26107.759299999987,-30273.717449999996
2026-01-28T10:32:07.000000,-4165.9581499999995,-26079.702699999987,-30245.660849999997
2026-01-28T10:32:22.000000,-4165.9581499999995,-26063.61909999999,-30229.57725
2026-01-28T10:34:32.000000,-4124.02295,-26063.61909999999,-30187.64205
2026-01-28T10:34:37.000000,-4085.0882,-26063.61909999999,-30148.7073
2026-01-28T10:40:32.000000,-4085.0882,-26090.70624999999,-30175.794449999998
2026-01-28T10:43:27.000000,-4085.0882,-26084.80284999999,-30169.89105
2026-01-28T10:46:37.000000,-4085.0882,-26008.77744999999,-30093.86565
2026-01-28T10:47:02.000000,-4085.0882,-25991.594649999988,-30076.682849999997
2026-01-28T10:47:27.000000,-4085.0882,-25855.051449999988,-29940.139649999997
2026-01-28T10:47:42.000000,-4085.0882,-25832.870949999986,-29917.959149999995
2026-01-28T10:48:22.000000,-4085.0882,-25854.354649999987,-29939.442849999996
2026-01-28T10:56:07.000000,-4085.0882,-25837.752649999988,-29922.840849999997
2026-01-28T10:57:17.000000,-4085.0882,-25857.703249999988,-29942.791449999997
2026-01-28T10:58:27.000000,-4076.16275,-25857.703249999988,-29933.865999999998
2026-01-28T10:58:27.000000,-4067.2373,-25857.703249999988,-29924.94055
2026-01-28T10:58:27.000000,-4067.3132,-25857.703249999988,-29925.01645
2026-01-28T11:01:07.000000,-4067.0304,-25857.703249999988,-29924.73365
2026-01-28T11:02:57.000000,-4070.1139499999995,-25857.703249999988,-29927.817199999998
2026-01-28T11:06:42.000000,-4070.1139499999995,-25815.023749999986,-29885.137699999996
2026-01-28T11:07:27.000000,-4070.1139499999995,-25767.347499999985,-29837.461449999995
2026-01-28T11:15:57.000000,-4070.1139499999995,-25786.155699999985,-29856.269649999995
2026-01-28T11:19:07.000000,-4070.1139499999995,-25799.150199999985,-29869.264149999995
2026-01-28T11:19:17.000000,-4070.1139499999995,-25830.632199999985,-29900.746149999995
2026-01-28T11:19:37.000000,-4070.1139499999995,-25848.213699999986,-29918.327649999996
2026-01-28T11:20:02.000000,-4070.1139499999995,-25848.397449999986,-29918.511399999996
2026-01-28T11:20:02.000000,-4070.1139499999995,-25865.974949999985,-29936.088899999995
2026-01-28T11:20:32.000000,-4070.1139499999995,-25859.157649999986,-29929.271599999996
2026-01-28T11:21:27.000000,-4070.1139499999995,-25830.659449999985,-29900.773399999995
2026-01-28T11:29:02.000000,-4070.1139499999995,-25845.754399999983,-29915.868349999993
2026-01-28T13:01:32.000000,-4070.1139499999995,-25825.220599999982,-29895.334549999992
2026-01-28T13:04:17.000000,-4070.1139499999995,-25790.684699999983,-29860.798649999993
2026-01-28T13:04:47.000000,-4070.1139499999995,-25784.152999999984,-29854.266949999994
2026-01-28T13:04:52.000000,-4070.1139499999995,-25795.110399999983,-29865.224349999993
2026-01-28T13:05:02.000000,-4070.1139499999995,-25922.416399999984,-29992.530349999994
2026-01-28T13:07:02.000000,-4070.1139499999995,-26009.796399999985,-30079.910349999995
2026-01-28T13:11:47.000000,-4070.1139499999995,-26087.277299999983,-30157.391249999993
2026-01-28T13:12:22.000000,-4070.1139499999995,-26199.416249999984,-30269.530199999994
2026-01-28T13:14:07.000000,-4070.1139499999995,-26164.913949999984,-30235.027899999994
2026-01-28T13:15:07.000000,-4070.1139499999995,-26144.41374999998,-30214.52769999999
2026-01-28T13:16:42.000000,-4070.1139499999995,-26109.55864999998,-30179.67259999999
2026-01-28T13:18:37.000000,-4070.1139499999995,-26105.064049999983,-30175.177999999993
2026-01-28T13:18:42.000000,-4070.1139499999995,-26112.56164999998,-30182.67559999999
2026-01-28T13:23:12.000000,-4070.1139499999995,-26144.04364999998,-30214.15759999999
2026-01-28T13:26:27.000000,-4070.1139499999995,-26162.971849999984,-30233.085799999993
2026-01-28T13:39:02.000000,-4070.1139499999995,-26196.609349999984,-30266.723299999994
2026-01-28T13:39:32.000000,-4070.1139499999995,-26196.765099999982,-30266.879049999992
2026-01-28T13:39:47.000000,-4070.1139499999995,-26243.394149999982,-30313.508099999992
2026-01-28T13:40:27.000000,-4070.1139499999995,-26290.02319999998,-30360.13714999999
2026-01-28T13:41:12.000000,-4070.1139499999995,-26311.165299999982,-30381.279249999992
2026-01-28T13:42:37.000000,-4070.1139499999995,-26329.55894999998,-30399.67289999999
2026-01-28T13:45:57.000000,-4070.1139499999995,-26377.77644999998,-30447.89039999999
2026-01-28T13:46:02.000000,-4070.1139499999995,-26434.99049999998,-30505.10444999999
2026-01-28T13:48:07.000000,-4070.1139499999995,-26457.98474999998,-30528.09869999999
2026-01-28T13:49:12.000000,-4070.1139499999995,-26465.37674999998,-30535.49069999999
2026-01-28T13:57:12.000000,-4070.1139499999995,-26439.13499999998,-30509.24894999999
2026-01-28T14:02:27.000000,-4070.1139499999995,-26418.33239999998,-30488.44634999999
2026-01-28T14:02:57.000000,-4070.1139499999995,-26435.621899999984,-30505.735849999994
2026-01-28T14:03:47.000000,-4070.1139499999995,-26462.904899999987,-30533.018849999997
2026-01-28T14:07:02.000000,-4070.1139499999995,-26460.19139999999,-30530.30535
2026-01-28T14:19:42.000000,-4070.1139499999995,-26467.661799999987,-30537.775749999997
2026-01-28T14:20:27.000000,-4070.1139499999995,-26475.132199999985,-30545.246149999995
2026-01-28T14:28:22.000000,-4078.0691499999994,-26475.132199999985,-30553.201349999996
2026-01-28T14:30:02.000000,-4097.025999999999,-26475.132199999985,-30572.158199999994
2026-01-28T14:31:02.000000,-4097.025999999999,-26463.489499999985,-30560.515499999994
2026-01-28T14:31:32.000000,-4097.025999999999,-26466.837049999987,-30563.863049999996
2026-01-28T14:31:52.000000,-4104.981199999999,-26466.837049999987,-30571.818249999997
2026-01-28T14:32:02.000000,-4123.938049999999,-26466.837049999987,-30590.775099999995
2026-01-28T14:32:47.000000,-4153.88775,-26466.837049999987,-30620.724799999996
2026-01-28T14:33:17.000000,-4153.88775,-26488.309549999987,-30642.197299999996
2026-01-28T14:34:22.000000,-4183.837450000001,-26488.309549999987,-30672.146999999997
2026-01-28T14:34:32.000000,-4183.837450000001,-26495.911949999987,-30679.749399999997
2026-01-28T14:35:32.000000,-4202.785500000003,-26495.911949999987,-30698.69745
2026-01-28T14:35:37.000000,-4221.7335500000045,-26495.911949999987,-30717.645500000002
2026-01-28T14:35:42.000000,-4240.681600000006,-26495.911949999987,-30736.593550000005
2026-01-28T14:43:22.000000,-4240.681600000006,-26493.277799999985,-30733.959400000003
2026-01-28T14:45:02.000000,-4243.212850000005,-26493.277799999985,-30736.490650000003
2026-01-28T14:59:55.000000,-4243.212850000005,-26585.239199999985,-30828.452050000004
2026-01-28T15:00:00.000000,-4243.212850000005,-26640.743999999984,-30883.956850000002
2026-01-28T15:00:00.000000,-4243.212850000005,-26660.272199999985,-30903.485050000003
2026-01-28T15:00:00.000000,-4243.212850000005,-26667.280199999987,-30910.493050000005
2026-01-28T15:00:00.000000,-4243.212850000005,-26674.288199999988,-30917.501050000006
2026-01-28T15:00:00.000000,-4243.212850000005,-26681.29619999999,-30924.509050000008
2026-01-29T09:51:02.000000,-4228.821550000006,-26681.29619999999,-30910.11775000001
2026-01-29T09:51:07.000000,-4170.432450000006,-26681.29619999999,-30851.72865000001
2026-01-29T09:55:57.000000,-4063.548150000006,-26681.29619999999,-30744.84435000001
2026-01-29T09:58:57.000000,-4063.548150000006,-26700.45959999999,-30764.00775000001
2026-01-29T10:00:32.000000,-4063.548150000006,-26653.239349999993,-30716.787500000013
2026-01-29T10:00:37.000000,-4063.548150000006,-26595.017449999996,-30658.565600000016
2026-01-29T10:00:42.000000,-4063.548150000006,-26547.788399999998,-30611.336550000018
2026-01-29T10:03:42.000000,-4105.899150000007,-26547.788399999998,-30653.687550000017
2026-01-29T10:08:12.000000,-4208.878350000006,-26547.788399999998,-30756.66675000002
2026-01-29T10:08:17.000000,-4299.860550000007,-26547.788399999998,-30847.648950000017
2026-01-29T10:08:37.000000,-4390.837950000007,-26547.788399999998,-30938.626350000017
2026-01-29T10:08:52.000000,-4463.812650000008,-26547.788399999998,-31011.60105000002
2026-01-29T10:10:32.000000,-4527.070800000009,-26547.788399999998,-31074.85920000002
2026-01-29T10:10:37.000000,-4578.331950000008,-26547.788399999998,-31126.12035000002
2026-01-29T10:10:42.000000,-4557.102150000008,-26547.788399999998,-31104.89055000002
2026-01-29T10:10:42.000000,-4602.367200000008,-26547.788399999998,-31150.155600000016
2026-01-29T10:10:47.000000,-4641.633750000008,-26547.788399999998,-31189.422150000017
2026-01-29T10:10:52.000000,-4665.900450000007,-26547.788399999998,-31213.688850000017
2026-01-29T10:10:57.000000,-4678.167750000007,-26547.788399999998,-31225.956150000016
2026-01-29T10:11:02.000000,-4675.440000000007,-26547.788399999998,-31223.228400000015
2026-01-29T10:11:07.000000,-4672.714650000006,-26547.788399999998,-31220.503050000014
2026-01-29T10:11:37.000000,-4643.0092500000055,-26547.788399999998,-31190.797650000015
2026-01-29T10:11:47.000000,-4610.303400000006,-26547.788399999998,-31158.091800000017
2026-01-29T10:12:02.000000,-4568.601000000006,-26547.788399999998,-31116.38940000002
2026-01-29T10:12:07.000000,-4529.896650000005,-26547.788399999998,-31077.68505000002
2026-01-29T10:12:12.000000,-4485.196200000005,-26547.788399999998,-31032.984600000018
2026-01-29T10:12:22.000000,-4446.491850000004,-26547.788399999998,-30994.280250000018
2026-01-29T10:12:22.000000,-4407.787500000003,-26547.788399999998,-30955.575900000018
2026-01-29T10:12:32.000000,-4375.081650000004,-26547.788399999998,-30922.87005000002
2026-01-29T10:12:32.000000,-4339.375350000004,-26547.788399999998,-30887.163750000018
2026-01-29T10:12:37.000000,-4303.669050000004,-26547.788399999998,-30851.457450000016
2026-01-29T10:12:42.000000,-4270.958400000004,-26547.788399999998,-30818.746800000015
2026-01-29T10:12:47.000000,-4238.245350000005,-26547.788399999998,-30786.033750000017
2026-01-29T10:13:22.000000,-4245.762150000005,-26547.788399999998,-30793.550550000018
2026-01-29T10:13:27.000000,-4225.026900000005,-26547.788399999998,-30772.815300000017
2026-01-29T10:13:32.000000,-4201.291200000005,-26547.788399999998,-30749.079600000015
2026-01-29T10:13:37.000000,-4183.5540000000055,-26547.788399999998,-30731.342400000016
2026-01-29T10:13:42.000000,-4168.814850000005,-26547.788399999998,-30716.603250000015
2026-01-29T10:13:47.000000,-4151.072850000006,-26547.788399999998,-30698.861250000016
2026-01-29T10:13:52.000000,-4139.326950000006,-26547.788399999998,-30687.11535000002
2026-01-29T10:13:57.000000,-4130.579100000005,-26547.788399999998,-30678.36750000002
2026-01-29T10:14:02.000000,-4127.827350000006,-26547.788399999998,-30675.61575000002
2026-01-29T10:14:12.000000,-4134.069750000006,-26547.788399999998,-30681.85815000002
2026-01-29T10:15:07.000000,-4128.281550000006,-26547.788399999998,-30676.06995000002
2026-01-29T10:15:12.000000,-4137.493200000006,-26547.788399999998,-30685.28160000002
2026-01-29T10:15:27.000000,-4176.711750000006,-26547.788399999998,-30724.50015000002
2026-01-29T10:15:52.000000,-4233.942600000007,-26547.788399999998,-30781.73100000002
2026-01-29T10:16:07.000000,-4312.171800000007,-26547.788399999998,-30859.960200000023
2026-01-29T10:18:22.000000,-4312.171800000007,-26555.6292,-30867.801000000025
2026-01-29T10:18:32.000000,-4417.378650000007,-26555.6292,-30973.007850000024
2026-01-29T10:18:37.000000,-4525.583550000007,-26555.6292,-31081.212750000024
2026-01-29T10:19:32.000000,-4675.727550000007,-26555.6292,-31231.356750000024
2026-01-29T10:19:37.000000,-4828.869600000007,-26555.6292,-31384.498800000027
2026-01-29T10:20:02.000000,-5155.177450000008,-26555.6292,-31710.806650000028
2026-01-29T10:20:02.000000,-5296.308100000008,-26555.6292,-31851.937300000027
2026-01-29T10:20:07.000000,-5446.432900000009,-26555.6292,-32002.06210000003
2026-01-29T10:20:17.000000,-5581.562650000009,-26555.6292,-32137.19185000003
2026-01-29T10:20:22.000000,-5841.8958000000075,-26555.6292,-32397.525000000027
2026-01-29T10:20:22.000000,-5980.026000000008,-26555.6292,-32535.655200000027
2026-01-29T10:20:27.000000,-6091.173750000008,-26555.6292,-32646.802950000027
2026-01-29T10:20:37.000000,-6187.331250000008,-26555.6292,-32742.960450000028
2026-01-29T10:20:37.000000,-6286.489200000008,-26555.6292,-32842.11840000003
2026-01-29T10:20:42.000000,-6385.647150000008,-26555.6292,-32941.27635000003
2026-01-29T10:20:52.000000,-6475.810950000008,-26555.6292,-33031.44015000003
2026-01-29T10:20:57.000000,-6571.978050000009,-26555.6292,-33127.60725000003
2026-01-29T10:21:02.000000,-6634.404700000009,-26555.6292,-33190.03390000003
2026-01-29T10:21:02.000000,-6721.577650000009,-26555.6292,-33277.20685000003
2026-01-29T10:21:07.000000,-6808.753000000009,-26555.6292,-33364.38220000003
2026-01-29T10:21:12.000000,-6838.18350000001,-26555.6292,-33393.81270000003
2026-01-29T10:21:12.000000,-6838.18350000001,-26583.2722,-33421.45570000003
2026-01-29T10:21:12.000000,-6827.09280000001,-26583.2722,-33410.36500000003
2026-01-29T10:21:12.000000,-6902.26875000001,-26583.2722,-33485.540950000024
2026-01-29T10:21:17.000000,-6942.709700000011,-26583.2722,-33525.98190000003
2026-01-29T10:21:17.000000,-7020.886100000011,-26583.2722,-33604.158300000025
2026-01-29T10:21:22.000000,-7003.7993000000115,-26583.2722,-33587.07150000003
2026-01-29T10:21:37.000000,-6956.262250000011,-26583.2722,-33539.53445000003
2026-01-29T10:21:47.000000,-6886.73070000001,-26583.2722,-33470.00290000003
2026-01-29T10:21:52.000000,-6795.204650000011,-26583.2722,-33378.47685000003
2026-01-29T10:22:02.000000,-6802.11185000001,-26583.2722,-33385.38405000003
2026-01-29T10:22:07.000000,-6821.01605000001,-26583.2722,-33404.28825000003
2026-01-29T10:23:42.000000,-6812.21780000001,-26583.2722,-33395.49000000003
2026-01-29T10:23:47.000000,-6813.095300000011,-26583.2722,-33396.36750000003
2026-01-29T10:23:52.000000,-6801.29180000001,-26583.2722,-33384.56400000003
2026-01-29T10:24:07.000000,-6802.30435000001,-26583.2722,-33385.57655000003
2026-01-29T10:24:17.000000,-6710.70790000001,-26583.2722,-33293.98010000003
2026-01-29T10:24:17.000000,-6717.56710000001,-26583.2722,-33300.83930000003
2026-01-29T10:24:17.000000,-6672.74905000001,-26583.2722,-33256.02125000003
2026-01-29T10:24:22.000000,-6570.150950000011,-26583.2722,-33153.423150000024
2026-01-29T10:24:27.000000,-6446.223950000011,-26583.2722,-33029.49615000003
2026-01-29T10:24:27.000000,-6386.401250000012,-26583.2722,-32969.67345000003
2026-01-29T10:24:32.000000,-6262.464650000013,-26583.2722,-32845.73685000003
2026-01-29T10:24:32.000000,-6193.6406000000125,-26583.2722,-32776.91280000003
2026-01-29T10:24:37.000000,-6069.694400000013,-26583.2722,-32652.96660000003
2026-01-29T10:24:37.000000,-6049.698200000013,-26583.2722,-32632.970400000027
2026-01-29T10:24:37.000000,-5980.871750000013,-26583.2722,-32564.143950000027
2026-01-29T10:24:42.000000,-5820.920150000013,-26583.2722,-32404.192350000027
2026-01-29T10:24:42.000000,-5750.968450000013,-26583.2722,-32334.24065000003
2026-01-29T10:24:42.000000,-5737.9621000000125,-26583.2722,-32321.23430000003
2026-01-29T10:24:42.000000,-5666.135200000013,-26583.2722,-32249.40740000003
2026-01-29T10:24:47.000000,-5506.183600000013,-26583.2722,-32089.45580000003
2026-01-29T10:24:47.000000,-5449.223450000013,-26583.2722,-32032.49565000003
2026-01-29T10:24:47.000000,-5456.087450000013,-26583.2722,-32039.35965000003
2026-01-29T10:24:47.000000,-5384.260550000014,-26583.2722,-31967.53275000003
2026-01-29T10:24:52.000000,-5200.314950000014,-26583.2722,-31783.587150000032
2026-01-29T10:24:52.000000,-5207.178950000013,-26583.2722,-31790.451150000034
2026-01-29T10:24:52.000000,-5144.351000000013,-26583.2722,-31727.623200000035
2026-01-29T10:24:57.000000,-4948.394000000013,-26583.2722,-31531.666200000036
2026-01-29T10:24:57.000000,-4979.256800000013,-26583.2722,-31562.529000000035
2026-01-29T10:25:02.000000,-4795.3016000000125,-26583.2722,-31378.573800000035
2026-01-29T10:25:02.000000,-4790.711000000013,-26583.2722,-31373.983200000035
2026-01-29T10:25:02.000000,-4821.573800000013,-26583.2722,-31404.846000000034
2026-01-29T10:25:07.000000,-4685.635400000014,-26583.2722,-31268.907600000035
2026-01-29T10:25:12.000000,-4605.040600000014,-26583.2722,-31188.312800000036
2026-01-29T10:25:12.000000,-4512.212950000014,-26583.2722,-31095.485150000037
2026-01-29T10:25:17.000000,-4416.387250000013,-26583.2722,-30999.659450000036
2026-01-29T10:25:32.000000,-4359.572200000013,-26583.2722,-30942.844400000035
2026-01-29T10:25:37.000000,-4293.763000000014,-26583.2722,-30877.035200000035
2026-01-29T10:25:42.000000,-4227.956200000013,-26583.2722,-30811.228400000033
2026-01-29T10:25:52.000000,-4165.147450000013,-26583.2722,-30748.419650000033
2026-01-29T10:25:52.000000,-4108.339600000013,-26583.2722,-30691.61180000003
2026-01-29T10:25:57.000000,-4048.5361000000134,-26583.2722,-30631.808300000033
2026-01-29T10:26:02.000000,-3988.7350000000138,-26583.2722,-30572.007200000033
2026-01-29T10:26:07.000000,-3934.937200000014,-26583.2722,-30518.209400000032
2026-01-29T10:26:12.000000,-3884.1398500000146,-26583.2722,-30467.41205000003
2026-01-29T10:26:17.000000,-3833.344900000014,-26583.2722,-30416.617100000032
2026-01-29T10:26:27.000000,-3779.551900000013,-26583.2722,-30362.82410000003
2026-01-29T10:26:32.000000,-3728.761750000013,-26583.2722,-30312.03395000003
2026-01-29T10:26:37.000000,-3677.9764000000137,-26583.2722,-30261.24860000003
2026-01-29T10:27:02.000000,-3621.2093500000133,-26583.2722,-30204.481550000033
2026-01-29T10:27:22.000000,-3555.455350000014,-26583.2722,-30138.727550000032
2026-01-29T10:27:32.000000,-3532.3868500000135,-26583.2722,-30115.65905000003
2026-01-29T10:27:32.000000,-3460.641550000014,-26583.2722,-30043.913750000032
2026-01-29T10:27:37.000000,-3382.9001500000145,-26583.2722,-29966.172350000033
2026-01-29T10:27:47.000000,-3302.1679000000136,-26583.2722,-29885.440100000033
2026-01-29T10:27:57.000000,-3221.445250000014,-26583.2722,-29804.717450000033
2026-01-29T10:28:17.000000,-3186.384550000014,-26583.2722,-29769.65675000003
2026-01-29T10:29:02.000000,-3103.3214500000136,-26583.2722,-29686.59365000003
2026-01-29T10:29:27.000000,-3033.798700000013,-26583.2722,-29617.07090000003
2026-01-29T10:29:37.000000,-2942.281450000013,-26583.2722,-29525.55365000003
2026-01-29T10:29:37.000000,-2835.2243500000136,-26583.2722,-29418.496550000033
2026-01-29T10:29:42.000000,-2734.163350000014,-26583.2722,-29317.43555000003
2026-01-29T10:29:47.000000,-2621.100550000014,-26583.2722,-29204.37275000003
2026-01-29T10:29:57.000000,-2514.0434500000147,-26583.2722,-29097.315650000033
2026-01-29T10:30:02.000000,-2382.3227500000144,-26583.2722,-28965.59495000003
2026-01-29T10:33:27.000000,-2382.3227500000144,-26739.5995,-29121.922250000032
2026-01-29T10:33:32.000000,-2382.3227500000144,-26889.9355,-29272.25825000003
2026-01-29T10:33:42.000000,-2382.3227500000144,-27025.27885,-29407.60160000003
2026-01-29T10:33:47.000000,-2382.3227500000144,-27145.62475,-29527.94750000003
2026-01-29T10:33:52.000000,-2382.3227500000144,-27265.975449999998,-29648.29820000003
2026-01-29T10:34:12.000000,-2382.3227500000144,-27297.24945,-29679.57220000003
2026-01-29T10:34:22.000000,-2382.3227500000144,-27405.60315,-29787.92590000003
2026-01-29T10:34:27.000000,-2382.3227500000144,-27556.1222,-29938.444950000034
2026-01-29T10:34:27.000000,-2382.3227500000144,-27587.393,-29969.715750000032
2026-01-29T10:34:27.000000,-2382.3227500000144,-27695.7419,-30078.064650000033
2026-01-29T10:34:32.000000,-2382.3227500000144,-27651.2117,-30033.534450000032
2026-01-29T10:34:37.000000,-2382.3227500000144,-27757.71535,-30140.03810000003
2026-01-29T10:34:42.000000,-2382.3227500000144,-27878.05645,-30260.379200000032
2026-01-29T10:34:47.000000,-2382.3227500000144,-27989.3938,-30371.716550000034
2026-01-29T10:34:52.000000,-2382.3227500000144,-28103.724400000003,-30486.047150000035
2026-01-29T10:34:57.000000,-2382.3227500000144,-28210.245650000004,-30592.568400000036
2026-01-29T10:35:07.000000,-2382.3227500000144,-28283.770750000003,-30666.093500000035
2026-01-29T10:35:07.000000,-2382.3227500000144,-28401.087400000004,-30783.410150000036
2026-01-29T10:35:32.000000,-2382.3227500000144,-28518.619100000004,-30900.941850000036
2026-01-29T10:36:42.000000,-2382.3227500000144,-28569.978650000005,-30952.301400000037
2026-01-29T10:37:07.000000,-2382.3227500000144,-28621.357400000004,-31003.680150000037
2026-01-29T10:37:37.000000,-2382.3227500000144,-28657.755500000007,-31040.07825000004
2026-01-29T10:37:42.000000,-2382.3227500000144,-28764.382350000007,-31146.70510000004
2026-01-29T10:37:47.000000,-2382.3227500000144,-28797.78480000001,-31180.10755000004
2026-01-29T10:37:52.000000,-2382.3227500000144,-28860.40505000001,-31242.72780000004
2026-01-29T10:37:52.000000,-2382.3227500000144,-28923.02530000001,-31305.34805000004
2026-01-29T10:37:57.000000,-2382.3227500000144,-29007.64885000001,-31389.97160000004
2026-01-29T10:38:02.000000,-2382.3227500000144,-29059.267450000007,-31441.59020000004
2026-01-29T10:38:07.000000,-2382.3227500000144,-29042.895850000008,-31425.21860000004
2026-01-29T10:38:12.000000,-2382.3227500000144,-29070.314200000008,-31452.63695000004
2026-01-29T10:38:17.000000,-2382.3227500000144,-29041.95040000001,-31424.27315000004
2026-01-29T10:38:17.000000,-2382.3227500000144,-29063.37265000001,-31445.69540000004
2026-01-29T10:38:22.000000,-2382.3227500000144,-29114.982450000007,-31497.30520000004
2026-01-29T10:38:22.000000,-2382.3227500000144,-29127.408150000007,-31509.73090000004
2026-01-29T10:38:27.000000,-2382.3227500000144,-29139.833850000006,-31522.15660000004
2026-01-29T10:38:32.000000,-2382.3227500000144,-29158.253250000005,-31540.576000000037
2026-01-29T10:38:37.000000,-2382.3227500000144,-29275.820150000003,-31658.142900000035
2026-01-29T10:38:37.000000,-2382.3227500000144,-29267.245100000004,-31649.567850000036
2026-01-29T10:38:42.000000,-2382.3227500000144,-29395.813650000004,-31778.136400000036
2026-01-29T10:38:42.000000,-2382.3227500000144,-29396.235150000004,-31778.557900000036
2026-01-29T10:38:52.000000,-2382.3227500000144,-29378.656350000005,-31760.979100000037
2026-01-29T10:38:57.000000,-2382.3227500000144,-29463.253500000003,-31845.576250000035
2026-01-29T10:38:57.000000,-2382.3227500000144,-29482.8489,-31865.171650000033
2026-01-29T10:39:02.000000,-2382.3227500000144,-29471.2686,-31853.59135000003
2026-01-29T10:39:02.000000,-2382.3227500000144,-29459.688299999998,-31842.01105000003
2026-01-29T10:39:17.000000,-2382.3227500000144,-29451.110849999997,-31833.43360000003
2026-01-29T10:39:17.000000,-2382.3227500000144,-29445.531449999995,-31827.854200000027
2026-01-29T10:39:27.000000,-2382.3227500000144,-29530.128599999993,-31912.451350000025
2026-01-29T10:39:27.000000,-2382.3227500000144,-29524.546799999993,-31906.869550000025
2026-01-29T10:39:27.000000,-2382.3227500000144,-29521.96304999999,-31904.285800000023
2026-01-29T10:39:32.000000,-2382.3227500000144,-29584.57449999999,-31966.897250000024
2026-01-29T10:39:37.000000,-2382.3227500000144,-29658.16999999999,-32040.492750000023
2026-01-29T10:39:37.000000,-2382.3227500000144,-29658.58429999999,-32040.907050000023
2026-01-29T10:39:42.000000,-2382.3227500000144,-29664.994699999992,-32047.317450000024
2026-01-29T10:39:47.000000,-2382.3227500000144,-29749.57424999999,-32131.897000000023
2026-01-29T10:39:47.000000,-2382.3227500000144,-29755.98224999999,-32138.305000000022
2026-01-29T10:39:52.000000,-2382.3227500000144,-29862.55629999999,-32244.87905000002
2026-01-29T10:40:02.000000,-2382.3227500000144,-29936.14299999999,-32318.46575000002
2026-01-29T10:40:02.000000,-2382.3227500000144,-29951.54034999999,-32333.86310000002
2026-01-29T10:41:22.000000,-2382.3227500000144,-29904.144099999987,-32286.46685000002
2026-01-29T10:41:32.000000,-2382.3227500000144,-29911.728099999986,-32294.050850000018
2026-01-29T10:42:02.000000,-2382.3227500000144,-29897.130549999987,-32279.45330000002
2026-01-29T10:42:57.000000,-2382.3227500000144,-29892.72234999999,-32275.04510000002
2026-01-29T10:42:57.000000,-2382.3227500000144,-29818.13019999999,-32200.45295000002
2026-01-29T10:43:02.000000,-2382.3227500000144,-29789.72799999999,-32172.05075000002
2026-01-29T10:43:37.000000,-2382.3227500000144,-29778.414099999987,-32160.73685000002
2026-01-29T10:43:37.000000,-2382.3227500000144,-29762.004099999987,-32144.32685000002
2026-01-29T10:48:27.000000,-2382.3227500000144,-29913.590499999988,-32295.91325000002
2026-01-29T10:49:02.000000,-2274.6992500000147,-29913.590499999988,-32188.289750000018
2026-01-29T10:55:22.000000,-2274.6992500000147,-30174.284449999985,-32448.983700000015
2026-01-29T10:55:37.000000,-2274.6992500000147,-30205.996849999985,-32480.696100000016
2026-01-29T10:55:57.000000,-2274.6992500000147,-30225.726649999986,-32500.425900000017
2026-01-29T10:56:12.000000,-2274.6992500000147,-30269.460049999987,-32544.159300000018
2026-01-29T10:57:32.000000,-2336.449750000015,-30269.460049999987,-32605.909800000016
2026-01-29T10:58:02.000000,-2336.449750000015,-30343.266749999988,-32679.716500000017
2026-01-29T10:58:07.000000,-2336.449750000015,-30450.06079999999,-32786.51055000001
2026-01-29T10:58:17.000000,-2336.449750000015,-30578.840549999986,-32915.290300000015
2026-01-29T10:58:22.000000,-2336.449750000015,-30707.620299999984,-33044.07005000002
2026-01-29T10:58:37.000000,-2336.449750000015,-30858.394549999983,-33194.84430000002
2026-01-29T11:00:37.000000,-2336.449750000015,-30800.260649999982,-33136.71040000002
2026-01-29T11:00:47.000000,-2336.449750000015,-30709.139399999982,-33045.58915000002
2026-01-29T11:00:47.000000,-2336.449750000015,-30688.608149999982,-33025.05790000002
2026-01-29T11:00:52.000000,-2336.449750000015,-30586.485249999983,-32922.93500000002
2026-01-29T11:00:52.000000,-2336.449750000015,-30577.94859999998,-32914.39835000002
2026-01-29T11:01:02.000000,-2336.449750000015,-30464.82404999998,-32801.27380000002
2026-01-29T11:01:07.000000,-2336.449750000015,-30351.69949999998,-32688.149250000017
2026-01-29T11:01:12.000000,-2336.449750000015,-30260.56944999998,-32597.019200000017
2026-01-29T11:01:17.000000,-2336.449750000015,-30180.43224999998,-32516.882000000016
2026-01-29T11:01:22.000000,-2336.449750000015,-30089.28459999998,-32425.734350000017
2026-01-29T11:01:32.000000,-2336.449750000015,-29998.128149999982,-32334.57790000002
2026-01-29T11:01:37.000000,-2336.449750000015,-29884.977199999983,-32221.42695000002
2026-01-29T11:01:42.000000,-2336.449750000015,-29771.835049999983,-32108.28480000002
2026-01-29T11:01:47.000000,-2336.449750000015,-29658.692899999984,-31995.14265000002
2026-01-29T11:01:57.000000,-2336.449750000015,-29534.55789999998,-31871.007650000018
2026-01-29T11:02:02.000000,-2336.449750000015,-29421.415749999982,-31757.865500000018
2026-01-29T11:02:02.000000,-2336.449750000015,-29374.107499999984,-31710.55725000002
2026-01-29T11:02:07.000000,-2336.449750000015,-29238.979649999983,-31575.42940000002
2026-01-29T11:02:12.000000,-2336.449750000015,-29114.84464999998,-31451.294400000017
2026-01-29T11:02:22.000000,-2336.449750000015,-29166.72724999998,-31503.177000000018
2026-01-29T11:03:07.000000,-2336.449750000015,-29186.52424999998,-31522.974000000017
2026-01-29T11:03:22.000000,-2336.449750000015,-29206.32124999998,-31542.771000000015
2026-01-29T11:03:32.000000,-2336.449750000015,-29214.11644999998,-31550.566200000016
2026-01-29T11:03:37.000000,-2336.449750000015,-29221.91164999998,-31558.361400000016
2026-01-29T11:04:02.000000,-2336.449750000015,-29205.703249999977,-31542.153000000013
2026-01-29T11:04:07.000000,-2336.449750000015,-29164.852849999977,-31501.302600000014
2026-01-29T11:04:17.000000,-2336.449750000015,-29148.634849999977,-31485.084600000013
2026-01-29T11:04:27.000000,-2336.449750000015,-29120.415049999978,-31456.864800000014
2026-01-29T11:04:32.000000,-2336.449750000015,-29055.57544999998,-31392.025200000015
2026-01-29T11:04:37.000000,-2336.449750000015,-29002.73284999998,-31339.182600000015
2026-01-29T11:05:02.000000,-2336.449750000015,-28988.59674999998,-31325.046500000015
2026-01-29T11:05:37.000000,-2351.7821500000146,-28988.59674999998,-31340.378900000014
2026-01-29T11:05:44.000000,-2351.7821500000146,-28967.82774999998,-31319.609900000014
2026-01-29T11:07:17.000000,-2351.7821500000146,-28926.28854999998,-31278.070700000015
2026-01-29T11:08:02.000000,-2351.7821500000146,-28934.18214999998,-31285.964300000014
2026-01-29T11:08:22.000000,-2351.7821500000146,-28869.96654999998,-31221.748700000015
2026-01-29T11:09:17.000000,-2351.7821500000146,-28877.72334999998,-31229.505500000014
2026-01-29T11:09:22.000000,-2351.7821500000146,-28885.480149999978,-31237.262300000013
2026-01-29T11:11:22.000000,-2263.5341500000145,-28885.480149999978,-31149.014300000013
2026-01-29T11:11:32.000000,-2175.2861500000145,-28885.480149999978,-31060.766300000014
2026-01-29T11:12:12.000000,-2182.9213500000146,-28885.480149999978,-31068.401500000014
2026-01-29T11:12:52.000000,-2186.5495500000156,-28885.480149999978,-31072.029700000014
2026-01-29T11:16:37.000000,-2186.5495500000156,-28905.918099999977,-31092.467650000013
2026-01-29T11:16:47.000000,-2186.5495500000156,-29021.158299999977,-31207.707850000013
2026-01-29T11:17:17.000000,-2186.5495500000156,-29256.958899999976,-31443.508450000012
2026-01-29T11:18:02.000000,-2186.5495500000156,-29258.234799999977,-31444.784350000013
2026-01-29T11:18:07.000000,-2186.5495500000156,-29253.509799999978,-31440.059350000014
2026-01-29T11:18:12.000000,-2186.5495500000156,-29236.782999999978,-31423.332550000014
2026-01-29T11:18:22.000000,-2186.5495500000156,-29226.052299999978,-31412.601850000014
2026-01-29T11:18:27.000000,-2186.5495500000156,-29203.33419999998,-31389.883750000015
2026-01-29T11:18:27.000000,-2186.5495500000156,-29125.91919999998,-31312.468750000015
2026-01-29T11:18:32.000000,-2186.5495500000156,-29103.196299999978,-31289.745850000014
2026-01-29T11:18:37.000000,-2186.5495500000156,-29074.477299999977,-31261.026850000013
2026-01-29T11:18:47.000000,-2186.5495500000156,-29087.764599999977,-31274.314150000013
2026-01-29T11:18:52.000000,-2186.5495500000156,-29101.047099999978,-31287.596650000014
2026-01-29T11:18:57.000000,-2186.5495500000156,-29114.334399999978,-31300.883950000014
2026-01-29T11:18:57.000000,-2186.5495500000156,-29045.92074999998,-31232.470300000015
2026-01-29T11:19:07.000000,-2186.5495500000156,-28992.49974999998,-31179.049300000017
2026-01-29T11:19:12.000000,-2186.5495500000156,-28993.79004999998,-31180.339600000018
2026-01-29T11:19:12.000000,-2186.5495500000156,-28937.37099999998,-31123.920550000017
2026-01-29T11:19:17.000000,-2186.5495500000156,-28886.95284999998,-31073.502400000016
2026-01-29T11:19:22.000000,-2186.5495500000156,-28833.53664999998,-31020.086200000016
2026-01-29T11:19:27.000000,-2186.5495500000156,-28780.12284999998,-30966.672400000018
2026-01-29T11:19:37.000000,-2186.5495500000156,-28757.41914999998,-30943.968700000016
2026-01-29T11:19:37.000000,-2186.5495500000156,-28704.00534999998,-30890.554900000017
2026-01-29T11:19:47.000000,-2186.5495500000156,-28650.59394999998,-30837.143500000017
2026-01-29T11:19:57.000000,-2186.5495500000156,-28606.18149999998,-30792.731050000017
2026-01-29T11:20:02.000000,-2186.5495500000156,-28571.49039999998,-30758.039950000017
2026-01-29T11:20:02.000000,-2186.5495500000156,-28530.07839999998,-30716.627950000016
2026-01-29T11:20:07.000000,-2186.5495500000156,-28488.66879999998,-30675.218350000017
2026-01-29T11:20:12.000000,-2186.5495500000156,-28471.262799999982,-30657.81235000002
2026-01-29T11:20:27.000000,-2186.5495500000156,-28454.583999999984,-30641.13355000002
2026-01-29T11:20:42.000000,-2186.5495500000156,-28509.896799999984,-30696.44635000002
2026-01-29T11:20:47.000000,-2186.5495500000156,-28559.218299999986,-30745.767850000022
2026-01-29T11:20:52.000000,-2186.5495500000156,-28614.540699999987,-30801.090250000023
2026-01-29T11:20:52.000000,-2186.5495500000156,-28621.138299999988,-30807.687850000024
2026-01-29T11:20:57.000000,-2186.5495500000156,-28629.010299999987,-30815.559850000023
2026-01-29T11:20:57.000000,-2186.5495500000156,-28690.333599999987,-30876.883150000023
2026-01-29T11:20:57.000000,-2186.5495500000156,-28687.932249999987,-30874.481800000023
2026-01-29T11:21:07.000000,-2186.5495500000156,-28743.264249999986,-30929.81380000002
2026-01-29T11:21:07.000000,-2186.5495500000156,-28749.861849999987,-30936.411400000023
2026-01-29T11:21:17.000000,-2186.5495500000156,-28753.461399999986,-30940.01095000002
2026-01-29T11:21:22.000000,-2186.5495500000156,-28754.065299999987,-30940.614850000024
2026-01-29T11:21:32.000000,-2186.5495500000156,-28736.678499999987,-30923.228050000023
2026-01-29T11:21:52.000000,-2186.5495500000156,-28704.299049999987,-30890.848600000023
2026-01-29T11:21:57.000000,-2186.5495500000156,-28668.92154999999,-30855.471100000024
2026-01-29T11:22:07.000000,-2186.5495500000156,-28676.86074999999,-30863.410300000025
2026-01-29T11:22:07.000000,-2186.5495500000156,-28686.45639999999,-30873.005950000024
2026-01-29T11:22:17.000000,-2186.5495500000156,-28705.048599999987,-30891.598150000023
2026-01-29T11:22:22.000000,-2186.5495500000156,-28700.985999999986,-30887.535550000022
2026-01-29T11:22:22.000000,-2186.5495500000156,-28719.575799999988,-30906.125350000024
2026-01-29T11:22:27.000000,-2186.5495500000156,-28715.513199999987,-30902.062750000023
2026-01-29T11:22:27.000000,-2186.5495500000156,-28737.103449999988,-30923.653000000024
2026-01-29T11:22:32.000000,-2186.5495500000156,-28764.68979999999,-30951.239350000025
2026-01-29T11:22:37.000000,-2186.5495500000156,-28736.63319999999,-30923.182750000025
2026-01-29T11:22:37.000000,-2186.5495500000156,-28773.21369999999,-30959.763250000025
2026-01-29T11:23:02.000000,-2186.5495500000156,-28757.13969999999,-30943.689250000025
2026-01-29T11:23:39.000000,-2165.679750000016,-28757.13969999999,-30922.819450000025
2026-01-29T11:23:44.000000,-2144.8099500000167,-28757.13969999999,-30901.949650000024
2026-01-29T11:26:02.000000,-2144.8099500000167,-28754.71914999999,-30899.529100000025
2026-01-29T11:26:12.000000,-2144.8099500000167,-28737.30594999999,-30882.115900000026
2026-01-29T11:26:22.000000,-2144.8099500000167,-28750.689249999992,-30895.499200000027
2026-01-29T11:26:32.000000,-2144.8099500000167,-28717.979249999993,-30862.78920000003
2026-01-29T11:27:12.000000,-2144.8099500000167,-28714.879999999994,-30859.68995000003
2026-01-29T11:27:22.000000,-2144.8099500000167,-28722.252799999995,-30867.06275000003
2026-01-29T11:27:27.000000,-2144.8099500000167,-28723.619899999994,-30868.42985000003
2026-01-29T11:27:57.000000,-2144.8099500000167,-28720.520649999995,-30865.33060000003
2026-01-29T11:28:37.000000,-2144.8099500000167,-28717.421399999996,-30862.23135000003
2026-01-29T13:05:17.000000,-2144.8099500000167,-28823.096249999995,-30967.90620000003
2026-01-29T13:06:02.000000,-2144.8099500000167,-28919.003049999996,-31063.81300000003
2026-01-29T13:06:07.000000,-2144.8099500000167,-29046.950649999995,-31191.76060000003
2026-01-29T13:06:27.000000,-2144.8099500000167,-29072.897349999996,-31217.70730000003
2026-01-29T13:08:12.000000,-2144.8099500000167,-28992.685899999997,-31137.495850000032
2026-01-29T13:08:32.000000,-2144.8099500000167,-28874.106999999996,-31018.91695000003
2026-01-29T13:08:42.000000,-2144.8099500000167,-28715.912649999995,-30860.72260000003
2026-01-29T13:08:47.000000,-2144.8099500000167,-28579.340649999995,-30724.15060000003
2026-01-29T13:08:47.000000,-2144.8099500000167,-28409.149299999994,-30553.95925000003
2026-01-29T13:08:57.000000,-2144.8099500000167,-28211.956299999994,-30356.76625000003
2026-01-29T13:09:02.000000,-2144.8099500000167,-28014.763299999995,-30159.57325000003
2026-01-29T13:09:07.000000,-2144.8099500000167,-27811.569399999993,-29956.37935000003
2026-01-29T13:09:12.000000,-2144.8099500000167,-27786.510849999995,-29931.32080000003
2026-01-29T13:09:12.000000,-2144.8099500000167,-27577.318449999995,-29722.12840000003
2026-01-29T13:09:17.000000,-2144.8099500000167,-27374.122149999996,-29518.93210000003
2026-01-29T13:09:22.000000,-2144.8099500000167,-27188.918949999996,-29333.72890000003
2026-01-29T13:09:27.000000,-2144.8099500000167,-27015.707949999996,-29160.51790000003
2026-01-29T13:09:32.000000,-2144.8099500000167,-26854.491549999995,-28999.30150000003
2026-01-29T13:09:42.000000,-2144.8099500000167,-26717.264349999994,-28862.07430000003
2026-01-29T13:11:12.000000,-2144.8099500000167,-26625.597499999993,-28770.407450000028
2026-01-29T13:11:27.000000,-2144.8099500000167,-26533.93064999999,-28678.740600000026
2026-01-29T13:11:57.000000,-2144.8099500000167,-26464.25829999999,-28609.068250000026
2026-01-29T13:12:27.000000,-2144.8099500000167,-26384.00844999999,-28528.818400000026
2026-01-29T13:12:32.000000,-2144.8099500000167,-26336.33939999999,-28481.149350000025
2026-01-29T13:12:47.000000,-2144.8099500000167,-26288.67034999999,-28433.480300000025
2026-01-29T13:12:47.000000,-2144.8099500000167,-26190.42259999999,-28335.232550000026
2026-01-29T13:13:02.000000,-2144.8099500000167,-26162.41399999999,-28307.223950000025
2026-01-29T13:13:07.000000,-2144.8099500000167,-26134.40539999999,-28279.215350000024
2026-01-29T13:13:07.000000,-2144.8099500000167,-26039.14129999999,-28183.951250000024
2026-01-29T13:14:42.000000,-2177.373700000015,-26039.14129999999,-28216.51500000002
2026-01-29T13:14:52.000000,-2177.373700000015,-25950.91569999999,-28128.289400000023
2026-01-29T13:14:52.000000,-2209.9374500000135,-25950.91569999999,-28160.85315000002
2026-01-29T13:14:57.000000,-2209.9374500000135,-25874.68229999999,-28084.61975000002
2026-01-29T13:15:07.000000,-2247.4979500000127,-25874.68229999999,-28122.18025000002
2026-01-29T13:15:17.000000,-2280.061700000011,-25874.68229999999,-28154.744000000017
2026-01-29T13:16:27.000000,-2280.061700000011,-25900.54739999999,-28180.609100000016
2026-01-29T13:16:27.000000,-2280.061700000011,-25718.23184999999,-27998.293550000017
2026-01-29T13:16:32.000000,-2280.061700000011,-25526.91974999999,-27806.981450000018
2026-01-29T13:16:42.000000,-2280.061700000011,-25332.60719999999,-27612.66890000002
2026-01-29T13:16:47.000000,-2280.061700000011,-25150.294049999993,-27430.35575000002
2026-01-29T13:17:02.000000,-2280.061700000011,-24964.975649999993,-27245.03735000002
2026-01-29T13:18:57.000000,-2334.676100000011,-24964.975649999993,-27299.65175000002
2026-01-29T13:19:57.000000,-2305.3259000000107,-24964.975649999993,-27270.30155000002
2026-01-29T13:20:07.000000,-2248.9764500000106,-24964.975649999993,-27213.952100000017
2026-01-29T13:20:12.000000,-2180.6300000000106,-24964.975649999993,-27145.605650000016
2026-01-29T13:20:17.000000,-2121.280100000011,-24964.975649999993,-27086.255750000015
2026-01-29T13:20:22.000000,-2055.929300000011,-24964.975649999993,-27020.904950000015
2026-01-29T13:20:27.000000,-1990.5785000000117,-24964.975649999993,-26955.554150000014
2026-01-29T13:20:32.000000,-1925.225300000011,-24964.975649999993,-26890.200950000013
2026-01-29T13:20:57.000000,-1844.8674500000113,-24964.975649999993,-26809.843100000013
2026-01-29T13:21:02.000000,-1770.5033000000114,-24964.975649999993,-26735.47895000001
2026-01-29T13:21:07.000000,-1690.1382500000118,-24964.975649999993,-26655.11390000001
2026-01-29T13:21:12.000000,-1612.7688500000124,-24964.975649999993,-26577.74450000001
2026-01-29T13:21:17.000000,-1526.3957000000119,-24964.975649999993,-26491.371350000012
2026-01-29T13:21:22.000000,-1434.0192500000123,-24964.975649999993,-26398.994900000012
2026-01-29T13:21:32.000000,-1356.635450000012,-24964.975649999993,-26321.611100000013
2026-01-29T13:21:37.000000,-1282.2473000000123,-24964.975649999993,-26247.222950000014
2026-01-29T13:21:47.000000,-1213.8528500000123,-24964.975649999993,-26178.828500000014
2026-01-29T13:21:52.000000,-1160.4558500000126,-24964.975649999993,-26125.431500000013
2026-01-29T13:21:57.000000,-1104.0512000000133,-24964.975649999993,-26069.026850000013
2026-01-29T13:22:02.000000,-1056.6455000000133,-24964.975649999993,-26021.621150000014
2026-01-29T13:22:07.000000,-1009.2374000000134,-24964.975649999993,-25974.213050000013
2026-01-29T13:22:12.000000,-967.8278000000133,-24964.975649999993,-25932.803450000014
2026-01-29T13:22:17.000000,-923.4153500000139,-24964.975649999993,-25888.391000000014
2026-01-29T13:22:22.000000,-881.9985500000138,-24964.975649999993,-25846.974200000015
2026-01-29T13:22:47.000000,-867.5690000000137,-24964.975649999993,-25832.544650000014
2026-01-29T13:25:57.000000,-959.396000000014,-24964.975649999993,-25924.371650000016
2026-01-29T13:27:22.000000,-955.2086000000143,-24964.975649999993,-25920.184250000017
2026-01-29T13:27:27.000000,-963.0134000000143,-24964.975649999993,-25927.98905000002
2026-01-29T13:27:32.000000,-1020.5706500000148,-24964.975649999993,-25985.54630000002
2026-01-29T13:27:42.000000,-1028.3850500000149,-24964.975649999993,-25993.36070000002
2026-01-29T13:27:47.000000,-1036.1994500000148,-24964.975649999993,-26001.17510000002
2026-01-29T13:28:12.000000,-1036.1994500000148,-24950.865949999992,-25987.065400000018
2026-01-29T13:29:12.000000,-1036.1994500000148,-24972.831249999992,-26009.030700000018
2026-01-29T13:31:47.000000,-1067.9982500000144,-24972.831249999992,-26040.829500000018
2026-01-29T13:33:47.000000,-1065.5417000000152,-24972.831249999992,-26038.37295000002
2026-01-29T13:33:52.000000,-1078.0826000000152,-24972.831249999992,-26050.91385000002
2026-01-29T13:33:57.000000,-1078.6265000000153,-24972.831249999992,-26051.45775000002
2026-01-29T13:37:57.000000,-1076.261150000015,-24972.831249999992,-26049.09240000002
2026-01-29T13:38:52.000000,-1076.261150000015,-24994.58949999999,-26070.85065000002
2026-01-29T13:41:12.000000,-1076.261150000015,-25035.47924999999,-26111.740400000017
2026-01-29T13:41:47.000000,-1076.261150000015,-25030.79264999999,-26107.053800000016
2026-01-29T13:41:52.000000,-1076.261150000015,-24996.120749999987,-26072.381900000015
2026-01-29T13:42:02.000000,-1076.261150000015,-25037.010499999986,-26113.271650000013
2026-01-29T13:44:22.000000,-1076.261150000015,-25044.844099999988,-26121.105250000015
2026-01-29T13:44:52.000000,-1076.261150000015,-25040.675899999987,-26116.937050000015
2026-01-29T13:48:37.000000,-1076.261150000015,-25047.815899999987,-26124.077050000014
2026-01-29T13:48:42.000000,-1076.261150000015,-25054.955899999986,-26131.217050000014
2026-01-29T13:50:22.000000,-1076.261150000015,-25062.095899999986,-26138.357050000013
2026-01-29T13:50:22.000000,-1076.261150000015,-25069.622299999985,-26145.883450000012
2026-01-29T13:52:42.000000,-1076.261150000015,-25069.772449999986,-26146.033600000013
2026-01-29T13:52:47.000000,-1076.261150000015,-25069.922599999987,-26146.183750000015
2026-01-29T13:53:57.000000,-1058.7111500000156,-25069.922599999987,-26128.633750000015
2026-01-29T13:54:17.000000,-1029.1641500000153,-25069.922599999987,-26099.086750000017
2026-01-29T13:54:47.000000,-1026.623600000015,-25069.922599999987,-26096.546200000015
2026-01-29T13:54:52.000000,-1021.0850000000152,-25069.922599999987,-26091.007600000015
2026-01-29T13:54:57.000000,-1021.5473000000153,-25069.922599999987,-26091.469900000015
2026-01-29T13:55:02.000000,-1028.0105000000153,-25069.922599999987,-26097.933100000013
2026-01-29T13:55:07.000000,-1028.4776000000154,-25069.922599999987,-26098.400200000015
2026-01-29T13:55:12.000000,-1034.9456000000155,-25069.922599999987,-26104.868200000015
2026-01-29T13:55:17.000000,-1047.4145000000153,-25069.922599999987,-26117.337100000015
2026-01-29T13:55:32.000000,-1047.4145000000153,-25064.356649999987,-26111.771150000015
2026-01-29T13:58:17.000000,-1067.1251000000173,-25064.356649999987,-26131.481750000017
2026-01-29T13:58:52.000000,-1067.1251000000173,-25085.476349999986,-26152.601450000016
2026-01-29T13:58:57.000000,-1062.8225000000175,-25085.476349999986,-26148.298850000017
2026-01-29T13:59:02.000000,-1054.4226500000173,-25085.476349999986,-26139.899000000016
2026-01-29T13:59:02.000000,-1050.1200500000175,-25085.476349999986,-26135.596400000017
2026-01-29T13:59:07.000000,-1033.815650000018,-25085.476349999986,-26119.292000000016
2026-01-29T13:59:07.000000,-1058.2575500000175,-25085.476349999986,-26143.733900000014
2026-01-29T13:59:17.000000,-1029.9513500000182,-25085.476349999986,-26115.427700000015
2026-01-29T13:59:17.000000,-1000.428350000018,-25085.476349999986,-26085.904700000014
2026-01-29T13:59:27.000000,-972.1317500000188,-25085.476349999986,-26057.608100000016
2026-01-29T13:59:27.000000,-1005.5750000000187,-25085.476349999986,-26091.051350000016
2026-01-29T13:59:32.000000,-989.2802000000192,-25085.476349999986,-26074.756550000016
2026-01-29T13:59:37.000000,-972.9758000000197,-25085.476349999986,-26058.452150000016
2026-01-29T13:59:42.000000,-956.6810000000203,-25085.476349999986,-26042.157350000016
2026-01-29T13:59:52.000000,-964.3802000000203,-25085.476349999986,-26049.856550000015
2026-01-29T13:59:57.000000,-960.0776000000205,-25085.476349999986,-26045.553950000016
2026-01-29T14:00:32.000000,-960.0776000000205,-25107.004849999987,-26067.082450000016
2026-01-29T14:01:17.000000,-960.0776000000205,-25163.124199999984,-26123.201800000013
2026-01-29T14:02:47.000000,-960.0776000000205,-25214.989199999985,-26175.066800000015
2026-01-29T14:02:52.000000,-960.0776000000205,-25255.852549999985,-26215.930150000015
2026-01-29T14:02:57.000000,-960.0776000000205,-25296.715899999985,-26256.793500000014
2026-01-29T14:08:07.000000,-960.0776000000205,-25322.028999999984,-26282.106600000014
2026-01-29T14:08:12.000000,-960.0776000000205,-25353.333399999985,-26313.411000000015
2026-01-29T14:08:22.000000,-960.0776000000205,-25350.207749999983,-26310.285350000013
2026-01-29T14:08:22.000000,-960.0776000000205,-25369.515149999985,-26329.592750000014
2026-01-29T14:08:27.000000,-960.0776000000205,-25388.822549999986,-26348.900150000016
2026-01-29T14:09:02.000000,-960.0776000000205,-25390.132049999986,-26350.209650000015
2026-01-29T14:11:07.000000,-960.0776000000205,-25349.449649999984,-26309.527250000014
2026-01-29T14:11:17.000000,-960.0776000000205,-25308.767249999983,-26268.844850000012
2026-01-29T14:11:22.000000,-960.0776000000205,-25268.080049999982,-26228.157650000012
2026-01-29T14:12:12.000000,-960.0776000000205,-25215.856649999983,-26175.934250000013
2026-01-29T14:13:02.000000,-960.0776000000205,-25114.421249999985,-26074.498850000014
2026-01-29T14:13:07.000000,-960.0776000000205,-25003.984499999984,-25964.062100000014
2026-01-29T14:13:22.000000,-960.0776000000205,-24893.542949999985,-25853.620550000014
2026-01-29T14:13:27.000000,-960.0776000000205,-24795.093599999986,-25755.171200000015
2026-01-29T14:13:32.000000,-960.0776000000205,-24714.632549999988,-25674.710150000017
2026-01-29T14:13:37.000000,-960.0776000000205,-24643.165649999988,-25603.243250000018
2026-01-29T14:13:42.000000,-960.0776000000205,-24580.692899999987,-25540.770500000017
2026-01-29T14:14:17.000000,-960.0776000000205,-24540.471299999987,-25500.548900000016
2026-01-29T14:14:22.000000,-960.0776000000205,-24500.249699999986,-25460.327300000015
2026-01-29T14:23:52.000000,-960.0776000000205,-24522.879949999988,-25482.957550000017
2026-01-29T14:24:07.000000,-960.0776000000205,-24550.506949999988,-25510.584550000018
2026-01-29T14:24:42.000000,-960.0776000000205,-24581.902549999988,-25541.980150000018
2026-01-29T14:25:42.000000,-960.0776000000205,-24594.451299999986,-25554.528900000016
2026-01-29T14:26:02.000000,-960.0776000000205,-24607.096049999986,-25567.173650000015
2026-01-29T14:26:22.000000,-960.0776000000205,-24658.969849999987,-25619.047450000016
2026-01-29T14:27:02.000000,-960.0776000000205,-24702.151249999984,-25662.228850000014
2026-01-29T14:28:07.000000,-960.0776000000205,-24709.548049999983,-25669.625650000013
2026-01-29T14:28:37.000000,-960.0776000000205,-24806.192749999984,-25766.270350000013
2026-01-29T14:28:47.000000,-960.0776000000205,-24887.839999999986,-25847.917600000015
2026-01-29T14:28:52.000000,-960.0776000000205,-24943.671199999986,-25903.748800000016
2026-01-29T14:29:47.000000,-960.0776000000205,-24968.338699999986,-25928.416300000015
2026-01-29T14:31:32.000000,-960.0776000000205,-24965.562949999985,-25925.640550000015
2026-01-29T14:31:47.000000,-960.0776000000205,-24929.458749999983,-25889.536350000013
2026-01-29T14:31:52.000000,-960.0776000000205,-24829.352949999982,-25789.430550000012
2026-01-29T14:32:02.000000,-960.0776000000205,-24705.253149999982,-25665.330750000012
2026-01-29T14:32:17.000000,-960.0776000000205,-24605.14734999998,-25565.22495000001
2026-01-29T14:32:27.000000,-960.0776000000205,-24554.83719999998,-25514.91480000001
2026-01-29T14:32:27.000000,-960.0776000000205,-24454.73139999998,-25414.80900000001
2026-01-29T14:32:32.000000,-960.0776000000205,-24354.625599999978,-25314.703200000007
2026-01-29T14:32:37.000000,-960.0776000000205,-24307.31349999998,-25267.391100000008
2026-01-29T14:32:37.000000,-960.0776000000205,-24207.207699999977,-25167.285300000007
2026-01-29T14:32:42.000000,-960.0776000000205,-24162.708699999977,-25122.786300000007
2026-01-29T14:32:47.000000,-960.0776000000205,-24050.61069999998,-25010.68830000001
2026-01-29T14:32:52.000000,-960.0776000000205,-23938.51269999998,-24898.59030000001
2026-01-29T14:32:57.000000,-960.0776000000205,-23879.22759999998,-24839.30520000001
2026-01-29T14:32:57.000000,-960.0776000000205,-23755.13739999998,-24715.21500000001
2026-01-29T14:33:02.000000,-960.0776000000205,-23655.03159999998,-24615.10920000001
2026-01-29T14:33:07.000000,-960.0776000000205,-23594.74939999998,-24554.82700000001
2026-01-29T14:33:07.000000,-960.0776000000205,-23494.643599999978,-24454.721200000007
2026-01-29T14:33:17.000000,-960.0776000000205,-23394.537799999976,-24354.615400000006
2026-01-29T14:33:27.000000,-960.0776000000205,-23306.424199999976,-24266.501800000005
2026-01-29T14:33:37.000000,-960.0776000000205,-23242.294999999976,-24202.372600000006
2026-01-29T14:33:42.000000,-960.0776000000205,-23202.15019999998,-24162.227800000008
2026-01-29T14:42:27.000000,-960.0776000000205,-23241.89899999998,-24201.97660000001
2026-01-29T14:42:32.000000,-960.0776000000205,-23281.64139999998,-24241.71900000001
2026-01-29T14:42:37.000000,-960.0776000000205,-23313.38579999998,-24273.463400000008
2026-01-29T14:42:42.000000,-960.0776000000205,-23337.13219999998,-24297.209800000008
2026-01-29T14:42:52.000000,-960.0776000000205,-23344.87939999998,-24304.95700000001
2026-01-29T14:44:22.000000,-960.0776000000205,-23280.676599999977,-24240.754200000007
2026-01-29T14:45:02.000000,-960.0776000000205,-23252.519199999977,-24212.596800000007
2026-01-29T14:45:02.000000,-960.0776000000205,-23233.355949999976,-24193.433550000005
2026-01-29T14:45:02.000000,-960.0776000000205,-23217.134749999976,-24177.212350000005
2026-01-29T14:45:02.000000,-960.0776000000205,-23238.674449999977,-24198.752050000006
2026-01-29T14:59:55.000000,-960.0776000000205,-23305.987449999975,-24266.065050000005
2026-01-29T14:59:55.000000,-960.0776000000205,-23343.319949999976,-24303.397550000005
2026-01-30T09:56:37.000000,-960.0776000000205,-23207.769699999975,-24167.847300000005
2026-01-30T09:56:47.000000,-960.0776000000205,-23083.203499999974,-24043.281100000004
2026-01-30T09:56:52.000000,-960.0776000000205,-22980.622999999974,-23940.700600000004
2026-01-30T09:56:57.000000,-960.0776000000205,-22867.04964999997,-23827.12725
2026-01-30T09:57:02.000000,-960.0776000000205,-22775.46199999997,-23735.5396
2026-01-30T10:01:22.000000,-1111.9392000000203,-22775.46199999997,-23887.4012
2026-01-30T10:01:37.000000,-1259.7970000000194,-22775.46199999997,-24035.259
2026-01-30T10:02:12.000000,-1399.6600000000187,-22775.46199999997,-24175.121999999996
2026-01-30T10:05:52.000000,-1431.5036000000196,-22775.46199999997,-24206.965599999996
2026-01-30T10:05:57.000000,-1463.3440000000192,-22775.46199999997,-24238.805999999997
2026-01-30T10:06:12.000000,-1507.176600000019,-22775.46199999997,-24282.6386
2026-01-30T10:10:27.000000,-1494.1142500000196,-22775.46199999997,-24269.57625
2026-01-30T10:10:27.000000,-1481.0519000000202,-22775.46199999997,-24256.513899999998
2026-01-30T10:10:37.000000,-1467.9839500000205,-22775.46199999997,-24243.445949999998
2026-01-30T10:13:07.000000,-1495.7917500000208,-22775.46199999997,-24271.253749999996
2026-01-30T10:19:57.000000,-1487.8021500000211,-22775.46199999997,-24263.264149999995
2026-01-30T10:34:12.000000,-1550.3769500000215,-22775.46199999997,-24325.838949999994
2026-01-30T10:34:42.000000,-1637.7203000000225,-22775.46199999997,-24413.182299999993
2026-01-30T10:34:47.000000,-1725.0612500000223,-22775.46199999997,-24500.523249999995
2026-01-30T10:35:12.000000,-1797.404750000022,-22775.46199999997,-24572.866749999994
2026-01-30T10:35:27.000000,-1839.7629500000223,-22775.46199999997,-24615.224949999993
2026-01-30T10:35:32.000000,-1850.3523500000229,-22775.46199999997,-24625.814349999993
2026-01-30T10:35:52.000000,-1840.948350000023,-22775.46199999997,-24616.410349999995
2026-01-30T10:36:52.000000,-1844.7525500000224,-22775.46199999997,-24620.214549999993
2026-01-30T10:36:52.000000,-1844.5561500000226,-22775.46199999997,-24620.018149999993
2026-01-30T10:36:52.000000,-1840.3591500000223,-22775.46199999997,-24615.821149999992
2026-01-30T10:36:52.000000,-1836.162150000022,-22775.46199999997,-24611.624149999992
2026-01-30T10:36:52.000000,-1831.9651500000216,-22775.46199999997,-24607.427149999992
2026-01-30T10:36:52.000000,-1827.7681500000213,-22775.46199999997,-24603.230149999992
2026-01-30T10:36:52.000000,-1827.5717500000214,-22775.46199999997,-24603.03374999999
2026-01-30T10:36:52.000000,-1815.3735500000212,-22775.46199999997,-24590.835549999993
2026-01-30T10:36:52.000000,-1803.175350000021,-22775.46199999997,-24578.637349999994
2026-01-30T10:36:52.000000,-1790.9771500000206,-22775.46199999997,-24566.439149999995
2026-01-30T10:36:52.000000,-1774.7783500000212,-22775.46199999997,-24550.240349999996
2026-01-30T10:36:52.000000,-1758.5795500000218,-22775.46199999997,-24534.041549999998
2026-01-30T10:36:52.000000,-1742.3807500000223,-22775.46199999997,-24517.84275
2026-01-30T10:36:52.000000,-1726.1819500000229,-22775.46199999997,-24501.64395
2026-01-30T10:36:52.000000,-1709.9831500000234,-22775.46199999997,-24485.445150000003
2026-01-30T10:36:52.000000,-1693.784350000024,-22775.46199999997,-24469.246350000005
2026-01-30T10:36:52.000000,-1677.5855500000246,-22775.46199999997,-24453.047550000007
2026-01-30T10:36:52.000000,-1661.3867500000251,-22775.46199999997,-24436.84875000001
2026-01-30T10:36:52.000000,-1645.1879500000257,-22775.46199999997,-24420.64995000001
2026-01-30T10:36:52.000000,-1628.9891500000263,-22775.46199999997,-24404.45115000001
2026-01-30T10:36:52.000000,-1612.7903500000268,-22775.46199999997,-24388.252350000013
2026-01-30T10:36:52.000000,-1596.5915500000274,-22775.46199999997,-24372.053550000015
2026-01-30T10:36:52.000000,-1580.392750000028,-22775.46199999997,-24355.854750000017
2026-01-30T10:36:52.000000,-1564.1939500000285,-22775.46199999997,-24339.65595000002
2026-01-30T10:36:52.000000,-1547.995150000029,-22775.46199999997,-24323.45715000002
2026-01-30T10:36:52.000000,-1531.7963500000296,-22775.46199999997,-24307.258350000022
2026-01-30T10:36:52.000000,-1515.5975500000302,-22775.46199999997,-24291.059550000024
2026-01-30T10:36:52.000000,-1499.3987500000308,-22775.46199999997,-24274.860750000025
2026-01-30T10:36:52.000000,-1483.1999500000313,-22775.46199999997,-24258.661950000027
2026-01-30T10:36:52.000000,-1467.0011500000319,-22775.46199999997,-24242.46315000003
2026-01-30T10:36:52.000000,-1450.8023500000324,-22775.46199999997,-24226.26435000003
2026-01-30T10:36:52.000000,-1434.603550000033,-22775.46199999997,-24210.065550000032
2026-01-30T10:36:52.000000,-1418.4047500000336,-22775.46199999997,-24193.866750000034
2026-01-30T10:36:52.000000,-1402.2059500000341,-22775.46199999997,-24177.667950000035
2026-01-30T10:36:52.000000,-1386.0071500000347,-22775.46199999997,-24161.469150000037
2026-01-30T10:36:52.000000,-1369.8083500000353,-22775.46199999997,-24145.27035000004
2026-01-30T10:36:52.000000,-1353.6095500000358,-22775.46199999997,-24129.07155000004
2026-01-30T10:36:52.000000,-1337.4107500000364,-22775.46199999997,-24112.872750000042
2026-01-30T10:36:52.000000,-1321.211950000037,-22775.46199999997,-24096.673950000044
2026-01-30T10:36:52.000000,-1305.0131500000375,-22775.46199999997,-24080.475150000046
2026-01-30T10:36:52.000000,-1288.814350000038,-22775.46199999997,-24064.276350000047
2026-01-30T10:36:52.000000,-1272.6155500000386,-22775.46199999997,-24048.07755000005
2026-01-30T10:36:52.000000,-1256.4167500000392,-22775.46199999997,-24031.87875000005
2026-01-30T10:39:52.000000,-1236.3477500000397,-22775.46199999997,-24011.80975000005
2026-01-30T10:39:52.000000,-1216.2787500000402,-22775.46199999997,-23991.74075000005
2026-01-30T10:39:52.000000,-1196.2097500000407,-22775.46199999997,-23971.671750000052
2026-01-30T10:39:52.000000,-1176.1407500000412,-22775.46199999997,-23951.602750000053
2026-01-30T10:39:52.000000,-1156.0717500000417,-22775.46199999997,-23931.533750000053
2026-01-30T10:39:52.000000,-1136.0027500000422,-22775.46199999997,-23911.464750000054
2026-01-30T10:39:52.000000,-1115.9337500000427,-22775.46199999997,-23891.395750000054
2026-01-30T10:39:52.000000,-1095.8647500000432,-22775.46199999997,-23871.326750000055
2026-01-30T10:39:52.000000,-1075.7957500000437,-22775.46199999997,-23851.257750000055
2026-01-30T10:39:52.000000,-1055.7267500000441,-22775.46199999997,-23831.188750000056
2026-01-30T10:39:52.000000,-1035.6577500000446,-22775.46199999997,-23811.119750000056
2026-01-30T10:39:52.000000,-1015.5887500000453,-22775.46199999997,-23791.050750000057
2026-01-30T10:39:52.000000,-995.5197500000459,-22775.46199999997,-23770.981750000057
2026-01-30T10:39:52.000000,-975.4507500000465,-22775.46199999997,-23750.912750000058
2026-01-30T10:39:52.000000,-955.3817500000471,-22775.46199999997,-23730.84375000006
2026-01-30T10:39:52.000000,-935.3127500000477,-22775.46199999997,-23710.77475000006
2026-01-30T10:39:52.000000,-915.2437500000483,-22775.46199999997,-23690.70575000006
2026-01-30T10:39:52.000000,-895.1747500000489,-22775.46199999997,-23670.63675000006
2026-01-30T10:39:52.000000,-875.1057500000495,-22775.46199999997,-23650.56775000006
2026-01-30T10:39:52.000000,-855.0367500000501,-22775.46199999997,-23630.49875000006
2026-01-30T10:39:52.000000,-834.9677500000507,-22775.46199999997,-23610.42975000006
2026-01-30T10:39:52.000000,-814.8987500000513,-22775.46199999997,-23590.36075000006
2026-01-30T10:39:52.000000,-794.829750000052,-22775.46199999997,-23570.291750000062
2026-01-30T10:39:52.000000,-774.7607500000526,-22775.46199999997,-23550.222750000063
2026-01-30T10:39:52.000000,-754.6917500000532,-22775.46199999997,-23530.153750000063
2026-01-30T10:39:52.000000,-734.6227500000538,-22775.46199999997,-23510.084750000064
2026-01-30T10:39:52.000000,-714.5537500000544,-22775.46199999997,-23490.015750000064
2026-01-30T10:39:52.000000,-694.484750000055,-22775.46199999997,-23469.946750000065
2026-01-30T10:39:52.000000,-674.4157500000556,-22775.46199999997,-23449.877750000065
2026-01-30T10:39:52.000000,-654.3467500000562,-22775.46199999997,-23429.808750000066
2026-01-30T10:39:52.000000,-634.2777500000568,-22775.46199999997,-23409.739750000066
2026-01-30T10:39:52.000000,-614.2087500000574,-22775.46199999997,-23389.670750000067
2026-01-30T10:39:52.000000,-594.139750000058,-22775.46199999997,-23369.601750000067
2026-01-30T10:39:52.000000,-574.0707500000586,-22775.46199999997,-23349.532750000068
2026-01-30T10:39:52.000000,-554.0017500000592,-22775.46199999997,-23329.463750000068
2026-01-30T10:39:52.000000,-533.9327500000599,-22775.46199999997,-23309.39475000007
2026-01-30T10:39:52.000000,-513.8637500000605,-22775.46199999997,-23289.32575000007
2026-01-30T10:39:52.000000,-493.7947500000611,-22775.46199999997,-23269.25675000007
2026-01-30T10:39:52.000000,-473.7257500000617,-22775.46199999997,-23249.18775000007
2026-01-30T10:39:52.000000,-453.6567500000623,-22775.46199999997,-23229.11875000007
2026-01-30T10:39:52.000000,-433.5877500000629,-22775.46199999997,-23209.04975000007
2026-01-30T10:39:52.000000,-413.5187500000635,-22775.46199999997,-23188.98075000007
2026-01-30T10:39:52.000000,-393.4497500000641,-22775.46199999997,-23168.911750000072
2026-01-30T10:39:52.000000,-373.3807500000647,-22775.46199999997,-23148.842750000073
2026-01-30T10:39:52.000000,-353.31175000006533,-22775.46199999997,-23128.773750000073
2026-01-30T10:39:52.000000,-333.24275000006594,-22775.46199999997,-23108.704750000074
2026-01-30T10:39:52.000000,-313.17375000006655,-22775.46199999997,-23088.635750000074
2026-01-30T10:39:52.000000,-293.10475000006716,-22775.46199999997,-23068.566750000075
2026-01-30T10:39:52.000000,-273.03575000006776,-22775.46199999997,-23048.497750000075
2026-01-30T10:39:52.000000,-252.96675000006837,-22775.46199999997,-23028.428750000076
2026-01-30T10:39:52.000000,-232.89775000006898,-22775.46199999997,-23008.359750000076
2026-01-30T10:39:52.000000,-212.8287500000696,-22775.46199999997,-22988.290750000077
2026-01-30T10:39:52.000000,-192.7597500000702,-22775.46199999997,-22968.221750000077
2026-01-30T10:39:52.000000,-172.6907500000708,-22775.46199999997,-22948.152750000078
2026-01-30T10:39:52.000000,-152.62175000007142,-22775.46199999997,-22928.083750000078
2026-01-30T10:39:52.000000,-132.55275000007202,-22775.46199999997,-22908.01475000008
2026-01-30T10:39:52.000000,-112.48375000007262,-22775.46199999997,-22887.94575000008
2026-01-30T10:39:52.000000,-92.41475000007321,-22775.46199999997,-22867.87675000008
2026-01-30T10:39:52.000000,-72.3457500000738,-22775.46199999997,-22847.80775000008
2026-01-30T10:39:52.000000,-52.2767500000744,-22775.46199999997,-22827.73875000008
2026-01-30T10:39:52.000000,-32.207750000074995,-22775.46199999997,-22807.66975000008
2026-01-30T10:39:52.000000,-12.138750000075593,-22775.46199999997,-22787.60075000008
2026-01-30T10:39:52.000000,7.930249999923809,-22775.46199999997,-22767.531750000082
2026-01-30T10:39:52.000000,27.99924999992321,-22775.46199999997,-22747.462750000082
2026-01-30T10:39:52.000000,48.068249999922614,-22775.46199999997,-22727.393750000083
2026-01-30T10:39:52.000000,68.13724999992202,-22775.46199999997,-22707.324750000083
2026-01-30T10:40:12.000000,168.28144999992185,-22775.46199999997,-22607.180550000085
2026-01-30T10:40:22.000000,256.4334499999212,-22775.46199999997,-22519.028550000086
2026-01-30T10:40:27.000000,340.5880499999214,-22775.46199999997,-22434.873950000085
2026-01-30T10:40:32.000000,420.74524999992093,-22775.46199999997,-22354.716750000087
2026-01-30T10:40:37.000000,504.8998499999211,-22775.46199999997,-22270.562150000085
2026-01-30T10:40:42.000000,613.0388499999208,-22775.46199999997,-22162.423150000086
2026-01-30T10:40:47.000000,709.18564999992,-22775.46199999997,-22066.276350000087
2026-01-30T10:45:38.000000,709.18564999992,-22858.27659999997,-22149.090950000085
2026-01-30T10:46:18.000000,709.18564999992,-22893.128799999966,-22183.943150000083
2026-01-30T10:47:52.000000,729.2546499999194,-22893.128799999966,-22163.874150000083
2026-01-30T10:47:52.000000,749.3236499999188,-22893.128799999966,-22143.805150000084
2026-01-30T10:47:52.000000,769.3926499999181,-22893.128799999966,-22123.736150000084
2026-01-30T10:47:52.000000,789.4616499999175,-22893.128799999966,-22103.667150000085
2026-01-30T10:47:52.000000,809.5306499999169,-22893.128799999966,-22083.598150000085
2026-01-30T10:47:52.000000,829.5996499999163,-22893.128799999966,-22063.529150000086
2026-01-30T10:47:52.000000,849.6686499999157,-22893.128799999966,-22043.460150000086
2026-01-30T10:47:52.000000,869.7376499999151,-22893.128799999966,-22023.391150000087
2026-01-30T10:47:52.000000,889.8066499999145,-22893.128799999966,-22003.322150000087
2026-01-30T10:47:52.000000,909.8756499999139,-22893.128799999966,-21983.253150000088
2026-01-30T10:47:52.000000,929.9446499999133,-22893.128799999966,-21963.18415000009
2026-01-30T10:47:52.000000,950.0136499999127,-22893.128799999966,-21943.11515000009
2026-01-30T10:47:52.000000,970.0826499999121,-22893.128799999966,-21923.04615000009
2026-01-30T10:47:52.000000,990.1516499999115,-22893.128799999966,-21902.97715000009
2026-01-30T10:47:52.000000,1010.2206499999108,-22893.128799999966,-21882.90815000009
2026-01-30T10:47:52.000000,1030.2896499999104,-22893.128799999966,-21862.83915000009
2026-01-30T10:47:52.000000,1050.3586499999099,-22893.128799999966,-21842.77015000009
2026-01-30T10:47:52.000000,1070.4276499999094,-22893.128799999966,-21822.70115000009
2026-01-30T10:47:52.000000,1090.4966499999089,-22893.128799999966,-21802.632150000092
2026-01-30T10:47:52.000000,1110.5656499999084,-22893.128799999966,-21782.563150000093
2026-01-30T10:47:52.000000,1130.6346499999079,-22893.128799999966,-21762.494150000093
2026-01-30T10:47:52.000000,1150.7036499999074,-22893.128799999966,-21742.425150000094
2026-01-30T10:47:52.000000,1170.772649999907,-22893.128799999966,-21722.356150000094
2026-01-30T10:47:52.000000,1190.8416499999064,-22893.128799999966,-21702.287150000095
2026-01-30T10:47:52.000000,1210.910649999906,-22893.128799999966,-21682.218150000095
2026-01-30T10:47:52.000000,1230.9796499999054,-22893.128799999966,-21662.149150000096
2026-01-30T10:48:02.000000,1230.9796499999054,-22809.079799999967,-21578.100150000097
2026-01-30T10:57:13.000000,1230.9796499999054,-22816.588599999966,-21585.608950000096
2026-01-30T10:58:07.000000,1230.9796499999054,-22829.458299999966,-21598.478650000096
2026-01-30T10:58:18.000000,1230.9796499999054,-22823.965149999967,-21592.985500000097
2026-01-30T11:00:33.000000,1230.9796499999054,-22844.455099999966,-21613.475450000096
2026-01-30T11:01:32.000000,1230.9796499999054,-22826.451499999966,-21595.471850000096
2026-01-30T11:03:57.000000,1230.9796499999054,-22856.630299999968,-21625.650650000098
2026-01-30T11:07:12.000000,1230.9796499999054,-22791.555499999966,-21560.575850000096
2026-01-30T11:07:17.000000,1230.9796499999054,-22720.484599999967,-21489.504950000097
2026-01-30T11:10:42.000000,1230.9796499999054,-22667.896399999965,-21436.916750000095
2026-01-30T11:13:33.000000,1230.9796499999054,-22675.405199999965,-21444.425550000095
2026-01-30T11:13:47.000000,1230.9796499999054,-22697.943449999966,-21466.963800000096
2026-01-30T11:14:08.000000,1230.9796499999054,-22718.454199999967,-21487.474550000097
2026-01-30T11:16:22.000000,1207.1212499999058,-22718.454199999967,-21511.3329500001
2026-01-30T11:16:32.000000,1191.260849999906,-22718.454199999967,-21527.1933500001
2026-01-30T11:16:42.000000,1171.399849999907,-22718.454199999967,-21547.0543500001
2026-01-30T11:16:42.000000,1151.538849999908,-22718.454199999967,-21566.9153500001
2026-01-30T11:16:47.000000,1127.6804499999084,-22718.454199999967,-21590.773750000102
2026-01-30T11:17:07.000000,1119.8212499999083,-22718.454199999967,-21598.6329500001
2026-01-30T11:17:22.000000,1107.9646499999078,-22718.454199999967,-21610.4895500001
2026-01-30T11:17:37.000000,1100.1086499999078,-22718.454199999967,-21618.3455500001
2026-01-30T11:17:42.000000,1100.250649999909,-22718.454199999967,-21618.2035500001
2026-01-30T11:17:47.000000,1096.3920499999097,-22718.454199999967,-21622.0621500001
2026-01-30T11:17:52.000000,1092.5334499999103,-22718.454199999967,-21625.9207500001
2026-01-30T11:18:02.000000,1084.6774499999103,-22718.454199999967,-21633.7767500001
2026-01-30T11:18:07.000000,1072.8240499999097,-22718.454199999967,-21645.6301500001
2026-01-30T11:18:12.000000,1052.9726499999092,-22718.454199999967,-21665.4815500001
2026-01-30T11:18:17.000000,1037.118649999908,-22718.454199999967,-21681.3355500001
2026-01-30T11:19:12.000000,1001.258449999908,-22718.454199999967,-21717.1957500001
2026-01-30T11:19:17.000000,1001.258449999908,-22694.944099999968,-21693.6856500001
2026-01-30T11:19:37.000000,1001.258449999908,-22718.517699999968,-21717.2592500001
2026-01-30T13:03:03.000000,1001.258449999908,-22769.644299999967,-21768.3858500001
2026-01-30T13:03:13.000000,1001.258449999908,-22852.76289999997,-21851.504450000102
2026-01-30T13:07:57.000000,1001.258449999908,-22871.43814999997,-21870.179700000102
2026-01-30T13:08:37.000000,1001.258449999908,-22890.11339999997,-21888.854950000103
2026-01-30T13:10:07.000000,1001.258449999908,-22919.790299999968,-21918.5318500001
2026-01-30T13:10:52.000000,1001.258449999908,-22960.46884999997,-21959.2104000001
2026-01-30T13:12:32.000000,1001.258449999908,-22990.154549999967,-21988.8961000001
2026-01-30T13:12:32.000000,1028.3228999999071,-22990.154549999967,-21961.831650000102
2026-01-30T13:12:32.000000,1055.3873499999063,-22990.154549999967,-21934.767200000104
2026-01-30T13:12:32.000000,1082.4517999999055,-22990.154549999967,-21907.702750000106
2026-01-30T13:12:32.000000,1109.5162499999046,-22990.154549999967,-21880.638300000108
2026-01-30T13:12:32.000000,1136.5806999999038,-22990.154549999967,-21853.57385000011
2026-01-30T13:12:32.000000,1163.645149999903,-22990.154549999967,-21826.50940000011
2026-01-30T13:12:32.000000,1190.7095999999021,-22990.154549999967,-21799.444950000114
2026-01-30T13:12:32.000000,1217.7740499999013,-22990.154549999967,-21772.380500000116
2026-01-30T13:12:32.000000,1244.8384999999005,-22990.154549999967,-21745.316050000118
2026-01-30T13:12:32.000000,1264.9018999998998,-22990.154549999967,-21725.25265000012
2026-01-30T13:16:47.000000,1264.9018999998998,-23041.861149999968,-21776.95925000012
2026-01-30T13:17:17.000000,1264.9018999998998,-23082.566099999967,-21817.66420000012
2026-01-30T13:19:02.000000,1264.9018999998998,-23112.26939999997,-21847.36750000012
2026-01-30T13:19:32.000000,1264.9018999998998,-23141.97269999997,-21877.07080000012
2026-01-30T13:20:32.000000,1264.9018999998998,-23177.21769999997,-21912.31580000012
2026-01-30T13:20:52.000000,1264.9018999998998,-23245.06029999997,-21980.15840000012
2026-01-30T13:21:12.000000,1264.9018999998998,-23285.78284999997,-22020.880950000123
2026-01-30T13:22:02.000000,1264.9018999998998,-23337.51584999997,-22072.613950000123
2026-01-30T13:27:42.000000,1264.9018999998998,-23277.43204999997,-22012.530150000122
2026-01-30T13:27:52.000000,1264.9018999998998,-23217.34504999997,-21952.443150000123
2026-01-30T13:31:32.000000,1264.9018999998998,-23247.10994999997,-21982.20805000012
2026-01-30T13:36:07.000000,1264.9018999998998,-23254.88914999997,-21989.987250000122
2026-01-30T13:40:27.000000,1264.9018999998998,-23326.64274999997,-22061.740850000122
2026-01-30T13:40:37.000000,1264.9018999998998,-23414.39874999997,-22149.496850000123
2026-01-30T13:43:12.000000,1264.9018999998998,-23422.20434999997,-22157.302450000123
2026-01-30T13:43:42.000000,1264.9018999998998,-23429.54594999997,-22164.644050000123
2026-01-30T13:49:57.000000,1264.9018999998998,-23459.34604999997,-22194.444150000123
2026-01-30T13:53:52.000000,1264.9018999998998,-23501.692899999973,-22236.791000000125
2026-01-30T13:54:12.000000,1264.9018999998998,-23520.508949999974,-22255.607050000126
2026-01-30T13:54:17.000000,1264.9018999998998,-23561.319499999972,-22296.417600000124
2026-01-30T13:55:57.000000,1264.9018999998998,-23569.313099999974,-22304.411200000126
2026-01-30T13:56:07.000000,1264.9018999998998,-23589.305299999975,-22324.403400000127
2026-01-30T13:57:02.000000,1264.9018999998998,-23630.115849999973,-22365.213950000125
2026-01-30T13:59:07.000000,1241.1106999999001,-23630.115849999973,-22389.005150000125
2026-01-30T14:02:42.000000,1241.1106999999001,-23681.945649999972,-22440.834950000124
2026-01-30T14:05:22.000000,1197.2268999999003,-23681.945649999972,-22484.718750000124
2026-01-30T14:05:27.000000,1153.3430999999005,-23681.945649999972,-22528.602550000123
2026-01-30T14:05:32.000000,1109.4560999999005,-23681.945649999972,-22572.489550000122
2026-01-30T14:05:37.000000,1053.5736999999,-23681.945649999972,-22628.37195000012
2026-01-30T14:06:02.000000,1009.6962999999001,-23681.945649999972,-22672.249350000122
2026-01-30T14:09:27.000000,1009.6962999999001,-23645.797449999973,-22636.101150000122
2026-01-30T14:09:32.000000,1009.6962999999001,-23609.649249999973,-22599.952950000123
2026-01-30T14:10:57.000000,1009.6962999999001,-23584.493899999972,-22574.79760000012
2026-01-30T14:11:07.000000,957.8496999999004,-23584.493899999972,-22626.644200000123
2026-01-30T14:11:12.000000,957.8496999999004,-23559.33854999997,-22601.48885000012
2026-01-30T14:12:42.000000,938.9886999999006,-23559.33854999997,-22620.349850000122
2026-01-30T14:13:37.000000,907.1354999999012,-23559.33854999997,-22652.20305000012
2026-01-30T14:13:42.000000,879.2828999999009,-23559.33854999997,-22680.055650000122
2026-01-30T14:14:17.000000,867.4262999999003,-23559.33854999997,-22691.91225000012
2026-01-30T14:14:22.000000,855.5696999998996,-23559.33854999997,-22703.76885000012
2026-01-30T14:15:02.000000,848.7056999998996,-23559.33854999997,-22710.632850000122
2026-01-30T14:24:57.000000,848.7056999998996,-23567.17054999997,-22718.46485000012
2026-01-30T14:27:12.000000,787.8863999998986,-23567.17054999997,-22779.28415000012
2026-01-30T14:27:17.000000,716.9361499998987,-23567.17054999997,-22850.23440000012
2026-01-30T14:27:22.000000,645.9858999998988,-23567.17054999997,-22921.184650000123
2026-01-30T14:27:42.000000,575.035649999899,-23567.17054999997,-22992.134900000125
2026-01-30T14:27:52.000000,511.08644999989895,-23567.17054999997,-23056.084100000124
2026-01-30T14:29:07.000000,447.1372499998989,-23567.17054999997,-23120.033300000123
2026-01-30T14:29:17.000000,383.19364999989887,-23567.17054999997,-23183.97690000012
2026-01-30T14:29:57.000000,319.2556499998988,-23567.17054999997,-23247.91490000012
2026-01-30T14:30:22.000000,262.3130999998986,-23567.17054999997,-23304.85745000012
2026-01-30T14:30:52.000000,262.3130999998986,-23575.00254999997,-23312.689450000118
2026-01-30T14:32:12.000000,254.3666999998986,-23575.00254999997,-23320.63585000012
2026-01-30T14:32:27.000000,246.4202999998986,-23575.00254999997,-23328.58225000012
2026-01-30T14:32:47.000000,245.4693499998997,-23575.00254999997,-23329.533200000118
2026-01-30T14:33:47.000000,233.66074999990047,-23575.00254999997,-23341.34180000012
2026-01-30T14:34:07.000000,217.85474999990063,-23575.00254999997,-23357.14780000012
2026-01-30T14:35:22.000000,217.85474999990063,-23594.08914999997,-23376.23440000012
2026-01-30T14:44:17.000000,230.04654999990092,-23594.08914999997,-23364.04260000012
2026-01-30T14:44:17.000000,246.2389499999004,-23594.08914999997,-23347.85020000012
2026-01-30T14:44:17.000000,262.4313499998999,-23594.08914999997,-23331.65780000012
2026-01-30T14:44:17.000000,278.6237499998994,-23594.08914999997,-23315.46540000012
2026-01-30T14:44:17.000000,294.8161499998989,-23594.08914999997,-23299.27300000012
2026-01-30T14:44:17.000000,315.009149999899,-23594.08914999997,-23279.08000000012
2026-01-30T14:45:02.000000,315.009149999899,-23595.173049999972,-23280.163900000123
2026-01-30T14:59:55.000000,307.069949999899,-23595.173049999972,-23288.103100000124
2026-01-30T14:59:55.000000,299.13074999989897,-23595.173049999972,-23296.042300000125
2026-01-30T14:59:55.000000,291.19154999989894,-23595.173049999972,-23303.981500000125
2026-01-30T14:59:55.000000,283.2523499998989,-23595.173049999972,-23311.920700000126
2026-01-30T14:59:55.000000,275.3131499998989,-23595.173049999972,-23319.859900000127
2026-01-30T14:59:55.000000,267.37394999989885,-23595.173049999972,-23327.799100000128
2026-01-30T14:59:55.000000,259.4347499998988,-23595.173049999972,-23335.73830000013
2026-01-30T14:59:55.000000,251.49554999989883,-23595.173049999972,-23343.67750000013
2026-01-30T14:59:55.000000,243.55634999989883,-23595.173049999972,-23351.61670000013
2026-01-30T14:59:55.000000,235.61714999989883,-23595.173049999972,-23359.55590000013
2026-01-30T14:59:55.000000,227.67794999989883,-23595.173049999972,-23367.49510000013
2026-01-30T14:59:55.000000,219.73874999989883,-23595.173049999972,-23375.43430000013
2026-01-30T14:59:55.000000,211.79954999989883,-23595.173049999972,-23383.373500000132
2026-01-30T14:59:55.000000,203.86034999989883,-23595.173049999972,-23391.312700000133
2026-01-30T14:59:55.000000,195.92114999989883,-23595.173049999972,-23399.251900000134
2026-01-30T14:59:55.000000,187.98194999989883,-23595.173049999972,-23407.191100000135
2026-01-30T14:59:55.000000,180.04274999989883,-23595.173049999972,-23415.130300000135
2026-01-30T14:59:55.000000,172.10354999989883,-23595.173049999972,-23423.069500000136
2026-01-30T14:59:55.000000,164.16434999989883,-23595.173049999972,-23431.008700000137
2026-01-30T14:59:55.000000,156.22514999989883,-23595.173049999972,-23438.947900000137
2026-01-30T14:59:55.000000,148.28594999989883,-23595.173049999972,-23446.887100000138
2026-01-30T14:59:55.000000,140.34674999989883,-23595.173049999972,-23454.82630000014
2026-01-30T14:59:55.000000,132.40754999989883,-23595.173049999972,-23462.76550000014
2026-01-30T14:59:55.000000,124.46834999989883,-23595.173049999972,-23470.70470000014
2026-01-30T14:59:55.000000,116.52914999989883,-23595.173049999972,-23478.64390000014
2026-01-30T14:59:55.000000,108.58994999989883,-23595.173049999972,-23486.58310000014
2026-01-30T14:59:55.000000,100.65074999989884,-23595.173049999972,-23494.522300000142
2026-01-30T14:59:55.000000,92.71154999989884,-23595.173049999972,-23502.461500000143
2026-01-30T14:59:55.000000,84.77234999989884,-23595.173049999972,-23510.400700000144
2026-01-30T14:59:55.000000,76.83314999989884,-23595.173049999972,-23518.339900000145
2026-01-30T14:59:55.000000,68.89394999989884,-23595.173049999972,-23526.279100000145
2026-01-30T14:59:55.000000,60.95474999989884,-23595.173049999972,-23534.218300000146
2026-01-30T14:59:55.000000,53.01554999989884,-23595.173049999972,-23542.157500000147
2026-01-30T14:59:55.000000,45.07634999989884,-23595.173049999972,-23550.096700000147
2026-01-30T14:59:55.000000,37.13714999989884,-23595.173049999972,-23558.035900000148
2026-01-30T14:59:55.000000,29.19794999989884,-23595.173049999972,-23565.97510000015
2026-01-30T14:59:55.000000,21.25874999989884,-23595.173049999972,-23573.91430000015
2026-01-30T14:59:55.000000,13.31954999989884,-23595.173049999972,-23581.85350000015
2026-01-30T14:59:55.000000,5.38034999989884,-23595.173049999972,-23589.79270000015
2026-01-30T14:59:55.000000,-2.5588500001011596,-23595.173049999972,-23597.73190000015
2026-01-30T14:59:55.000000,-10.49805000010116,-23595.173049999972,-23605.671100000152
2026-01-30T14:59:55.000000,-18.43725000010116,-23595.173049999972,-23613.610300000153
2026-01-30T14:59:55.000000,-26.37645000010116,-23595.173049999972,-23621.549500000154
2026-01-30T14:59:55.000000,-34.31565000010116,-23595.173049999972,-23629.488700000154
2026-01-30T14:59:55.000000,-42.25485000010116,-23595.173049999972,-23637.427900000155
2026-01-30T14:59:55.000000,-50.19405000010116,-23595.173049999972,-23645.367100000156
2026-01-30T14:59:55.000000,-58.13325000010116,-23595.173049999972,-23653.306300000157
2026-01-30T14:59:55.000000,-66.07245000010116,-23595.173049999972,-23661.245500000157
2026-01-30T14:59:55.000000,-74.01165000010116,-23595.173049999972,-23669.184700000158
2026-01-30T14:59:55.000000,-81.95085000010116,-23595.173049999972,-23677.12390000016
2026-01-30T14:59:55.000000,-89.89005000010116,-23595.173049999972,-23685.06310000016
2026-01-30T14:59:55.000000,-97.82925000010115,-23595.173049999972,-23693.00230000016
2026-01-30T14:59:55.000000,-105.76845000010115,-23595.173049999972,-23700.94150000016
2026-01-30T14:59:55.000000,-113.70765000010115,-23595.173049999972,-23708.88070000016
2026-01-30T14:59:55.000000,-121.64685000010115,-23595.173049999972,-23716.819900000162
2026-01-30T14:59:55.000000,-129.58605000010115,-23595.173049999972,-23724.759100000163
2026-01-30T14:59:55.000000,-137.52525000010115,-23595.173049999972,-23732.698300000164
2026-01-30T14:59:55.000000,-145.46445000010115,-23595.173049999972,-23740.637500000164
2026-01-30T14:59:55.000000,-153.40365000010115,-23595.173049999972,-23748.576700000165
2026-01-30T14:59:55.000000,-161.34285000010115,-23595.173049999972,-23756.515900000166
2026-01-30T14:59:55.000000,-169.28205000010115,-23595.173049999972,-23764.455100000167
2026-01-30T14:59:55.000000,-177.22125000010115,-23595.173049999972,-23772.394300000167
2026-01-30T14:59:55.000000,-185.16045000010115,-23595.173049999972,-23780.333500000168
2026-01-30T14:59:55.000000,-193.09965000010115,-23595.173049999972,-23788.27270000017
2026-01-30T14:59:55.000000,-201.03885000010115,-23595.173049999972,-23796.21190000017
2026-01-30T14:59:55.000000,-208.97805000010115,-23595.173049999972,-23804.15110000017
2026-01-30T14:59:55.000000,-216.91725000010115,-23595.173049999972,-23812.09030000017
2026-01-30T14:59:55.000000,-224.85645000010115,-23595.173049999972,-23820.02950000017
2026-01-30T14:59:55.000000,-232.79565000010115,-23595.173049999972,-23827.968700000172
2026-01-30T14:59:55.000000,-240.73485000010115,-23595.173049999972,-23835.907900000173
2026-01-30T14:59:55.000000,-248.67405000010115,-23595.173049999972,-23843.847100000174
2026-01-30T14:59:55.000000,-256.6132500001012,-23595.173049999972,-23851.786300000174
2026-01-30T14:59:55.000000,-264.5524500001012,-23595.173049999972,-23859.725500000175
2026-01-30T14:59:55.000000,-272.49165000010123,-23595.173049999972,-23867.664700000176
2026-01-30T14:59:55.000000,-280.43085000010126,-23595.173049999972,-23875.603900000177
2026-01-30T14:59:55.000000,-288.3700500001013,-23595.173049999972,-23883.543100000177
2026-01-30T14:59:55.000000,-296.3092500001013,-23595.173049999972,-23891.482300000178
2026-01-30T14:59:55.000000,-304.24845000010134,-23595.173049999972,-23899.42150000018
2026-01-30T14:59:55.000000,-312.18765000010137,-23595.173049999972,-23907.36070000018
2026-01-30T14:59:55.000000,-320.1268500001014,-23595.173049999972,-23915.29990000018
2026-01-30T14:59:55.000000,-328.0660500001014,-23595.173049999972,-23923.23910000018
2026-01-30T14:59:55.000000,-336.00525000010146,-23595.173049999972,-23931.17830000018
2026-01-30T14:59:55.000000,-343.9444500001015,-23595.173049999972,-23939.117500000182
2026-01-30T14:59:55.000000,-351.8836500001015,-23595.173049999972,-23947.056700000183
2026-01-30T14:59:55.000000,-359.82285000010154,-23595.173049999972,-23954.995900000184
2026-01-30T14:59:55.000000,-367.76205000010157,-23595.173049999972,-23962.935100000184
2026-01-30T14:59:55.000000,-375.7012500001016,-23595.173049999972,-23970.874300000185
2026-01-30T14:59:55.000000,-383.6404500001016,-23595.173049999972,-23978.813500000186
2026-01-30T14:59:55.000000,-391.57965000010165,-23595.173049999972,-23986.752700000186
2026-01-30T14:59:55.000000,-399.5188500001017,-23595.173049999972,-23994.691900000187
2026-01-30T14:59:55.000000,-407.4580500001017,-23595.173049999972,-24002.631100000188
2026-01-30T14:59:55.000000,-415.39725000010174,-23595.173049999972,-24010.57030000019
2026-01-30T14:59:55.000000,-423.33645000010176,-23595.173049999972,-24018.50950000019
2026-01-30T14:59:55.000000,-431.2756500001018,-23595.173049999972,-24026.44870000019
2026-01-30T14:59:55.000000,-439.2148500001018,-23595.173049999972,-24034.38790000019
2026-01-30T14:59:55.000000,-447.15405000010185,-23595.173049999972,-24042.32710000019
2026-01-30T14:59:55.000000,-467.0950500001016,-23595.173049999972,-24062.26810000019
2026-01-30T14:59:55.000000,-475.03425000010157,-23595.173049999972,-24070.20730000019
2026-01-30T14:59:55.000000,-482.9734500001016,-23595.173049999972,-24078.14650000019
2026-01-30T14:59:55.000000,-490.9126500001016,-23595.173049999972,-24086.085700000192
2026-01-30T14:59:55.000000,-498.85185000010165,-23595.173049999972,-24094.024900000193
2026-01-30T14:59:55.000000,-506.7910500001017,-23595.173049999972,-24101.964100000194
2026-01-30T14:59:55.000000,-514.7302500001017,-23595.173049999972,-24109.903300000195
2026-01-30T14:59:55.000000,-522.6694500001017,-23595.173049999972,-24117.842500000195
2026-01-30T14:59:55.000000,-530.6086500001018,-23595.173049999972,-24125.781700000196
2026-01-30T14:59:55.000000,-538.5478500001018,-23595.173049999972,-24133.720900000197
2026-01-30T14:59:55.000000,-546.4870500001018,-23595.173049999972,-24141.660100000197
2026-01-30T14:59:55.000000,-554.4262500001018,-23595.173049999972,-24149.599300000198
2026-01-30T14:59:55.000000,-562.3654500001019,-23595.173049999972,-24157.5385000002
2026-01-30T14:59:55.000000,-570.3046500001019,-23595.173049999972,-24165.4777000002
2026-01-30T14:59:55.000000,-578.2438500001019,-23595.173049999972,-24173.4169000002
2026-01-30T14:59:55.000000,-586.183050000102,-23595.173049999972,-24181.3561000002
2026-01-30T14:59:55.000000,-594.122250000102,-23595.173049999972,-24189.2953000002
2026-01-30T14:59:55.000000,-602.061450000102,-23595.173049999972,-24197.234500000202
2026-01-30T14:59:55.000000,-610.000650000102,-23595.173049999972,-24205.173700000203
2026-01-30T14:59:55.000000,-617.9398500001021,-23595.173049999972,-24213.112900000204
2026-01-30T14:59:55.000000,-625.8790500001021,-23595.173049999972,-24221.052100000205
2026-01-30T14:59:55.000000,-633.8182500001021,-23595.173049999972,-24228.991300000205
2026-01-30T14:59:55.000000,-641.7574500001022,-23595.173049999972,-24236.930500000206
2026-01-30T14:59:55.000000,-649.6966500001022,-23595.173049999972,-24244.869700000207
2026-01-30T14:59:55.000000,-657.6358500001022,-23595.173049999972,-24252.808900000207
2026-01-30T14:59:55.000000,-665.5750500001022,-23595.173049999972,-24260.748100000208
2026-01-30T14:59:55.000000,-673.5142500001023,-23595.173049999972,-24268.68730000021
2026-01-30T14:59:55.000000,-681.4534500001023,-23595.173049999972,-24276.62650000021
2026-01-30T14:59:55.000000,-689.3926500001023,-23595.173049999972,-24284.56570000021
2026-01-30T14:59:55.000000,-697.3318500001023,-23595.173049999972,-24292.50490000021
2026-01-30T14:59:55.000000,-705.2710500001024,-23595.173049999972,-24300.44410000021
2026-01-30T14:59:55.000000,-713.2102500001024,-23595.173049999972,-24308.383300000212
2026-01-30T14:59:55.000000,-721.1494500001024,-23595.173049999972,-24316.322500000213
2026-01-30T14:59:55.000000,-729.0886500001025,-23595.173049999972,-24324.261700000214
2026-01-30T14:59:55.000000,-737.0278500001025,-23595.173049999972,-24332.200900000214
2026-01-30T14:59:55.000000,-744.9670500001025,-23595.173049999972,-24340.140100000215
2026-01-30T14:59:55.000000,-752.9062500001025,-23595.173049999972,-24348.079300000216
2026-01-30T14:59:55.000000,-760.8454500001026,-23595.173049999972,-24356.018500000217
2026-01-30T14:59:55.000000,-768.7846500001026,-23595.173049999972,-24363.957700000217
2026-01-30T14:59:55.000000,-776.7238500001026,-23595.173049999972,-24371.896900000218
2026-01-30T14:59:55.000000,-784.6630500001027,-23595.173049999972,-24379.83610000022
2026-01-30T14:59:55.000000,-792.6022500001027,-23595.173049999972,-24387.77530000022
2026-01-30T14:59:55.000000,-800.5414500001027,-23595.173049999972,-24395.71450000022
2026-01-30T14:59:55.000000,-808.4806500001027,-23595.173049999972,-24403.65370000022
2026-01-30T14:59:55.000000,-816.4198500001028,-23595.173049999972,-24411.59290000022
2026-01-30T14:59:55.000000,-824.3590500001028,-23595.173049999972,-24419.532100000222
2026-01-30T14:59:55.000000,-832.2982500001028,-23595.173049999972,-24427.471300000223
2026-01-30T14:59:55.000000,-840.2374500001029,-23595.173049999972,-24435.410500000224
2026-01-30T14:59:55.000000,-848.1766500001029,-23595.173049999972,-24443.349700000224
2026-01-30T14:59:55.000000,-856.1158500001029,-23595.173049999972,-24451.288900000225
2026-01-30T14:59:55.000000,-864.0550500001029,-23595.173049999972,-24459.228100000226
2026-01-30T14:59:55.000000,-871.994250000103,-23595.173049999972,-24467.167300000227
2026-01-30T14:59:55.000000,-879.933450000103,-23595.173049999972,-24475.106500000227
2026-01-30T14:59:55.000000,-887.872650000103,-23595.173049999972,-24483.045700000228
2026-01-30T14:59:55.000000,-895.811850000103,-23595.173049999972,-24490.98490000023
2026-01-30T14:59:55.000000,-903.7510500001031,-23595.173049999972,-24498.92410000023
2026-01-30T14:59:55.000000,-911.6902500001031,-23595.173049999972,-24506.86330000023
2026-01-30T14:59:55.000000,-919.6294500001031,-23595.173049999972,-24514.80250000023
2026-01-30T14:59:55.000000,-927.5686500001032,-23595.173049999972,-24522.74170000023
2026-01-30T14:59:55.000000,-935.5078500001032,-23595.173049999972,-24530.680900000232
2026-01-30T14:59:55.000000,-943.4470500001032,-23595.173049999972,-24538.620100000233
2026-01-30T14:59:55.000000,-951.3862500001032,-23595.173049999972,-24546.559300000234
2026-01-30T14:59:55.000000,-959.3254500001033,-23595.173049999972,-24554.498500000234
2026-01-30T14:59:55.000000,-967.2646500001033,-23595.173049999972,-24562.437700000235
2026-01-30T14:59:55.000000,-975.2038500001033,-23595.173049999972,-24570.376900000236
2026-01-30T14:59:55.000000,-983.1430500001034,-23595.173049999972,-24578.316100000236
2026-01-30T14:59:55.000000,-991.0822500001034,-23595.173049999972,-24586.255300000237
2026-01-30T14:59:55.000000,-999.0214500001034,-23595.173049999972,-24594.194500000238
2026-01-30T14:59:55.000000,-1006.9606500001034,-23595.173049999972,-24602.13370000024
2026-01-30T14:59:55.000000,-1014.8998500001035,-23595.173049999972,-24610.07290000024
2026-01-30T14:59:55.000000,-1022.8390500001035,-23595.173049999972,-24618.01210000024
2026-01-30T14:59:55.000000,-1030.7782500001035,-23595.173049999972,-24625.95130000024
2026-01-30T14:59:55.000000,-1038.7174500001036,-23595.173049999972,-24633.89050000024
2026-01-30T14:59:55.000000,-1046.6566500001036,-23595.173049999972,-24641.829700000242
2026-01-30T14:59:55.000000,-1054.5958500001036,-23595.173049999972,-24649.768900000243
2026-01-30T14:59:55.000000,-1062.5350500001036,-23595.173049999972,-24657.708100000244
2026-01-30T14:59:55.000000,-1070.4742500001037,-23595.173049999972,-24665.647300000244
2026-01-30T14:59:55.000000,-1078.4134500001037,-23595.173049999972,-24673.586500000245
2026-01-30T14:59:55.000000,-1086.3526500001037,-23595.173049999972,-24681.525700000246
2026-01-30T14:59:55.000000,-1094.2918500001038,-23595.173049999972,-24689.464900000246
2026-01-30T14:59:55.000000,-1102.2310500001038,-23595.173049999972,-24697.404100000247
2026-01-30T14:59:55.000000,-1110.1702500001038,-23595.173049999972,-24705.343300000248
2026-01-30T14:59:55.000000,-1118.1094500001038,-23595.173049999972,-24713.28250000025
2026-01-30T14:59:55.000000,-1126.0486500001039,-23595.173049999972,-24721.22170000025
2026-01-30T14:59:55.000000,-1133.987850000104,-23595.173049999972,-24729.16090000025
2026-01-30T14:59:55.000000,-1141.927050000104,-23595.173049999972,-24737.10010000025
2026-01-30T14:59:55.000000,-1149.866250000104,-23595.173049999972,-24745.03930000025
2026-01-30T14:59:55.000000,-1157.805450000104,-23595.173049999972,-24752.978500000252
2026-01-30T14:59:55.000000,-1165.744650000104,-23595.173049999972,-24760.917700000253
2026-01-30T14:59:55.000000,-1173.683850000104,-23595.173049999972,-24768.856900000254
2026-01-30T14:59:55.000000,-1181.623050000104,-23595.173049999972,-24776.796100000254
2026-01-30T14:59:55.000000,-1189.562250000104,-23595.173049999972,-24784.735300000255
2026-01-30T14:59:55.000000,-1197.5014500001041,-23595.173049999972,-24792.674500000256
2026-01-30T14:59:55.000000,-1205.4406500001041,-23595.173049999972,-24800.613700000256
2026-01-30T14:59:55.000000,-1213.3798500001042,-23595.173049999972,-24808.552900000257
2026-01-30T14:59:55.000000,-1221.3190500001042,-23595.173049999972,-24816.492100000258
2026-01-30T14:59:55.000000,-1229.2582500001042,-23595.173049999972,-24824.43130000026
2026-01-30T14:59:55.000000,-1237.1974500001043,-23595.173049999972,-24832.37050000026
2026-01-30T14:59:55.000000,-1245.1366500001043,-23595.173049999972,-24840.30970000026
2026-01-30T14:59:55.000000,-1253.0758500001043,-23595.173049999972,-24848.24890000026
2026-01-30T14:59:55.000000,-1261.0150500001043,-23595.173049999972,-24856.18810000026
2026-01-30T14:59:55.000000,-1268.9542500001044,-23595.173049999972,-24864.127300000262
2026-01-30T14:59:55.000000,-1276.8934500001044,-23595.173049999972,-24872.066500000263
2026-01-30T14:59:55.000000,-1284.8326500001044,-23595.173049999972,-24880.005700000263
2026-01-30T14:59:55.000000,-1292.7718500001045,-23595.173049999972,-24887.944900000264
2026-01-30T14:59:55.000000,-1300.7110500001045,-23595.173049999972,-24895.884100000265
2026-01-30T14:59:55.000000,-1308.6502500001045,-23595.173049999972,-24903.823300000266
2026-01-30T14:59:55.000000,-1316.5894500001045,-23595.173049999972,-24911.762500000266
2026-01-30T14:59:55.000000,-1324.5286500001046,-23595.173049999972,-24919.701700000267
2026-01-30T14:59:55.000000,-1332.4678500001046,-23595.173049999972,-24927.640900000268
2026-01-30T14:59:55.000000,-1340.4070500001046,-23595.173049999972,-24935.58010000027
2026-01-30T14:59:55.000000,-1348.3462500001046,-23595.173049999972,-24943.51930000027
2026-01-30T14:59:55.000000,-1356.2854500001047,-23595.173049999972,-24951.45850000027
2026-01-30T14:59:55.000000,-1364.2246500001047,-23595.173049999972,-24959.39770000027
2026-01-30T14:59:55.000000,-1372.1638500001047,-23595.173049999972,-24967.33690000027
2026-01-30T14:59:55.000000,-1380.1030500001048,-23595.173049999972,-24975.276100000272
2026-01-30T14:59:55.000000,-1388.0422500001048,-23595.173049999972,-24983.215300000273
2026-01-30T14:59:55.000000,-1395.9814500001048,-23595.173049999972,-24991.154500000273
2026-01-30T14:59:55.000000,-1403.9206500001048,-23595.173049999972,-24999.093700000274
2026-01-30T14:59:55.000000,-1411.8598500001049,-23595.173049999972,-25007.032900000275
2026-01-30T14:59:55.000000,-1419.799050000105,-23595.173049999972,-25014.972100000276
2026-01-30T14:59:55.000000,-1427.738250000105,-23595.173049999972,-25022.911300000276
2026-01-30T14:59:55.000000,-1435.677450000105,-23595.173049999972,-25030.850500000277
2026-01-30T14:59:55.000000,-1443.616650000105,-23595.173049999972,-25038.789700000278
2026-01-30T14:59:55.000000,-1451.555850000105,-23595.173049999972,-25046.72890000028
2026-01-30T14:59:55.000000,-1459.495050000105,-23595.173049999972,-25054.66810000028
2026-01-30T14:59:55.000000,-1467.434250000105,-23595.173049999972,-25062.60730000028
2026-01-30T14:59:55.000000,-1475.373450000105,-23595.173049999972,-25070.54650000028
2026-01-30T14:59:55.000000,-1483.3126500001051,-23595.173049999972,-25078.48570000028
2026-01-30T14:59:55.000000,-1491.2518500001052,-23595.173049999972,-25086.424900000282
2026-01-30T14:59:55.000000,-1499.1910500001052,-23595.173049999972,-25094.364100000283
2026-01-30T14:59:55.000000,-1507.1302500001052,-23595.173049999972,-25102.303300000283
2026-01-30T14:59:55.000000,-1515.0694500001052,-23595.173049999972,-25110.242500000284
2026-01-30T14:59:55.000000,-1523.0086500001053,-23595.173049999972,-25118.181700000285
2026-01-30T14:59:55.000000,-1530.9478500001053,-23595.173049999972,-25126.120900000285
2026-01-30T14:59:55.000000,-1538.8870500001053,-23595.173049999972,-25134.060100000286
2026-01-30T14:59:55.000000,-1546.8262500001053,-23595.173049999972,-25141.999300000287
2026-01-30T14:59:55.000000,-1554.7654500001054,-23595.173049999972,-25149.938500000288
2026-01-30T14:59:55.000000,-1562.7046500001054,-23595.173049999972,-25157.87770000029
2026-01-30T14:59:55.000000,-1570.6438500001054,-23595.173049999972,-25165.81690000029
2026-01-30T14:59:55.000000,-1578.5830500001055,-23595.173049999972,-25173.75610000029
2026-01-30T14:59:55.000000,-1586.5222500001055,-23595.173049999972,-25181.69530000029
2026-01-30T14:59:55.000000,-1594.4614500001055,-23595.173049999972,-25189.63450000029
2026-01-30T14:59:55.000000,-1602.4006500001055,-23595.173049999972,-25197.573700000292
2026-01-30T14:59:55.000000,-1610.3398500001056,-23595.173049999972,-25205.512900000293
2026-01-30T14:59:55.000000,-1618.2790500001056,-23595.173049999972,-25213.452100000293
2026-01-30T14:59:55.000000,-1626.2182500001056,-23595.173049999972,-25221.391300000294
2026-01-30T14:59:55.000000,-1634.1574500001057,-23595.173049999972,-25229.330500000295
2026-01-30T14:59:55.000000,-1642.0966500001057,-23595.173049999972,-25237.269700000295
2026-01-30T14:59:55.000000,-1650.0358500001057,-23595.173049999972,-25245.208900000296
2026-01-30T14:59:55.000000,-1657.9750500001057,-23595.173049999972,-25253.148100000297
2026-01-30T14:59:55.000000,-1665.9142500001058,-23595.173049999972,-25261.087300000298
2026-01-30T14:59:55.000000,-1673.8534500001058,-23595.173049999972,-25269.0265000003
2026-01-30T14:59:55.000000,-1681.7926500001058,-23595.173049999972,-25276.9657000003
2026-01-30T14:59:55.000000,-1689.7318500001059,-23595.173049999972,-25284.9049000003
2026-01-30T14:59:55.000000,-1697.6710500001059,-23595.173049999972,-25292.8441000003
2026-01-30T14:59:55.000000,-1705.610250000106,-23595.173049999972,-25300.7833000003
2026-01-30T14:59:55.000000,-1713.549450000106,-23595.173049999972,-25308.7225000003
2026-01-30T14:59:55.000000,-1721.488650000106,-23595.173049999972,-25316.661700000303
2026-01-30T14:59:55.000000,-1729.427850000106,-23595.173049999972,-25324.600900000303
2026-01-30T14:59:55.000000,-1737.367050000106,-23595.173049999972,-25332.540100000304
2026-01-30T14:59:55.000000,-1745.306250000106,-23595.173049999972,-25340.479300000305
2026-01-30T14:59:55.000000,-1753.245450000106,-23595.173049999972,-25348.418500000305
2026-01-30T14:59:55.000000,-1761.184650000106,-23595.173049999972,-25356.357700000306
2026-01-30T14:59:55.000000,-1769.1238500001061,-23595.173049999972,-25364.296900000307
2026-01-30T14:59:55.000000,-1777.0630500001062,-23595.173049999972,-25372.236100000307
2026-01-30T14:59:55.000000,-1785.0022500001062,-23595.173049999972,-25380.17530000031
2026-01-30T14:59:55.000000,-1792.9414500001062,-23595.173049999972,-25388.11450000031
2026-01-30T14:59:55.000000,-1800.8806500001062,-23595.173049999972,-25396.05370000031
2026-01-30T14:59:55.000000,-1808.8198500001063,-23595.173049999972,-25403.99290000031
2026-01-30T14:59:55.000000,-1816.7590500001063,-23595.173049999972,-25411.93210000031
2026-01-30T14:59:55.000000,-1824.6982500001063,-23595.173049999972,-25419.87130000031
2026-01-30T14:59:55.000000,-1832.6374500001064,-23595.173049999972,-25427.810500000312
2026-01-30T14:59:55.000000,-1840.5766500001064,-23595.173049999972,-25435.749700000313
2026-01-30T14:59:55.000000,-1848.5158500001064,-23595.173049999972,-25443.688900000314
2026-01-30T14:59:55.000000,-1856.4550500001064,-23595.173049999972,-25451.628100000315
2026-01-30T14:59:55.000000,-1864.3942500001065,-23595.173049999972,-25459.567300000315
2026-01-30T14:59:55.000000,-1872.3334500001065,-23595.173049999972,-25467.506500000316
2026-01-30T14:59:55.000000,-1880.2726500001065,-23595.173049999972,-25475.445700000317
2026-01-30T14:59:55.000000,-1888.2118500001066,-23595.173049999972,-25483.384900000317
2026-01-30T14:59:55.000000,-1896.1510500001066,-23595.173049999972,-25491.324100000318
2026-01-30T14:59:55.000000,-1904.0902500001066,-23595.173049999972,-25499.26330000032
2026-01-30T14:59:55.000000,-1912.0294500001066,-23595.173049999972,-25507.20250000032
2026-01-30T14:59:55.000000,-1919.9686500001067,-23595.173049999972,-25515.14170000032
2026-01-30T14:59:55.000000,-1927.9078500001067,-23595.173049999972,-25523.08090000032
2026-01-30T14:59:55.000000,-1935.8470500001067,-23595.173049999972,-25531.02010000032
2026-01-30T14:59:55.000000,-1943.7862500001067,-23595.173049999972,-25538.959300000322
2026-01-30T14:59:55.000000,-1951.7254500001068,-23595.173049999972,-25546.898500000323
2026-01-30T14:59:55.000000,-1959.6646500001068,-23595.173049999972,-25554.837700000324
2026-01-30T14:59:55.000000,-1967.6038500001068,-23595.173049999972,-25562.776900000325
2026-01-30T14:59:55.000000,-1975.5430500001069,-23595.173049999972,-25570.716100000325
2026-01-30T14:59:55.000000,-1983.482250000107,-23595.173049999972,-25578.655300000326
2026-01-30T14:59:55.000000,-1991.421450000107,-23595.173049999972,-25586.594500000327
2026-01-30T14:59:55.000000,-1999.360650000107,-23595.173049999972,-25594.533700000327
2026-01-30T14:59:55.000000,-2007.299850000107,-23595.173049999972,-25602.472900000328
2026-01-30T14:59:55.000000,-2015.239050000107,-23595.173049999972,-25610.41210000033
2026-01-30T14:59:55.000000,-2023.178250000107,-23595.173049999972,-25618.35130000033
2026-01-30T14:59:55.000000,-2031.117450000107,-23595.173049999972,-25626.29050000033
2026-01-30T14:59:55.000000,-2039.056650000107,-23595.173049999972,-25634.22970000033
2026-01-30T14:59:55.000000,-2046.995850000107,-23595.173049999972,-25642.16890000033
2026-01-30T14:59:55.000000,-2054.935050000107,-23595.173049999972,-25650.108100000332
2026-01-30T14:59:55.000000,-2062.8742500001067,-23595.173049999972,-25658.047300000333
2026-01-30T14:59:55.000000,-2070.8134500001065,-23595.173049999972,-25665.986500000334
2026-01-30T14:59:55.000000,-2078.7526500001063,-23595.173049999972,-25673.925700000334
2026-01-30T14:59:55.000000,-2086.691850000106,-23595.173049999972,-25681.864900000335
2026-01-30T14:59:55.000000,-2094.631050000106,-23595.173049999972,-25689.804100000336
2026-01-30T14:59:55.000000,-2102.5702500001057,-23595.173049999972,-25697.743300000337
2026-01-30T14:59:55.000000,-2110.5094500001055,-23595.173049999972,-25705.682500000337
2026-01-30T14:59:55.000000,-2118.4486500001053,-23595.173049999972,-25713.621700000338
2026-01-30T14:59:55.000000,-2126.387850000105,-23595.173049999972,-25721.56090000034
2026-01-30T15:00:00.000000,-2134.0214500001052,-23595.173049999972,-25729.19450000034
2026-01-30T15:00:00.000000,-2141.6550500001053,-23595.173049999972,-25736.82810000034
2026-01-30T15:00:00.000000,-2149.2886500001055,-23595.173049999972,-25744.46170000034
2026-01-30T15:00:00.000000,-2156.9222500001056,-23595.173049999972,-25752.095300000343
2026-01-30T15:00:00.000000,-2164.5558500001057,-23595.173049999972,-25759.728900000344
2026-01-30T15:00:00.000000,-2172.189450000106,-23595.173049999972,-25767.362500000345
2026-01-30T15:00:00.000000,-2179.823050000106,-23595.173049999972,-25774.996100000346
2026-01-30T15:00:00.000000,-2187.456650000106,-23595.173049999972,-25782.629700000347
2026-01-30T15:00:00.000000,-2195.090250000106,-23595.173049999972,-25790.263300000348
2026-01-30T15:00:00.000000,-2202.7238500001063,-23595.173049999972,-25797.89690000035
2026-01-30T15:00:00.000000,-2210.3574500001064,-23595.173049999972,-25805.53050000035
2026-01-30T15:00:00.000000,-2217.9910500001065,-23595.173049999972,-25813.16410000035
2026-01-30T15:00:00.000000,-2225.6246500001066,-23595.173049999972,-25820.797700000352
2026-01-30T15:00:00.000000,-2233.2582500001067,-23595.173049999972,-25828.431300000353
2026-01-30T15:00:00.000000,-2240.891850000107,-23595.173049999972,-25836.064900000354
2026-01-30T15:00:00.000000,-2248.525450000107,-23595.173049999972,-25843.698500000355
2026-01-30T15:00:00.000000,-2256.159050000107,-23595.173049999972,-25851.332100000356
2026-01-30T15:00:00.000000,-2263.792650000107,-23595.173049999972,-25858.965700000357
2026-01-30T15:00:00.000000,-2271.4262500001073,-23595.173049999972,-25866.59930000036
2026-01-30T15:00:00.000000,-2279.0598500001074,-23595.173049999972,-25874.23290000036
2026-01-30T15:00:00.000000,-2286.6934500001075,-23595.173049999972,-25881.86650000036
2026-01-30T15:00:00.000000,-2294.3270500001076,-23595.173049999972,-25889.50010000036
2026-01-30T15:00:00.000000,-2301.9606500001078,-23595.173049999972,-25897.133700000362
2026-01-30T15:00:00.000000,-2309.594250000108,-23595.173049999972,-25904.767300000363
2026-01-30T15:00:00.000000,-2317.227850000108,-23595.173049999972,-25912.400900000364
2026-01-30T15:00:00.000000,-2324.861450000108,-23595.173049999972,-25920.034500000365
2026-01-30T15:00:00.000000,-2332.495050000108,-23595.173049999972,-25927.668100000366
2026-01-30T15:00:00.000000,-2340.1286500001083,-23595.173049999972,-25935.301700000367
2026-01-30T15:00:00.000000,-2347.7622500001085,-23595.173049999972,-25942.93530000037
2026-01-30T15:00:00.000000,-2355.3958500001086,-23595.173049999972,-25950.56890000037
2026-01-30T15:00:00.000000,-2363.0294500001087,-23595.173049999972,-25958.20250000037
2026-01-30T15:00:00.000000,-2370.663050000109,-23595.173049999972,-25965.83610000037
2026-01-30T15:00:00.000000,-2378.296650000109,-23595.173049999972,-25973.469700000373
2026-01-30T15:00:00.000000,-2385.930250000109,-23595.173049999972,-25981.103300000374
2026-01-30T15:00:00.000000,-2393.563850000109,-23595.173049999972,-25988.736900000375
2026-01-30T15:00:00.000000,-2401.1974500001093,-23595.173049999972,-25996.370500000376
2026-01-30T15:00:00.000000,-2408.8310500001094,-23595.173049999972,-26004.004100000377
2026-01-30T15:00:00.000000,-2416.4646500001095,-23595.173049999972,-26011.637700000378
2026-01-30T15:00:00.000000,-2424.0982500001096,-23595.173049999972,-26019.27130000038
2026-01-30T15:00:00.000000,-2431.7318500001097,-23595.173049999972,-26026.90490000038
2026-01-30T15:00:00.000000,-2439.36545000011,-23595.173049999972,-26034.53850000038
2026-01-30T15:00:00.000000,-2446.99905000011,-23595.173049999972,-26042.17210000038
2026-01-30T15:00:00.000000,-2454.63265000011,-23595.173049999972,-26049.805700000383
2026-01-30T15:00:00.000000,-2462.26625000011,-23595.173049999972,-26057.439300000384
2026-01-30T15:00:00.000000,-2469.8998500001103,-23595.173049999972,-26065.072900000385
2026-01-30T15:00:00.000000,-2477.5334500001104,-23595.173049999972,-26072.706500000386
2026-01-30T15:00:00.000000,-2485.1670500001105,-23595.173049999972,-26080.340100000387
2026-01-30T15:00:00.000000,-2492.8006500001106,-23595.173049999972,-26087.973700000388
2026-01-30T15:00:00.000000,-2500.4342500001108,-23595.173049999972,-26095.60730000039
2026-01-30T15:00:00.000000,-2508.067850000111,-23595.173049999972,-26103.24090000039
2026-01-30T15:00:00.000000,-2515.701450000111,-23595.173049999972,-26110.87450000039
2026-01-30T15:00:00.000000,-2523.335050000111,-23595.173049999972,-26118.508100000392
2026-01-30T15:00:00.000000,-2530.968650000111,-23595.173049999972,-26126.141700000393
2026-01-30T15:00:00.000000,-2538.6022500001113,-23595.173049999972,-26133.775300000394
2026-01-30T15:00:00.000000,-2546.2358500001114,-23595.173049999972,-26141.408900000395
2026-01-30T15:00:00.000000,-2553.8694500001116,-23595.173049999972,-26149.042500000396
2026-01-30T15:00:00.000000,-2561.5030500001117,-23595.173049999972,-26156.676100000397
2026-01-30T15:00:00.000000,-2569.136650000112,-23595.173049999972,-26164.309700000398
2026-01-30T15:00:00.000000,-2576.770250000112,-23595.173049999972,-26171.9433000004
2026-01-30T15:00:00.000000,-2584.403850000112,-23595.173049999972,-26179.5769000004
2026-01-30T15:00:00.000000,-2592.037450000112,-23595.173049999972,-26187.2105000004
2026-01-30T15:00:00.000000,-2599.6710500001122,-23595.173049999972,-26194.844100000402
2026-01-30T15:00:00.000000,-2607.3046500001124,-23595.173049999972,-26202.477700000403
2026-01-30T15:00:00.000000,-2614.9382500001125,-23595.173049999972,-26210.111300000404
2026-01-30T15:00:00.000000,-2622.5718500001126,-23595.173049999972,-26217.744900000405
2026-01-30T15:00:00.000000,-2630.2054500001127,-23595.173049999972,-26225.378500000406
2026-01-30T15:00:00.000000,-2637.839050000113,-23595.173049999972,-26233.012100000407
2026-01-30T15:00:00.000000,-2645.472650000113,-23595.173049999972,-26240.64570000041
2026-01-30T15:00:00.000000,-2653.106250000113,-23595.173049999972,-26248.27930000041
2026-01-30T15:00:00.000000,-2660.739850000113,-23595.173049999972,-26255.91290000041
2026-01-30T15:00:00.000000,-2668.3734500001133,-23595.173049999972,-26263.54650000041
2026-01-30T15:00:00.000000,-2676.0070500001134,-23595.173049999972,-26271.180100000412
2026-01-30T15:00:00.000000,-2683.6406500001135,-23595.173049999972,-26278.813700000414
2026-01-30T15:00:00.000000,-2691.2742500001136,-23595.173049999972,-26286.447300000415
2026-01-30T15:00:00.000000,-2698.9078500001137,-23595.173049999972,-26294.080900000416
2026-01-30T15:00:00.000000,-2706.541450000114,-23595.173049999972,-26301.714500000417
2026-01-30T15:00:00.000000,-2714.175050000114,-23595.173049999972,-26309.348100000418
2026-01-30T15:00:00.000000,-2721.808650000114,-23595.173049999972,-26316.98170000042
2026-01-30T15:00:00.000000,-2729.442250000114,-23595.173049999972,-26324.61530000042
2026-01-30T15:00:00.000000,-2737.0758500001143,-23595.173049999972,-26332.24890000042
2026-01-30T15:00:00.000000,-2744.7094500001144,-23595.173049999972,-26339.88250000042
2026-01-30T15:00:00.000000,-2752.3430500001145,-23595.173049999972,-26347.516100000423
2026-01-30T15:00:00.000000,-2759.9766500001147,-23595.173049999972,-26355.149700000424
2026-01-30T15:00:00.000000,-2767.610250000115,-23595.173049999972,-26362.783300000425
2026-01-30T15:00:00.000000,-2775.243850000115,-23595.173049999972,-26370.416900000426
2026-01-30T15:00:00.000000,-2782.877450000115,-23595.173049999972,-26378.050500000427
2026-01-30T15:00:00.000000,-2790.511050000115,-23595.173049999972,-26385.684100000428
2026-01-30T15:00:00.000000,-2798.1446500001152,-23595.173049999972,-26393.31770000043
2026-01-30T15:00:00.000000,-2805.7782500001153,-23595.173049999972,-26400.95130000043
2026-01-30T15:00:00.000000,-2813.4118500001155,-23595.173049999972,-26408.58490000043
2026-01-30T15:00:00.000000,-2821.0454500001156,-23595.173049999972,-26416.218500000432
2026-01-30T15:00:00.000000,-2828.6790500001157,-23595.173049999972,-26423.852100000433
2026-01-30T15:00:00.000000,-2836.312650000116,-23595.173049999972,-26431.485700000434
2026-01-30T15:00:00.000000,-2843.946250000116,-23595.173049999972,-26439.119300000435
2026-01-30T15:00:00.000000,-2851.579850000116,-23595.173049999972,-26446.752900000436
2026-01-30T15:00:00.000000,-2859.213450000116,-23595.173049999972,-26454.386500000437
2026-01-30T15:00:00.000000,-2866.8470500001163,-23595.173049999972,-26462.020100000438
2026-01-30T15:00:00.000000,-2874.4806500001164,-23595.173049999972,-26469.65370000044
2026-01-30T15:00:00.000000,-2882.1142500001165,-23595.173049999972,-26477.28730000044
2026-01-30T15:00:00.000000,-2889.7478500001166,-23595.173049999972,-26484.92090000044
2026-01-30T15:00:00.000000,-2897.3814500001167,-23595.173049999972,-26492.554500000442
2026-01-30T15:00:00.000000,-2905.294250000117,-23595.173049999972,-26500.46730000044
2026-01-30T15:00:00.000000,-2913.207050000117,-23595.173049999972,-26508.38010000044
2026-01-30T15:00:00.000000,-2921.119850000117,-23595.173049999972,-26516.292900000437
2026-02-03T09:54:52.000000,-2928.118250000117,-23595.173049999972,-26523.291300000437
2026-02-03T10:35:47.000000,-2990.448100000118,-23595.173049999972,-26585.62115000044
2026-02-03T10:35:57.000000,-3052.777950000119,-23595.173049999972,-26647.95100000044
2026-02-03T10:37:37.000000,-3144.5857500001193,-23595.173049999972,-26739.758800000443
2026-02-03T10:40:17.000000,-3143.0133500001193,-23595.173049999972,-26738.186400000443
2026-02-03T10:40:32.000000,-3101.457350000119,-23595.173049999972,-26696.630400000442
2026-02-03T10:40:47.000000,-3051.9001500001186,-23595.173049999972,-26647.073200000443
2026-02-03T10:40:57.000000,-2998.342350000119,-23595.173049999972,-26593.515400000444
2026-02-03T10:41:02.000000,-2948.785150000119,-23595.173049999972,-26543.958200000445
2026-02-03T10:41:07.000000,-2956.591550000119,-23595.173049999972,-26551.764600000446
2026-02-03T10:41:12.000000,-2907.0311500001185,-23595.173049999972,-26502.204200000448
2026-02-03T10:41:17.000000,-2861.4713500001176,-23595.173049999972,-26456.644400000445
2026-02-03T10:41:22.000000,-2815.9115500001167,-23595.173049999972,-26411.084600000442
2026-02-03T10:41:27.000000,-2778.346550000117,-23595.173049999972,-26373.519600000443
2026-02-03T10:41:42.000000,-2760.781350000116,-23595.173049999972,-26355.954400000443
2026-02-03T10:43:12.000000,-2810.5828500001167,-23595.173049999972,-26405.755900000444
2026-02-03T10:48:22.000000,-2840.9736500001163,-23595.173049999972,-26436.146700000445
2026-02-03T10:52:12.000000,-2816.5720500001157,-23595.173049999972,-26411.745100000444
2026-02-03T10:53:07.000000,-2824.300050000116,-23595.173049999972,-26419.473100000443
2026-02-03T10:53:37.000000,-2874.034350000115,-23595.173049999972,-26469.207400000443
2026-02-03T10:53:52.000000,-2881.784750000115,-23595.173049999972,-26476.957800000444
2026-02-03T10:55:12.000000,-2889.557550000115,-23595.173049999972,-26484.730600000443
2026-02-03T11:01:07.000000,-2889.557550000115,-23588.977349999972,-26478.534900000443
2026-02-03T13:07:12.000000,-2889.557550000115,-23652.904149999973,-26542.461700000444
2026-02-03T13:11:22.000000,-2889.557550000115,-23632.840749999974,-26522.398300000445
2026-02-03T13:11:52.000000,-2889.557550000115,-23570.804649999973,-26460.362200000443
2026-02-03T13:11:57.000000,-2889.557550000115,-23508.76854999997,-26398.326100000442
2026-02-03T13:22:37.000000,-2889.557550000115,-23502.684849999972,-26392.242400000443
2026-02-03T13:22:57.000000,-2889.557550000115,-23496.601149999973,-26386.158700000444
2026-02-03T13:53:12.000000,-2889.557550000115,-23560.348749999972,-26449.906300000443
2026-02-03T13:55:32.000000,-2889.557550000115,-23606.852999999974,-26496.410550000444
2026-02-03T13:55:47.000000,-2889.557550000115,-23653.357249999975,-26542.914800000446
2026-02-03T14:19:02.000000,-2887.5320500001153,-23653.357249999975,-26540.889300000446
2026-02-03T14:19:07.000000,-2890.5033000001163,-23653.357249999975,-26543.86055000045
2026-02-03T14:19:12.000000,-2913.477550000117,-23653.357249999975,-26566.834800000448
2026-02-03T14:19:17.000000,-2936.4518000001176,-23653.357249999975,-26589.809050000447
2026-02-03T14:19:22.000000,-2969.4235500001164,-23653.357249999975,-26622.780800000444
2026-02-03T14:21:07.000000,-2969.4235500001164,-23744.929849999975,-26714.353400000444
2026-02-03T14:21:57.000000,-2969.4235500001164,-23808.520649999977,-26777.944200000446
2026-02-03T14:22:17.000000,-2969.4235500001164,-23872.11144999998,-26841.535000000447
2026-02-03T14:22:27.000000,-2969.4235500001164,-23935.70224999998,-26905.12580000045
2026-02-03T14:23:37.000000,-2969.4235500001164,-23985.30214999998,-26954.72570000045
2026-02-03T14:33:02.000000,-2969.4235500001164,-24136.32119999998,-27105.74475000045
2026-02-03T14:34:52.000000,-2969.4235500001164,-23855.89079999998,-26825.314350000448
2026-02-03T14:35:17.000000,-2969.4235500001164,-23743.40879999998,-26712.832350000448
2026-02-04T09:54:52.000000,-2907.1170500001163,-23743.40879999998,-26650.52585000045
2026-02-04T09:54:57.000000,-2844.8065500001157,-23743.40879999998,-26588.21535000045
2026-02-04T09:55:02.000000,-2787.4928000001146,-23743.40879999998,-26530.90160000045
2026-02-04T09:55:22.000000,-2750.1700500001148,-23743.40879999998,-26493.57885000045
2026-02-04T09:55:27.000000,-2722.8448000001144,-23743.40879999998,-26466.253600000447
2026-02-04T10:11:07.000000,-2722.8448000001144,-23774.91959999998,-26497.764400000447
2026-02-04T10:14:12.000000,-2722.8448000001144,-23872.673099999978,-26595.517900000446
2026-02-04T10:14:32.000000,-2722.8448000001144,-23975.415349999977,-26698.260150000446
2026-02-04T10:22:42.000000,-2722.8448000001144,-24039.129349999977,-26761.974150000446
2026-02-04T10:39:57.000000,-2717.7884500001137,-24039.129349999977,-26756.917800000443
2026-02-04T10:58:57.000000,-2711.402350000114,-24039.129349999977,-26750.531700000443
2026-02-04T10:59:17.000000,-2705.0162500001143,-24039.129349999977,-26744.145600000444
2026-02-04T11:23:22.000000,-2712.8994500001145,-24039.129349999977,-26752.028800000444
2026-02-04T11:23:42.000000,-2720.7826500001147,-24039.129349999977,-26759.912000000444
2026-02-04T11:24:17.000000,-2715.674300000115,-24039.129349999977,-26754.803650000445
2026-02-04T11:24:22.000000,-2723.5575000001154,-24039.129349999977,-26762.686850000446
2026-02-04T13:02:37.000000,-2723.5575000001154,-24125.065849999977,-26848.623350000445
2026-02-04T13:03:32.000000,-2723.5575000001154,-24224.00429999998,-26947.561800000447
2026-02-04T13:04:12.000000,-2723.5575000001154,-24348.936249999977,-27072.493750000445
2026-02-04T13:04:37.000000,-2723.5575000001154,-24486.859749999978,-27210.417250000446
2026-02-04T13:08:07.000000,-2723.5575000001154,-24403.812499999978,-27127.370000000446
2026-02-04T13:08:17.000000,-2723.5575000001154,-24307.77369999998,-27031.331200000448
2026-02-04T13:08:42.000000,-2723.5575000001154,-24185.75179999998,-26909.30930000045
2026-02-04T13:10:07.000000,-2723.5575000001154,-24206.77629999998,-26930.333800000448
2026-02-04T13:11:07.000000,-2723.5575000001154,-24169.42954999998,-26892.987050000447
2026-02-04T13:11:52.000000,-2723.5575000001154,-24137.08754999998,-26860.645050000447
2026-02-04T13:22:22.000000,-2718.3971500001157,-24137.08754999998,-26855.48470000045
2026-02-04T13:25:32.000000,-2718.3971500001157,-24149.71629999998,-26868.11345000045
2026-02-04T13:30:22.000000,-2718.3971500001157,-24157.343499999977,-26875.740650000447
2026-02-04T13:32:47.000000,-2718.3971500001157,-24276.427499999976,-26994.824650000446
2026-02-04T13:33:02.000000,-2718.3971500001157,-24367.529699999977,-27085.926850000447
2026-02-04T13:33:52.000000,-2718.3971500001157,-24437.656749999976,-27156.053900000446
2026-02-04T13:34:42.000000,-2718.3971500001157,-24460.346999999976,-27178.744150000446
2026-02-04T13:45:32.000000,-2718.3971500001157,-24494.213299999974,-27212.610450000444
2026-02-04T13:54:07.000000,-2718.3971500001157,-24490.726849999974,-27209.124000000444
2026-02-04T13:54:37.000000,-2718.3971500001157,-24407.61719999997,-27126.01435000044
2026-02-04T14:10:57.000000,-2718.3971500001157,-24429.246499999972,-27147.643650000442
2026-02-04T14:11:52.000000,-2718.3971500001157,-24450.875799999973,-27169.272950000443
2026-02-04T14:19:52.000000,-2718.3971500001157,-24445.725849999973,-27164.123000000443
2026-02-04T14:31:12.000000,-2718.3971500001157,-24464.225099999974,-27182.622250000444
2026-02-04T14:35:52.000000,-2718.3971500001157,-24493.734799999977,-27212.131950000447
2026-02-04T14:36:12.000000,-2718.3971500001157,-24605.602399999978,-27323.999550000448
2026-02-04T14:41:07.000000,-2718.3971500001157,-24691.538899999978,-27409.936050000448
2026-02-04T14:41:12.000000,-2718.3971500001157,-24777.475399999978,-27495.872550000448
2026-02-04T14:41:32.000000,-2718.3971500001157,-24876.42424999998,-27594.82140000045
2026-02-04T14:41:42.000000,-2718.3971500001157,-25001.356199999977,-27719.753350000447
2026-02-04T14:41:47.000000,-2718.3971500001157,-25139.290099999977,-27857.687250000447
2026-02-04T14:42:57.000000,-2718.3971500001157,-25264.222049999975,-27982.619200000445
2026-02-04T14:43:27.000000,-2718.3971500001157,-25402.155949999975,-28120.553100000445
2026-02-04T14:45:02.000000,-2718.3971500001157,-25423.113899999975,-28141.511050000445
2026-02-04T14:45:02.000000,-2718.3971500001157,-25444.071849999975,-28162.469000000445
2026-02-04T14:45:02.000000,-2718.3971500001157,-25465.029799999975,-28183.426950000445
2026-02-04T14:45:02.000000,-2718.3971500001157,-25485.987749999975,-28204.384900000445
2026-02-04T14:45:02.000000,-2718.3971500001157,-25493.954149999976,-28212.351300000446
2026-02-05T10:00:52.000000,-2795.8780500001153,-25493.954149999976,-28289.832200000445
2026-02-05T10:02:32.000000,-2842.5071000001158,-25493.954149999976,-28336.461250000444
2026-02-05T10:02:42.000000,-2876.1342000001164,-25493.954149999976,-28370.088350000446
2026-02-05T10:02:47.000000,-2922.7528500001167,-25493.954149999976,-28416.707000000446
2026-02-05T10:02:52.000000,-2969.371500000117,-25493.954149999976,-28463.325650000446
2026-02-05T10:02:57.000000,-3002.9882000001166,-25493.954149999976,-28496.942350000445
2026-02-05T10:03:02.000000,-3023.6133500001165,-25493.954149999976,-28517.567500000445
2026-02-05T10:03:42.000000,-3045.0858500001164,-25493.954149999976,-28539.040000000445
2026-02-05T10:03:57.000000,-3066.558350000116,-25493.954149999976,-28560.512500000445
2026-02-05T10:05:42.000000,-3102.0105500001155,-25493.954149999976,-28595.964700000444
2026-02-05T10:11:12.000000,-3109.5921500001155,-25493.954149999976,-28603.546300000446
2026-02-05T10:11:17.000000,-3117.1737500001154,-25493.954149999976,-28611.127900000447
2026-02-05T10:11:32.000000,-3137.746900000115,-25493.954149999976,-28631.701050000447
2026-02-05T10:11:37.000000,-3171.3220000001147,-25493.954149999976,-28665.276150000445
2026-02-05T10:12:27.000000,-3169.3245000001148,-25493.954149999976,-28663.278650000444
2026-02-05T10:13:17.000000,-3189.8976500001145,-25493.954149999976,-28683.851800000444
2026-02-05T10:13:22.000000,-3210.470800000114,-25493.954149999976,-28704.424950000444
2026-02-05T10:14:02.000000,-3244.025100000115,-25493.954149999976,-28737.979250000444
2026-02-05T10:14:12.000000,-3277.5794000001156,-25493.954149999976,-28771.533550000444
2026-02-05T10:14:37.000000,-3298.1317500001164,-25493.954149999976,-28792.085900000446
2026-02-05T10:14:52.000000,-3318.6841000001173,-25493.954149999976,-28812.638250000447
2026-02-05T10:15:12.000000,-3352.238400000118,-25493.954149999976,-28846.192550000447
2026-02-05T10:21:37.000000,-3398.7322500001183,-25493.954149999976,-28892.686400000446
2026-02-05T10:21:47.000000,-3458.2280500001184,-25493.954149999976,-28952.182200000447
2026-02-05T10:21:47.000000,-3511.1308000001186,-25493.954149999976,-29005.084950000448
2026-02-05T10:22:12.000000,-3557.635050000119,-25493.954149999976,-29051.58920000045
2026-02-05T10:22:17.000000,-3591.1373500001196,-25493.954149999976,-29085.09150000045
2026-02-05T10:22:17.000000,-3644.0401000001198,-25493.954149999976,-29137.99425000045
2026-02-05T10:22:37.000000,-3644.0401000001198,-25436.530149999977,-29080.57025000045
2026-02-05T10:23:12.000000,-3625.5554000001193,-25436.530149999977,-29062.08555000045
2026-02-05T10:23:12.000000,-3603.4709000001185,-25436.530149999977,-29040.00105000045
2026-02-05T10:23:22.000000,-3596.3886500001177,-25436.530149999977,-29032.91880000045
2026-02-05T10:23:32.000000,-3564.9020000001174,-25436.530149999977,-29001.43215000045
2026-02-05T10:23:37.000000,-3533.415350000117,-25436.530149999977,-28969.945500000453
2026-02-05T10:23:52.000000,-3475.935200000117,-25436.530149999977,-28912.465350000453
2026-02-05T10:23:57.000000,-3418.4550500001174,-25436.530149999977,-28854.985200000454
2026-02-05T10:24:02.000000,-3347.9729500001167,-25436.530149999977,-28784.503100000453
2026-02-05T10:24:17.000000,-3316.507100000116,-25436.530149999977,-28753.037250000452
2026-02-05T10:24:47.000000,-3337.017850000117,-25436.530149999977,-28773.548000000454
2026-02-05T10:24:52.000000,-3329.935600000116,-25436.530149999977,-28766.465750000454
2026-02-05T10:24:57.000000,-3322.8533500001154,-25436.530149999977,-28759.383500000455
2026-02-05T10:25:32.000000,-3330.3517500001153,-25436.530149999977,-28766.881900000455
2026-02-05T10:25:52.000000,-3338.2357500001153,-25436.530149999977,-28774.765900000453
2026-02-05T10:26:12.000000,-3358.725700000115,-25436.530149999977,-28795.255850000452
2026-02-05T10:26:37.000000,-3379.2156500001147,-25436.530149999977,-28815.74580000045
2026-02-05T10:29:12.000000,-3379.2156500001147,-25423.103149999977,-28802.318800000452
2026-02-05T10:29:17.000000,-3379.2156500001147,-25405.681949999976,-28784.89760000045
2026-02-05T10:29:32.000000,-3379.2156500001147,-25396.252349999977,-28775.468000000452
2026-02-05T10:33:22.000000,-3347.708200000114,-25396.252349999977,-28743.96055000045
2026-02-05T10:33:57.000000,-3355.1858000001143,-25396.252349999977,-28751.43815000045
2026-02-05T10:42:02.000000,-3355.1858000001143,-25390.75919999998,-28745.94500000045
2026-02-05T10:42:12.000000,-3355.1858000001143,-25384.653099999978,-28739.83890000045
2026-02-05T10:42:17.000000,-3277.701200000114,-25384.653099999978,-28662.35430000045
2026-02-05T10:53:57.000000,-3376.6654000001145,-25384.653099999978,-28761.31850000045
2026-02-05T10:55:12.000000,-3429.484150000115,-25384.653099999978,-28814.13725000045
2026-02-05T10:55:32.000000,-3467.3006500001156,-25384.653099999978,-28851.95375000045
2026-02-05T10:56:42.000000,-3505.1051500001163,-25384.653099999978,-28889.758250000454
2026-02-05T10:57:02.000000,-3527.919400000117,-25384.653099999978,-28912.572500000453
2026-02-05T10:57:32.000000,-3565.7239000001177,-25384.653099999978,-28950.377000000455
2026-02-05T10:57:47.000000,-3587.6780000001177,-25384.653099999978,-28972.331100000454
2026-02-05T10:57:52.000000,-3610.4922500001185,-25384.653099999978,-28995.145350000454
2026-02-05T10:58:17.000000,-3603.3140000001176,-25384.653099999978,-28987.967100000453
2026-02-05T10:58:27.000000,-3611.1260000001175,-25384.653099999978,-28995.779100000454
2026-02-05T10:59:02.000000,-3618.9380000001174,-25384.653099999978,-29003.591100000456
2026-02-05T11:00:52.000000,-3610.3084000001177,-25384.653099999978,-28994.961500000456
2026-02-05T11:07:02.000000,-3610.3084000001177,-25407.203349999978,-29017.511750000456
2026-02-05T11:11:27.000000,-3610.3084000001177,-25427.67249999998,-29037.980900000457
2026-02-05T11:19:57.000000,-3610.3084000001177,-25474.15594999998,-29084.464350000457
2026-02-05T11:21:17.000000,-3610.3084000001177,-25510.000149999978,-29120.308550000456
2026-02-05T11:22:37.000000,-3573.185650000117,-25510.000149999978,-29083.185800000458
2026-02-05T11:22:47.000000,-3536.0629000001168,-25510.000149999978,-29046.06305000046
2026-02-05T11:26:27.000000,-3536.0629000001168,-25517.560949999977,-29053.62385000046
2026-02-05T11:30:02.000000,-3536.0629000001168,-25510.154699999977,-29046.21760000046
2026-02-05T13:00:12.000000,-3536.0629000001168,-25487.74619999998,-29023.80910000046
2026-02-05T13:01:27.000000,-3536.0629000001168,-25465.34969999998,-29001.41260000046
2026-02-05T13:01:37.000000,-3536.0629000001168,-25427.95094999998,-28964.01385000046
2026-02-05T13:01:42.000000,-3536.0629000001168,-25390.55219999998,-28926.61510000046
2026-02-05T13:02:02.000000,-3536.0629000001168,-25368.15569999998,-28904.218600000462
2026-02-05T13:02:12.000000,-3536.0629000001168,-25345.759199999982,-28881.822100000463
2026-02-05T13:03:02.000000,-3536.0629000001168,-25353.34319999998,-28889.406100000462
2026-02-05T13:07:12.000000,-3569.4820000001173,-25353.34319999998,-28922.82520000046
2026-02-05T13:07:22.000000,-3602.901100000118,-25353.34319999998,-28956.24430000046
2026-02-05T13:07:32.000000,-3636.3202000001183,-25353.34319999998,-28989.66340000046
2026-02-05T13:07:57.000000,-3658.3079000001194,-25353.34319999998,-29011.65110000046
2026-02-05T13:11:12.000000,-3658.3079000001194,-25390.94369999998,-29049.25160000046
2026-02-05T13:19:42.000000,-3632.907900000119,-25390.94369999998,-29023.85160000046
2026-02-05T13:20:02.000000,-3599.50350000012,-25390.94369999998,-28990.44720000046
2026-02-05T13:20:07.000000,-3562.09850000012,-25390.94369999998,-28953.042200000462
2026-02-05T13:20:12.000000,-3524.6935000001204,-25390.94369999998,-28915.637200000463
2026-02-05T13:20:17.000000,-3491.28590000012,-25390.94369999998,-28882.22960000046
2026-02-05T13:20:22.000000,-3449.8803000001208,-25390.94369999998,-28840.824000000463
2026-02-05T13:20:27.000000,-3412.475300000121,-25390.94369999998,-28803.419000000464
2026-02-05T13:20:32.000000,-3375.0703000001213,-25390.94369999998,-28766.014000000465
2026-02-05T13:29:37.000000,-3375.0703000001213,-25422.84809999998,-28797.918400000464
2026-02-05T13:34:42.000000,-3375.0703000001213,-25444.746199999983,-28819.816500000466
2026-02-05T13:35:57.000000,-3375.0703000001213,-25438.729699999985,-28813.80000000047
2026-02-05T13:36:32.000000,-3375.0703000001213,-25460.706199999986,-28835.77650000047
2026-02-05T13:36:52.000000,-3375.0703000001213,-25468.680599999985,-28843.75090000047
2026-02-05T13:44:42.000000,-3349.6511000001206,-25468.680599999985,-28818.331700000468
2026-02-05T13:44:47.000000,-3324.23190000012,-25468.680599999985,-28792.912500000468
2026-02-05T13:48:32.000000,-3324.23190000012,-25491.302849999985,-28815.53475000047
2026-02-05T13:49:02.000000,-3324.23190000012,-25544.181599999985,-28868.413500000468
2026-02-05T13:49:12.000000,-3324.23190000012,-25577.631899999986,-28901.86380000047
2026-02-05T13:49:42.000000,-3324.23190000012,-25618.037649999984,-28942.269550000467
2026-02-05T13:51:17.000000,-3324.23190000012,-25625.504849999983,-28949.736750000466
2026-02-05T13:51:27.000000,-3324.23190000012,-25632.98244999998,-28957.214350000464
2026-02-05T13:52:02.000000,-3324.23190000012,-25625.888199999983,-28950.120100000466
2026-02-05T13:52:07.000000,-3324.23190000012,-25633.36579999998,-28957.597700000464
2026-02-05T13:52:12.000000,-3324.23190000012,-25651.785849999982,-28976.017750000465
2026-02-05T13:54:22.000000,-3324.23190000012,-25673.717549999983,-28997.949450000466
2026-02-05T14:00:47.000000,-3324.23190000012,-25681.647149999983,-29005.879050000465
2026-02-05T14:12:42.000000,-3324.23190000012,-25704.269399999983,-29028.501300000466
2026-02-05T14:12:57.000000,-3324.23190000012,-25685.815899999983,-29010.047800000466
2026-02-05T14:13:22.000000,-3324.23190000012,-25680.353949999982,-29004.585850000465
2026-02-05T14:13:27.000000,-3324.23190000012,-25674.89199999998,-28999.123900000464
2026-02-05T14:15:27.000000,-3324.23190000012,-25682.81199999998,-29007.043900000463
2026-02-05T14:19:32.000000,-3324.23190000012,-25654.457799999982,-28978.689700000465
2026-02-05T14:26:32.000000,-3324.23190000012,-25648.95424999998,-28973.186150000463
2026-02-05T14:34:37.000000,-3324.23190000012,-25656.61024999998,-28980.842150000462
2026-02-06T10:34:12.000000,-3324.23190000012,-25677.10019999998,-29001.33210000046
2026-02-06T10:40:22.000000,-3324.23190000012,-25756.89659999998,-29081.12850000046
2026-02-06T10:40:27.000000,-3324.23190000012,-25836.692999999977,-29160.92490000046
2026-02-06T10:41:02.000000,-3324.23190000012,-25928.49119999998,-29252.72310000046
2026-02-06T10:43:27.000000,-3324.23190000012,-25907.73899999998,-29231.970900000462
2026-02-06T10:43:57.000000,-3324.23190000012,-25963.579799999978,-29287.81170000046
2026-02-06T10:44:07.000000,-3324.23190000012,-26019.420599999976,-29343.65250000046
2026-02-06T10:44:32.000000,-3324.23190000012,-26013.885849999977,-29338.11775000046
2026-02-06T10:46:27.000000,-3324.23190000012,-26047.356949999976,-29371.58885000046
2026-02-06T10:56:27.000000,-3324.23190000012,-26139.212749999977,-29463.44465000046
2026-02-06T10:57:02.000000,-3324.23190000012,-26243.051149999977,-29567.28305000046
2026-02-06T10:57:17.000000,-3376.762650000119,-26243.051149999977,-29619.81380000046
2026-02-06T11:04:27.000000,-3376.762650000119,-26276.563849999977,-29653.326500000458
2026-02-06T11:10:17.000000,-3376.762650000119,-26284.09344999998,-29660.85610000046
2026-02-06T11:12:17.000000,-3376.762650000119,-26278.64189999998,-29655.40455000046
2026-02-06T11:12:42.000000,-3376.762650000119,-26273.190349999983,-29649.953000000463
2026-02-06T11:12:52.000000,-3376.762650000119,-26265.748099999983,-29642.510750000463
2026-02-06T13:10:17.000000,-3376.762650000119,-26301.413099999983,-29678.175750000464
2026-02-06T13:11:37.000000,-3376.762650000119,-26295.094199999985,-29671.856850000466
2026-02-06T13:12:22.000000,-3376.762650000119,-26288.764099999986,-29665.526750000467
2026-02-06T13:14:38.000000,-3376.762650000119,-26292.699499999984,-29669.462150000465
2026-02-06T13:16:57.000000,-3376.762650000119,-26314.597599999986,-29691.360250000467
2026-02-06T13:21:37.000000,-3376.762650000119,-26335.077149999986,-29711.839800000467
2026-02-06T13:23:52.000000,-3376.762650000119,-26342.973149999987,-29719.735800000468
2026-02-06T13:28:07.000000,-3376.762650000119,-26350.869149999988,-29727.63180000047
2026-02-06T13:33:12.000000,-3376.762650000119,-26336.257849999987,-29713.020500000468
2026-02-06T13:34:07.000000,-3376.762650000119,-26255.66304999999,-29632.42570000047
2026-02-06T13:35:52.000000,-3376.762650000119,-26277.56114999999,-29654.32380000047
2026-02-06T13:36:07.000000,-3376.762650000119,-26299.459249999993,-29676.221900000473
2026-02-06T13:36:22.000000,-3376.762650000119,-26321.357349999995,-29698.120000000476
2026-02-06T13:44:07.000000,-3376.762650000119,-26343.255449999997,-29720.018100000478
2026-02-06T13:48:57.000000,-3376.762650000119,-26365.15355,-29741.91620000048
2026-02-06T13:49:57.000000,-3376.762650000119,-26373.04955,-29749.81220000048
2026-02-06T13:55:17.000000,-3376.762650000119,-26578.44485,-29955.20750000048
2026-02-06T13:55:22.000000,-3376.762650000119,-26750.843999999997,-30127.606650000478
2026-02-06T13:59:27.000000,-3376.762650000119,-26800.735099999998,-30177.49775000048
2026-02-06T13:59:47.000000,-3376.762650000119,-26838.2636,-30215.02625000048
2026-02-06T14:07:32.000000,-3376.762650000119,-26845.7996,-30222.56225000048
2026-02-06T14:18:37.000000,-3376.762650000119,-26853.7068,-30230.46945000048
2026-02-06T14:23:22.000000,-3376.762650000119,-26832.2626,-30209.02525000048
2026-02-06T14:25:27.000000,-3376.762650000119,-26854.788849999997,-30231.551500000478
2026-02-06T14:26:47.000000,-3376.762650000119,-26877.315099999996,-30254.077750000477
2026-02-06T14:26:57.000000,-3376.762650000119,-26899.841349999995,-30276.604000000476
2026-02-06T14:28:42.000000,-3376.762650000119,-26922.367599999994,-30299.130250000475
2026-02-06T14:31:02.000000,-3376.762650000119,-26944.893849999993,-30321.656500000474
2026-02-06T14:32:02.000000,-3376.762650000119,-26997.42459999999,-30374.187250000472
2026-02-06T14:32:17.000000,-3376.762650000119,-27015.80944999999,-30392.57210000047
2026-02-06T14:45:02.000000,-3412.7412500001196,-27015.80944999999,-30428.550700000473
2026-02-09T09:50:37.000000,-3283.4120500001195,-27015.80944999999,-30299.221500000473
2026-02-09T10:10:37.000000,-3283.4120500001195,-26843.29444999999,-30126.706500000473
2026-02-09T10:11:57.000000,-3283.4120500001195,-26780.77194999999,-30064.184000000474
2026-02-09T10:16:02.000000,-3283.4120500001195,-26736.27294999999,-30019.685000000474
2026-02-09T10:17:17.000000,-3283.4120500001195,-26717.767449999992,-30001.179500000475
2026-02-09T10:17:37.000000,-3283.4120500001195,-26699.261949999993,-29982.674000000476
2026-02-09T10:18:57.000000,-3283.4120500001195,-26706.88194999999,-29990.294000000475
2026-02-09T10:28:17.000000,-3283.4120500001195,-26692.55079999999,-29975.962850000473
2026-02-09T10:28:27.000000,-3283.4120500001195,-26678.219649999988,-29961.63170000047
2026-02-09T10:28:37.000000,-3283.4120500001195,-26663.890899999988,-29947.30295000047
2026-02-09T10:31:27.000000,-3283.4120500001195,-26684.349649999986,-29967.76170000047
2026-02-09T10:35:57.000000,-3283.4120500001195,-26692.133649999985,-29975.545700000468
2026-02-09T10:43:52.000000,-3283.4120500001195,-26699.928849999986,-29983.34090000047
2026-02-09T10:44:12.000000,-3283.4120500001195,-26627.204849999987,-29910.61690000047
2026-02-09T10:47:52.000000,-3283.4120500001195,-26602.163899999985,-29885.575950000468
2026-02-09T10:52:37.000000,-3283.4120500001195,-26622.622649999983,-29906.034700000466
2026-02-09T10:53:12.000000,-3283.4120500001195,-26597.546499999982,-29880.958550000465
2026-02-09T11:03:32.000000,-3283.4120500001195,-26605.184899999982,-29888.596950000465
2026-02-09T11:04:07.000000,-3283.4120500001195,-26612.823299999982,-29896.235350000465
2026-02-09T11:05:42.000000,-3283.4120500001195,-26633.28204999998,-29916.694100000463
2026-02-09T11:06:17.000000,-3283.4120500001195,-26653.740799999978,-29937.15285000046
2026-02-09T11:16:42.000000,-3283.4120500001195,-26700.21384999998,-29983.62590000046
2026-02-09T11:18:32.000000,-3283.4120500001195,-26718.581099999978,-30001.99315000046
2026-02-09T11:19:47.000000,-3283.4120500001195,-26736.948349999977,-30020.36040000046
2026-02-09T11:25:22.000000,-3283.4120500001195,-26744.597949999978,-30028.01000000046
2026-02-09T11:25:52.000000,-3283.4120500001195,-26752.24754999998,-30035.65960000046
2026-02-09T13:03:02.000000,-3283.4120500001195,-26745.88384999998,-30029.295900000463
2026-02-09T13:03:12.000000,-3283.4120500001195,-26739.520149999982,-30022.932200000465
2026-02-09T13:06:07.000000,-3283.4120500001195,-26672.212899999984,-29955.624950000467
2026-02-09T13:15:52.000000,-3283.4120500001195,-26679.700899999985,-29963.112950000468
2026-02-09T13:28:22.000000,-3283.4120500001195,-26674.238949999984,-29957.651000000467
2026-02-09T13:28:37.000000,-3283.4120500001195,-26668.776999999984,-29952.189050000467
2026-02-09T13:29:42.000000,-3283.4120500001195,-26650.313099999985,-29933.725150000468
2026-02-09T13:31:02.000000,-3283.4120500001195,-26657.669899999986,-29941.08195000047
2026-02-09T13:37:27.000000,-3283.4120500001195,-26693.323699999986,-29976.73575000047
2026-02-09T13:40:07.000000,-3283.4120500001195,-26742.968399999987,-30026.38045000047
2026-02-09T13:43:37.000000,-3283.4120500001195,-26763.468749999985,-30046.88080000047
2026-02-09T13:43:42.000000,-3283.4120500001195,-26785.198849999986,-30068.61090000047
2026-02-09T13:43:57.000000,-3283.4120500001195,-26805.699199999985,-30089.111250000467
2026-02-09T13:44:27.000000,-3283.4120500001195,-26725.368399999985,-30008.780450000468
2026-02-09T13:45:47.000000,-3283.4120500001195,-26732.866799999985,-30016.278850000468
2026-02-09T13:45:57.000000,-3283.4120500001195,-26740.365199999986,-30023.77725000047
2026-02-09T13:46:22.000000,-3283.4120500001195,-26734.861649999984,-30018.273700000467
2026-02-09T13:48:42.000000,-3283.4120500001195,-26729.358099999983,-30012.770150000466
2026-02-09T13:54:07.000000,-3283.4120500001195,-26767.030599999984,-30050.442650000467
2026-02-09T13:59:37.000000,-3283.4120500001195,-26787.520549999983,-30070.932600000466
2026-02-09T14:06:07.000000,-3283.4120500001195,-26795.19254999998,-30078.604600000464
2026-02-09T14:07:37.000000,-3283.4120500001195,-26802.86454999998,-30086.276600000463
2026-02-09T14:07:52.000000,-3283.4120500001195,-26810.53654999998,-30093.94860000046
2026-02-09T14:07:57.000000,-3283.4120500001195,-26818.208549999978,-30101.62060000046
2026-02-09T14:09:12.000000,-3283.4120500001195,-26825.880549999976,-30109.29260000046
2026-02-09T14:12:17.000000,-3283.4120500001195,-26833.334149999977,-30116.74620000046
2026-02-09T14:16:32.000000,-3283.4120500001195,-26840.822149999978,-30124.23420000046
2026-02-09T14:19:47.000000,-3283.4120500001195,-26848.31014999998,-30131.722200000462
2026-02-09T14:20:27.000000,-3283.4120500001195,-26855.79814999998,-30139.210200000463
2026-02-09T14:20:42.000000,-3283.4120500001195,-26863.28614999998,-30146.698200000465
2026-02-09T14:23:57.000000,-3250.1548500001204,-26863.28614999998,-30113.441000000465
2026-02-09T14:29:42.000000,-3250.1548500001204,-26884.93784999998,-30135.092700000463
2026-02-09T14:31:27.000000,-3250.1548500001204,-26906.58954999998,-30156.74440000046
2026-02-09T14:31:52.000000,-3250.1548500001204,-26944.22604999998,-30194.380900000462
2026-02-09T14:37:17.000000,-3250.1548500001204,-26988.189849999977,-30238.34470000046
2026-02-09T14:40:52.000000,-3250.1548500001204,-27009.89754999998,-30260.052400000463
2026-02-09T14:42:17.000000,-3250.1548500001204,-27031.56044999998,-30281.715300000462
2026-02-09T14:43:07.000000,-3250.1548500001204,-27053.22334999998,-30303.37820000046
2026-02-09T14:43:12.000000,-3250.1548500001204,-27074.886249999978,-30325.04110000046
2026-02-09T14:45:02.000000,-3250.1548500001204,-27096.59394999998,-30346.748800000463
2026-02-10T09:50:37.000000,-3231.6181500001207,-27096.59394999998,-30328.212100000463
2026-02-10T09:57:37.000000,-3203.3215500001215,-27096.59394999998,-30299.915500000465
2026-02-10T10:13:12.000000,-3110.6601500001216,-27096.59394999998,-30207.254100000464
2026-02-10T10:14:12.000000,-3110.6601500001216,-27059.11119999998,-30169.771350000465
2026-02-10T10:14:47.000000,-3110.6601500001216,-27053.68044999998,-30164.340600000465
2026-02-10T10:23:52.000000,-3110.6601500001216,-27022.23539999998,-30132.895550000463
2026-02-10T10:32:47.000000,-3110.6601500001216,-27003.74029999998,-30114.400450000463
2026-02-10T10:36:17.000000,-3110.6601500001216,-26803.60029999998,-29914.260450000464
2026-02-10T10:36:32.000000,-3110.6601500001216,-26551.51329999998,-29662.173450000464
2026-02-10T10:36:47.000000,-3110.6601500001216,-26351.440499999982,-29462.100650000466
2026-02-10T10:36:47.000000,-3110.6601500001216,-26127.383299999983,-29238.043450000467
2026-02-10T10:36:47.000000,-3110.6601500001216,-25887.336499999983,-28997.996650000467
2026-02-10T10:37:02.000000,-3110.6601500001216,-25695.30329999998,-28805.963450000465
2026-02-10T10:37:07.000000,-3110.6601500001216,-25530.294449999983,-28640.954600000467
2026-02-10T10:37:12.000000,-3110.6601500001216,-25371.291299999983,-28481.951450000466
2026-02-10T10:37:22.000000,-3110.6601500001216,-25209.29249999998,-28319.952650000465
2026-02-10T10:39:32.000000,-3110.6601500001216,-24929.20449999998,-28039.864650000465
2026-02-10T10:39:52.000000,-3110.6601500001216,-24629.123099999983,-27739.783250000466
2026-02-10T10:42:12.000000,-3110.6601500001216,-24536.944899999984,-27647.605050000468
2026-02-10T10:42:27.000000,-3110.6601500001216,-24424.776499999985,-27535.43665000047
2026-02-10T10:42:32.000000,-3110.6601500001216,-24288.617299999987,-27399.27745000047
2026-02-10T10:43:12.000000,-3110.6601500001216,-24164.47909999999,-27275.139250000473
2026-02-10T10:43:12.000000,-3110.6601500001216,-24036.343499999988,-27147.00365000047
2026-02-10T10:43:12.000000,-3110.6601500001216,-23912.20529999999,-27022.865450000474
2026-02-10T10:43:12.000000,-3110.6601500001216,-23788.067099999993,-26898.727250000476
2026-02-10T10:43:12.000000,-3110.6601500001216,-23675.921099999992,-26786.581250000476
2026-02-10T10:43:17.000000,-3110.6601500001216,-23555.770699999994,-26666.430850000477
2026-02-10T10:43:32.000000,-3110.6601500001216,-23507.592699999994,-26618.252850000477
2026-02-10T10:48:02.000000,-3110.6601500001216,-23515.435899999993,-26626.096050000477
2026-02-10T10:49:17.000000,-3110.6601500001216,-23509.901149999994,-26620.561300000478
2026-02-10T10:49:47.000000,-3110.6601500001216,-23713.780149999995,-26824.44030000048
2026-02-10T10:50:02.000000,-3110.6601500001216,-23877.665949999995,-26988.32610000048
2026-02-10T10:50:07.000000,-3110.6601500001216,-24021.551949999994,-27132.212100000477
2026-02-10T10:50:12.000000,-3110.6601500001216,-24165.441149999995,-27276.10130000048
2026-02-10T10:50:42.000000,-3110.6601500001216,-24373.311149999994,-27483.971300000478
2026-02-10T11:06:32.000000,-3132.6478500001226,-24373.311149999994,-27505.95900000048
2026-02-10T11:21:37.000000,-3132.6478500001226,-24393.117749999994,-27525.76560000048
2026-02-10T11:28:02.000000,-3132.6478500001226,-24448.920149999994,-27581.56800000048
2026-02-10T11:28:27.000000,-3132.6478500001226,-24480.738149999994,-27613.38600000048
2026-02-10T13:04:07.000000,-3132.6478500001226,-24464.577749999993,-27597.225600000478
2026-02-10T13:10:52.000000,-3132.6478500001226,-24458.561249999995,-27591.20910000048
2026-02-10T13:20:17.000000,-3132.6478500001226,-24466.535649999994,-27599.18350000048
2026-02-10T13:22:52.000000,-3154.6131500001225,-24466.535649999994,-27621.14880000048
2026-02-10T13:24:12.000000,-3176.5784500001223,-24466.535649999994,-27643.11410000048
2026-02-10T13:29:57.000000,-3176.5784500001223,-24474.487649999995,-27651.06610000048
2026-02-10T13:31:42.000000,-3184.519250000122,-24474.487649999995,-27659.00690000048
2026-02-10T13:32:12.000000,-3192.460050000122,-24474.487649999995,-27666.94770000048
2026-02-10T13:32:22.000000,-3186.409950000121,-24474.487649999995,-27660.89760000048
2026-02-10T13:32:42.000000,-3186.409950000121,-24492.854899999995,-27679.26485000048
2026-02-10T13:32:52.000000,-3180.3598500001203,-24492.854899999995,-27673.21475000048
2026-02-10T13:33:17.000000,-3188.3118500001206,-24492.854899999995,-27681.16675000048
2026-02-10T13:41:32.000000,-3188.3118500001206,-24500.688499999997,-27689.000350000482
2026-02-10T13:41:57.000000,-3188.3118500001206,-24496.529899999998,-27684.841750000483
2026-02-10T13:42:27.000000,-3188.3118500001206,-24492.3713,-27680.683150000485
2026-02-10T13:42:52.000000,-3188.3118500001206,-24488.2127,-27676.524550000486
2026-02-10T13:54:32.000000,-3188.3118500001206,-24501.5816,-27689.893450000487
2026-02-10T14:00:17.000000,-3188.3118500001206,-24523.412500000002,-27711.724350000488
2026-02-10T14:07:07.000000,-3188.3118500001206,-24531.0957,-27719.407550000487
2026-02-10T14:09:37.000000,-3188.3118500001206,-24553.061,-27741.372850000487
2026-02-10T14:14:17.000000,-3188.3118500001206,-24515.614250000002,-27703.926100000488
2026-02-10T14:14:22.000000,-3188.3118500001206,-24478.167500000003,-27666.47935000049
2026-02-10T14:24:42.000000,-3188.3118500001206,-24485.996300000003,-27674.30815000049
2026-02-10T14:25:17.000000,-3188.3118500001206,-24479.823000000004,-27668.13485000049
2026-02-10T14:27:07.000000,-3188.3118500001206,-24487.627800000006,-27675.93965000049
2026-02-10T14:29:22.000000,-3188.3118500001206,-24495.432600000007,-27683.744450000493
2026-02-10T14:31:22.000000,-3196.263850000121,-24495.432600000007,-27691.696450000494
2026-02-10T14:41:32.000000,-3196.263850000121,-24517.129100000006,-27713.392950000492
2026-02-10T14:41:42.000000,-3196.263850000121,-24525.081100000007,-27721.344950000494
2026-02-10T14:41:57.000000,-3196.263850000121,-24533.033100000008,-27729.296950000495
2026-02-11T09:58:57.000000,-3196.263850000121,-24770.523750000008,-27966.787600000494
2026-02-11T10:03:12.000000,-3196.263850000121,-25095.25785000001,-28291.521700000496
2026-02-11T10:06:47.000000,-3196.263850000121,-25477.026900000008,-28673.290750000495
2026-02-11T10:06:47.000000,-3196.263850000121,-25864.792050000007,-29061.055900000494
2026-02-11T10:15:27.000000,-3196.263850000121,-25397.743350000008,-28594.007200000495
2026-02-11T10:15:32.000000,-3196.263850000121,-24969.681300000007,-28165.945150000494
2026-02-11T10:20:32.000000,-3008.03380000012,-24969.681300000007,-27977.715100000492
2026-02-11T10:20:42.000000,-2834.8060000001196,-24969.681300000007,-27804.48730000049
2026-02-11T10:20:42.000000,-2679.580900000119,-24969.681300000007,-27649.262200000492
2026-02-11T10:23:07.000000,-2679.580900000119,-24991.680200000006,-27671.26110000049
2026-02-11T10:23:32.000000,-2679.580900000119,-25013.679100000005,-27693.26000000049
2026-02-11T10:24:27.000000,-2679.580900000119,-25049.668900000004,-27729.24980000049
2026-02-11T10:24:52.000000,-2679.580900000119,-25085.658700000004,-27765.23960000049
2026-02-11T10:26:52.000000,-2679.580900000119,-25135.650600000004,-27815.23150000049
2026-02-11T10:28:37.000000,-2716.2358000001195,-25135.650600000004,-27851.88640000049
2026-02-11T10:28:52.000000,-2776.8631000001196,-25135.650600000004,-27912.51370000049
2026-02-11T10:29:57.000000,-2876.4074500001193,-25135.650600000004,-28012.05805000049
2026-02-11T10:29:57.000000,-2972.9513500001194,-25135.650600000004,-28108.60195000049
2026-02-11T10:30:22.000000,-2972.9513500001194,-25269.666300000004,-28242.61765000049
2026-02-11T10:30:22.000000,-2994.5056000001196,-25269.666300000004,-28264.171900000492
2026-02-11T10:30:27.000000,-2977.07320000012,-25269.666300000004,-28246.739500000494
2026-02-11T10:30:32.000000,-2932.6535500001205,-25269.666300000004,-28202.319850000495
2026-02-11T10:30:37.000000,-2864.2399000001205,-25269.666300000004,-28133.906200000496
2026-02-11T10:30:42.000000,-2783.82925000012,-25269.666300000004,-28053.495550000494
2026-02-11T10:30:52.000000,-2661.424300000119,-25269.666300000004,-27931.090600000494
2026-02-11T10:30:57.000000,-2515.025350000118,-25269.666300000004,-27784.691650000495
2026-02-11T10:31:02.000000,-2350.628500000118,-25269.666300000004,-27620.294800000494
2026-02-11T10:31:12.000000,-2162.240050000117,-25269.666300000004,-27431.906350000492
2026-02-11T10:31:17.000000,-1964.8550500001172,-25269.666300000004,-27234.521350000494
2026-02-11T10:31:42.000000,-1803.4490500001166,-25269.666300000004,-27073.115350000495
2026-02-11T10:31:42.000000,-1660.0457500001166,-25269.666300000004,-26929.712050000493
2026-02-11T10:31:42.000000,-1528.6442500001165,-25269.666300000004,-26798.310550000493
2026-02-11T10:31:42.000000,-1421.2463500001156,-25269.666300000004,-26690.912650000493
2026-02-11T10:31:42.000000,-1337.8520500001155,-25269.666300000004,-26607.518350000493
2026-02-11T10:35:37.000000,-1337.8520500001155,-25303.179000000004,-26641.031050000493
2026-02-11T10:38:37.000000,-1337.8520500001155,-25216.827450000004,-26554.679500000493
2026-02-11T10:39:42.000000,-1337.8520500001155,-25181.493150000006,-26519.345200000495
2026-02-11T10:48:22.000000,-1337.8520500001155,-25202.014300000006,-26539.866350000495
2026-02-11T10:48:52.000000,-1337.8520500001155,-25222.525050000007,-26560.377100000496
2026-02-11T11:03:47.000000,-1350.2969500001154,-25222.525050000007,-26572.822000000495
2026-02-11T11:03:57.000000,-1356.7361500001155,-25222.525050000007,-26579.261200000496
2026-02-11T11:04:02.000000,-1360.174900000115,-25222.525050000007,-26582.699950000497
2026-02-11T11:04:17.000000,-1327.6274500001152,-25222.525050000007,-26550.1525000005
2026-02-11T11:04:17.000000,-1289.0791000001157,-25222.525050000007,-26511.604150000498
2026-02-11T11:04:27.000000,-1217.5402000001163,-25222.525050000007,-26440.065250000498
2026-02-11T11:04:32.000000,-1137.0047500001156,-25222.525050000007,-26359.5298000005
2026-02-11T11:04:37.000000,-1050.470800000116,-25222.525050000007,-26272.995850000498
2026-02-11T11:04:42.000000,-957.9383500001154,-25222.525050000007,-26180.4634000005
2026-02-11T11:04:47.000000,-844.4123500001158,-25222.525050000007,-26066.9374000005
2026-02-11T11:04:52.000000,-727.8859000001157,-25222.525050000007,-25950.4109500005
2026-02-11T11:04:57.000000,-602.3629000001154,-25222.525050000007,-25824.8879500005
2026-02-11T11:05:02.000000,-473.8418500001145,-25222.525050000007,-25696.3669000005
2026-02-11T11:05:07.000000,-333.3238000001139,-25222.525050000007,-25555.848850000497
2026-02-11T11:05:12.000000,-210.813250000114,-25222.525050000007,-25433.338300000498
2026-02-11T11:09:12.000000,-210.813250000114,-25230.253050000007,-25441.066300000497
2026-02-11T11:09:17.000000,-210.813250000114,-25237.981050000006,-25448.794300000496
2026-02-11T11:11:22.000000,-210.813250000114,-25244.530650000004,-25455.343900000495
2026-02-11T11:11:42.000000,-210.813250000114,-25245.081750000005,-25455.895000000495
2026-02-11T11:11:57.000000,-210.813250000114,-25242.639600000006,-25453.452850000496
2026-02-11T11:12:17.000000,-210.813250000114,-25234.201350000007,-25445.014600000497
2026-02-11T11:15:12.000000,-210.813250000114,-25241.918150000005,-25452.731400000495
2026-02-11T11:19:07.000000,-210.813250000114,-25238.440500000004,-25449.253750000495
2026-02-11T11:26:17.000000,-210.813250000114,-25271.974000000002,-25482.787250000492
2026-02-11T11:26:52.000000,-210.813250000114,-25302.505600000004,-25513.318850000494
2026-02-11T11:27:02.000000,-210.813250000114,-25352.374300000003,-25563.187550000494
2026-02-11T11:28:42.000000,-210.813250000114,-25374.272400000005,-25585.085650000496
2026-02-11T11:28:57.000000,-210.813250000114,-25410.161400000005,-25620.974650000495
2026-02-11T13:00:07.000000,-210.813250000114,-25456.707250000003,-25667.520500000493
2026-02-11T13:01:32.000000,-210.813250000114,-25534.602550000003,-25745.415800000494
2026-02-11T13:01:37.000000,-210.813250000114,-25612.497850000003,-25823.311100000494
2026-02-11T13:01:47.000000,-210.813250000114,-25690.393150000004,-25901.206400000494
2026-02-11T13:05:47.000000,-210.813250000114,-25658.028100000003,-25868.841350000494
2026-02-11T13:06:07.000000,-210.813250000114,-25639.585000000003,-25850.398250000493
2026-02-11T13:06:32.000000,-210.813250000114,-25634.133450000005,-25844.946700000495
2026-02-11T13:13:02.000000,-210.813250000114,-25642.029450000005,-25852.842700000496
2026-02-11T13:16:07.000000,-210.813250000114,-25623.565550000007,-25834.378800000497
2026-02-11T13:16:32.000000,-210.813250000114,-25605.101650000008,-25815.914900000498
2026-02-11T13:17:12.000000,-210.813250000114,-25586.63775000001,-25797.4510000005
2026-02-11T13:18:22.000000,-254.51785000011537,-25586.63775000001,-25841.1556000005
2026-02-11T13:20:32.000000,-254.51785000011537,-25608.53585000001,-25863.053700000502
2026-02-11T13:20:47.000000,-254.51785000011537,-25630.433950000013,-25884.951800000505
2026-02-11T13:25:32.000000,-254.51785000011537,-25502.083300000013,-25756.601150000504
2026-02-11T13:28:22.000000,-254.51785000011537,-25509.592100000013,-25764.109950000504
2026-02-11T13:28:37.000000,-254.51785000011537,-25517.488100000013,-25772.005950000505
2026-02-11T13:35:37.000000,-254.51785000011537,-25620.092900000014,-25874.610750000506
2026-02-11T13:35:37.000000,-254.51785000011537,-25719.699650000013,-25974.217500000505
2026-02-11T13:35:52.000000,-254.51785000011537,-25828.310150000012,-26082.828000000503
2026-02-11T13:35:57.000000,-254.51785000011537,-25942.919150000012,-26197.437000000504
2026-02-11T13:36:02.000000,-254.51785000011537,-26063.529050000012,-26318.046900000503
2026-02-11T13:36:07.000000,-254.51785000011537,-26187.13940000001,-26441.657250000502
2026-02-11T13:36:27.000000,-254.51785000011537,-26325.732800000013,-26580.250650000504
2026-02-11T13:39:27.000000,-254.51785000011537,-26375.60150000001,-26630.119350000503
2026-02-11T13:39:52.000000,-254.51785000011537,-26411.47930000001,-26665.9971500005
2026-02-11T13:41:22.000000,-254.51785000011537,-26334.14830000001,-26588.666150000503
2026-02-11T13:41:42.000000,-254.51785000011537,-26262.80860000001,-26517.326450000503
2026-02-11T13:47:07.000000,-254.51785000011537,-26270.32780000001,-26524.8456500005
2026-02-11T13:52:52.000000,-254.51785000011537,-26288.80065000001,-26543.3185000005
2026-02-11T13:53:27.000000,-254.51785000011537,-26282.68335000001,-26537.2012000005
2026-02-11T13:54:17.000000,-254.51785000011537,-26318.57235000001,-26573.0902000005
2026-02-11T13:59:37.000000,-254.51785000011537,-26326.07075000001,-26580.5886000005
2026-02-11T14:06:47.000000,-254.51785000011537,-26346.56070000001,-26601.0785500005
2026-02-11T14:07:42.000000,-254.51785000011537,-26354.40070000001,-26608.9185500005
2026-02-11T14:09:22.000000,-254.51785000011537,-26362.24070000001,-26616.7585500005
2026-02-11T14:14:27.000000,-143.9707000001152,-26362.24070000001,-26506.211400000502
2026-02-11T14:20:52.000000,-143.9707000001152,-26369.72870000001,-26513.699400000503
2026-02-11T14:25:57.000000,-143.9707000001152,-26365.36850000001,-26509.339200000504
2026-02-11T14:26:37.000000,-143.9707000001152,-26373.29810000001,-26517.268800000504
2026-02-11T14:34:42.000000,-143.9707000001152,-26367.11360000001,-26511.084300000504
2026-02-11T14:45:02.000000,-143.9707000001152,-26374.80800000001,-26518.778700000505
2026-02-11T14:45:02.000000,-143.9707000001152,-26382.502400000012,-26526.473100000505
2026-02-12T10:15:02.000000,-143.9707000001152,-26404.16530000001,-26548.136000000504
2026-02-12T10:20:02.000000,-140.51065000011542,-26404.16530000001,-26544.675950000503
2026-02-12T10:29:37.000000,-140.51065000011542,-26380.058100000013,-26520.568750000504
2026-02-12T10:34:17.000000,-140.51065000011542,-26374.731350000013,-26515.242000000504
2026-02-12T10:34:57.000000,-140.51065000011542,-26369.404600000013,-26509.915250000504
2026-02-12T10:43:42.000000,-140.51065000011542,-26382.34390000001,-26522.854550000502
2026-02-12T10:44:07.000000,-140.51065000011542,-26376.98595000001,-26517.4966000005
2026-02-12T10:44:18.000000,-140.51065000011542,-26372.58735000001,-26513.0980000005
2026-02-12T10:44:22.000000,-140.51065000011542,-26367.229400000007,-26507.7400500005
2026-02-12T10:44:37.000000,-140.51065000011542,-26348.869500000008,-26489.3801500005
2026-02-12T10:54:07.000000,-140.51065000011542,-26404.72310000001,-26545.2337500005
2026-02-12T11:03:42.000000,-140.51065000011542,-26412.26470000001,-26552.775350000502
2026-02-12T11:04:27.000000,-140.51065000011542,-26445.90220000001,-26586.412850000503
2026-02-12T11:06:42.000000,-140.51065000011542,-26479.55010000001,-26620.060750000503
2026-02-12T11:06:47.000000,-140.51065000011542,-26513.19800000001,-26653.708650000503
2026-02-12T11:07:07.000000,-140.51065000011542,-26546.84590000001,-26687.356550000502
2026-02-12T11:07:42.000000,-140.51065000011542,-26580.49380000001,-26721.004450000502
2026-02-12T11:09:47.000000,-140.51065000011542,-26614.14170000001,-26754.652350000502
2026-02-12T11:11:17.000000,-140.51065000011542,-26634.798050000012,-26775.308700000503
2026-02-12T11:12:22.000000,-140.51065000011542,-26655.454400000013,-26795.965050000505
2026-02-12T11:14:17.000000,-140.51065000011542,-26663.108800000013,-26803.619450000504
2026-02-12T11:18:27.000000,-140.51065000011542,-26644.759300000012,-26785.269950000504
2026-02-12T11:20:22.000000,-140.51065000011542,-26636.628900000014,-26777.139550000506
2026-02-12T13:00:27.000000,-140.51065000011542,-26630.343600000015,-26770.854250000506
2026-02-12T13:11:22.000000,-140.51065000011542,-26624.892050000017,-26765.402700000508
2026-02-12T13:15:37.000000,-161.03180000011514,-26624.892050000017,-26785.92385000051
2026-02-12T13:18:12.000000,-161.03180000011514,-26619.430100000016,-26780.461900000508
2026-02-12T13:18:12.000000,-161.03180000011514,-26613.212000000018,-26774.24380000051
2026-02-12T13:20:07.000000,-161.03180000011514,-26606.982700000015,-26768.014500000507
2026-02-12T13:20:32.000000,-161.03180000011514,-26614.501900000014,-26775.533700000506
2026-02-12T13:21:17.000000,-161.03180000011514,-26609.019150000015,-26770.050950000506
2026-02-12T13:43:37.000000,-161.03180000011514,-26655.533800000016,-26816.565600000507
2026-02-12T13:46:12.000000,-161.03180000011514,-26689.046500000015,-26850.078300000507
2026-02-12T13:46:22.000000,-161.03180000011514,-26710.810200000014,-26871.842000000506
2026-02-12T13:47:57.000000,-161.03180000011514,-26732.573900000014,-26893.605700000506
2026-02-12T13:48:47.000000,-161.03180000011514,-26754.337600000013,-26915.369400000505
2026-02-12T13:51:17.000000,-161.03180000011514,-26776.011700000014,-26937.043500000505
2026-02-12T14:01:42.000000,-161.03180000011514,-26783.701300000015,-26944.733100000507
2026-02-12T14:01:52.000000,-161.03180000011514,-26791.390900000017,-26952.42270000051
2026-02-12T14:07:22.000000,-161.03180000011514,-26799.141300000018,-26960.17310000051
2026-02-12T14:10:42.000000,-161.03180000011514,-26806.89170000002,-26967.92350000051
2026-02-12T14:16:47.000000,-161.03180000011514,-26810.54230000002,-26971.57410000051
2026-02-12T14:16:52.000000,-161.03180000011514,-26826.18510000002,-26987.216900000512
2026-02-12T14:16:57.000000,-161.03180000011514,-26813.83010000002,-26974.861900000513
2026-02-12T14:17:03.000000,-161.03180000011514,-26833.30070000002,-26994.332500000513
2026-02-12T14:22:07.000000,-161.03180000011514,-26855.042000000023,-27016.073800000515
2026-02-12T14:25:27.000000,-161.03180000011514,-26862.691600000024,-27023.723400000516
2026-02-12T14:29:52.000000,-161.03180000011514,-26884.432900000025,-27045.464700000517
2026-02-12T14:41:27.000000,-181.52175000011488,-26884.432900000025,-27065.954650000516
2026-02-12T14:41:32.000000,-202.01170000011462,-26884.432900000025,-27086.444600000515
2026-02-12T14:41:42.000000,-222.50165000011435,-26884.432900000025,-27106.934550000515
2026-02-12T14:44:42.000000,-222.50165000011435,-26913.916200000025,-27136.417850000515
2026-02-13T10:02:57.000000,-188.15615000011525,-26913.916200000025,-27102.072350000515
2026-02-13T10:06:42.000000,-188.15615000011525,-26935.523100000024,-27123.679250000514
2026-02-13T10:07:27.000000,-188.15615000011525,-26981.964950000023,-27170.121100000513
2026-02-13T10:07:47.000000,-188.15615000011525,-27028.406800000022,-27216.562950000513
2026-02-13T10:11:32.000000,-188.15615000011525,-27036.112400000024,-27224.268550000514
2026-02-13T10:24:17.000000,-188.15615000011525,-27054.479650000023,-27242.635800000513
2026-02-13T10:24:37.000000,-188.15615000011525,-27072.846900000022,-27261.003050000512
2026-02-13T10:32:32.000000,-188.15615000011525,-27252.840700000022,-27440.996850000512
2026-02-13T10:52:47.000000,-188.15615000011525,-27302.821400000023,-27490.977550000513
2026-02-13T10:57:37.000000,-188.15615000011525,-27351.07490000002,-27539.23105000051
2026-02-13T10:57:42.000000,-188.15615000011525,-27399.333200000023,-27587.489350000513
2026-02-13T10:57:47.000000,-188.15615000011525,-27450.596750000022,-27638.752900000512
2026-02-13T10:58:22.000000,-188.15615000011525,-27555.84680000002,-27744.00295000051
2026-02-13T11:20:12.000000,-188.15615000011525,-27563.18600000002,-27751.34215000051
2026-02-13T11:25:27.000000,-188.15615000011525,-27595.18640000002,-27783.34255000051
2026-02-13T13:07:52.000000,-188.15615000011525,-27616.826900000022,-27804.983050000512
2026-02-13T13:21:37.000000,-188.15615000011525,-27629.283800000023,-27817.439950000513
2026-02-13T13:21:57.000000,-188.15615000011525,-27629.743700000025,-27817.899850000515
2026-02-13T13:23:02.000000,-210.08785000011494,-27629.743700000025,-27839.831550000516
2026-02-13T13:25:47.000000,-259.62055000011526,-27629.743700000025,-27889.364250000515
2026-02-13T13:26:02.000000,-295.1511500001159,-27629.743700000025,-27924.894850000517
2026-02-13T13:31:37.000000,-295.1511500001159,-27615.306950000024,-27910.458100000516
2026-02-13T13:32:02.000000,-295.1511500001159,-27594.866900000023,-27890.018050000515
2026-02-13T13:32:17.000000,-358.6523500001159,-27594.866900000023,-27953.519250000514
2026-02-13T13:34:32.000000,-358.6523500001159,-27580.403750000023,-27939.056100000515
2026-02-13T13:36:12.000000,-358.6523500001159,-27406.938350000022,-27765.590700000514
2026-02-13T13:36:12.000000,-358.6523500001159,-27236.471000000023,-27595.123350000515
2026-02-13T13:36:17.000000,-358.6523500001159,-27075.005000000023,-27433.657350000514
2026-02-13T13:36:22.000000,-358.6523500001159,-26892.538250000023,-27251.190600000515
2026-02-13T13:36:27.000000,-358.6523500001159,-26707.06625000002,-27065.718600000513
2026-02-13T13:42:37.000000,-323.00605000011575,-26707.06625000002,-27030.072300000513
2026-02-13T13:43:12.000000,-302.3428000001158,-26707.06625000002,-27009.40905000051
2026-02-13T13:46:17.000000,-302.3428000001158,-26662.45940000002,-26964.80220000051
2026-02-13T13:48:02.000000,-302.3428000001158,-26683.354950000023,-26985.697750000512
2026-02-13T13:49:32.000000,-302.3428000001158,-26691.239750000022,-26993.582550000512
2026-02-13T13:53:27.000000,-302.3428000001158,-26686.204200000022,-26988.54700000051
2026-02-13T13:55:52.000000,-302.3428000001158,-26693.719400000024,-26996.062200000513
2026-02-13T13:58:27.000000,-302.3428000001158,-26688.164000000022,-26990.506800000512
2026-02-13T14:10:47.000000,-302.3428000001158,-26667.661550000023,-26970.004350000512
2026-02-13T14:11:12.000000,-302.3428000001158,-26611.172900000023,-26913.515700000513
2026-02-13T14:11:22.000000,-302.3428000001158,-26569.67930000002,-26872.02210000051
2026-02-13T14:11:22.000000,-302.3428000001158,-26540.17790000002,-26842.52070000051
2026-02-13T14:11:27.000000,-302.3428000001158,-26513.66975000002,-26816.01255000051
2026-02-13T14:12:37.000000,-302.3428000001158,-26521.17375000002,-26823.51655000051
2026-02-13T14:12:47.000000,-302.3428000001158,-26528.67775000002,-26831.02055000051
2026-02-13T14:15:12.000000,-302.3428000001158,-26536.18175000002,-26838.52455000051
2026-02-13T14:15:57.000000,-302.3428000001158,-26544.032950000023,-26846.375750000512
2026-02-13T14:17:47.000000,-302.3428000001158,-26565.931050000025,-26868.273850000514
2026-02-13T14:28:17.000000,-302.3428000001158,-26599.838950000023,-26902.181750000513
2026-02-13T14:38:37.000000,-302.3428000001158,-26607.763750000024,-26910.106550000513
2026-02-13T14:39:02.000000,-302.3428000001158,-26589.705450000023,-26892.048250000513
2026-02-13T14:39:47.000000,-302.3428000001158,-26558.645200000024,-26860.988000000514
2026-02-13T14:40:07.000000,-302.3428000001158,-26566.235600000025,-26868.578400000515
2026-02-13T14:42:37.000000,-302.3428000001158,-26573.826000000026,-26876.168800000516
2026-02-13T14:45:02.000000,-302.3428000001158,-26581.666000000027,-26884.008800000516
2026-02-13T14:45:07.000000,-269.8889500001161,-26581.666000000027,-26851.554950000518
2026-02-24T10:15:27.000000,-269.8889500001161,-26589.629200000025,-26859.518150000516
2026-02-24T10:20:17.000000,-269.8889500001161,-26662.386950000026,-26932.275900000517
2026-02-24T10:22:17.000000,-269.8889500001161,-26748.157050000027,-27018.04600000052
2026-02-24T10:22:27.000000,-269.8889500001161,-26833.92715000003,-27103.81610000052
2026-02-24T10:23:02.000000,-269.8889500001161,-26919.69725000003,-27189.58620000052
2026-02-24T10:23:07.000000,-269.8889500001161,-27005.46735000003,-27275.356300000523
2026-02-24T10:23:17.000000,-269.8889500001161,-27091.237450000033,-27361.126400000525
2026-02-24T10:23:22.000000,-269.8889500001161,-27164.016000000036,-27433.904950000528
2026-02-24T10:23:37.000000,-269.8889500001161,-27236.784150000036,-27506.673100000527
2026-02-24T10:23:57.000000,-269.8889500001161,-27309.56270000004,-27579.45165000053
2026-02-24T10:24:12.000000,-269.8889500001161,-27369.33930000004,-27639.22825000053
2026-02-24T10:26:17.000000,-269.8889500001161,-27403.14320000004,-27673.03215000053
2026-02-24T10:28:32.000000,-269.8889500001161,-27436.95750000004,-27706.846450000532
2026-02-24T10:31:02.000000,-269.8889500001161,-27470.76140000004,-27740.65035000053
2026-02-24T10:32:22.000000,-269.8889500001161,-27491.57375000004,-27761.46270000053
2026-02-24T10:33:12.000000,-269.8889500001161,-27527.22755000004,-27797.11650000053
2026-02-24T10:33:12.000000,-269.8889500001161,-27548.21670000004,-27818.105650000532
2026-02-24T10:33:17.000000,-269.8889500001161,-27568.65465000004,-27838.543600000532
2026-02-24T10:33:37.000000,-269.8889500001161,-27604.30845000004,-27874.197400000532
2026-02-24T10:33:47.000000,-269.8889500001161,-27651.291100000042,-27921.180050000534
2026-02-24T10:34:07.000000,-269.8889500001161,-27646.12035000004,-27916.009300000533
2026-02-24T10:35:17.000000,-269.8889500001161,-27653.95155000004,-27923.840500000533
2026-02-24T10:35:22.000000,-269.8889500001161,-27661.782750000042,-27931.671700000534
2026-02-24T10:35:27.000000,-269.8889500001161,-27669.613950000043,-27939.502900000534
2026-02-24T10:35:32.000000,-269.8889500001161,-27690.436700000042,-27960.325650000534
2026-02-24T10:35:37.000000,-269.8889500001161,-27724.251000000044,-27994.139950000535
2026-02-24T10:35:42.000000,-269.8889500001161,-27758.065300000046,-28027.954250000537
2026-02-24T10:35:52.000000,-269.8889500001161,-27791.879600000048,-28061.76855000054
2026-02-24T10:40:47.000000,-269.8889500001161,-27813.553700000048,-28083.44265000054
2026-02-24T10:41:12.000000,-269.8889500001161,-27835.227800000048,-28105.11675000054
2026-02-24T10:41:27.000000,-269.8889500001161,-27856.901900000048,-28126.79085000054
2026-02-24T10:45:32.000000,-269.8889500001161,-27903.74935000005,-28173.63830000054
2026-02-24T10:52:17.000000,-269.8889500001161,-27925.36745000005,-28195.25640000054
2026-02-24T10:56:12.000000,-269.8889500001161,-27894.30720000005,-28164.196150000542
2026-02-24T10:56:37.000000,-269.8889500001161,-27863.25735000005,-28133.146300000542
2026-02-24T10:57:12.000000,-269.8889500001161,-27858.21140000005,-28128.100350000543
2026-02-24T10:57:32.000000,-269.8889500001161,-27827.17195000005,-28097.060900000542
2026-02-24T10:57:47.000000,-269.8889500001161,-27809.134450000052,-28079.023400000544
2026-02-24T10:57:52.000000,-269.8889500001161,-27791.096950000054,-28060.985900000545
2026-02-24T10:58:12.000000,-269.8889500001161,-27799.042550000053,-28068.931500000544
2026-02-24T10:58:17.000000,-269.8889500001161,-27806.988150000052,-28076.877100000544
2026-02-24T10:58:27.000000,-269.8889500001161,-27814.923350000052,-28084.812300000543
2026-02-24T10:58:32.000000,-269.8889500001161,-27822.85855000005,-28092.747500000543
2026-02-24T10:58:37.000000,-269.8889500001161,-27816.55085000005,-28086.439800000542
2026-02-24T10:58:42.000000,-269.8889500001161,-27810.24315000005,-28080.13210000054
2026-02-24T10:58:52.000000,-269.8889500001161,-27818.17835000005,-28088.06730000054
2026-02-24T10:59:12.000000,-269.8889500001161,-27826.11355000005,-28096.00250000054
2026-02-24T11:02:22.000000,-269.8889500001161,-27834.04875000005,-28103.93770000054
2026-02-24T11:02:37.000000,-269.8889500001161,-27854.975500000048,-28124.86445000054
2026-02-24T11:02:42.000000,-269.8889500001161,-27862.910700000048,-28132.79965000054
2026-02-24T11:02:47.000000,-269.8889500001161,-27870.845900000048,-28140.73485000054
2026-02-24T11:02:52.000000,-269.8889500001161,-27878.781100000047,-28148.67005000054
2026-02-24T11:02:57.000000,-269.8889500001161,-27886.716300000047,-28156.60525000054
2026-02-24T11:03:02.000000,-269.8889500001161,-27894.651500000047,-28164.54045000054
2026-02-24T11:03:07.000000,-269.8889500001161,-27902.586700000047,-28172.47565000054
2026-02-24T11:03:22.000000,-269.8889500001161,-27897.51995000005,-28167.40890000054
2026-02-24T11:03:27.000000,-269.8889500001161,-27892.45320000005,-28162.342150000542
2026-02-24T11:03:42.000000,-269.8889500001161,-27900.37800000005,-28170.266950000543
2026-02-24T11:04:02.000000,-269.8889500001161,-27921.29435000005,-28191.183300000543
2026-02-24T11:04:12.000000,-269.8889500001161,-27954.76545000005,-28224.65440000054
2026-02-24T11:07:17.000000,-260.86895000011646,-27954.76545000005,-28215.63440000054
2026-02-24T11:07:17.000000,-251.8489500001168,-27954.76545000005,-28206.61440000054
2026-02-24T11:07:17.000000,-242.82895000011712,-27954.76545000005,-28197.59440000054
2026-02-24T11:07:17.000000,-233.80895000011745,-27954.76545000005,-28188.57440000054
2026-02-24T11:07:17.000000,-224.78895000011778,-27954.76545000005,-28179.55440000054
2026-02-24T11:07:17.000000,-215.7689500001181,-27954.76545000005,-28170.53440000054
2026-02-24T11:07:17.000000,-206.74895000011844,-27954.76545000005,-28161.51440000054
2026-02-24T11:07:52.000000,-157.7549500001182,-27954.76545000005,-28112.52040000054
2026-02-24T11:08:02.000000,-128.74795000011827,-27954.76545000005,-28083.51340000054
2026-02-24T11:08:17.000000,-55.76955000011856,-27954.76545000005,-28010.53500000054
2026-02-24T11:08:17.000000,17.208849999881153,-27954.76545000005,-27937.55660000054
2026-02-24T11:08:37.000000,138.15604999988125,-27954.76545000005,-27816.60940000054
2026-02-24T11:09:12.000000,179.15524999988165,-27954.76545000005,-27775.610200000538
2026-02-24T11:09:22.000000,220.15444999988205,-27954.76545000005,-27734.611000000536
2026-02-24T11:09:22.000000,261.1536499998824,-27954.76545000005,-27693.611800000534
2026-02-24T11:09:47.000000,298.1554499998822,-27954.76545000005,-27656.610000000535
2026-02-24T11:09:47.000000,335.15724999988197,-27954.76545000005,-27619.608200000537
2026-02-24T11:09:47.000000,372.15904999988174,-27954.76545000005,-27582.60640000054
2026-02-24T11:09:57.000000,417.15564999988135,-27954.76545000005,-27537.60980000054
2026-02-24T11:09:57.000000,462.15224999988095,-27954.76545000005,-27492.613200000542
2026-02-24T11:10:02.000000,499.1540499998807,-27954.76545000005,-27455.611400000544
2026-02-24T11:10:07.000000,536.1558499998805,-27954.76545000005,-27418.609600000545
2026-02-24T11:10:12.000000,585.1498499998808,-27954.76545000005,-27369.615600000547
2026-02-24T11:10:17.000000,622.1516499998805,-27954.76545000005,-27332.61380000055
2026-02-24T11:10:22.000000,631.1716499998802,-27954.76545000005,-27323.593800000548
2026-02-24T11:10:27.000000,636.1942499998792,-27954.76545000005,-27318.571200000548
2026-02-24T11:10:52.000000,645.2142499998788,-27954.76545000005,-27309.551200000547
2026-02-24T11:10:52.000000,654.2342499998784,-27954.76545000005,-27300.531200000547
2026-02-24T11:10:52.000000,663.2542499998781,-27954.76545000005,-27291.511200000547
2026-02-24T11:10:52.000000,672.2742499998777,-27954.76545000005,-27282.491200000546
2026-02-24T11:10:52.000000,681.2942499998774,-27954.76545000005,-27273.471200000546
2026-02-24T11:16:47.000000,681.2942499998774,-27936.69675000005,-27255.402500000546
2026-02-24T11:20:42.000000,681.2942499998774,-27930.36665000005,-27249.072400000547
2026-02-24T11:26:47.000000,681.2942499998774,-28000.80170000005,-27319.507450000547
2026-02-24T11:26:47.000000,681.2942499998774,-28071.23675000005,-27389.942500000547
2026-02-24T11:26:47.000000,681.2942499998774,-28141.67180000005,-27460.377550000547
2026-02-24T11:27:52.000000,681.2942499998774,-28177.32560000005,-27496.031350000547
2026-02-24T11:29:32.000000,681.2942499998774,-28197.794750000052,-27516.500500000548
2026-02-24T13:02:37.000000,595.4825499998767,-28197.794750000052,-27602.31220000055
2026-02-24T13:02:42.000000,496.6688999998763,-28197.794750000052,-27701.12585000055
2026-02-24T13:21:07.000000,496.6688999998763,-28179.73645000005,-27683.06755000055
2026-02-24T13:21:12.000000,496.6688999998763,-28161.67815000005,-27665.00925000055
2026-02-24T13:25:07.000000,496.6688999998763,-28143.43265000005,-27646.763750000548
2026-02-24T13:30:07.000000,496.6688999998763,-28151.01505000005,-27654.346150000547
2026-02-24T13:30:07.000000,510.5104499998764,-28151.01505000005,-27640.504600000546
2026-02-24T13:39:42.000000,510.5104499998764,-28158.773450000048,-27648.263000000545
2026-02-24T13:40:02.000000,519.530449999876,-28158.773450000048,-27639.243000000544
2026-02-24T13:40:02.000000,528.5504499998757,-28158.773450000048,-27630.223000000544
2026-02-24T13:40:02.000000,537.5704499998753,-28158.773450000048,-27621.203000000543
2026-02-24T13:40:02.000000,546.590449999875,-28158.773450000048,-27612.183000000543
2026-02-24T13:40:02.000000,555.6104499998746,-28158.773450000048,-27603.163000000543
2026-02-24T13:40:02.000000,564.6304499998743,-28158.773450000048,-27594.143000000542
2026-02-24T13:40:02.000000,573.6504499998739,-28158.773450000048,-27585.12300000054
2026-02-24T13:40:02.000000,582.6704499998735,-28158.773450000048,-27576.10300000054
2026-02-24T13:41:27.000000,582.6704499998735,-28179.52340000005,-27596.852950000542
2026-02-24T13:41:42.000000,582.6704499998735,-28187.27140000005,-27604.600950000542
2026-02-24T13:42:17.000000,582.6704499998735,-28182.02785000005,-27599.357400000543
2026-02-24T13:42:57.000000,582.6704499998735,-28189.77585000005,-27607.105400000542
2026-02-24T13:45:37.000000,582.6704499998735,-28210.52580000005,-27627.855350000544
2026-02-24T13:53:12.000000,582.6704499998735,-28218.28420000005,-27635.613750000542
2026-02-24T14:03:27.000000,582.6704499998735,-28239.075750000047,-27656.40530000054
2026-02-24T14:03:52.000000,582.6704499998735,-28259.867300000045,-27677.19685000054
2026-02-24T14:04:02.000000,582.6704499998735,-28280.658850000043,-27697.988400000537
2026-02-24T14:10:12.000000,582.6704499998735,-28275.456900000045,-27692.786450000538
2026-02-24T14:10:42.000000,582.6704499998735,-28283.246500000045,-27700.576050000538
2026-02-24T14:10:52.000000,582.6704499998735,-28291.036100000045,-27708.365650000538
2026-02-24T14:11:32.000000,582.6704499998735,-28298.825700000045,-27716.15525000054
2026-02-24T14:15:27.000000,582.6704499998735,-28319.721250000046,-27737.05080000054
2026-02-24T14:16:17.000000,582.6704499998735,-28366.506300000045,-27783.835850000538
2026-02-24T14:16:32.000000,582.6704499998735,-28426.293300000045,-27843.622850000538
2026-02-24T14:19:17.000000,582.6704499998735,-28434.103700000043,-27851.433250000537
2026-02-24T14:19:47.000000,582.6704499998735,-28454.905650000044,-27872.235200000538
2026-02-24T14:19:57.000000,582.6704499998735,-28462.555250000045,-27879.88480000054
2026-02-24T14:20:07.000000,582.6704499998735,-28470.204850000046,-27887.53440000054
2026-02-24T14:20:52.000000,582.6704499998735,-28477.854450000046,-27895.18400000054
2026-02-24T14:22:27.000000,582.6704499998735,-28485.664850000045,-27902.994400000538
2026-02-24T14:28:12.000000,582.6704499998735,-28506.477200000045,-27923.806750000538
2026-02-24T14:31:07.000000,582.6704499998735,-28514.115600000045,-27931.445150000538
2026-02-24T14:31:22.000000,582.6704499998735,-28521.926000000043,-27939.255550000536
2026-02-24T14:31:37.000000,582.6704499998735,-28529.73640000004,-27947.065950000535
2026-02-24T14:31:52.000000,582.6704499998735,-28537.54680000004,-27954.876350000533
2026-02-24T14:32:52.000000,582.6704499998735,-28559.18730000004,-27976.516850000535
2026-02-24T14:32:57.000000,582.6704499998735,-28579.656450000042,-27996.986000000536
2026-02-24T14:33:12.000000,582.6704499998735,-28587.46685000004,-28004.796400000534
2026-02-24T14:33:27.000000,582.6704499998735,-28595.27725000004,-28012.606800000533
2026-02-24T14:33:47.000000,582.6704499998735,-28616.91775000004,-28034.247300000534
2026-02-24T14:33:57.000000,582.6704499998735,-28624.72815000004,-28042.057700000532
2026-02-24T14:39:22.000000,582.6704499998735,-28632.52815000004,-28049.85770000053
2026-02-24T14:39:27.000000,582.6704499998735,-28640.328150000038,-28057.65770000053
2026-02-24T14:39:32.000000,582.6704499998735,-28648.128150000037,-28065.45770000053
2026-02-24T14:41:17.000000,582.6704499998735,-28643.009400000035,-28060.33895000053
2026-02-24T14:45:02.000000,582.6704499998735,-28676.802900000035,-28094.13245000053
2026-02-24T14:59:22.000000,579.6982499998727,-28676.802900000035,-28097.10465000053
2026-02-24T14:59:22.000000,576.7260499998719,-28676.802900000035,-28100.07685000053
2026-02-24T14:59:22.000000,573.753849999871,-28676.802900000035,-28103.04905000053
2026-02-24T14:59:22.000000,566.781049999871,-28676.802900000035,-28110.02185000053
2026-02-24T14:59:22.000000,563.8088499998702,-28676.802900000035,-28112.99405000053
2026-02-25T10:05:32.000000,541.79139999987,-28676.802900000035,-28135.011500000528
2026-02-25T10:05:52.000000,541.79139999987,-28697.771250000034,-28155.979850000527
2026-02-25T10:05:57.000000,541.79139999987,-28731.731150000032,-28189.939750000525
2026-02-25T10:06:02.000000,537.7718499998695,-28731.731150000032,-28193.959300000526
2026-02-25T10:15:07.000000,523.1370499998696,-28731.731150000032,-28208.594100000526
2026-02-25T10:21:02.000000,523.1370499998696,-28751.144150000033,-28228.007100000526
2026-02-25T10:21:07.000000,523.1370499998696,-28770.557150000033,-28247.420100000527
2026-02-25T10:24:12.000000,443.80624999986907,-28770.557150000033,-28326.750900000527
2026-02-25T10:39:27.000000,448.8240499998688,-28770.557150000033,-28321.733100000525
2026-02-25T11:09:27.000000,448.8240499998688,-28802.029550000032,-28353.205500000524
2026-02-25T11:15:27.000000,448.8240499998688,-28845.513350000034,-28396.689300000526
2026-02-25T11:24:37.000000,435.6399499998689,-28845.513350000034,-28409.873400000524
2026-02-25T11:24:42.000000,425.4538999998695,-28845.513350000034,-28420.059450000525
2026-02-25T11:26:42.000000,425.4538999998695,-28881.447150000033,-28455.993250000523
2026-02-25T13:03:02.000000,425.4538999998695,-28888.925550000033,-28463.471650000523
2026-02-25T13:03:37.000000,425.4538999998695,-28896.403950000033,-28470.950050000523
2026-02-25T13:03:42.000000,425.4538999998695,-28903.882350000033,-28478.428450000523
2026-02-25T13:10:47.000000,425.4538999998695,-28937.79025000003,-28512.33635000052
2026-02-25T13:15:17.000000,425.4538999998695,-28921.23625000003,-28495.78235000052
2026-02-25T13:24:47.000000,425.4538999998695,-28928.68585000003,-28503.23195000052
2026-02-25T13:25:27.000000,425.4538999998695,-28948.12765000003,-28522.673750000522
2026-02-25T13:39:02.000000,384.66974999986826,-28948.12765000003,-28563.45790000052
2026-02-25T13:41:12.000000,376.88174999986825,-28948.12765000003,-28571.245900000522
2026-02-25T13:49:47.000000,376.88174999986825,-28984.00545000003,-28607.12370000052
2026-02-25T13:52:22.000000,376.88174999986825,-29005.89235000003,-28629.01060000052
2026-02-25T13:57:12.000000,376.88174999986825,-29013.77715000003,-28636.89540000052
2026-02-25T14:00:07.000000,376.88174999986825,-29021.27555000003,-28644.393800000522
2026-02-25T14:03:27.000000,376.88174999986825,-29003.20685000003,-28626.325100000522
2026-02-25T14:03:47.000000,376.88174999986825,-28998.140100000033,-28621.258350000524
2026-02-25T14:10:22.000000,376.88174999986825,-28992.626150000033,-28615.744400000523
2026-02-25T14:15:22.000000,358.1184999998685,-28992.626150000033,-28634.507650000523
2026-02-25T14:15:27.000000,339.35524999986876,-28992.626150000033,-28653.270900000523
2026-02-25T14:15:37.000000,320.591999999869,-28992.626150000033,-28672.034150000523
2026-02-25T14:15:42.000000,301.8287499998693,-28992.626150000033,-28690.797400000523
2026-02-25T14:18:17.000000,272.0726499998697,-28992.626150000033,-28720.553500000522
2026-02-25T14:18:52.000000,253.30939999986995,-28992.626150000033,-28739.316750000522
2026-02-25T14:19:12.000000,234.54614999987018,-28992.626150000033,-28758.080000000522
2026-02-25T14:19:17.000000,215.7828999998704,-28992.626150000033,-28776.843250000522
2026-02-25T14:20:02.000000,208.02129999987042,-28992.626150000033,-28784.604850000524
2026-02-25T14:20:57.000000,189.25804999987065,-28992.626150000033,-28803.368100000524
2026-02-25T14:25:27.000000,189.25804999987065,-29000.027750000034,-28810.769700000525
2026-02-25T14:26:52.000000,189.25804999987065,-28959.422150000035,-28770.164100000526
2026-02-25T14:27:37.000000,189.25804999987065,-28918.816550000036,-28729.558500000527
2026-02-25T14:31:42.000000,134.03644999987168,-28918.816550000036,-28784.780100000527
2026-02-25T14:32:52.000000,178.03624999987173,-28918.816550000036,-28740.780300000526
2026-02-25T14:33:57.000000,235.02759999987148,-28918.816550000036,-28683.788950000526
2026-02-25T14:34:57.000000,287.7885999998713,-28918.816550000036,-28631.027950000527
2026-02-25T14:40:32.000000,287.7885999998713,-28950.212150000036,-28662.423550000527
2026-02-25T14:44:02.000000,287.7885999998713,-28958.096950000036,-28670.308350000527
2026-02-26T10:02:52.000000,287.7885999998713,-29037.451750000037,-28749.663150000528
2026-02-26T10:12:32.000000,266.8514499998704,-29037.451750000037,-28770.60030000053
2026-02-26T10:12:37.000000,245.9142999998695,-29037.451750000037,-28791.53745000053
2026-02-26T10:31:42.000000,224.3297999998698,-29037.451750000037,-28813.12195000053
2026-02-26T10:36:07.000000,203.43424999986894,-29037.451750000037,-28834.017500000533
2026-02-26T10:36:42.000000,182.53869999986807,-29037.451750000037,-28854.913050000534
2026-02-26T10:48:12.000000,213.65094999986724,-29037.451750000037,-28823.800800000536
2026-02-26T10:56:57.000000,213.65094999986724,-29031.356850000037,-28817.705900000536
2026-02-26T10:58:12.000000,213.65094999986724,-29052.941350000037,-28839.290400000536
2026-02-26T11:02:52.000000,192.75539999986637,-29052.941350000037,-28860.185950000538
2026-02-26T11:16:17.000000,192.75539999986637,-29074.514650000037,-28881.759250000538
2026-02-26T11:21:22.000000,192.75539999986637,-29096.40155000004,-28903.64615000054
2026-02-26T11:22:22.000000,192.75539999986637,-29117.099500000037,-28924.344100000537
2026-02-26T13:02:17.000000,192.75539999986637,-29151.007400000035,-28958.252000000535
2026-02-26T13:02:22.000000,192.75539999986637,-29184.707300000035,-28991.951900000535
2026-02-26T13:06:27.000000,192.75539999986637,-29206.627800000035,-29013.872400000535
2026-02-26T13:10:12.000000,192.75539999986637,-29227.564950000036,-29034.809550000537
2026-02-26T13:10:32.000000,192.75539999986637,-29248.502100000038,-29055.746700000538
2026-02-26T13:10:47.000000,192.75539999986637,-29269.43925000004,-29076.68385000054
2026-02-26T13:11:42.000000,192.75539999986637,-29288.27290000004,-29095.51750000054
2026-02-26T13:11:57.000000,192.75539999986637,-29296.20810000004,-29103.45270000054
2026-02-26T13:13:32.000000,192.75539999986637,-29320.08250000004,-29127.32710000054
2026-02-26T13:15:47.000000,192.75539999986637,-29327.95450000004,-29135.19910000054
2026-02-26T13:17:37.000000,192.75539999986637,-29349.86380000004,-29157.10840000054
2026-02-26T13:18:27.000000,192.75539999986637,-29357.78860000004,-29165.03320000054
2026-02-26T13:18:47.000000,192.75539999986637,-29365.71340000004,-29172.95800000054
2026-02-26T13:19:12.000000,192.75539999986637,-29373.63820000004,-29180.88280000054
2026-02-26T13:19:32.000000,192.75539999986637,-29381.563000000042,-29188.807600000542
2026-02-26T13:20:57.000000,192.75539999986637,-29402.47935000004,-29209.72395000054
2026-02-26T13:21:22.000000,192.75539999986637,-29423.39570000004,-29230.64030000054
2026-02-26T13:25:32.000000,192.75539999986637,-29431.310100000042,-29238.554700000543
2026-02-26T13:26:27.000000,192.75539999986637,-29439.224500000044,-29246.469100000544
2026-02-26T13:26:32.000000,192.75539999986637,-29447.138900000045,-29254.383500000546
2026-02-26T13:50:12.000000,192.75539999986637,-29455.010900000045,-29262.255500000545
2026-02-26T14:01:47.000000,192.75539999986637,-29478.872500000045,-29286.117100000545
2026-02-26T14:05:47.000000,192.75539999986637,-29499.757650000043,-29307.002250000543
2026-02-26T14:10:37.000000,192.75539999986637,-29507.640850000043,-29314.885450000544
2026-02-26T14:10:42.000000,192.75539999986637,-29515.524050000044,-29322.768650000544
2026-02-26T14:12:02.000000,192.75539999986637,-29523.407250000044,-29330.651850000544
2026-02-26T14:12:17.000000,192.75539999986637,-29531.290450000044,-29338.535050000544
2026-02-26T14:12:32.000000,192.75539999986637,-29539.173650000044,-29346.418250000545
2026-02-26T14:12:57.000000,192.75539999986637,-29547.056850000045,-29354.301450000545
2026-02-26T14:13:32.000000,192.75539999986637,-29554.940050000045,-29362.184650000545
2026-02-26T14:14:42.000000,192.75539999986637,-29562.823250000045,-29370.067850000545
2026-02-26T14:14:47.000000,192.75539999986637,-29570.706450000045,-29377.951050000545
2026-02-26T14:15:12.000000,192.75539999986637,-29604.375150000047,-29411.619750000547
2026-02-26T14:37:47.000000,192.75539999986637,-29573.148500000047,-29380.393100000547
2026-02-26T14:42:52.000000,192.75539999986637,-29594.033650000045,-29401.278250000545
2026-02-26T14:45:02.000000,192.75539999986637,-29615.898150000045,-29423.142750000545
2026-02-27T10:10:02.000000,173.16319999986592,-29615.898150000045,-29442.734950000544
2026-02-27T10:10:52.000000,165.73279999986593,-29615.898150000045,-29450.165350000545
2026-02-27T10:12:07.000000,158.31199999986592,-29615.898150000045,-29457.586150000545
2026-02-27T10:21:07.000000,158.31199999986592,-29649.442050000045,-29491.130050000545
2026-02-27T10:23:17.000000,158.31199999986592,-29670.348000000045,-29512.036000000546
2026-02-27T10:24:47.000000,158.31199999986592,-29710.340000000044,-29552.028000000544
2026-02-27T10:30:42.000000,158.31199999986592,-29686.335200000045,-29528.023200000545
2026-02-27T10:30:52.000000,158.31199999986592,-29662.330400000046,-29504.018400000547
2026-02-27T10:31:12.000000,158.31199999986592,-29681.810600000044,-29523.498600000545
2026-02-27T10:39:22.000000,158.31199999986592,-29689.413000000044,-29531.101000000544
2026-02-27T10:43:02.000000,166.36559999986557,-29689.413000000044,-29523.047400000545
2026-02-27T10:52:22.000000,166.36559999986557,-29723.112900000044,-29556.747300000545
2026-02-27T10:53:02.000000,166.36559999986557,-29756.812800000043,-29590.447200000544
2026-02-27T10:59:47.000000,144.46749999986463,-29756.812800000043,-29612.345300000547
2026-02-27T11:04:47.000000,144.46749999986463,-29800.219800000043,-29655.752300000546
2026-02-27T11:08:37.000000,144.46749999986463,-29819.64240000004,-29675.174900000544
2026-02-27T11:09:12.000000,144.46749999986463,-29839.06500000004,-29694.597500000542
2026-02-27T11:09:22.000000,144.46749999986463,-29858.487600000037,-29714.02010000054
2026-02-27T11:09:32.000000,144.46749999986463,-29877.910200000035,-29733.442700000538
2026-02-27T11:10:47.000000,144.46749999986463,-29899.517100000034,-29755.049600000537
2026-02-27T11:13:47.000000,144.46749999986463,-30026.965500000035,-29882.498000000538
2026-02-27T11:22:17.000000,144.46749999986463,-30021.763550000036,-29877.29605000054
2026-02-27T11:24:22.000000,144.46749999986463,-30029.368350000037,-29884.90085000054
2026-02-27T13:02:32.000000,144.46749999986463,-30006.847050000037,-29862.37955000054
2026-02-27T13:04:12.000000,144.46749999986463,-30094.795050000037,-29950.32755000054
2026-02-27T13:10:32.000000,144.46749999986463,-30141.340900000036,-29996.87340000054
2026-02-27T13:12:07.000000,144.46749999986463,-30148.876900000036,-30004.40940000054
2026-02-27T13:12:57.000000,144.46749999986463,-30171.415150000037,-30026.94765000054
2026-02-27T13:13:42.000000,144.46749999986463,-30178.807150000037,-30034.33965000054
2026-02-27T13:19:47.000000,144.46749999986463,-30246.272150000037,-30101.80465000054
2026-02-27T13:24:07.000000,144.46749999986463,-30267.856650000038,-30123.38915000054
2026-02-27T13:25:22.000000,144.46749999986463,-30301.44215000004,-30156.974650000542
2026-02-27T13:25:32.000000,144.46749999986463,-30338.982650000038,-30194.51515000054
2026-02-27T13:26:57.000000,144.46749999986463,-30374.569250000037,-30230.10175000054
2026-02-27T13:27:32.000000,144.46749999986463,-30395.17360000004,-30250.70610000054
2026-02-27T13:30:02.000000,144.46749999986463,-30428.76950000004,-30284.30200000054
2026-02-27T13:30:12.000000,144.46749999986463,-30462.36540000004,-30317.897900000542
2026-02-27T13:30:27.000000,144.46749999986463,-30495.96130000004,-30351.493800000542
2026-02-27T13:32:02.000000,144.46749999986463,-30517.89300000004,-30373.425500000543
2026-02-27T13:32:17.000000,144.46749999986463,-30539.82470000004,-30395.357200000544
2026-02-27T13:32:32.000000,144.46749999986463,-30560.429050000042,-30415.961550000546
2026-02-27T13:32:52.000000,144.46749999986463,-30557.92355000004,-30413.456050000543
2026-02-27T13:32:52.000000,144.46749999986463,-30604.68780000004,-30460.220300000543
2026-02-27T13:36:27.000000,144.46749999986463,-30638.29410000004,-30493.826600000542
2026-02-27T13:40:22.000000,144.46749999986463,-30632.90495000004,-30488.437450000543
2026-02-27T13:41:17.000000,144.46749999986463,-30630.79945000004,-30486.331950000542
2026-02-27T13:42:57.000000,144.46749999986463,-30638.609850000037,-30494.14235000054
2026-02-27T13:45:17.000000,144.46749999986463,-30646.15545000004,-30501.68795000054
2026-02-27T13:45:22.000000,144.46749999986463,-30653.70105000004,-30509.233550000543
2026-02-27T13:45:22.000000,144.46749999986463,-30661.23705000004,-30516.769550000543
2026-02-27T13:45:37.000000,144.46749999986463,-30668.77305000004,-30524.305550000543
2026-02-27T13:46:07.000000,144.46749999986463,-30691.29930000004,-30546.831800000542
2026-02-27T13:48:22.000000,144.46749999986463,-30698.89130000004,-30554.423800000543
2026-02-27T13:59:52.000000,136.92189999986462,-30698.89130000004,-30561.969400000544
2026-02-27T14:03:02.000000,136.92189999986462,-30706.49370000004,-30569.571800000544
2026-02-27T14:03:17.000000,136.92189999986462,-30714.09610000004,-30577.174200000543
2026-02-27T14:07:47.000000,136.92189999986462,-30721.948100000038,-30585.026200000542
2026-02-27T14:09:27.000000,136.92189999986462,-30742.79165000004,-30605.869750000544
2026-02-27T14:10:27.000000,136.92189999986462,-30764.71215000004,-30627.790250000544
2026-02-27T14:10:57.000000,141.37809999986436,-30764.71215000004,-30623.334050000543
2026-02-27T14:11:12.000000,157.82649999986384,-30764.71215000004,-30606.885650000542
2026-02-27T14:19:12.000000,157.82649999986384,-30787.26240000004,-30629.435900000542
2026-02-27T14:22:17.000000,157.82649999986384,-30809.81265000004,-30651.986150000543
2026-02-27T14:22:52.000000,157.82649999986384,-30830.42740000004,-30672.600900000543
2026-02-27T14:24:17.000000,157.82649999986384,-30851.04215000004,-30693.215650000544
2026-02-27T14:39:02.000000,157.82649999986384,-30858.658150000043,-30700.831650000546
2026-02-27T14:41:32.000000,157.82649999986384,-30854.249950000045,-30696.423450000548
2026-02-27T14:41:52.000000,157.82649999986384,-30876.192850000047,-30718.36635000055
2026-02-27T14:42:57.000000,157.82649999986384,-30896.807600000047,-30738.98110000055
2026-03-03T09:53:52.000000,126.19089999986436,-30896.807600000047,-30770.616700000548
2026-03-03T09:55:12.000000,34.53669999986508,-30896.807600000047,-30862.27090000055
2026-03-03T10:06:07.000000,33.75374999986493,-30896.807600000047,-30863.05385000055
2026-03-03T10:06:37.000000,4.988999999864134,-30896.807600000047,-30891.81860000055
2026-03-03T10:08:07.000000,75.09669999986478,-30896.807600000047,-30821.71090000055
2026-03-03T10:08:17.000000,210.19334999986523,-30896.807600000047,-30686.61425000055
2026-03-03T10:08:37.000000,293.94379999986575,-30896.807600000047,-30602.863800000552
2026-03-03T10:09:12.000000,405.6872499998657,-30896.807600000047,-30491.12035000055
2026-03-03T10:09:32.000000,426.1650499998651,-30896.807600000047,-30470.64255000055
2026-03-03T10:09:57.000000,443.47279999986546,-30896.807600000047,-30453.33480000055
2026-03-03T10:10:07.000000,505.78729999986575,-30896.807600000047,-30391.02030000055
2026-03-03T10:10:17.000000,578.1152999998658,-30896.807600000047,-30318.692300000548
2026-03-03T10:11:07.000000,544.6025999998652,-30896.807600000047,-30352.205000000547
2026-03-03T10:12:02.000000,513.3029999998657,-30896.807600000047,-30383.504600000546
2026-03-03T10:12:32.000000,541.061849999865,-30896.807600000047,-30355.745750000548
2026-03-03T10:13:07.000000,482.0684499998654,-30896.807600000047,-30414.739150000547
2026-03-03T10:18:17.000000,397.5383499998649,-30896.807600000047,-30499.269250000547
2026-03-03T10:19:37.000000,369.97119999986484,-30896.807600000047,-30526.836400000546
2026-03-03T10:21:47.000000,410.6679999998649,-30896.807600000047,-30486.139600000544
2026-03-03T10:23:42.000000,389.8036499998652,-30896.807600000047,-30507.003950000544
2026-03-03T10:23:57.000000,394.9223999998649,-30896.807600000047,-30501.885200000543
2026-03-03T10:27:42.000000,387.6647999998649,-30896.807600000047,-30509.142800000544
2026-03-03T10:30:07.000000,387.6647999998649,-30964.51580000005,-30576.851000000544
2026-03-03T10:31:07.000000,387.6647999998649,-30972.44380000005,-30584.779000000544
2026-03-03T10:34:12.000000,387.6647999998649,-31088.178400000048,-30700.513600000544
2026-03-03T10:38:57.000000,474.89104999986375,-31088.178400000048,-30613.287350000544
2026-03-03T10:41:47.000000,474.89104999986375,-31111.90560000005,-30637.014550000546
2026-03-03T10:43:17.000000,474.89104999986375,-31111.654800000048,-30636.763750000544
2026-03-03T10:48:22.000000,474.89104999986375,-31131.44220000005,-30656.551150000545
2026-03-03T10:49:32.000000,474.89104999986375,-31171.242200000048,-30696.351150000544
2026-03-03T10:49:42.000000,474.89104999986375,-31211.042200000047,-30736.151150000544
2026-03-03T10:50:52.000000,474.89104999986375,-31232.374700000048,-30757.483650000544
2026-03-03T10:55:57.000000,474.89104999986375,-31344.075900000047,-30869.184850000544
2026-03-03T11:02:17.000000,474.89104999986375,-31391.521900000047,-30916.630850000543
2026-03-03T11:04:52.000000,474.89104999986375,-31447.37550000005,-30972.484450000546
2026-03-03T11:13:22.000000,474.89104999986375,-31455.234700000048,-30980.343650000545
2026-03-03T11:14:42.000000,467.45104999986376,-31455.234700000048,-30987.783650000543
2026-03-03T11:14:52.000000,467.45104999986376,-31432.686200000047,-30965.235150000542
2026-03-03T11:16:52.000000,467.45104999986376,-31440.46220000005,-30973.011150000544
2026-03-03T11:17:07.000000,467.45104999986376,-31448.321400000048,-30980.870350000543
2026-03-03T11:17:52.000000,467.45104999986376,-31456.180600000047,-30988.729550000542
2026-03-03T11:19:57.000000,467.45104999986376,-31480.029400000047,-31012.578350000542
2026-03-03T11:25:07.000000,467.45104999986376,-31503.878200000046,-31036.42715000054
2026-03-03T11:26:32.000000,467.45104999986376,-31527.727000000046,-31060.27595000054
2026-03-03T11:26:52.000000,467.45104999986376,-31567.578200000047,-31100.127150000542
2026-03-03T11:28:02.000000,467.45104999986376,-31607.42940000005,-31139.978350000543
2026-03-03T11:29:07.000000,467.45104999986376,-31647.28060000005,-31179.829550000544
2026-03-03T11:29:27.000000,467.45104999986376,-31687.13180000005,-31219.680750000545
2026-03-03T11:29:32.000000,467.45104999986376,-31778.84360000005,-31311.392550000546
2026-03-03T13:01:12.000000,467.45104999986376,-31786.69000000005,-31319.238950000545
2026-03-03T13:02:02.000000,467.45104999986376,-31778.546800000047,-31311.095750000542
2026-03-03T13:02:22.000000,467.45104999986376,-31947.372700000047,-31479.921650000542
2026-03-03T13:04:57.000000,467.45104999986376,-32041.22575000005,-31573.774700000544
2026-03-03T13:06:12.000000,467.45104999986376,-32045.13730000005,-31577.686250000545
2026-03-03T13:06:17.000000,467.45104999986376,-32043.055150000047,-31575.604100000543
2026-03-03T13:09:17.000000,467.45104999986376,-32201.57715000005,-31734.126100000543
2026-03-03T13:11:32.000000,467.45104999986376,-32224.17795000005,-31756.726900000544
2026-03-03T13:12:12.000000,467.45104999986376,-32286.75595000005,-31819.304900000545
2026-03-03T13:12:37.000000,467.45104999986376,-32333.33475000005,-31865.883700000544
2026-03-03T13:16:32.000000,467.45104999986376,-32250.266700000047,-31782.815650000543
2026-03-03T13:17:52.000000,467.45104999986376,-32246.026500000047,-31778.575450000542
2026-03-03T13:18:12.000000,467.45104999986376,-32253.951300000048,-31786.500250000543
2026-03-03T13:18:32.000000,467.45104999986376,-32249.658300000046,-31782.20725000054
2026-03-03T13:18:52.000000,502.62214999986395,-32249.658300000046,-31747.036150000542
2026-03-03T13:19:02.000000,531.8043499998632,-32249.658300000046,-31717.853950000543
2026-03-03T13:19:02.000000,563.986999999863,-32249.658300000046,-31685.671300000544
2026-03-03T13:19:17.000000,593.1763999998633,-32249.658300000046,-31656.481900000545
2026-03-03T13:19:17.000000,622.3657999998636,-32249.658300000046,-31627.292500000545
2026-03-03T13:19:22.000000,648.5571499998634,-32249.658300000046,-31601.101150000544
2026-03-03T13:19:32.000000,665.7543499998629,-32249.658300000046,-31583.903950000546
2026-03-03T13:19:37.000000,682.9515499998624,-32249.658300000046,-31566.706750000547
2026-03-03T13:19:42.000000,697.1506999998625,-32249.658300000046,-31552.507600000547
2026-03-03T13:19:47.000000,708.3517999998621,-32249.658300000046,-31541.306500000548
2026-03-03T13:20:12.000000,716.5668499998624,-32249.658300000046,-31533.09145000055
2026-03-03T13:20:27.000000,718.7905999998627,-32249.658300000046,-31530.86770000055
2026-03-03T13:20:37.000000,712.0201999998627,-32249.658300000046,-31537.63810000055
2026-03-03T13:20:42.000000,705.2497999998627,-32249.658300000046,-31544.40850000055
2026-03-03T13:20:47.000000,695.4813499998622,-32249.658300000046,-31554.17695000055
2026-03-03T13:20:52.000000,676.7139499998625,-32249.658300000046,-31572.94435000055
2026-03-03T13:20:57.000000,654.9484999998623,-32249.658300000046,-31594.70980000055
2026-03-03T13:21:07.000000,624.1840999998628,-32249.658300000046,-31625.47420000055
2026-03-03T13:22:57.000000,624.1840999998628,-32231.298400000047,-31607.11430000055
2026-03-03T13:26:57.000000,755.3551999998621,-32231.298400000047,-31475.94320000055
2026-03-03T13:27:07.000000,901.5213499998615,-32231.298400000047,-31329.77705000055
2026-03-03T13:27:17.000000,1059.6868999998617,-32231.298400000047,-31171.61150000055
2026-03-03T13:27:22.000000,1223.8509499998618,-32231.298400000047,-31007.44745000055
2026-03-03T13:27:27.000000,1388.0149999998619,-32231.298400000047,-30843.28340000055
2026-03-03T13:27:32.000000,1558.1775499998619,-32231.298400000047,-30673.12085000055
2026-03-03T13:27:37.000000,1728.3400999998619,-32231.298400000047,-30502.958300000548
2026-03-03T13:27:42.000000,1898.5002499998618,-32231.298400000047,-30332.798150000548
2026-03-03T13:27:47.000000,2074.6588999998617,-32231.298400000047,-30156.639500000547
2026-03-03T13:27:52.000000,2247.817099999862,-32231.298400000047,-29983.481300000545
2026-03-03T13:27:57.000000,2420.9704999998626,-32231.298400000047,-29810.327900000546
2026-03-03T13:28:02.000000,2588.1229999998623,-32231.298400000047,-29643.175400000546
2026-03-03T13:33:17.000000,2556.477799999862,-32231.298400000047,-29674.820600000545
2026-03-03T13:33:22.000000,2556.477799999862,-32181.168250000046,-29624.690450000544
2026-03-03T13:40:02.000000,2556.477799999862,-32125.003600000047,-29568.525800000545
2026-03-03T13:52:07.000000,2556.477799999862,-32092.613600000048,-29536.135800000546
2026-03-03T13:53:02.000000,2556.477799999862,-32068.21520000005,-29511.737400000547
2026-03-03T13:53:17.000000,2556.477799999862,-32039.81940000005,-29483.34160000055
2026-03-03T13:55:47.000000,2556.477799999862,-31975.42140000005,-29418.943600000548
2026-03-03T13:55:52.000000,2556.477799999862,-31911.02340000005,-29354.545600000547
2026-03-03T13:57:02.000000,2556.477799999862,-31866.597200000047,-29310.119400000545
2026-03-03T13:59:07.000000,2594.7141499998615,-31866.597200000047,-29271.883050000546
2026-03-03T13:59:12.000000,2594.7141499998615,-31802.170400000046,-29207.456250000545
2026-03-03T13:59:22.000000,2677.6196499998614,-31802.170400000046,-29124.550750000544
2026-03-03T13:59:27.000000,2697.858099999861,-31802.170400000046,-29104.312300000543
2026-03-03T14:02:47.000000,2666.337699999861,-31802.170400000046,-29135.832700000545
2026-03-03T14:14:37.000000,2659.975299999861,-31802.170400000046,-29142.195100000547
2026-03-03T14:16:27.000000,2731.3005999998604,-31802.170400000046,-29070.869800000546
2026-03-03T14:16:37.000000,2811.6272499998604,-31802.170400000046,-28990.543150000547
2026-03-03T14:16:47.000000,2888.9630499998607,-31802.170400000046,-28913.207350000546
2026-03-03T14:17:12.000000,2948.2985499998613,-31802.170400000046,-28853.871850000545
2026-03-03T14:17:22.000000,3007.631649999861,-31802.170400000046,-28794.538750000545
2026-03-03T14:17:32.000000,2951.944449999861,-31802.170400000046,-28850.225950000546
2026-03-03T14:19:57.000000,2951.944449999861,-31770.71495000005,-28818.770500000548
2026-03-03T14:21:37.000000,2968.479249999861,-31770.71495000005,-28802.235700000547
2026-03-03T14:21:57.000000,3009.008049999861,-31770.71495000005,-28761.706900000547
2026-03-03T14:22:17.000000,3073.530849999861,-31770.71495000005,-28697.184100000548
2026-03-03T14:22:37.000000,3150.0458499998613,-31770.71495000005,-28620.66910000055
2026-03-03T14:22:42.000000,3226.5608499998616,-31770.71495000005,-28544.15410000055
2026-03-03T14:22:47.000000,3315.0680499998616,-31770.71495000005,-28455.64690000055
2026-03-03T14:22:52.000000,3403.5752499998616,-31770.71495000005,-28367.13970000055
2026-03-03T14:22:57.000000,3504.0746499998613,-31770.71495000005,-28266.64030000055
2026-03-03T14:23:02.000000,3580.580049999862,-31770.71495000005,-28190.134900000547
2026-03-03T14:23:07.000000,3657.0854499998622,-31770.71495000005,-28113.629500000545
2026-03-03T14:23:12.000000,3721.5890499998627,-31770.71495000005,-28049.125900000545
2026-03-03T14:23:17.000000,3786.092649999863,-31770.71495000005,-27984.622300000545
2026-03-03T14:23:27.000000,3862.5980499998636,-31770.71495000005,-27908.116900000543
2026-03-03T14:24:12.000000,3927.1208499998634,-31770.71495000005,-27843.594100000544
2026-03-03T14:25:27.000000,3967.6400499998635,-31770.71495000005,-27803.074900000545
2026-03-03T14:25:37.000000,3996.167049999864,-31770.71495000005,-27774.547900000543
2026-03-03T14:25:47.000000,4012.7018499998644,-31770.71495000005,-27758.013100000542
2026-03-03T14:26:52.000000,4012.7018499998644,-31681.41815000005,-27668.716300000542
2026-03-03T14:26:57.000000,4012.7018499998644,-31592.12375000005,-27579.421900000543
2026-03-03T14:29:52.000000,4012.7018499998644,-31641.70125000005,-27628.999400000543
2026-03-03T14:30:12.000000,4117.0080999998645,-31641.70125000005,-27524.69315000054
2026-03-03T14:30:22.000000,4224.314799999865,-31641.70125000005,-27417.38645000054
2026-03-03T14:33:42.000000,4210.897899999864,-31641.70125000005,-27430.80335000054
2026-03-03T14:34:02.000000,4167.481299999864,-31641.70125000005,-27474.21995000054
2026-03-03T14:36:07.000000,4167.481299999864,-31613.27985000005,-27445.79855000054
2026-03-03T14:36:12.000000,4167.481299999864,-31584.85845000005,-27417.377150000542
2026-03-03T14:36:32.000000,4167.481299999864,-31544.44485000005,-27376.963550000542
2026-03-03T14:36:37.000000,4167.481299999864,-31504.03125000005,-27336.549950000543
2026-03-03T14:36:42.000000,4167.481299999864,-31451.62545000005,-27284.144150000542
2026-03-03T14:36:47.000000,4167.481299999864,-31399.210050000052,-27231.728750000544
2026-03-03T14:36:52.000000,4167.481299999864,-31334.802450000054,-27167.321150000545
2026-03-03T14:36:57.000000,4167.481299999864,-31270.394850000055,-27102.913550000547
2026-03-03T14:37:02.000000,4167.481299999864,-31205.987250000057,-27038.50595000055
2026-03-03T14:37:07.000000,4167.481299999864,-31141.579650000058,-26974.09835000055
2026-03-03T14:37:12.000000,4167.481299999864,-31053.178050000057,-26885.69675000055
2026-03-03T14:37:17.000000,4167.481299999864,-30976.768650000056,-26809.287350000548
2026-03-03T14:37:22.000000,4167.481299999864,-30900.359250000056,-26732.877950000548
2026-03-03T14:37:27.000000,4167.481299999864,-30811.948050000057,-26644.46675000055
2026-03-03T14:37:32.000000,4167.481299999864,-30711.535050000057,-26544.05375000055
2026-03-03T14:37:37.000000,4167.481299999864,-30623.114250000057,-26455.63295000055
2026-03-03T14:37:42.000000,4167.481299999864,-30534.693450000057,-26367.21215000055
2026-03-03T14:37:47.000000,4167.481299999864,-30446.263050000056,-26278.781750000548
2026-03-03T14:37:47.000000,4101.311499999864,-30446.263050000056,-26344.951550000547
2026-03-03T14:37:52.000000,4101.311499999864,-30357.832650000055,-26256.521150000546
2026-03-03T14:38:02.000000,4101.311499999864,-30269.392650000056,-26168.081150000547
2026-03-03T14:38:12.000000,4101.311499999864,-30204.946650000056,-26103.635150000548
2026-03-03T14:38:17.000000,4101.311499999864,-30140.500650000056,-26039.189150000548
2026-03-03T14:38:57.000000,4101.311499999864,-30112.040850000056,-26010.729350000547
2026-03-03T14:39:12.000000,4101.311499999864,-30071.588850000055,-25970.277350000546
2026-03-03T14:45:47.000000,4101.127599999864,-30071.588850000055,-25970.461250000546
2026-03-04T10:00:27.000000,4288.544049999865,-30071.588850000055,-25783.044800000545
2026-03-04T10:00:27.000000,4386.447799999865,-30071.588850000055,-25685.141050000544
2026-03-04T10:00:32.000000,4586.855799999866,-30071.588850000055,-25484.733050000545
2026-03-04T10:00:37.000000,4787.263799999866,-30071.588850000055,-25284.325050000545
2026-03-04T10:00:47.000000,4935.695199999866,-30071.588850000055,-25135.893650000544
2026-03-04T10:00:52.000000,5097.128549999867,-30071.588850000055,-24974.460300000545
2026-03-04T10:00:57.000000,5323.540449999867,-30071.588850000055,-24748.048400000545
2026-03-04T10:01:07.000000,5651.325249999866,-30071.588850000055,-24420.263600000548
2026-03-04T10:01:12.000000,5979.098849999867,-30071.588850000055,-24092.490000000547
2026-03-04T10:01:22.000000,6283.460049999867,-30071.588850000055,-23788.128800000548
2026-03-04T10:02:12.000000,6505.4585499998675,-30071.588850000055,-23566.130300000546
2026-03-04T10:02:12.000000,6717.455549999866,-30071.588850000055,-23354.133300000547
2026-03-04T10:02:12.000000,6954.456299999865,-30071.588850000055,-23117.132550000548
2026-03-04T10:02:17.000000,7206.451299999865,-30071.588850000055,-22865.13755000055
2026-03-04T10:05:27.000000,7230.942499999865,-30071.588850000055,-22840.64635000055
2026-03-04T10:06:37.000000,7243.415899999864,-30071.588850000055,-22828.17295000055
2026-03-04T10:06:42.000000,7259.8834999998635,-30071.588850000055,-22811.70535000055
2026-03-04T10:07:02.000000,7276.341499999864,-30071.588850000055,-22795.247350000547
2026-03-04T10:12:52.000000,7276.341499999864,-30027.225050000055,-22750.883550000548
2026-03-04T10:14:17.000000,7276.341499999864,-29894.500850000055,-22618.159350000547
2026-03-04T10:14:22.000000,7276.341499999864,-29761.776650000054,-22485.435150000547
2026-03-04T10:14:32.000000,7276.341499999864,-29657.039850000056,-22380.698350000548
2026-03-04T10:17:32.000000,7228.049599999864,-29657.039850000056,-22428.99025000055
2026-03-04T10:20:42.000000,7278.7317499998635,-29657.039850000056,-22378.308100000548
2026-03-04T10:21:12.000000,7290.446449999863,-29657.039850000056,-22366.593400000547
2026-03-04T10:29:32.000000,7238.532499999864,-29657.039850000056,-22418.507350000546
2026-03-04T10:29:47.000000,7201.618399999863,-29657.039850000056,-22455.421450000547
2026-03-04T10:29:52.000000,7155.7029499998625,-29657.039850000056,-22501.336900000548
2026-03-04T10:29:57.000000,7121.786899999863,-29657.039850000056,-22535.252950000548
2026-03-04T10:36:42.000000,7090.343299999862,-29657.039850000056,-22566.69655000055
2026-03-04T10:44:47.000000,7090.343299999862,-29619.734050000057,-22529.39075000055
2026-03-04T10:45:02.000000,7090.343299999862,-29471.169850000057,-22380.82655000055
2026-03-04T10:45:37.000000,7090.343299999862,-29250.623650000056,-22160.28035000055
2026-03-04T10:45:42.000000,7090.343299999862,-29042.069650000056,-21951.72635000055
2026-03-04T10:45:47.000000,7090.343299999862,-28833.515650000056,-21743.17235000055
2026-03-04T10:46:02.000000,7090.343299999862,-28600.967650000057,-21510.62435000055
2026-03-04T10:46:07.000000,7090.343299999862,-28392.404050000056,-21302.06075000055
2026-03-04T10:46:17.000000,7090.343299999862,-28183.830850000057,-21093.48755000055
2026-03-04T10:46:22.000000,7090.343299999862,-27987.259450000056,-20896.91615000055
2026-03-04T10:46:52.000000,7090.343299999862,-27822.891400000055,-20732.54810000055
2026-03-04T10:46:52.000000,7090.343299999862,-27497.654400000054,-20407.31110000055
2026-03-04T10:47:22.000000,7142.921899999862,-27497.654400000054,-20354.732500000548
2026-03-04T10:47:27.000000,7142.921899999862,-27360.290400000053,-20217.368500000546
2026-03-04T10:47:27.000000,7142.921899999862,-27231.920550000053,-20088.998650000547
2026-03-04T10:47:32.000000,7190.810149999862,-27231.920550000053,-20041.110400000547
2026-03-04T10:47:42.000000,7213.714649999862,-27231.920550000053,-20018.205900000547
2026-03-04T10:47:42.000000,7236.619149999861,-27231.920550000053,-19995.301400000546
2026-03-04T10:47:47.000000,7236.619149999861,-27139.544100000054,-19902.924950000546
2026-03-04T10:49:02.000000,7236.619149999861,-27026.966100000052,-19790.346950000545
2026-03-04T10:49:07.000000,7236.619149999861,-26914.38810000005,-19677.768950000544
2026-03-04T10:49:12.000000,7236.619149999861,-26765.82390000005,-19529.204750000543
2026-03-04T10:49:17.000000,7236.619149999861,-26641.24410000005,-19404.624950000543
2026-03-04T10:49:37.000000,7236.619149999861,-26551.83690000005,-19315.217750000542
2026-03-04T10:49:42.000000,7236.619149999861,-26456.43120000005,-19219.812050000543
2026-03-04T10:49:52.000000,7236.619149999861,-26379.01140000005,-19142.392250000543
2026-03-04T10:49:57.000000,7236.619149999861,-26295.59070000005,-19058.971550000544
2026-03-04T10:51:42.000000,7385.964149999862,-26295.59070000005,-18909.626550000543
2026-03-04T10:55:17.000000,7336.487449999861,-26295.59070000005,-18959.103250000542
2026-03-04T11:05:22.000000,7276.700449999861,-26295.59070000005,-19018.890250000542
2026-03-04T11:05:47.000000,7199.432349999862,-26295.59070000005,-19096.158350000544
2026-03-04T11:05:52.000000,7115.174399999861,-26295.59070000005,-19180.416300000543
2026-03-04T11:06:07.000000,7023.904199999862,-26295.59070000005,-19271.686500000542
2026-03-04T11:11:02.000000,6951.1880499998615,-26295.59070000005,-19344.402650000542
2026-03-04T11:11:17.000000,6904.475799999861,-26295.59070000005,-19391.114900000543
2026-03-04T11:11:22.000000,6857.7635499998605,-26295.59070000005,-19437.827150000543
2026-03-04T11:11:32.000000,6863.03829999986,-26295.59070000005,-19432.552400000543
2026-03-04T11:11:37.000000,6842.32994999986,-26295.59070000005,-19453.260750000543
2026-03-04T11:11:42.000000,6834.61314999986,-26295.59070000005,-19460.97755000054
2026-03-04T11:11:47.000000,6826.90674999986,-26295.59070000005,-19468.68395000054
2026-03-04T11:11:52.000000,6832.19189999986,-26295.59070000005,-19463.39880000054
2026-03-04T11:11:57.000000,6837.477049999859,-26295.59070000005,-19458.11365000054
2026-03-04T11:12:02.000000,6829.770649999859,-26295.59070000005,-19465.82005000054
2026-03-04T11:12:07.000000,6822.0746499998595,-26295.59070000005,-19473.51605000054
2026-03-04T11:12:12.000000,6801.37669999986,-26295.59070000005,-19494.21400000054
2026-03-04T11:12:17.000000,6780.67874999986,-26295.59070000005,-19514.911950000536
2026-03-04T11:12:22.000000,6746.97884999986,-26295.59070000005,-19548.611850000536
2026-03-04T11:12:27.000000,6713.268549999861,-26295.59070000005,-19582.322150000535
2026-03-04T11:12:32.000000,6679.54784999986,-26295.59070000005,-19616.042850000536
2026-03-04T11:12:37.000000,6632.825199999859,-26295.59070000005,-19662.765500000536
2026-03-04T11:12:42.000000,6586.102549999859,-26295.59070000005,-19709.488150000536
2026-03-04T11:12:47.000000,6552.381849999858,-26295.59070000005,-19743.208850000537
2026-03-04T11:12:52.000000,6518.661149999857,-26295.59070000005,-19776.92955000054
2026-03-04T11:13:07.000000,6471.948899999857,-26295.59070000005,-19823.64180000054
2026-03-04T11:13:27.000000,6477.213249999858,-26295.59070000005,-19818.37745000054
2026-03-04T11:13:32.000000,6482.477599999859,-26295.59070000005,-19813.113100000537
2026-03-04T11:13:37.000000,6487.7419499998605,-26295.59070000005,-19807.848750000536
2026-03-04T11:13:42.000000,6493.006299999862,-26295.59070000005,-19802.584400000535
2026-03-04T11:13:47.000000,6485.268699999861,-26295.59070000005,-19810.322000000535
2026-03-04T11:14:07.000000,6503.524599999862,-26295.59070000005,-19792.066100000535
2026-03-04T11:18:07.000000,6495.972599999863,-26295.59070000005,-19799.618100000534
2026-03-04T11:23:27.000000,6495.972599999863,-26355.367300000053,-19859.394700000536
2026-03-04T11:23:37.000000,6495.972599999863,-26350.776700000053,-19854.804100000536
2026-03-04T11:24:02.000000,6495.972599999863,-26346.186100000054,-19850.213500000536
2026-03-04T11:24:12.000000,6495.972599999863,-26353.597300000052,-19857.624700000535
2026-03-04T11:24:12.000000,6495.972599999863,-26321.05945000005,-19825.086850000534
2026-03-04T11:24:42.000000,6495.972599999863,-26316.47845000005,-19820.505850000533
2026-03-04T11:24:47.000000,6495.972599999863,-26299.89565000005,-19803.923050000532
2026-03-04T11:24:52.000000,6495.972599999863,-26283.31285000005,-19787.340250000532
2026-03-04T11:25:02.000000,6495.972599999863,-26278.731850000047,-19782.75925000053
2026-03-04T11:25:07.000000,6495.972599999863,-26274.150850000045,-19778.17825000053
2026-03-04T11:25:12.000000,6495.972599999863,-26269.569850000044,-19773.597250000526
2026-03-04T11:25:17.000000,6495.972599999863,-26252.987050000043,-19757.014450000526
2026-03-04T11:25:22.000000,6495.972599999863,-26248.40605000004,-19752.433450000524
2026-03-04T11:25:22.000000,6495.972599999863,-26221.86910000004,-19725.896500000523
2026-03-04T11:25:27.000000,6495.972599999863,-26217.288100000038,-19721.31550000052
2026-03-04T11:25:32.000000,6495.972599999863,-26212.707100000036,-19716.73450000052
2026-03-04T11:25:37.000000,6495.972599999863,-26196.124300000036,-19700.15170000052
2026-03-04T11:25:42.000000,6495.972599999863,-26179.541500000036,-19683.56890000052
2026-03-04T11:25:47.000000,6495.972599999863,-26162.958700000036,-19666.98610000052
2026-03-04T11:25:52.000000,6495.972599999863,-26146.375900000035,-19650.40330000052
2026-03-04T11:25:57.000000,6495.972599999863,-26129.793100000035,-19633.82050000052
2026-03-04T11:26:02.000000,6495.972599999863,-26113.210300000035,-19617.237700000518
2026-03-04T11:26:07.000000,6495.972599999863,-26096.627500000035,-19600.654900000518
2026-03-04T11:26:12.000000,6495.972599999863,-26080.044700000035,-19584.072100000518
2026-03-04T11:26:17.000000,6495.972599999863,-26051.469700000034,-19555.497100000517
2026-03-04T11:26:22.000000,6495.972599999863,-26022.894700000033,-19526.922100000516
2026-03-04T11:26:27.000000,6495.972599999863,-26006.321500000035,-19510.348900000517
2026-03-04T11:26:32.000000,6495.972599999863,-25989.738700000034,-19493.766100000517
2026-03-04T11:26:37.000000,6495.972599999863,-25973.155900000034,-19477.183300000517
2026-03-04T11:26:42.000000,6495.972599999863,-25956.573100000034,-19460.600500000517
2026-03-04T11:26:47.000000,6495.972599999863,-25939.990300000034,-19444.017700000517
2026-03-04T11:26:52.000000,6495.972599999863,-25923.407500000034,-19427.434900000517
2026-03-04T11:26:57.000000,6495.972599999863,-25906.824700000034,-19410.852100000517
2026-03-04T11:27:02.000000,6495.972599999863,-25890.241900000034,-19394.269300000517
2026-03-04T11:27:07.000000,6495.972599999863,-25885.651300000034,-19389.678700000517
2026-03-04T11:27:12.000000,6495.972599999863,-25881.060700000035,-19385.088100000517
2026-03-04T11:27:17.000000,6495.972599999863,-25876.470100000035,-19380.497500000518
2026-03-04T11:27:22.000000,6495.972599999863,-25883.881300000034,-19387.908700000517
2026-03-04T11:27:27.000000,6495.972599999863,-25891.292500000032,-19395.319900000515
2026-03-04T11:27:32.000000,6495.972599999863,-25898.70370000003,-19402.731100000514
2026-03-04T11:27:37.000000,6495.972599999863,-25906.11490000003,-19410.142300000512
2026-03-04T11:27:47.000000,6495.972599999863,-25901.52430000003,-19405.551700000513
2026-03-04T11:27:52.000000,6495.972599999863,-25908.92590000003,-19412.953300000514
2026-03-04T11:28:07.000000,6495.972599999863,-25916.327500000032,-19420.354900000515
2026-03-04T11:28:22.000000,6495.972599999863,-25911.72730000003,-19415.754700000514
2026-03-04T11:28:27.000000,6495.972599999863,-25919.11930000003,-19423.146700000514
2026-03-04T11:28:52.000000,6495.972599999863,-25926.51130000003,-19430.538700000514
2026-03-04T11:29:02.000000,6495.972599999863,-25934.31130000003,-19438.338700000513
2026-03-04T11:29:22.000000,6495.972599999863,-25917.70930000003,-19421.736700000514
2026-03-04T11:29:37.000000,6495.972599999863,-25913.10910000003,-19417.136500000513
2026-03-04T11:29:47.000000,6495.972599999863,-25908.50890000003,-19412.536300000513
2026-03-04T11:29:57.000000,6495.972599999863,-25903.89910000003,-19407.926500000514
2026-03-04T13:00:32.000000,6495.972599999863,-25875.29530000003,-19379.322700000514
2026-03-04T13:02:47.000000,6495.972599999863,-25930.69450000003,-19434.721900000513
2026-03-04T13:09:22.000000,6514.322099999863,-25930.69450000003,-19416.372400000513
2026-03-04T13:10:27.000000,6558.675499999863,-25930.69450000003,-19372.019000000513
2026-03-04T13:10:32.000000,6603.028899999863,-25930.69450000003,-19327.665600000513
2026-03-04T13:10:42.000000,6647.382299999863,-25930.69450000003,-19283.312200000513
2026-03-04T13:10:57.000000,6691.746099999863,-25930.69450000003,-19238.948400000514
2026-03-04T13:11:12.000000,6736.109899999863,-25930.69450000003,-19194.584600000515
2026-03-04T13:11:17.000000,6767.471749999863,-25930.69450000003,-19163.222750000514
2026-03-04T13:11:22.000000,6798.8335999998635,-25930.69450000003,-19131.860900000513
2026-03-04T13:11:32.000000,6804.191549999864,-25930.69450000003,-19126.50295000051
2026-03-04T13:11:32.000000,6796.652349999864,-25930.69450000003,-19134.04215000051
2026-03-04T13:11:37.000000,6802.010299999864,-25930.69450000003,-19128.68420000051
2026-03-04T13:11:42.000000,6807.368249999865,-25930.69450000003,-19123.326250000508
2026-03-04T13:14:22.000000,6807.368249999865,-25950.11710000003,-19142.748850000506
2026-03-04T13:19:17.000000,6807.368249999865,-25926.63580000003,-19119.267550000506
2026-03-04T13:19:17.000000,6807.368249999865,-25894.16035000003,-19086.792100000508
2026-03-04T13:19:17.000000,6807.368249999865,-25858.68685000003,-19051.318600000508
2026-03-04T13:25:37.000000,6807.368249999865,-25818.10045000003,-19010.732200000508
2026-03-04T13:26:57.000000,6807.368249999865,-25801.508050000033,-18994.13980000051
2026-03-04T13:27:07.000000,6807.368249999865,-25784.915650000035,-18977.547400000512
2026-03-04T13:27:42.000000,6807.368249999865,-25768.323250000038,-18960.955000000515
2026-03-04T13:28:47.000000,6807.368249999865,-25763.723050000037,-18956.354800000514
2026-03-04T13:30:52.000000,6807.368249999865,-25758.41710000004,-18951.048850000516
2026-03-04T13:31:17.000000,6807.368249999865,-25779.09425000004,-18971.726000000515
2026-03-04T13:33:22.000000,6807.368249999865,-25800.96995000004,-18993.601700000516
2026-03-04T13:40:12.000000,6807.368249999865,-25856.40755000004,-19049.039300000517
2026-03-04T13:41:22.000000,6807.368249999865,-25891.893350000042,-19084.52510000052
2026-03-04T13:43:37.000000,6807.368249999865,-25869.24885000004,-19061.880600000517
2026-03-04T13:44:02.000000,6807.368249999865,-25933.18685000004,-19125.818600000515
2026-03-04T13:46:52.000000,6807.368249999865,-25928.644250000038,-19121.276000000515
2026-03-04T13:46:57.000000,6807.368249999865,-25924.101650000037,-19116.733400000514
2026-03-04T13:54:52.000000,6807.368249999865,-25943.514650000037,-19136.146400000514
2026-03-04T13:56:32.000000,6807.368249999865,-25950.925850000036,-19143.557600000513
2026-03-04T13:56:42.000000,6807.368249999865,-25958.337050000035,-19150.96880000051
2026-03-04T13:56:47.000000,6807.368249999865,-25977.750050000035,-19170.381800000512
2026-03-04T13:56:52.000000,6807.368249999865,-25997.163050000036,-19189.794800000513
2026-03-04T13:57:22.000000,6807.368249999865,-26016.576050000036,-19209.207800000513
2026-03-04T13:58:07.000000,6747.706049999865,-26016.576050000036,-19268.870000000512
2026-03-04T14:00:37.000000,6747.706049999865,-26035.989050000037,-19288.283000000512
2026-03-04T14:04:57.000000,6747.706049999865,-26082.659700000037,-19334.953650000512
2026-03-04T14:05:22.000000,6747.706049999865,-26129.330350000037,-19381.624300000512
2026-03-04T14:05:37.000000,6747.706049999865,-26176.001000000037,-19428.294950000512
2026-03-04T14:08:47.000000,6747.706049999865,-26300.704150000038,-19552.998100000514
2026-03-04T14:10:07.000000,6747.706049999865,-26308.096150000038,-19560.390100000513
2026-03-04T14:13:17.000000,6728.321849999866,-26308.096150000038,-19579.774300000514
2026-03-04T14:16:47.000000,6728.321849999866,-26224.986500000035,-19496.66465000051
2026-03-04T14:17:22.000000,6728.321849999866,-26154.868400000036,-19426.546550000512
2026-03-04T14:18:57.000000,6728.321849999866,-26247.545150000038,-19519.223300000514
2026-03-04T14:27:07.000000,6728.321849999866,-26242.93535000004,-19514.613500000516
2026-03-04T14:28:12.000000,6728.321849999866,-26250.93295000004,-19522.611100000515
2026-03-04T14:28:42.000000,6728.321849999866,-26258.930550000037,-19530.608700000514
2026-03-04T14:29:42.000000,6728.321849999866,-26266.928150000036,-19538.606300000512
2026-03-04T14:29:57.000000,6728.321849999866,-26279.724900000034,-19551.40305000051
2026-03-04T14:30:12.000000,6728.321849999866,-26287.722500000033,-19559.40065000051
2026-03-04T14:31:37.000000,6728.321849999866,-26282.55175000003,-19554.229900000508
2026-03-04T14:31:52.000000,6728.321849999866,-26290.372550000033,-19562.05070000051
2026-03-04T14:32:12.000000,6728.321849999866,-26287.949600000033,-19559.62775000051
2026-03-04T14:32:27.000000,6728.321849999866,-26285.529050000034,-19557.20720000051
2026-03-04T14:32:32.000000,6728.321849999866,-26283.108500000035,-19554.78665000051
2026-03-04T14:39:02.000000,6728.321849999866,-26278.052300000036,-19549.730450000512
2026-03-04T14:39:12.000000,6728.321849999866,-26267.000000000036,-19538.678150000513
2026-03-04T14:40:22.000000,6728.321849999866,-26288.611850000038,-19560.290000000514
2026-03-04T14:40:32.000000,6728.321849999866,-26298.229100000037,-19569.907250000513
2026-03-04T14:40:42.000000,6728.321849999866,-26305.678700000037,-19577.356850000513
2026-03-04T14:41:12.000000,6728.321849999866,-26313.080300000038,-19584.758450000514
2026-03-04T14:41:22.000000,6728.321849999866,-26175.414550000038,-19447.092700000514
2026-03-04T14:41:27.000000,6728.321849999866,-26182.81615000004,-19454.494300000515
2026-03-04T14:41:32.000000,6728.321849999866,-26162.43850000004,-19434.116650000517
2026-03-04T14:41:37.000000,6728.321849999866,-26151.05500000004,-19422.733150000517
2026-03-04T14:41:42.000000,6728.321849999866,-26145.670000000042,-19417.34815000052
2026-03-04T14:41:47.000000,6728.321849999866,-26140.28020000004,-19411.958350000517
2026-03-04T14:41:57.000000,6728.321849999866,-26147.681800000042,-19419.35995000052
2026-03-05T10:04:37.000000,6761.224499999866,-26147.681800000042,-19386.45730000052
2026-03-05T10:15:57.000000,6761.224499999866,-26246.682650000042,-19485.45815000052
2026-03-05T10:20:42.000000,6761.224499999866,-26242.11125000004,-19480.886750000518
2026-03-05T10:36:57.000000,6761.224499999866,-26259.496750000042,-19498.27225000052
2026-03-05T10:41:37.000000,6761.224499999866,-26242.885150000042,-19481.66065000052
2026-03-05T10:41:47.000000,6761.224499999866,-26226.27355000004,-19465.049050000518
2026-03-05T10:49:07.000000,6761.224499999866,-26221.39495000004,-19460.170450000518
2026-03-05T10:50:42.000000,6761.224499999866,-26204.533750000042,-19443.30925000052
2026-03-05T10:54:22.000000,6761.224499999866,-26238.53525000004,-19477.310750000517
2026-03-05T11:11:12.000000,6761.224499999866,-26218.41585000004,-19457.191350000518
2026-03-05T11:11:27.000000,6761.224499999866,-26212.287350000042,-19451.06285000052
2026-03-05T11:11:32.000000,6761.224499999866,-26099.84375000004,-19338.619250000516
2026-03-05T11:11:57.000000,6761.224499999866,-26023.38635000004,-19262.161850000517
2026-03-05T11:23:17.000000,6761.224499999866,-26017.841200000043,-19256.61670000052
2026-03-05T11:23:27.000000,6761.224499999866,-26025.48280000004,-19264.258300000518
2026-03-05T11:27:07.000000,6761.224499999866,-26032.884400000043,-19271.65990000052
2026-03-05T11:27:52.000000,6761.224499999866,-26066.40750000004,-19305.183000000517
2026-03-05T11:29:57.000000,6761.224499999866,-26073.809100000042,-19312.58460000052
2026-03-05T13:02:37.000000,6761.224499999866,-26134.227600000042,-19373.00310000052
2026-03-05T13:10:52.000000,6761.224499999866,-26156.125700000044,-19394.90120000052
2026-03-05T13:21:07.000000,6761.224499999866,-26163.594500000043,-19402.37000000052
2026-03-05T13:23:02.000000,6761.224499999866,-26183.07470000004,-19421.850200000517
2026-03-05T13:23:22.000000,6761.224499999866,-26214.54710000004,-19453.322600000516
2026-03-05T13:23:47.000000,6761.224499999866,-26234.01770000004,-19472.793200000517
2026-03-05T13:24:17.000000,6761.224499999866,-26253.48830000004,-19492.263800000517
2026-03-05T13:25:12.000000,6761.224499999866,-26231.20780000004,-19469.983300000516
2026-03-05T13:33:42.000000,6761.224499999866,-26298.67600000004,-19537.451500000516
2026-03-05T13:37:02.000000,6761.224499999866,-26294.19100000004,-19532.966500000515
2026-03-05T13:37:07.000000,6761.224499999866,-26277.70420000004,-19516.479700000516
2026-03-05T13:37:17.000000,6761.224499999866,-26285.20180000004,-19523.977300000515
2026-03-05T13:37:27.000000,6761.224499999866,-26292.70900000004,-19531.484500000515
2026-03-05T13:38:37.000000,6761.224499999866,-26336.21200000004,-19574.987500000516
2026-03-05T13:39:32.000000,6761.224499999866,-26344.19920000004,-19582.974700000515
2026-03-05T13:39:47.000000,6753.283699999865,-26344.19920000004,-19590.915500000516
2026-03-05T13:39:52.000000,6753.283699999865,-26352.18640000004,-19598.902700000515
2026-03-05T13:41:17.000000,6785.667949999865,-26352.18640000004,-19566.518450000516
2026-03-05T13:41:27.000000,6785.667949999865,-26347.17165000004,-19561.503700000518
2026-03-05T13:41:37.000000,6812.060899999865,-26347.17165000004,-19535.110750000516
2026-03-05T13:41:42.000000,6838.453849999864,-26347.17165000004,-19508.717800000515
2026-03-05T13:42:02.000000,6834.8542999998635,-26347.17165000004,-19512.317350000514
2026-03-05T13:43:12.000000,6834.8542999998635,-26355.14845000004,-19520.294150000514
2026-03-05T13:43:22.000000,6834.8542999998635,-26363.12525000004,-19528.270950000515
2026-03-05T13:43:37.000000,6834.8542999998635,-26371.10205000004,-19536.247750000515
2026-03-05T13:45:12.000000,6834.8542999998635,-26342.651850000042,-19507.797550000516
2026-03-05T13:47:22.000000,7011.123349999863,-26342.651850000042,-19331.528500000517
2026-03-05T13:48:32.000000,7011.123349999863,-26398.175850000043,-19387.05250000052
2026-03-05T13:57:32.000000,7011.123349999863,-26381.052100000044,-19369.92875000052
2026-03-05T13:57:47.000000,7011.123349999863,-26323.946350000042,-19312.823000000517
2026-03-05T13:57:52.000000,7011.123349999863,-26291.824350000043,-19280.701000000518
2026-03-05T13:57:57.000000,7011.123349999863,-26254.713600000043,-19243.590250000518
2026-03-05T13:58:17.000000,7011.123349999863,-26222.603600000042,-19211.480250000517
2026-03-05T13:58:22.000000,7011.123349999863,-26190.49360000004,-19179.370250000517
2026-03-05T13:59:32.000000,7011.123349999863,-26158.39960000004,-19147.276250000516
2026-03-05T14:00:12.000000,7011.123349999863,-26091.344350000043,-19080.221000000518
2026-03-05T14:00:17.000000,7011.123349999863,-25964.292100000042,-18953.168750000517
2026-03-05T14:01:07.000000,7011.123349999863,-25847.197350000042,-18836.074000000517
2026-03-05T14:01:12.000000,7011.123349999863,-25755.090350000042,-18743.967000000517
2026-03-05T14:01:47.000000,7011.123349999863,-25735.060550000042,-18723.937200000517
2026-03-05T14:01:52.000000,7011.123349999863,-25715.03075000004,-18703.907400000517
2026-03-05T14:03:17.000000,7011.123349999863,-25722.99395000004,-18711.870600000515
2026-03-05T14:04:22.000000,7011.123349999863,-25720.72045000004,-18709.597100000516
2026-03-05T14:07:22.000000,7052.456149999864,-25720.72045000004,-18668.264300000516
2026-03-05T14:07:37.000000,7081.787149999864,-25720.72045000004,-18638.933300000514
2026-03-05T14:07:42.000000,7105.117249999864,-25720.72045000004,-18615.603200000514
2026-03-05T14:07:47.000000,7122.448849999864,-25720.72045000004,-18598.271600000513
2026-03-05T14:11:12.000000,7122.448849999864,-25715.653700000043,-18593.204850000515
2026-03-05T14:12:32.000000,7122.448849999864,-25697.241800000043,-18574.792950000516
2026-03-05T14:17:17.000000,7122.448849999864,-26051.710000000043,-18929.261150000515
2026-03-05T14:17:22.000000,7122.448849999864,-26418.183200000043,-19295.734350000515
2026-03-05T14:18:22.000000,7122.448849999864,-26864.697200000042,-19742.248350000515
2026-03-05T14:19:27.000000,7122.448849999864,-27247.265600000042,-20124.816750000515
2026-03-05T14:22:12.000000,7122.448849999864,-27285.118100000043,-20162.669250000516
2026-03-05T14:22:17.000000,7122.448849999864,-27322.970600000044,-20200.521750000516
2026-03-05T14:26:32.000000,7122.448849999864,-27281.613800000043,-20159.164950000515
2026-03-05T14:28:32.000000,7122.448849999864,-27289.164200000043,-20166.715350000515
2026-03-05T14:30:32.000000,7108.268599999865,-27289.164200000043,-20180.895600000516
2026-03-05T14:30:37.000000,7073.096399999866,-27289.164200000043,-20216.067800000517
2026-03-05T14:30:57.000000,7065.922799999866,-27289.164200000043,-20223.241400000516
2026-03-05T14:31:02.000000,7058.749199999866,-27289.164200000043,-20230.415000000514
2026-03-05T14:31:07.000000,7065.572099999866,-27289.164200000043,-20223.592100000515
2026-03-05T14:31:12.000000,7051.397449999866,-27289.164200000043,-20237.766750000515
2026-03-05T14:31:17.000000,7030.221749999866,-27289.164200000043,-20258.942450000515
2026-03-05T14:31:22.000000,6995.049549999867,-27289.164200000043,-20294.114650000516
2026-03-05T14:34:47.000000,7000.484949999866,-27289.164200000043,-20288.679250000518
2026-03-05T14:34:52.000000,7011.914049999866,-27289.164200000043,-20277.250150000516
2026-03-05T14:34:57.000000,7023.340749999867,-27289.164200000043,-20265.823450000516
2026-03-05T14:36:12.000000,7023.340749999867,-27271.085100000044,-20247.744350000517
2026-03-05T14:38:32.000000,7055.787399999867,-27271.085100000044,-20215.297700000516
2026-03-05T14:38:37.000000,7085.233599999868,-27271.085100000044,-20185.851500000517
2026-03-05T14:38:42.000000,7120.678299999868,-27271.085100000044,-20150.406800000517
2026-03-05T14:38:47.000000,7147.131249999868,-27271.085100000044,-20123.95385000052
2026-03-05T14:38:52.000000,7176.582249999868,-27271.085100000044,-20094.502850000517
2026-03-05T14:39:02.000000,7209.031299999867,-27271.085100000044,-20062.053800000518
2026-03-05T14:39:07.000000,7209.031299999867,-27304.993000000042,-20095.961700000516
2026-03-05T14:39:12.000000,7217.474349999867,-27304.993000000042,-20087.518650000515
2026-03-05T14:41:32.000000,7209.544749999866,-27304.993000000042,-20095.448250000514
2026-03-05T14:42:07.000000,7202.985549999867,-27304.993000000042,-20102.007450000514
2026-03-05T14:44:12.000000,7202.985549999867,-27199.52980000004,-19996.544250000512
2026-03-05T14:45:02.000000,7202.985549999867,-27207.46500000004,-20004.479450000512
2026-03-05T14:45:02.000000,7202.985549999867,-27215.40020000004,-20012.41465000051
2026-03-06T10:09:52.000000,7235.603549999866,-27215.40020000004,-19979.796650000513
2026-03-06T10:57:42.000000,7235.603549999866,-27223.10660000004,-19987.503050000512
2026-03-06T11:12:12.000000,7211.837949999866,-27223.10660000004,-20011.26865000051
2026-03-06T11:24:12.000000,7211.837949999866,-27295.99955000004,-20084.161600000512
2026-03-06T11:24:27.000000,7211.837949999866,-27368.89250000004,-20157.054550000514
2026-03-06T13:01:12.000000,7211.837949999866,-27337.801050000042,-20125.963100000514
2026-03-06T13:02:07.000000,7211.837949999866,-27293.70765000004,-20081.869700000512
2026-03-06T13:05:22.000000,7211.837949999866,-27288.59930000004,-20076.761350000514
2026-03-06T13:09:57.000000,7211.837949999866,-27296.192900000042,-20084.354950000514
2026-03-06T13:28:47.000000,7211.837949999866,-27353.632400000042,-20141.794450000514
2026-03-06T13:29:52.000000,7211.837949999866,-27346.16615000004,-20134.328200000513
2026-03-06T13:37:02.000000,7211.837949999866,-27367.806650000042,-20155.968700000514
2026-03-06T13:45:27.000000,7211.837949999866,-27349.633950000043,-20137.796000000515
2026-03-06T13:52:12.000000,7204.058749999866,-27349.633950000043,-20145.575200000516
2026-03-06T13:57:57.000000,7203.242199999866,-27349.633950000043,-20146.391750000515
2026-03-06T13:58:17.000000,7202.4256499998655,-27349.633950000043,-20147.208300000515
2026-03-06T13:58:52.000000,7208.610149999867,-27349.633950000043,-20141.023800000516
2026-03-06T13:59:27.000000,7208.610149999867,-27370.404700000043,-20161.794550000515
2026-03-06T14:05:27.000000,7208.610149999867,-27378.173500000044,-20169.563350000517
2026-03-06T14:07:37.000000,7208.610149999867,-27385.942300000046,-20177.33215000052
2026-03-06T14:16:32.000000,7208.610149999867,-27406.577850000045,-20197.967700000518
2026-03-06T14:25:42.000000,7208.610149999867,-27440.194550000044,-20231.584400000516
2026-03-06T14:28:02.000000,7208.610149999867,-27422.354150000043,-20213.744000000515
2026-03-06T14:33:32.000000,7208.610149999867,-27429.786150000044,-20221.176000000516
2026-03-06T14:40:07.000000,7208.610149999867,-27424.532200000045,-20215.922050000518
2026-03-06T14:40:22.000000,7266.115899999868,-27424.532200000045,-20158.416300000517
2026-03-06T14:40:37.000000,7323.625649999867,-27424.532200000045,-20100.906550000516
2026-03-09T09:52:07.000000,7264.192249999868,-27424.532200000045,-20160.339950000514
2026-03-09T10:05:08.000000,7269.805249999868,-27424.532200000045,-20154.726950000513
2026-03-09T10:05:53.000000,7263.4212499998675,-27424.532200000045,-20161.11095000051
2026-03-09T10:08:32.000000,7277.634799999868,-27424.532200000045,-20146.89740000051
2026-03-09T10:09:52.000000,7277.634799999868,-27315.065050000045,-20037.43025000051
2026-03-09T10:10:32.000000,7283.628899999868,-27315.065050000045,-20031.43615000051
2026-03-09T10:11:07.000000,7275.620899999868,-27315.065050000045,-20039.444150000512
2026-03-09T10:11:57.000000,7282.242199999868,-27315.065050000045,-20032.822850000513
2026-03-09T10:12:43.000000,7245.913699999868,-27315.065050000045,-20069.151350000513
2026-03-09T10:14:07.000000,7239.481699999868,-27315.065050000045,-20075.583350000514
2026-03-09T10:19:37.000000,7295.798499999868,-27315.065050000045,-20019.266550000513
2026-03-09T10:19:52.000000,7360.110099999869,-27315.065050000045,-19954.954950000512
2026-03-09T10:20:52.000000,7464.370099999869,-27315.065050000045,-19850.69495000051
2026-03-09T10:21:57.000000,7457.240499999869,-27315.065050000045,-19857.82455000051
2026-03-09T10:23:52.000000,7536.695949999869,-27315.065050000045,-19778.36910000051
2026-03-09T10:24:47.000000,7593.874499999869,-27315.065050000045,-19721.19055000051
2026-03-09T10:24:52.000000,7651.053049999869,-27315.065050000045,-19664.012000000508
2026-03-09T10:37:17.000000,7643.5858499998685,-27315.065050000045,-19671.479200000507
2026-03-09T10:40:12.000000,7656.132849999868,-27315.065050000045,-19658.93220000051
2026-03-09T10:46:12.000000,7656.132849999868,-27387.562800000043,-19731.429950000507
2026-03-09T10:49:12.000000,7656.132849999868,-27421.397900000044,-19765.265050000507
2026-03-09T10:52:57.000000,7656.132849999868,-27421.912050000043,-19765.779200000507
2026-03-09T10:56:12.000000,7656.132849999868,-27403.791350000043,-19747.658500000507
2026-03-09T10:56:42.000000,7656.132849999868,-27401.277850000042,-19745.145000000506
2026-03-09T11:00:17.000000,7656.132849999868,-27422.131800000043,-19765.998950000507
2026-03-09T11:17:12.000000,7662.138149999869,-27422.131800000043,-19759.993650000506
2026-03-09T11:17:37.000000,7668.1434499998695,-27422.131800000043,-19753.988350000505
2026-03-09T11:17:57.000000,7674.14874999987,-27422.131800000043,-19747.983050000505
2026-03-09T11:22:02.000000,7674.14874999987,-27455.61330000004,-19781.464550000503
2026-03-09T13:04:47.000000,7674.14874999987,-27463.45490000004,-19789.306150000502
2026-03-09T13:10:27.000000,7674.14874999987,-27471.28610000004,-19797.137350000503
2026-03-09T13:12:02.000000,7674.14874999987,-27447.23010000004,-19773.081350000502
2026-03-09T13:14:17.000000,7666.69194999987,-27447.23010000004,-19780.538150000502
2026-03-09T13:14:32.000000,7659.23514999987,-27447.23010000004,-19787.994950000502
2026-03-09T13:16:57.000000,7691.865149999871,-27447.23010000004,-19755.3649500005
2026-03-09T13:17:27.000000,7658.331649999872,-27447.23010000004,-19788.8984500005
2026-03-09T13:18:32.000000,7658.331649999872,-27484.61860000004,-19826.2869500005
2026-03-09T13:20:12.000000,7645.474899999871,-27484.61860000004,-19839.1437000005
2026-03-09T13:22:57.000000,7632.72279999987,-27484.61860000004,-19851.8958000005
2026-03-09T13:23:27.000000,7622.96874999987,-27484.61860000004,-19861.6498500005
2026-03-09T13:23:57.000000,7598.219649999869,-27484.61860000004,-19886.3989500005
2026-03-09T13:25:37.000000,7591.468449999869,-27484.61860000004,-19893.1501500005
2026-03-09T13:26:07.000000,7553.63594999987,-27484.61860000004,-19930.9826500005
2026-03-09T13:28:22.000000,7497.298199999869,-27484.61860000004,-19987.3204000005
2026-03-09T13:29:12.000000,7404.557449999868,-27484.61860000004,-20080.0611500005
2026-03-09T13:29:12.000000,7341.229849999869,-27484.61860000004,-20143.3887500005
2026-03-09T13:29:57.000000,7243.4963499998685,-27484.61860000004,-20241.1222500005
2026-03-09T13:33:52.000000,7200.779099999869,-27484.61860000004,-20283.8395000005
2026-03-09T13:35:02.000000,7137.47389999987,-27484.61860000004,-20347.1447000005
2026-03-09T13:35:22.000000,7101.6184999998695,-27484.61860000004,-20383.0001000005
2026-03-09T13:35:27.000000,7065.763099999869,-27484.61860000004,-20418.8555000005
2026-03-09T13:35:32.000000,7029.907699999869,-27484.61860000004,-20454.7109000005
2026-03-09T13:35:37.000000,6994.052299999868,-27484.61860000004,-20490.5663000005
2026-03-09T13:35:42.000000,6958.196899999868,-27484.61860000004,-20526.4217000005
2026-03-09T13:35:47.000000,6922.341499999868,-27484.61860000004,-20562.2771000005
2026-03-09T13:35:57.000000,6886.486099999867,-27484.61860000004,-20598.1325000005
2026-03-09T13:36:07.000000,6850.630699999867,-27484.61860000004,-20633.987900000502
2026-03-09T13:36:57.000000,6800.784399999867,-27484.61860000004,-20683.834200000503
2026-03-09T13:38:02.000000,6765.494599999866,-27484.61860000004,-20719.124000000505
2026-03-09T13:38:22.000000,6744.212499999867,-27484.61860000004,-20740.406100000506
2026-03-09T13:38:32.000000,6744.212499999867,-27414.40690000004,-20670.194400000506
2026-03-09T13:40:32.000000,6624.422899999867,-27414.40690000004,-20789.984000000506
2026-03-09T13:40:47.000000,6532.615099999866,-27414.40690000004,-20881.79180000051
2026-03-09T13:41:07.000000,6468.789099999866,-27414.40690000004,-20945.61780000051
2026-03-09T13:42:17.000000,6432.956099999867,-27414.40690000004,-20981.450800000508
2026-03-09T13:42:42.000000,6397.123099999867,-27414.40690000004,-21017.283800000507
2026-03-09T13:43:32.000000,6361.290099999867,-27414.40690000004,-21053.116800000505
2026-03-09T13:44:37.000000,6353.461299999867,-27414.40690000004,-21060.945600000505
2026-03-09T13:45:02.000000,6387.638799999868,-27414.40690000004,-21026.768100000503
2026-03-09T13:45:07.000000,6421.8162999998685,-27414.40690000004,-20992.5906000005
2026-03-09T13:45:12.000000,6455.993799999869,-27414.40690000004,-20958.4131000005
2026-03-09T13:45:17.000000,6490.17129999987,-27414.40690000004,-20924.2356000005
2026-03-09T13:45:22.000000,6510.357899999871,-27414.40690000004,-20904.049000000497
2026-03-09T13:45:27.000000,6544.546599999871,-27414.40690000004,-20869.8603000005
2026-03-09T13:45:32.000000,6578.735299999872,-27414.40690000004,-20835.6716000005
2026-03-09T13:45:37.000000,6612.923999999873,-27414.40690000004,-20801.4829000005
2026-03-09T13:45:42.000000,6619.108499999874,-27414.40690000004,-20795.2984000005
2026-03-09T13:45:47.000000,6639.295099999875,-27414.40690000004,-20775.1118000005
2026-03-09T13:45:52.000000,6645.479599999876,-27414.40690000004,-20768.9273000005
2026-03-09T13:46:42.000000,6611.810899999876,-27414.40690000004,-20802.596000000503
2026-03-09T13:47:02.000000,6594.637399999876,-27414.40690000004,-20819.769500000504
2026-03-09T13:48:07.000000,6613.080499999876,-27414.40690000004,-20801.326400000504
2026-03-09T13:55:02.000000,6646.2288999998755,-27414.40690000004,-20768.178000000506
2026-03-09T13:59:42.000000,6646.2288999998755,-27358.69425000004,-20712.465350000504
2026-03-09T14:12:12.000000,6646.2288999998755,-27353.45070000004,-20707.221800000505
2026-03-09T14:14:52.000000,6646.2288999998755,-27361.19870000004,-20714.969800000505
2026-03-09T14:21:42.000000,6646.2288999998755,-27369.005100000042,-20722.776200000506
2026-03-09T14:23:12.000000,6646.2288999998755,-27341.291050000043,-20695.062150000507
2026-03-09T14:23:32.000000,6646.2288999998755,-27313.577000000045,-20667.34810000051
2026-03-09T14:23:47.000000,6625.645349999876,-27313.577000000045,-20687.931650000508
2026-03-09T14:25:17.000000,6625.645349999876,-27295.331500000044,-20669.686150000507
2026-03-09T14:27:12.000000,6625.645349999876,-27263.069500000045,-20637.42415000051
2026-03-09T14:27:27.000000,6625.645349999876,-27230.811500000043,-20605.166150000507
2026-03-09T14:27:37.000000,6625.645349999876,-27198.557500000043,-20572.912150000506
2026-03-09T14:27:42.000000,6625.645349999876,-27181.29775000004,-20555.652400000505
2026-03-09T14:27:47.000000,6625.645349999876,-27154.04450000004,-20528.399150000503
2026-03-09T14:28:17.000000,6625.645349999876,-27141.78950000004,-20516.144150000502
2026-03-09T14:28:32.000000,6625.645349999876,-27124.53775000004,-20498.892400000503
2026-03-09T14:28:47.000000,6625.645349999876,-27117.27950000004,-20491.634150000504
2026-03-09T14:44:42.000000,6625.645349999876,-27112.04635000004,-20486.401000000504
2026-03-10T10:11:27.000000,6553.971749999876,-27112.04635000004,-20558.074600000502
2026-03-10T10:11:27.000000,6462.234999999875,-27112.04635000004,-20649.811350000502
2026-03-10T10:11:32.000000,6370.502249999876,-27112.04635000004,-20741.5441000005
2026-03-10T10:11:37.000000,6278.773499999875,-27112.04635000004,-20833.272850000503
2026-03-10T10:11:42.000000,6172.042499999873,-27112.04635000004,-20940.003850000503
2026-03-10T10:11:57.000000,6080.317749999874,-27112.04635000004,-21031.7286000005
2026-03-10T10:12:12.000000,5953.611749999873,-27112.04635000004,-21158.434600000503
2026-03-10T10:12:47.000000,5921.940949999873,-27112.04635000004,-21190.105400000502
2026-03-10T10:19:37.000000,5899.126699999872,-27112.04635000004,-21212.919650000502
2026-03-10T10:24:07.000000,5906.292949999871,-27112.04635000004,-21205.753400000503
2026-03-10T10:24:42.000000,5913.45919999987,-27112.04635000004,-21198.587150000505
2026-03-10T10:24:57.000000,5913.45919999987,-27132.71310000004,-21219.253900000505
2026-03-10T10:25:22.000000,5905.635199999871,-27132.71310000004,-21227.077900000506
2026-03-10T10:26:52.000000,5897.811199999871,-27132.71310000004,-21234.901900000506
2026-03-10T10:27:32.000000,5897.811199999871,-27153.37985000004,-21255.568650000507
2026-03-10T10:32:12.000000,5897.811199999871,-27148.04270000004,-21250.231500000507
2026-03-10T10:32:22.000000,5897.811199999871,-27155.866700000042,-21258.055500000508
2026-03-10T10:50:32.000000,5904.953449999871,-27155.866700000042,-21250.913250000507
2026-03-10T10:50:52.000000,5927.09794999987,-27155.866700000042,-21228.76875000051
2026-03-10T10:51:12.000000,5964.23269999987,-27155.866700000042,-21191.634000000508
2026-03-10T10:51:17.000000,5986.37719999987,-27155.866700000042,-21169.48950000051
2026-03-10T10:51:32.000000,6023.51194999987,-27155.866700000042,-21132.354750000508
2026-03-10T10:51:57.000000,6045.644449999871,-27155.866700000042,-21110.22225000051
2026-03-10T10:52:02.000000,6067.776949999871,-27155.866700000042,-21088.08975000051
2026-03-10T10:52:12.000000,6089.909449999872,-27155.866700000042,-21065.95725000051
2026-03-10T10:52:22.000000,6097.051699999872,-27155.866700000042,-21058.815000000508
2026-03-10T10:52:32.000000,6119.184199999872,-27155.866700000042,-21036.68250000051
2026-03-10T10:52:37.000000,6126.326449999872,-27155.866700000042,-21029.540250000508
2026-03-10T10:52:57.000000,6148.458949999873,-27155.866700000042,-21007.407750000508
2026-03-10T10:54:07.000000,6170.5914499998735,-27155.866700000042,-20985.275250000508
2026-03-10T10:54:37.000000,6177.7216999998745,-27155.866700000042,-20978.145000000506
2026-03-10T10:55:02.000000,6169.849699999874,-27155.866700000042,-20986.017000000506
2026-03-10T10:59:07.000000,6136.336999999874,-27155.866700000042,-21019.529700000505
2026-03-10T11:12:17.000000,6115.743049999873,-27155.866700000042,-21040.123650000507
2026-03-10T13:18:07.000000,6115.743049999873,-27150.571150000043,-21034.828100000508
2026-03-10T13:36:12.000000,6115.743049999873,-27171.154700000043,-21055.411650000508
2026-03-10T13:36:17.000000,6115.743049999873,-27191.738250000042,-21075.995200000507
2026-03-10T13:36:37.000000,6115.743049999873,-27212.32180000004,-21096.578750000506
2026-03-10T13:37:32.000000,6115.743049999873,-27232.90535000004,-21117.162300000506
2026-03-10T13:38:22.000000,6115.743049999873,-27253.48890000004,-21137.745850000505
2026-03-10T13:40:07.000000,6115.743049999873,-27274.07245000004,-21158.329400000504
2026-03-10T13:46:12.000000,6115.743049999873,-27294.65600000004,-21178.912950000504
2026-03-10T13:51:52.000000,6115.743049999873,-27302.23760000004,-21186.494550000505
2026-03-10T14:11:37.000000,6115.743049999873,-27324.15810000004,-21208.415050000505
2026-03-10T14:11:57.000000,6115.743049999873,-27357.85800000004,-21242.114950000505
2026-03-10T14:12:17.000000,6115.743049999873,-27365.77640000004,-21250.033350000504
2026-03-10T14:16:12.000000,6115.743049999873,-27373.36840000004,-21257.625350000504
2026-03-10T14:17:47.000000,6115.743049999873,-27380.96040000004,-21265.217350000505
2026-03-10T14:21:07.000000,6115.743049999873,-27368.253400000038,-21252.510350000503
2026-03-10T14:24:12.000000,6115.743049999873,-27375.83500000004,-21260.091950000504
2026-03-10T14:34:52.000000,6115.743049999873,-27398.589250000037,-21282.846200000502
2026-03-10T14:35:02.000000,6115.743049999873,-27426.056250000038,-21310.313200000503
2026-03-10T14:39:27.000000,6115.743049999873,-27433.820250000037,-21318.0772000005
2026-03-11T10:09:57.000000,6255.392299999872,-27433.820250000037,-21178.427950000503
2026-03-11T10:26:32.000000,6255.392299999872,-27455.71835000004,-21200.326050000505
2026-03-11T10:27:12.000000,6255.392299999872,-27491.61855000004,-21236.226250000505
2026-03-11T10:28:27.000000,6255.392299999872,-27499.283350000038,-21243.891050000504
2026-03-11T10:29:42.000000,6299.084749999872,-27499.283350000038,-21200.198600000505
2026-03-11T10:29:42.000000,6342.777199999871,-27499.283350000038,-21156.506150000507
2026-03-11T10:29:57.000000,6362.4708499998715,-27499.283350000038,-21136.812500000506
2026-03-11T10:31:37.000000,6324.774349999872,-27499.283350000038,-21174.509000000504
2026-03-11T10:40:07.000000,6324.774349999872,-27519.825300000037,-21195.050950000503
2026-03-11T10:56:02.000000,6324.774349999872,-27540.41925000004,-21215.644900000505
2026-03-11T11:15:27.000000,6317.046349999872,-27540.41925000004,-21223.372900000504
2026-03-11T11:18:07.000000,6324.308599999872,-27540.41925000004,-21216.110650000504
2026-03-11T11:22:27.000000,6324.308599999872,-27562.39575000004,-21238.087150000505
2026-03-11T11:23:17.000000,6324.308599999872,-27570.13575000004,-21245.827150000507
2026-03-11T13:02:47.000000,6324.308599999872,-27562.87350000004,-21238.564900000507
2026-03-11T13:03:07.000000,6324.308599999872,-27555.61125000004,-21231.302650000507
2026-03-11T13:08:27.000000,6317.139799999872,-27555.61125000004,-21238.471450000507
2026-03-11T13:08:47.000000,6312.973849999871,-27555.61125000004,-21242.63740000051
2026-03-11T13:08:52.000000,6302.814199999872,-27555.61125000004,-21252.797050000507
2026-03-11T13:15:47.000000,6302.814199999872,-27641.058950000042,-21338.244750000507
2026-03-11T13:17:52.000000,6302.814199999872,-27648.546950000044,-21345.73275000051
2026-03-11T13:17:57.000000,6302.814199999872,-27656.034950000045,-21353.22075000051
2026-03-11T13:26:47.000000,6302.814199999872,-27663.798950000044,-21360.98475000051
2026-03-11T13:29:37.000000,6302.814199999872,-27671.550950000044,-21368.73675000051
2026-03-11T13:30:17.000000,6302.814199999872,-27679.302950000045,-21376.48875000051
2026-03-11T13:30:22.000000,6302.814199999872,-27687.054950000045,-21384.24075000051
2026-03-11T13:32:37.000000,6302.814199999872,-27709.809200000043,-21406.99500000051
2026-03-11T13:33:27.000000,6302.814199999872,-27732.56345000004,-21429.749250000506
2026-03-11T13:33:42.000000,6302.814199999872,-27755.31770000004,-21452.503500000505
2026-03-11T13:35:47.000000,6302.814199999872,-27762.96170000004,-21460.147500000505
2026-03-11T13:37:42.000000,6302.814199999872,-27770.60570000004,-21467.791500000505
2026-03-11T13:38:12.000000,6302.814199999872,-27823.36445000004,-21520.550250000506
2026-03-11T13:39:02.000000,6302.814199999872,-27844.000000000044,-21541.18580000051
2026-03-11T13:42:22.000000,6302.814199999872,-27851.498400000044,-21548.68420000051
2026-03-11T13:42:27.000000,6302.814199999872,-27858.996800000044,-21556.18260000051
2026-03-11T13:50:17.000000,6302.814199999872,-27896.765300000046,-21593.95110000051
2026-03-11T13:51:12.000000,6282.345049999871,-27896.765300000046,-21614.420250000512
2026-03-11T13:58:27.000000,6282.345049999871,-27917.265650000045,-21634.92060000051
2026-03-11T13:58:37.000000,6282.345049999871,-27946.625750000047,-21664.280700000512
2026-03-11T14:07:42.000000,6282.345049999871,-27967.250900000046,-21684.905850000512
2026-03-11T14:18:07.000000,6282.345049999871,-27961.778550000046,-21679.433500000512
2026-03-11T14:22:47.000000,6282.345049999871,-27982.414100000045,-21700.069050000515
2026-03-11T14:23:52.000000,6282.345049999871,-28003.049650000044,-21720.704600000514
2026-03-11T14:24:27.000000,6282.345049999871,-28010.558450000044,-21728.213400000514
2026-03-11T14:24:32.000000,6282.345049999871,-28018.067250000044,-21735.722200000513
2026-03-11T14:25:02.000000,6282.345049999871,-28051.704750000044,-21769.359700000514
2026-03-11T14:28:07.000000,6282.345049999871,-28059.213550000044,-21776.868500000513
2026-03-11T14:30:27.000000,6282.345049999871,-28079.713900000042,-21797.368850000512
2026-03-11T14:32:22.000000,6282.345049999871,-28100.21425000004,-21817.86920000051
2026-03-11T14:37:27.000000,6282.345049999871,-28120.725000000042,-21838.37995000051
2026-03-11T14:45:02.000000,6282.345049999871,-28128.369000000042,-21846.023950000512
2026-03-12T10:05:07.000000,6282.345049999871,-28122.150900000044,-21839.805850000514
2026-03-12T10:06:57.000000,6282.345049999871,-28003.994400000043,-21721.649350000513
2026-03-12T10:06:57.000000,6282.345049999871,-27939.054000000044,-21656.708950000513
2026-03-12T10:07:02.000000,6282.345049999871,-27853.12725000004,-21570.78220000051
2026-03-12T10:07:27.000000,6282.345049999871,-27830.19315000004,-21547.84810000051
2026-03-12T10:08:32.000000,6311.356849999871,-27830.19315000004,-21518.83630000051
2026-03-12T10:08:37.000000,6346.3647499998715,-27830.19315000004,-21483.828400000508
2026-03-12T10:13:47.000000,6346.3647499998715,-27863.726650000037,-21517.361900000506
2026-03-12T10:24:47.000000,6346.3647499998715,-27936.702800000035,-21590.338050000504
2026-03-12T10:27:37.000000,6346.3647499998715,-27918.249300000036,-21571.884550000505
2026-03-12T10:43:37.000000,6311.694949999872,-27918.249300000036,-21606.554350000504
2026-03-12T10:50:42.000000,6311.694949999872,-27956.113800000036,-21644.418850000504
2026-03-12T10:51:17.000000,6311.694949999872,-28008.980550000037,-21697.285600000505
2026-03-12T11:12:17.000000,6311.694949999872,-27990.735050000036,-21679.040100000504
2026-03-12T11:12:52.000000,6311.694949999872,-27998.619050000034,-21686.924100000502
2026-03-12T11:21:32.000000,6337.682299999873,-27998.619050000034,-21660.936750000503
2026-03-12T11:21:32.000000,6357.668749999873,-27998.619050000034,-21640.950300000502
2026-03-12T11:23:17.000000,6357.668749999873,-28021.469300000033,-21663.800550000502
2026-03-12T13:00:42.000000,6357.668749999873,-28029.317300000035,-21671.648550000504
2026-03-12T13:00:52.000000,6357.668749999873,-28037.165300000037,-21679.496550000506
2026-03-12T13:08:07.000000,6357.668749999873,-27992.915900000036,-21635.247150000505
2026-03-12T13:10:52.000000,6357.668749999873,-27987.838750000035,-21630.170000000504
2026-03-12T13:11:17.000000,6357.668749999873,-27982.761600000034,-21625.092850000503
2026-03-12T13:30:12.000000,6357.668749999873,-28003.667550000035,-21645.998800000503
2026-03-12T13:30:52.000000,6357.668749999873,-28011.407550000036,-21653.738800000505
2026-03-12T13:31:47.000000,6357.668749999873,-28034.149800000036,-21676.481050000504
2026-03-12T13:38:47.000000,6357.668749999873,-28071.882300000034,-21714.213550000502
2026-03-12T13:41:52.000000,6357.668749999873,-28092.611450000033,-21734.9427000005
2026-03-12T13:45:07.000000,6357.668749999873,-28100.557050000032,-21742.8883000005
2026-03-12T13:45:12.000000,6357.668749999873,-28108.50265000003,-21750.8339000005
2026-03-12T13:45:27.000000,6357.668749999873,-28103.44630000003,-21745.777550000497
2026-03-12T13:45:37.000000,6357.668749999873,-28111.391900000028,-21753.723150000496
2026-03-12T13:45:37.000000,6357.668749999873,-28119.056700000026,-21761.387950000495
2026-03-12T13:45:47.000000,6357.668749999873,-28139.993850000028,-21782.325100000497
2026-03-12T13:51:32.000000,6357.668749999873,-28162.748100000026,-21805.079350000495
2026-03-12T13:52:07.000000,6357.668749999873,-28170.412900000025,-21812.744150000493
2026-03-12T13:55:27.000000,6357.668749999873,-28193.167150000023,-21835.49840000049
2026-03-12T13:55:52.000000,6357.668749999873,-28201.163950000024,-21843.495200000492
2026-03-12T13:57:12.000000,6357.668749999873,-28223.918200000022,-21866.24945000049
2026-03-12T13:58:07.000000,6357.668749999873,-28259.90800000002,-21902.23925000049
2026-03-12T13:58:37.000000,6357.668749999873,-28293.56630000002,-21935.89755000049
2026-03-12T14:04:52.000000,6357.668749999873,-28314.503450000022,-21956.83470000049
2026-03-12T14:05:22.000000,6357.668749999873,-28335.440600000024,-21977.771850000492
2026-03-12T14:08:07.000000,6357.668749999873,-28356.107350000024,-21998.438600000492
2026-03-12T14:09:02.000000,6357.668749999873,-28378.106250000023,-22020.43750000049
2026-03-12T14:09:12.000000,6357.668749999873,-28395.707750000023,-22038.03900000049
2026-03-12T14:15:42.000000,6357.668749999873,-28403.30775000002,-22045.63900000049
2026-03-12T14:15:52.000000,6357.668749999873,-28425.30665000002,-22067.63790000049
2026-03-12T14:18:37.000000,6357.668749999873,-28393.96560000002,-22036.29685000049
2026-03-12T14:20:02.000000,6357.668749999873,-28401.962400000022,-22044.29365000049
2026-03-12T14:20:07.000000,6357.668749999873,-28409.959200000023,-22052.29045000049
2026-03-12T14:20:32.000000,6357.668749999873,-28417.728000000025,-22060.059250000493
2026-03-12T14:22:17.000000,6357.668749999873,-28439.726900000023,-22082.058150000492
2026-03-12T14:22:32.000000,6357.668749999873,-28477.507400000024,-22119.838650000493
2026-03-12T14:24:42.000000,6357.668749999873,-28498.267750000025,-22140.599000000493
2026-03-12T14:27:27.000000,6357.668749999873,-28506.055750000025,-22148.387000000494
2026-03-12T14:28:17.000000,6357.668749999873,-28513.843750000025,-22156.175000000494
2026-03-12T14:28:37.000000,6357.668749999873,-28547.606050000028,-22189.937300000496
2026-03-12T14:29:07.000000,6357.668749999873,-28555.394050000028,-22197.725300000497
2026-03-12T14:29:22.000000,6357.668749999873,-28563.18205000003,-22205.513300000497
2026-03-12T14:29:27.000000,6357.668749999873,-28570.97005000003,-22213.301300000498
2026-03-12T14:29:42.000000,6357.668749999873,-28578.75805000003,-22221.089300000498
2026-03-12T14:29:52.000000,6357.668749999873,-28586.54605000003,-22228.8773000005
2026-03-12T14:32:02.000000,6357.668749999873,-28594.32205000003,-22236.6533000005
2026-03-12T14:34:12.000000,6357.668749999873,-28615.23840000003,-22257.5696500005
2026-03-12T14:35:32.000000,6357.668749999873,-28675.160600000032,-22317.4918500005
2026-03-12T14:40:52.000000,6357.668749999873,-28695.83775000003,-22338.1690000005
2026-03-13T10:01:22.000000,6405.870749999874,-28695.83775000003,-22289.9670000005
2026-03-13T10:02:12.000000,6510.069949999874,-28695.83775000003,-22185.7678000005
2026-03-13T10:16:12.000000,6472.433449999874,-28695.83775000003,-22223.4043000005
2026-03-13T10:18:12.000000,6449.799199999874,-28695.83775000003,-22246.0385500005
2026-03-13T10:18:22.000000,6427.164949999874,-28695.83775000003,-22268.6728000005
2026-03-13T10:23:32.000000,6351.256999999875,-28695.83775000003,-22344.5807500005
2026-03-13T10:27:32.000000,6356.3653499998745,-28695.83775000003,-22339.4724000005
2026-03-13T10:27:42.000000,6348.471749999874,-28695.83775000003,-22347.3660000005
2026-03-13T10:27:52.000000,6353.569699999875,-28695.83775000003,-22342.2680500005
2026-03-13T10:43:37.000000,6332.705349999876,-28695.83775000003,-22363.1324000005
2026-03-13T11:07:07.000000,6332.705349999876,-28717.769450000033,-22385.0641000005
2026-03-13T11:07:07.000000,6332.705349999876,-28740.40370000003,-22407.6983500005
2026-03-13T11:11:32.000000,6332.705349999876,-28762.335400000033,-22429.6300500005
2026-03-13T11:13:52.000000,6332.705349999876,-28769.967400000034,-22437.262050000503
2026-03-13T11:23:32.000000,6285.909899999875,-28769.967400000034,-22484.057500000505
2026-03-13T13:14:27.000000,6285.909899999875,-28738.823950000035,-22452.914050000505
2026-03-13T13:24:07.000000,6285.909899999875,-28746.731150000036,-22460.821250000507
2026-03-13T13:29:07.000000,6285.909899999875,-28740.625050000035,-22454.715150000506
2026-03-13T13:31:57.000000,6285.909899999875,-28763.223300000034,-22477.313400000505
2026-03-13T13:42:42.000000,6285.909899999875,-28752.082200000033,-22466.172300000504
2026-03-13T13:42:57.000000,6285.909899999875,-28743.936750000033,-22458.026850000504
2026-03-13T13:44:07.000000,6285.909899999875,-28751.821550000033,-22465.911650000504
2026-03-13T13:51:57.000000,6285.909899999875,-28759.429550000033,-22473.519650000504
2026-03-13T14:06:17.000000,6285.909899999875,-28767.291950000035,-22481.382050000506
2026-03-13T14:07:47.000000,6285.909899999875,-28774.899950000035,-22488.990050000506
2026-03-13T14:10:32.000000,6285.909899999875,-28797.498200000035,-22511.588300000505
2026-03-13T14:15:42.000000,6285.909899999875,-28805.256600000033,-22519.346700000504
2026-03-13T14:22:22.000000,6285.909899999875,-28827.854850000032,-22541.944950000503
2026-03-13T14:26:47.000000,6285.909899999875,-28835.450850000034,-22549.540950000504
2026-03-13T14:35:57.000000,6285.909899999875,-28815.286650000035,-22529.376750000505
2026-03-13T14:36:02.000000,6285.909899999875,-28795.122450000035,-22509.212550000506
2026-03-13T14:37:42.000000,6285.909899999875,-28774.958250000036,-22489.048350000507
2026-03-13T14:42:57.000000,6239.260049999876,-28774.958250000036,-22535.698200000505
2026-03-13T14:45:02.000000,6192.620599999876,-28774.958250000036,-22582.337650000503
2026-03-16T10:12:27.000000,6157.145999999875,-28774.958250000036,-22617.812250000505
2026-03-16T10:13:32.000000,6089.216999999875,-28774.958250000036,-22685.741250000505
2026-03-16T10:13:37.000000,6089.216999999875,-28752.585750000035,-22663.368750000503
2026-03-16T10:20:07.000000,6021.311999999875,-28752.585750000035,-22731.273750000502
2026-03-16T10:20:12.000000,5938.416749999876,-28752.585750000035,-22814.169000000504
2026-03-16T10:20:27.000000,5855.521499999876,-28752.585750000035,-22897.064250000505
2026-03-16T10:26:32.000000,5742.693749999876,-28752.585750000035,-23009.892000000506
2026-03-16T10:29:42.000000,5735.324149999876,-28752.585750000035,-23017.261600000507
2026-03-16T10:33:02.000000,5757.384649999875,-28752.585750000035,-22995.201100000508
2026-03-16T10:38:47.000000,5757.384649999875,-28775.208000000035,-23017.823350000508
2026-03-16T10:54:12.000000,5749.6086499998755,-28775.208000000035,-23025.59935000051
2026-03-16T10:54:32.000000,5741.832649999876,-28775.208000000035,-23033.37535000051
2026-03-16T10:54:37.000000,5734.056649999876,-28775.208000000035,-23041.151350000513
2026-03-16T10:55:12.000000,5756.273149999876,-28775.208000000035,-23018.93485000051
2026-03-16T10:55:17.000000,5778.489649999877,-28775.208000000035,-22996.71835000051
2026-03-16T10:55:22.000000,5785.703899999877,-28775.208000000035,-22989.504100000508
2026-03-16T10:55:27.000000,5792.918149999877,-28775.208000000035,-22982.289850000507
2026-03-16T10:56:12.000000,5800.132399999877,-28775.208000000035,-22975.075600000506
2026-03-16T10:57:37.000000,5822.324899999876,-28775.208000000035,-22952.883100000505
2026-03-16T10:57:42.000000,5828.475799999876,-28775.208000000035,-22946.732200000504
2026-03-16T10:58:37.000000,5862.630899999875,-28775.208000000035,-22912.577100000504
2026-03-16T10:59:27.000000,5868.781799999874,-28775.208000000035,-22906.426200000504
2026-03-16T10:59:57.000000,5874.932699999874,-28775.208000000035,-22900.275300000503
2026-03-16T11:06:37.000000,5874.932699999874,-28797.818250000037,-22922.885550000505
2026-03-16T11:10:27.000000,5874.932699999874,-28820.42850000004,-22945.495800000506
2026-03-16T11:21:32.000000,5832.608249999874,-28820.42850000004,-22987.820250000506
2026-03-16T11:22:32.000000,5832.608249999874,-28858.221000000038,-23025.612750000506
2026-03-16T11:22:37.000000,5832.608249999874,-28896.013500000037,-23063.405250000505
2026-03-16T11:25:47.000000,5832.608249999874,-28933.614000000038,-23101.005750000506
2026-03-16T11:26:07.000000,5832.608249999874,-28956.22425000004,-23123.616000000507
2026-03-16T13:00:57.000000,5832.608249999874,-28963.83225000004,-23131.224000000508
2026-03-16T13:01:27.000000,5832.608249999874,-28986.44250000004,-23153.83425000051
2026-03-16T13:03:57.000000,5832.608249999874,-28994.05050000004,-23161.44225000051
2026-03-16T13:04:27.000000,5832.608249999874,-29058.01090000004,-23225.40265000051
2026-03-16T13:04:52.000000,5832.608249999874,-29121.97130000004,-23289.36305000051
2026-03-16T13:07:47.000000,5832.608249999874,-29174.910050000042,-23342.30180000051
2026-03-16T13:08:02.000000,5832.608249999874,-29252.89495000004,-23420.28670000051
2026-03-16T13:09:22.000000,5832.608249999874,-29275.85320000004,-23443.24495000051
2026-03-16T13:10:32.000000,5832.608249999874,-29283.80920000004,-23451.200950000508
2026-03-16T13:10:37.000000,5832.608249999874,-29306.76745000004,-23474.159200000508
2026-03-16T13:11:12.000000,5764.7272499998735,-29306.76745000004,-23542.04020000051
2026-03-16T13:13:02.000000,5764.7272499998735,-29314.38745000004,-23549.660200000508
2026-03-16T13:14:02.000000,5764.7272499998735,-29266.034250000037,-23501.307000000506
2026-03-16T13:26:12.000000,5764.7272499998735,-29303.994750000038,-23539.267500000507
2026-03-16T13:45:02.000000,5764.7272499998735,-29255.73850000004,-23491.01125000051
2026-03-16T13:45:12.000000,5764.7272499998735,-29187.49125000004,-23422.76400000051
2026-03-16T13:45:17.000000,5764.7272499998735,-29129.23750000004,-23364.51025000051
2026-03-16T13:45:22.000000,5764.7272499998735,-29090.974750000038,-23326.247500000507
2026-03-16T13:45:27.000000,5764.7272499998735,-29047.715250000037,-23282.988000000507
2026-03-16T13:51:47.000000,5764.7272499998735,-29042.159700000037,-23277.432450000506
2026-03-16T13:52:02.000000,5764.7272499998735,-29007.623800000038,-23242.896550000507
2026-03-16T13:53:07.000000,5764.7272499998735,-29015.21980000004,-23250.49255000051
2026-03-16T13:53:57.000000,5764.7272499998735,-29022.81580000004,-23258.08855000051
2026-03-16T13:54:12.000000,5764.7272499998735,-29030.41180000004,-23265.68455000051
2026-03-16T13:54:27.000000,5764.7272499998735,-29038.007800000043,-23273.280550000512
2026-03-16T13:54:32.000000,5764.7272499998735,-29045.603800000044,-23280.876550000514
2026-03-16T13:57:07.000000,5756.759249999874,-29045.603800000044,-23288.844550000515
2026-03-16T14:07:57.000000,5756.759249999874,-29068.190050000045,-23311.430800000515
2026-03-16T14:09:42.000000,5756.759249999874,-29091.148300000044,-23334.389050000515
2026-03-16T14:14:32.000000,5756.759249999874,-29098.732300000043,-23341.973050000513
2026-03-16T14:14:37.000000,5756.759249999874,-29106.316300000042,-23349.557050000512
2026-03-16T14:27:37.000000,5756.759249999874,-29126.80625000004,-23370.04700000051
2026-03-16T14:32:02.000000,5756.759249999874,-29119.796000000042,-23363.036750000512
2026-03-16T14:32:12.000000,5756.759249999874,-29112.785750000043,-23356.026500000513
2026-03-16T14:34:42.000000,5756.759249999874,-29105.775500000043,-23349.016250000514
2026-03-16T14:34:47.000000,5756.759249999874,-29098.765250000044,-23342.006000000514
2026-03-16T14:36:02.000000,5756.759249999874,-29091.743000000046,-23334.983750000516
2026-03-16T14:36:12.000000,5756.759249999874,-29084.720750000048,-23327.961500000518
2026-03-16T14:39:52.000000,5808.956249999874,-29084.720750000048,-23275.764500000518
2026-03-16T14:39:52.000000,5861.153249999874,-29084.720750000048,-23223.567500000518
2026-03-16T14:39:52.000000,5913.350249999874,-29084.720750000048,-23171.370500000517
2026-03-16T14:39:52.000000,5965.547249999874,-29084.720750000048,-23119.173500000517
2026-03-16T14:39:52.000000,6017.744249999874,-29084.720750000048,-23066.976500000517
2026-03-16T14:39:52.000000,6069.941249999874,-29084.720750000048,-23014.779500000517
2026-03-16T14:39:52.000000,6122.1382499998745,-29084.720750000048,-22962.582500000517
2026-03-16T14:39:52.000000,6174.335249999875,-29084.720750000048,-22910.385500000517
2026-03-16T14:39:52.000000,6226.532249999875,-29084.720750000048,-22858.188500000517
2026-03-16T14:39:52.000000,6278.729249999875,-29084.720750000048,-22805.991500000517
2026-03-16T14:39:52.000000,6330.926249999875,-29084.720750000048,-22753.794500000517
2026-03-16T14:39:52.000000,6383.123249999875,-29084.720750000048,-22701.597500000516
2026-03-16T14:39:52.000000,6435.320249999875,-29084.720750000048,-22649.400500000516
2026-03-16T14:39:52.000000,6487.517249999875,-29084.720750000048,-22597.203500000516
2026-03-16T14:39:52.000000,6539.714249999875,-29084.720750000048,-22545.006500000516
2026-03-16T14:39:52.000000,6591.9112499998755,-29084.720750000048,-22492.809500000516
2026-03-16T14:39:52.000000,6644.108249999876,-29084.720750000048,-22440.612500000516
2026-03-16T14:39:52.000000,6696.305249999876,-29084.720750000048,-22388.415500000516
2026-03-16T14:39:52.000000,6748.502249999876,-29084.720750000048,-22336.218500000516
2026-03-16T14:39:52.000000,6800.699249999876,-29084.720750000048,-22284.021500000516
2026-03-16T14:39:52.000000,6852.896249999876,-29084.720750000048,-22231.824500000515
2026-03-16T14:39:52.000000,6905.093249999876,-29084.720750000048,-22179.627500000515
2026-03-16T15:00:00.000000,6897.329249999876,-29084.720750000048,-22187.391500000514
2026-03-16T15:00:00.000000,6889.565249999876,-29084.720750000048,-22195.155500000514
2026-03-16T15:00:00.000000,6881.801249999876,-29084.720750000048,-22202.919500000513
2026-03-16T15:00:00.000000,6874.037249999876,-29084.720750000048,-22210.683500000512
2026-03-16T15:00:00.000000,6866.273249999876,-29084.720750000048,-22218.44750000051
2026-03-16T15:00:00.000000,6858.5092499998755,-29084.720750000048,-22226.21150000051
2026-03-16T15:00:00.000000,6850.745249999875,-29084.720750000048,-22233.97550000051
2026-03-16T15:00:00.000000,6842.981249999875,-29084.720750000048,-22241.73950000051
2026-03-17T10:04:52.000000,6970.357499999875,-29084.720750000048,-22114.363250000508
2026-03-17T10:06:32.000000,6970.357499999875,-29131.360200000046,-22161.002700000507
2026-03-17T10:06:37.000000,6970.357499999875,-29177.999650000045,-22207.642150000505
2026-03-17T10:12:02.000000,6917.778749999876,-29177.999650000045,-22260.220900000506
2026-03-17T10:13:02.000000,6917.778749999876,-29170.533400000044,-22252.754650000505
2026-03-17T10:20:02.000000,6917.778749999876,-29208.049900000045,-22290.271150000506
2026-03-17T10:21:42.000000,6917.778749999876,-29215.587500000045,-22297.808750000506
2026-03-17T10:26:42.000000,6917.778749999876,-29193.131000000045,-22275.352250000506
2026-03-17T10:26:57.000000,6917.778749999876,-29170.662500000046,-22252.883750000507
2026-03-17T10:29:17.000000,6917.778749999876,-29164.186800000047,-22246.408050000508
2026-03-17T10:33:22.000000,6877.799549999876,-29164.186800000047,-22286.387250000505
2026-03-17T10:41:27.000000,6900.268049999877,-29164.186800000047,-22263.918750000506
2026-03-17T10:41:37.000000,6900.268049999877,-29157.699900000047,-22257.431850000507
2026-03-17T10:41:42.000000,6900.268049999877,-29151.213000000047,-22250.944950000507
2026-03-17T10:45:47.000000,6900.268049999877,-29143.746750000046,-22243.478700000505
2026-03-17T10:47:22.000000,6900.268049999877,-29193.245850000047,-22292.977800000506
2026-03-17T10:47:57.000000,6900.268049999877,-29242.744950000048,-22342.476900000507
2026-03-17T10:50:17.000000,6900.268049999877,-29264.262250000047,-22363.994200000507
2026-03-17T10:50:27.000000,6900.268049999877,-29285.779550000047,-22385.511500000506
2026-03-17T10:59:17.000000,6900.268049999877,-29307.285650000045,-22407.017600000505
2026-03-17T11:05:02.000000,6900.268049999877,-29315.272850000045,-22415.004800000504
2026-03-17T11:24:12.000000,6900.268049999877,-29277.778100000047,-22377.510050000506
2026-03-17T13:41:32.000000,6900.268049999877,-29285.248500000045,-22384.980450000505
2026-03-17T13:43:22.000000,6900.268049999877,-29292.718900000044,-22392.450850000503
2026-03-17T13:43:27.000000,6900.268049999877,-29300.189300000042,-22399.9212500005
2026-03-17T13:44:47.000000,6900.268049999877,-29307.65970000004,-22407.3916500005
2026-03-17T13:46:32.000000,6900.268049999877,-29330.65395000004,-22430.3859000005
2026-03-17T13:47:17.000000,6900.268049999877,-29354.60515000004,-22454.3371000005
2026-03-17T13:49:12.000000,6900.268049999877,-29362.597150000038,-22462.329100000497
2026-03-17T13:49:22.000000,6900.268049999877,-29370.589150000036,-22470.321100000496
2026-03-17T13:51:27.000000,6900.268049999877,-29378.581150000035,-22478.313100000494
2026-03-17T13:51:32.000000,6900.268049999877,-29386.573150000033,-22486.305100000493
2026-03-17T13:52:12.000000,6900.268049999877,-29394.14435000003,-22493.87630000049
2026-03-17T13:53:42.000000,6900.268049999877,-29402.12435000003,-22501.85630000049
2026-03-17T13:53:57.000000,6900.268049999877,-29442.07795000003,-22541.80990000049
2026-03-17T13:54:17.000000,6900.268049999877,-29465.060200000033,-22564.792150000492
2026-03-17T13:56:02.000000,6900.268049999877,-29488.042450000034,-22587.774400000493
2026-03-17T13:56:22.000000,6900.268049999877,-29511.024700000034,-22610.756650000494
2026-03-17T13:56:42.000000,6900.268049999877,-29534.006950000035,-22633.738900000495
2026-03-17T13:56:47.000000,6900.268049999877,-29556.989200000036,-22656.721150000496
2026-03-17T14:01:12.000000,6900.268049999877,-29549.96695000004,-22649.698900000498
2026-03-17T14:01:17.000000,6900.268049999877,-29542.94470000004,-22642.6766500005
2026-03-17T14:01:22.000000,6900.268049999877,-29535.922450000042,-22635.6544000005
2026-03-17T14:03:27.000000,6900.268049999877,-29513.897950000042,-22613.629900000502
2026-03-17T14:14:37.000000,6836.598849999877,-29513.897950000042,-22677.299100000502
2026-03-17T14:20:42.000000,6800.956249999877,-29513.897950000042,-22712.9417000005
2026-03-17T14:21:17.000000,6751.311549999877,-29513.897950000042,-22762.586400000502
2026-03-17T14:23:17.000000,6751.311549999877,-29505.78035000004,-22754.4688000005
2026-03-17T14:28:12.000000,6727.449949999877,-29505.78035000004,-22778.3304000005
2026-03-17T14:28:32.000000,6687.598749999876,-29505.78035000004,-22818.181600000502
2026-03-17T14:34:57.000000,6687.598749999876,-29513.29235000004,-22825.6936000005
2026-03-18T10:28:52.000000,6687.598749999876,-29530.99785000004,-22843.3991000005
2026-03-18T10:35:42.000000,6687.598749999876,-29568.75435000004,-22881.1556000005
2026-03-18T10:46:52.000000,6687.598749999876,-29561.52810000004,-22873.9293500005
2026-03-18T10:48:32.000000,6687.598749999876,-29554.28985000004,-22866.691100000502
2026-03-18T10:52:07.000000,6668.780949999877,-29554.28985000004,-22885.508900000503
2026-03-18T10:55:07.000000,6668.780949999877,-29532.02535000004,-22863.2444000005
2026-03-18T10:57:22.000000,6668.780949999877,-29509.76085000004,-22840.9799000005
2026-03-18T10:59:07.000000,6661.9769499998765,-29509.76085000004,-22847.7839000005
2026-03-18T11:01:02.000000,6604.0574499998775,-29509.76085000004,-22905.7034000005
2026-03-18T11:07:37.000000,6604.0574499998775,-29532.49110000004,-22928.4336500005
2026-03-18T11:07:47.000000,6604.0574499998775,-29555.22135000004,-22951.1639000005
2026-03-18T11:11:47.000000,6604.0574499998775,-29593.12185000004,-22989.0644000005
2026-03-18T11:13:42.000000,6604.0574499998775,-29630.854350000038,-23026.7969000005
2026-03-18T11:20:47.000000,6604.0574499998775,-29653.62060000004,-23049.5631500005
2026-03-18T11:21:17.000000,6604.0574499998775,-29676.38685000004,-23072.3294000005
2026-03-18T11:22:47.000000,6604.0574499998775,-29699.15310000004,-23095.0956500005
2026-03-18T11:23:07.000000,6604.0574499998775,-29721.91935000004,-23117.861900000502
2026-03-18T11:23:22.000000,6604.0574499998775,-29729.82735000004,-23125.7699000005
2026-03-18T11:27:37.000000,6604.0574499998775,-29767.73985000004,-23163.682400000504
2026-03-18T13:03:32.000000,6604.0574499998775,-29775.50385000004,-23171.446400000503
2026-03-18T13:07:22.000000,6604.0574499998775,-29828.43060000004,-23224.3731500005
2026-03-18T13:08:07.000000,6604.0574499998775,-29836.314600000038,-23232.2571500005
2026-03-18T13:11:07.000000,6604.0574499998775,-29829.052350000038,-23224.9949000005
2026-03-18T13:24:07.000000,6604.0574499998775,-29896.81335000004,-23292.755900000502
2026-03-18T13:26:17.000000,6604.0574499998775,-29904.70935000004,-23300.651900000503
2026-03-18T13:26:57.000000,6604.0574499998775,-29912.60535000004,-23308.547900000503
2026-03-18T13:27:37.000000,6604.0574499998775,-29920.33335000004,-23316.275900000503
2026-03-18T13:28:17.000000,6604.0574499998775,-29928.06135000004,-23324.0039000005
2026-03-18T13:28:22.000000,6604.0574499998775,-29935.78935000004,-23331.7319000005
2026-03-18T13:28:27.000000,6604.0574499998775,-29943.51735000004,-23339.4599000005
2026-03-18T13:28:52.000000,6604.0574499998775,-29936.25510000004,-23332.1976500005
2026-03-18T13:29:02.000000,6604.0574499998775,-29913.990600000037,-23309.9331500005
2026-03-18T13:29:12.000000,6604.0574499998775,-29891.726100000036,-23287.668650000498
2026-03-18T13:29:17.000000,6604.0574499998775,-29869.461600000035,-23265.404150000497
2026-03-18T13:29:22.000000,6604.0574499998775,-29847.197100000034,-23243.139650000496
2026-03-18T13:29:37.000000,6604.0574499998775,-29824.932600000033,-23220.875150000495
2026-03-18T13:29:42.000000,6604.0574499998775,-29802.66810000003,-23198.610650000493
2026-03-18T13:30:52.000000,6604.0574499998775,-29795.39385000003,-23191.33640000049
2026-03-18T13:30:57.000000,6604.0574499998775,-29788.119600000027,-23184.06215000049
2026-03-18T13:31:02.000000,6604.0574499998775,-29780.845350000025,-23176.787900000487
2026-03-18T13:31:27.000000,6604.0574499998775,-29773.571100000023,-23169.513650000485
2026-03-18T13:34:02.000000,6604.0574499998775,-29796.289350000025,-23192.231900000486
2026-03-18T13:37:52.000000,6604.0574499998775,-29836.012550000025,-23231.955100000487
2026-03-18T13:41:37.000000,6604.0574499998775,-29853.782050000023,-23249.724600000485
2026-03-18T13:43:07.000000,6604.0574499998775,-29876.53630000002,-23272.478850000483
2026-03-18T13:44:47.000000,6604.0574499998775,-29899.446550000022,-23295.389100000484
2026-03-18T13:48:47.000000,6604.0574499998775,-29937.203050000022,-23333.145600000484
2026-03-18T13:57:32.000000,6604.0574499998775,-29954.980550000022,-23350.923100000484
2026-03-18T13:57:57.000000,6604.0574499998775,-29972.758050000022,-23368.700600000484
2026-03-18T14:04:32.000000,6604.0574499998775,-30010.682550000023,-23406.625100000485
2026-03-18T14:07:32.000000,6604.0574499998775,-30063.609300000022,-23459.551850000484
2026-03-18T14:07:37.000000,6604.0574499998775,-30116.53605000002,-23512.478600000482
2026-03-18T14:07:42.000000,6604.0574499998775,-30124.42005000002,-23520.36260000048
2026-03-18T14:09:57.000000,6604.0574499998775,-30132.304050000017,-23528.24660000048
2026-03-18T14:10:37.000000,6604.0574499998775,-30155.250300000018,-23551.19285000048
2026-03-18T14:19:07.000000,6604.0574499998775,-30143.06330000002,-23539.00585000048
2026-03-18T14:31:47.000000,6604.0574499998775,-30136.02905000002,-23531.97160000048
2026-03-18T14:33:57.000000,6604.0574499998775,-30128.83880000002,-23524.78135000048
2026-03-18T14:34:22.000000,6604.0574499998775,-30106.64630000002,-23502.58885000048
2026-03-19T10:19:32.000000,6604.0574499998775,-30249.64655000002,-23645.58910000048
2026-03-19T10:22:37.000000,6628.331049999877,-30249.64655000002,-23621.31550000048
2026-03-19T10:31:07.000000,6628.331049999877,-30353.52015000002,-23725.18910000048
2026-03-19T10:43:07.000000,6628.331049999877,-30377.458550000018,-23749.12750000048
2026-03-19T10:45:27.000000,6628.331049999877,-30476.01220000002,-23847.68115000048
2026-03-19T10:48:22.000000,6628.331049999877,-30499.78420000002,-23871.45315000048
2026-03-19T10:54:12.000000,6628.331049999877,-30491.71780000002,-23863.38675000048
2026-03-19T10:55:32.000000,6628.331049999877,-30499.64100000002,-23871.309950000483
2026-03-19T10:59:37.000000,6628.331049999877,-30507.257000000023,-23878.925950000485
2026-03-19T11:04:52.000000,6628.331049999877,-30500.859700000023,-23872.528650000484
2026-03-19T11:04:57.000000,6628.331049999877,-30494.462400000022,-23866.131350000484
2026-03-19T11:09:27.000000,6628.331049999877,-30502.385600000023,-23874.054550000485
2026-03-19T11:11:37.000000,6628.331049999877,-30510.308800000024,-23881.977750000486
2026-03-19T11:12:32.000000,6628.331049999877,-30518.052800000023,-23889.721750000484
2026-03-19T11:15:57.000000,6592.811649999876,-30518.052800000023,-23925.241150000486
2026-03-19T11:16:27.000000,6543.301349999876,-30518.052800000023,-23974.751450000487
2026-03-19T11:21:47.000000,6543.301349999876,-30541.952800000025,-23998.65145000049
2026-03-19T11:26:57.000000,6543.301349999876,-30549.684000000023,-24006.382650000487
2026-03-19T11:27:12.000000,6543.301349999876,-30549.180400000023,-24005.879050000487
2026-03-19T11:29:57.000000,6543.301349999876,-30588.903600000023,-24045.602250000487
2026-03-19T13:19:37.000000,6503.603749999876,-30588.903600000023,-24085.299850000487
2026-03-19T13:31:32.000000,6503.603749999876,-30596.609200000024,-24093.005450000488
2026-03-19T13:33:22.000000,6503.603749999876,-30620.560400000024,-24116.956650000488
2026-03-19T13:33:52.000000,6503.603749999876,-30644.255600000026,-24140.65185000049
2026-03-19T13:35:07.000000,6503.603749999876,-30668.091600000025,-24164.48785000049
2026-03-19T13:35:52.000000,6503.603749999876,-30691.786800000027,-24188.18305000049
2026-03-19T13:36:02.000000,6503.603749999876,-30715.48200000003,-24211.878250000493
2026-03-19T13:36:07.000000,6503.603749999876,-30739.17720000003,-24235.573450000495
2026-03-19T13:41:17.000000,6503.603749999876,-30746.87000000003,-24243.266250000495
2026-03-19T13:42:02.000000,6503.603749999876,-30786.823600000032,-24283.219850000496
2026-03-19T13:43:52.000000,6503.603749999876,-30794.631600000033,-24291.027850000497
2026-03-19T13:44:57.000000,6503.603749999876,-30788.111100000035,-24284.5073500005
2026-03-19T13:47:42.000000,6503.603749999876,-30812.075100000035,-24308.4713500005
2026-03-19T13:59:07.000000,6503.603749999876,-30835.783100000033,-24332.179350000497
2026-03-19T14:06:22.000000,6503.603749999876,-30899.295500000033,-24395.691750000497
2026-03-19T14:07:47.000000,6503.603749999876,-30923.272300000033,-24419.668550000497
2026-03-19T14:13:27.000000,6503.603749999876,-30947.146700000034,-24443.542950000498
2026-03-19T14:15:52.000000,6503.603749999876,-30939.016300000036,-24435.4125500005
2026-03-19T14:25:47.000000,6466.4912499998745,-30939.016300000036,-24472.525050000502
2026-03-19T14:26:07.000000,6434.375499999875,-30939.016300000036,-24504.640800000503
2026-03-19T14:41:12.000000,6434.375499999875,-30963.906850000036,-24529.531350000503
2026-03-19T14:42:27.000000,6434.375499999875,-30955.712450000035,-24521.336950000503
2026-03-20T09:54:02.000000,6398.856099999874,-30955.712450000035,-24556.856350000504
2026-03-20T09:57:32.000000,6343.156099999873,-30955.712450000035,-24612.556350000505
2026-03-20T09:57:37.000000,6307.692699999873,-30955.712450000035,-24648.019750000505
2026-03-20T09:57:52.000000,6272.218099999873,-30955.712450000035,-24683.494350000507
2026-03-20T09:58:22.000000,6247.488199999873,-30955.712450000035,-24708.224250000505
2026-03-20T09:58:27.000000,6222.755899999873,-30955.712450000035,-24732.956550000505
2026-03-20T10:09:12.000000,6199.188699999873,-30955.712450000035,-24756.523750000506
2026-03-20T10:17:27.000000,6199.188699999873,-30931.285250000037,-24732.096550000508
2026-03-20T10:17:32.000000,6199.188699999873,-30906.85805000004,-24707.66935000051
2026-03-20T10:17:42.000000,6199.188699999873,-30898.43325000004,-24699.24455000051
2026-03-20T10:17:52.000000,6199.188699999873,-30906.01085000004,-24706.82215000051
2026-03-20T10:17:57.000000,6199.188699999873,-30913.58845000004,-24714.39975000051
2026-03-20T10:18:02.000000,6199.188699999873,-30921.16605000004,-24721.97735000051
2026-03-20T10:18:27.000000,6199.188699999873,-30944.73325000004,-24745.54455000051
2026-03-20T10:18:52.000000,6199.188699999873,-31016.47405000004,-24817.28535000051
2026-03-20T10:19:12.000000,6199.188699999873,-31056.03085000004,-24856.84215000051
2026-03-20T10:25:07.000000,6199.188699999873,-31035.54185000004,-24836.353150000512
2026-03-20T10:25:12.000000,6199.188699999873,-31015.052850000044,-24815.864150000514
2026-03-20T10:25:17.000000,6199.188699999873,-30994.563850000046,-24795.375150000516
2026-03-20T10:25:22.000000,6199.188699999873,-30974.074850000048,-24774.88615000052
2026-03-20T10:25:27.000000,6199.188699999873,-30953.58585000005,-24754.39715000052
2026-03-20T10:25:32.000000,6199.188699999873,-30933.096850000053,-24733.908150000523
2026-03-20T10:25:37.000000,6199.188699999873,-30898.616950000054,-24699.428250000525
2026-03-20T10:25:42.000000,6199.188699999873,-30864.137050000056,-24664.948350000526
2026-03-20T10:25:47.000000,6199.188699999873,-30829.657150000057,-24630.468450000528
2026-03-20T10:25:52.000000,6199.188699999873,-30809.16815000006,-24609.97945000053
2026-03-20T10:25:57.000000,6199.188699999873,-30774.68825000006,-24575.49955000053
2026-03-20T10:26:02.000000,6199.188699999873,-30740.208350000063,-24541.019650000533
2026-03-20T10:26:07.000000,6199.188699999873,-30705.728450000064,-24506.539750000535
2026-03-20T10:26:12.000000,6199.188699999873,-30671.248550000066,-24472.059850000536
2026-03-20T10:26:17.000000,6199.188699999873,-30636.768650000067,-24437.579950000538
2026-03-20T10:26:22.000000,6199.188699999873,-30616.27965000007,-24417.09095000054
2026-03-20T10:26:27.000000,6199.188699999873,-30595.79065000007,-24396.601950000542
2026-03-20T10:26:32.000000,6199.188699999873,-30575.301650000074,-24376.112950000545
2026-03-20T10:26:37.000000,6199.188699999873,-30568.803550000073,-24369.614850000544
2026-03-20T10:26:42.000000,6199.188699999873,-30562.305450000073,-24363.116750000543
2026-03-20T10:26:52.000000,6199.188699999873,-30555.807350000072,-24356.618650000542
2026-03-20T10:26:57.000000,6199.188699999873,-30549.30925000007,-24350.12055000054
2026-03-20T10:27:07.000000,6199.188699999873,-30542.79995000007,-24343.61125000054
2026-03-20T10:27:32.000000,6199.188699999873,-30536.27945000007,-24337.09075000054
2026-03-20T10:31:37.000000,6199.188699999873,-30544.06185000007,-24344.87315000054
2026-03-20T10:32:12.000000,6199.188699999873,-30551.84425000007,-24352.65555000054
2026-03-20T10:32:27.000000,6199.188699999873,-30559.62665000007,-24360.43795000054
2026-03-20T10:34:32.000000,6199.188699999873,-30567.40905000007,-24368.22035000054
2026-03-20T10:35:12.000000,6199.188699999873,-30575.19145000007,-24376.00275000054
2026-03-20T10:37:22.000000,6199.188699999873,-30614.96585000007,-24415.77715000054
2026-03-20T10:37:37.000000,6199.188699999873,-30654.740250000068,-24455.55155000054
2026-03-20T10:38:57.000000,6199.188699999873,-30678.51225000007,-24479.32355000054
2026-03-20T10:39:02.000000,6199.188699999873,-30702.28425000007,-24503.09555000054
2026-03-20T10:44:57.000000,6199.188699999873,-30726.04345000007,-24526.85475000054
2026-03-20T10:45:02.000000,6199.188699999873,-30749.80265000007,-24550.61395000054
2026-03-20T10:47:07.000000,6199.188699999873,-30789.56425000007,-24590.37555000054
2026-03-20T10:56:42.000000,6199.188699999873,-30781.357050000068,-24582.16835000054
2026-03-20T10:56:57.000000,6199.188699999873,-30772.89385000007,-24573.70515000054
2026-03-20T11:01:37.000000,6199.188699999873,-30780.39785000007,-24581.20915000054
2026-03-20T11:05:57.000000,6199.188699999873,-30820.17225000007,-24620.98355000054
2026-03-20T11:13:17.000000,6199.188699999873,-30859.741850000068,-24660.553150000538
2026-03-20T11:14:52.000000,6199.188699999873,-30915.531450000068,-24716.34275000054
2026-03-20T11:21:57.000000,6199.188699999873,-30971.740400000068,-24772.55170000054
2026-03-20T11:22:32.000000,6199.188699999873,-31195.193600000068,-24996.00490000054
2026-03-20T11:22:37.000000,6199.188699999873,-31203.078400000068,-25003.889700000538
2026-03-20T11:23:02.000000,6199.188699999873,-31402.518400000066,-25203.329700000537
2026-03-20T11:25:52.000000,6199.188699999873,-31422.046600000067,-25222.857900000537
2026-03-20T11:27:47.000000,6199.188699999873,-31333.60660000007,-25134.41790000054
2026-03-20T11:28:27.000000,6199.188699999873,-31357.442600000068,-25158.253900000538
2026-03-20T13:02:12.000000,6199.188699999873,-31532.965400000066,-25333.776700000537
2026-03-20T13:03:12.000000,6199.188699999873,-31556.801400000066,-25357.612700000536
2026-03-20T13:18:57.000000,6191.371099999873,-31556.801400000066,-25365.430300000535
2026-03-20T13:21:32.000000,6191.371099999873,-31564.596600000066,-25373.225500000535
2026-03-20T13:21:37.000000,6188.919849999872,-31564.596600000066,-25375.676750000537
2026-03-20T13:21:42.000000,6181.467849999872,-31564.596600000066,-25383.12875000054
2026-03-20T13:21:47.000000,6181.467849999872,-31572.391800000067,-25390.92395000054
2026-03-20T13:22:12.000000,6169.019099999873,-31572.391800000067,-25403.37270000054
2026-03-20T13:22:17.000000,6156.566349999873,-31572.391800000067,-25415.82545000054
2026-03-20T13:22:52.000000,6156.566349999873,-31580.187000000067,-25423.62065000054
2026-03-20T13:23:27.000000,6156.566349999873,-31587.982200000068,-25431.41585000054
2026-03-20T13:34:47.000000,6156.566349999873,-31539.892200000068,-25383.32585000054
2026-03-20T13:34:52.000000,6156.566349999873,-31491.802200000067,-25335.23585000054
2026-03-20T13:35:17.000000,6156.566349999873,-31443.701000000066,-25287.13465000054
2026-03-20T13:37:02.000000,6156.566349999873,-31467.485800000068,-25310.91945000054
2026-03-20T13:44:02.000000,6156.566349999873,-31491.27060000007,-25334.70425000054
2026-03-20T13:44:07.000000,6156.566349999873,-31515.05540000007,-25358.489050000542
2026-03-20T13:46:57.000000,6156.566349999873,-31511.92095000007,-25355.35460000054
2026-03-20T13:49:27.000000,6156.566349999873,-31535.70575000007,-25379.139400000542
2026-03-20T13:49:32.000000,6156.566349999873,-31559.49055000007,-25402.924200000543
2026-03-20T13:51:17.000000,6156.566349999873,-31567.37535000007,-25410.809000000543
2026-03-20T13:54:12.000000,6156.566349999873,-31575.15775000007,-25418.591400000543
2026-03-20T13:57:07.000000,6156.566349999873,-31582.70975000007,-25426.143400000543
2026-03-20T13:57:12.000000,6156.566349999873,-31590.26175000007,-25433.695400000543
2026-03-20T13:57:52.000000,6156.566349999873,-31603.03785000007,-25446.47150000054
2026-03-20T13:58:42.000000,6156.566349999873,-31624.92475000007,-25468.358400000543
2026-03-20T13:59:17.000000,6156.566349999873,-31646.811650000072,-25490.245300000544
2026-03-20T13:59:42.000000,6132.807149999873,-31646.811650000072,-25514.004500000545
2026-03-20T14:00:32.000000,6109.047949999874,-31646.811650000072,-25537.763700000545
2026-03-20T14:01:07.000000,6085.288749999874,-31646.811650000072,-25561.522900000546
2026-03-20T14:05:42.000000,6085.288749999874,-31686.355650000074,-25601.066900000547
2026-03-20T14:07:32.000000,6085.288749999874,-31666.269850000073,-25580.981100000547
2026-03-20T14:07:42.000000,6085.288749999874,-31646.184050000073,-25560.895300000546
2026-03-20T14:07:52.000000,6085.288749999874,-31640.100350000073,-25554.811600000547
2026-03-20T14:07:57.000000,6085.288749999874,-31634.016650000074,-25548.727900000547
2026-03-20T14:08:27.000000,6085.288749999874,-31613.930850000073,-25528.642100000547
2026-03-20T14:08:52.000000,6085.288749999874,-31607.835950000073,-25522.547200000547
2026-03-20T14:08:57.000000,6085.288749999874,-31601.741050000073,-25516.452300000547
2026-03-20T14:09:02.000000,6085.288749999874,-31595.646150000073,-25510.357400000546
2026-03-20T14:09:27.000000,6085.288749999874,-31589.551250000073,-25504.262500000546
2026-03-20T14:14:52.000000,6085.288749999874,-31541.427650000074,-25456.138900000547
2026-03-20T14:15:47.000000,6085.288749999874,-31493.304050000075,-25408.01530000055
2026-03-20T14:25:12.000000,6091.439649999874,-31493.304050000075,-25401.864400000548
2026-03-20T14:30:12.000000,6091.439649999874,-31501.155250000076,-25409.71560000055
2026-03-20T14:30:32.000000,6091.439649999874,-31509.006450000077,-25417.56680000055
2026-03-20T14:33:07.000000,6091.439649999874,-31516.699250000078,-25425.25960000055
2026-03-20T14:33:22.000000,6091.439649999874,-31524.39205000008,-25432.95240000055
2026-03-20T14:34:22.000000,6091.439649999874,-31532.08485000008,-25440.645200000552
2026-03-20T14:38:52.000000,6091.439649999874,-31539.76485000008,-25448.325200000552
2026-03-20T14:42:32.000000,6069.664749999874,-31539.76485000008,-25470.100100000553
2026-03-20T14:44:12.000000,6047.889849999875,-31539.76485000008,-25491.875000000553
2026-03-20T14:44:42.000000,6007.132099999876,-31539.76485000008,-25532.632750000554
2026-03-23T10:17:42.000000,6007.132099999876,-31498.09365000008,-25490.961550000553
2026-03-23T10:19:37.000000,6007.132099999876,-31423.41990000008,-25416.287800000555
2026-03-23T10:23:07.000000,6007.132099999876,-31473.322200000082,-25466.190100000556
2026-03-23T10:34:42.000000,6007.132099999876,-31453.27000000008,-25446.137900000555
2026-03-23T10:35:07.000000,5994.262399999876,-31453.27000000008,-25459.007600000554
2026-03-23T10:35:12.000000,5981.395099999876,-31453.27000000008,-25471.874900000552
2026-03-23T10:35:42.000000,5959.528849999876,-31453.27000000008,-25493.74115000055
2026-03-23T10:35:47.000000,5937.662599999876,-31453.27000000008,-25515.60740000055
2026-03-23T10:35:52.000000,5906.797399999876,-31453.27000000008,-25546.47260000055
2026-03-23T10:44:17.000000,5906.797399999876,-31419.19330000008,-25512.39590000055
2026-03-23T10:44:22.000000,5906.797399999876,-31385.116600000078,-25478.319200000547
2026-03-23T10:48:17.000000,5906.797399999876,-31410.075150000077,-25503.277750000547
2026-03-23T11:06:47.000000,5906.797399999876,-31418.058350000076,-25511.260950000546
2026-03-23T11:06:57.000000,5906.797399999876,-31426.041550000074,-25519.244150000544
2026-03-23T11:18:42.000000,5906.797399999876,-31489.968350000076,-25583.170950000545
2026-03-23T11:24:57.000000,5906.797399999876,-31511.911250000077,-25605.113850000547
2026-03-23T13:00:47.000000,5906.797399999876,-31449.841550000077,-25543.044150000547
2026-03-23T13:11:52.000000,5906.797399999876,-31373.70255000008,-25466.905150000548
2026-03-23T13:18:42.000000,5906.797399999876,-31359.416850000078,-25452.619450000548
2026-03-23T13:37:27.000000,5906.797399999876,-31372.178550000077,-25465.381150000547
2026-03-23T13:37:37.000000,5906.797399999876,-31395.860950000075,-25489.063550000545
2026-03-23T13:40:32.000000,5906.797399999876,-31375.674350000074,-25468.876950000544
2026-03-23T13:41:57.000000,5906.797399999876,-31327.494750000074,-25420.697350000544
2026-03-23T13:43:12.000000,5944.323349999876,-31327.494750000074,-25383.171400000545
2026-03-23T13:43:32.000000,5981.842099999876,-31327.494750000074,-25345.652650000546
2026-03-23T13:47:27.000000,5981.842099999876,-31335.278750000074,-25353.436650000545
2026-03-23T14:14:42.000000,6055.467049999876,-31335.278750000074,-25279.811700000544
2026-03-23T14:18:17.000000,6033.703349999874,-31335.278750000074,-25301.575400000544
2026-03-23T14:26:47.000000,6033.703349999874,-31343.051550000073,-25309.348200000542
2026-03-23T14:26:52.000000,6033.703349999874,-31350.82435000007,-25317.12100000054
2026-03-23T14:33:07.000000,6033.703349999874,-31307.70470000007,-25274.00135000054
2026-03-23T14:34:17.000000,6033.703349999874,-31301.50900000007,-25267.80565000054
2026-03-23T14:34:27.000000,6033.703349999874,-31295.31330000007,-25261.60995000054
2026-03-23T14:34:47.000000,6033.703349999874,-31289.11760000007,-25255.41425000054
2026-03-23T14:34:57.000000,6033.703349999874,-31282.92190000007,-25249.21855000054
2026-03-23T14:39:37.000000,6033.703349999874,-31276.703800000072,-25243.00045000054
2026-03-23T14:43:27.000000,6012.911799999874,-31276.703800000072,-25263.79200000054
2026-03-23T14:44:57.000000,6023.613699999874,-31276.703800000072,-25253.09010000054
2026-03-23T14:45:02.000000,6025.314249999874,-31276.703800000072,-25251.38955000054
2026-03-23T14:45:02.000000,6036.016149999874,-31276.703800000072,-25240.68765000054
2026-03-23T14:45:02.000000,6046.718049999874,-31276.703800000072,-25229.98575000054
2026-03-23T14:45:02.000000,6046.718049999874,-31270.47450000007,-25223.756450000536
2026-03-24T10:05:52.000000,6094.854299999874,-31270.47450000007,-25175.620200000536
2026-03-24T10:05:57.000000,6152.988049999874,-31270.47450000007,-25117.486450000535
2026-03-24T10:06:02.000000,6226.120049999875,-31270.47450000007,-25044.354450000534
2026-03-24T10:06:07.000000,6294.251299999874,-31270.47450000007,-24976.223200000535
2026-03-24T10:06:12.000000,6367.379299999874,-31270.47450000007,-24903.095200000535
2026-03-24T10:06:17.000000,6435.498549999873,-31270.47450000007,-24834.975950000535
2026-03-24T10:35:09.000000,6428.210549999873,-31270.47450000007,-24842.263950000535
2026-03-24T10:40:12.000000,6428.210549999873,-31376.21720000007,-24948.006650000534
2026-03-24T10:40:27.000000,6428.210549999873,-31467.95780000007,-25039.747250000535
2026-03-24T10:40:32.000000,6428.210549999873,-31559.69840000007,-25131.487850000536
2026-03-24T10:40:37.000000,6428.210549999873,-31637.43690000007,-25209.226350000536
2026-03-24T10:40:42.000000,6428.210549999873,-31701.17330000007,-25272.962750000537
2026-03-24T10:40:47.000000,6428.210549999873,-31764.92090000007,-25336.710350000536
2026-03-24T10:40:52.000000,6428.210549999873,-31814.66640000007,-25386.455850000537
2026-03-24T10:40:57.000000,6428.210549999873,-31850.42100000007,-25422.210450000537
2026-03-24T10:41:02.000000,6428.210549999873,-31886.17560000007,-25457.965050000537
2026-03-24T10:41:07.000000,6428.210549999873,-31921.93020000007,-25493.719650000538
2026-03-24T10:41:17.000000,6428.210549999873,-31957.696000000073,-25529.48545000054
2026-03-24T10:41:22.000000,6428.210549999873,-32007.46390000007,-25579.253350000537
2026-03-24T10:41:27.000000,6428.210549999873,-32057.23180000007,-25629.021250000536
2026-03-24T10:41:32.000000,6428.210549999873,-32106.99970000007,-25678.789150000535
2026-03-24T10:41:37.000000,6428.210549999873,-32170.76970000007,-25742.559150000536
2026-03-24T10:41:42.000000,6428.210549999873,-32234.53970000007,-25806.329150000536
2026-03-24T10:41:47.000000,6428.210549999873,-32284.30760000007,-25856.097050000535
2026-03-24T10:41:52.000000,6428.210549999873,-32320.084600000067,-25891.874050000533
2026-03-24T10:41:57.000000,6428.210549999873,-32355.861600000066,-25927.65105000053
2026-03-24T10:42:02.000000,6428.210549999873,-32347.500800000067,-25919.290250000533
2026-03-24T10:42:02.000000,6428.210549999873,-32383.266600000068,-25955.056050000534
2026-03-24T10:42:07.000000,6428.210549999873,-32419.03240000007,-25990.821850000535
2026-03-24T10:42:12.000000,6428.210549999873,-32468.78910000007,-26040.578550000537
2026-03-24T10:42:17.000000,6428.210549999873,-32532.53670000007,-26104.326150000536
2026-03-24T10:42:22.000000,6428.210549999873,-32596.28430000007,-26168.073750000534
2026-03-24T10:42:32.000000,6428.210549999873,-32674.022800000068,-26245.812250000534
2026-03-24T10:42:37.000000,6428.210549999873,-32751.761300000067,-26323.550750000533
2026-03-24T10:51:57.000000,6510.570449999875,-32751.761300000067,-26241.190850000534
2026-03-24T10:59:32.000000,6510.570449999875,-32798.56715000007,-26287.996700000534
2026-03-24T11:12:17.000000,6510.570449999875,-32702.32115000007,-26191.750700000535
2026-03-24T11:12:32.000000,6510.570449999875,-32622.064750000067,-26111.494300000533
2026-03-24T13:11:57.000000,6510.570449999875,-32629.70395000007,-26119.133500000535
2026-03-24T13:24:27.000000,6510.570449999875,-32572.140600000068,-26061.570150000534
2026-03-24T13:27:12.000000,6510.570449999875,-32524.129000000066,-26013.558550000533
2026-03-24T13:38:27.000000,6510.570449999875,-32546.116700000068,-26035.546250000534
2026-03-24T13:40:12.000000,6510.570449999875,-32585.769500000068,-26075.199050000534
2026-03-24T13:42:27.000000,6510.570449999875,-32681.44990000007,-26170.879450000535
2026-03-24T13:42:52.000000,6510.570449999875,-32809.12230000007,-26298.551850000535
2026-03-24T13:44:32.000000,6510.570449999875,-32803.10580000007,-26292.535350000537
2026-03-24T13:44:37.000000,6510.570449999875,-32811.08020000007,-26300.509750000536
2026-03-24T13:48:17.000000,6510.570449999875,-32786.82580000007,-26276.255350000538
2026-03-24T13:49:07.000000,6510.570449999875,-32810.55940000007,-26299.988950000537
2026-03-24T13:49:52.000000,6510.570449999875,-32818.111400000074,-26307.540950000537
2026-03-24T13:59:17.000000,6510.570449999875,-32826.097000000074,-26315.526550000537
2026-03-24T14:01:32.000000,6510.570449999875,-32848.08470000007,-26337.51425000054
2026-03-24T14:01:47.000000,6510.570449999875,-32884.063300000074,-26373.49285000054
2026-03-24T14:02:02.000000,6510.570449999875,-32906.05100000007,-26395.480550000542
2026-03-24T14:03:37.000000,6510.570449999875,-32942.029600000074,-26431.459150000544
2026-03-24T14:03:52.000000,6510.570449999875,-32978.00820000008,-26467.437750000547
2026-03-24T14:04:22.000000,6510.570449999875,-33013.98680000008,-26503.41635000055
2026-03-24T14:06:32.000000,6510.570449999875,-33035.97450000008,-26525.40405000055
2026-03-24T14:08:12.000000,6510.570449999875,-33071.96430000008,-26561.39385000055
2026-03-24T14:09:32.000000,6510.570449999875,-33107.95410000008,-26597.38365000055
2026-03-24T14:09:47.000000,6510.570449999875,-33143.943900000086,-26633.37345000055
2026-03-24T14:13:27.000000,6510.570449999875,-33165.942800000084,-26655.372350000547
2026-03-24T14:13:52.000000,6510.570449999875,-33173.939600000085,-26663.369150000548
2026-03-24T14:14:37.000000,6510.570449999875,-33181.936400000086,-26671.36595000055
2026-03-24T14:15:17.000000,6510.570449999875,-33189.93320000009,-26679.36275000055
2026-03-24T14:15:47.000000,6510.570449999875,-33236.915850000085,-26726.34540000055
2026-03-24T14:16:02.000000,6510.570449999875,-33260.45745000009,-26749.88700000055
2026-03-24T14:16:57.000000,6510.570449999875,-33268.45425000009,-26757.883800000553
2026-03-24T14:17:02.000000,6510.570449999875,-33276.45105000009,-26765.880600000553
2026-03-24T14:18:07.000000,6510.570449999875,-33284.44785000009,-26773.877400000554
2026-03-24T14:18:37.000000,6510.570449999875,-33306.43555000009,-26795.865100000556
2026-03-24T14:18:47.000000,6510.570449999875,-33328.42325000009,-26817.852800000557
2026-03-24T14:19:32.000000,6510.570449999875,-33350.410950000085,-26839.84050000056
2026-03-24T14:20:57.000000,6510.570449999875,-33372.39865000008,-26861.82820000056
2026-03-24T14:21:17.000000,6510.570449999875,-33394.38635000008,-26883.81590000056
2026-03-24T14:21:27.000000,6510.570449999875,-33416.37405000008,-26905.803600000563
2026-03-24T14:26:27.000000,6510.570449999875,-33412.98440000008,-26902.413950000562
2026-03-24T14:28:47.000000,6510.570449999875,-33380.86320000008,-26870.29275000056
2026-03-24T14:40:07.000000,6510.570449999875,-33372.67215000008,-26862.101700000563
2026-03-24T14:42:17.000000,6510.570449999875,-33380.10815000008,-26869.537700000565
2026-03-24T14:43:37.000000,6510.570449999875,-33402.10705000008,-26891.536600000563
2026-03-24T14:45:02.000000,6510.570449999875,-33438.09685000008,-26927.526400000563
2026-03-25T10:32:42.000000,6510.570449999875,-33432.822100000085,-26922.251650000562
2026-03-25T10:42:02.000000,6512.609399999875,-33432.822100000085,-26920.21270000056
2026-03-25T10:42:42.000000,6556.931599999874,-33432.822100000085,-26875.89050000056
2026-03-25T10:52:42.000000,6556.931599999874,-33427.495350000085,-26870.56375000056
2026-03-25T11:29:47.000000,6556.931599999874,-33383.412350000086,-26826.480750000563
2026-03-25T13:12:32.000000,6556.931599999874,-33366.935150000085,-26810.00355000056
2026-03-25T13:14:32.000000,6556.931599999874,-33634.93015000009,-27077.99855000056
2026-03-25T13:59:12.000000,6458.003549999875,-33634.93015000009,-27176.92660000056
2026-03-25T13:59:22.000000,6385.079399999875,-33634.93015000009,-27249.850750000558
2026-03-25T13:59:27.000000,6312.155249999875,-33634.93015000009,-27322.774900000557
2026-03-25T13:59:32.000000,6252.233049999875,-33634.93015000009,-27382.697100000558
2026-03-25T13:59:37.000000,6205.312799999875,-33634.93015000009,-27429.617350000557
2026-03-25T13:59:42.000000,6184.3860499998755,-33634.93015000009,-27450.544100000556
2026-03-25T13:59:47.000000,6163.469699999876,-33634.93015000009,-27471.460450000555
2026-03-25T13:59:52.000000,6142.553349999876,-33634.93015000009,-27492.376800000555
2026-03-25T13:59:57.000000,6134.638949999877,-33634.93015000009,-27500.291200000556
2026-03-25T14:00:02.000000,6113.722599999877,-33634.93015000009,-27521.207550000556
2026-03-25T14:00:07.000000,6105.7977999998775,-33634.93015000009,-27529.132350000556
2026-03-25T14:00:12.000000,6123.8768999998765,-33634.93015000009,-27511.053250000557
2026-03-25T14:00:17.000000,6154.957949999877,-33634.93015000009,-27479.972200000557
2026-03-25T14:00:22.000000,6186.028599999876,-33634.93015000009,-27448.90155000056
2026-03-25T14:00:27.000000,6230.101199999876,-33634.93015000009,-27404.82895000056
2026-03-25T14:00:32.000000,6274.163399999877,-33634.93015000009,-27360.76675000056
2026-03-25T14:00:37.000000,6305.223649999877,-33634.93015000009,-27329.70650000056
2026-03-25T14:00:42.000000,6336.2734999998775,-33634.93015000009,-27298.65665000056
2026-03-25T14:00:52.000000,6328.307099999877,-33634.93015000009,-27306.623050000562
2026-03-25T14:00:57.000000,6294.336799999878,-33634.93015000009,-27340.593350000563
2026-03-25T14:19:22.000000,6286.609599999878,-33634.93015000009,-27348.320550000564
2026-03-25T14:19:32.000000,6317.867449999878,-33634.93015000009,-27317.062700000562
2026-03-25T14:19:52.000000,6375.108399999877,-33634.93015000009,-27259.821750000563
2026-03-25T14:19:57.000000,6419.347399999878,-33634.93015000009,-27215.58275000056
2026-03-25T14:20:07.000000,6463.586399999878,-33634.93015000009,-27171.34375000056
2026-03-25T14:31:52.000000,6463.586399999878,-33629.76980000009,-27166.183400000562
2026-03-25T14:36:47.000000,6463.586399999878,-33642.71150000009,-27179.12510000056
2026-03-25T14:37:02.000000,6463.586399999878,-33658.653650000095,-27195.06725000056
2026-03-25T14:37:07.000000,6463.586399999878,-33671.5953500001,-27208.00895000056
2026-03-25T14:37:32.000000,6463.586399999878,-33684.5370500001,-27220.95065000056
2026-03-25T14:37:37.000000,6463.586399999878,-33700.4768000001,-27236.89040000056
2026-03-25T14:37:42.000000,6463.586399999878,-33716.416550000096,-27252.830150000562
2026-03-25T14:37:47.000000,6463.586399999878,-33738.354800000096,-27274.76840000056
2026-03-25T14:37:52.000000,6463.586399999878,-33757.29500000009,-27293.708600000562
2026-03-25T14:37:57.000000,6463.586399999878,-33776.23520000009,-27312.648800000563
2026-03-25T14:38:02.000000,6463.586399999878,-33795.17540000009,-27331.589000000564
2026-03-25T14:38:07.000000,6463.586399999878,-33814.115600000085,-27350.529200000565
2026-03-25T14:38:12.000000,6463.586399999878,-33830.05535000008,-27366.468950000566
2026-03-25T14:38:17.000000,6463.586399999878,-33845.99510000008,-27382.408700000567
2026-03-25T14:38:22.000000,6463.586399999878,-33864.93530000008,-27401.34890000057
2026-03-25T14:38:27.000000,6463.586399999878,-33883.875500000075,-27420.28910000057
2026-03-25T14:38:57.000000,6463.586399999878,-33902.813300000074,-27439.22690000057
2026-03-25T14:38:57.000000,6463.586399999878,-33940.305800000075,-27476.71940000057
2026-03-25T14:39:37.000000,6463.586399999878,-33959.24600000007,-27495.65960000057
2026-03-25T14:45:02.000000,6463.586399999878,-33978.19340000007,-27514.60700000057
2026-03-25T14:45:02.000000,6463.586399999878,-33997.14080000007,-27533.554400000572
2026-03-25T14:45:02.000000,6463.586399999878,-34016.088200000064,-27552.501800000573
2026-03-25T14:45:02.000000,6463.586399999878,-34035.03560000006,-27571.449200000574
2026-03-26T10:06:57.000000,6371.441649999879,-34035.03560000006,-27663.593950000573
2026-03-26T10:07:57.000000,6294.287149999878,-34035.03560000006,-27740.748450000574
2026-03-26T10:08:17.000000,6192.128899999878,-34035.03560000006,-27842.906700000574
2026-03-26T10:08:22.000000,6129.964649999878,-34035.03560000006,-27905.070950000572
2026-03-26T10:08:32.000000,6062.803649999878,-34035.03560000006,-27972.231950000572
2026-03-26T10:08:52.000000,5960.649399999879,-34035.03560000006,-28074.386200000572
2026-03-26T10:12:27.000000,5914.238749999879,-34035.03560000006,-28120.796850000574
2026-03-26T10:12:52.000000,5880.819649999878,-34035.03560000006,-28154.215950000573
2026-03-26T10:13:07.000000,5847.400549999877,-34035.03560000006,-28187.635050000572
2026-03-26T10:24:52.000000,5783.484949999876,-34035.03560000006,-28251.550650000572
2026-03-26T10:25:52.000000,5775.577749999877,-34035.03560000006,-28259.457850000574
2026-03-26T10:25:57.000000,5753.679649999875,-34035.03560000006,-28281.355950000576
2026-03-26T10:26:07.000000,5759.774549999876,-34035.03560000006,-28275.261050000576
2026-03-26T10:26:12.000000,5765.869449999877,-34035.03560000006,-28269.166150000576
2026-03-26T10:26:17.000000,5771.964349999878,-34035.03560000006,-28263.071250000576
2026-03-26T10:26:22.000000,5778.059249999879,-34035.03560000006,-28256.976350000576
2026-03-26T10:26:27.000000,5798.15624999988,-34035.03560000006,-28236.879350000574
2026-03-26T10:26:32.000000,5804.251149999881,-34035.03560000006,-28230.784450000574
2026-03-26T10:26:47.000000,5838.339049999881,-34035.03560000006,-28196.696550000575
2026-03-26T10:35:07.000000,5838.339049999881,-34071.04780000006,-28232.708750000576
2026-03-26T10:35:12.000000,5838.339049999881,-34117.468850000056,-28279.129800000577
2026-03-26T10:48:22.000000,5838.339049999881,-34085.992600000056,-28247.653550000578
2026-03-26T10:48:27.000000,5838.339049999881,-34041.51440000006,-28203.175350000576
2026-03-26T10:58:42.000000,5838.339049999881,-34049.16880000006,-28210.829750000576
2026-03-26T11:04:27.000000,5791.626799999881,-34049.16880000006,-28257.542000000576
2026-03-26T13:07:07.000000,5791.626799999881,-34056.83600000006,-28265.209200000576
2026-03-26T13:28:52.000000,5791.626799999881,-34055.42345000006,-28263.796650000575
2026-03-26T13:28:52.000000,5791.626799999881,-34063.00505000006,-28271.378250000576
2026-03-26T13:35:27.000000,5791.626799999881,-34043.57540000006,-28251.948600000578
2026-03-26T13:48:02.000000,5791.626799999881,-34032.38870000006,-28240.761900000576
2026-03-26T13:49:47.000000,5791.626799999881,-34030.92575000006,-28239.298950000575
2026-03-26T13:49:52.000000,5791.626799999881,-34029.46280000006,-28237.836000000574
2026-03-26T13:50:02.000000,5791.626799999881,-34027.99985000006,-28236.373050000573
2026-03-26T13:52:32.000000,5796.97434999988,-34027.99985000006,-28231.025500000575
2026-03-26T13:52:52.000000,5815.31344999988,-34027.99985000006,-28212.686400000573
2026-03-26T13:53:22.000000,5833.652549999879,-34027.99985000006,-28194.347300000572
2026-03-26T13:54:52.000000,5833.652549999879,-34022.66270000006,-28189.010150000573
2026-03-26T13:58:32.000000,5833.652549999879,-34030.31710000006,-28196.664550000572
2026-03-26T13:58:52.000000,5833.652549999879,-34038.02270000006,-28204.370150000574
2026-03-26T14:00:07.000000,5833.652549999879,-34006.66085000006,-28173.008300000572
2026-03-26T14:07:02.000000,5722.138549999879,-34006.66085000006,-28284.52230000057
2026-03-26T14:10:27.000000,5675.519899999878,-34006.66085000006,-28331.140950000572
2026-03-26T14:12:12.000000,5616.044899999878,-34006.66085000006,-28390.61595000057
2026-03-26T14:12:22.000000,5556.569899999878,-34006.66085000006,-28450.09095000057
2026-03-26T14:12:37.000000,5484.0929499998765,-34006.66085000006,-28522.56790000057
2026-03-27T09:53:42.000000,5574.424449999877,-34006.66085000006,-28432.23640000057
2026-03-27T09:54:02.000000,5678.769249999877,-34006.66085000006,-28327.89160000057
2026-03-27T09:54:07.000000,5797.116149999878,-34006.66085000006,-28209.54470000057
2026-03-27T09:54:12.000000,5887.458849999878,-34006.66085000006,-28119.20200000057
2026-03-27T09:54:17.000000,5991.803649999878,-34006.66085000006,-28014.85720000057
2026-03-27T09:54:22.000000,6054.142149999879,-34006.66085000006,-27952.518700000568
2026-03-27T09:54:27.000000,6116.4806499998795,-34006.66085000006,-27890.180200000566
2026-03-27T09:54:32.000000,6164.81704999988,-34006.66085000006,-27841.843800000566
2026-03-27T10:28:57.000000,6143.14294999988,-34006.66085000006,-27863.517900000566
2026-03-27T10:29:27.000000,6163.452749999879,-34006.66085000006,-27843.208100000567
2026-03-27T10:29:32.000000,6183.7625499998785,-34006.66085000006,-27822.89830000057
2026-03-27T10:29:37.000000,6204.072349999878,-34006.66085000006,-27802.58850000057
2026-03-27T10:30:07.000000,6238.384249999878,-34006.66085000006,-27768.27660000057
2026-03-27T10:31:07.000000,6238.384249999878,-34031.66020000006,-27793.275950000567
2026-03-27T10:33:52.000000,6238.384249999878,-34055.20180000006,-27816.817550000567
2026-03-27T10:34:07.000000,6238.384249999878,-34078.743400000065,-27840.359150000568
2026-03-27T10:44:22.000000,6238.384249999878,-33988.45670000007,-27750.072450000567
2026-03-27T10:49:37.000000,6238.384249999878,-34009.18585000007,-27770.801600000566
2026-03-27T11:00:42.000000,6238.384249999878,-34007.89570000007,-27769.511450000566
2026-03-27T11:08:22.000000,6238.384249999878,-33987.52990000007,-27749.145650000566
2026-03-27T11:08:57.000000,6238.384249999878,-33981.155000000064,-27742.770750000564
2026-03-27T11:23:17.000000,6216.766149999878,-33981.155000000064,-27764.388850000563
2026-03-27T13:07:12.000000,6216.766149999878,-33940.802200000064,-27724.036050000563
2026-03-27T13:10:47.000000,6216.766149999878,-33934.494500000066,-27717.72835000056
2026-03-27T13:11:52.000000,6216.766149999878,-33928.18680000007,-27711.42065000056
2026-03-27T13:11:57.000000,6216.766149999878,-33921.87910000007,-27705.11295000056
2026-03-27T13:14:42.000000,6216.766149999878,-33887.54480000007,-27670.77865000056
2026-03-27T13:16:57.000000,6216.766149999878,-33881.21470000007,-27664.44855000056
2026-03-27T13:26:52.000000,6216.766149999878,-33888.85310000007,-27672.08695000056
2026-03-27T13:52:07.000000,6195.159249999878,-33888.85310000007,-27693.69385000056
2026-03-27T14:05:32.000000,6187.576849999878,-33888.85310000007,-27701.27625000056
2026-03-27T14:26:07.000000,6187.576849999878,-33889.54100000007,-27701.96415000056
2026-03-27T14:26:12.000000,6187.576849999878,-33896.22500000007,-27708.64815000056
2026-03-27T14:30:42.000000,6187.576849999878,-33945.83610000007,-27758.259250000563
2026-03-27T14:31:12.000000,6187.576849999878,-34009.44930000007,-27821.872450000563
2026-03-27T14:32:37.000000,6187.576849999878,-34059.08280000007,-27871.505950000563
2026-03-27T14:33:17.000000,6187.576849999878,-34094.72540000007,-27907.148550000562
2026-03-27T14:33:22.000000,6187.576849999878,-34130.37920000007,-27942.802350000562
2026-03-27T14:33:32.000000,6187.576849999878,-34166.03300000007,-27978.456150000562
2026-03-27T14:33:37.000000,6187.576849999878,-34201.68680000007,-28014.109950000562
2026-03-27T14:33:47.000000,6187.576849999878,-34251.331500000066,-28063.754650000563
2026-03-27T14:33:52.000000,6187.576849999878,-34300.97620000006,-28113.399350000564
2026-03-27T14:34:02.000000,6187.576849999878,-34364.623000000065,-28177.046150000562
2026-03-27T14:34:07.000000,6187.576849999878,-34428.26980000007,-28240.69295000056
2026-03-27T14:34:12.000000,6187.576849999878,-34491.91660000007,-28304.33975000056
2026-03-27T14:34:57.000000,6187.576849999878,-34569.55430000007,-28381.97745000056
2026-03-27T14:35:12.000000,6187.576849999878,-34647.19200000007,-28459.615150000558
2026-03-27T14:39:52.000000,6187.576849999878,-34598.86680000007,-28411.28995000056
2026-03-27T14:40:02.000000,6187.576849999878,-34564.53250000007,-28376.95565000056
2026-03-27T14:40:17.000000,6187.576849999878,-34530.198200000064,-28342.62135000056
2026-03-27T14:40:27.000000,6187.576849999878,-34495.86390000006,-28308.287050000563
2026-03-30T09:55:17.000000,6114.962149999877,-34495.86390000006,-28380.901750000565
2026-03-30T09:58:32.000000,6129.341299999876,-34495.86390000006,-28366.522600000564
2026-03-30T09:58:37.000000,6137.719549999877,-34495.86390000006,-28358.144350000563
2026-03-30T09:58:42.000000,6143.097349999876,-34495.86390000006,-28352.766550000564
2026-03-30T09:58:47.000000,6145.474699999877,-34495.86390000006,-28350.389200000565
2026-03-30T10:13:17.000000,6145.474699999877,-34413.39600000006,-28267.921300000566
2026-03-30T10:25:27.000000,6145.474699999877,-34379.37530000006,-28233.90060000057
2026-03-30T10:43:37.000000,6151.591999999877,-34379.37530000006,-28227.78330000057
2026-03-30T10:51:52.000000,6143.935999999877,-34379.37530000006,-28235.43930000057
2026-03-30T10:53:17.000000,6136.279999999877,-34379.37530000006,-28243.09530000057
2026-03-30T10:59:27.000000,6136.279999999877,-34359.32310000006,-28223.043100000566
2026-03-30T11:13:37.000000,6136.279999999877,-34321.78995000006,-28185.509950000567
2026-03-30T11:15:32.000000,6143.578249999877,-34321.78995000006,-28178.211700000567
2026-03-30T11:18:22.000000,6143.578249999877,-34329.50595000006,-28185.927700000568
2026-03-30T11:19:22.000000,6143.578249999877,-34337.22195000006,-28193.643700000568
2026-03-30T11:28:02.000000,6143.578249999877,-34359.940200000055,-28216.36195000057
2026-03-30T13:15:17.000000,6143.578249999877,-34292.49375000005,-28148.91550000057
2026-03-30T13:42:42.000000,6143.578249999877,-34315.18800000005,-28171.60975000057
2026-03-30T13:44:27.000000,6143.578249999877,-34337.88225000005,-28194.30400000057
2026-03-30T13:49:17.000000,6143.578249999877,-34345.574250000056,-28201.99600000057
2026-03-30T13:49:37.000000,6143.578249999877,-34353.26625000006,-28209.68800000057
2026-03-30T13:53:17.000000,6143.578249999877,-34375.94850000006,-28232.370250000567
2026-03-30T14:09:07.000000,6143.578249999877,-34398.630750000055,-28255.052500000565
2026-03-30T14:12:57.000000,6143.578249999877,-34406.310750000055,-28262.732500000566
2026-03-30T14:13:37.000000,6143.578249999877,-34413.990750000055,-28270.412500000566
2026-03-30T14:24:02.000000,6143.578249999877,-34436.67300000005,-28293.094750000564
2026-03-30T14:33:52.000000,6143.578249999877,-34459.35525000005,-28315.777000000562
2026-03-30T14:34:47.000000,6143.578249999877,-34482.03750000005,-28338.45925000056
2026-03-30T14:37:37.000000,6143.578249999877,-34579.73100000005,-28436.15275000056
2026-03-30T14:37:42.000000,6143.578249999877,-34677.42450000005,-28533.846250000563
2026-03-30T14:42:42.000000,6143.578249999877,-34670.16225000005,-28526.584000000563
2026-03-30T14:43:42.000000,6143.578249999877,-34677.890250000055,-28534.312000000562
2026-03-31T10:15:17.000000,6143.578249999877,-34705.74125000006,-28562.16300000056
2026-03-31T10:21:52.000000,6143.578249999877,-34713.373250000055,-28569.795000000562
2026-03-31T10:22:17.000000,6143.578249999877,-34721.00525000005,-28577.427000000564
2026-03-31T10:22:22.000000,6143.578249999877,-34728.63725000005,-28585.059000000565
2026-03-31T10:23:27.000000,6143.578249999877,-34736.26925000005,-28592.691000000566
2026-03-31T10:40:42.000000,6106.001749999878,-34736.26925000005,-28630.267500000566
2026-03-31T11:08:17.000000,6066.086549999877,-34736.26925000005,-28670.182700000565
2026-03-31T11:10:22.000000,6058.163349999877,-34736.26925000005,-28678.105900000566
2026-03-31T11:12:32.000000,6050.240149999877,-34736.26925000005,-28686.029100000567
2026-03-31T11:12:37.000000,6042.316949999877,-34736.26925000005,-28693.95230000057
2026-03-31T11:29:07.000000,6002.414549999876,-34736.26925000005,-28733.854700000567
2026-03-31T13:12:07.000000,6002.414549999876,-34728.15165000005,-28725.737100000566
2026-03-31T13:30:07.000000,6002.414549999876,-34654.605900000046,-28652.191350000565
2026-03-31T13:30:22.000000,6002.414549999876,-34581.06015000004,-28578.645600000564
2026-03-31T13:31:52.000000,6002.414549999876,-34588.70415000004,-28586.289600000564
2026-03-31T14:15:37.000000,6031.097549999875,-34588.70415000004,-28557.606600000563
2026-03-31T14:15:42.000000,6059.780549999874,-34588.70415000004,-28528.923600000562
2026-03-31T14:15:47.000000,6079.4693999998735,-34588.70415000004,-28509.234750000564
2026-03-31T14:17:47.000000,6082.053149999874,-34588.70415000004,-28506.651000000562
2026-04-02T10:27:22.000000,6058.089149999873,-34588.70415000004,-28530.615000000562
2026-04-02T10:28:02.000000,6034.1251499998725,-34588.70415000004,-28554.57900000056
2026-04-02T10:28:17.000000,6010.161149999872,-34588.70415000004,-28578.54300000056
2026-04-02T10:28:27.000000,6002.186749999872,-34588.70415000004,-28586.51740000056
2026-04-02T10:28:42.000000,5994.212349999872,-34588.70415000004,-28594.49180000056
2026-04-02T11:00:07.000000,5994.212349999872,-34612.655350000045,-28618.44300000056
2026-04-02T11:03:22.000000,5994.212349999872,-34620.60415000004,-28626.391800000558
2026-04-02T11:05:37.000000,6006.207349999871,-34620.60415000004,-28614.39680000056
2026-04-02T11:06:32.000000,6028.203849999871,-34620.60415000004,-28592.400300000558
2026-04-02T13:12:42.000000,6028.203849999871,-34628.50175000004,-28600.297900000558
2026-04-02T13:24:02.000000,6028.203849999871,-34668.39135000004,-28640.187500000557
2026-04-02T13:24:07.000000,6028.203849999871,-34708.280950000044,-28680.077100000555
2026-04-02T13:24:22.000000,6028.203849999871,-34748.170550000046,-28719.966700000554
2026-04-02T13:24:32.000000,6028.203849999871,-34788.06015000005,-28759.856300000552
2026-04-02T13:24:42.000000,6028.203849999871,-34827.94975000005,-28799.74590000055
2026-04-02T13:58:27.000000,6028.203849999871,-34851.83695000005,-28823.633100000552
2026-04-02T13:59:17.000000,6028.203849999871,-34859.72175000005,-28831.517900000552
2026-04-02T13:59:22.000000,6028.203849999871,-34867.60655000005,-28839.40270000055
2026-04-02T13:59:42.000000,6028.203849999871,-34875.49135000005,-28847.28750000055
2026-04-02T14:03:32.000000,6028.203849999871,-34883.37615000005,-28855.17230000055
2026-04-02T14:03:47.000000,6028.203849999871,-34891.26095000005,-28863.05710000055
2026-04-02T14:03:57.000000,6028.203849999871,-34899.14575000005,-28870.94190000055
2026-04-02T14:17:17.000000,6060.20184999987,-34899.14575000005,-28838.94390000055
2026-04-02T14:21:32.000000,6060.20184999987,-34955.03775000005,-28894.83590000055
2026-04-02T14:39:47.000000,6060.20184999987,-34978.93775000005,-28918.735900000553
2026-04-03T10:01:07.000000,6199.798299999871,-34978.93775000005,-28779.13945000055
2026-04-03T10:07:37.000000,6199.798299999871,-34954.612950000046,-28754.814650000553
2026-04-03T10:07:47.000000,6199.798299999871,-34930.288150000044,-28730.489850000555
2026-04-03T10:08:07.000000,6199.798299999871,-34921.95295000004,-28722.154650000553
2026-04-03T10:08:57.000000,6199.798299999871,-34897.67935000004,-28697.881050000553
2026-04-03T10:09:37.000000,6199.798299999871,-34889.331350000044,-28689.53305000055
2026-04-03T10:10:07.000000,6237.158649999872,-34889.331350000044,-28652.172700000552
2026-04-03T10:10:32.000000,6237.158649999872,-34897.04975000004,-28659.891100000554
2026-04-03T10:13:17.000000,6237.158649999872,-34904.691350000045,-28667.532700000553
2026-04-03T10:13:32.000000,6237.158649999872,-34912.33295000005,-28675.17430000055
2026-04-03T10:14:12.000000,6237.158649999872,-34919.961750000046,-28682.80310000055
2026-04-03T10:19:57.000000,6237.158649999872,-34927.66735000005,-28690.50870000055
2026-04-03T10:23:02.000000,6245.5450499998715,-34927.66735000005,-28682.122300000552
2026-04-03T10:23:07.000000,6245.5450499998715,-34967.36495000005,-28721.81990000055
2026-04-03T10:24:32.000000,6269.933849999872,-34967.36495000005,-28697.43110000055
2026-04-03T10:27:22.000000,6269.933849999872,-34986.10180000005,-28716.167950000552
2026-04-03T10:28:12.000000,6269.933849999872,-35004.83865000005,-28734.904800000553
2026-04-03T10:28:52.000000,6269.933849999872,-35023.57550000005,-28753.641650000554
2026-04-03T10:29:52.000000,6269.933849999872,-35063.285900000046,-28793.352050000554
2026-04-03T10:31:37.000000,6269.933849999872,-35102.99630000004,-28833.062450000554
2026-04-03T10:37:37.000000,6269.933849999872,-35126.717100000045,-28856.783250000553
2026-04-03T10:38:12.000000,6269.933849999872,-35150.43790000005,-28880.504050000553
2026-04-03T10:39:22.000000,6269.933849999872,-35158.156300000046,-28888.222450000554
2026-04-03T10:39:32.000000,6269.933849999872,-35165.874700000044,-28895.940850000556
2026-04-03T10:41:42.000000,6269.933849999872,-35173.59310000004,-28903.659250000557
2026-04-03T10:42:12.000000,6269.933849999872,-35181.31150000004,-28911.37765000056
2026-04-03T10:42:27.000000,6269.933849999872,-35189.02990000004,-28919.09605000056
2026-04-03T10:43:22.000000,6269.933849999872,-35196.748300000036,-28926.814450000562
2026-04-03T10:59:02.000000,6269.933849999872,-35188.349100000036,-28918.415250000562
2026-04-03T11:14:22.000000,6230.377049999873,-35188.349100000036,-28957.97205000056
2026-04-03T11:17:17.000000,6230.377049999873,-35163.00895000003,-28932.63190000056
2026-04-03T11:24:07.000000,6230.377049999873,-35202.693750000035,-28972.31670000056
2026-04-03T11:26:07.000000,6230.377049999873,-35226.38895000004,-28996.01190000056
2026-04-03T13:02:52.000000,6190.705049999873,-35226.38895000004,-29035.68390000056
2026-04-03T13:05:42.000000,6190.705049999873,-35218.06655000004,-29027.36150000056
2026-04-03T13:06:07.000000,6190.705049999873,-35209.74415000004,-29019.03910000056
2026-04-03T13:06:32.000000,6190.705049999873,-35201.421750000045,-29010.716700000557
2026-04-03T13:06:47.000000,6190.705049999873,-35193.09935000005,-29002.394300000557
2026-04-03T13:07:22.000000,6190.705049999873,-35184.77695000005,-28994.071900000556
2026-04-03T13:18:17.000000,6190.705049999873,-35208.44655000005,-29017.741500000557
2026-04-03T13:18:22.000000,6190.705049999873,-35232.11615000005,-29041.411100000558
2026-04-03T13:18:27.000000,6190.705049999873,-35255.67055000005,-29064.96550000056
2026-04-03T13:19:22.000000,6190.705049999873,-35263.31775000005,-29072.612700000558
2026-04-03T13:19:42.000000,6190.705049999873,-35286.987350000054,-29096.28230000056
2026-04-03T13:19:47.000000,6190.705049999873,-35310.656950000055,-29119.95190000056
2026-04-03T13:19:52.000000,6190.705049999873,-35334.326550000056,-29143.62150000056
2026-04-03T13:20:47.000000,6190.705049999873,-35357.99615000006,-29167.291100000562
2026-04-03T13:21:12.000000,6190.705049999873,-35381.66575000006,-29190.960700000564
2026-04-03T13:21:52.000000,6190.705049999873,-35405.33535000006,-29214.630300000565
2026-04-03T13:22:02.000000,6190.705049999873,-35429.00495000006,-29238.299900000566
2026-04-03T13:22:12.000000,6078.434099999873,-35429.00495000006,-29350.570850000568
2026-04-03T13:22:37.000000,6078.434099999873,-35452.55935000006,-29374.12525000057
2026-04-03T13:24:02.000000,6038.176349999872,-35452.55935000006,-29414.38300000057
2026-04-03T13:24:17.000000,5994.913349999873,-35452.55935000006,-29457.646000000568
2026-04-03T13:24:32.000000,5960.644499999873,-35452.55935000006,-29491.91485000057
2026-04-03T13:24:32.000000,5929.376099999872,-35452.55935000006,-29523.18325000057
2026-04-03T13:24:47.000000,5910.104699999872,-35452.55935000006,-29542.45465000057
2026-04-03T13:24:52.000000,5896.831799999872,-35452.55935000006,-29555.72755000057
2026-04-03T13:26:27.000000,5896.831799999872,-35476.22895000006,-29579.397150000572
2026-04-03T13:26:47.000000,5896.831799999872,-35499.78335000006,-29602.951550000573
2026-04-03T13:26:57.000000,5896.831799999872,-35523.452950000064,-29626.621150000574
2026-04-03T13:27:27.000000,5896.831799999872,-35547.007350000065,-29650.175550000575
2026-04-03T13:27:37.000000,5896.831799999872,-35570.561750000066,-29673.729950000576
2026-04-03T13:27:47.000000,5896.831799999872,-35594.11615000007,-29697.284350000577
2026-04-03T13:27:57.000000,5896.831799999872,-35617.67055000007,-29720.838750000577
2026-04-03T13:28:02.000000,5896.831799999872,-35641.34015000007,-29744.50835000058
2026-04-03T13:28:07.000000,5896.831799999872,-35664.89455000007,-29768.06275000058
2026-04-03T13:28:07.000000,5896.831799999872,-35688.56415000007,-29791.73235000058
2026-04-03T13:30:07.000000,5896.831799999872,-35728.12095000007,-29831.28915000058
2026-04-03T13:30:17.000000,5896.831799999872,-35767.67775000007,-29870.845950000577
2026-04-03T13:36:47.000000,5896.831799999872,-35775.33375000007,-29878.501950000576
2026-04-03T13:37:22.000000,5896.831799999872,-35815.66110000007,-29918.829300000576
2026-04-03T13:37:22.000000,5896.831799999872,-35852.99040000007,-29956.158600000577
2026-04-03T13:37:22.000000,5896.831799999872,-35887.32165000007,-29990.489850000577
2026-04-03T13:37:22.000000,5896.831799999872,-35927.64900000007,-30030.817200000576
2026-04-03T13:37:37.000000,5896.831799999872,-35970.97920000007,-30074.147400000576
2026-04-03T13:44:27.000000,5896.831799999872,-35950.09275000007,-30053.26095000058
2026-04-03T13:48:27.000000,5896.831799999872,-35935.78945000007,-30038.95765000058
2026-04-03T13:48:42.000000,5896.831799999872,-35921.48615000007,-30024.65435000058
2026-04-03T13:49:07.000000,5896.831799999872,-35913.20215000007,-30016.37035000058
2026-04-03T13:49:47.000000,5896.831799999872,-35904.91815000007,-30008.08635000058
2026-04-03T13:49:47.000000,5896.831799999872,-35890.61485000007,-29993.78305000058
2026-04-03T13:50:02.000000,5896.831799999872,-35882.33085000007,-29985.49905000058
2026-04-03T13:50:02.000000,5896.831799999872,-35868.02755000007,-29971.19575000058
2026-04-03T13:50:12.000000,5896.831799999872,-35859.74355000007,-29962.91175000058
2026-04-03T13:50:42.000000,5896.831799999872,-35851.45955000007,-29954.62775000058
2026-04-03T13:51:07.000000,5896.831799999872,-35859.16515000007,-29962.333350000583
2026-04-03T13:51:17.000000,5896.831799999872,-35866.755550000074,-29969.923750000584
2026-04-03T13:56:07.000000,5896.831799999872,-35874.429150000076,-29977.597350000582
2026-04-03T14:05:07.000000,5896.831799999872,-35898.12435000008,-30001.292550000584
2026-04-03T14:07:17.000000,5896.831799999872,-35883.812250000075,-29986.980450000585
2026-04-03T14:09:57.000000,5896.831799999872,-35880.493000000075,-29983.661200000584
2026-04-03T14:10:22.000000,5896.831799999872,-35904.18820000008,-30007.356400000586
2026-04-03T14:11:27.000000,5896.831799999872,-35911.86180000008,-30015.030000000585
2026-04-03T14:14:42.000000,5896.831799999872,-35951.44420000008,-30054.612400000584
2026-04-03T14:19:02.000000,5896.831799999872,-35975.13940000008,-30078.307600000586
2026-04-03T14:24:02.000000,5896.831799999872,-35982.71700000008,-30085.885200000586
2026-04-03T14:25:22.000000,5896.831799999872,-35990.294600000074,-30093.462800000587
2026-04-03T14:25:52.000000,5896.831799999872,-35981.86980000007,-30085.038000000586
2026-04-03T14:29:07.000000,5896.831799999872,-35989.56260000007,-30092.730800000587
2026-04-03T14:29:22.000000,5896.831799999872,-35997.25540000007,-30100.423600000588
2026-04-03T14:30:37.000000,5896.831799999872,-36004.948200000064,-30108.11640000059
2026-04-03T14:34:37.000000,5896.831799999872,-36028.502600000065,-30131.67080000059
2026-04-03T14:34:42.000000,5896.831799999872,-36052.057000000066,-30155.22520000059
2026-04-03T14:36:07.000000,5896.831799999872,-36075.61140000007,-30178.77960000059
2026-04-03T14:37:12.000000,5896.831799999872,-36083.14740000007,-30186.31560000059
2026-04-03T14:39:07.000000,5896.831799999872,-36106.70180000007,-30209.870000000592
2026-04-03T14:40:02.000000,5896.831799999872,-36130.25620000007,-30233.424400000593
2026-04-03T14:40:17.000000,5896.831799999872,-36153.81060000007,-30256.978800000594
2026-04-03T14:41:27.000000,5896.831799999872,-36177.49300000007,-30280.66120000059
2026-04-03T14:42:22.000000,5896.831799999872,-36201.04740000007,-30304.215600000593
2026-04-03T14:42:27.000000,5896.831799999872,-36224.72980000007,-30327.89800000059
2026-04-03T14:43:17.000000,5896.831799999872,-36248.28420000007,-30351.45240000059
2026-04-03T14:44:32.000000,5896.831799999872,-36271.83860000007,-30375.006800000592
2026-04-03T14:44:57.000000,5896.831799999872,-36295.521000000066,-30398.68920000059
2026-04-03T14:45:02.000000,5896.831799999872,-36319.07540000007,-30422.24360000059
2026-04-03T14:45:02.000000,5896.831799999872,-36342.62980000007,-30445.798000000592
2026-04-03T14:45:02.000000,5896.831799999872,-36366.312200000066,-30469.48040000059
2026-04-03T14:45:02.000000,5896.831799999872,-36389.994600000064,-30493.162800000588
2026-04-07T10:03:52.000000,5841.118999999872,-36389.994600000064,-30548.875600000585
2026-04-07T10:23:52.000000,5841.118999999872,-36429.717800000064,-30588.598800000585
2026-04-07T10:28:47.000000,5841.118999999872,-36437.449000000066,-30596.330000000584
2026-04-07T10:28:57.000000,5841.118999999872,-36445.18020000007,-30604.061200000582
2026-04-07T10:33:57.000000,5841.118999999872,-36468.90100000007,-30627.78200000058
2026-04-07T10:38:27.000000,5841.118999999872,-36436.42140000007,-30595.302400000583
2026-04-07T10:38:27.000000,5841.118999999872,-36411.936600000074,-30570.817600000584
2026-04-07T10:38:57.000000,5841.118999999872,-36435.65740000008,-30594.538400000583
2026-04-07T10:45:42.000000,5841.118999999872,-36459.37820000008,-30618.259200000582
2026-04-07T11:11:57.000000,5841.118999999872,-36467.09660000008,-30625.977600000584
2026-04-07T13:08:42.000000,5841.118999999872,-36508.04795000008,-30666.928950000587
2026-04-07T13:14:02.000000,5841.118999999872,-36499.75115000008,-30658.632150000587
2026-04-07T13:15:47.000000,5841.118999999872,-36507.44395000007,-30666.324950000588
2026-04-07T13:17:52.000000,5841.118999999872,-36515.13675000007,-30674.01775000059
2026-04-07T13:18:02.000000,5841.118999999872,-36522.82955000007,-30681.71055000059
2026-04-07T13:18:37.000000,5841.118999999872,-36530.522350000065,-30689.40335000059
2026-04-07T13:18:52.000000,5841.118999999872,-36538.21515000006,-30697.09615000059
2026-04-07T13:23:02.000000,5841.118999999872,-36561.89755000006,-30720.77855000059
2026-04-07T13:30:32.000000,5841.118999999872,-36601.76155000006,-30760.642550000586
2026-04-07T13:39:12.000000,5841.118999999872,-36625.46955000006,-30784.350550000585
2026-04-07T13:41:02.000000,5841.118999999872,-36649.17755000006,-30808.058550000584
2026-04-07T13:44:37.000000,5841.118999999872,-36656.88315000006,-30815.764150000585
2026-04-07T13:45:42.000000,5841.118999999872,-36664.58875000006,-30823.469750000586
2026-04-07T13:48:32.000000,5841.118999999872,-36671.86875000006,-30830.749750000585
2026-04-07T13:50:02.000000,5841.118999999872,-36679.86795000006,-30838.748950000583
2026-04-07T14:03:47.000000,5841.118999999872,-36703.57595000006,-30862.456950000582
2026-04-07T14:08:52.000000,5841.118999999872,-36727.283950000055,-30886.16495000058
2026-04-07T14:14:27.000000,5841.118999999872,-36734.98955000006,-30893.87055000058
2026-04-07T14:18:17.000000,5841.118999999872,-36762.320550000055,-30921.20155000058
2026-04-07T14:18:27.000000,5841.118999999872,-36786.028550000054,-30944.90955000058
2026-04-07T14:19:27.000000,5841.118999999872,-36823.353050000056,-30982.234050000578
2026-04-07T14:35:07.000000,5841.118999999872,-36799.32265000005,-30958.203650000578
2026-04-07T14:40:22.000000,5841.118999999872,-36823.043450000056,-30981.924450000577
2026-04-07T14:40:32.000000,5841.118999999872,-36846.76425000006,-31005.645250000576
2026-04-07T14:40:57.000000,5841.118999999872,-36870.48505000006,-31029.366050000575
2026-04-07T14:41:37.000000,5841.118999999872,-36894.205850000064,-31053.086850000574
2026-04-07T14:44:02.000000,5841.118999999872,-36917.92665000007,-31076.807650000574
2026-04-08T09:50:17.000000,5914.391149999872,-36917.92665000007,-31003.535500000573
2026-04-08T10:13:37.000000,5914.391149999872,-36955.45515000007,-31041.064000000573
2026-04-08T10:14:07.000000,5914.391149999872,-36992.98365000007,-31078.592500000574
2026-04-08T10:15:37.000000,5914.391149999872,-37030.51215000007,-31116.121000000574
2026-04-08T10:16:02.000000,5914.391149999872,-37053.03840000007,-31138.647250000573
2026-04-08T10:26:52.000000,5914.391149999872,-37076.83600000007,-31162.444850000575
2026-04-08T10:33:52.000000,5914.391149999872,-37132.63840000007,-31218.247250000575
2026-04-08T10:39:27.000000,5914.391149999872,-37155.20065000007,-31240.809500000578
2026-04-08T10:40:07.000000,5914.391149999872,-37177.762900000074,-31263.37175000058
2026-04-08T10:40:17.000000,5914.391149999872,-37200.32515000008,-31285.934000000583
2026-04-08T10:56:47.000000,5914.391149999872,-37222.91140000008,-31308.520250000583
2026-04-08T10:57:32.000000,5914.391149999872,-37230.49540000008,-31316.104250000582
2026-04-08T10:58:02.000000,5914.391149999872,-37238.07940000008,-31323.68825000058
2026-04-08T10:59:42.000000,5914.391149999872,-37261.889800000085,-31347.49865000058
2026-04-08T11:00:37.000000,5914.391149999872,-37269.47380000009,-31355.08265000058
2026-04-08T11:03:52.000000,5914.391149999872,-37292.048050000085,-31377.65690000058
2026-04-08T11:08:07.000000,5914.391149999872,-37314.62230000008,-31400.23115000058
2026-04-08T11:08:07.000000,5914.391149999872,-37338.432700000085,-31424.04155000058
2026-04-08T11:09:22.000000,5914.391149999872,-37361.00695000008,-31446.61580000058
2026-04-08T11:09:32.000000,5914.391149999872,-37383.58120000008,-31469.190050000583
2026-04-08T11:10:17.000000,5914.391149999872,-37406.15545000008,-31491.764300000585
2026-04-08T11:11:12.000000,5914.391149999872,-37428.729700000076,-31514.338550000586
2026-04-08T11:11:17.000000,5914.391149999872,-37451.303950000074,-31536.912800000588
2026-04-08T11:11:27.000000,5914.391149999872,-37473.87820000007,-31559.48705000059
2026-04-08T11:13:12.000000,5914.391149999872,-37496.45245000007,-31582.06130000059
2026-04-08T11:14:37.000000,5914.391149999872,-37534.02895000007,-31619.63780000059
2026-04-08T11:15:27.000000,5914.391149999872,-37571.605450000076,-31657.21430000059
2026-04-08T11:15:52.000000,5914.391149999872,-37609.18195000008,-31694.79080000059
2026-04-08T11:16:57.000000,5914.391149999872,-37646.75845000008,-31732.367300000587
2026-04-08T11:16:57.000000,5914.391149999872,-37670.56885000008,-31756.177700000586
2026-04-08T11:20:27.000000,5914.391149999872,-37694.379250000085,-31779.988100000584
2026-04-08T11:26:22.000000,5914.391149999872,-37746.97000000009,-31832.578850000584
2026-04-08T13:02:02.000000,5914.391149999872,-37769.58025000009,-31855.189100000585
2026-04-08T13:02:17.000000,5914.391149999872,-37793.39065000009,-31878.999500000584
2026-04-08T13:07:57.000000,5914.391149999872,-37817.20105000009,-31902.809900000582
2026-04-08T13:15:42.000000,5914.391149999872,-37857.01385000009,-31942.622700000582
2026-04-08T13:19:32.000000,5914.391149999872,-37849.63160000009,-31935.24045000058
2026-04-08T13:19:52.000000,5914.391149999872,-37842.249350000086,-31927.858200000577
2026-04-08T13:24:27.000000,5914.391149999872,-37883.24470000008,-31968.85355000058
2026-04-08T13:25:17.000000,5914.391149999872,-37905.842950000086,-31991.451800000577
2026-04-08T13:31:17.000000,5914.391149999872,-37913.43895000008,-31999.04780000058
2026-04-08T13:31:17.000000,5914.391149999872,-37921.27255000008,-32006.88140000058
2026-04-08T13:31:57.000000,5914.391149999872,-37928.86855000008,-32014.477400000582
2026-04-08T13:34:42.000000,5914.391149999872,-37936.70215000008,-32022.311000000584
2026-04-08T13:34:42.000000,5914.391149999872,-37955.69420000008,-32041.303050000584
2026-04-08T13:34:57.000000,5914.391149999872,-37963.527800000076,-32049.136650000586
2026-04-08T13:35:07.000000,5914.391149999872,-37971.361400000074,-32056.970250000588
2026-04-08T13:35:17.000000,5914.391149999872,-37979.19500000007,-32064.80385000059
2026-04-08T13:35:22.000000,5914.391149999872,-37987.02860000007,-32072.63745000059
2026-04-08T13:35:32.000000,5914.391149999872,-37994.86220000007,-32080.471050000593
2026-04-08T13:45:27.000000,5914.391149999872,-38018.69820000007,-32104.307050000592
2026-04-08T13:45:32.000000,5914.391149999872,-38042.534200000075,-32128.14305000059
2026-04-08T13:49:42.000000,5914.391149999872,-38066.37020000008,-32151.97905000059
2026-04-08T13:50:22.000000,5942.894149999871,-38066.37020000008,-32123.47605000059
2026-04-08T13:50:22.000000,5971.39714999987,-38066.37020000008,-32094.97305000059
2026-04-08T13:50:32.000000,5971.39714999987,-38058.96395000008,-32087.56680000059
2026-04-08T13:50:42.000000,5971.39714999987,-38051.55770000008,-32080.16055000059
2026-04-08T13:51:02.000000,5971.39714999987,-38075.39370000008,-32103.99655000059
2026-04-08T13:52:17.000000,5971.39714999987,-38082.98970000008,-32111.59255000059
2026-04-08T13:53:32.000000,5971.39714999987,-38105.57595000008,-32134.17880000059
2026-04-08T13:53:42.000000,5971.39714999987,-38128.16220000008,-32156.76505000059
2026-04-08T13:54:32.000000,5971.39714999987,-38151.99820000008,-32180.60105000059
2026-04-08T13:59:27.000000,5971.39714999987,-38174.58445000008,-32203.18730000059
2026-04-08T13:59:32.000000,5971.39714999987,-38197.17070000008,-32225.77355000059
2026-04-08T14:03:47.000000,5971.39714999987,-38204.754700000085,-32233.35755000059
2026-04-08T14:04:12.000000,5971.39714999987,-38212.33870000009,-32240.94155000059
2026-04-08T14:07:02.000000,5971.39714999987,-38236.18750000009,-32264.79035000059
2026-04-08T14:07:32.000000,5971.39714999987,-38260.03630000009,-32288.63915000059
2026-04-08T14:08:42.000000,5971.39714999987,-38283.88510000009,-32312.487950000588
2026-04-08T14:10:17.000000,5971.39714999987,-38291.73150000009,-32320.334350000587
2026-04-08T14:10:22.000000,5971.39714999987,-38299.57790000009,-32328.180750000585
2026-04-08T14:10:52.000000,5971.39714999987,-38307.42430000009,-32336.027150000584
2026-04-08T14:11:12.000000,5971.39714999987,-38315.270700000096,-32343.873550000582
2026-04-08T14:17:17.000000,5971.39714999987,-38339.1067000001,-32367.70955000058
2026-04-08T14:24:22.000000,5971.39714999987,-38362.9427000001,-32391.54555000058
2026-04-08T14:24:57.000000,5971.39714999987,-38386.778700000104,-32415.38155000058
2026-04-08T14:25:02.000000,5971.39714999987,-38410.61470000011,-32439.21755000058
2026-04-08T14:36:37.000000,5971.39714999987,-38429.597950000105,-32458.20080000058
2026-04-08T14:40:32.000000,5971.39714999987,-38467.1504500001,-32495.753300000582
2026-04-08T14:43:07.000000,5971.39714999987,-38504.7029500001,-32533.305800000584
2026-04-09T10:12:57.000000,5971.39714999987,-38512.4341500001,-32541.037000000582
2026-04-09T10:13:02.000000,5971.39714999987,-38520.165350000105,-32548.76820000058
2026-04-09T10:16:47.000000,5971.39714999987,-38543.88615000011,-32572.48900000058
2026-04-09T10:17:42.000000,5971.39714999987,-38567.60695000011,-32596.20980000058
2026-04-09T10:17:52.000000,5971.39714999987,-38591.32775000011,-32619.930600000578
2026-04-09T10:19:57.000000,5971.39714999987,-38615.048550000116,-32643.651400000577
2026-04-09T10:20:07.000000,5971.39714999987,-38638.76935000012,-32667.372200000576
2026-04-09T10:21:47.000000,5971.39714999987,-38657.74380000012,-32686.346650000578
2026-04-09T10:22:12.000000,5971.39714999987,-38676.71825000012,-32705.32110000058
2026-04-09T10:22:47.000000,5971.39714999987,-38716.44145000012,-32745.04430000058
2026-04-09T10:23:37.000000,5971.39714999987,-38756.16465000012,-32784.76750000058
2026-04-09T10:25:27.000000,5971.39714999987,-38764.137450000126,-32792.74030000058
2026-04-09T10:25:37.000000,5971.39714999987,-38772.11025000013,-32800.71310000058
2026-04-09T10:27:52.000000,5971.39714999987,-38769.08140000013,-32797.68425000058
2026-04-09T10:28:02.000000,5971.39714999987,-38776.81260000013,-32805.41545000058
2026-04-09T10:29:32.000000,5971.39714999987,-38795.77825000013,-32824.38110000058
2026-04-09T10:32:52.000000,5971.39714999987,-38819.49905000013,-32848.10190000058
2026-04-09T10:35:47.000000,5971.39714999987,-38843.21985000013,-32871.822700000586
2026-04-09T10:35:57.000000,5971.39714999987,-38866.940650000135,-32895.54350000059
2026-04-09T10:37:22.000000,5971.39714999987,-38890.66145000014,-32919.26430000059
2026-04-09T10:37:32.000000,5971.39714999987,-38914.38225000014,-32942.985100000595
2026-04-09T10:37:37.000000,5971.39714999987,-38938.10305000014,-32966.7059000006
2026-04-09T10:37:57.000000,5971.39714999987,-38961.823850000146,-32990.4267000006
2026-04-09T10:38:12.000000,5971.39714999987,-38985.54465000015,-33014.1475000006
2026-04-09T10:38:17.000000,5971.39714999987,-38993.499850000146,-33022.1027000006
2026-04-09T10:39:22.000000,5971.39714999987,-39001.21825000014,-33029.8211000006
2026-04-09T10:39:57.000000,5971.39714999987,-39008.93665000014,-33037.539500000596
2026-04-09T10:40:32.000000,5971.39714999987,-39016.65505000014,-33045.25790000059
2026-04-09T10:42:02.000000,5971.39714999987,-39024.37345000014,-33052.97630000059
2026-04-09T10:42:12.000000,5971.39714999987,-39032.091850000135,-33060.69470000059
2026-04-09T10:42:47.000000,5971.39714999987,-39039.81025000013,-33068.41310000059
2026-04-09T10:43:17.000000,5971.39714999987,-39047.52865000013,-33076.131500000585
2026-04-09T10:58:07.000000,5971.39714999987,-39040.14640000013,-33068.74925000058
2026-04-09T11:01:27.000000,5971.39714999987,-39047.86480000013,-33076.46765000058
2026-04-09T11:17:52.000000,5974.0384999998705,-39047.86480000013,-33073.82630000058
2026-04-09T11:20:12.000000,5974.0384999998705,-39071.572800000125,-33097.53430000058
2026-04-09T11:20:27.000000,5974.0384999998705,-39095.280800000124,-33121.24230000058
2026-04-09T11:21:02.000000,5974.0384999998705,-39118.98880000012,-33144.95030000058
2026-04-09T11:35:07.000000,5974.0384999998705,-39141.731050000126,-33167.69255000058
2026-04-09T13:04:17.000000,5974.0384999998705,-39149.27905000013,-33175.240550000584
2026-04-09T13:04:52.000000,5974.0384999998705,-39142.01680000013,-33167.978300000585
2026-04-09T13:07:02.000000,5974.0384999998705,-39160.95605000013,-33186.91755000059
2026-04-09T13:11:07.000000,5974.0384999998705,-39201.89860000013,-33227.86010000059
2026-04-09T13:16:42.000000,5974.0384999998705,-39209.42260000013,-33235.384100000585
2026-04-09T13:21:57.000000,5934.822349999869,-39209.42260000013,-33274.600250000585
2026-04-09T13:29:57.000000,5934.822349999869,-39246.96310000013,-33312.14075000059
2026-04-09T13:29:57.000000,5934.822349999869,-39286.66070000013,-33351.83835000059
2026-04-09T13:30:07.000000,5934.822349999869,-39324.21320000013,-33389.390850000585
2026-04-09T13:32:22.000000,5934.822349999869,-39376.76795000013,-33441.94560000059
2026-04-09T13:37:42.000000,5934.822349999869,-39395.742400000134,-33460.92005000059
2026-04-09T13:37:52.000000,5934.822349999869,-39425.70970000013,-33490.88735000059
2026-04-09T13:43:37.000000,5934.822349999869,-39448.29595000013,-33513.47360000059
2026-04-09T13:43:52.000000,5934.822349999869,-39470.88220000013,-33536.05985000059
2026-04-09T13:44:12.000000,5934.822349999869,-39493.46845000013,-33558.64610000059
2026-04-09T13:45:12.000000,5934.822349999869,-39512.43410000013,-33577.611750000586
2026-04-09T13:51:57.000000,5934.822349999869,-39505.01585000013,-33570.19350000058
2026-04-09T13:56:52.000000,5934.822349999869,-39528.723850000126,-33593.90150000058
2026-04-09T13:56:57.000000,5934.822349999869,-39536.67905000012,-33601.85670000058
2026-04-09T13:57:02.000000,5934.822349999869,-39560.38705000012,-33625.56470000058
2026-04-09T13:57:17.000000,5934.822349999869,-39584.09505000012,-33649.272700000576
2026-04-09T13:57:27.000000,5934.822349999869,-39592.05025000012,-33657.22790000057
2026-04-09T13:57:57.000000,5934.822349999869,-39615.758250000115,-33680.93590000057
2026-04-09T13:58:32.000000,5934.822349999869,-39639.466250000114,-33704.64390000057
2026-04-09T14:00:57.000000,5934.822349999869,-39663.17425000011,-33728.35190000057
2026-04-09T14:08:22.000000,5934.822349999869,-39682.131100000115,-33747.30875000057
2026-04-09T14:08:32.000000,5934.822349999869,-39701.08795000012,-33766.26560000057
2026-04-09T14:08:57.000000,5934.822349999869,-39723.662200000115,-33788.83985000057
2026-04-09T14:09:57.000000,5934.822349999869,-39746.23645000011,-33811.41410000057
2026-04-09T14:10:07.000000,5934.822349999869,-39768.81070000011,-33833.98835000057
2026-04-09T14:10:17.000000,5934.822349999869,-39791.38495000011,-33856.562600000565
2026-04-09T14:11:02.000000,5934.822349999869,-39813.95920000011,-33879.13685000056
2026-04-09T14:17:12.000000,5934.822349999869,-39806.69695000011,-33871.87460000056
2026-04-09T14:18:07.000000,5934.822349999869,-39844.27345000011,-33909.451100000566
2026-04-09T14:21:37.000000,5934.822349999869,-39863.23030000011,-33928.40795000057
2026-04-09T14:21:47.000000,5934.822349999869,-39882.187150000114,-33947.36480000057
2026-04-09T14:23:32.000000,5934.822349999869,-39889.77115000012,-33954.94880000057
2026-04-09T14:23:37.000000,5934.822349999869,-39897.35515000012,-33962.532800000576
2026-04-09T14:34:07.000000,5907.339199999869,-39897.35515000012,-33990.015950000576
2026-04-09T14:35:27.000000,5907.339199999869,-39890.08090000012,-33982.74170000057
2026-04-09T14:36:02.000000,5907.339199999869,-39897.66490000012,-33990.325700000576
2026-04-09T14:36:12.000000,5907.339199999869,-39916.62175000012,-34009.28255000058
2026-04-09T14:36:22.000000,5907.339199999869,-39924.205750000125,-34016.86655000058
2026-04-09T14:36:27.000000,5907.339199999869,-39943.16260000013,-34035.82340000058
2026-04-09T14:36:52.000000,5907.339199999869,-39950.74660000013,-34043.407400000586
2026-04-09T14:37:22.000000,5907.339199999869,-39958.33060000013,-34050.99140000059
2026-04-09T14:37:32.000000,5907.339199999869,-39965.914600000135,-34058.57540000059
2026-04-09T14:37:37.000000,5907.339199999869,-39973.49860000014,-34066.15940000059
2026-04-09T14:37:52.000000,5907.339199999869,-39992.45545000014,-34085.116250000596
2026-04-09T14:39:12.000000,5907.339199999869,-40000.03945000014,-34092.7002500006
2026-04-09T14:39:32.000000,5907.339199999869,-40007.623450000145,-34100.2842500006
2026-04-09T14:42:57.000000,5907.339199999869,-40026.58030000015,-34119.2411000006
2026-04-09T14:43:22.000000,5907.339199999869,-40045.53715000015,-34138.197950000605
2026-04-09T14:43:32.000000,5907.339199999869,-40064.49400000015,-34157.15480000061
2026-04-09T14:45:02.000000,5907.339199999869,-40071.91720000015,-34164.578000000605
2026-04-09T14:45:02.000000,5907.339199999869,-40095.61240000015,-34188.27320000061
2026-04-09T14:45:02.000000,5907.339199999869,-40119.30760000015,-34211.96840000061
2026-04-09T14:45:02.000000,5907.339199999869,-40143.002800000155,-34235.66360000061
2026-04-09T14:45:02.000000,5907.339199999869,-40166.69800000016,-34259.35880000061
2026-04-09T14:45:02.000000,5907.339199999869,-40185.65485000016,-34278.315650000615
2026-04-09T14:45:02.000000,5907.339199999869,-40204.61170000016,-34297.27250000062
2026-04-10T10:06:22.000000,5907.339199999869,-40228.34530000016,-34321.00610000062
2026-04-10T10:06:47.000000,5907.339199999869,-40252.07890000016,-34344.73970000062
2026-04-10T10:10:17.000000,5907.339199999869,-40275.81250000016,-34368.473300000616
2026-04-10T10:11:07.000000,5907.339199999869,-40273.13900000016,-34365.79980000062
2026-04-10T10:11:37.000000,5907.339199999869,-40296.87260000016,-34389.53340000062
2026-04-10T10:12:02.000000,5907.339199999869,-40320.60620000016,-34413.26700000062
2026-04-10T10:12:12.000000,5907.339199999869,-40344.33980000016,-34437.00060000062
2026-04-10T10:12:37.000000,5907.339199999869,-40368.07340000016,-34460.73420000062
2026-04-10T10:12:52.000000,5907.339199999869,-40391.80700000016,-34484.46780000062
2026-04-10T10:14:32.000000,5907.339199999869,-40399.53820000016,-34492.19900000062
2026-04-10T10:18:37.000000,5907.339199999869,-40423.27180000016,-34515.93260000062
2026-04-10T10:18:57.000000,5907.339199999869,-40431.003000000164,-34523.66380000062
2026-04-10T10:19:12.000000,5907.339199999869,-40438.734200000166,-34531.39500000062
2026-04-10T10:29:47.000000,5907.339199999869,-40446.294200000164,-34538.95500000062
2026-04-10T10:30:02.000000,5907.339199999869,-40453.85420000016,-34546.51500000062
2026-04-10T10:31:07.000000,5907.339199999869,-40446.41195000016,-34539.07275000062
2026-04-10T10:31:37.000000,5907.339199999869,-40423.967450000164,-34516.62825000062
2026-04-10T10:37:17.000000,5907.339199999869,-40447.68825000017,-34540.34905000062
2026-04-10T10:39:17.000000,5907.339199999869,-40471.40905000017,-34564.069850000626
2026-04-10T10:44:27.000000,5907.339199999869,-40495.12985000017,-34587.79065000063
2026-04-10T10:44:37.000000,5907.339199999869,-40518.850650000175,-34611.51145000063
2026-04-10T10:44:52.000000,5907.339199999869,-40526.130650000174,-34618.79145000063
2026-04-10T10:45:07.000000,5907.339199999869,-40533.41065000017,-34626.07145000063
2026-04-10T10:45:17.000000,5907.339199999869,-40557.131450000175,-34649.79225000063
2026-04-10T10:45:22.000000,5907.339199999869,-40580.85225000018,-34673.513050000634
2026-04-10T10:46:07.000000,5907.339199999869,-40604.57305000018,-34697.23385000064
2026-04-10T10:46:52.000000,5907.339199999869,-40612.29145000018,-34704.952250000635
2026-04-10T10:47:27.000000,5907.339199999869,-40620.00985000018,-34712.67065000063
2026-04-10T10:47:37.000000,5907.339199999869,-40627.728250000175,-34720.38905000063
2026-04-10T10:47:57.000000,5907.339199999869,-40635.44665000017,-34728.10745000063
2026-04-10T10:49:37.000000,5907.339199999869,-40643.16505000017,-34735.82585000063
2026-04-10T10:50:07.000000,5907.339199999869,-40650.88345000017,-34743.544250000625
2026-04-10T10:54:07.000000,5907.339199999869,-40680.87715000017,-34773.537950000624
2026-04-10T11:00:27.000000,5907.339199999869,-40703.39140000017,-34796.052200000624
2026-04-10T11:03:07.000000,5907.339199999869,-40711.12260000017,-34803.783400000626
2026-04-10T11:03:57.000000,5907.339199999869,-40689.00210000017,-34781.66290000063
2026-04-10T11:05:07.000000,5907.339199999869,-40696.514100000175,-34789.17490000063
2026-04-10T11:05:37.000000,5907.339199999869,-40704.02610000018,-34796.68690000063
2026-04-10T11:07:22.000000,5907.339199999869,-40728.028500000175,-34820.68930000063
2026-04-10T11:08:47.000000,5907.339199999869,-40752.03090000017,-34844.69170000063
2026-04-10T11:11:07.000000,5907.339199999869,-40760.03090000017,-34852.69170000063
2026-04-10T11:12:42.000000,5907.339199999869,-40783.751700000175,-34876.41250000063
2026-04-10T11:18:57.000000,5907.339199999869,-40791.47010000017,-34884.13090000063
2026-04-10T11:19:27.000000,5907.339199999869,-40799.18850000017,-34891.84930000063
2026-04-10T11:20:07.000000,5907.339199999869,-40823.17810000017,-34915.83890000063
2026-04-10T11:20:57.000000,5907.339199999869,-40847.16770000017,-34939.82850000063
2026-04-10T11:21:22.000000,5907.339199999869,-40864.44920000017,-34957.110000000626
2026-04-10T11:21:37.000000,5907.339199999869,-40888.43880000017,-34981.09960000063
2026-04-10T11:23:02.000000,5907.339199999869,-40895.71880000017,-34988.379600000626
2026-04-10T11:25:07.000000,5907.339199999869,-40919.70840000017,-35012.36920000063
2026-04-10T11:26:02.000000,5907.339199999869,-40936.98990000017,-35029.650700000624
2026-04-10T11:26:22.000000,5907.339199999869,-40976.981900000166,-35069.64270000062
2026-04-10T11:26:27.000000,5907.339199999869,-41016.973900000165,-35109.63470000062
2026-04-10T11:27:32.000000,5907.339199999869,-41056.96590000016,-35149.62670000062
2026-04-10T13:04:02.000000,5907.339199999869,-41080.67390000016,-35173.33470000062
2026-04-10T13:07:32.000000,5907.339199999869,-41104.38190000016,-35197.04270000062
2026-04-10T13:14:42.000000,5907.339199999869,-41128.08990000016,-35220.750700000615
2026-04-10T13:16:12.000000,5907.339199999869,-41151.79790000016,-35244.458700000614
2026-04-10T13:16:17.000000,5907.339199999869,-41175.50590000016,-35268.16670000061
2026-04-10T13:25:57.000000,5907.339199999869,-41199.213900000155,-35291.87470000061
2026-04-10T13:26:07.000000,5907.339199999869,-41222.921900000154,-35315.58270000061
2026-04-10T13:26:52.000000,5907.339199999869,-41246.911500000155,-35339.57230000061
2026-04-10T13:28:12.000000,5907.339199999869,-41276.89640000016,-35369.557200000614
2026-04-10T13:32:42.000000,5907.339199999869,-41300.88600000016,-35393.546800000615
2026-04-10T13:34:42.000000,5907.339199999869,-41319.869250000156,-35412.53005000061
2026-04-10T13:53:47.000000,5907.339199999869,-41343.577250000155,-35436.23805000061
2026-04-10T13:56:42.000000,5907.339199999869,-41362.569300000156,-35455.23010000061
2026-04-10T13:58:02.000000,5907.339199999869,-41402.57410000016,-35495.234900000614
2026-04-10T14:04:02.000000,5907.339199999869,-41410.08610000016,-35502.74690000062
2026-04-10T14:04:07.000000,5907.339199999869,-41417.59810000016,-35510.25890000062
2026-04-10T14:05:47.000000,5907.339199999869,-41425.59810000016,-35518.25890000062
2026-04-10T14:06:12.000000,5907.339199999869,-41433.59810000016,-35526.25890000062
2026-04-10T14:09:12.000000,5907.339199999869,-41457.60050000016,-35550.26130000062
2026-04-10T14:15:57.000000,5907.339199999869,-41465.47250000016,-35558.13330000062
2026-04-10T14:16:07.000000,5907.339199999869,-41473.34450000017,-35566.00530000062
2026-04-10T14:20:52.000000,5907.339199999869,-41481.34450000017,-35574.00530000062
2026-04-10T14:21:07.000000,5907.339199999869,-41489.34450000017,-35582.00530000062
2026-04-10T14:21:32.000000,5907.339199999869,-41513.052500000165,-35605.71330000062
2026-04-10T14:22:42.000000,5907.339199999869,-41536.760500000164,-35629.42130000062
2026-04-10T14:26:32.000000,5907.339199999869,-41576.75250000016,-35669.41330000062
2026-04-10T14:26:42.000000,5907.339199999869,-41616.74450000016,-35709.40530000062
2026-04-10T14:28:22.000000,5907.339199999869,-41640.45250000016,-35733.113300000616
2026-04-10T14:30:02.000000,5907.339199999869,-41659.43575000016,-35752.09655000061
2026-04-10T14:33:17.000000,5907.339199999869,-41678.419000000154,-35771.07980000061
2026-04-10T14:34:12.000000,5907.339199999869,-41702.12700000015,-35794.78780000061
2026-04-10T14:38:02.000000,5907.339199999869,-41726.12940000015,-35818.79020000061
2026-04-10T14:38:52.000000,5907.339199999869,-41734.12940000015,-35826.79020000061
2026-04-10T14:38:57.000000,5907.339199999869,-41742.12940000015,-35834.79020000061
2026-04-10T14:41:32.000000,5907.339199999869,-41750.12940000015,-35842.79020000061
2026-04-10T14:45:02.000000,5907.339199999869,-41773.83740000015,-35866.498200000606
2026-04-13T10:06:22.000000,5907.339199999869,-41781.54300000015,-35874.20380000061
2026-04-13T10:07:32.000000,5907.339199999869,-41789.24860000015,-35881.90940000061
2026-04-13T10:15:22.000000,5907.339199999869,-41812.943800000154,-35905.60460000061
2026-04-13T10:15:52.000000,5907.339199999869,-41836.639000000156,-35929.29980000061
2026-04-13T10:18:17.000000,5907.339199999869,-41860.33420000016,-35952.995000000614
2026-04-13T10:18:32.000000,5907.339199999869,-41900.19820000016,-35992.859000000615
2026-04-13T10:19:28.000000,5907.339199999869,-41893.68890000016,-35986.34970000062
2026-04-13T10:20:12.000000,5907.339199999869,-41917.38410000016,-36010.04490000062
2026-04-13T10:21:07.000000,5907.339199999869,-41957.08170000016,-36049.74250000062
2026-04-13T10:33:27.000000,5907.339199999869,-41996.93290000016,-36089.593700000616
2026-04-13T10:35:02.000000,5907.339199999869,-42020.65370000016,-36113.31450000062
2026-04-13T10:39:42.000000,5907.339199999869,-42028.51290000016,-36121.17370000062
2026-04-13T10:48:12.000000,5907.339199999869,-42052.233700000164,-36144.89450000062
2026-04-13T11:06:52.000000,5907.339199999869,-42076.04410000017,-36168.70490000062
2026-04-13T11:08:32.000000,5907.339199999869,-42099.85450000017,-36192.515300000625
2026-04-13T11:10:27.000000,5907.339199999869,-42123.66490000017,-36216.32570000063
2026-04-13T11:13:17.000000,5907.339199999869,-42147.37290000017,-36240.033700000626
2026-04-13T11:15:12.000000,5907.339199999869,-42171.18330000017,-36263.84410000063
2026-04-13T11:16:02.000000,5907.339199999869,-42194.993700000174,-36287.65450000063
2026-04-13T11:16:52.000000,5907.339199999869,-42218.70170000017,-36311.36250000063
2026-04-13T11:17:02.000000,5907.339199999869,-42242.40970000017,-36335.07050000063
2026-04-13T11:17:17.000000,5907.339199999869,-42266.11770000017,-36358.778500000626
2026-04-13T11:19:52.000000,5907.339199999869,-42289.82570000017,-36382.486500000625
2026-04-13T11:20:42.000000,5907.339199999869,-42313.63610000017,-36406.29690000063
2026-04-13T11:26:27.000000,5907.339199999869,-42337.34410000017,-36430.004900000626
2026-04-13T11:28:57.000000,5907.339199999869,-42377.15690000017,-36469.817700000625
2026-04-13T11:29:02.000000,5907.339199999869,-42400.86490000017,-36493.525700000624
2026-04-13T13:09:02.000000,5907.339199999869,-42408.72410000017,-36501.38490000062
2026-04-13T13:09:37.000000,5907.339199999869,-42416.583300000166,-36509.24410000062
2026-04-13T13:10:12.000000,5907.339199999869,-42440.44490000016,-36533.10570000062
2026-04-13T13:16:42.000000,5907.339199999869,-42464.30650000016,-36556.967300000615
2026-04-13T13:26:47.000000,5907.339199999869,-42488.04010000016,-36580.700900000615
2026-04-13T13:27:37.000000,5907.339199999869,-42527.91690000016,-36620.57770000061
2026-04-13T13:35:07.000000,5907.339199999869,-42551.804100000154,-36644.46490000061
2026-04-13T13:36:27.000000,5907.339199999869,-42591.54010000015,-36684.20090000061
2026-04-13T13:44:07.000000,5907.339199999869,-42599.43770000015,-36692.098500000604
2026-04-13T13:45:12.000000,5907.339199999869,-42607.335300000144,-36699.9961000006
2026-04-13T13:45:27.000000,5907.339199999869,-42628.852600000144,-36721.5134000006
2026-04-13T13:51:37.000000,5907.339199999869,-42652.73980000014,-36745.4006000006
2026-04-13T13:54:12.000000,5907.339199999869,-42676.486200000145,-36769.1470000006
2026-04-13T13:54:27.000000,5907.339199999869,-42700.23260000015,-36792.893400000605
2026-04-13T13:57:52.000000,5907.339199999869,-42708.11740000015,-36800.778200000605
2026-04-13T13:58:22.000000,5907.339199999869,-42716.00220000015,-36808.663000000604
2026-04-13T14:08:17.000000,5907.339199999869,-42755.879000000146,-36848.5398000006
2026-04-13T14:11:32.000000,5907.339199999869,-42779.63820000015,-36872.2990000006
2026-04-13T14:11:47.000000,5907.339199999869,-42803.39740000015,-36896.0582000006
2026-04-13T14:13:47.000000,5907.339199999869,-42811.28220000015,-36903.9430000006
2026-04-13T14:14:27.000000,5907.339199999869,-42819.16700000015,-36911.8278000006
2026-04-13T14:16:52.000000,5907.339199999869,-42842.92620000015,-36935.5870000006
2026-04-13T14:20:47.000000,5907.339199999869,-42850.40780000015,-36943.0686000006
2026-04-13T14:21:17.000000,5907.339199999869,-42874.16700000015,-36966.8278000006
2026-04-13T14:21:22.000000,5907.339199999869,-42897.92620000015,-36990.5870000006
2026-04-13T14:21:42.000000,5907.339199999869,-42921.68540000015,-37014.346200000604
2026-04-13T14:22:02.000000,5907.339199999869,-42945.44460000015,-37038.105400000604
2026-04-13T14:22:52.000000,5907.339199999869,-42969.20380000015,-37061.864600000605
2026-04-13T14:22:57.000000,5907.339199999869,-42992.96300000015,-37085.623800000605
2026-04-13T14:23:42.000000,5907.339199999869,-43016.72220000015,-37109.383000000606
2026-04-13T14:24:57.000000,5907.339199999869,-43040.48140000015,-37133.142200000606
2026-04-13T14:27:37.000000,5907.339199999869,-43064.36860000015,-37157.0294000006
2026-04-13T14:28:32.000000,5907.339199999869,-43088.12780000015,-37180.788600000604
2026-04-13T14:29:17.000000,5907.339199999869,-43128.01740000015,-37220.678200000606
2026-04-13T14:32:32.000000,5907.339199999869,-43151.77660000015,-37244.43740000061
2026-04-13T14:42:17.000000,5907.339199999869,-43159.67420000015,-37252.3350000006
2026-04-13T14:45:02.000000,5907.339199999869,-43167.43100000015,-37260.091800000606
2026-04-14T10:09:07.000000,5907.339199999869,-43191.17740000015,-37283.83820000061
2026-04-14T10:09:32.000000,5907.339199999869,-43199.073400000154,-37291.73420000061
2026-04-14T10:10:02.000000,5907.339199999869,-43196.96790000015,-37289.628700000605
2026-04-14T10:13:17.000000,5907.339199999869,-43204.71190000015,-37297.372700000604
2026-04-14T10:13:22.000000,5907.339199999869,-43212.455900000146,-37305.1167000006
2026-04-14T10:14:17.000000,5907.339199999869,-43180.345900000146,-37273.0067000006
2026-04-14T10:15:22.000000,5907.339199999869,-43188.089900000145,-37280.7507000006
2026-04-14T10:15:37.000000,5907.339199999869,-43195.83390000014,-37288.4947000006
2026-04-14T10:15:47.000000,5907.339199999869,-43203.57790000014,-37296.2387000006
2026-04-14T10:16:27.000000,5879.48819999987,-43203.57790000014,-37324.0897000006
2026-04-14T10:17:07.000000,5821.648699999871,-43203.57790000014,-37381.9292000006
2026-04-14T10:17:17.000000,5821.648699999871,-43256.10865000014,-37434.4599500006
2026-04-14T10:17:17.000000,5821.648699999871,-43263.85265000014,-37442.2039500006
2026-04-14T10:17:47.000000,5821.648699999871,-43316.38340000014,-37494.7347000006
2026-04-14T10:17:52.000000,5821.648699999871,-43368.914150000135,-37547.265450000596
2026-04-14T10:21:17.000000,5821.648699999871,-43391.464400000135,-37569.815700000596
2026-04-14T10:22:17.000000,5823.80219999987,-43391.464400000135,-37567.662200000595
2026-04-14T10:23:27.000000,5815.95419999987,-43391.464400000135,-37575.51020000059
2026-04-14T10:25:17.000000,5815.95419999987,-43384.022150000135,-37568.06795000059
2026-04-14T10:26:07.000000,5815.95419999987,-43376.56790000013,-37560.61370000059
2026-04-14T10:26:27.000000,5815.95419999987,-43374.422400000134,-37558.46820000059
2026-04-14T10:27:02.000000,5815.95419999987,-43372.276900000135,-37556.32270000059
2026-04-14T10:28:32.000000,5815.95419999987,-43349.820400000135,-37533.86620000059
2026-04-14T10:29:57.000000,5815.95419999987,-43347.666900000135,-37531.71270000059
2026-04-14T10:31:02.000000,5815.95419999987,-43340.20065000014,-37524.246450000595
2026-04-14T10:31:57.000000,5815.95419999987,-43338.039150000135,-37522.08495000059
2026-04-14T10:32:47.000000,5815.95419999987,-43335.87765000013,-37519.92345000059
2026-04-14T10:39:02.000000,5815.95419999987,-43343.608850000135,-37527.65465000059
2026-04-14T10:41:57.000000,5792.23339999987,-43343.608850000135,-37551.375450000596
2026-04-14T10:43:02.000000,5792.23339999987,-43351.44085000014,-37559.2074500006
2026-04-14T10:45:07.000000,5792.23339999987,-43409.27235000014,-37617.0389500006
2026-04-14T10:45:27.000000,5792.23339999987,-43467.10385000014,-37674.8704500006
2026-04-14T10:51:27.000000,5792.23339999987,-43484.961350000136,-37692.7279500006
2026-04-14T10:51:32.000000,5792.23339999987,-43502.818850000134,-37710.585450000595
2026-04-14T10:54:47.000000,5792.23339999987,-43510.80605000014,-37718.5726500006
2026-04-14T10:57:22.000000,5792.23339999987,-43534.52685000014,-37742.2934500006
2026-04-14T10:59:47.000000,5792.23339999987,-43542.38285000014,-37750.1494500006
2026-04-14T11:07:32.000000,5792.23339999987,-43550.23085000014,-37757.9974500006
2026-04-14T11:10:37.000000,5792.23339999987,-43588.19135000014,-37795.9579500006
2026-04-14T11:11:02.000000,5792.23339999987,-43596.03935000014,-37803.8059500006
2026-04-14T11:11:27.000000,5792.23339999987,-43623.89035000014,-37831.6569500006
2026-04-14T11:17:32.000000,5792.23339999987,-43621.74485000014,-37829.5114500006
2026-04-14T11:19:02.000000,5792.23339999987,-43629.60085000014,-37837.3674500006
2026-04-14T11:19:27.000000,5792.23339999987,-43627.45535000014,-37835.2219500006
2026-04-14T11:22:32.000000,5792.23339999987,-43651.176150000145,-37858.942750000606
2026-04-14T11:22:52.000000,5792.23339999987,-43674.89695000015,-37882.66355000061
2026-04-14T11:22:57.000000,5792.23339999987,-43698.61775000015,-37906.38435000061
2026-04-14T11:23:07.000000,5792.23339999987,-43716.45925000015,-37924.225850000614
2026-04-14T11:24:52.000000,5792.23339999987,-43724.42725000015,-37932.193850000614
2026-04-14T11:26:27.000000,5792.23339999987,-43742.27675000015,-37950.04335000061
2026-04-14T11:27:07.000000,5792.23339999987,-43770.12775000015,-37977.89435000061
2026-04-14T13:02:37.000000,5792.23339999987,-43890.14455000015,-38097.91115000061
2026-04-14T13:09:32.000000,5792.23339999987,-43913.86535000015,-38121.631950000614
2026-04-14T13:10:57.000000,5792.23339999987,-43937.586150000156,-38145.35275000062
2026-04-14T13:12:12.000000,5792.23339999987,-43945.21815000015,-38152.984750000614
2026-04-14T13:14:52.000000,5792.23339999987,-43963.059650000156,-38170.82625000062
2026-04-14T13:19:52.000000,5792.23339999987,-43970.89965000015,-38178.66625000061
2026-04-14T13:20:52.000000,5792.23339999987,-43978.73965000015,-38186.50625000061
2026-04-14T13:21:47.000000,5792.23339999987,-43986.579650000145,-38194.346250000606
2026-04-14T13:21:52.000000,5792.23339999987,-43994.41965000014,-38202.1862500006
2026-04-14T13:24:57.000000,5792.23339999987,-44002.251650000144,-38210.018250000605
2026-04-14T13:25:02.000000,5792.23339999987,-44010.083650000146,-38217.85025000061
2026-04-14T13:25:27.000000,5792.23339999987,-44017.91565000015,-38225.68225000061
2026-04-14T13:25:57.000000,5792.23339999987,-44025.74765000015,-38233.51425000061
2026-04-14T13:27:27.000000,5792.23339999987,-44033.57165000015,-38241.33825000061
2026-04-14T13:28:42.000000,5792.23339999987,-44041.29005000015,-38249.05665000061
2026-04-14T13:29:42.000000,5792.23339999987,-44029.11105000015,-38236.87765000061
2026-04-14T13:30:47.000000,5792.23339999987,-44006.93055000015,-38214.69715000061
2026-04-14T13:31:42.000000,5792.23339999987,-43994.751550000154,-38202.518150000615
2026-04-14T13:33:12.000000,5792.23339999987,-43992.566050000154,-38200.332650000615
2026-04-14T13:34:17.000000,5792.23339999987,-44045.15680000016,-38252.92340000062
2026-04-14T13:35:27.000000,5774.44789999987,-44045.15680000016,-38270.708900000616
2026-04-14T13:35:42.000000,5746.660899999871,-44045.15680000016,-38298.49590000061
2026-04-14T13:42:12.000000,5748.870399999871,-44045.15680000016,-38296.286400000616
2026-04-14T13:45:17.000000,5748.870399999871,-44068.864800000156,-38319.994400000614
2026-04-14T13:45:57.000000,5748.870399999871,-44092.572800000155,-38343.70240000061
2026-04-14T13:51:47.000000,5748.870399999871,-44070.20030000016,-38321.329900000615
2026-04-14T13:51:52.000000,5748.870399999871,-44047.82780000016,-38298.95740000062
2026-04-14T13:55:52.000000,5748.870399999871,-44055.71180000016,-38306.841400000616
2026-04-14T13:57:12.000000,5745.160449999871,-44055.71180000016,-38310.55135000061
2026-04-14T13:57:32.000000,5747.4489999998705,-44055.71180000016,-38308.262800000615
2026-04-14T13:57:47.000000,5749.739949999871,-44055.71180000016,-38305.97185000061
2026-04-14T13:57:52.000000,5755.031349999871,-44055.71180000016,-38300.68045000061
2026-04-14T13:57:57.000000,5760.322749999871,-44055.71180000016,-38295.38905000061
2026-04-14T13:58:07.000000,5762.61609999987,-44055.71180000016,-38293.09570000061
2026-04-14T13:58:12.000000,5764.909449999869,-44055.71180000016,-38290.80235000061
2026-04-14T13:59:02.000000,5779.19499999987,-44055.71180000016,-38276.51680000061
2026-04-14T14:03:57.000000,5779.19499999987,-44078.31005000016,-38299.11505000061
2026-04-14T14:04:02.000000,5779.19499999987,-44100.90830000016,-38321.713300000614
2026-04-14T14:05:17.000000,5779.19499999987,-44138.50880000016,-38359.313800000615
2026-04-14T14:07:42.000000,5779.19499999987,-44176.109300000164,-38396.914300000615
2026-04-14T14:07:57.000000,5779.19499999987,-44203.89630000016,-38424.70130000061
2026-04-14T14:08:07.000000,5779.19499999987,-44231.68330000016,-38452.48830000061
2026-04-14T14:08:17.000000,5779.19499999987,-44259.470300000154,-38480.275300000605
2026-04-14T14:08:52.000000,5779.19499999987,-44277.25580000015,-38498.0608000006
2026-04-14T14:09:12.000000,5779.19499999987,-44305.04280000015,-38525.8478000006
2026-04-14T14:12:57.000000,5779.19499999987,-44302.83330000015,-38523.6383000006
2026-04-14T14:14:07.000000,5779.19499999987,-44310.453300000154,-38531.258300000605
2026-04-14T14:15:17.000000,5779.19499999987,-44308.24380000016,-38529.04880000061
2026-04-14T14:17:12.000000,5779.19499999987,-44315.85180000016,-38536.65680000061
2026-04-14T14:17:37.000000,5779.19499999987,-44323.45980000016,-38544.26480000061
2026-04-14T14:20:27.000000,5779.19499999987,-44331.235800000155,-38552.04080000061
2026-04-14T14:26:52.000000,5779.19499999987,-44338.83180000015,-38559.636800000604
2026-04-14T14:28:37.000000,5779.19499999987,-44346.42780000015,-38567.2328000006
2026-04-14T14:29:02.000000,5779.19499999987,-44354.02380000015,-38574.8288000006
2026-04-14T14:30:37.000000,5779.19499999987,-44351.79830000015,-38572.6033000006
2026-04-14T14:31:27.000000,5779.19499999987,-44349.57280000015,-38570.3778000006
2026-04-14T14:32:47.000000,5779.19499999987,-44357.340800000144,-38578.145800000595
2026-04-14T14:34:12.000000,5779.19499999987,-44365.10880000014,-38585.91380000059
2026-04-14T14:40:27.000000,5779.19499999987,-44387.73105000014,-38608.53605000059
2026-04-14T14:40:37.000000,5779.19499999987,-44410.35330000014,-38631.15830000059
2026-04-14T14:40:52.000000,5779.19499999987,-44432.97555000014,-38653.78055000059
2026-04-14T14:41:07.000000,5779.19499999987,-44440.595550000144,-38661.400550000595
2026-04-14T14:41:57.000000,5779.19499999987,-44478.20805000015,-38699.0130500006
2026-04-15T09:51:12.000000,5779.19499999987,-44517.944050000144,-38738.749050000595
2026-04-15T10:06:02.000000,5779.19499999987,-44525.50405000014,-38746.30905000059
2026-04-15T10:09:07.000000,5779.19499999987,-44565.22725000014,-38786.03225000059
2026-04-15T10:09:22.000000,5779.19499999987,-44604.95045000014,-38825.75545000059
2026-04-15T10:10:32.000000,5779.19499999987,-44644.67365000014,-38865.478650000594
2026-04-15T10:11:02.000000,5779.19499999987,-44684.39685000014,-38905.201850000594
2026-04-15T10:11:47.000000,5779.19499999987,-44724.12005000014,-38944.925050000595
2026-04-15T10:16:17.000000,5779.19499999987,-44763.85605000014,-38984.66105000059
2026-04-15T10:17:37.000000,5779.19499999987,-44803.59205000014,-39024.39705000059
2026-04-15T10:18:02.000000,5779.19499999987,-44843.328050000135,-39064.133050000586
2026-04-15T10:18:37.000000,5779.19499999987,-44883.06405000013,-39103.86905000058
2026-04-15T10:19:37.000000,5779.19499999987,-44906.810450000135,-39127.61545000059
2026-04-15T10:24:02.000000,5779.19499999987,-44934.605450000134,-39155.410450000585
2026-04-15T10:25:17.000000,5779.19499999987,-44974.354250000135,-39195.159250000586
2026-04-15T10:25:52.000000,5779.19499999987,-45002.14925000013,-39222.954250000585
2026-04-15T10:26:22.000000,5779.19499999987,-45029.94425000013,-39250.74925000058
2026-04-15T10:27:22.000000,5779.19499999987,-45057.73125000013,-39278.53625000058
2026-04-15T10:31:17.000000,5779.19499999987,-45081.49045000013,-39302.29545000058
2026-04-15T10:31:37.000000,5779.19499999987,-45089.29045000013,-39310.09545000058
2026-04-15T10:31:42.000000,5779.19499999987,-45107.08395000013,-39327.88895000058
2026-04-15T10:33:52.000000,5779.19499999987,-45114.840750000134,-39335.645750000585
2026-04-15T10:34:32.000000,5779.19499999987,-45122.59755000014,-39343.40255000059
2026-04-15T10:36:07.000000,5779.19499999987,-45130.35435000014,-39351.15935000059
2026-04-15T10:36:22.000000,5779.19499999987,-45138.11115000014,-39358.916150000594
2026-04-15T10:42:57.000000,5779.19499999987,-45161.857550000146,-39382.6625500006
2026-04-15T10:47:12.000000,5779.19499999987,-45169.857550000146,-39390.6625500006
2026-04-15T10:53:27.000000,5779.19499999987,-45193.60395000015,-39414.4089500006
2026-04-15T10:55:47.000000,5779.19499999987,-45201.59115000015,-39422.396150000604
2026-04-15T10:58:27.000000,5779.19499999987,-45225.33755000016,-39446.14255000061
2026-04-15T11:05:07.000000,5779.19499999987,-45233.081550000155,-39453.88655000061
2026-04-15T11:06:12.000000,5779.19499999987,-45240.825550000154,-39461.630550000606
2026-04-15T11:06:57.000000,5779.19499999987,-45248.56955000015,-39469.374550000604
2026-04-15T11:11:37.000000,5801.271499999869,-45248.56955000015,-39447.2980500006
2026-04-15T11:13:42.000000,5801.271499999869,-45272.53355000015,-39471.2620500006
2026-04-15T11:22:12.000000,5801.271499999869,-45290.447050000155,-39489.175550000604
2026-04-15T11:24:07.000000,5801.271499999869,-45282.40625000015,-39481.1347500006
2026-04-15T13:02:27.000000,5801.271499999869,-45280.332750000154,-39479.0612500006
2026-04-15T13:05:47.000000,5801.271499999869,-45278.251250000154,-39476.9797500006
2026-04-15T13:11:02.000000,5801.271499999869,-45276.15375000016,-39474.882250000606
2026-04-15T13:11:42.000000,5801.271499999869,-45299.88735000016,-39498.615850000606
2026-04-15T13:14:57.000000,5801.271499999869,-45307.81935000016,-39506.54785000061
2026-04-15T13:16:32.000000,5801.271499999869,-45335.71035000016,-39534.43885000061
2026-04-15T13:22:17.000000,5801.271499999869,-45343.60635000016,-39542.33485000061
2026-04-15T13:22:37.000000,5801.271499999869,-45351.50235000016,-39550.23085000061
2026-04-15T13:26:57.000000,5801.271499999869,-45349.38885000016,-39548.11735000061
2026-04-15T13:29:07.000000,5767.847449999869,-45349.38885000016,-39581.54140000061
2026-04-15T13:29:37.000000,5731.4253499998695,-45349.38885000016,-39617.96350000061
2026-04-15T13:46:37.000000,5731.4253499998695,-45367.270350000166,-39635.84500000061
2026-04-15T13:47:32.000000,5731.4253499998695,-45385.15185000017,-39653.726500000615
2026-04-15T13:47:37.000000,5731.4253499998695,-45403.03335000017,-39671.60800000062
2026-04-15T13:48:22.000000,5731.4253499998695,-45410.92135000017,-39679.49600000062
2026-04-15T13:48:27.000000,5731.4253499998695,-45418.80935000017,-39687.38400000062
2026-04-15T13:52:52.000000,5707.47414999987,-45418.80935000017,-39711.33520000062
2026-04-15T14:00:17.000000,5707.47414999987,-45442.53015000017,-39735.05600000062
2026-04-15T14:07:52.000000,5707.47414999987,-45430.42315000017,-39722.94900000062
2026-04-15T14:08:12.000000,5707.47414999987,-45438.38475000017,-39730.91060000062
2026-04-15T14:08:22.000000,5707.47414999987,-45446.346350000174,-39738.872200000624
2026-04-15T14:08:37.000000,5707.47414999987,-45444.232850000175,-39736.758700000624
2026-04-15T14:09:27.000000,5707.47414999987,-45442.119350000175,-39734.645200000625
2026-04-15T14:09:47.000000,5707.47414999987,-45430.00435000018,-39722.53020000063
2026-04-15T14:09:52.000000,5707.47414999987,-45417.88935000018,-39710.41520000063
2026-04-15T14:09:57.000000,5707.47414999987,-45405.77435000018,-39698.30020000063
2026-04-15T14:10:37.000000,5707.47414999987,-45413.65435000018,-39706.18020000063
2026-04-15T14:10:57.000000,5707.47414999987,-45437.37515000018,-39729.90100000063
2026-04-15T14:13:32.000000,5707.47414999987,-45461.095950000185,-39753.621800000634
2026-04-15T14:14:07.000000,5707.47414999987,-45478.969450000186,-39771.495300000635
2026-04-15T14:14:12.000000,5707.47414999987,-45496.84295000019,-39789.36880000064
2026-04-15T14:16:47.000000,5707.47414999987,-45520.56375000019,-39813.08960000064
2026-04-15T14:21:27.000000,5707.47414999987,-45528.28215000019,-39820.80800000064
2026-04-15T14:39:42.000000,5707.47414999987,-45536.23095000019,-39828.756800000636
2026-04-15T14:40:07.000000,5707.47414999987,-45559.938950000185,-39852.464800000635
2026-04-15T14:42:12.000000,5707.47414999987,-45551.885350000186,-39844.411200000635
2026-04-16T10:06:22.000000,5707.47414999987,-45575.58055000019,-39868.10640000064
2026-04-16T10:06:27.000000,5707.47414999987,-45599.27575000019,-39891.80160000064
2026-04-16T10:06:42.000000,5707.47414999987,-45647.03375000019,-39939.55960000064
2026-04-16T10:07:37.000000,5707.47414999987,-45674.788750000196,-39967.314600000645
2026-04-16T10:08:42.000000,5707.47414999987,-45698.4839500002,-39991.00980000065
2026-04-16T10:11:57.000000,5707.47414999987,-45720.0124500002,-40012.53830000065
2026-04-16T10:12:02.000000,5707.47414999987,-45743.7076500002,-40036.23350000065
2026-04-16T10:17:37.000000,5707.47414999987,-45791.4896500002,-40084.01550000065
2026-04-16T10:18:57.000000,5707.47414999987,-45777.5761000002,-40070.10195000065
2026-04-16T10:19:07.000000,5707.47414999987,-45763.662550000205,-40056.188400000654
2026-04-16T10:19:37.000000,5707.47414999987,-45749.74900000021,-40042.27485000066
2026-04-16T10:19:57.000000,5707.47414999987,-45728.83440000021,-40021.36025000066
2026-04-16T10:20:02.000000,5707.47414999987,-45721.91630000021,-40014.44215000066
2026-04-16T10:23:22.000000,5707.47414999987,-45745.61150000021,-40038.13735000066
2026-04-16T10:27:07.000000,5699.92614999987,-45745.61150000021,-40045.68535000066
2026-04-16T10:27:57.000000,5677.387899999871,-45745.61150000021,-40068.22360000066
2026-04-16T10:28:12.000000,5677.387899999871,-45753.39550000021,-40076.00760000066
2026-04-16T10:30:12.000000,5677.387899999871,-45761.17950000021,-40083.79160000066
2026-04-16T10:30:37.000000,5677.387899999871,-45768.96350000021,-40091.57560000066
2026-04-16T10:30:47.000000,5677.387899999871,-45776.74750000021,-40099.35960000066
2026-04-16T10:30:52.000000,5677.387899999871,-45784.53150000021,-40107.14360000066
2026-04-16T10:30:57.000000,5677.387899999871,-45777.62460000021,-40100.236700000656
2026-04-16T10:31:02.000000,5677.387899999871,-45770.717700000205,-40093.329800000654
2026-04-16T10:31:07.000000,5677.387899999871,-45763.8108000002,-40086.42290000065
2026-04-16T10:31:12.000000,5677.387899999871,-45756.9039000002,-40079.51600000065
2026-04-16T10:31:17.000000,5677.387899999871,-45749.9970000002,-40072.60910000065
2026-04-16T10:31:22.000000,5677.387899999871,-45743.0901000002,-40065.70220000065
2026-04-16T10:31:27.000000,5677.387899999871,-45743.184250000195,-40065.796350000644
2026-04-16T10:31:32.000000,5677.387899999871,-45743.27840000019,-40065.89050000064
2026-04-16T10:31:37.000000,5677.387899999871,-45743.37255000019,-40065.98465000064
2026-04-16T10:31:42.000000,5677.387899999871,-45750.46215000019,-40073.07425000064
2026-04-16T10:31:47.000000,5677.387899999871,-45750.556300000186,-40073.168400000635
2026-04-16T10:31:52.000000,5677.387899999871,-45750.65045000018,-40073.26255000063
2026-04-16T10:31:57.000000,5677.387899999871,-45750.74460000018,-40073.35670000063
2026-04-16T10:32:07.000000,5677.387899999871,-45758.52860000018,-40081.14070000063
2026-04-16T10:32:07.000000,5677.387899999871,-45779.62030000018,-40102.23240000063
2026-04-16T10:32:12.000000,5677.387899999871,-45797.39780000017,-40120.00990000062
2026-04-16T10:32:17.000000,5677.387899999871,-45811.48845000017,-40134.10055000062
2026-04-16T10:32:22.000000,5677.387899999871,-45832.58015000017,-40155.19225000062
2026-04-16T10:32:27.000000,5677.387899999871,-45853.671850000166,-40176.283950000616
2026-04-16T10:32:32.000000,5677.387899999871,-45881.759000000166,-40204.371100000615
2026-04-16T10:32:42.000000,5677.387899999871,-45909.846150000165,-40232.458250000614
2026-04-16T10:32:47.000000,5677.387899999871,-45937.933300000164,-40260.545400000614
2026-04-16T10:32:52.000000,5677.387899999871,-45973.02150000016,-40295.63360000061
2026-04-16T10:33:27.000000,5677.387899999871,-45987.11215000016,-40309.72425000061
2026-04-16T10:33:52.000000,5677.387899999871,-46008.20385000016,-40330.81595000061
2026-04-16T10:34:02.000000,5677.387899999871,-46022.29450000016,-40344.906600000606
2026-04-16T10:34:17.000000,5677.387899999871,-46043.38060000016,-40365.99270000061
2026-04-16T10:34:22.000000,5677.387899999871,-46064.46670000016,-40387.07880000061
2026-04-16T10:34:27.000000,5677.387899999871,-46078.55175000016,-40401.16385000061
2026-04-16T10:34:47.000000,5677.387899999871,-46085.64135000016,-40408.25345000061
2026-04-16T10:35:07.000000,5677.387899999871,-46099.720800000156,-40422.332900000605
2026-04-16T10:35:12.000000,5677.387899999871,-46113.80025000015,-40436.4123500006
2026-04-16T10:35:22.000000,5677.387899999871,-46127.87970000015,-40450.4918000006
2026-04-16T10:35:42.000000,5677.387899999871,-46141.95915000015,-40464.5712500006
2026-04-16T10:35:47.000000,5677.387899999871,-46156.038600000145,-40478.650700000595
2026-04-16T10:35:52.000000,5677.387899999871,-46170.11805000014,-40492.73015000059
2026-04-16T10:35:57.000000,5677.387899999871,-46184.19750000014,-40506.80960000059
2026-04-16T10:36:02.000000,5677.387899999871,-46198.27695000014,-40520.88905000059
2026-04-16T10:36:07.000000,5677.387899999871,-46212.356400000135,-40534.968500000585
2026-04-16T10:37:37.000000,5677.387899999871,-46205.44950000013,-40528.06160000058
2026-04-16T10:39:07.000000,5677.387899999871,-46223.22700000013,-40545.83910000058
2026-04-16T10:48:12.000000,5677.387899999871,-46260.79150000013,-40583.40360000058
2026-04-16T10:49:02.000000,5677.387899999871,-46298.35600000013,-40620.96810000058
2026-04-16T10:49:12.000000,5677.387899999871,-46306.14000000013,-40628.75210000058
2026-04-16T10:49:17.000000,5677.387899999871,-46341.63700000013,-40664.24910000058
2026-04-16T10:49:47.000000,5677.387899999871,-46359.41450000013,-40682.02660000058
2026-04-16T10:57:12.000000,5677.387899999871,-46387.19350000013,-40709.80560000058
2026-04-16T10:57:47.000000,5677.387899999871,-46424.96600000013,-40747.57810000058
2026-04-16T11:02:57.000000,5677.387899999871,-46422.74850000013,-40745.36060000058
2026-04-16T11:05:57.000000,5677.387899999871,-46430.52450000013,-40753.13660000058
2026-04-16T11:06:32.000000,5677.387899999871,-46438.30050000013,-40760.91260000058
2026-04-16T11:07:32.000000,5677.387899999871,-46446.07650000013,-40768.688600000576
2026-04-16T11:07:37.000000,5677.387899999871,-46453.852500000125,-40776.464600000574
2026-04-16T11:07:37.000000,5677.387899999871,-46476.42675000012,-40799.03885000057
2026-04-16T11:08:57.000000,5677.387899999871,-46494.196250000125,-40816.808350000574
2026-04-16T11:10:42.000000,5677.387899999871,-46521.967250000125,-40844.579350000575
2026-04-16T11:13:07.000000,5677.387899999871,-46539.73675000013,-40862.34885000058
2026-04-16T11:15:37.000000,5677.387899999871,-46577.31325000013,-40899.92535000058
2026-04-16T11:16:52.000000,5677.387899999871,-46595.09075000013,-40917.702850000576
2026-04-16T11:16:57.000000,5677.387899999871,-46612.86825000012,-40935.48035000057
2026-04-16T11:17:07.000000,5677.387899999871,-46630.64575000012,-40953.25785000057
2026-04-16T11:17:22.000000,5677.387899999871,-46648.423250000116,-40971.035350000566
2026-04-16T11:21:42.000000,5677.387899999871,-46676.52160000012,-40999.133700000566
2026-04-16T11:23:27.000000,5677.387899999871,-46694.29910000011,-41016.91120000056
2026-04-16T11:27:17.000000,5677.387899999871,-46702.07510000011,-41024.68720000056
2026-04-16T11:27:52.000000,5677.387899999871,-46709.85110000011,-41032.46320000056
2026-04-16T11:28:42.000000,5677.387899999871,-46732.43735000011,-41055.04945000056
2026-04-16T11:28:57.000000,5677.387899999871,-46756.14535000011,-41078.75745000056
2026-04-16T11:29:22.000000,5677.387899999871,-46763.921350000106,-41086.533450000556
2026-04-16T11:29:27.000000,5677.387899999871,-46771.697350000104,-41094.30945000055
2026-04-16T11:29:47.000000,5677.387899999871,-46779.4733500001,-41102.08545000055
2026-04-16T13:02:22.000000,5677.387899999871,-46787.2413500001,-41109.85345000055
2026-04-16T13:03:52.000000,5677.387899999871,-46795.009350000095,-41117.621450000544
2026-04-16T13:04:22.000000,5677.387899999871,-46802.77735000009,-41125.38945000054
2026-04-16T13:07:47.000000,5677.387899999871,-46810.40935000009,-41133.02145000054
2026-04-16T13:07:52.000000,5677.387899999871,-46828.17085000009,-41150.78295000054
2026-04-16T13:07:57.000000,5677.387899999871,-46835.80285000009,-41158.41495000054
2026-04-16T13:08:07.000000,5677.387899999871,-46843.434850000085,-41166.046950000535
2026-04-16T13:09:07.000000,5677.387899999871,-46851.19485000009,-41173.80695000054
2026-04-16T13:09:17.000000,5677.387899999871,-46828.834350000085,-41151.446450000534
2026-04-16T13:09:22.000000,5677.387899999871,-46793.96245000009,-41116.574550000536
2026-04-16T13:10:17.000000,5677.387899999871,-46801.72245000009,-41124.33455000054
2026-04-16T13:10:32.000000,5677.387899999871,-46809.48245000009,-41132.09455000054
2026-04-16T13:10:47.000000,5677.387899999871,-46817.24245000009,-41139.85455000054
2026-04-16T13:11:22.000000,5677.387899999871,-46809.87220000009,-41132.48430000054
2026-04-16T13:12:17.000000,5677.387899999871,-46817.632200000095,-41140.244300000544
2026-04-16T13:12:32.000000,5677.387899999871,-46825.3922000001,-41148.004300000546
2026-04-16T13:12:37.000000,5677.387899999871,-46833.1522000001,-41155.76430000055
2026-04-16T13:12:42.000000,5677.387899999871,-46840.9122000001,-41163.52430000055
2026-04-16T13:12:57.000000,5677.387899999871,-46848.6722000001,-41171.28430000055
2026-04-16T13:13:42.000000,5677.387899999871,-46856.432200000105,-41179.044300000554
2026-04-16T13:13:42.000000,5677.387899999871,-46864.05220000011,-41186.66430000056
2026-04-16T13:16:02.000000,5677.387899999871,-46887.760200000106,-41210.372300000556
2026-04-16T13:19:12.000000,5677.387899999871,-46895.46580000011,-41218.07790000056
2026-04-16T13:21:42.000000,5677.387899999871,-46875.21200000011,-41197.82410000056
2026-04-16T13:22:07.000000,5677.387899999871,-46892.97350000011,-41215.58560000056
2026-04-16T13:23:12.000000,5677.387899999871,-46910.73500000011,-41233.34710000056
2026-04-16T13:23:52.000000,5677.387899999871,-46918.49500000011,-41241.10710000056
2026-04-16T13:24:02.000000,5677.387899999871,-46926.255000000114,-41248.86710000056
2026-04-16T13:24:57.000000,5677.387899999871,-46934.015000000116,-41256.627100000565
2026-04-16T13:25:07.000000,5677.387899999871,-46997.75140000012,-41320.36350000057
2026-04-16T13:25:17.000000,5677.387899999871,-47005.51140000012,-41328.12350000057
2026-04-16T13:27:32.000000,5677.387899999871,-47013.27140000012,-41335.88350000057
2026-04-16T13:28:02.000000,5677.387899999871,-47021.03140000012,-41343.64350000057
2026-04-16T13:28:07.000000,5677.387899999871,-47028.791400000126,-41351.403500000575
2026-04-16T13:28:22.000000,5677.387899999871,-47036.55140000013,-41359.16350000058
2026-04-16T13:30:52.000000,5677.387899999871,-47054.30490000013,-41376.917000000576
2026-04-16T13:34:37.000000,5677.387899999871,-47072.058400000125,-41394.670500000575
2026-04-16T13:34:47.000000,5677.387899999871,-47089.811900000124,-41412.424000000574
2026-04-16T13:34:52.000000,5677.387899999871,-47107.56540000012,-41430.17750000057
2026-04-16T13:35:02.000000,5677.387899999871,-47125.31890000012,-41447.93100000057
2026-04-16T13:35:07.000000,5677.387899999871,-47143.07240000012,-41465.68450000057
2026-04-16T13:35:42.000000,5677.387899999871,-47160.82590000012,-41483.43800000057
2026-04-16T13:35:42.000000,5677.387899999871,-47252.61130000012,-41575.22340000057
2026-04-16T13:35:47.000000,5677.387899999871,-47270.36480000012,-41592.97690000057
2026-04-16T13:36:17.000000,5677.387899999871,-47418.15860000012,-41740.77070000057
2026-04-16T13:36:37.000000,5677.387899999871,-47435.91210000012,-41758.52420000057
2026-04-16T13:36:57.000000,5677.387899999871,-47453.66560000012,-41776.277700000566
2026-04-16T13:37:12.000000,5677.387899999871,-47471.419100000116,-41794.031200000565
2026-04-16T13:37:22.000000,5677.387899999871,-47489.172600000114,-41811.784700000564
2026-04-16T13:37:27.000000,5677.387899999871,-47506.92610000011,-41829.53820000056
2026-04-16T13:38:07.000000,5677.387899999871,-47524.67960000011,-41847.29170000056
2026-04-16T13:38:27.000000,5677.387899999871,-47542.43310000011,-41865.04520000056
2026-04-16T13:38:42.000000,5677.387899999871,-47560.18660000011,-41882.79870000056
2026-04-16T13:39:02.000000,5677.387899999871,-47577.94010000011,-41900.55220000056
2026-04-16T13:39:12.000000,5677.387899999871,-47595.69360000011,-41918.30570000056
2026-04-16T13:39:17.000000,5677.387899999871,-47613.44710000011,-41936.059200000556
2026-04-16T13:39:52.000000,5677.387899999871,-47641.20210000011,-41963.81420000056
2026-04-16T13:39:57.000000,5677.387899999871,-47668.957100000116,-41991.569200000566
2026-04-16T13:40:02.000000,5677.387899999871,-47696.71210000012,-42019.32420000057
2026-04-16T13:41:47.000000,5677.387899999871,-47724.467100000125,-42047.079200000575
2026-04-16T13:42:07.000000,5677.387899999871,-47752.22210000013,-42074.83420000058
2026-04-16T13:42:12.000000,5677.387899999871,-47779.977100000135,-42102.589200000584
2026-04-16T13:43:02.000000,5677.387899999871,-47807.73210000014,-42130.34420000059
2026-04-16T13:45:42.000000,5677.387899999871,-47830.36635000014,-42152.97845000059
2026-04-16T13:46:02.000000,5677.387899999871,-47838.126350000144,-42160.738450000594
2026-04-16T13:47:22.000000,5677.387899999871,-47845.886350000146,-42168.498450000596
2026-04-16T13:48:12.000000,5677.387899999871,-47853.64635000015,-42176.2584500006
2026-04-16T13:48:42.000000,5677.387899999871,-47871.39985000015,-42194.0119500006
2026-04-16T13:48:47.000000,5677.387899999871,-47889.153350000146,-42211.765450000596
2026-04-16T13:49:52.000000,5677.387899999871,-47906.906850000145,-42229.518950000594
2026-04-16T13:50:22.000000,5677.387899999871,-47924.660350000144,-42247.27245000059
2026-04-16T13:50:32.000000,5677.387899999871,-47942.41385000014,-42265.02595000059
2026-04-16T13:51:27.000000,5677.387899999871,-47960.16735000014,-42282.77945000059
2026-04-16T13:51:52.000000,5677.387899999871,-47977.92085000014,-42300.53295000059
2026-04-16T13:52:07.000000,5677.387899999871,-47995.67435000014,-42318.28645000059
2026-04-16T13:52:32.000000,5677.387899999871,-48013.42785000014,-42336.03995000059
2026-04-16T13:52:37.000000,5677.387899999871,-48031.18135000014,-42353.79345000059
2026-04-16T13:52:52.000000,5677.387899999871,-48048.934850000136,-42371.546950000586
2026-04-16T13:52:57.000000,5677.387899999871,-48066.688350000135,-42389.300450000585
2026-04-16T13:54:42.000000,5677.387899999871,-48094.44335000014,-42417.05545000059
2026-04-16T13:55:07.000000,5677.387899999871,-48122.198350000144,-42444.810450000594
2026-04-16T13:55:27.000000,5677.387899999871,-48149.95335000015,-42472.5654500006
2026-04-16T13:57:57.000000,5677.387899999871,-48177.70835000015,-42500.3204500006
2026-04-16T13:58:27.000000,5677.387899999871,-48185.352350000154,-42507.9644500006
2026-04-16T13:58:57.000000,5677.387899999871,-48192.996350000154,-42515.6084500006
2026-04-16T13:59:07.000000,5677.387899999871,-48200.640350000154,-42523.252450000604
2026-04-16T13:59:17.000000,5677.387899999871,-48208.284350000155,-42530.896450000604
2026-04-16T14:00:27.000000,5677.387899999871,-48226.045850000155,-42548.657950000605
2026-04-16T14:01:02.000000,5677.387899999871,-48253.808850000154,-42576.4209500006
2026-04-16T14:01:27.000000,5677.387899999871,-48281.57185000015,-42604.1839500006
2026-04-16T14:02:17.000000,5677.387899999871,-48309.33485000015,-42631.9469500006
2026-04-16T14:04:22.000000,5677.387899999871,-48347.09935000015,-42669.7114500006
2026-04-16T14:04:57.000000,5677.387899999871,-48369.73360000015,-42692.3457000006
2026-04-16T14:05:52.000000,5677.387899999871,-48392.367850000155,-42714.979950000605
2026-04-16T14:10:02.000000,5677.387899999871,-48410.14535000015,-42732.7574500006
2026-04-16T14:10:07.000000,5677.387899999871,-48432.779600000154,-42755.391700000604
2026-04-16T14:11:07.000000,5677.387899999871,-48470.416100000155,-42793.028200000605
2026-04-16T14:12:07.000000,5677.387899999871,-48464.25400000015,-42786.8661000006
2026-04-16T14:13:42.000000,5677.387899999871,-48492.025000000154,-42814.637100000604
2026-04-16T14:13:52.000000,5677.387899999871,-48519.796000000155,-42842.408100000604
2026-04-16T14:16:17.000000,5677.387899999871,-48547.57500000016,-42870.18710000061
2026-04-16T14:16:42.000000,5677.387899999871,-48565.352500000154,-42887.9646000006
2026-04-16T14:17:32.000000,5677.387899999871,-48583.13000000015,-42905.7421000006
2026-04-16T14:17:37.000000,5677.387899999871,-48600.90750000015,-42923.519600000596
2026-04-16T14:18:07.000000,5677.387899999871,-48618.68500000014,-42941.29710000059
2026-04-16T14:21:07.000000,5677.387899999871,-48626.46900000014,-42949.08110000059
2026-04-16T14:21:17.000000,5677.387899999871,-48634.25300000014,-42956.86510000059
2026-04-16T14:21:22.000000,5677.387899999871,-48642.03700000014,-42964.64910000059
2026-04-16T14:21:42.000000,5677.387899999871,-48659.81450000014,-42982.42660000059
2026-04-16T14:23:27.000000,5677.387899999871,-48677.592000000135,-43000.204100000585
2026-04-16T14:23:32.000000,5677.387899999871,-48700.23825000013,-43022.85035000058
2026-04-16T14:24:37.000000,5677.387899999871,-48722.88450000013,-43045.49660000058
2026-04-16T14:26:47.000000,5677.387899999871,-48745.53075000013,-43068.14285000058
2026-04-16T14:28:02.000000,5677.387899999871,-48763.308250000126,-43085.920350000575
2026-04-16T14:28:12.000000,5677.387899999871,-48781.08575000012,-43103.69785000057
2026-04-16T14:29:37.000000,5677.387899999871,-48803.73200000012,-43126.34410000057
2026-04-16T14:29:47.000000,5677.387899999871,-48826.37825000012,-43148.99035000057
2026-04-16T14:35:47.000000,5677.387899999871,-48854.15725000012,-43176.76935000057
2026-04-16T14:36:12.000000,5677.387899999871,-48881.93625000012,-43204.54835000057
2026-04-16T14:36:17.000000,5677.387899999871,-48909.715250000125,-43232.327350000574
2026-04-16T14:38:32.000000,5677.387899999871,-48917.38325000012,-43239.99535000057
2026-04-16T14:38:52.000000,5677.387899999871,-48925.05125000012,-43247.66335000057
2026-04-16T14:38:57.000000,5677.387899999871,-48932.71925000012,-43255.33135000057
2026-04-16T14:39:12.000000,5677.387899999871,-48940.387250000116,-43262.999350000566
2026-04-16T14:39:37.000000,5677.387899999871,-48948.055250000114,-43270.66735000056
2026-04-16T14:40:22.000000,5677.387899999871,-48955.72325000011,-43278.33535000056
2026-04-16T14:41:02.000000,5677.387899999871,-48963.39125000011,-43286.00335000056
2026-04-16T14:41:32.000000,5677.387899999871,-48971.05925000011,-43293.67135000056
2026-04-16T14:41:52.000000,5677.387899999871,-48978.835250000106,-43301.447350000555
2026-04-16T14:42:17.000000,5677.387899999871,-48986.5032500001,-43309.11535000055
2026-04-16T14:44:37.000000,5677.387899999871,-49009.161500000104,-43331.77360000055
2026-04-16T14:45:02.000000,5677.387899999871,-49031.819750000104,-43354.431850000554
2026-04-17T10:05:37.000000,5677.387899999871,-49084.41050000011,-43407.02260000056
2026-04-17T10:08:17.000000,5652.696399999871,-49084.41050000011,-43431.71410000056
2026-04-17T10:08:22.000000,5631.002949999871,-49084.41050000011,-43453.40755000056
2026-04-17T10:08:27.000000,5600.308149999871,-49084.41050000011,-43484.102350000554
2026-04-17T10:11:27.000000,5600.308149999871,-49102.052000000105,-43501.74385000055
2026-04-17T10:12:22.000000,5600.308149999871,-49094.6697500001,-43494.36160000055
2026-04-17T10:12:57.000000,5600.308149999871,-49102.2777500001,-43501.96960000055
2026-04-17T10:14:07.000000,5600.308149999871,-49119.9192500001,-43519.61110000055
2026-04-17T10:14:07.000000,5600.308149999871,-49127.5272500001,-43527.21910000055
2026-04-17T10:14:37.000000,5600.308149999871,-49135.1352500001,-43534.82710000055
2026-04-17T10:14:42.000000,5600.308149999871,-49142.7432500001,-43542.43510000055
2026-04-17T10:15:57.000000,5600.308149999871,-49160.3847500001,-43560.076600000546
2026-04-17T10:16:42.000000,5627.190699999871,-49160.3847500001,-43533.194050000544
2026-04-17T10:16:47.000000,5654.073249999871,-49160.3847500001,-43506.31150000054
2026-04-17T10:16:52.000000,5674.957299999871,-49160.3847500001,-43485.42745000054
2026-04-17T10:17:27.000000,5659.30794999987,-49160.3847500001,-43501.07680000054
2026-04-17T10:18:37.000000,5659.30794999987,-49178.0262500001,-43518.71830000054
2026-04-17T10:19:22.000000,5659.30794999987,-49201.708650000095,-43542.40070000054
2026-04-17T10:19:32.000000,5659.30794999987,-49225.39105000009,-43566.083100000535
2026-04-17T10:21:27.000000,5659.30794999987,-49233.03105000009,-43573.723100000534
2026-04-17T10:22:12.000000,5659.30794999987,-49240.67105000009,-43581.36310000053
2026-04-17T10:22:17.000000,5659.30794999987,-49238.30955000009,-43579.001600000534
2026-04-17T10:22:27.000000,5659.30794999987,-49235.948050000094,-43576.640100000535
2026-04-17T10:22:32.000000,5659.30794999987,-49233.586550000095,-43574.278600000536
2026-04-17T10:22:37.000000,5659.30794999987,-49231.225050000096,-43571.91710000054
2026-04-17T10:22:42.000000,5659.30794999987,-49228.8635500001,-43569.55560000054
2026-04-17T10:22:47.000000,5659.30794999987,-49226.5020500001,-43567.19410000054
2026-04-17T10:22:52.000000,5659.30794999987,-49224.1405500001,-43564.83260000054
2026-04-17T10:23:52.000000,5659.30794999987,-49221.7790500001,-43562.47110000054
2026-04-17T10:27:17.000000,5659.30794999987,-49189.405050000096,-43530.09710000054
2026-04-17T10:27:37.000000,5659.30794999987,-49182.0468000001,-43522.73885000054
2026-04-17T10:27:57.000000,5659.30794999987,-49174.6885500001,-43515.38060000054
2026-04-17T10:28:22.000000,5659.30794999987,-49162.3095500001,-43503.00160000054
2026-04-17T10:28:57.000000,5659.30794999987,-49149.9305500001,-43490.62260000054
2026-04-17T10:29:12.000000,5659.30794999987,-49147.5530500001,-43488.24510000054
2026-04-17T10:29:52.000000,5659.30794999987,-49171.235450000095,-43511.92750000054
2026-04-17T10:30:07.000000,5659.30794999987,-49194.91785000009,-43535.609900000534
2026-04-17T10:34:32.000000,5659.30794999987,-49217.54010000009,-43558.232150000535
2026-04-17T10:34:37.000000,5659.30794999987,-49240.16235000009,-43580.854400000535
2026-04-17T10:46:27.000000,5659.30794999987,-49237.79285000009,-43578.484900000534
2026-04-17T10:54:47.000000,5659.30794999987,-49260.427100000095,-43601.11915000054
2026-04-17T10:58:22.000000,5659.30794999987,-49283.0613500001,-43623.75340000054
2026-04-17T11:00:32.000000,5659.30794999987,-49290.8677500001,-43631.55980000054
2026-04-17T11:04:47.000000,5659.30794999987,-49298.4917500001,-43639.183800000545
2026-04-17T11:05:27.000000,5659.30794999987,-49322.186950000105,-43662.87900000055
2026-04-17T11:06:02.000000,5659.30794999987,-49345.88215000011,-43686.57420000055
2026-04-17T11:09:07.000000,5659.30794999987,-49353.49815000011,-43694.19020000055
2026-04-17T11:10:52.000000,5659.30794999987,-49351.11265000011,-43691.80470000055
2026-04-17T11:14:27.000000,5659.30794999987,-49386.900850000115,-43727.592900000556
2026-04-17T11:14:37.000000,5659.30794999987,-49384.507350000116,-43725.19940000056
2026-04-17T11:17:27.000000,5659.30794999987,-49392.107350000115,-43732.79940000056
2026-04-17T11:19:02.000000,5659.30794999987,-49399.70735000011,-43740.399400000555
2026-04-17T11:25:12.000000,5659.30794999987,-49435.51795000011,-43776.21000000055
2026-04-17T11:27:07.000000,5659.30794999987,-49453.11145000011,-43793.803500000555
2026-04-17T11:27:52.000000,5659.30794999987,-49470.704950000116,-43811.39700000056
2026-04-17T11:29:47.000000,5659.30794999987,-49488.29845000012,-43828.99050000056
2026-04-17T13:00:12.000000,5659.30794999987,-49495.890450000115,-43836.58250000056
2026-04-17T13:00:22.000000,5659.30794999987,-49503.48245000011,-43844.174500000554
2026-04-17T13:00:27.000000,5659.30794999987,-49521.075950000115,-43861.76800000056
2026-04-17T13:01:17.000000,5659.30794999987,-49528.66795000011,-43869.36000000055
2026-04-17T13:01:22.000000,5659.30794999987,-49536.25995000011,-43876.95200000055
2026-04-17T13:01:27.000000,5659.30794999987,-49543.851950000106,-43884.54400000055
2026-04-17T13:03:57.000000,5659.30794999987,-49551.4439500001,-43892.136000000544
2026-04-17T13:04:12.000000,5659.30794999987,-49559.063950000105,-43899.75600000055
2026-04-17T13:04:22.000000,5659.30794999987,-49566.68395000011,-43907.37600000055
2026-04-17T13:04:32.000000,5659.30794999987,-49584.27745000011,-43924.96950000055
2026-04-17T13:11:47.000000,5659.30794999987,-49581.88395000011,-43922.576000000554
2026-04-17T13:13:47.000000,5659.30794999987,-49579.490450000114,-43920.182500000556
2026-04-17T13:14:17.000000,5659.30794999987,-49577.096950000116,-43917.78900000056
2026-04-17T13:16:47.000000,5659.30794999987,-49614.70945000012,-43955.40150000056
2026-04-17T13:24:12.000000,5659.30794999987,-49638.39185000012,-43979.08390000056
2026-04-17T13:25:42.000000,5659.30794999987,-49655.99335000011,-43996.685400000555
2026-04-17T13:26:17.000000,5659.30794999987,-49663.59335000011,-44004.28540000055
2026-04-17T13:26:27.000000,5659.30794999987,-49671.19335000011,-44011.88540000055
2026-04-17T13:26:42.000000,5659.30794999987,-49678.79335000011,-44019.48540000055
2026-04-17T13:28:47.000000,5659.30794999987,-49686.39335000011,-44027.08540000055
2026-04-17T13:28:52.000000,5659.30794999987,-49709.01560000011,-44049.70765000055
2026-04-17T13:28:57.000000,5659.30794999987,-49731.63785000011,-44072.32990000055
2026-04-17T13:29:22.000000,5659.30794999987,-49753.47995000011,-44094.17200000055
2026-04-17T13:29:27.000000,5659.30794999987,-49776.10220000011,-44116.79425000055
2026-04-17T13:29:37.000000,5659.30794999987,-49783.70220000011,-44124.39425000055
2026-04-17T13:30:12.000000,5659.30794999987,-49791.30220000011,-44131.99425000055
2026-04-17T13:30:17.000000,5659.30794999987,-49798.902200000106,-44139.59425000055
2026-04-17T13:32:17.000000,5659.30794999987,-49816.49570000011,-44157.18775000055
2026-04-17T13:33:07.000000,5659.30794999987,-49834.08920000011,-44174.78125000055
2026-04-17T13:33:47.000000,5659.30794999987,-49856.71145000011,-44197.40350000055
2026-04-17T13:33:57.000000,5659.30794999987,-49879.33370000011,-44220.025750000554
2026-04-17T13:36:47.000000,5659.30794999987,-49896.927200000115,-44237.619250000556
2026-04-17T13:37:27.000000,5659.30794999987,-49914.52070000012,-44255.21275000056
2026-04-17T13:37:32.000000,5659.30794999987,-49932.11420000012,-44272.80625000056
2026-04-17T13:40:02.000000,5659.30794999987,-49959.70920000012,-44300.40125000056
2026-04-17T13:40:32.000000,5659.30794999987,-49987.30420000012,-44327.996250000564
2026-04-17T13:41:37.000000,5659.30794999987,-50004.897700000125,-44345.58975000057
2026-04-17T13:42:07.000000,5659.30794999987,-50022.49120000013,-44363.18325000057
2026-04-17T13:42:12.000000,5659.30794999987,-50040.08470000013,-44380.77675000057
2026-04-17T13:42:37.000000,5659.30794999987,-50057.67820000013,-44398.370250000575
2026-04-17T13:43:57.000000,5659.30794999987,-50065.31020000013,-44406.00225000057
2026-04-17T13:56:47.000000,5659.30794999987,-50102.97070000013,-44443.66275000057
2026-04-17T13:58:32.000000,5659.30794999987,-50125.64095000013,-44466.33300000057
2026-04-17T13:59:22.000000,5659.30794999987,-50133.50335000013,-44474.19540000057
2026-04-17T13:59:47.000000,5659.30794999987,-50151.12085000013,-44491.81290000057
2026-04-17T14:01:42.000000,5659.30794999987,-50168.73835000013,-44509.43040000057
2026-04-17T14:02:12.000000,5659.30794999987,-50176.35435000013,-44517.046400000574
2026-04-17T14:02:12.000000,5659.30794999987,-50184.02235000013,-44524.71440000057
2026-04-17T14:02:27.000000,5659.30794999987,-50191.63835000013,-44532.330400000574
2026-04-17T14:04:17.000000,5659.30794999987,-50199.254350000134,-44539.946400000576
2026-04-17T14:04:42.000000,5659.30794999987,-50206.92235000013,-44547.61440000057
2026-04-17T14:06:02.000000,5659.30794999987,-50214.53835000013,-44555.230400000575
2026-04-17T14:06:27.000000,5659.30794999987,-50222.194350000136,-44562.88640000058
2026-04-17T14:09:42.000000,5659.30794999987,-50229.802350000136,-44570.49440000058
2026-04-17T14:13:22.000000,5659.30794999987,-50237.41035000014,-44578.10240000058
2026-04-17T14:15:37.000000,5659.30794999987,-50255.01185000013,-44595.703900000575
2026-04-17T14:19:47.000000,5659.30794999987,-50278.707050000135,-44619.39910000058
2026-04-17T14:19:52.000000,5659.30794999987,-50302.40225000014,-44643.09430000058
2026-04-17T14:20:37.000000,5659.30794999987,-50325.048500000135,-44665.74055000058
2026-04-17T14:23:02.000000,5659.30794999987,-50348.74370000014,-44689.43575000058
2026-04-17T14:23:27.000000,5659.30794999987,-50372.43890000014,-44713.13095000058
2026-04-17T14:24:22.000000,5659.30794999987,-50390.040400000136,-44730.73245000058
2026-04-17T14:32:42.000000,5659.30794999987,-50412.686650000134,-44753.378700000576
2026-04-17T14:35:37.000000,5659.30794999987,-50436.381850000136,-44777.07390000058
2026-04-17T14:38:17.000000,5659.30794999987,-50459.028100000134,-44799.720150000576
2026-04-17T14:40:22.000000,5659.30794999987,-50496.67660000014,-44837.36865000058
2026-04-17T14:40:32.000000,5659.30794999987,-50534.32510000014,-44875.01715000058
2026-04-17T14:44:17.000000,5659.30794999987,-50511.90460000014,-44852.59665000058
2026-04-20T10:07:02.000000,5659.30794999987,-50535.57420000014,-44876.26625000058
2026-04-20T10:07:57.000000,5659.30794999987,-50559.24380000014,-44899.935850000584
2026-04-20T10:08:02.000000,5659.30794999987,-50582.91340000014,-44923.605450000585
2026-04-20T10:11:27.000000,5659.30794999987,-50606.583000000144,-44947.275050000586
2026-04-20T10:11:32.000000,5659.30794999987,-50630.252600000145,-44970.94465000059
2026-04-20T10:11:42.000000,5659.30794999987,-50653.92220000015,-44994.61425000059
2026-04-20T10:11:47.000000,5659.30794999987,-50681.44520000015,-45022.13725000059
2026-04-20T10:11:47.000000,5659.30794999987,-50705.11480000015,-45045.80685000059
2026-04-20T10:12:12.000000,5659.30794999987,-50722.63630000015,-45063.32835000059
2026-04-20T10:12:27.000000,5659.30794999987,-50750.15130000015,-45090.84335000059
2026-04-20T10:13:17.000000,5659.30794999987,-50773.82090000015,-45114.51295000059
2026-04-20T10:13:27.000000,5659.30794999987,-50797.49050000015,-45138.182550000594
2026-04-20T10:13:47.000000,5659.30794999987,-50821.160100000154,-45161.852150000595
2026-04-20T10:13:52.000000,5659.30794999987,-50844.829700000155,-45185.5217500006
2026-04-20T10:13:57.000000,5659.30794999987,-50868.499300000156,-45209.1913500006
2026-04-20T10:14:12.000000,5659.30794999987,-50892.16890000016,-45232.8609500006
2026-04-20T10:16:17.000000,5659.30794999987,-50939.70290000016,-45280.3949500006
2026-04-20T10:16:27.000000,5659.30794999987,-50979.374900000155,-45320.0669500006
2026-04-20T10:16:42.000000,5659.30794999987,-51019.046900000154,-45359.738950000596
2026-04-20T10:16:47.000000,5659.30794999987,-51076.58240000015,-45417.274450000594
2026-04-20T10:17:17.000000,5659.30794999987,-51116.25440000015,-45456.94645000059
2026-04-20T10:18:37.000000,5659.30794999987,-51155.92640000015,-45496.61845000059
2026-04-20T10:18:57.000000,5659.30794999987,-51195.59840000015,-45536.29045000059
2026-04-20T10:19:12.000000,5659.30794999987,-51235.27040000015,-45575.96245000059
2026-04-20T10:19:42.000000,5659.30794999987,-51292.805900000145,-45633.49795000059
2026-04-20T10:24:22.000000,5659.30794999987,-51290.372400000146,-45631.06445000059
2026-04-20T10:26:17.000000,5659.30794999987,-51314.05480000014,-45654.746850000585
2026-04-20T10:27:07.000000,5659.30794999987,-51337.73720000014,-45678.42925000058
2026-04-20T10:27:22.000000,5659.30794999987,-51361.41960000014,-45702.11165000058
2026-04-20T10:27:27.000000,5659.30794999987,-51385.10200000014,-45725.79405000058
2026-04-20T10:27:37.000000,5659.30794999987,-51408.784400000135,-45749.47645000058
2026-04-20T10:27:42.000000,5659.30794999987,-51432.46680000013,-45773.158850000575
2026-04-20T10:27:47.000000,5659.30794999987,-51420.03180000013,-45760.72385000057
2026-04-20T10:28:07.000000,5659.30794999987,-51443.714200000126,-45784.40625000057
2026-04-20T10:28:17.000000,5659.30794999987,-51467.396600000124,-45808.088650000565
2026-04-20T10:28:22.000000,5659.30794999987,-51491.07900000012,-45831.77105000056
2026-04-20T10:29:07.000000,5659.30794999987,-51514.76140000012,-45855.45345000056
2026-04-20T10:34:37.000000,5659.30794999987,-51538.44380000012,-45879.13585000056
2026-04-20T10:37:27.000000,5659.30794999987,-51545.99580000012,-45886.68785000056
2026-04-20T10:37:37.000000,5659.30794999987,-51553.547800000124,-45894.239850000566
2026-04-20T10:41:17.000000,5659.30794999987,-51577.23020000012,-45917.92225000056
2026-04-20T10:43:02.000000,5659.30794999987,-51614.778700000126,-45955.47075000057
2026-04-20T10:48:32.000000,5659.30794999987,-51622.338700000124,-45963.030750000566
2026-04-20T10:49:52.000000,5659.30794999987,-51629.89070000013,-45970.58275000057
2026-04-20T10:50:57.000000,5659.30794999987,-51637.44270000013,-45978.13475000057
2026-04-20T10:51:07.000000,5659.30794999987,-51644.994700000134,-45985.686750000576
2026-04-20T10:51:47.000000,5659.30794999987,-51662.548200000136,-46003.24025000058
2026-04-20T10:52:12.000000,5659.30794999987,-51680.10170000014,-46020.79375000058
2026-04-20T10:52:37.000000,5659.30794999987,-51697.65520000014,-46038.34725000058
2026-04-20T10:58:17.000000,5659.30794999987,-51663.54490000014,-46004.23695000058
2026-04-20T10:58:37.000000,5659.30794999987,-51643.42550000014,-45984.117550000585
2026-04-20T10:59:37.000000,5659.30794999987,-51637.308200000145,-45978.00025000059
2026-04-20T11:01:02.000000,5659.30794999987,-51676.99300000015,-46017.68505000059
2026-04-20T11:08:57.000000,5659.30794999987,-51684.54500000015,-46025.23705000059
2026-04-20T11:21:32.000000,5659.30794999987,-51708.24020000015,-46048.932250000595
2026-04-20T11:23:42.000000,5659.30794999987,-51725.78570000015,-46066.477750000595
2026-04-20T13:04:02.000000,5659.30794999987,-51843.362200000156,-46184.0542500006
2026-04-20T13:04:07.000000,5659.30794999987,-51960.93870000016,-46301.6307500006
2026-04-20T13:04:37.000000,5659.30794999987,-52068.513700000156,-46409.2057500006
2026-04-20T13:10:52.000000,5659.30794999987,-52092.20890000016,-46432.9009500006
2026-04-20T13:11:32.000000,5659.30794999987,-52115.90410000016,-46456.5961500006
2026-04-20T13:21:47.000000,5659.30794999987,-52113.51860000016,-46454.210650000605
2026-04-20T13:22:32.000000,5659.30794999987,-52137.213800000165,-46477.90585000061
2026-04-20T13:30:57.000000,5659.30794999987,-52160.90900000017,-46501.60105000061
2026-04-20T13:31:27.000000,5659.30794999987,-52182.75110000017,-46523.44315000061
2026-04-20T13:39:42.000000,5659.30794999987,-52206.44630000017,-46547.13835000061
2026-04-20T13:40:47.000000,5659.30794999987,-52214.05430000017,-46554.74635000061
2026-04-20T13:40:52.000000,5659.30794999987,-52221.66230000017,-46562.35435000061
2026-04-20T13:45:22.000000,5659.30794999987,-52229.26230000017,-46569.95435000061
2026-04-20T13:45:42.000000,5659.30794999987,-52236.86230000017,-46577.55435000061
2026-04-20T13:46:52.000000,5659.30794999987,-52260.55750000017,-46601.24955000061
2026-04-20T13:47:12.000000,5659.30794999987,-52268.15750000017,-46608.84955000061
2026-04-20T13:47:52.000000,5659.30794999987,-52291.85270000017,-46632.54475000061
2026-04-20T13:48:07.000000,5659.30794999987,-52315.54790000017,-46656.239950000614
2026-04-20T13:48:37.000000,5659.30794999987,-52339.243100000174,-46679.935150000616
2026-04-20T13:48:42.000000,5659.30794999987,-52362.938300000176,-46703.63035000062
2026-04-20T13:49:32.000000,5659.30794999987,-52386.63350000018,-46727.32555000062
2026-04-20T13:51:27.000000,5659.30794999987,-52410.32870000018,-46751.02075000062
2026-04-20T13:52:47.000000,5659.30794999987,-52427.92220000018,-46768.614250000624
2026-04-20T13:53:12.000000,5659.30794999987,-52445.515700000185,-46786.20775000063
2026-04-20T13:56:17.000000,5659.30794999987,-52463.10920000019,-46803.80125000063
2026-04-20T13:58:22.000000,5659.30794999987,-52480.70270000019,-46821.39475000063
2026-04-20T13:58:47.000000,5659.30794999987,-52498.29620000019,-46838.988250000635
2026-04-20T13:58:57.000000,5659.30794999987,-52515.889700000196,-46856.58175000064
2026-04-20T14:00:52.000000,5659.30794999987,-52533.4832000002,-46874.17525000064
2026-04-20T14:01:47.000000,5659.30794999987,-52551.0767000002,-46891.76875000064
2026-04-20T14:02:07.000000,5659.30794999987,-52578.6717000002,-46919.363750000644
2026-04-20T14:02:52.000000,5659.30794999987,-52606.266700000204,-46946.958750000646
2026-04-20T14:02:57.000000,5659.30794999987,-52633.861700000205,-46974.55375000065
2026-04-20T14:04:17.000000,5659.30794999987,-52661.456700000206,-47002.14875000065
2026-04-20T14:08:42.000000,5659.30794999987,-52689.05970000021,-47029.75175000065
2026-04-20T14:13:02.000000,5659.30794999987,-52716.670700000206,-47057.36275000065
2026-04-20T14:16:32.000000,5659.30794999987,-52734.28820000021,-47074.98025000065
2026-04-20T14:16:47.000000,5659.30794999987,-52741.90420000021,-47082.59625000065
2026-04-20T14:17:22.000000,5659.30794999987,-52749.52020000021,-47090.21225000065
2026-04-20T14:19:27.000000,5659.30794999987,-52757.13620000021,-47097.82825000065
2026-04-20T14:19:32.000000,5659.30794999987,-52764.75220000021,-47105.444250000655
2026-04-20T14:20:07.000000,5659.30794999987,-52772.368200000215,-47113.06025000066
2026-04-20T14:20:27.000000,5659.30794999987,-52779.98420000022,-47120.67625000066
2026-04-20T14:20:37.000000,5659.30794999987,-52787.60020000022,-47128.29225000066
2026-04-20T14:20:52.000000,5659.30794999987,-52795.21620000022,-47135.90825000066
2026-04-20T14:21:07.000000,5659.30794999987,-52802.83220000022,-47143.524250000664
2026-04-20T14:21:17.000000,5659.30794999987,-52810.448200000224,-47151.140250000666
2026-04-20T14:23:17.000000,5659.30794999987,-52828.05770000022,-47168.749750000665
2026-04-20T14:27:07.000000,5659.30794999987,-52835.66570000022,-47176.357750000665
2026-04-20T14:28:42.000000,5659.30794999987,-52853.26720000022,-47193.95925000066
2026-04-20T14:40:37.000000,5659.30794999987,-52870.87670000022,-47211.56875000066
2026-04-20T14:41:32.000000,5659.30794999987,-52878.48470000022,-47219.17675000066
2026-04-20T14:41:52.000000,5659.30794999987,-52886.09270000022,-47226.78475000066
2026-04-20T14:42:42.000000,5659.30794999987,-52893.70070000022,-47234.39275000066
2026-04-21T10:03:57.000000,5659.30794999987,-52891.16320000022,-47231.85525000066
2026-04-21T10:06:17.000000,5659.30794999987,-52898.61920000022,-47239.31125000066
2026-04-21T10:08:52.000000,5659.30794999987,-52922.250400000215,-47262.94245000066
2026-04-21T10:10:32.000000,5659.30794999987,-52945.88160000021,-47286.57365000065
2026-04-21T10:10:47.000000,5659.30794999987,-52969.51280000021,-47310.20485000065
2026-04-21T10:11:47.000000,5659.30794999987,-52993.144000000204,-47333.836050000646
2026-04-21T10:12:07.000000,5659.30794999987,-53016.7752000002,-47357.46725000064
2026-04-21T10:13:17.000000,5659.30794999987,-53014.2217000002,-47354.91375000064
2026-04-21T10:13:17.000000,5659.30794999987,-53021.8505000002,-47362.54255000064
2026-04-21T10:13:47.000000,5659.30794999987,-53019.297000000195,-47359.98905000064
2026-04-21T10:14:12.000000,5659.30794999987,-53026.925800000194,-47367.617850000635
2026-04-21T10:14:22.000000,5659.30794999987,-53034.55460000019,-47375.246650000634
2026-04-21T10:15:07.000000,5659.30794999987,-53042.18340000019,-47382.87545000063
2026-04-21T10:15:22.000000,5659.30794999987,-53049.81220000019,-47390.50425000063
2026-04-21T10:16:07.000000,5659.30794999987,-53057.44100000019,-47398.13305000063
2026-04-21T10:16:47.000000,5651.85994999987,-53057.44100000019,-47405.58105000063
2026-04-21T10:17:17.000000,5651.85994999987,-53065.06980000019,-47413.209850000625
2026-04-21T10:21:52.000000,5651.85994999987,-53072.89060000019,-47421.030650000626
2026-04-21T10:23:12.000000,5651.85994999987,-53070.32910000019,-47418.46915000063
2026-04-21T10:23:17.000000,5651.85994999987,-53057.76610000019,-47405.90615000063
2026-04-21T10:23:52.000000,5651.85994999987,-53065.58690000019,-47413.72695000063
2026-04-21T10:24:22.000000,5651.85994999987,-53073.40770000019,-47421.54775000063
2026-04-21T10:27:22.000000,5651.85994999987,-53113.02850000019,-47461.16855000063
2026-04-21T10:27:27.000000,5651.85994999987,-53152.64930000019,-47500.789350000625
2026-04-21T10:27:32.000000,5648.53399999987,-53152.64930000019,-47504.11530000062
2026-04-21T10:29:12.000000,5641.10199999987,-53152.64930000019,-47511.547300000624
2026-04-21T10:32:37.000000,5641.10199999987,-53176.28050000018,-47535.17850000062
2026-04-21T10:32:42.000000,5641.10199999987,-53216.10610000018,-47575.00410000062
2026-04-21T10:32:42.000000,5641.10199999987,-53239.737300000175,-47598.63530000061
2026-04-21T10:34:37.000000,5641.10199999987,-53263.560500000174,-47622.45850000061
2026-04-21T10:36:32.000000,5641.10199999987,-53287.19170000017,-47646.08970000061
2026-04-21T10:36:47.000000,5641.10199999987,-53310.82290000017,-47669.720900000604
2026-04-21T10:37:07.000000,5641.10199999987,-53334.45410000016,-47693.3521000006
2026-04-21T10:41:32.000000,5641.10199999987,-53391.901600000165,-47750.7996000006
2026-04-21T10:41:47.000000,5641.10199999987,-53439.34760000016,-47798.2456000006
2026-04-21T10:42:02.000000,5641.10199999987,-53462.97880000016,-47821.876800000595
2026-04-21T10:42:07.000000,5641.10199999987,-53510.42480000015,-47869.32280000059
2026-04-21T10:42:12.000000,5641.10199999987,-53557.87080000015,-47916.76880000059
2026-04-21T10:43:07.000000,5641.10199999987,-53581.502000000146,-47940.40000000058
2026-04-21T10:44:02.000000,5641.10199999987,-53605.13320000014,-47964.03120000058
2026-04-21T10:47:57.000000,5641.10199999987,-53612.59720000014,-47971.49520000058
2026-04-21T10:50:32.000000,5641.10199999987,-53610.05970000014,-47968.95770000058
2026-04-21T13:19:17.000000,5641.10199999987,-53633.88290000014,-47992.78090000058
2026-04-21T13:27:57.000000,5641.10199999987,-53641.33890000014,-48000.23690000058
2026-04-21T13:32:27.000000,5641.10199999987,-53648.78690000014,-48007.684900000575
2026-04-21T13:36:27.000000,5641.10199999987,-53672.62290000014,-48031.52090000058
2026-04-21T13:37:02.000000,5641.10199999987,-53696.45890000014,-48055.35690000058
2026-04-21T13:37:22.000000,5641.10199999987,-53704.29250000014,-48063.19050000058
2026-04-21T13:37:32.000000,5641.10199999987,-53712.12610000014,-48071.02410000058
2026-04-21T13:38:12.000000,5641.10199999987,-53719.95970000014,-48078.857700000575
2026-04-21T13:38:17.000000,5641.10199999987,-53727.793300000136,-48086.69130000057
2026-04-21T13:38:22.000000,5641.10199999987,-53735.626900000134,-48094.52490000057
2026-04-21T13:39:07.000000,5641.10199999987,-53743.46050000013,-48102.35850000057
2026-04-21T13:39:17.000000,5641.10199999987,-53751.29410000013,-48110.19210000057
2026-04-21T13:39:32.000000,5641.10199999987,-53759.12770000013,-48118.025700000566
2026-04-21T13:39:47.000000,5641.10199999987,-53766.575700000125,-48125.47370000056
2026-04-21T13:39:47.000000,5641.10199999987,-53774.40930000012,-48133.30730000056
2026-04-21T13:40:32.000000,5641.10199999987,-53782.24290000012,-48141.14090000056
2026-04-21T13:40:47.000000,5641.10199999987,-53790.07650000012,-48148.97450000056
2026-04-21T13:41:42.000000,5641.10199999987,-53797.91010000012,-48156.808100000555
2026-04-21T13:41:52.000000,5641.10199999987,-53805.743700000115,-48164.64170000055
2026-04-21T13:42:07.000000,5641.10199999987,-53813.57730000011,-48172.47530000055
2026-04-21T13:42:12.000000,5641.10199999987,-53821.41090000011,-48180.30890000055
2026-04-21T13:50:07.000000,5641.10199999987,-53845.23410000011,-48204.13210000055
2026-04-21T13:51:02.000000,5641.10199999987,-53869.05730000011,-48227.95530000055
2026-04-21T13:51:07.000000,5641.10199999987,-53892.88050000011,-48251.778500000546
2026-04-21T13:54:37.000000,5641.10199999987,-53916.70370000011,-48275.601700000545
2026-04-21T13:56:27.000000,5641.10199999987,-53940.526900000106,-48299.424900000544
2026-04-21T13:59:07.000000,5641.10199999987,-53964.350100000105,-48323.24810000054
2026-04-21T14:04:47.000000,5641.10199999987,-53988.173300000104,-48347.07130000054
2026-04-21T14:05:07.000000,5641.10199999987,-54011.9965000001,-48370.89450000054
2026-04-21T14:06:12.000000,5641.10199999987,-54035.8197000001,-48394.71770000054
2026-04-21T14:06:52.000000,5641.10199999987,-54059.6429000001,-48418.54090000054
2026-04-21T14:07:07.000000,5641.10199999987,-54083.4661000001,-48442.36410000054
2026-04-21T14:07:22.000000,5641.10199999987,-54107.2893000001,-48466.187300000536
2026-04-21T14:08:37.000000,5641.10199999987,-54131.1125000001,-48490.010500000535
2026-04-21T14:09:52.000000,5641.10199999987,-54138.9333000001,-48497.83130000054
2026-04-21T14:10:07.000000,5641.10199999987,-54146.7541000001,-48505.65210000054
2026-04-21T14:12:17.000000,5641.10199999987,-54154.5749000001,-48513.47290000054
2026-04-21T14:12:42.000000,5641.10199999987,-54162.3957000001,-48521.29370000054
2026-04-21T14:13:32.000000,5641.10199999987,-54170.216500000104,-48529.11450000054
2026-04-21T14:24:02.000000,5641.10199999987,-54194.026900000106,-48552.924900000544
2026-04-21T14:25:22.000000,5641.10199999987,-54217.83730000011,-48576.735300000546
2026-04-21T14:27:07.000000,5641.10199999987,-54235.26280000011,-48594.16080000055
2026-04-21T14:27:22.000000,5641.10199999987,-54252.68830000012,-48611.586300000556
2026-04-21T14:28:42.000000,5641.10199999987,-54276.49870000012,-48635.39670000056
2026-04-21T14:29:37.000000,5641.10199999987,-54363.93470000012,-48722.83270000056
2026-04-21T14:29:42.000000,5641.10199999987,-54451.37070000012,-48810.26870000056
2026-04-21T14:29:47.000000,5641.10199999987,-54548.80820000012,-48907.70620000056
2026-04-21T14:29:57.000000,5641.10199999987,-54646.24570000012,-49005.14370000056
2026-04-21T14:30:47.000000,5641.10199999987,-54733.681700000125,-49092.57970000056
2026-04-21T14:31:02.000000,5641.10199999987,-54821.117700000126,-49180.015700000564
2026-04-21T14:31:12.000000,5641.10199999987,-54898.55220000013,-49257.45020000057
2026-04-21T14:31:42.000000,5641.10199999987,-54975.98670000013,-49334.88470000057
2026-04-21T14:32:07.000000,5641.10199999987,-55053.421200000135,-49412.31920000057
2026-04-21T14:32:37.000000,5641.10199999987,-55130.85570000014,-49489.753700000576
2026-04-21T14:34:17.000000,5641.10199999987,-55154.66610000014,-49513.56410000058
2026-04-21T14:36:42.000000,5641.10199999987,-55178.47650000014,-49537.37450000058
2026-04-21T14:43:12.000000,5641.10199999987,-55165.94550000014,-49524.84350000058
2026-04-21T14:43:37.000000,5641.10199999987,-55153.41450000014,-49512.312500000575
2026-04-21T14:44:17.000000,5641.10199999987,-55193.22730000014,-49552.125300000574
2026-04-21T14:44:57.000000,5641.10199999987,-55233.04010000014,-49591.938100000574
2026-04-21T14:45:02.000000,5641.10199999987,-55250.505600000135,-49609.40360000057
2026-04-22T09:58:37.000000,5687.64609999987,-55250.505600000135,-49562.85950000057
2026-04-22T09:58:57.000000,5722.19319999987,-55250.505600000135,-49528.31240000057
2026-04-22T10:05:57.000000,5722.19319999987,-55258.326400000136,-49536.13320000057
2026-04-22T10:07:52.000000,5722.19319999987,-55266.14720000014,-49543.95400000057
2026-04-22T10:09:42.000000,5722.19319999987,-55257.96560000014,-49535.77240000058
2026-04-22T10:13:07.000000,5722.19319999987,-55265.77360000014,-49543.580400000574
2026-04-22T10:18:52.000000,5722.19319999987,-55273.17360000014,-49550.980400000575
2026-04-22T10:21:17.000000,5722.19319999987,-55280.57360000014,-49558.38040000058
2026-04-22T10:24:17.000000,5722.19319999987,-55304.37120000014,-49582.178000000575
2026-04-22T10:25:17.000000,5722.19319999987,-55328.16880000014,-49605.97560000057
2026-04-22T10:25:22.000000,5722.19319999987,-55351.966400000136,-49629.77320000057
2026-04-22T10:26:17.000000,5722.19319999987,-55349.35690000014,-49627.16370000057
2026-04-22T10:26:22.000000,5722.19319999987,-55346.74740000014,-49624.55420000057
2026-04-22T10:26:27.000000,5722.19319999987,-55370.54500000014,-49648.35180000057
2026-04-22T10:27:02.000000,5722.19319999987,-55367.93550000014,-49645.74230000057
2026-04-22T10:27:07.000000,5722.19319999987,-55365.32600000014,-49643.132800000574
2026-04-22T10:27:22.000000,5722.19319999987,-55352.71500000014,-49630.52180000058
2026-04-22T10:27:37.000000,5722.19319999987,-55360.26380000014,-49638.070600000574
2026-04-22T10:28:02.000000,5722.19319999987,-55400.06380000014,-49677.87060000058
2026-04-22T10:28:17.000000,5722.19319999987,-55423.84860000014,-49701.65540000058
2026-04-22T10:28:32.000000,5722.19319999987,-55421.239100000144,-49699.04590000058
2026-04-22T10:28:42.000000,5722.19319999987,-55418.629600000146,-49696.43640000058
2026-04-22T10:28:52.000000,5722.19319999987,-55416.02010000015,-49693.82690000058
2026-04-22T10:28:57.000000,5722.19319999987,-55455.82010000015,-49733.626900000585
2026-04-22T10:29:17.000000,5722.19319999987,-55495.62010000015,-49773.42690000059
2026-04-22T10:31:27.000000,5722.19319999987,-55531.17310000015,-49808.97990000059
2026-04-22T10:36:22.000000,5722.19319999987,-55548.550600000155,-49826.35740000059
2026-04-22T10:40:17.000000,5722.19319999987,-55572.36100000016,-49850.16780000059
2026-04-22T10:40:27.000000,5722.19319999987,-55596.17140000016,-49873.978200000594
2026-04-22T10:43:17.000000,5722.19319999987,-55589.72930000016,-49867.536100000594
2026-04-22T10:44:07.000000,5722.19319999987,-55607.10680000016,-49884.9136000006
2026-04-22T10:44:17.000000,5722.19319999987,-55624.484300000164,-49902.2911000006
2026-04-22T10:45:47.000000,5722.19319999987,-55632.29230000016,-49910.099100000596
2026-04-22T10:53:22.000000,5722.19319999987,-55639.66830000016,-49917.47510000059
2026-04-22T10:53:52.000000,5722.19319999987,-55679.44270000016,-49957.249500000595
2026-04-22T10:54:47.000000,5722.19319999987,-55703.24030000016,-49981.04710000059
2026-04-22T10:55:27.000000,5722.19319999987,-55727.02510000016,-50004.831900000594
2026-04-22T10:58:27.000000,5722.19319999987,-55766.81230000016,-50044.61910000059
2026-04-22T10:59:37.000000,5722.19319999987,-55790.609900000156,-50068.41670000059
2026-04-22T11:00:57.000000,5722.19319999987,-55807.98740000016,-50085.79420000059
2026-04-22T11:03:32.000000,5722.19319999987,-55825.36490000016,-50103.171700000596
2026-04-22T11:05:37.000000,5722.19319999987,-55862.74540000016,-50140.552200000595
2026-04-22T11:14:02.000000,5722.19319999987,-55870.56620000016,-50148.373000000596
2026-04-22T11:18:57.000000,5722.19319999987,-55894.36380000016,-50172.170600000594
2026-04-22T11:22:07.000000,5722.19319999987,-55911.76530000016,-50189.572100000594
2026-04-22T11:25:02.000000,5722.19319999987,-55919.56050000016,-50197.367300000595
2026-04-22T13:06:57.000000,5722.19319999987,-55927.41970000016,-50205.226500000594
2026-04-22T13:11:22.000000,5722.19319999987,-55951.20450000016,-50229.011300000595
2026-04-22T13:17:27.000000,5722.19319999987,-55974.98930000016,-50252.796100000596
2026-04-22T13:17:37.000000,5722.19319999987,-55998.77410000016,-50276.5809000006
2026-04-22T13:22:17.000000,5722.19319999987,-56016.15960000016,-50293.966400000594
2026-04-22T13:23:22.000000,5722.19319999987,-56033.545100000156,-50311.35190000059
2026-04-22T13:24:57.000000,5722.19319999987,-56057.32990000016,-50335.13670000059
2026-04-22T13:25:02.000000,5722.19319999987,-56081.11470000016,-50358.92150000059
2026-04-22T13:25:07.000000,5722.19319999987,-56104.89950000016,-50382.706300000595
2026-04-22T13:25:32.000000,5722.19319999987,-56128.68430000016,-50406.491100000596
2026-04-22T13:26:27.000000,5722.19319999987,-56164.25970000016,-50442.0665000006
2026-04-22T13:28:42.000000,5722.19319999987,-56188.044500000164,-50465.8513000006
2026-04-22T13:31:42.000000,5722.19319999987,-56205.44600000016,-50483.2528000006
2026-04-22T13:31:57.000000,5722.19319999987,-56222.84750000016,-50500.6543000006
2026-04-22T13:32:07.000000,5722.19319999987,-56240.24900000016,-50518.0558000006
2026-04-22T13:32:12.000000,5722.19319999987,-56257.65050000016,-50535.4573000006
2026-04-22T13:32:42.000000,5722.19319999987,-56275.05200000016,-50552.8588000006
2026-04-22T13:36:52.000000,5722.19319999987,-56292.45350000016,-50570.2603000006
2026-04-22T13:37:52.000000,5722.19319999987,-56316.327900000164,-50594.1347000006
2026-04-22T13:38:02.000000,5722.19319999987,-56340.202300000165,-50618.0091000006
2026-04-22T13:40:22.000000,5722.19319999987,-56364.076700000165,-50641.8835000006
2026-04-22T13:40:32.000000,5722.19319999987,-56361.47520000017,-50639.2820000006
2026-04-22T13:40:37.000000,5722.19319999987,-56385.34960000017,-50663.156400000604
2026-04-22T13:40:52.000000,5722.19319999987,-56409.22400000017,-50687.030800000604
2026-04-22T13:41:07.000000,5722.19319999987,-56433.09840000017,-50710.905200000605
2026-04-22T13:41:37.000000,5722.19319999987,-56456.87040000017,-50734.6772000006
2026-04-22T13:41:52.000000,5722.19319999987,-56480.74480000017,-50758.5516000006
2026-04-22T13:42:07.000000,5722.19319999987,-56504.61920000017,-50782.4260000006
2026-04-22T13:42:27.000000,5722.19319999987,-56528.49360000017,-50806.300400000604
2026-04-22T13:47:17.000000,5722.19319999987,-56552.265600000166,-50830.0724000006
2026-04-22T13:51:37.000000,5722.19319999987,-56560.124800000165,-50837.9316000006
2026-04-22T13:57:07.000000,5722.19319999987,-56567.50880000016,-50845.3156000006
2026-04-22T13:58:42.000000,5722.19319999987,-56591.28080000016,-50869.087600000596
2026-04-22T13:59:02.000000,5722.19319999987,-56615.05280000016,-50892.85960000059
2026-04-22T13:59:17.000000,5722.19319999987,-56638.824800000155,-50916.63160000059
2026-04-22T14:04:32.000000,5722.19319999987,-56662.59680000015,-50940.40360000059
2026-04-22T14:07:02.000000,5722.19319999987,-56686.45840000015,-50964.265200000584
2026-04-22T14:16:07.000000,5722.19319999987,-56693.834400000145,-50971.64120000058
2026-04-22T14:17:57.000000,5722.19319999987,-56701.604000000145,-50979.41080000058
2026-04-22T14:18:37.000000,5722.19319999987,-56709.373600000145,-50987.18040000058
2026-04-22T14:24:17.000000,5722.19319999987,-56716.74960000014,-50994.556400000576
2026-04-22T14:24:42.000000,5722.19319999987,-56724.12560000014,-51001.93240000057
2026-04-22T14:24:52.000000,5722.19319999987,-56731.501600000134,-51009.30840000057
2026-04-22T14:26:02.000000,5722.19319999987,-56753.07490000014,-51030.88170000057
2026-04-22T14:26:07.000000,5722.19319999987,-56776.92370000014,-51054.73050000057
2026-04-22T14:27:47.000000,5722.19319999987,-56804.29470000014,-51082.10150000057
2026-04-22T14:27:57.000000,5722.19319999987,-56831.665700000136,-51109.47250000057
2026-04-22T14:29:37.000000,5722.19319999987,-56849.03520000014,-51126.84200000057
2026-04-22T14:31:17.000000,5722.19319999987,-56866.41270000014,-51144.219500000574
2026-04-22T14:31:42.000000,5722.19319999987,-56883.79020000014,-51161.59700000058
2026-04-22T14:32:02.000000,5722.19319999987,-56901.167700000144,-51178.97450000058
2026-04-22T14:32:17.000000,5722.19319999987,-56918.545200000146,-51196.35200000058
2026-04-22T14:33:02.000000,5722.19319999987,-56935.92270000015,-51213.72950000058
2026-04-22T14:35:02.000000,5722.19319999987,-56959.77150000015,-51237.57830000058
2026-04-22T14:37:17.000000,5722.19319999987,-56987.15050000015,-51264.957300000584
2026-04-22T14:37:22.000000,5722.19319999987,-57010.99930000015,-51288.806100000584
2026-04-22T14:40:47.000000,5722.19319999987,-57038.37830000015,-51316.185100000584
2026-04-22T14:41:07.000000,5722.19319999987,-57065.75730000015,-51343.564100000585
2026-04-22T14:41:12.000000,5722.19319999987,-57093.13630000015,-51370.943100000586
2026-04-22T14:41:27.000000,5722.19319999987,-57120.51530000015,-51398.32210000059
2026-04-22T14:42:02.000000,5722.19319999987,-57144.36410000015,-51422.17090000059
2026-04-22T14:42:07.000000,5722.19319999987,-57161.741600000154,-51439.54840000059
2026-04-22T14:43:12.000000,5722.19319999987,-57169.12560000015,-51446.93240000059
2026-04-22T14:43:22.000000,5722.19319999987,-57176.50960000015,-51454.316400000585
2026-04-22T14:43:27.000000,5722.19319999987,-57183.89360000015,-51461.70040000058
2026-04-22T14:43:37.000000,5722.19319999987,-57191.27760000015,-51469.08440000058
2026-04-22T14:43:42.000000,5722.19319999987,-57198.661600000145,-51476.46840000058
2026-04-22T14:44:17.000000,5722.19319999987,-57222.510400000145,-51500.31720000058
2026-04-22T14:44:27.000000,5722.19319999987,-57229.89440000014,-51507.70120000058
2026-04-22T14:44:42.000000,5722.19319999987,-57237.27840000014,-51515.085200000576
2026-04-22T14:44:47.000000,5722.19319999987,-57244.66240000014,-51522.469200000574
2026-04-22T14:45:02.000000,5722.19319999987,-57252.04640000014,-51529.85320000057
2026-04-22T14:45:02.000000,5722.19319999987,-57259.430400000136,-51537.23720000057
2026-04-22T14:45:02.000000,5722.19319999987,-57266.814400000134,-51544.62120000057
2026-04-22T14:45:02.000000,5722.19319999987,-57290.663200000134,-51568.47000000057
2026-04-23T10:06:07.000000,5722.19319999987,-57314.537600000134,-51592.34440000057
2026-04-23T10:06:12.000000,5722.19319999987,-57338.412000000135,-51616.21880000057
2026-04-23T10:06:22.000000,5722.19319999987,-57362.286400000135,-51640.09320000057
2026-04-23T10:06:37.000000,5722.19319999987,-57370.171200000135,-51647.97800000057
2026-04-23T10:06:57.000000,5722.19319999987,-57378.056000000135,-51655.86280000057
2026-04-23T10:09:32.000000,5722.19319999987,-57401.930400000136,-51679.73720000057
2026-04-23T10:09:37.000000,5722.19319999987,-57425.804800000136,-51703.61160000057
2026-04-23T10:13:07.000000,5722.19319999987,-57449.52560000014,-51727.332400000574
2026-04-23T10:14:32.000000,5722.19319999987,-57476.93660000014,-51754.743400000574
2026-04-23T10:16:52.000000,5722.19319999987,-57532.66220000014,-51810.46900000057
2026-04-23T10:18:12.000000,5722.19319999987,-57570.074700000136,-51847.88150000057
2026-04-23T10:19:57.000000,5722.19319999987,-57587.49220000014,-51865.299000000574
2026-04-23T10:25:22.000000,5722.19319999987,-57627.228200000136,-51905.03500000057
2026-04-23T10:27:27.000000,5722.19319999987,-57650.97460000014,-51928.781400000575
2026-04-23T10:27:37.000000,5722.19319999987,-57674.72100000014,-51952.52780000058
2026-04-23T10:28:02.000000,5722.19319999987,-57682.14500000014,-51959.95180000058
2026-04-23T10:28:52.000000,5722.19319999987,-57721.89380000014,-51999.70060000058
2026-04-23T10:29:07.000000,5722.19319999987,-57761.642600000145,-52039.44940000058
2026-04-23T10:29:12.000000,5722.19319999987,-57801.391400000146,-52079.19820000058
2026-04-23T10:29:57.000000,5722.19319999987,-57825.13780000015,-52102.944600000585
2026-04-23T10:30:27.000000,5722.19319999987,-57842.563300000154,-52120.37010000059
2026-04-23T10:31:17.000000,5722.19319999987,-57850.30730000015,-52128.11410000059
2026-04-23T10:33:32.000000,5722.19319999987,-57858.19210000015,-52135.99890000059
2026-04-23T10:33:37.000000,5722.19319999987,-57866.07690000015,-52143.88370000059
2026-04-23T10:33:42.000000,5722.19319999987,-57873.96170000015,-52151.76850000059
2026-04-23T10:33:52.000000,5722.19319999987,-57881.84650000015,-52159.65330000059
2026-04-23T10:34:47.000000,5722.19319999987,-57905.592900000156,-52183.39970000059
2026-04-23T10:35:07.000000,5722.19319999987,-57929.33930000016,-52207.146100000595
2026-04-23T10:35:12.000000,5722.19319999987,-57937.22410000016,-52215.030900000595
2026-04-23T10:35:22.000000,5722.19319999987,-57961.11130000016,-52238.91810000059
2026-04-23T10:35:37.000000,5722.19319999987,-57984.998500000154,-52262.80530000059
2026-04-23T10:35:52.000000,5722.19319999987,-58008.88570000015,-52286.69250000059
2026-04-23T10:39:07.000000,5722.19319999987,-58116.32470000015,-52394.131500000585
2026-04-23T10:40:12.000000,5722.19319999987,-58124.06870000015,-52401.875500000584
2026-04-23T10:44:27.000000,5722.19319999987,-58131.97910000015,-52409.785900000585
2026-04-23T10:44:37.000000,5722.19319999987,-58139.88950000015,-52417.696300000585
2026-04-23T10:44:42.000000,5722.19319999987,-58147.79990000015,-52425.606700000586
2026-04-23T10:56:17.000000,5722.19319999987,-58155.54390000015,-52433.350700000585
2026-04-23T10:56:47.000000,5722.19319999987,-58163.28790000015,-52441.09470000058
2026-04-23T11:01:12.000000,5722.19319999987,-58170.81590000015,-52448.62270000058
2026-04-23T11:02:37.000000,5722.19319999987,-58178.343900000145,-52456.15070000058
2026-04-23T11:03:12.000000,5722.19319999987,-58185.871900000144,-52463.67870000058
2026-04-23T11:03:17.000000,5722.19319999987,-58193.76950000014,-52471.576300000575
2026-04-23T11:03:27.000000,5722.19319999987,-58201.66710000014,-52479.47390000057
2026-04-23T11:06:27.000000,5722.19319999987,-58229.19010000014,-52506.99690000057
2026-04-23T11:07:22.000000,5722.19319999987,-58256.71310000014,-52534.519900000574
2026-04-23T11:07:27.000000,5722.19319999987,-58284.23610000014,-52562.042900000575
2026-04-23T11:07:32.000000,5722.19319999987,-58311.75910000014,-52589.565900000576
2026-04-23T11:07:37.000000,5722.19319999987,-58339.28210000014,-52617.08890000058
2026-04-23T11:10:42.000000,5722.19319999987,-58347.00050000014,-52624.807300000575
2026-04-23T11:11:42.000000,5722.19319999987,-58414.537500000144,-52692.34430000058
2026-04-23T11:11:42.000000,5722.19319999987,-58438.42470000014,-52716.23150000058
2026-04-23T11:11:52.000000,5722.19319999987,-58495.96020000014,-52773.767000000575
2026-04-23T11:12:07.000000,5722.19319999987,-58563.49720000014,-52841.30400000058
2026-04-23T11:12:47.000000,5722.19319999987,-58621.03270000014,-52898.83950000058
2026-04-23T11:13:52.000000,5722.19319999987,-58658.58920000014,-52936.396000000575
2026-04-23T11:13:57.000000,5722.19319999987,-58686.15220000014,-52963.95900000058
2026-04-23T11:17:47.000000,5722.19319999987,-58693.85780000014,-52971.66460000058
2026-04-23T11:21:12.000000,5722.19319999987,-58717.732200000144,-52995.53900000058
2026-04-23T11:23:42.000000,5722.19319999987,-58725.60420000015,-53003.41100000058
2026-04-23T11:23:47.000000,5669.77044999987,-58725.60420000015,-53055.83375000058
2026-04-23T11:24:02.000000,5623.3437999998705,-58725.60420000015,-53102.26040000058
2026-04-23T11:25:12.000000,5582.908449999871,-58725.60420000015,-53142.69575000058
2026-04-23T11:26:47.000000,5582.908449999871,-58733.297000000144,-53150.38855000058
2026-04-23T13:05:17.000000,5582.908449999871,-58740.85700000014,-53157.948550000576
2026-04-23T13:05:27.000000,5582.908449999871,-58748.41700000014,-53165.50855000057
2026-04-23T13:07:32.000000,5582.908449999871,-58740.09460000014,-53157.186150000576
2026-04-23T13:18:47.000000,5582.908449999871,-58737.637100000145,-53154.72865000058
2026-04-23T13:20:42.000000,5582.908449999871,-58745.173100000145,-53162.26465000058
2026-04-23T13:21:57.000000,5582.908449999871,-58752.709100000146,-53169.80065000058
2026-04-23T13:22:57.000000,5582.908449999871,-58792.59870000015,-53209.69025000058
2026-04-23T13:23:02.000000,5582.908449999871,-58832.48830000015,-53249.579850000584
2026-04-23T13:28:27.000000,5582.908449999871,-58870.02080000015,-53287.112350000585
2026-04-23T13:29:07.000000,5582.908449999871,-58907.55330000015,-53324.644850000586
2026-04-23T13:29:32.000000,5582.908449999871,-59011.465300000156,-53428.55685000059
2026-04-23T13:29:52.000000,5582.908449999871,-59011.520250000154,-53428.61180000059
2026-04-23T13:30:07.000000,5582.908449999871,-59147.43705000015,-53564.52860000059
2026-04-23T13:31:27.000000,5582.908449999871,-59164.97455000015,-53582.066100000586
2026-04-23T13:31:42.000000,5582.908449999871,-59182.51205000015,-53599.603600000584
2026-04-23T13:32:27.000000,5582.908449999871,-59200.04955000015,-53617.14110000058
2026-04-23T13:32:57.000000,5582.908449999871,-59217.58705000015,-53634.67860000058
2026-04-23T13:33:02.000000,5582.908449999871,-59235.124550000146,-53652.21610000058
2026-04-23T13:33:52.000000,5582.908449999871,-59242.66855000015,-53659.76010000058
2026-04-23T13:34:17.000000,5582.908449999871,-59250.21255000015,-53667.30410000058
2026-04-23T13:34:27.000000,5582.908449999871,-59257.75655000015,-53674.848100000585
2026-04-23T13:34:52.000000,5582.908449999871,-59265.30055000015,-53682.39210000059
2026-04-23T13:35:12.000000,5582.908449999871,-59272.844550000154,-53689.93610000059
2026-04-23T13:35:22.000000,5582.908449999871,-59280.388550000156,-53697.48010000059
2026-04-23T13:35:32.000000,5582.908449999871,-59297.926050000155,-53715.01760000059
2026-04-23T13:36:02.000000,5582.908449999871,-59325.46505000015,-53742.556600000586
2026-04-23T13:36:12.000000,5582.908449999871,-59353.00405000015,-53770.09560000058
2026-04-23T13:36:22.000000,5582.908449999871,-59380.543050000146,-53797.63460000058
2026-04-23T13:36:27.000000,5582.908449999871,-59408.08205000014,-53825.17360000058
2026-04-23T13:36:47.000000,5582.908449999871,-59435.62105000014,-53852.712600000574
2026-04-23T13:37:12.000000,5582.908449999871,-59453.15855000014,-53870.25010000057
2026-04-23T13:37:52.000000,5582.908449999871,-59470.69605000014,-53887.78760000057
2026-04-23T13:40:17.000000,5582.908449999871,-59478.40165000014,-53895.49320000057
2026-04-23T13:43:17.000000,5582.908449999871,-59485.93765000014,-53903.02920000057
2026-04-23T13:44:27.000000,5582.908449999871,-59509.64565000014,-53926.73720000057
2026-04-23T13:45:52.000000,5582.908449999871,-59549.343250000136,-53966.43480000057
2026-04-23T13:46:07.000000,5582.908449999871,-59482.10800000014,-53899.19955000057
2026-04-23T13:52:02.000000,5582.908449999871,-59505.82880000014,-53922.920350000575
2026-04-23T13:52:12.000000,5582.908449999871,-59529.549600000144,-53946.64115000058
2026-04-23T13:52:37.000000,5582.908449999871,-59537.26800000014,-53954.359550000576
2026-04-23T13:57:37.000000,5582.908449999871,-59576.99120000014,-53994.082750000576
2026-04-23T13:58:27.000000,5582.908449999871,-59599.64945000014,-54016.74100000058
2026-04-23T13:58:32.000000,5582.908449999871,-59637.181950000144,-54054.27350000058
2026-04-23T13:58:42.000000,5582.908449999871,-59659.840200000144,-54076.93175000058
2026-04-23T13:58:57.000000,5582.908449999871,-59715.553000000145,-54132.64455000058
2026-04-23T13:59:02.000000,5582.908449999871,-59738.211250000146,-54155.30280000058
2026-04-23T13:59:07.000000,5582.908449999871,-59760.869500000146,-54177.96105000058
2026-04-23T13:59:12.000000,5582.908449999871,-59783.52775000015,-54200.61930000058
2026-04-23T14:02:07.000000,5582.908449999871,-59801.07325000015,-54218.16480000058
2026-04-23T14:05:57.000000,5582.908449999871,-59721.64420000015,-54138.73575000058
2026-04-23T14:06:07.000000,5582.908449999871,-59729.18820000015,-54146.27975000058
2026-04-23T14:07:02.000000,5582.908449999871,-59736.91940000015,-54154.010950000586
2026-04-23T14:07:17.000000,5582.908449999871,-59744.46340000015,-54161.55495000059
2026-04-23T14:07:22.000000,5582.908449999871,-59752.194600000155,-54169.28615000059
2026-04-23T14:07:27.000000,5582.908449999871,-59759.73860000016,-54176.83015000059
2026-04-23T14:07:52.000000,5582.908449999871,-59767.28260000016,-54184.37415000059
2026-04-23T14:08:37.000000,5582.908449999871,-59774.95060000016,-54192.04215000059
2026-04-23T14:09:17.000000,5582.908449999871,-59782.618600000154,-54199.71015000059
2026-04-23T14:11:47.000000,5582.908449999871,-59805.276850000155,-54222.36840000059
2026-04-23T14:16:07.000000,5582.908449999871,-59796.992850000155,-54214.08440000059
2026-04-23T14:19:22.000000,5582.908449999871,-59804.66085000015,-54221.75240000059
2026-04-23T14:21:17.000000,5582.908449999871,-59827.31910000015,-54244.41065000059
2026-04-23T14:22:47.000000,5582.908449999871,-59849.977350000154,-54267.06890000059
2026-04-23T14:25:07.000000,5582.908449999871,-59872.635600000154,-54289.72715000059
2026-04-23T14:28:12.000000,5582.908449999871,-59910.29610000015,-54327.387650000586
2026-04-23T14:33:17.000000,5582.908449999871,-59933.991300000154,-54351.08285000059
2026-04-23T14:34:07.000000,5582.908449999871,-59956.66155000016,-54373.75310000059
2026-04-23T14:38:32.000000,5582.908449999871,-59979.33180000016,-54396.423350000594
2026-04-23T14:39:07.000000,5582.908449999871,-60002.00205000016,-54419.0936000006
2026-04-23T14:44:02.000000,5582.908449999871,-60025.697250000165,-54442.7888000006
2026-04-23T14:44:37.000000,5582.908449999871,-60049.39245000017,-54466.4840000006
2026-04-23T14:44:57.000000,5582.908449999871,-60073.08765000017,-54490.1792000006
2026-04-23T14:45:02.000000,5582.908449999871,-60080.63965000017,-54497.731200000606
2026-04-24T10:25:17.000000,5582.908449999871,-60088.19965000017,-54505.2912000006
2026-04-24T10:35:27.000000,5574.925249999871,-60088.19965000017,-54513.274400000606
2026-04-24T10:40:12.000000,5574.925249999871,-60113.18540000017,-54538.260150000606
2026-04-24T10:42:07.000000,5574.925249999871,-60138.17115000017,-54563.245900000606
2026-04-24T10:54:22.000000,5515.975199999871,-60138.17115000017,-54622.195950000605
2026-04-24T10:55:32.000000,5515.975199999871,-60145.67515000017,-54629.699950000606
2026-04-24T11:07:17.000000,5515.975199999871,-60153.61755000017,-54637.642350000606
2026-04-24T13:14:07.000000,5515.975199999871,-60141.09455000017,-54625.119350000605
2026-04-24T13:28:07.000000,5515.975199999871,-60194.02130000017,-54678.0461000006
2026-04-24T13:40:12.000000,5515.975199999871,-60246.96005000017,-54730.984850000605
2026-04-24T13:48:37.000000,5515.975199999871,-60237.89990000017,-54721.92470000061
2026-04-24T14:09:52.000000,5515.975199999871,-60296.86355000017,-54780.888350000605
2026-04-24T14:18:12.000000,5515.975199999871,-60294.31005000017,-54778.3348500006
2026-04-24T14:22:02.000000,5515.975199999871,-60311.75155000017,-54795.776350000604
2026-04-24T14:23:52.000000,5515.975199999871,-60349.724050000164,-54833.7488500006
2026-04-24T14:28:47.000000,5515.975199999871,-60391.72595000017,-54875.7507500006
2026-04-24T14:32:42.000000,5515.975199999871,-60399.26515000017,-54883.2899500006
2026-04-24T14:32:47.000000,5515.975199999871,-60406.804350000166,-54890.8291500006
2026-04-24T14:32:57.000000,5515.975199999871,-60414.24435000017,-54898.269150000604
2026-04-24T14:34:22.000000,5515.975199999871,-60437.21460000017,-54921.2394000006
2026-04-24T14:35:22.000000,5515.975199999871,-60444.753800000166,-54928.7786000006
2026-04-24T14:43:27.000000,5515.975199999871,-60436.29060000017,-54920.3154000006
2026-04-24T14:45:02.000000,5515.975199999871,-60443.72260000017,-54927.747400000604
2026-04-24T14:45:02.000000,5515.975199999871,-60451.15460000017,-54935.179400000605
2026-04-24T14:45:02.000000,5515.975199999871,-60458.58660000017,-54942.611400000605
