exit_dt,cum_pnl_long,cum_pnl_short,cum_pnl_total
2025-07-02T09:58:47.000000,0.0,-3.6963807692303323,-3.6963807692303323
2025-07-02T09:58:52.000000,0.0,-7.392761538460665,-7.392761538460665
2025-07-02T09:58:57.000000,0.0,-11.089142307690997,-11.089142307690997
2025-07-02T09:59:02.000000,0.0,-14.78552307692133,-14.78552307692133
2025-07-02T09:59:07.000000,0.0,-16.017649999998106,-16.017649999998106
2025-07-02T10:11:57.000000,0.0,-8.4408600000029,-8.4408600000029
2025-07-02T10:12:02.000000,0.0,-0.8640700000076933,-0.8640700000076933
2025-07-02T10:12:07.000000,0.0,6.712719999987513,6.712719999987513
2025-07-02T10:12:12.000000,0.0,14.28950999998272,14.28950999998272
2025-07-02T10:12:17.000000,0.0,21.866299999977926,21.866299999977926
2025-07-02T10:13:52.000000,0.0,16.684899999977834,16.684899999977834
2025-07-02T10:54:07.000000,0.0,-11.112750000022125,-11.112750000022125
2025-07-02T10:55:02.000000,0.0,-240.2108661290552,-240.2108661290552
2025-07-02T10:59:02.000000,0.0,-365.2933822580891,-365.2933822580891
2025-07-02T10:59:07.000000,0.0,-466.37229838712204,-466.37229838712204
2025-07-02T10:59:12.000000,0.0,-575.8195000000267,-575.8195000000267
2025-07-03T09:55:32.000000,0.0,-683.5386142857407,-683.5386142857407
2025-07-03T09:55:37.000000,0.0,-775.255328571455,-775.255328571455
2025-07-03T09:55:42.000000,0.0,-866.9720428571694,-866.9720428571694
2025-07-03T09:55:47.000000,0.0,-942.6863571428842,-942.6863571428842
2025-07-03T09:55:52.000000,0.0,-1002.3982714285963,-1002.3982714285963
2025-07-03T09:55:57.000000,0.0,-1017.3262500000244,-1017.3262500000244
2025-07-03T10:01:52.000000,0.0,-1051.1766834677667,-1051.1766834677667
2025-07-03T10:01:57.000000,0.0,-1085.027116935509,-1085.027116935509
2025-07-03T10:02:02.000000,0.0,-1091.8735004032494,-1091.8735004032494
2025-07-03T10:02:07.000000,0.0,-1098.7198838709899,-1098.7198838709899
2025-07-03T10:02:12.000000,0.0,-1102.7770000000212,-1102.7770000000212
2025-07-03T10:05:12.000000,0.0,-1238.7990170212986,-1238.7990170212986
2025-07-03T10:05:17.000000,0.0,-1358.8186340425764,-1358.8186340425764
2025-07-03T10:05:22.000000,0.0,-1478.8382510638542,-1478.8382510638542
2025-07-03T10:05:27.000000,0.0,-1598.857868085132,-1598.857868085132
2025-07-03T10:05:32.000000,0.0,-1710.8762851064084,-1710.8762851064084
2025-07-03T10:05:37.000000,0.0,-1815.8934500000266,-1815.8934500000266
2025-07-03T10:10:12.000000,0.0,-1766.287287500027,-1766.287287500027
2025-07-03T10:10:17.000000,0.0,-1722.6820250000285,-1722.6820250000285
2025-07-03T10:10:22.000000,0.0,-1679.0767625000299,-1679.0767625000299
2025-07-03T10:10:27.000000,0.0,-1635.4715000000313,-1635.4715000000313
2025-07-03T10:10:32.000000,0.0,-1585.8653375000317,-1585.8653375000317
2025-07-03T10:10:37.000000,0.0,-1567.3296500000322,-1567.3296500000322
2025-07-03T10:26:57.000000,0.0,-1535.7948607143182,-1535.7948607143182
2025-07-03T10:27:02.000000,0.0,-1498.2591714286034,-1498.2591714286034
2025-07-03T10:27:07.000000,0.0,-1460.7234821428885,-1460.7234821428885
2025-07-03T10:27:12.000000,0.0,-1423.1877928571737,-1423.1877928571737
2025-07-03T10:27:17.000000,0.0,-1398.1640000000305,-1398.1640000000305
2025-07-03T10:39:17.000000,0.0,-1392.3035836734994,-1392.3035836734994
2025-07-03T10:39:22.000000,0.0,-1378.44196734697,-1378.44196734697
2025-07-03T10:39:27.000000,0.0,-1364.5803510204405,-1364.5803510204405
2025-07-03T10:39:32.000000,0.0,-1342.7175346939098,-1342.7175346939098
2025-07-03T10:39:37.000000,0.0,-1328.8559183673804,-1328.8559183673804
2025-07-03T10:39:42.000000,0.0,-1306.9931020408496,-1306.9931020408496
2025-07-03T10:39:47.000000,0.0,-1304.2602500000332,-1304.2602500000332
2025-07-03T10:55:52.000000,0.0,-1226.075123943696,-1226.075123943696
2025-07-03T10:55:57.000000,0.0,-1136.8883478873613,-1136.8883478873613
2025-07-03T10:56:02.000000,0.0,-1047.7015718310263,-1047.7015718310263
2025-07-03T10:56:07.000000,0.0,-947.5131457746896,-947.5131457746896
2025-07-03T10:56:12.000000,0.0,-847.324719718353,-847.324719718353
2025-07-03T10:56:17.000000,0.0,-747.1362936620163,-747.1362936620163
2025-07-03T10:56:22.000000,0.0,-691.5946000000454,-691.5946000000454
2025-07-03T10:58:47.000000,0.0,-612.0661714286132,-612.0661714286132
2025-07-03T10:58:52.000000,0.0,-532.537742857181,-532.537742857181
2025-07-03T10:58:57.000000,0.0,-453.00931428574887,-453.00931428574887
2025-07-03T10:59:02.000000,0.0,-438.54960000003393,-438.54960000003393
2025-07-03T11:00:27.000000,-19.729850000001093,-438.54960000003393,-458.279450000035
2025-07-03T11:00:32.000000,-39.45970000000219,-438.54960000003393,-478.0093000000361
2025-07-03T11:05:27.000000,-32.68956666666836,-438.54960000003393,-471.23916666670226
2025-07-03T11:05:32.000000,-19.770250000002658,-438.54960000003393,-458.3198500000366
2025-07-03T11:11:12.000000,-19.770250000002658,-434.8086279070109,-454.5788779070135
2025-07-03T11:13:17.000000,-19.770250000002658,-448.78768650447864,-468.5579365044813
2025-07-03T11:13:22.000000,-19.770250000002658,-470.76794510194486,-490.5381951019475
2025-07-03T11:13:27.000000,-19.770250000002658,-492.7482036994111,-512.5184536994137
2025-07-03T11:13:32.000000,-19.770250000002658,-514.7284622968773,-534.49871229688
2025-07-03T11:13:37.000000,-19.770250000002658,-544.7099208943448,-564.4801708943473
2025-07-03T11:13:42.000000,-19.770250000002658,-566.690179491811,-586.4604294918136
2025-07-03T11:13:47.000000,-19.770250000002658,-588.6704380892772,-608.4406880892798
2025-07-03T11:13:52.000000,-19.770250000002658,-610.6506966867435,-630.420946686746
2025-07-03T11:13:57.000000,-19.770250000002658,-640.632155284211,-660.4024052842135
2025-07-03T11:14:02.000000,-19.770250000002658,-662.6124138816772,-682.3826638816797
2025-07-03T11:14:07.000000,-19.770250000002658,-676.591472479145,-696.3617224791475
2025-07-03T11:14:12.000000,-19.770250000002658,-690.5705310766127,-710.3407810766153
2025-07-03T11:14:17.000000,-19.770250000002658,-712.5507896740789,-732.3210396740815
2025-07-03T11:14:22.000000,-19.770250000002658,-734.5310482715452,-754.3012982715477
2025-07-03T11:14:27.000000,-19.770250000002658,-756.5113068690114,-776.2815568690139
2025-07-03T11:14:32.000000,-19.770250000002658,-778.4915654664776,-798.2618154664801
2025-07-03T11:14:37.000000,-19.770250000002658,-808.4730240639451,-828.2432740639476
2025-07-03T11:14:42.000000,-19.770250000002658,-838.4544826614126,-858.2247326614151
2025-07-03T11:14:47.000000,-19.770250000002658,-868.4359412588801,-888.2061912588827
2025-07-03T11:14:52.000000,-19.770250000002658,-906.418599856346,-926.1888498563485
2025-07-03T11:14:57.000000,-19.770250000002658,-952.4024584538131,-972.1727084538156
2025-07-03T11:15:02.000000,-19.770250000002658,-998.3863170512802,-1018.1565670512828
2025-07-03T11:15:07.000000,-19.770250000002658,-1044.3701756487474,-1064.14042564875
2025-07-03T11:15:12.000000,-19.770250000002658,-1074.3516342462149,-1094.1218842462174
2025-07-03T11:15:17.000000,-19.770250000002658,-1104.3330928436824,-1124.103342843685
2025-07-03T11:15:22.000000,-19.770250000002658,-1134.31455144115,-1154.0848014411524
2025-07-03T11:15:27.000000,-19.770250000002658,-1164.2960100386174,-1184.06626003862
2025-07-03T11:15:32.000000,-19.770250000002658,-1194.277468636085,-1214.0477186360874
2025-07-03T11:15:37.000000,-19.770250000002658,-1224.2589272335524,-1244.029177233555
2025-07-03T11:15:42.000000,-19.770250000002658,-1254.24038583102,-1274.0106358310225
2025-07-03T11:15:47.000000,-19.770250000002658,-1284.2218444284874,-1303.99209442849
2025-07-03T11:15:52.000000,-19.770250000002658,-1306.2021030259536,-1325.9723530259562
2025-07-03T11:15:57.000000,-19.770250000002658,-1311.444250000004,-1331.2145000000066
2025-07-03T11:21:12.000000,-19.770250000002658,-1297.9806872093084,-1317.750937209311
2025-07-03T11:21:17.000000,-19.770250000002658,-1284.5171244186126,-1304.2873744186152
2025-07-03T11:21:22.000000,-19.770250000002658,-1279.0547616279152,-1298.8250116279178
2025-07-03T11:21:27.000000,-19.770250000002658,-1273.5923988372178,-1293.3626488372204
2025-07-03T11:21:32.000000,-19.770250000002658,-1260.128836046522,-1279.8990860465246
2025-07-03T11:21:37.000000,-19.770250000002658,-1258.0804500000106,-1277.8507000000131
2025-07-03T11:28:02.000000,-19.770250000002658,-1271.6178726190599,-1291.3881226190624
2025-07-03T11:29:02.000000,-19.770250000002658,-1309.9357315344057,-1329.7059815344082
2025-07-03T13:02:52.000000,-19.770250000002658,-1326.2502904497521,-1346.0205404497547
2025-07-03T13:02:57.000000,-19.770250000002658,-1342.5648493650986,-1362.335099365101
2025-07-03T13:03:02.000000,-19.770250000002658,-1358.879408280445,-1378.6496582804475
2025-07-03T13:03:07.000000,-19.770250000002658,-1359.3624000000218,-1379.1326500000243
2025-07-03T13:12:12.000000,-19.770250000002658,-1527.4448500000203,-1547.215100000023
2025-07-03T13:12:22.000000,-19.770250000002658,-1552.8007209677614,-1572.5709709677642
2025-07-03T13:12:34.000000,-19.770250000002658,-1602.1601919355035,-1621.9304419355062
2025-07-03T13:12:42.000000,-19.770250000002658,-1659.5208629032438,-1679.2911129032466
2025-07-03T13:12:47.000000,-19.770250000002658,-1702.7104000000181,-1722.480650000021
2025-07-03T13:18:02.000000,-19.770250000002658,-1784.815150000018,-1804.5854000000209
2025-07-03T13:18:07.000000,-19.770250000002658,-1866.919900000018,-1886.6901500000208
2025-07-03T13:18:12.000000,-19.770250000002658,-1931.0219500000185,-1950.7922000000212
2025-07-03T13:18:17.000000,-19.770250000002658,-1977.1213000000193,-1996.891550000022
2025-07-03T13:18:22.000000,-19.770250000002658,-2023.2206500000202,-2042.990900000023
2025-07-03T13:18:27.000000,-19.770250000002658,-2026.3425000000204,-2046.1127500000232
2025-07-03T13:33:12.000000,-19.770250000002658,-2043.9595533333545,-2063.7298033333573
2025-07-03T13:38:12.000000,-19.770250000002658,-2027.8779429268502,-2047.648192926853
2025-07-03T13:38:17.000000,-19.770250000002658,-2019.7975325203442,-2039.567782520347
2025-07-03T13:38:22.000000,-19.770250000002658,-2011.7171221138383,-2031.487372113841
2025-07-03T13:38:22.000000,-19.770250000002658,-2069.991064970982,-2089.7613149709846
2025-07-03T13:38:27.000000,-19.770250000002658,-2061.910654564476,-2081.6809045644786
2025-07-03T13:38:27.000000,-19.770250000002658,-2128.1857974216177,-2147.9560474216205
2025-07-03T13:38:32.000000,-19.770250000002658,-2120.105387015112,-2139.8756370151145
2025-07-03T13:38:32.000000,-19.770250000002658,-2178.3793298722553,-2198.149579872258
2025-07-03T13:38:37.000000,-19.770250000002658,-2176.369128571442,-2196.139378571445
2025-07-03T13:38:37.000000,-19.770250000002658,-2234.6430714285857,-2254.4133214285885
2025-07-03T13:38:42.000000,-19.770250000002658,-2292.9170142857292,-2312.687264285732
2025-07-03T13:38:47.000000,-19.770250000002658,-2309.485800000015,-2329.2560500000177
2025-07-03T13:57:32.000000,-19.770250000002658,-2286.658624444459,-2306.4288744444616
2025-07-03T13:57:37.000000,-19.770250000002658,-2263.8314488889027,-2283.6016988889055
2025-07-03T13:57:42.000000,-19.770250000002658,-2241.0042733333466,-2260.7745233333494
2025-07-03T13:57:47.000000,-19.770250000002658,-2229.1787477777925,-2248.9489977777953
2025-07-03T13:57:52.000000,-19.770250000002658,-2227.103550000015,-2246.8738000000176
2025-07-03T14:06:47.000000,-154.32827197802504,-2227.103550000015,-2381.43182197804
2025-07-03T14:06:52.000000,-288.88629395604744,-2227.103550000015,-2515.989843956062
2025-07-03T14:06:57.000000,-415.4495159340686,-2227.103550000015,-2642.5530659340834
2025-07-03T14:07:02.000000,-526.0231379120901,-2227.103550000015,-2753.126687912105
2025-07-03T14:07:07.000000,-628.6019598901132,-2227.103550000015,-2855.705509890128
2025-07-03T14:07:12.000000,-715.1911818681367,-2227.103550000015,-2942.2947318681513
2025-07-03T14:07:17.000000,-809.7752038461585,-2227.103550000015,-3036.878753846173
2025-07-03T14:07:22.000000,-896.364425824182,-2227.103550000015,-3123.4679758241964
2025-07-03T14:07:27.000000,-990.9484478022039,-2227.103550000015,-3218.0519978022185
2025-07-03T14:07:32.000000,-1085.5324697802257,-2227.103550000015,-3312.6360197802405
2025-07-03T14:07:37.000000,-1180.1164917582475,-2227.103550000015,-3407.2200417582626
2025-07-03T14:07:42.000000,-1218.5835500000062,-2227.103550000015,-3445.6871000000215
2025-07-03T14:22:57.000000,-1240.3581583333391,-2227.103550000015,-3467.461708333354
2025-07-03T14:23:12.000000,-1250.1405666666722,-2227.103550000015,-3477.244116666687
2025-07-03T14:27:37.000000,-1245.7209833333345,-2227.103550000015,-3472.82453333335
2025-07-03T14:27:42.000000,-1253.2935999999988,-2227.103550000015,-3480.397150000014
2025-07-03T14:42:02.000000,-1280.048126315787,-2227.103550000015,-3507.151676315802
2025-07-03T14:45:02.000000,-1326.750205263152,-2227.103550000015,-3553.8537552631674
2025-07-03T14:45:07.000000,-1383.445784210519,-2227.103550000015,-3610.549334210534
2025-07-03T14:45:12.000000,-1392.786199999992,-2227.103550000015,-3619.889750000007
2025-07-04T09:45:17.000000,-1392.786199999992,-2241.644276666683,-3634.430476666675
2025-07-04T09:47:07.000000,-1392.786199999992,-2255.5803725641185,-3648.366572564111
2025-07-04T09:47:17.000000,-1392.786199999992,-2237.379660256425,-3630.165860256417
2025-07-04T09:49:07.000000,-1392.786199999992,-2230.7820602564248,-3623.568260256417
2025-07-04T09:49:12.000000,-1392.786199999992,-2216.1832602564236,-3608.969460256416
2025-07-04T09:50:17.000000,-1392.786199999992,-2060.0278520512948,-3452.814052051287
2025-07-04T09:50:22.000000,-1392.786199999992,-2024.9896000000124,-3417.775800000005
2025-07-04T09:51:37.000000,-1392.786199999992,-2040.8872000000124,-3433.6734000000047
2025-07-04T09:51:42.000000,-1392.786199999992,-2056.784800000012,-3449.5710000000045
2025-07-04T09:51:47.000000,-1392.786199999992,-2072.682400000012,-3465.4686000000042
2025-07-04T09:51:52.000000,-1392.786199999992,-2088.5800000000118,-3481.366200000004
2025-07-04T09:51:57.000000,-1392.786199999992,-2099.7672000000116,-3492.553400000004
2025-07-04T09:52:12.000000,-1392.786199999992,-1981.1528000000112,-3373.9390000000035
2025-07-04T09:52:17.000000,-1392.786199999992,-1862.5384000000108,-3255.324600000003
2025-07-04T09:52:22.000000,-1392.786199999992,-1735.9228000000091,-3128.709000000001
2025-07-04T09:52:27.000000,-1392.786199999992,-1672.6150000000082,-3065.4012000000002
2025-07-04T09:53:52.000000,-1392.786199999992,-1513.1820432432517,-2905.9682432432437
2025-07-04T09:53:57.000000,-1392.786199999992,-1359.7499864864963,-2752.536186486488
2025-07-04T09:54:02.000000,-1392.786199999992,-1206.3179297297406,-2599.1041297297324
2025-07-04T09:54:07.000000,-1392.786199999992,-1052.885872972985,-2445.672072972977
2025-07-04T09:54:12.000000,-1392.786199999992,-911.4556162162293,-2304.241816216221
2025-07-04T09:54:17.000000,-1392.786199999992,-776.0262594594744,-2168.8124594594665
2025-07-04T09:54:22.000000,-1392.786199999992,-753.4547000000152,-2146.2409000000075
2025-07-04T10:04:57.000000,-1392.786199999992,-798.353125806468,-2191.1393258064604
2025-07-04T10:05:02.000000,-1392.786199999992,-835.2503516129225,-2228.036551612915
2025-07-04T10:05:07.000000,-1392.786199999992,-848.143977419376,-2240.9301774193686
2025-07-04T10:05:12.000000,-1392.786199999992,-866.4269500000214,-2259.213150000014
2025-07-04T10:07:37.000000,-1392.786199999992,-864.27938255816,-2257.0655825581525
2025-07-04T10:07:42.000000,-1392.786199999992,-862.1318151162986,-2254.918015116291
2025-07-04T10:07:47.000000,-1392.786199999992,-859.9842476744373,-2252.7704476744293
2025-07-04T10:07:52.000000,-1392.786199999992,-857.8366802325759,-2250.6228802325677
2025-07-04T10:07:57.000000,-1392.786199999992,-855.6891127907145,-2248.475312790706
2025-07-04T10:08:02.000000,-1392.786199999992,-853.5415453488531,-2246.3277453488445
2025-07-04T10:08:07.000000,-1392.786199999992,-853.2347500000158,-2246.020950000007
2025-07-04T10:09:07.000000,-1392.786199999992,-930.8488078947513,-2323.6350078947426
2025-07-04T10:09:12.000000,-1392.786199999992,-1008.4628657894868,-2401.249065789478
2025-07-04T10:09:17.000000,-1392.786199999992,-1080.0760236842236,-2472.8622236842148
2025-07-04T10:09:22.000000,-1392.786199999992,-1092.0115500000131,-2484.7977500000043
2025-07-04T10:23:12.000000,-1392.786199999992,-1108.4793000000113,-2501.2655000000027
2025-07-04T10:27:12.000000,-1392.786199999992,-1242.9650664705969,-2635.7512664705882
2025-07-04T10:28:12.000000,-1392.786199999992,-1301.4394329411841,-2694.2256329411753
2025-07-04T10:28:17.000000,-1392.786199999992,-1359.9137994117714,-2752.6999994117623
2025-07-04T10:28:22.000000,-1392.786199999992,-1418.3881658823586,-2811.1743658823493
2025-07-04T10:28:27.000000,-1392.786199999992,-1446.0865500000052,-2838.872749999996
2025-07-04T10:30:02.000000,-1392.786199999992,-1411.4232685185289,-2804.2094685185193
2025-07-04T10:30:07.000000,-1392.786199999992,-1376.7599870370525,-2769.5461870370427
2025-07-04T10:30:12.000000,-1392.786199999992,-1342.0967055555761,-2734.882905555566
2025-07-04T10:30:17.000000,-1392.786199999992,-1307.4334240740998,-2700.2196240740896
2025-07-04T10:30:22.000000,-1392.786199999992,-1275.9213500000303,-2668.70755000002
2025-07-04T10:31:57.000000,-1392.786199999992,-1319.9007538461872,-2712.686953846177
2025-07-04T10:32:02.000000,-1392.786199999992,-1363.880157692344,-2756.666357692334
2025-07-04T10:32:07.000000,-1392.786199999992,-1407.8595615385009,-2800.6457615384907
2025-07-04T10:32:12.000000,-1392.786199999992,-1441.837465384656,-2834.623665384646
2025-07-04T10:32:17.000000,-1392.786199999992,-1475.8153692308113,-2868.601569230801
2025-07-04T10:32:22.000000,-1392.786199999992,-1478.6103500000424,-2871.396550000032
2025-07-04T10:50:32.000000,-1392.786199999992,-1461.8187400000425,-2854.604940000032
2025-07-04T10:50:37.000000,-1392.786199999992,-1445.0271300000425,-2837.813330000032
2025-07-04T10:50:42.000000,-1392.786199999992,-1428.2355200000425,-2821.0217200000316
2025-07-04T10:50:47.000000,-1392.786199999992,-1411.4439100000425,-2804.2301100000313
2025-07-04T10:50:52.000000,-1392.786199999992,-1394.6523000000425,-2787.438500000031
2025-07-04T10:52:32.000000,-1392.786199999992,-1508.0269794872204,-2900.8131794872093
2025-07-04T10:52:57.000000,-1392.786199999992,-1563.0534891026045,-2955.839689102593
2025-07-04T10:53:02.000000,-1392.786199999992,-1581.3956589743993,-2974.181858974388
2025-07-04T10:53:07.000000,-1392.786199999992,-1594.7370788461951,-2987.5232788461835
2025-07-04T10:54:52.000000,-1392.786199999992,-1591.914918846197,-2984.7011188461856
2025-07-04T10:54:57.000000,-1392.786199999992,-1610.2570887179918,-3003.0432887179804
2025-07-04T10:54:57.000000,-1392.786199999992,-1607.4349287179937,-3000.2211287179825
2025-07-04T10:55:02.000000,-1392.786199999992,-1644.119268461583,-3036.905468461572
2025-07-04T10:55:02.000000,-1392.786199999992,-1641.297108461585,-3034.0833084615742
2025-07-04T10:55:07.000000,-1392.786199999992,-1677.9814482051743,-3070.767648205164
2025-07-04T10:55:07.000000,-1392.786199999992,-1675.1592882051762,-3067.945488205166
2025-07-04T10:55:12.000000,-1392.786199999992,-1704.5067600000477,-3097.2929600000375
2025-07-04T10:55:12.000000,-1392.786199999992,-1704.250200000048,-3097.0364000000377
2025-07-04T10:56:22.000000,-1392.786199999992,-1711.419100000048,-3104.205300000038
2025-07-04T11:00:52.000000,-1392.786199999992,-1671.0411279070265,-3063.8273279070163
2025-07-04T11:00:57.000000,-1392.786199999992,-1630.663155814005,-3023.4493558139948
2025-07-04T11:01:02.000000,-1392.786199999992,-1582.2839837209824,-2975.070183720972
2025-07-04T11:01:07.000000,-1392.786199999992,-1533.9048116279598,-2926.6910116279496
2025-07-04T11:01:12.000000,-1392.786199999992,-1485.5256395349372,-2878.311839534927
2025-07-04T11:01:17.000000,-1392.786199999992,-1467.3834500000537,-2860.1696500000435
2025-07-04T11:02:57.000000,-1392.786199999992,-1474.4480500000536,-2867.234250000043
2025-07-04T11:20:12.000000,-1392.786199999992,-1545.3139000000544,-2938.1001000000438
2025-07-04T11:20:17.000000,-1392.786199999992,-1603.2950500000552,-2996.0812500000443
2025-07-04T13:09:27.000000,-1392.786199999992,-1708.5992081395887,-3101.3854081395775
2025-07-04T13:09:32.000000,-1392.786199999992,-1829.9057662791245,-3222.6919662791133
2025-07-04T13:09:37.000000,-1392.786199999992,-1951.2123244186603,-3343.998524418649
2025-07-04T13:09:42.000000,-1392.786199999992,-2080.5200825581946,-3473.3062825581833
2025-07-04T13:09:47.000000,-1392.786199999992,-2209.827840697729,-3602.6140406977174
2025-07-04T13:09:52.000000,-1392.786199999992,-2258.318250000054,-3651.1044500000426
2025-07-04T13:11:32.000000,-1392.786199999992,-2267.6314150000544,-3660.417615000043
2025-07-04T13:11:42.000000,-1392.786199999992,-2276.944580000055,-3669.7307800000435
2025-07-04T13:13:02.000000,-1392.786199999992,-2318.3485658824084,-3711.134765882397
2025-07-04T13:13:27.000000,-1392.786199999992,-2342.677950479358,-3735.4641504793467
2025-07-04T13:13:57.000000,-1392.786199999992,-2365.6338691629567,-3758.4200691629453
2025-07-04T13:14:42.000000,-1392.786199999992,-2416.593987846555,-3809.380187846544
2025-07-04T13:16:07.000000,-1392.786199999992,-2508.5268201710714,-3901.31302017106
2025-07-04T13:16:12.000000,-1392.786199999992,-2576.456052495587,-3969.2422524955755
2025-07-04T13:16:17.000000,-1392.786199999992,-2644.3852848201022,-4037.171484820091
2025-07-04T13:16:22.000000,-1392.786199999992,-2712.3145171446176,-4105.100717144606
2025-07-04T13:16:27.000000,-1392.786199999992,-2772.2425494691347,-4165.028749469123
2025-07-04T13:16:32.000000,-1392.786199999992,-2832.1705817936518,-4224.9567817936395
2025-07-04T13:16:37.000000,-1392.786199999992,-2892.098614118169,-4284.884814118156
2025-07-04T13:16:42.000000,-1392.786199999992,-2952.026646442686,-4344.812846442673
2025-07-04T13:16:47.000000,-1392.786199999992,-3027.9570787672023,-4420.74327876719
2025-07-04T13:16:52.000000,-1392.786199999992,-3111.8887110917176,-4504.674911091704
2025-07-04T13:16:57.000000,-1392.786199999992,-3187.819143416234,-4580.605343416221
2025-07-04T13:17:02.000000,-1392.786199999992,-3255.7483757407495,-4648.534575740737
2025-07-04T13:17:07.000000,-1392.786199999992,-3323.677608065265,-4716.463808065252
2025-07-04T13:17:12.000000,-1392.786199999992,-3383.605640389782,-4776.391840389769
2025-07-04T13:17:17.000000,-1392.786199999992,-3419.530072714298,-4812.316272714284
2025-07-04T13:17:22.000000,-1392.786199999992,-3439.4521050388144,-4832.238305038801
2025-07-04T13:17:27.000000,-1392.786199999992,-3467.375337363329,-4860.161537363316
2025-07-04T13:17:32.000000,-1392.786199999992,-3495.2985696878436,-4888.084769687831
2025-07-04T13:17:37.000000,-1392.786199999992,-3515.22060201236,-4908.006802012347
2025-07-04T13:17:42.000000,-1392.786199999992,-3535.142634336876,-4927.9288343368635
2025-07-04T13:17:47.000000,-1392.786199999992,-3547.0634666613914,-4939.849666661378
2025-07-04T13:17:52.000000,-1392.786199999992,-3550.9830989859083,-4943.769298985895
2025-07-04T13:17:57.000000,-1392.786199999992,-3546.9015313104237,-4939.6877313104105
2025-07-04T13:18:02.000000,-1392.786199999992,-3542.819963634939,-4935.606163634926
2025-07-04T13:18:07.000000,-1392.786199999992,-3546.739595959456,-4939.525795959443
2025-07-04T13:18:12.000000,-1392.786199999992,-3546.2294000000206,-4939.015600000007
2025-07-04T13:22:12.000000,-1392.786199999992,-3526.816268292704,-4919.60246829269
2025-07-04T13:22:17.000000,-1392.786199999992,-3507.4031365853875,-4900.189336585373
2025-07-04T13:22:22.000000,-1392.786199999992,-3511.9936048780687,-4904.779804878054
2025-07-04T13:22:27.000000,-1392.786199999992,-3516.58407317075,-4909.370273170735
2025-07-04T13:22:32.000000,-1392.786199999992,-3521.174541463431,-4913.9607414634165
2025-07-04T13:22:37.000000,-1392.786199999992,-3522.7485000000165,-4915.534700000002
2025-07-04T13:24:12.000000,-1392.786199999992,-3654.1743750000187,-5046.960575000004
2025-07-04T13:24:17.000000,-1392.786199999992,-3793.601450000019,-5186.387650000004
2025-07-04T13:24:22.000000,-1392.786199999992,-3893.022525000022,-5285.808725000007
2025-07-04T13:24:27.000000,-1392.786199999992,-3992.443600000025,-5385.22980000001
2025-07-04T13:24:27.000000,-1392.786199999992,-4002.73670714288,-5395.522907142865
2025-07-04T13:24:32.000000,-1392.786199999992,-4110.158982142881,-5502.945182142866
2025-07-04T13:24:37.000000,-1392.786199999992,-4209.580057142884,-5602.366257142869
2025-07-04T13:25:17.000000,-1392.786199999992,-4259.334832142889,-5652.121032142874
2025-07-04T13:27:42.000000,-1446.0228530612162,-4259.334832142889,-5705.357685204099
2025-07-04T13:27:47.000000,-1499.2595061224404,-4259.334832142889,-5758.594338265323
2025-07-04T13:27:52.000000,-1552.4961591836645,-4259.334832142889,-5811.8309913265475
2025-07-04T13:27:57.000000,-1552.4961591836645,-4254.91660714289,-5807.412766326548
2025-07-04T13:27:57.000000,-1595.7393122448905,-4254.91660714289,-5850.655919387774
2025-07-04T13:28:02.000000,-1634.6581499999938,-4254.91660714289,-5889.574757142877
2025-07-04T13:29:17.000000,-1634.6581499999938,-4332.5696928571715,-5967.227842857159
2025-07-04T13:29:22.000000,-1634.6581499999938,-4410.222778571453,-6044.880928571441
2025-07-04T13:29:27.000000,-1634.6581499999938,-4466.697750000021,-6101.355900000009
2025-07-04T13:33:42.000000,-1634.6581499999938,-4413.4891370647,-6048.147287064688
2025-07-04T13:33:47.000000,-1634.6581499999938,-4360.280524129379,-5994.9386741293665
2025-07-04T13:33:52.000000,-1634.6581499999938,-4307.071911194058,-5941.730061194045
2025-07-04T13:33:57.000000,-1634.6581499999938,-4245.862098258736,-5880.520248258724
2025-07-04T13:34:02.000000,-1634.6581499999938,-4176.651085323416,-5811.309235323403
2025-07-04T13:34:07.000000,-1634.6581499999938,-4107.440072388095,-5742.098222388083
2025-07-04T13:34:12.000000,-1634.6581499999938,-4038.229059452775,-5672.887209452762
2025-07-04T13:34:17.000000,-1634.6581499999938,-3961.016846517453,-5595.67499651744
2025-07-04T13:34:22.000000,-1634.6581499999938,-3891.8058335821324,-5526.46398358212
2025-07-04T13:34:27.000000,-1634.6581499999938,-3814.5936206468105,-5449.251770646798
2025-07-04T13:34:32.000000,-1634.6581499999938,-3737.3814077114885,-5372.039557711476
2025-07-04T13:34:37.000000,-1634.6581499999938,-3660.1691947761665,-5294.827344776154
2025-07-04T13:34:42.000000,-1634.6581499999938,-3574.9557818408434,-5209.613931840831
2025-07-04T13:34:47.000000,-1634.6581499999938,-3489.7423689055204,-5124.400518905509
2025-07-04T13:34:52.000000,-1634.6581499999938,-3404.5289559701973,-5039.187105970186
2025-07-04T13:34:57.000000,-1634.6581499999938,-3311.314343034876,-4945.972493034865
2025-07-04T13:35:02.000000,-1634.6581499999938,-3218.0997300995546,-4852.757880099543
2025-07-04T13:35:07.000000,-1634.6581499999938,-3124.885117164233,-4759.543267164222
2025-07-04T13:35:12.000000,-1634.6581499999938,-3031.670504228912,-4666.328654228901
2025-07-04T13:35:17.000000,-1634.6581499999938,-2938.4558912935904,-4573.114041293579
2025-07-04T13:35:22.000000,-1634.6581499999938,-2837.240078358268,-4471.898228358256
2025-07-04T13:35:27.000000,-1634.6581499999938,-2736.0242654229455,-4370.682415422933
2025-07-04T13:35:32.000000,-1634.6581499999938,-2626.8072524876243,-4261.465402487613
2025-07-04T13:35:37.000000,-1634.6581499999938,-2517.590239552303,-4152.248389552292
2025-07-04T13:35:42.000000,-1634.6581499999938,-2400.3720266169807,-4035.0301766169696
2025-07-04T13:35:47.000000,-1634.6581499999938,-2385.7197500000652,-4020.377900000054
2025-07-04T13:56:02.000000,-1588.6436888888832,-2385.7197500000652,-3974.363438888943
2025-07-04T13:56:07.000000,-1542.6292277777725,-2385.7197500000652,-3928.3489777778323
2025-07-04T13:56:12.000000,-1433.6557166666594,-2385.7197500000652,-3819.375466666719
2025-07-04T13:56:17.000000,-1324.6822055555463,-2385.7197500000652,-3710.401955555606
2025-07-04T13:56:22.000000,-1215.7086944444331,-2385.7197500000652,-3601.428444444493
2025-07-04T13:56:27.000000,-1197.1429999999884,-2385.7197500000652,-3582.8627500000484
2025-07-07T09:50:27.000000,-1197.1429999999884,-2467.0316646826054,-3664.1746646825886
2025-07-07T09:50:32.000000,-1197.1429999999884,-2548.3435793651456,-3745.486579365129
2025-07-07T09:50:37.000000,-1197.1429999999884,-2654.6592440476875,-3851.8022440476707
2025-07-07T09:50:42.000000,-1197.1429999999884,-2735.9711587302277,-3933.114158730211
2025-07-07T09:50:47.000000,-1197.1429999999884,-2817.283073412768,-4014.426073412751
2025-07-07T09:50:52.000000,-1197.1429999999884,-2819.5354000000693,-4016.6784000000525
2025-07-07T09:51:07.000000,-1257.7450879999894,-2819.5354000000693,-4077.2804880000535
2025-07-07T09:51:12.000000,-1294.3627759999895,-2819.5354000000693,-4113.898176000053
2025-07-07T09:51:17.000000,-1338.9752639999908,-2819.5354000000693,-4158.510664000055
2025-07-07T09:51:22.000000,-1367.5981519999925,-2819.5354000000693,-4187.133552000057
2025-07-07T09:51:27.000000,-1396.2210399999942,-2819.5354000000693,-4215.756440000058
2025-07-07T09:51:32.000000,-1424.843927999996,-2819.5354000000693,-4244.37932800006
2025-07-07T09:51:37.000000,-1431.9996499999963,-2819.5354000000693,-4251.53505000006
2025-07-07T09:58:12.000000,-1431.9996499999963,-2797.6756500000693,-4229.675300000061
2025-07-07T10:08:27.000000,-1431.9996499999963,-2821.1188500000694,-4253.1185000000605
2025-07-07T10:11:17.000000,-1431.9996499999963,-2821.8328690476883,-4253.832519047679
2025-07-07T10:11:22.000000,-1431.9996499999963,-2810.902097619119,-4242.901747619109
2025-07-07T10:12:32.000000,-1431.9996499999963,-2892.5407976191177,-4324.540447619108
2025-07-07T10:12:37.000000,-1431.9996499999963,-2974.1794976191163,-4406.1791476191065
2025-07-07T10:12:42.000000,-1431.9996499999963,-3055.818197619115,-4487.817847619105
2025-07-07T10:12:47.000000,-1431.9996499999963,-3137.4568976191135,-4569.456547619104
2025-07-07T10:12:52.000000,-1431.9996499999963,-3185.6979476191127,-4617.697597619102
2025-07-07T10:14:57.000000,-1431.9996499999963,-3394.443166666733,-4826.442816666722
2025-07-07T10:15:02.000000,-1431.9996499999963,-3611.189585714354,-5043.189235714343
2025-07-07T10:15:07.000000,-1431.9996499999963,-3767.7485000000693,-5199.748150000059
2025-07-07T13:48:32.000000,-1431.9996499999963,-3811.4964400000713,-5243.496090000061
2025-07-07T13:48:37.000000,-1431.9996499999963,-3855.2443800000733,-5287.244030000063
2025-07-07T13:48:42.000000,-1431.9996499999963,-3898.9923200000753,-5330.991970000065
2025-07-07T13:48:47.000000,-1431.9996499999963,-3942.7402600000773,-5374.739910000067
2025-07-07T13:48:52.000000,-1431.9996499999963,-3986.4882000000794,-5418.487850000069
2025-07-08T09:55:07.000000,-1431.9996499999963,-3908.741361290401,-5340.741011290391
2025-07-08T09:55:12.000000,-1431.9996499999963,-3830.994522580723,-5262.994172580713
2025-07-08T09:55:17.000000,-1431.9996499999963,-3763.2491838710425,-5195.248833871033
2025-07-08T09:55:22.000000,-1431.9996499999963,-3695.5038451613623,-5127.5034951613525
2025-07-08T09:55:27.000000,-1431.9996499999963,-3627.758506451682,-5059.758156451672
2025-07-08T09:55:32.000000,-1431.9996499999963,-3560.0131677420018,-4992.012817741992
2025-07-08T09:55:37.000000,-1431.9996499999963,-3550.4647000000664,-4982.464350000057
2025-07-08T09:56:52.000000,-1431.9996499999963,-3568.7101310345492,-5000.709781034539
2025-07-08T09:57:02.000000,-1431.9996499999963,-3586.5797746229105,-5018.579424622901
2025-07-08T09:57:22.000000,-1431.9996499999963,-3706.9415785702795,-5138.941228570269
2025-07-08T09:57:27.000000,-1431.9996499999963,-3827.3033825176485,-5259.303032517638
2025-07-08T09:57:32.000000,-1431.9996499999963,-3947.6651864650175,-5379.664836465006
2025-07-08T09:57:37.000000,-1431.9996499999963,-4054.024890412387,-5486.024540412375
2025-07-08T09:57:42.000000,-1431.9996499999963,-4160.384594359756,-5592.384244359744
2025-07-08T09:57:47.000000,-1431.9996499999963,-4205.967324622914,-5637.966974622902
2025-07-08T09:58:17.000000,-1431.9996499999963,-4442.441857956248,-5874.441507956236
2025-07-08T09:58:22.000000,-1431.9996499999963,-4662.913991289583,-6094.9136412895705
2025-07-08T09:58:27.000000,-1431.9996499999963,-4843.380124622917,-6275.379774622905
2025-07-08T09:58:32.000000,-1431.9996499999963,-5023.846257956251,-6455.845907956239
2025-07-08T09:58:37.000000,-1431.9996499999963,-5042.403924622918,-6474.403574622906
2025-07-08T10:01:47.000000,-1431.9996499999963,-5118.149211799642,-6550.14886179963
2025-07-08T10:01:52.000000,-1431.9996499999963,-5203.895998976365,-6635.895648976353
2025-07-08T10:01:57.000000,-1431.9996499999963,-5256.917700000073,-6688.917350000061
2025-07-08T10:04:17.000000,-1431.9996499999963,-5266.294786764778,-6698.294436764766
2025-07-08T10:04:22.000000,-1431.9996499999963,-5268.6708235294855,-6700.670473529473
2025-07-08T10:04:27.000000,-1431.9996499999963,-5278.047910294191,-6710.047560294179
2025-07-08T10:04:32.000000,-1431.9996499999963,-5280.423947058898,-6712.423597058886
2025-07-08T10:04:37.000000,-1431.9996499999963,-5289.801033823604,-6721.8006838235915
2025-07-08T10:04:42.000000,-1431.9996499999963,-5306.179170588311,-6738.178820588299
2025-07-08T10:04:47.000000,-1431.9996499999963,-5364.563607353017,-6796.563257353005
2025-07-08T10:04:52.000000,-1431.9996499999963,-5422.948044117723,-6854.947694117711
2025-07-08T10:04:57.000000,-1431.9996499999963,-5481.332480882429,-6913.332130882417
2025-07-08T10:05:02.000000,-1431.9996499999963,-5513.034150000076,-6945.033800000064
2025-07-08T10:08:42.000000,-1431.9996499999963,-5563.105822519158,-6995.105472519146
2025-07-08T10:08:47.000000,-1431.9996499999963,-5663.249167557323,-7095.248817557311
2025-07-08T10:08:52.000000,-1431.9996499999963,-5763.3925125954875,-7195.392162595475
2025-07-08T10:08:52.000000,-1431.9996499999963,-5826.324972054949,-7258.324622054937
2025-07-08T10:08:57.000000,-1431.9996499999963,-5926.468317093114,-7358.467967093102
2025-07-08T10:08:57.000000,-1431.9996499999963,-5989.400776552576,-7421.400426552564
2025-07-08T10:09:02.000000,-1431.9996499999963,-6089.54412159074,-7521.543771590728
2025-07-08T10:09:02.000000,-1431.9996499999963,-6164.4783810501995,-7596.478031050187
2025-07-08T10:09:07.000000,-1431.9996499999963,-6264.621726088364,-7696.621376088352
2025-07-08T10:09:07.000000,-1431.9996499999963,-6270.866247709986,-7702.865897709974
2025-07-08T10:09:12.000000,-1431.9996499999963,-6316.385950000061,-7748.385600000049
2025-07-08T10:09:22.000000,-1431.9996499999963,-6253.347309127045,-7685.346959127033
2025-07-08T10:09:27.000000,-1431.9996499999963,-6215.312418254031,-7647.312068254019
2025-07-08T10:09:32.000000,-1431.9996499999963,-6177.2775273810175,-7609.2771773810055
2025-07-08T10:09:37.000000,-1431.9996499999963,-6139.242636508004,-7571.242286507992
2025-07-08T10:09:42.000000,-1431.9996499999963,-6076.203995634988,-7508.203645634976
2025-07-08T10:09:47.000000,-1431.9996499999963,-6074.682600000067,-7506.682250000055
2025-07-08T10:11:27.000000,-1431.9996499999963,-6111.196681081148,-7543.196331081136
2025-07-08T10:12:32.000000,-1431.9996499999963,-6119.70656216223,-7551.7062121622175
2025-07-08T10:12:37.000000,-1431.9996499999963,-6128.216443243311,-7560.216093243299
2025-07-08T10:12:42.000000,-1431.9996499999963,-6157.729474324393,-7589.729124324381
2025-07-08T10:12:47.000000,-1431.9996499999963,-6194.243555405474,-7626.243205405462
2025-07-08T10:12:52.000000,-1431.9996499999963,-6206.676450000068,-7638.676100000056
2025-07-08T10:15:57.000000,-1447.6796499999964,-6206.676450000068,-7654.356100000056
2025-07-08T10:16:02.000000,-1463.3596499999965,-6206.676450000068,-7670.036100000057
2025-07-08T10:16:07.000000,-1479.0396499999965,-6206.676450000068,-7685.716100000057
2025-07-08T10:16:12.000000,-1519.703399999996,-6206.676450000068,-7726.379850000057
2025-07-08T10:16:17.000000,-1560.3671499999955,-6206.676450000068,-7767.043600000056
2025-07-08T10:16:22.000000,-1561.6215499999955,-6206.676450000068,-7768.298000000056
2025-07-08T10:33:27.000000,-1561.6215499999955,-6192.7724958334,-7754.394045833388
2025-07-08T10:34:47.000000,-1561.6215499999955,-6411.4217614583995,-7973.0433114583875
2025-07-08T10:34:52.000000,-1561.6215499999955,-6620.069527083401,-8181.691077083389
2025-07-08T10:34:57.000000,-1561.6215499999955,-6828.717292708403,-8390.33884270839
2025-07-08T10:35:02.000000,-1561.6215499999955,-6872.447145833403,-8434.06869583339
2025-07-08T10:35:12.000000,-1561.6215499999955,-6894.894788194514,-8456.5163381945
2025-07-08T10:38:02.000000,-1561.6215499999955,-6805.325630555625,-8366.947180555611
2025-07-08T10:38:07.000000,-1561.6215499999955,-6694.753322916736,-8256.374872916722
2025-07-08T10:38:12.000000,-1561.6215499999955,-6598.183115277848,-8159.804665277834
2025-07-08T10:38:17.000000,-1561.6215499999955,-6501.61290763896,-8063.234457638946
2025-07-08T10:38:22.000000,-1561.6215499999955,-6419.0448000000715,-7980.666350000058
2025-07-08T10:45:22.000000,-1561.6215499999955,-6415.178764893688,-7976.800314893674
2025-07-08T10:45:27.000000,-1561.6215499999955,-6430.315579787304,-7991.93712978729
2025-07-08T10:45:32.000000,-1561.6215499999955,-6445.45239468092,-8007.073944680907
2025-07-08T10:45:37.000000,-1561.6215499999955,-6479.592059574536,-8041.213609574522
2025-07-08T10:45:42.000000,-1561.6215499999955,-6493.932200000067,-8055.553750000053
2025-07-08T10:55:42.000000,-1561.6215499999955,-6489.75244186053,-8051.373991860516
2025-07-08T10:55:47.000000,-1561.6215499999955,-6485.572683720993,-8047.194233720979
2025-07-08T10:55:52.000000,-1561.6215499999955,-6481.392925581456,-8043.014475581443
2025-07-08T10:55:57.000000,-1561.6215499999955,-6477.21316744192,-8038.834717441906
2025-07-08T10:56:02.000000,-1561.6215499999955,-6473.033409302383,-8034.654959302369
2025-07-08T10:56:07.000000,-1561.6215499999955,-6471.466000000057,-8033.087550000043
2025-07-08T11:06:52.000000,-1561.6215499999955,-6497.176800000057,-8058.798350000043
2025-07-08T11:12:52.000000,-1561.6215499999955,-6527.848550000057,-8089.470100000043
2025-07-08T13:17:47.000000,-1561.6215499999955,-6578.859750000057,-8140.481300000043
2025-07-08T13:17:52.000000,-1561.6215499999955,-6621.869750000059,-8183.491300000045
2025-07-08T13:17:57.000000,-1561.6215499999955,-6648.877350000061,-8210.498900000048
2025-07-08T13:18:02.000000,-1561.6215499999955,-6675.884950000062,-8237.50650000005
2025-07-08T13:18:07.000000,-1561.6215499999955,-6702.892550000064,-8264.514100000053
2025-07-08T13:18:12.000000,-1561.6215499999955,-6723.148250000066,-8284.769800000055
2025-07-09T09:47:22.000000,-1561.6215499999955,-6726.783879166732,-8288.405429166722
2025-07-09T09:51:27.000000,-1561.6215499999955,-6720.114569166734,-8281.736119166724
2025-07-09T09:51:32.000000,-1561.6215499999955,-6713.445259166737,-8275.066809166727
2025-07-09T09:51:37.000000,-1561.6215499999955,-6706.775949166739,-8268.39749916673
2025-07-09T09:51:42.000000,-1561.6215499999955,-6700.106639166742,-8261.728189166732
2025-07-09T09:51:47.000000,-1561.6215499999955,-6670.433879166745,-8232.055429166734
2025-07-09T09:52:02.000000,-1561.6215499999955,-6680.180844858233,-8241.802394858221
2025-07-09T09:52:07.000000,-1561.6215499999955,-6725.933210549724,-8287.554760549712
2025-07-09T09:52:12.000000,-1561.6215499999955,-6762.684226241214,-8324.3057762412
2025-07-09T09:52:17.000000,-1561.6215499999955,-6790.433891932705,-8352.055441932693
2025-07-09T09:52:22.000000,-1561.6215499999955,-6818.183557624196,-8379.805107624185
2025-07-09T09:52:27.000000,-1561.6215499999955,-6824.350150000082,-8385.971700000071
2025-07-09T09:58:37.000000,-1561.6215499999955,-6796.635550000083,-8358.257100000072
2025-07-09T09:58:42.000000,-1561.6215499999955,-6759.919600000085,-8321.541150000074
2025-07-09T09:58:47.000000,-1561.6215499999955,-6732.205000000085,-8293.826550000074
2025-07-09T09:58:52.000000,-1561.6215499999955,-6695.489050000087,-8257.110600000076
2025-07-09T09:58:57.000000,-1561.6215499999955,-6658.7731000000895,-8220.394650000078
2025-07-09T09:59:02.000000,-1561.6215499999955,-6613.05580000009,-8174.677350000079
2025-07-09T09:59:07.000000,-1561.6215499999955,-6567.338500000091,-8128.96005000008
2025-07-09T09:59:12.000000,-1561.6215499999955,-6512.619850000094,-8074.241400000083
2025-07-09T09:59:17.000000,-1561.6215499999955,-6477.219850000094,-8038.841400000083
2025-07-09T10:05:02.000000,-1561.6215499999955,-6467.476975675771,-8029.09852567576
2025-07-09T10:05:07.000000,-1561.6215499999955,-6471.7362013514485,-8033.357751351437
2025-07-09T10:05:12.000000,-1561.6215499999955,-6475.9954270271255,-8037.616977027114
2025-07-09T10:05:17.000000,-1561.6215499999955,-6494.256752702802,-8055.878302702791
2025-07-09T10:05:22.000000,-1561.6215499999955,-6519.519128378478,-8081.140678378467
2025-07-09T10:05:27.000000,-1561.6215499999955,-6528.7372500001,-8090.358800000089
2025-07-09T10:07:22.000000,-1561.6215499999955,-6560.631800000103,-8122.253350000092
2025-07-09T10:09:27.000000,-1561.6215499999955,-6510.5675000001,-8072.189050000089
2025-07-09T10:09:32.000000,-1561.6215499999955,-6482.506500000101,-8044.12805000009
2025-07-09T10:09:37.000000,-1561.6215499999955,-6454.445500000103,-8016.0670500000915
2025-07-09T10:09:42.000000,-1561.6215499999955,-6426.384500000104,-7988.006050000093
2025-07-09T10:09:47.000000,-1561.6215499999955,-6398.323500000105,-7959.945050000094
2025-07-09T10:09:52.000000,-1561.6215499999955,-6374.089000000105,-7935.710550000094
2025-07-09T10:12:22.000000,-1561.6215499999955,-6361.425621052735,-7923.047171052724
2025-07-09T10:12:27.000000,-1561.6215499999955,-6348.762242105364,-7910.383792105353
2025-07-09T10:12:32.000000,-1561.6215499999955,-6336.098863157993,-7897.720413157982
2025-07-09T10:12:37.000000,-1561.6215499999955,-6333.988300000098,-7895.609850000087
2025-07-09T10:22:02.000000,-1561.6215499999955,-6355.440162903322,-7917.061712903311
2025-07-09T10:22:22.000000,-1743.45807666666,-6355.440162903322,-8098.898239569975
2025-07-09T10:22:27.000000,-1925.2946033333244,-6355.440162903322,-8280.73476623664
2025-07-09T10:22:32.000000,-2107.131129999989,-6355.440162903322,-8462.571292903303
2025-07-09T10:22:37.000000,-2309.954006666654,-6355.440162903322,-8665.394169569969
2025-07-09T10:22:42.000000,-2361.9072999999867,-6355.440162903322,-8717.3474629033
2025-07-09T10:26:47.000000,-2361.9072999999867,-6428.209524193643,-8790.116824193621
2025-07-09T10:26:52.000000,-2361.9072999999867,-6500.978885483964,-8862.886185483942
2025-07-09T10:26:57.000000,-2361.9072999999867,-6573.748246774286,-8935.655546774262
2025-07-09T10:27:02.000000,-2361.9072999999867,-6646.517608064607,-9008.424908064582
2025-07-09T10:27:07.000000,-2361.9072999999867,-6709.28546935493,-9071.192769354906
2025-07-09T10:27:12.000000,-2361.9072999999867,-6740.669400000092,-9102.576700000067
2025-07-09T10:32:47.000000,-2361.9072999999867,-6751.025400000091,-9112.932700000067
2025-07-09T10:33:07.000000,-2369.8226874999864,-6751.025400000091,-9120.848087500066
2025-07-09T10:33:12.000000,-2368.743924999988,-6751.025400000091,-9119.769325000067
2025-07-09T10:33:17.000000,-2367.6651624999895,-6751.025400000091,-9118.690562500067
2025-07-09T10:33:22.000000,-2375.580549999989,-6751.025400000091,-9126.605950000067
2025-07-09T10:33:27.000000,-2383.495937499989,-6751.025400000091,-9134.521337500066
2025-07-09T10:33:32.000000,-2389.132449999989,-6751.025400000091,-9140.157850000067
2025-07-09T10:33:52.000000,-2389.132449999989,-6764.560823728903,-9153.693273728879
2025-07-09T10:33:57.000000,-2389.132449999989,-6778.096247457715,-9167.228697457691
2025-07-09T10:34:02.000000,-2389.132449999989,-6791.6316711865275,-9180.764121186503
2025-07-09T10:34:07.000000,-2389.132449999989,-6795.165594915338,-9184.298044915313
2025-07-09T10:34:12.000000,-2389.132449999989,-6788.698018644151,-9177.830468644126
2025-07-09T10:34:17.000000,-2389.132449999989,-6782.877200000082,-9172.009650000058
2025-07-09T11:10:57.000000,-2448.9614499999884,-6782.877200000082,-9231.838650000058
2025-07-09T11:11:02.000000,-2508.7904499999877,-6782.877200000082,-9291.667650000058
2025-07-09T11:11:07.000000,-2568.619449999987,-6782.877200000082,-9351.496650000057
2025-07-09T11:11:12.000000,-2628.448449999986,-6782.877200000082,-9411.325650000057
2025-07-09T11:11:17.000000,-2688.2774499999855,-6782.877200000082,-9471.154650000057
2025-07-09T11:11:22.000000,-2739.9479499999848,-6782.877200000082,-9522.825150000055
2025-07-09T13:07:32.000000,-2739.9479499999848,-6808.448287142939,-9548.396237142913
2025-07-09T13:07:37.000000,-2739.9479499999848,-6834.019374285796,-9573.967324285772
2025-07-09T13:07:42.000000,-2739.9479499999848,-6859.590461428654,-9599.53841142863
2025-07-09T13:07:47.000000,-2739.9479499999848,-6864.2397500000825,-9604.187700000059
2025-07-09T13:37:57.000000,-2758.0059277777605,-6864.2397500000825,-9622.245677777835
2025-07-09T13:38:02.000000,-2776.063905555536,-6864.2397500000825,-9640.303655555612
2025-07-09T13:38:07.000000,-2787.1264333333133,-6864.2397500000825,-9651.366183333388
2025-07-09T13:38:12.000000,-2798.1889611110905,-6864.2397500000825,-9662.428711111164
2025-07-09T13:38:17.000000,-2809.2514888888677,-6864.2397500000825,-9673.49123888894
2025-07-09T13:38:22.000000,-2810.8318499999787,-6864.2397500000825,-9675.071600000052
2025-07-09T13:46:07.000000,-2849.4039454128238,-6864.2397500000825,-9713.643695412897
2025-07-09T13:46:12.000000,-2887.976040825669,-6864.2397500000825,-9752.215790825741
2025-07-09T13:46:17.000000,-2926.548136238514,-6864.2397500000825,-9790.787886238586
2025-07-09T13:46:22.000000,-2965.120231651359,-6864.2397500000825,-9829.35998165143
2025-07-09T13:46:27.000000,-3022.9253999999833,-6864.2397500000825,-9887.165150000055
2025-07-09T13:50:32.000000,-3022.9253999999833,-6800.990887931117,-9823.91628793109
2025-07-09T13:50:37.000000,-3022.9253999999833,-6723.739925862152,-9746.665325862125
2025-07-09T13:50:42.000000,-3022.9253999999833,-6632.486863793187,-9655.41226379316
2025-07-09T13:50:47.000000,-3022.9253999999833,-6555.235901724222,-9578.161301724194
2025-07-09T13:50:52.000000,-3022.9253999999833,-6544.200050000084,-9567.125450000056
2025-07-09T14:15:57.000000,-3018.7591499999835,-6544.200050000084,-9562.959200000056
2025-07-09T14:41:27.000000,-3089.3911124999813,-6544.200050000084,-9633.591162500054
2025-07-09T14:41:32.000000,-3160.023074999979,-6544.200050000084,-9704.223125000051
2025-07-09T14:41:37.000000,-3237.650487499978,-6544.200050000084,-9781.85053750005
2025-07-09T14:41:42.000000,-3308.282449999976,-6544.200050000084,-9852.482500000047
2025-07-09T14:41:47.000000,-3385.909862499975,-6544.200050000084,-9930.109912500046
2025-07-09T14:41:52.000000,-3449.5463749999744,-6544.200050000084,-9993.746425000045
2025-07-09T14:41:57.000000,-3513.1828874999737,-6544.200050000084,-10057.382937500044
2025-07-09T14:42:02.000000,-3583.8148499999716,-6544.200050000084,-10128.014900000042
2025-07-10T09:53:02.000000,-3583.8148499999716,-6543.045773113291,-10126.860623113249
2025-07-10T09:53:07.000000,-3583.8148499999716,-6541.891496226498,-10125.706346226456
2025-07-10T09:53:12.000000,-3583.8148499999716,-6519.7340693397055,-10103.548919339664
2025-07-10T09:53:17.000000,-3583.8148499999716,-6518.579792452912,-10102.394642452871
2025-07-10T09:53:22.000000,-3583.8148499999716,-6538.428665566119,-10122.243515566079
2025-07-10T09:53:27.000000,-3583.8148499999716,-6539.373850000081,-10123.18870000004
2025-07-10T09:59:32.000000,-3583.8148499999716,-6449.088800000081,-10032.90365000004
2025-07-10T10:01:56.000000,-3750.935549999958,-6449.088800000081,-10200.024350000027
2025-07-10T10:04:57.000000,-3750.935549999958,-6486.703300000077,-10237.638850000023
2025-07-10T10:07:56.000000,-3550.3196624999555,-6486.703300000077,-10037.022962500021
2025-07-10T10:08:01.000000,-3340.709624999955,-6486.703300000077,-9827.41292500002
2025-07-10T10:08:06.000000,-3158.082037499952,-6486.703300000077,-9644.785337500018
2025-07-10T10:08:11.000000,-2993.442749999949,-6486.703300000077,-9480.146050000014
2025-07-10T10:08:16.000000,-2846.791762499948,-6486.703300000077,-9333.495062500013
2025-07-10T10:08:21.000000,-2794.9100499999477,-6486.703300000077,-9281.613350000012
2025-07-10T10:09:47.000000,-2794.9100499999477,-6480.31120000007,-9275.221250000004
2025-07-10T10:09:52.000000,-2794.9100499999477,-6473.919100000063,-9268.829149999996
2025-07-10T10:09:57.000000,-2794.9100499999477,-6467.5270000000555,-9262.437049999988
2025-07-10T10:09:57.000000,-2794.9100499999477,-6492.325625000058,-9287.235674999989
2025-07-10T10:10:02.000000,-2794.9100499999477,-6491.744525000057,-9286.654574999988
2025-07-10T10:10:02.000000,-2794.9100499999477,-6509.542100000058,-9304.452149999988
2025-07-10T10:10:27.000000,-2794.9100499999477,-6632.355425000058,-9427.265474999987
2025-07-10T10:11:52.000000,-2794.9100499999477,-6580.6658500000585,-9375.575899999989
2025-07-10T10:11:57.000000,-2794.9100499999477,-6521.975225000058,-9316.885274999988
2025-07-10T10:12:02.000000,-2794.9100499999477,-6463.284600000058,-9258.194649999987
2025-07-10T10:12:07.000000,-2794.9100499999477,-6404.593975000058,-9199.504024999986
2025-07-10T10:12:12.000000,-2794.9100499999477,-6352.904400000059,-9147.814449999987
2025-07-10T10:12:12.000000,-2794.9100499999477,-6216.6788750000605,-9011.58892499999
2025-07-10T10:12:17.000000,-2794.9100499999477,-6210.294800000061,-9005.20484999999
2025-07-10T10:14:47.000000,-2871.7047999999468,-6210.294800000061,-9081.999599999988
2025-07-10T10:15:42.000000,-2871.7047999999468,-6322.811560824804,-9194.516360824731
2025-07-10T10:15:47.000000,-2871.7047999999468,-6452.330871649546,-9324.035671649473
2025-07-10T10:15:52.000000,-2871.7047999999468,-6581.850182474288,-9453.554982474216
2025-07-10T10:15:57.000000,-2871.7047999999468,-6711.36949329903,-9583.074293298958
2025-07-10T10:16:02.000000,-2871.7047999999468,-6823.886254123773,-9695.5910541237
2025-07-10T10:16:07.000000,-2871.7047999999468,-6903.309850000062,-9775.01464999999
2025-07-10T10:16:11.000000,-2871.7047999999468,-6955.60214821435,-9827.306948214276
2025-07-10T10:16:32.000000,-2895.0326769230246,-6955.60214821435,-9850.634825137355
2025-07-10T10:17:26.000000,-2895.0326769230246,-7034.898496428637,-9929.931173351642
2025-07-10T10:18:42.000000,-2932.576776923024,-7034.898496428637,-9967.475273351642
2025-07-10T10:18:47.000000,-2970.120876923024,-7034.898496428637,-10005.01937335164
2025-07-10T10:18:52.000000,-3007.6649769230235,-7034.898496428637,-10042.56347335164
2025-07-10T10:18:57.000000,-3011.078076923023,-7034.898496428637,-10045.97657335164
2025-07-10T10:19:41.000000,-3011.078076923023,-7260.417839118372,-10271.495916041375
2025-07-10T10:19:46.000000,-3011.078076923023,-7512.941231808109,-10524.01930873111
2025-07-10T10:19:51.000000,-3011.078076923023,-7774.4659744978435,-10785.544051420846
2025-07-10T10:19:56.000000,-3011.078076923023,-8044.99206718758,-11056.070144110581
2025-07-10T10:19:57.000000,-3011.078076923023,-8044.79176718758,-11055.86984411058
2025-07-10T10:20:01.000000,-3011.078076923023,-8315.317859877316,-11326.395936800316
2025-07-10T10:20:06.000000,-3011.078076923023,-8558.83990256705,-11569.91797949005
2025-07-10T10:20:11.000000,-3011.078076923023,-8820.364645256785,-11831.442722179785
2025-07-10T10:20:16.000000,-3011.078076923023,-8847.422650000088,-11858.500726923088
2025-07-10T10:20:51.000000,-3011.078076923023,-8879.569150000092,-11890.647226923093
2025-07-10T10:20:56.000000,-3011.078076923023,-8881.194400000091,-11892.272476923092
2025-07-10T10:21:22.000000,-3028.2183173076396,-8881.194400000091,-11909.412717307709
2025-07-10T10:21:27.000000,-3045.358557692256,-8881.194400000091,-11926.552957692325
2025-07-10T10:21:32.000000,-3062.4987980768724,-8881.194400000091,-11943.693198076942
2025-07-10T10:21:37.000000,-3072.6435884614903,-8881.194400000091,-11953.83798846156
2025-07-10T10:21:42.000000,-3077.540799999952,-8881.194400000091,-11958.735200000023
2025-07-10T10:23:47.000000,-3077.540799999952,-8876.957540000096,-11954.498340000027
2025-07-10T10:23:52.000000,-3077.540799999952,-8872.7206800001,-11950.261480000032
2025-07-10T10:23:57.000000,-3077.540799999952,-8868.483820000105,-11946.024620000037
2025-07-10T10:24:02.000000,-3077.540799999952,-8864.24696000011,-11941.787760000041
2025-07-10T10:24:07.000000,-3077.540799999952,-8884.013700000114,-11961.554500000046
2025-07-10T10:25:03.000000,-3077.540799999952,-8964.654637142972,-12042.195437142904
2025-07-10T10:25:33.000000,-3077.540799999952,-9034.293924285828,-12111.83472428576
2025-07-10T10:28:33.000000,-3077.540799999952,-9169.943111428684,-12247.483911428615
2025-07-10T10:28:38.000000,-3077.540799999952,-9196.606900000112,-12274.147700000043
2025-07-10T10:30:37.000000,-3077.540799999952,-9255.107361904873,-12332.648161904805
2025-07-10T10:30:42.000000,-3077.540799999952,-9308.289600000111,-12385.830400000043
2025-07-10T10:46:37.000000,-3085.5339764705413,-9308.289600000111,-12393.823576470631
2025-07-10T10:46:42.000000,-3100.522602941129,-9308.289600000111,-12408.812202941219
2025-07-10T10:46:47.000000,-3108.5157794117185,-9308.289600000111,-12416.805379411808
2025-07-10T10:46:52.000000,-3116.508955882308,-9308.289600000111,-12424.798555882397
2025-07-10T10:46:57.000000,-3124.502132352897,-9308.289600000111,-12432.791732352985
2025-07-10T10:47:02.000000,-3146.4862088234863,-9308.289600000111,-12454.775808823575
2025-07-10T10:47:07.000000,-3175.465735294074,-9308.289600000111,-12483.755335294163
2025-07-10T10:47:12.000000,-3211.4407117646624,-9308.289600000111,-12519.730311764752
2025-07-10T10:47:17.000000,-3240.42023823525,-9308.289600000111,-12548.70983823534
2025-07-10T10:47:22.000000,-3262.404314705839,-9308.289600000111,-12570.69391470593
2025-07-10T10:47:27.000000,-3291.383841176427,-9308.289600000111,-12599.673441176517
2025-07-10T10:47:32.000000,-3327.3588176470153,-9308.289600000111,-12635.648417647106
2025-07-10T10:47:37.000000,-3363.3337941176037,-9308.289600000111,-12671.623394117694
2025-07-10T10:47:42.000000,-3399.308770588192,-9308.289600000111,-12707.598370588283
2025-07-10T10:47:47.000000,-3414.29739705878,-9308.289600000111,-12722.58699705887
2025-07-10T10:47:52.000000,-3450.2723735293685,-9308.289600000111,-12758.561973529459
2025-07-10T10:47:57.000000,-3486.247349999957,-9308.289600000111,-12794.536950000047
2025-07-10T10:48:02.000000,-3515.2268764705445,-9308.289600000111,-12823.516476470635
2025-07-10T10:48:07.000000,-3544.206402941132,-9308.289600000111,-12852.496002941223
2025-07-10T10:48:12.000000,-3553.628149999956,-9308.289600000111,-12861.917750000048
2025-07-10T13:06:37.000000,-3553.628149999956,-9251.260704054166,-12804.888854054103
2025-07-10T13:06:42.000000,-3553.628149999956,-9194.231808108221,-12747.859958108158
2025-07-10T13:06:47.000000,-3553.628149999956,-9137.202912162276,-12690.831062162213
2025-07-10T13:06:52.000000,-3553.628149999956,-9087.17506621633,-12640.803216216267
2025-07-10T13:06:57.000000,-3553.628149999956,-9044.148270270385,-12597.776420270322
2025-07-10T13:07:02.000000,-3553.628149999956,-9033.855200000116,-12587.483350000053
2025-07-10T13:09:47.000000,-3553.628149999956,-9079.103425000116,-12632.731575000053
2025-07-10T13:09:52.000000,-3553.628149999956,-9135.353300000117,-12688.981450000054
2025-07-10T13:09:57.000000,-3553.628149999956,-9191.603175000118,-12745.231325000055
2025-07-10T13:10:02.000000,-3553.628149999956,-9258.854700000116,-12812.482850000053
2025-07-10T13:10:07.000000,-3553.628149999956,-9275.082850000115,-12828.711000000052
2025-07-10T14:30:32.000000,-3639.87752674414,-9275.082850000115,-12914.960376744237
2025-07-10T14:30:37.000000,-3726.1269034883244,-9275.082850000115,-13001.209753488421
2025-07-10T14:30:42.000000,-3812.3762802325086,-9275.082850000115,-13087.459130232606
2025-07-10T14:30:47.000000,-3906.620456976694,-9275.082850000115,-13181.703306976791
2025-07-10T14:30:52.000000,-4000.8646337208797,-9275.082850000115,-13275.947483720976
2025-07-10T14:30:57.000000,-4030.2100999999493,-9275.082850000115,-13305.292950000046
2025-07-10T14:39:42.000000,-4311.500121249947,-9275.082850000115,-13586.582971250045
2025-07-10T14:39:47.000000,-4550.817442499946,-9275.082850000115,-13825.900292500044
2025-07-10T14:39:52.000000,-4853.093813749943,-9275.082850000115,-14128.176663750042
2025-07-10T14:39:57.000000,-5155.370184999941,-9275.082850000115,-14430.45303500004
2025-07-10T14:40:02.000000,-5352.71480624994,-9275.082850000115,-14627.79765625004
2025-07-10T14:40:07.000000,-5478.68499999994,-9275.082850000115,-14753.76785000004
2025-07-11T09:58:47.000000,-5478.68499999994,-9318.066841892003,-14796.751841891928
2025-07-11T09:58:57.000000,-5478.68499999994,-9286.80695000011,-14765.491950000034
2025-07-11T10:00:27.000000,-5561.9289909482195,-9286.80695000011,-14848.735940948314
2025-07-11T10:00:27.000000,-5561.9289909482195,-9354.07390238106,-14916.002893329265
2025-07-11T10:00:32.000000,-5624.186631896499,-9354.07390238106,-14978.260534277544
2025-07-11T10:00:37.000000,-5665.457922844776,-9354.07390238106,-15019.53182522582
2025-07-11T10:00:42.000000,-5727.7155637930555,-9354.07390238106,-15081.7894661741
2025-07-11T10:00:47.000000,-5789.973204741335,-9354.07390238106,-15144.047107122378
2025-07-11T10:00:52.000000,-5866.555749999957,-9354.07390238106,-15220.629652381
2025-07-11T10:00:57.000000,-5866.555749999957,-9408.456084381061,-15275.011834381
2025-07-11T10:01:02.000000,-5866.555749999957,-9450.836466381063,-15317.392216381002
2025-07-11T10:01:07.000000,-5866.555749999957,-9475.214148381063,-15341.769898381002
2025-07-11T10:01:07.000000,-5866.555749999957,-9494.067465020977,-15360.623215020916
2025-07-11T10:01:12.000000,-5866.555749999957,-9506.443347020977,-15372.999097020916
2025-07-11T10:01:17.000000,-5866.555749999957,-9506.817429020979,-15373.373179020919
2025-07-11T10:01:17.000000,-5866.555749999957,-9517.669545660894,-15384.225295660834
2025-07-11T10:01:22.000000,-5866.555749999957,-9518.043627660896,-15384.599377660836
2025-07-11T10:01:27.000000,-5866.555749999957,-9512.416809660897,-15378.972559660837
2025-07-11T10:01:32.000000,-5866.555749999957,-9494.788191660899,-15361.343941660838
2025-07-11T10:01:37.000000,-5866.555749999957,-9486.911685660898,-15353.467435660838
2025-07-11T10:02:32.000000,-5866.555749999957,-9516.341343980856,-15382.897093980795
2025-07-11T10:03:02.000000,-5866.555749999957,-9560.064582592557,-15426.620332592496
2025-07-11T10:03:17.000000,-5877.058749999957,-9560.064582592557,-15437.123332592497
2025-07-11T10:04:07.000000,-5877.058749999957,-9540.64591105428,-15417.70466105422
2025-07-11T10:04:12.000000,-5877.058749999957,-9553.232039516002,-15430.290789515942
2025-07-11T10:04:17.000000,-5877.058749999957,-9565.818167977724,-15442.876917977665
2025-07-11T10:04:22.000000,-5877.058749999957,-9578.404296439447,-15455.463046439387
2025-07-11T10:04:27.000000,-5877.058749999957,-9598.99162490117,-15476.05037490111
2025-07-11T10:04:32.000000,-5877.058749999957,-9627.580153362891,-15504.638903362831
2025-07-11T10:04:37.000000,-5877.058749999957,-9664.169881824613,-15541.228631824553
2025-07-11T10:04:42.000000,-5877.058749999957,-9700.759610286335,-15577.818360286275
2025-07-11T10:04:47.000000,-5877.058749999957,-9745.350538748056,-15622.409288747996
2025-07-11T10:04:52.000000,-5877.058749999957,-9797.94266720978,-15675.00141720972
2025-07-11T10:04:57.000000,-5877.058749999957,-9858.535995671504,-15735.594745671444
2025-07-11T10:05:02.000000,-5877.058749999957,-9927.130524133227,-15804.189274133167
2025-07-11T10:05:07.000000,-5877.058749999957,-10003.72625259495,-15880.78500259489
2025-07-11T10:05:12.000000,-5877.058749999957,-10088.323181056672,-15965.381931056612
2025-07-11T10:05:17.000000,-5877.058749999957,-10172.920109518394,-16049.978859518335
2025-07-11T10:05:22.000000,-5877.058749999957,-10265.518237980117,-16142.576987980057
2025-07-11T10:05:27.000000,-5877.058749999957,-10366.117566441839,-16243.176316441779
2025-07-11T10:05:32.000000,-5877.058749999957,-10466.71689490356,-16343.7756449035
2025-07-11T10:05:37.000000,-5877.058749999957,-10583.318623365281,-16460.377373365223
2025-07-11T10:05:42.000000,-5877.058749999957,-10707.921551827003,-16584.980301826945
2025-07-11T10:05:47.000000,-5877.058749999957,-10757.64810000015,-16634.70685000009
2025-07-11T10:06:07.000000,-5877.058749999957,-10828.529486666814,-16705.588236666754
2025-07-11T10:06:12.000000,-5877.058749999957,-10890.550700000145,-16767.609450000087
2025-07-11T10:07:12.000000,-5877.058749999957,-10887.453200000145,-16764.511950000087
2025-07-11T10:08:17.000000,-5827.96575571424,-10887.453200000145,-16715.41895571437
2025-07-11T10:08:22.000000,-5787.866911428524,-10887.453200000145,-16675.320111428653
2025-07-11T10:08:27.000000,-5747.768067142808,-10887.453200000145,-16635.221267142937
2025-07-11T10:08:32.000000,-5689.680922857092,-10887.453200000145,-16577.13412285722
2025-07-11T10:08:37.000000,-5631.593778571376,-10887.453200000145,-16519.046978571503
2025-07-11T10:08:42.000000,-5573.50663428566,-10887.453200000145,-16460.959834285786
2025-07-11T10:08:47.000000,-5506.4253399999425,-10887.453200000145,-16393.878540000067
2025-07-11T10:08:52.000000,-5454.25099999994,-10887.453200000145,-16341.704200000064
2025-07-11T10:09:52.000000,-5454.25099999994,-10926.83681000014,-16381.08781000006
2025-07-11T10:09:57.000000,-5454.25099999994,-10945.217270000137,-16399.468270000056
2025-07-11T10:10:02.000000,-5454.25099999994,-11026.607180000135,-16480.858180000054
2025-07-11T10:10:07.000000,-5454.25099999994,-11107.997090000134,-16562.248090000052
2025-07-11T10:10:12.000000,-5454.25099999994,-11273.39960000013,-16727.650600000048
2025-07-11T10:10:17.000000,-5454.25099999994,-11372.165700000127,-16826.416700000045
2025-07-11T10:11:22.000000,-5454.25099999994,-11537.113557230898,-16991.364557230816
2025-07-11T10:11:27.000000,-5454.25099999994,-11686.059014461669,-17140.310014461586
2025-07-11T10:11:32.000000,-5454.25099999994,-11835.00447169244,-17289.255471692355
2025-07-11T10:11:37.000000,-5454.25099999994,-11975.948728923211,-17430.199728923126
2025-07-11T10:11:42.000000,-5454.25099999994,-12116.892986153982,-17571.143986153897
2025-07-11T10:11:47.000000,-5454.25099999994,-12241.834843384751,-17696.085843384666
2025-07-11T10:11:47.000000,-5454.25099999994,-12323.03354338475,-17777.284543384663
2025-07-11T10:11:52.000000,-5454.25099999994,-12439.974200615523,-17894.225200615434
2025-07-11T10:11:52.000000,-5454.25099999994,-12521.172900615522,-17975.42390061543
2025-07-11T10:11:57.000000,-5454.25099999994,-12630.112357846292,-18084.363357846203
2025-07-11T10:11:57.000000,-5454.25099999994,-12722.312707846293,-18176.563707846202
2025-07-11T10:12:02.000000,-5454.25099999994,-12831.252165077063,-18285.503165076974
2025-07-11T10:12:02.000000,-5454.25099999994,-12869.541465077062,-18323.79246507697
2025-07-11T10:12:07.000000,-5454.25099999994,-12986.482122307834,-18440.73312230774
2025-07-11T10:12:12.000000,-5454.25099999994,-13119.425179538606,-18573.676179538514
2025-07-11T10:12:17.000000,-5454.25099999994,-13244.367036769376,-18698.618036769283
2025-07-11T10:12:22.000000,-5454.25099999994,-13385.311294000147,-18839.562294000054
2025-07-11T10:12:27.000000,-5454.25099999994,-13518.254351230918,-18972.505351230826
2025-07-11T10:12:32.000000,-5454.25099999994,-13667.19980846169,-19121.450808461595
2025-07-11T10:12:37.000000,-5454.25099999994,-13808.14406569246,-19262.395065692366
2025-07-11T10:12:42.000000,-5454.25099999994,-13949.088322923231,-19403.339322923137
2025-07-11T10:12:47.000000,-5454.25099999994,-14098.033780154003,-19552.284780153906
2025-07-11T10:12:52.000000,-5454.25099999994,-14246.979237384774,-19701.230237384676
2025-07-11T10:12:57.000000,-5454.25099999994,-14403.925894615544,-19858.176894615444
2025-07-11T10:13:02.000000,-5454.25099999994,-14568.873751846315,-20023.124751846215
2025-07-11T10:13:07.000000,-5454.25099999994,-14733.821609077086,-20188.072609076986
2025-07-11T10:13:12.000000,-5454.25099999994,-14906.770666307855,-20361.021666307755
2025-07-11T10:13:17.000000,-5454.25099999994,-15063.717323538625,-20517.968323538524
2025-07-11T10:13:22.000000,-5454.25099999994,-15188.659180769395,-20642.910180769293
2025-07-11T10:13:27.000000,-5454.25099999994,-15305.599838000167,-20759.850838000064
2025-07-11T10:13:32.000000,-5454.25099999994,-15430.541695230937,-20884.792695230833
2025-07-11T10:13:37.000000,-5454.25099999994,-15563.484752461709,-21017.735752461605
2025-07-11T10:13:42.000000,-5454.25099999994,-15696.42780969248,-21150.678809692377
2025-07-11T10:13:47.000000,-5454.25099999994,-15829.370866923253,-21283.62186692315
2025-07-11T10:13:52.000000,-5454.25099999994,-15954.312724154022,-21408.56372415392
2025-07-11T10:13:57.000000,-5454.25099999994,-16079.254581384792,-21533.50558138469
2025-07-11T10:13:57.000000,-5487.349904053992,-16079.254581384792,-21566.60448543874
2025-07-11T10:14:02.000000,-5487.349904053992,-16188.194038615562,-21675.543942669512
2025-07-11T10:14:02.000000,-5527.444258108045,-16188.194038615562,-21715.638296723566
2025-07-11T10:14:07.000000,-5527.444258108045,-16289.132295846332,-21816.576553954335
2025-07-11T10:14:07.000000,-5574.534062162096,-16289.132295846332,-21863.666358008388
2025-07-11T10:14:12.000000,-5574.534062162096,-16374.068153077102,-21948.602215239156
2025-07-11T10:14:12.000000,-5600.637516216149,-16374.068153077102,-21974.70566929321
2025-07-11T10:14:17.000000,-5600.637516216149,-16443.00161030787,-22043.63912652398
2025-07-11T10:14:17.000000,-5626.7409702702025,-16443.00161030787,-22069.742580578033
2025-07-11T10:14:22.000000,-5626.7409702702025,-16527.93746753864,-22154.6784378088
2025-07-11T10:14:22.000000,-5636.197799999932,-16527.93746753864,-22164.13526753853
2025-07-11T10:14:27.000000,-5636.197799999932,-16580.86852476941,-22217.0663247693
2025-07-11T10:14:32.000000,-5636.197799999932,-16617.79718200018,-22253.994982000073
2025-07-11T10:14:37.000000,-5636.197799999932,-16646.72463923095,-22282.922439230842
2025-07-11T10:14:42.000000,-5636.197799999932,-16654.80280000018,-22291.000600000072
2025-07-11T10:15:12.000000,-5726.448085714216,-16654.80280000018,-22381.25088571436
2025-07-11T10:15:17.000000,-5805.705521428503,-16654.80280000018,-22460.508321428646
2025-07-11T10:15:22.000000,-5851.984407142789,-16654.80280000018,-22506.78720714293
2025-07-11T10:15:27.000000,-5858.400049999932,-16654.80280000018,-22513.202850000074
2025-07-11T10:18:37.000000,-5858.400049999932,-16573.679453846333,-22432.079503846227
2025-07-11T10:18:42.000000,-5858.400049999932,-16492.556107692486,-22350.95615769238
2025-07-11T10:18:47.000000,-5858.400049999932,-16411.43276153864,-22269.832811538534
2025-07-11T10:18:52.000000,-5858.400049999932,-16330.309415384792,-22188.709465384687
2025-07-11T10:18:57.000000,-5858.400049999932,-16249.186069230946,-22107.58611923084
2025-07-11T10:19:02.000000,-5858.400049999932,-16232.961400000177,-22091.36145000007
2025-07-11T10:20:22.000000,-5858.400049999932,-16256.896740000178,-22115.29679000007
2025-07-11T10:20:27.000000,-5858.400049999932,-16280.83208000018,-22139.23213000007
2025-07-11T10:20:32.000000,-5858.400049999932,-16304.767420000182,-22163.16747000007
2025-07-11T10:20:37.000000,-5858.400049999932,-16328.702760000184,-22187.10281000007
2025-07-11T10:20:42.000000,-5858.400049999932,-16352.638100000186,-22211.03815000007
2025-07-11T10:30:17.000000,-5852.8626552630885,-16352.638100000186,-22205.500755263227
2025-07-11T10:30:22.000000,-5837.331760526247,-16352.638100000186,-22189.969860526384
2025-07-11T10:30:27.000000,-5811.807365789405,-16352.638100000186,-22164.44546578954
2025-07-11T10:30:32.000000,-5786.282971052562,-16352.638100000186,-22138.921071052697
2025-07-11T10:30:37.000000,-5770.752076315721,-16352.638100000186,-22123.390176315854
2025-07-11T10:30:42.000000,-5759.880449999932,-16352.638100000186,-22112.518550000066
2025-07-11T10:30:57.000000,-5759.880449999932,-16351.602201315976,-22111.482651315855
2025-07-11T10:31:02.000000,-5759.880449999932,-16357.567352631768,-22117.447802631646
2025-07-11T10:31:07.000000,-5759.880449999932,-16363.53250394756,-22123.412953947438
2025-07-11T10:31:12.000000,-5759.880449999932,-16369.49765526335,-22129.37810526323
2025-07-11T10:31:17.000000,-5759.880449999932,-16368.461756579141,-22128.34220657902
2025-07-11T10:31:22.000000,-5759.880449999932,-16368.017800000194,-22127.89825000007
2025-07-11T10:35:02.000000,-5662.014342682857,-16368.017800000194,-22030.032142682994
2025-07-11T10:35:07.000000,-5580.137835365781,-16368.017800000194,-21948.155635365918
2025-07-11T10:35:12.000000,-5506.256128048706,-16368.017800000194,-21874.273928048842
2025-07-11T10:35:17.000000,-5432.374420731631,-16368.017800000194,-21800.392220731766
2025-07-11T10:35:22.000000,-5342.503113414557,-16368.017800000194,-21710.520913414693
2025-07-11T10:35:27.000000,-5330.269849999923,-16368.017800000194,-21698.28765000006
2025-07-11T11:06:42.000000,-5300.9621357142105,-16368.017800000194,-21668.979935714346
2025-07-11T11:06:47.000000,-5279.649221428495,-16368.017800000194,-21647.66702142863
2025-07-11T11:06:52.000000,-5258.33630714278,-16368.017800000194,-21626.354107142917
2025-07-11T11:06:57.000000,-5229.028592857067,-16368.017800000194,-21597.046392857203
2025-07-11T11:07:02.000000,-5191.726078571353,-16368.017800000194,-21559.743878571488
2025-07-11T11:07:07.000000,-5182.400449999925,-16368.017800000194,-21550.41825000006
2025-07-11T13:03:37.000000,-5182.400449999925,-16315.460701190674,-21497.86115119054
2025-07-11T13:03:42.000000,-5182.400449999925,-16262.903602381153,-21445.30405238102
2025-07-11T13:03:47.000000,-5182.400449999925,-16227.349053571632,-21409.7495035715
2025-07-11T13:03:52.000000,-5182.400449999925,-16191.79450476211,-21374.19495476198
2025-07-11T13:03:57.000000,-5182.400449999925,-16174.333800000208,-21356.734250000078
2025-07-11T13:04:12.000000,-5182.400449999925,-16233.93400000021,-21416.334450000082
2025-07-11T13:05:32.000000,-5182.400449999925,-16251.872740384826,-21434.273190384698
2025-07-11T13:05:37.000000,-5182.400449999925,-16269.811480769442,-21452.211930769314
2025-07-11T13:05:42.000000,-5182.400449999925,-16287.750221154058,-21470.15067115393
2025-07-11T13:05:47.000000,-5182.400449999925,-16305.688961538674,-21488.089411538545
2025-07-11T13:05:52.000000,-5182.400449999925,-16323.62770192329,-21506.02815192316
2025-07-11T13:05:57.000000,-5182.400449999925,-16327.215450000213,-21509.615900000084
2025-07-11T13:16:12.000000,-5199.946810975534,-16327.215450000213,-21527.162260975692
2025-07-11T13:19:52.000000,-5275.013532926754,-16327.215450000213,-21602.22898292691
2025-07-11T13:19:57.000000,-5350.080254877974,-16327.215450000213,-21677.295704878128
2025-07-11T13:20:02.000000,-5433.141776829191,-16327.215450000213,-21760.357226829346
2025-07-11T13:20:07.000000,-5524.19809878041,-16327.215450000213,-21851.413548780565
2025-07-11T13:20:12.000000,-5586.105049999921,-16327.215450000213,-21913.320500000074
2025-07-11T13:36:52.000000,-5613.803956666588,-16327.215450000213,-21941.019406666743
2025-07-11T13:36:57.000000,-5628.583683333255,-16327.215450000213,-21955.79913333341
2025-07-11T13:37:02.000000,-5662.375663725413,-16327.215450000213,-21989.591113725568
2025-07-11T13:37:17.000000,-5722.748409553056,-16327.215450000213,-22049.963859553212
2025-07-11T13:38:17.000000,-5798.058399999937,-16327.215450000213,-22125.273850000092
2025-07-11T13:40:27.000000,-5803.09373333327,-16327.215450000213,-22130.309183333426
2025-07-11T13:45:22.000000,-5742.3490828282165,-16327.215450000213,-22069.56453282837
2025-07-11T13:45:27.000000,-5681.604432323163,-16327.215450000213,-22008.819882323318
2025-07-11T13:45:32.000000,-5628.85458181811,-16327.215450000213,-21956.070031818264
2025-07-11T13:45:37.000000,-5568.109931313056,-16327.215450000213,-21895.32538131321
2025-07-11T13:45:42.000000,-5561.5161999999245,-16327.215450000213,-21888.731650000078
2025-07-11T13:57:52.000000,-5571.996459615311,-16327.215450000213,-21899.211909615464
2025-07-11T13:57:57.000000,-5582.476719230698,-16327.215450000213,-21909.69216923085
2025-07-11T13:58:02.000000,-5592.956978846085,-16327.215450000213,-21920.172428846236
2025-07-11T13:58:07.000000,-5603.437238461472,-16327.215450000213,-21930.65268846162
2025-07-11T13:58:12.000000,-5613.9174980768585,-16327.215450000213,-21941.132948077007
2025-07-11T13:58:17.000000,-5618.012249999935,-16327.215450000213,-21945.227700000083
2025-07-11T13:58:42.000000,-5669.579888297805,-16327.215450000213,-21996.795338297954
2025-07-11T13:58:47.000000,-5729.142326595676,-16327.215450000213,-22056.357776595825
2025-07-11T13:58:52.000000,-5796.699564893546,-16327.215450000213,-22123.915014893697
2025-07-11T13:58:57.000000,-5872.251603191417,-16327.215450000213,-22199.46705319157
2025-07-11T13:59:02.000000,-5947.803641489289,-16327.215450000213,-22275.01909148944
2025-07-11T13:59:07.000000,-6023.35567978716,-16327.215450000213,-22350.571129787313
2025-07-11T13:59:12.000000,-6106.902518085029,-16327.215450000213,-22434.117968085182
2025-07-11T13:59:17.000000,-6190.449356382899,-16327.215450000213,-22517.66480638305
2025-07-11T13:59:22.000000,-6266.00139468077,-16327.215450000213,-22593.216844680923
2025-07-11T13:59:27.000000,-6333.55863297864,-16327.215450000213,-22660.774082978794
2025-07-11T13:59:32.000000,-6393.121071276511,-16327.215450000213,-22720.336521276666
2025-07-11T13:59:37.000000,-6443.788999999914,-16327.215450000213,-22771.00445000007
2025-07-11T13:59:47.000000,-6464.246849999913,-16327.215450000213,-22791.46230000007
2025-07-11T14:00:02.000000,-6485.33454999991,-16327.215450000213,-22812.550000000065
2025-07-11T14:04:32.000000,-6204.390449999909,-16327.215450000213,-22531.605900000064
2025-07-11T14:04:47.000000,-6258.422916666575,-16327.215450000213,-22585.638366666728
2025-07-11T14:04:52.000000,-6281.441749999907,-16327.215450000213,-22608.65720000006
2025-07-11T14:09:42.000000,-6281.441749999907,-16363.716750000212,-22645.15850000006
2025-07-11T14:37:47.000000,-6281.441749999907,-16363.235550000212,-22644.67730000006
2025-07-11T14:44:12.000000,-6313.885457316982,-16363.235550000212,-22677.121007317135
2025-07-11T14:44:17.000000,-6354.323964634055,-16363.235550000212,-22717.55951463421
2025-07-11T14:44:22.000000,-6394.762471951129,-16363.235550000212,-22757.998021951284
2025-07-11T14:44:27.000000,-6435.200979268202,-16363.235550000212,-22798.436529268358
2025-07-11T14:44:32.000000,-6475.639486585275,-16363.235550000212,-22838.875036585432
2025-07-11T14:44:37.000000,-6481.693649999909,-16363.235550000212,-22844.929200000068
2025-07-14T09:59:22.000000,-6481.693649999909,-16370.38276756778,-22852.076417567638
2025-07-14T09:59:27.000000,-6481.693649999909,-16377.529985135348,-22859.223635135208
2025-07-14T09:59:32.000000,-6481.693649999909,-16391.678252702917,-22873.371902702776
2025-07-14T09:59:37.000000,-6481.693649999909,-16405.826520270486,-22887.520170270345
2025-07-14T09:59:42.000000,-6481.693649999909,-16433.976887838056,-22915.670537837916
2025-07-14T09:59:47.000000,-6481.693649999909,-16440.01955000022,-22921.71320000008
2025-07-14T10:02:57.000000,-6481.693649999909,-16426.153613964187,-22907.847263964046
2025-07-14T10:03:02.000000,-6481.693649999909,-16456.29427792815,-22937.98792792801
2025-07-14T10:03:07.000000,-6481.693649999909,-16464.43164189212,-22946.125291891978
2025-07-14T10:03:12.000000,-6481.693649999909,-16472.569005856087,-22954.262655855946
2025-07-14T10:03:17.000000,-6481.693649999909,-16480.706369820055,-22962.400019819914
2025-07-14T10:03:22.000000,-6481.693649999909,-16481.076250000235,-22962.769900000094
2025-07-14T10:09:07.000000,-6481.693649999909,-16420.80768271051,-22902.50133271037
2025-07-14T10:09:12.000000,-6481.693649999909,-16360.539115420786,-22842.232765420646
2025-07-14T10:09:17.000000,-6481.693649999909,-16300.270548131062,-22781.96419813092
2025-07-14T10:09:22.000000,-6481.693649999909,-16218.99883084134,-22700.692480841197
2025-07-14T10:09:27.000000,-6481.693649999909,-16158.730263551615,-22640.423913551473
2025-07-14T10:09:32.000000,-6481.693649999909,-16150.990100000214,-22632.68375000007
2025-07-14T10:21:37.000000,-6481.693649999909,-16173.404000000215,-22655.09765000007
2025-07-14T10:33:32.000000,-6451.0413560868665,-16173.404000000215,-22624.445356087024
2025-07-14T10:33:37.000000,-6441.375412173823,-16173.404000000215,-22614.779412173983
2025-07-14T10:33:42.000000,-6410.72311826078,-16173.404000000215,-22584.127118260938
2025-07-14T10:33:47.000000,-6380.0708243477375,-16173.404000000215,-22553.474824347893
2025-07-14T10:33:52.000000,-6349.418530434695,-16173.404000000215,-22522.82253043485
2025-07-14T10:33:57.000000,-6334.822199999912,-16173.404000000215,-22508.226200000066
2025-07-14T10:37:02.000000,-6334.822199999912,-16095.174050000212,-22429.996250000066
2025-07-14T10:37:07.000000,-6334.822199999912,-16025.945450000212,-22360.767650000067
2025-07-14T10:37:12.000000,-6334.822199999912,-15974.71955000021,-22309.541750000066
2025-07-14T10:37:17.000000,-6334.822199999912,-15923.49365000021,-22258.315850000065
2025-07-14T10:37:22.000000,-6334.822199999912,-15863.266400000208,-22198.08860000006
2025-07-14T10:37:27.000000,-6334.822199999912,-15846.191100000207,-22181.01330000006
2025-07-14T11:04:17.000000,-6334.822199999912,-15883.788000000211,-22218.610200000065
2025-07-14T13:40:37.000000,-6334.822199999912,-15899.256450000212,-22234.078650000065
2025-07-14T13:43:32.000000,-6334.822199999912,-15970.653104000214,-22305.475304000065
2025-07-14T13:44:57.000000,-6334.822199999912,-15982.207035787447,-22317.0292357873
2025-07-14T13:45:37.000000,-6334.822199999912,-15995.16410995766,-22329.986309957512
2025-07-14T13:45:42.000000,-6334.822199999912,-16008.121184127871,-22342.943384127724
2025-07-14T13:45:47.000000,-6334.822199999912,-16021.078258298083,-22355.900458297936
2025-07-14T13:45:52.000000,-6334.822199999912,-16034.035332468295,-22368.857532468148
2025-07-14T13:45:57.000000,-6334.822199999912,-16046.992406638507,-22381.81460663836
2025-07-14T13:46:02.000000,-6334.822199999912,-16059.949480808718,-22394.77168080857
2025-07-14T13:46:07.000000,-6334.822199999912,-16065.905504978931,-22400.727704978784
2025-07-14T13:46:12.000000,-6334.822199999912,-16071.861529149144,-22406.683729148997
2025-07-14T13:46:17.000000,-6334.822199999912,-16077.817553319357,-22412.63975331921
2025-07-14T13:46:22.000000,-6334.822199999912,-16083.77357748957,-22418.595777489423
2025-07-14T13:46:27.000000,-6334.822199999912,-16089.729601659783,-22424.551801659636
2025-07-14T13:46:32.000000,-6334.822199999912,-16095.685625829996,-22430.50782582985
2025-07-14T13:46:37.000000,-6334.822199999912,-16101.641650000209,-22436.463850000062
2025-07-14T13:53:57.000000,-6334.822199999912,-16075.456762766167,-22410.27896276602
2025-07-14T13:54:02.000000,-6334.822199999912,-16049.271875532126,-22384.09407553198
2025-07-14T13:54:07.000000,-6334.822199999912,-16023.086988298084,-22357.909188297937
2025-07-14T13:54:12.000000,-6334.822199999912,-15996.902101064043,-22331.724301063896
2025-07-14T13:54:17.000000,-6334.822199999912,-15970.717213830001,-22305.539413829854
2025-07-14T13:54:22.000000,-6334.822199999912,-15964.898350000214,-22299.720550000067
2025-07-14T13:57:57.000000,-6334.822199999912,-15973.072229069983,-22307.894429069835
2025-07-14T13:58:02.000000,-6334.822199999912,-15981.246108139752,-22316.068308139602
2025-07-14T13:58:07.000000,-6334.822199999912,-15989.419987209521,-22324.24218720937
2025-07-14T13:58:12.000000,-6334.822199999912,-16005.595066279291,-22340.41726627914
2025-07-14T13:58:17.000000,-6334.822199999912,-16021.77014534906,-22356.59234534891
2025-07-14T13:58:22.000000,-6334.822199999912,-16027.835800000224,-22362.658000000072
2025-07-14T14:30:22.000000,-6334.822199999912,-16031.375049123031,-22366.19724912288
2025-07-14T14:30:27.000000,-6334.822199999912,-16034.914298245838,-22369.73649824569
2025-07-14T14:30:32.000000,-6334.822199999912,-16038.453547368645,-22373.275747368498
2025-07-14T14:30:37.000000,-6334.822199999912,-16041.992796491451,-22376.814996491306
2025-07-14T14:30:42.000000,-6334.822199999912,-16045.532045614258,-22380.354245614115
2025-07-14T14:30:47.000000,-6334.822199999912,-16057.072494737067,-22391.894694736922
2025-07-14T14:30:52.000000,-6334.822199999912,-16068.612943859876,-22403.43514385973
2025-07-14T14:30:57.000000,-6334.822199999912,-16070.055500000228,-22404.87770000008
2025-07-14T14:34:07.000000,-6334.822199999912,-15975.558184482989,-22310.38038448284
2025-07-14T14:34:12.000000,-6334.822199999912,-15881.06086896575,-22215.8830689656
2025-07-14T14:34:17.000000,-6334.822199999912,-15777.562203448511,-22112.384403448363
2025-07-14T14:34:22.000000,-6334.822199999912,-15754.562500000236,-22089.384700000086
2025-07-15T09:48:17.000000,-6334.822199999912,-15790.769650000237,-22125.591850000084
2025-07-15T09:48:27.000000,-6334.822199999912,-15863.183950000235,-22198.006150000085
2025-07-15T09:49:57.000000,-6334.822199999912,-15941.397400000234,-22276.219600000084
2025-07-15T10:09:37.000000,-6334.822199999912,-16023.427048648882,-22358.24924864873
2025-07-15T10:10:52.000000,-6334.822199999912,-15973.34514864888,-22308.16734864873
2025-07-15T10:10:57.000000,-6334.822199999912,-15923.263248648876,-22258.08544864873
2025-07-15T10:11:02.000000,-6334.822199999912,-15910.156848648876,-22244.97904864873
2025-07-15T10:13:12.000000,-6334.822199999912,-15961.53836216239,-22296.36056216224
2025-07-15T10:13:17.000000,-6334.822199999912,-15998.917775675904,-22333.739975675755
2025-07-15T10:13:22.000000,-6334.822199999912,-16029.296139189419,-22364.11833918927
2025-07-15T10:13:27.000000,-6351.415389473596,-16029.296139189419,-22380.711528662956
2025-07-15T10:13:27.000000,-6351.415389473596,-16059.674502702934,-22411.08989217647
2025-07-15T10:13:32.000000,-6387.3553397755795,-16059.674502702934,-22447.029842478456
2025-07-15T10:13:32.000000,-6387.3553397755795,-16085.713100000232,-22473.068439775754
2025-07-15T10:14:47.000000,-6462.3751397755805,-16085.713100000232,-22548.088239775756
2025-07-15T10:14:52.000000,-6479.38693977558,-16085.713100000232,-22565.100039775756
2025-07-15T10:15:02.000000,-6652.476224546937,-16085.713100000232,-22738.189324547115
2025-07-15T10:15:07.000000,-6718.414999697931,-16085.713100000232,-22804.128099698108
2025-07-15T10:15:12.000000,-6866.282149999915,-16085.713100000232,-22951.99525000009
2025-07-15T10:15:32.000000,-6893.323949999916,-16085.713100000232,-22979.03705000009
2025-07-15T10:15:47.000000,-6927.880477999914,-16085.713100000232,-23013.593578000087
2025-07-15T10:15:52.000000,-7001.3130999999075,-16085.713100000232,-23087.02620000008
2025-07-15T10:16:07.000000,-7024.980274999905,-16085.713100000232,-23110.69337500008
2025-07-15T10:19:22.000000,-6965.58721962356,-16085.713100000232,-23051.300319623733
2025-07-15T10:19:27.000000,-6906.194164247214,-16085.713100000232,-22991.907264247388
2025-07-15T10:19:32.000000,-6846.801108870868,-16085.713100000232,-22932.51420887104
2025-07-15T10:19:37.000000,-6804.397003494522,-16085.713100000232,-22890.110103494695
2025-07-15T10:19:42.000000,-6778.9818481181765,-16085.713100000232,-22864.694948118347
2025-07-15T10:19:47.000000,-6759.026974999896,-16085.713100000232,-22844.740075000067
2025-07-15T10:20:02.000000,-6676.936803301781,-16085.713100000232,-22762.649903301954
2025-07-15T10:20:07.000000,-6594.846631603666,-16085.713100000232,-22680.55973160384
2025-07-15T10:20:12.000000,-6512.75645990555,-16085.713100000232,-22598.469559905727
2025-07-15T10:20:17.000000,-6439.6604382074365,-16085.713100000232,-22525.373538207612
2025-07-15T10:20:22.000000,-6375.558566509321,-16085.713100000232,-22461.271666509496
2025-07-15T10:20:27.000000,-6318.579124999886,-16085.713100000232,-22404.29222500006
2025-07-15T10:20:47.000000,-6278.67730092581,-16085.713100000232,-22364.390400925986
2025-07-15T10:20:47.000000,-6225.040750351097,-16085.713100000232,-22310.753850351273
2025-07-15T10:20:52.000000,-6185.138926277022,-16085.713100000232,-22270.8520262772
2025-07-15T10:20:52.000000,-6145.493275702308,-16085.713100000232,-22231.206375702488
2025-07-15T10:20:57.000000,-6105.591451628233,-16085.713100000232,-22191.304551628415
2025-07-15T10:20:57.000000,-6051.954901053519,-16085.713100000232,-22137.668001053702
2025-07-15T10:21:02.000000,-6012.053076979444,-16085.713100000232,-22097.76617697963
2025-07-15T10:21:02.000000,-5986.39832640473,-16085.713100000232,-22072.111426404914
2025-07-15T10:21:02.000000,-5968.840419738063,-16085.713100000232,-22054.553519738245
2025-07-15T10:21:07.000000,-5928.938595663988,-16085.713100000232,-22014.65169566417
2025-07-15T10:21:07.000000,-5897.600659949701,-16085.713100000232,-21983.313759949884
2025-07-15T10:21:07.000000,-5871.945909374987,-16085.713100000232,-21957.65900937517
2025-07-15T10:21:07.000000,-5854.3880027083205,-16085.713100000232,-21940.1011027085
2025-07-15T10:21:12.000000,-5838.427273078691,-16085.713100000232,-21924.14037307887
2025-07-15T10:21:12.000000,-5807.089337364404,-16085.713100000232,-21892.802437364582
2025-07-15T10:21:12.000000,-5767.44368678969,-16085.713100000232,-21853.15678678987
2025-07-15T10:21:12.000000,-5749.885780123023,-16085.713100000232,-21835.5988801232
2025-07-15T10:21:17.000000,-5726.542644408735,-16085.713100000232,-21812.255744408914
2025-07-15T10:21:17.000000,-5718.047147857011,-16085.713100000232,-21803.76024785719
2025-07-15T10:21:17.000000,-5700.489241190344,-16085.713100000232,-21786.20234119052
2025-07-15T10:21:22.000000,-5688.817673333199,-16085.713100000232,-21774.530773333376
2025-07-15T10:21:22.000000,-5687.221499999866,-16085.713100000232,-21772.93460000004
2025-07-15T10:22:37.000000,-5687.221499999866,-16101.685550000233,-21788.90705000004
2025-07-15T10:22:52.000000,-5687.221499999866,-16170.194112963196,-21857.415612963003
2025-07-15T10:23:37.000000,-5687.221499999866,-16219.246044444677,-21906.467544444484
2025-07-15T10:25:42.000000,-5687.221499999866,-16233.880944444683,-21921.102444444492
2025-07-15T10:27:07.000000,-5687.221499999866,-16162.342373611353,-21849.56387361116
2025-07-15T10:27:12.000000,-5687.221499999866,-16097.617000000244,-21784.838500000053
2025-07-15T10:27:37.000000,-5687.221499999866,-16151.689750000247,-21838.911250000056
2025-07-15T10:33:27.000000,-5687.221499999866,-16133.031720000246,-21820.253220000057
2025-07-15T10:33:32.000000,-5687.221499999866,-16114.373690000246,-21801.59519000006
2025-07-15T10:33:37.000000,-5687.221499999866,-16102.716710000246,-21789.93821000006
2025-07-15T10:33:42.000000,-5687.221499999866,-16098.060780000245,-21785.282280000058
2025-07-15T10:33:47.000000,-5687.221499999866,-16093.404850000245,-21780.626350000057
2025-07-15T11:01:17.000000,-5687.221499999866,-16154.646356451862,-21841.867856451674
2025-07-15T11:02:02.000000,-5687.221499999866,-16170.698350000248,-21857.91985000006
2025-07-15T13:05:12.000000,-5687.221499999866,-16194.660750000248,-21881.88225000006
2025-07-15T13:05:57.000000,-5687.221499999866,-16271.085788461787,-21958.3072884616
2025-07-15T13:10:07.000000,-5687.221499999866,-16280.980650000249,-21968.202150000063
2025-07-15T13:27:12.000000,-5687.221499999866,-16429.012192528986,-22116.2336925288
2025-07-15T13:27:17.000000,-5687.221499999866,-16577.043735057723,-22264.265235057537
2025-07-15T13:27:22.000000,-5687.221499999866,-16725.07527758646,-22412.296777586274
2025-07-15T13:27:27.000000,-5687.221499999866,-16873.106820115197,-22560.32832011501
2025-07-15T13:27:32.000000,-5687.221499999866,-17007.136262643933,-22694.357762643747
2025-07-15T13:27:37.000000,-5687.221499999866,-17141.16570517267,-22828.387205172483
2025-07-15T13:27:42.000000,-5687.221499999866,-17169.886300000257,-22857.10780000007
2025-07-15T13:29:32.000000,-5687.221499999866,-17152.82379038487,-22840.045290384685
2025-07-15T13:29:37.000000,-5687.221499999866,-17135.761280769486,-22822.9827807693
2025-07-15T13:29:42.000000,-5687.221499999866,-17118.6987711541,-22805.920271153915
2025-07-15T13:29:47.000000,-5687.221499999866,-17101.636261538715,-22788.85776153853
2025-07-15T13:29:52.000000,-5687.221499999866,-17084.57375192333,-22771.795251923144
2025-07-15T13:29:57.000000,-5687.221499999866,-17081.161250000252,-22768.382750000066
2025-07-15T13:35:57.000000,-5687.221499999866,-17029.839274324575,-22717.06077432439
2025-07-15T13:36:02.000000,-5687.221499999866,-16964.5151986489,-22651.736698648714
2025-07-15T13:36:07.000000,-5687.221499999866,-16906.192172973224,-22593.413672973038
2025-07-15T13:36:12.000000,-5687.221499999866,-16819.864947297545,-22507.08644729736
2025-07-15T13:36:17.000000,-5687.221499999866,-16726.53667162187,-22413.758171621685
2025-07-15T13:36:17.000000,-5687.221499999866,-16841.615671621872,-22528.837171621686
2025-07-15T13:36:22.000000,-5687.221499999866,-16814.95045000025,-22502.171950000065
2025-07-15T13:36:22.000000,-5687.221499999866,-16930.029450000253,-22617.250950000067
2025-07-15T13:36:27.000000,-5687.221499999866,-17055.109950000257,-22742.33145000007
2025-07-15T13:36:32.000000,-5687.221499999866,-17180.19045000026,-22867.411950000074
2025-07-15T13:36:37.000000,-5687.221499999866,-17305.270950000264,-22992.492450000078
2025-07-15T13:36:42.000000,-5687.221499999866,-17440.352950000266,-23127.57445000008
2025-07-15T13:36:47.000000,-5687.221499999866,-17477.877100000267,-23165.09860000008
2025-07-15T13:39:37.000000,-5687.221499999866,-17538.38450000027,-23225.606000000083
2025-07-15T13:49:57.000000,-5701.648299999866,-17538.38450000027,-23240.032800000085
2025-07-15T13:52:47.000000,-5720.0724999998665,-17538.38450000027,-23258.457000000086
2025-07-15T13:54:47.000000,-5743.538649999868,-17538.38450000027,-23281.923150000086
2025-07-15T13:54:52.000000,-5767.004799999869,-17538.38450000027,-23305.389300000086
2025-07-15T13:54:57.000000,-5790.47094999987,-17538.38450000027,-23328.855450000086
2025-07-15T13:55:02.000000,-5822.93124999987,-17538.38450000027,-23361.315750000085
2025-07-15T14:00:02.000000,-5822.93124999987,-17557.699470588504,-23380.63072058832
2025-07-15T14:00:07.000000,-5822.93124999987,-17571.219950000268,-23394.151200000084
2025-07-15T14:07:12.000000,-5822.93124999987,-17568.519650000268,-23391.450900000083
2025-07-15T14:08:52.000000,-5822.93124999987,-17523.813050000266,-23346.744300000082
2025-07-15T14:09:22.000000,-5822.93124999987,-17519.655328571695,-23342.58657857151
2025-07-15T14:10:32.000000,-5822.93124999987,-17474.948728571693,-23297.87997857151
2025-07-15T14:10:37.000000,-5822.93124999987,-17441.400900000262,-23264.33215000008
2025-07-15T14:14:47.000000,-5830.7348499998725,-17441.400900000262,-23272.13575000008
2025-07-15T14:14:52.000000,-5838.538449999875,-17441.400900000262,-23279.939350000084
2025-07-15T14:14:57.000000,-5846.342049999878,-17441.400900000262,-23287.742950000087
2025-07-15T14:15:02.000000,-5854.145649999881,-17441.400900000262,-23295.54655000009
2025-07-15T14:15:07.000000,-5861.949249999884,-17441.400900000262,-23303.350150000093
2025-07-16T09:54:32.000000,-5861.949249999884,-17387.523500000265,-23249.472750000095
2025-07-16T09:54:37.000000,-5861.949249999884,-17345.647900000266,-23207.597150000096
2025-07-16T09:54:42.000000,-5861.949249999884,-17291.770500000268,-23153.7197500001
2025-07-16T09:54:47.000000,-5861.949249999884,-17231.892200000268,-23093.841450000098
2025-07-16T09:54:52.000000,-5861.949249999884,-17172.013900000267,-23033.963150000098
2025-07-16T09:54:57.000000,-5861.949249999884,-17145.07520000027,-23007.0244500001
2025-07-16T09:57:52.000000,-5861.949249999884,-16976.05054774802,-22837.99979774785
2025-07-16T09:57:57.000000,-5861.949249999884,-16785.022595495768,-22646.9718454956
2025-07-16T09:58:02.000000,-5861.949249999884,-16615.997943243518,-22477.947193243348
2025-07-16T09:58:07.000000,-5861.949249999884,-16446.973290991267,-22308.922540991098
2025-07-16T09:58:12.000000,-5861.949249999884,-16299.951938739016,-22161.901188738844
2025-07-16T09:58:17.000000,-5861.949249999884,-16293.269150000277,-22155.218400000107
2025-07-16T10:03:12.000000,-5861.949249999884,-16073.077518493428,-21935.02676849326
2025-07-16T10:03:17.000000,-5861.949249999884,-15852.88588698658,-21714.83513698641
2025-07-16T10:03:22.000000,-5861.949249999884,-15619.692305479732,-21481.64155547956
2025-07-16T10:03:27.000000,-5861.949249999884,-15386.498723972883,-21248.44797397271
2025-07-16T10:03:32.000000,-5861.949249999884,-15153.305142466035,-21015.25439246586
2025-07-16T10:03:37.000000,-5861.949249999884,-15017.802600000283,-20879.751850000106
2025-07-16T10:06:22.000000,-5861.949249999884,-15033.713000000284,-20895.662250000107
2025-07-16T10:06:27.000000,-5861.949249999884,-15049.623400000284,-20911.572650000107
2025-07-16T10:06:32.000000,-5861.949249999884,-15065.533800000285,-20927.483050000108
2025-07-16T10:06:37.000000,-5861.949249999884,-15081.444200000285,-20943.39345000011
2025-07-16T10:06:42.000000,-5893.604455645045,-15081.444200000285,-20975.04865564527
2025-07-16T10:06:42.000000,-5893.604455645045,-15097.354600000286,-20990.95905564527
2025-07-16T10:07:37.000000,-5810.151811414277,-15097.354600000286,-20907.506411414503
2025-07-16T10:07:42.000000,-5726.699167183509,-15097.354600000286,-20824.053767183734
2025-07-16T10:07:47.000000,-5633.25302295274,-15097.354600000286,-20730.607622952964
2025-07-16T10:07:52.000000,-5529.813378721973,-15097.354600000286,-20627.1679787222
2025-07-16T10:07:57.000000,-5436.367234491204,-15097.354600000286,-20533.72183449143
2025-07-16T10:08:02.000000,-5427.67150564505,-15097.354600000286,-20525.026105645276
2025-07-16T10:10:37.000000,-5556.939016935371,-15097.354600000286,-20654.293616935596
2025-07-16T10:10:42.000000,-5686.206528225692,-15097.354600000286,-20783.561128225916
2025-07-16T10:10:47.000000,-5815.474039516012,-15097.354600000286,-20912.828639516236
2025-07-16T10:10:52.000000,-5944.741550806333,-15097.354600000286,-21042.096150806556
2025-07-16T10:10:57.000000,-6052.023362096655,-15097.354600000286,-21149.377962096878
2025-07-16T10:11:02.000000,-6063.65464999988,-15097.354600000286,-21161.009250000105
2025-07-16T10:17:42.000000,-6101.49794999988,-15097.354600000286,-21198.852550000105
2025-07-16T10:17:47.000000,-6161.326949999879,-15097.354600000286,-21258.681550000103
2025-07-16T10:17:52.000000,-6221.1559499998775,-15097.354600000286,-21318.5105500001
2025-07-16T10:17:57.000000,-6280.984949999876,-15097.354600000286,-21378.3395500001
2025-07-16T10:18:02.000000,-6318.828249999876,-15097.354600000286,-21416.1828500001
2025-07-16T10:24:02.000000,-6318.828249999876,-15138.129950000286,-21456.9582000001
2025-07-16T10:32:47.000000,-6318.828249999876,-15079.831325000288,-21398.6595750001
2025-07-16T10:32:52.000000,-6318.828249999876,-15028.53375000029,-21347.3620000001
2025-07-16T10:32:57.000000,-6318.828249999876,-14963.234075000291,-21282.0623250001
2025-07-16T10:33:02.000000,-6318.828249999876,-14897.934400000293,-21216.762650000102
2025-07-16T10:33:07.000000,-6318.828249999876,-14825.633675000294,-21144.4619250001
2025-07-16T10:33:12.000000,-6318.828249999876,-14814.304850000293,-21133.1331000001
2025-07-16T10:35:17.000000,-6318.828249999876,-14805.91085000029,-21124.739100000097
2025-07-16T10:35:22.000000,-6318.828249999876,-14797.516850000286,-21116.345100000093
2025-07-16T10:35:27.000000,-6318.828249999876,-14789.122850000282,-21107.95110000009
2025-07-16T10:35:32.000000,-6318.828249999876,-14780.728850000278,-21099.557100000085
2025-07-16T10:35:37.000000,-6318.828249999876,-14772.334850000274,-21091.16310000008
2025-07-16T10:35:42.000000,-6318.828249999876,-14771.285600000274,-21090.11385000008
2025-07-16T10:45:27.000000,-6261.435117894613,-14771.285600000274,-21032.72071789482
2025-07-16T10:45:32.000000,-6230.025085789349,-14771.285600000274,-21001.310685789555
2025-07-16T10:45:37.000000,-6198.615053684085,-14771.285600000274,-20969.90065368429
2025-07-16T10:45:42.000000,-6167.205021578821,-14771.285600000274,-20938.490621579025
2025-07-16T10:45:47.000000,-6148.786539473557,-14771.285600000274,-20920.072139473763
2025-07-16T10:45:52.000000,-6130.368057368293,-14771.285600000274,-20901.6536573685
2025-07-16T10:45:57.000000,-6111.949575263029,-14771.285600000274,-20883.23517526324
2025-07-16T10:46:02.000000,-6102.284949999871,-14771.285600000274,-20873.57055000008
2025-07-16T10:48:07.000000,-6155.837924999871,-14771.285600000274,-20927.12352500008
2025-07-16T10:48:12.000000,-6209.39089999987,-14771.285600000274,-20980.676500000078
2025-07-16T10:48:17.000000,-6262.94387499987,-14771.285600000274,-21034.229475000076
2025-07-16T10:48:22.000000,-6323.492299999871,-14771.285600000274,-21094.777900000077
2025-07-16T10:48:27.000000,-6384.040724999872,-14771.285600000274,-21155.32632500008
2025-07-16T10:48:32.000000,-6392.6904999998715,-14771.285600000274,-21163.97610000008
2025-07-16T10:53:42.000000,-6392.6904999998715,-14870.586200000276,-21263.276700000082
2025-07-16T10:53:47.000000,-6392.6904999998715,-14885.500000000276,-21278.190500000084
2025-07-16T11:02:32.000000,-6392.6904999998715,-14924.317552631856,-21317.008052631663
2025-07-16T11:02:37.000000,-6392.6904999998715,-14963.135105263435,-21355.825605263242
2025-07-16T11:02:42.000000,-6392.6904999998715,-15007.953557895014,-21400.644057894824
2025-07-16T11:02:47.000000,-6392.6904999998715,-15040.770210526594,-21433.460710526404
2025-07-16T11:02:52.000000,-6392.6904999998715,-15073.586863158174,-21466.277363157984
2025-07-16T11:02:57.000000,-6392.6904999998715,-15106.403515789754,-21499.094015789564
2025-07-16T11:03:02.000000,-6392.6904999998715,-15127.218368421334,-21519.908868421146
2025-07-16T11:03:07.000000,-6392.6904999998715,-15142.032321052913,-21534.722821052725
2025-07-16T11:03:12.000000,-6392.6904999998715,-15156.846273684492,-21549.536773684304
2025-07-16T11:03:17.000000,-6392.6904999998715,-15164.253250000282,-21556.943750000093
2025-07-16T11:14:12.000000,-6392.6904999998715,-15216.777334375281,-21609.467834375093
2025-07-16T11:15:57.000000,-6392.6904999998715,-15309.823703125283,-21702.514203125094
2025-07-16T11:16:02.000000,-6392.6904999998715,-15408.870971875285,-21801.561471875095
2025-07-16T11:16:07.000000,-6392.6904999998715,-15507.918240625288,-21900.608740625095
2025-07-16T11:16:12.000000,-6392.6904999998715,-15588.962809375289,-21981.653309375095
2025-07-16T11:16:17.000000,-6392.6904999998715,-15666.501450000289,-22059.191950000095
2025-07-16T13:03:42.000000,-6392.6904999998715,-15706.095450000288,-22098.785950000096
2025-07-16T13:03:47.000000,-6392.6904999998715,-15722.592950000288,-22115.283450000097
2025-07-16T13:39:47.000000,-6403.431280555427,-15722.592950000288,-22126.024230555653
2025-07-16T13:39:52.000000,-6414.172061110983,-15722.592950000288,-22136.76501111121
2025-07-16T13:39:57.000000,-6424.912841666539,-15722.592950000288,-22147.505791666765
2025-07-16T13:40:02.000000,-6435.653622222095,-15722.592950000288,-22158.24657222232
2025-07-16T13:40:07.000000,-6446.394402777651,-15722.592950000288,-22168.987352777876
2025-07-16T13:40:12.000000,-6447.928799999873,-15722.592950000288,-22170.521750000098
2025-07-16T13:52:52.000000,-6410.938837209175,-15722.592950000288,-22133.531787209402
2025-07-16T13:52:57.000000,-6373.948874418477,-15722.592950000288,-22096.541824418706
2025-07-16T13:53:02.000000,-6336.958911627779,-15722.592950000288,-22059.55186162801
2025-07-16T13:53:07.000000,-6299.968948837081,-15722.592950000288,-22022.561898837313
2025-07-16T13:53:12.000000,-6262.978986046383,-15722.592950000288,-21985.571936046617
2025-07-16T13:53:17.000000,-6249.107749999872,-15722.592950000288,-21971.700700000107
2025-07-16T13:55:12.000000,-6249.107749999872,-15836.95619509833,-22086.063945098147
2025-07-16T13:55:17.000000,-6249.107749999872,-15961.320940196369,-22210.428690196186
2025-07-16T13:55:22.000000,-6249.107749999872,-16075.68418529441,-22324.791935294226
2025-07-16T13:55:27.000000,-6249.107749999872,-16200.04893039245,-22449.156680392265
2025-07-16T13:55:32.000000,-6249.107749999872,-16324.413675490488,-22573.521425490304
2025-07-16T13:55:37.000000,-6249.107749999872,-16336.850150000293,-22585.957900000107
2025-07-16T14:40:02.000000,-6249.107749999872,-16356.222425000293,-22605.330175000105
2025-07-16T14:40:07.000000,-6249.107749999872,-16377.843237500292,-22626.950987500106
2025-07-16T14:40:27.000000,-6249.107749999872,-16374.413150000291,-22623.520900000105
2025-07-16T14:41:02.000000,-6249.107749999872,-16379.016050000291,-22628.123800000103
2025-07-16T14:45:02.000000,-6249.107749999872,-16462.043536250294,-22711.151286250104
2025-07-16T14:45:07.000000,-6249.107749999872,-16536.069672500296,-22785.177422500106
2025-07-16T14:45:12.000000,-6249.107749999872,-16610.0958087503,-22859.20355875011
2025-07-16T14:45:17.000000,-6249.107749999872,-16693.1232950003,-22942.23104500011
2025-07-16T14:45:22.000000,-6249.107749999872,-16730.0244000003,-22979.13215000011
2025-07-17T09:45:37.000000,-6249.107749999872,-16751.3750122452,-23000.48276224501
2025-07-17T09:47:27.000000,-6249.107749999872,-16769.171585060736,-23018.279335060546
2025-07-17T09:49:12.000000,-6249.107749999872,-16997.662351018185,-23246.770101017995
2025-07-17T09:49:32.000000,-6249.107749999872,-17057.78776451897,-23306.89551451878
2025-07-17T09:49:37.000000,-6249.107749999872,-17075.584337334505,-23324.692087334315
2025-07-17T09:49:37.000000,-6249.107749999872,-17135.70975083529,-23384.8175008351
2025-07-17T09:49:52.000000,-6249.107749999872,-17204.035816918222,-23453.143566918032
2025-07-17T09:50:27.000000,-6249.107749999872,-17300.19885978078,-23549.30660978059
2025-07-17T09:50:32.000000,-6249.107749999872,-17487.542775863712,-23736.650525863522
2025-07-17T09:50:37.000000,-6249.107749999872,-17695.871261588825,-23944.979011588635
2025-07-17T09:52:02.000000,-6249.107749999872,-17787.981180737763,-24037.088930737573
2025-07-17T09:52:07.000000,-6249.107749999872,-17702.9662890719,-23952.07403907171
2025-07-17T09:52:12.000000,-6249.107749999872,-17617.95139740604,-23867.05914740585
2025-07-17T09:52:17.000000,-6249.107749999872,-17553.939655740174,-23803.047405739984
2025-07-17T09:52:22.000000,-6249.107749999872,-17468.924764074312,-23718.032514074122
2025-07-17T09:52:27.000000,-6249.107749999872,-17417.105735106707,-23666.213485106517
2025-07-17T09:53:02.000000,-6249.107749999872,-17574.56402427049,-23823.6717742703
2025-07-17T09:53:07.000000,-6249.107749999872,-17723.020963434272,-23972.128713434082
2025-07-17T09:53:12.000000,-6249.107749999872,-17826.471152598057,-24075.578902597867
2025-07-17T09:53:17.000000,-6249.107749999872,-17902.917291761838,-24152.025041761648
2025-07-17T09:53:22.000000,-6249.107749999872,-17962.375400000336,-24211.483150000146
2025-07-17T09:57:57.000000,-6249.107749999872,-17964.380265789816,-24213.488015789626
2025-07-17T09:58:02.000000,-6249.107749999872,-18010.391731579297,-24259.499481579107
2025-07-17T09:58:07.000000,-6249.107749999872,-18100.409797368775,-24349.517547368585
2025-07-17T09:58:12.000000,-6249.107749999872,-18212.431163158253,-24461.538913158063
2025-07-17T09:58:17.000000,-6249.107749999872,-18368.459128947732,-24617.566878947542
2025-07-17T09:58:22.000000,-6249.107749999872,-18400.828450000365,-24649.936200000175
2025-07-17T09:59:27.000000,-6249.107749999872,-18424.237243333697,-24673.344993333507
2025-07-17T10:01:47.000000,-6249.107749999872,-18496.251274583698,-24745.359024583508
2025-07-17T10:01:52.000000,-6249.107749999872,-18568.2653058337,-24817.37305583351
2025-07-17T10:01:57.000000,-6249.107749999872,-18654.281437083697,-24903.389187083507
2025-07-17T10:02:02.000000,-6249.107749999872,-18685.144593333698,-24934.252343333508
2025-07-17T10:04:27.000000,-6249.107749999872,-18866.92721753123,-25116.03496753104
2025-07-17T10:04:32.000000,-6249.107749999872,-19032.707441728762,-25281.815191728572
2025-07-17T10:04:37.000000,-6249.107749999872,-19206.488865926294,-25455.596615926104
2025-07-17T10:04:42.000000,-6249.107749999872,-19268.65645000037,-25517.76420000018
2025-07-17T10:05:37.000000,-6249.107749999872,-19304.964400000372,-25554.072150000182
2025-07-17T10:07:12.000000,-6249.107749999872,-19323.551650000372,-25572.659400000182
2025-07-17T10:07:12.000000,-6249.107749999872,-19224.959439706254,-25474.067189706064
2025-07-17T10:07:17.000000,-6249.107749999872,-19126.367229412135,-25375.474979411945
2025-07-17T10:07:22.000000,-6249.107749999872,-19014.77306911802,-25263.88081911783
2025-07-17T10:07:27.000000,-6249.107749999872,-18903.178908823902,-25152.286658823712
2025-07-17T10:07:32.000000,-6249.107749999872,-18791.584748529785,-25040.692498529595
2025-07-17T10:07:37.000000,-6249.107749999872,-18765.832250000374,-25014.940000000184
2025-07-17T10:08:07.000000,-6336.917318749873,-18765.832250000374,-25102.749568750183
2025-07-17T10:08:12.000000,-6397.744437499872,-18765.832250000374,-25163.576687500183
2025-07-17T10:08:17.000000,-6485.554006249873,-18765.832250000374,-25251.38625625018
2025-07-17T10:08:22.000000,-6564.3694249998725,-18765.832250000374,-25330.201675000182
2025-07-17T10:08:27.000000,-6652.178993749873,-18765.832250000374,-25418.01124375018
2025-07-17T10:08:32.000000,-6687.444949999874,-18765.832250000374,-25453.277200000182
2025-07-17T10:09:57.000000,-6687.444949999874,-18874.023074771016,-25561.468024770824
2025-07-17T10:09:57.000000,-6687.444949999874,-19047.278895460673,-25734.72384546048
2025-07-17T10:10:02.000000,-6687.444949999874,-19155.469720231315,-25842.914670231123
2025-07-17T10:10:02.000000,-6687.444949999874,-19352.729140920972,-26040.17409092078
2025-07-17T10:10:07.000000,-6687.444949999874,-19460.919965691613,-26148.36491569142
2025-07-17T10:10:07.000000,-6687.444949999874,-19690.18418638127,-26377.629136381078
2025-07-17T10:10:12.000000,-6687.444949999874,-19798.37501115191,-26485.81996115172
2025-07-17T10:10:12.000000,-6687.444949999874,-20027.639231841567,-26715.084181841376
2025-07-17T10:10:17.000000,-6687.444949999874,-20135.83005661221,-26823.275006612017
2025-07-17T10:10:17.000000,-6687.444949999874,-20373.095477301864,-27060.540427301672
2025-07-17T10:10:22.000000,-6687.444949999874,-20393.703253448653,-27081.14820344846
2025-07-17T10:10:22.000000,-6687.444949999874,-20638.96987413831,-27326.41482413812
2025-07-17T10:10:27.000000,-6687.444949999874,-20884.23649482797,-27571.681444827776
2025-07-17T10:10:32.000000,-6687.444949999874,-20945.55315000038,-27632.99810000019
2025-07-17T10:11:47.000000,-6687.444949999874,-20879.33315000038,-27566.77810000019
2025-07-17T10:21:47.000000,-6816.357369999872,-20879.33315000038,-27695.690520000186
2025-07-17T10:21:52.000000,-6945.269789999871,-20879.33315000038,-27824.602940000183
2025-07-17T10:21:57.000000,-7081.177659999871,-20879.33315000038,-27960.51081000018
2025-07-17T10:22:02.000000,-7203.094629999871,-20879.33315000038,-28082.42778000018
2025-07-17T10:22:07.000000,-7239.926749999871,-20879.33315000038,-28119.25990000018
2025-07-17T10:26:22.000000,-7384.139565384488,-20879.33315000038,-28263.472715384796
2025-07-17T10:26:27.000000,-7520.357580769104,-20879.33315000038,-28399.690730769413
2025-07-17T10:26:32.000000,-7672.56519615372,-20879.33315000038,-28551.898346154027
2025-07-17T10:26:37.000000,-7824.772811538335,-20879.33315000038,-28704.10596153864
2025-07-17T10:26:42.000000,-7968.985626922952,-20879.33315000038,-28848.318776923257
2025-07-17T10:26:47.000000,-8113.198442307569,-20879.33315000038,-28992.531592307874
2025-07-17T10:26:52.000000,-8185.304849999878,-20879.33315000038,-29064.63800000018
2025-07-17T10:37:42.000000,-8185.304849999878,-20926.609840741123,-29111.914690740923
2025-07-17T10:41:12.000000,-8185.304849999878,-20935.51690000038,-29120.82175000018
2025-07-17T10:41:17.000000,-8185.304849999878,-20986.01390000038,-29171.31875000018
2025-07-17T10:41:57.000000,-8185.304849999878,-21117.842333333716,-29303.147183333516
2025-07-17T10:42:02.000000,-8185.304849999878,-21121.150183333717,-29306.455033333517
2025-07-17T10:42:02.000000,-8185.304849999878,-21238.97651666705,-29424.28136666685
2025-07-17T10:42:07.000000,-8185.304849999878,-21363.803900000385,-29549.108750000185
2025-07-17T10:42:12.000000,-8185.304849999878,-21481.63023333372,-29666.93508333352
2025-07-17T10:42:17.000000,-8185.304849999878,-21560.791150000387,-29746.096000000187
2025-07-17T10:44:52.000000,-8185.304849999878,-21507.397850000387,-29692.702700000187
2025-07-17T10:46:12.000000,-8185.304849999878,-21430.000950000387,-29615.305800000187
2025-07-17T10:46:17.000000,-8185.304849999878,-21352.604050000387,-29537.908900000188
2025-07-17T10:46:22.000000,-8185.304849999878,-21275.207150000388,-29460.512000000188
2025-07-17T10:46:27.000000,-8185.304849999878,-21191.80935000039,-29377.11420000019
2025-07-17T10:46:42.000000,-8185.304849999878,-21208.86275000039,-29394.16760000019
2025-07-17T10:47:47.000000,-8185.304849999878,-21167.669713889278,-29352.974563889078
2025-07-17T10:47:52.000000,-8185.304849999878,-21126.476677778166,-29311.781527777966
2025-07-17T10:47:57.000000,-8185.304849999878,-21078.282591667055,-29263.587441666856
2025-07-17T10:48:02.000000,-8185.304849999878,-21023.087455555946,-29208.392305555746
2025-07-17T10:48:07.000000,-8185.304849999878,-20967.892319444836,-29153.197169444637
2025-07-17T10:48:12.000000,-8185.304849999878,-20960.00730000039,-29145.31215000019
2025-07-17T10:51:42.000000,-8185.304849999878,-20906.057306250394,-29091.362156250194
2025-07-17T10:51:47.000000,-8185.304849999878,-20861.108662500395,-29046.413512500196
2025-07-17T10:51:52.000000,-8185.304849999878,-20834.1627187504,-29019.4675687502
2025-07-17T10:51:57.000000,-8185.304849999878,-20829.1942500004,-29014.4991000002
2025-07-17T10:52:42.000000,-8185.304849999878,-20815.440055263556,-29000.744905263356
2025-07-17T10:52:47.000000,-8185.304849999878,-20807.686760526714,-28992.991610526515
2025-07-17T10:52:52.000000,-8185.304849999878,-20793.93256578987,-28979.23741578967
2025-07-17T10:52:57.000000,-8185.304849999878,-20791.640200000395,-28976.945050000195
2025-07-17T13:07:37.000000,-8185.304849999878,-20948.873448780883,-29134.178298780684
2025-07-17T13:07:42.000000,-8185.304849999878,-21113.10774756137,-29298.41259756117
2025-07-17T13:07:47.000000,-8185.304849999878,-21284.343096341858,-29469.647946341658
2025-07-17T13:07:52.000000,-8185.304849999878,-21448.577395122345,-29633.882245122146
2025-07-17T13:07:57.000000,-8185.304849999878,-21619.812743902832,-29805.117593902633
2025-07-17T13:08:02.000000,-8185.304849999878,-21784.588600000392,-29969.893450000192
2025-07-17T13:20:42.000000,-8185.304849999878,-21859.661600000392,-30044.966450000193
2025-07-17T13:20:47.000000,-8185.304849999878,-21934.734600000393,-30120.039450000193
2025-07-17T13:20:52.000000,-8185.304849999878,-22009.807600000393,-30195.112450000193
2025-07-17T13:20:57.000000,-8185.304849999878,-22084.880600000393,-30270.185450000194
2025-07-17T13:21:02.000000,-8185.304849999878,-22169.955100000392,-30355.259950000192
2025-07-17T13:21:07.000000,-8185.304849999878,-22195.47745000039,-30380.78230000019
2025-07-17T13:26:12.000000,-8185.304849999878,-22210.064650000393,-30395.369500000194
2025-07-17T13:26:17.000000,-8185.304849999878,-22224.651850000395,-30409.956700000195
2025-07-17T13:27:27.000000,-8185.304849999878,-22153.11887916706,-30338.42372916686
2025-07-17T13:27:32.000000,-8185.304849999878,-22088.586958333726,-30273.891808333527
2025-07-17T13:27:37.000000,-8185.304849999878,-22010.05293750039,-30195.35778750019
2025-07-17T13:27:42.000000,-8185.304849999878,-21938.519966667056,-30123.824816666856
2025-07-17T13:27:47.000000,-8185.304849999878,-21866.986995833722,-30052.291845833523
2025-07-17T13:27:52.000000,-8185.304849999878,-21854.76770000039,-30040.07255000019
2025-07-17T13:41:52.000000,-8185.304849999878,-22083.381643055945,-30268.686493055746
2025-07-17T13:42:37.000000,-8185.304849999878,-22297.993486111503,-30483.298336111304
2025-07-17T13:42:42.000000,-8185.304849999878,-22519.606379167057,-30704.911229166857
2025-07-17T13:42:47.000000,-8185.304849999878,-22727.217172222612,-30912.522022222412
2025-07-17T13:42:52.000000,-8185.304849999878,-22948.830065278165,-31134.134915277966
2025-07-17T13:42:57.000000,-8185.304849999878,-22980.489050000386,-31165.793900000186
2025-07-17T13:47:17.000000,-8185.304849999878,-22954.42456222261,-31139.729412222412
2025-07-17T13:47:22.000000,-8185.304849999878,-22928.360074444838,-31113.664924444638
2025-07-17T13:47:27.000000,-8185.304849999878,-22902.295586667064,-31087.600436666864
2025-07-17T13:47:32.000000,-8185.304849999878,-22887.232748889284,-31072.537598889085
2025-07-17T13:47:37.000000,-8185.304849999878,-22885.863400000395,-31071.168250000195
2025-07-17T13:50:52.000000,-8185.304849999878,-22895.958250000393,-31081.263100000193
2025-07-17T13:50:57.000000,-8185.304849999878,-22912.645425000395,-31097.950275000196
2025-07-17T13:51:07.000000,-8185.304849999878,-22919.413805357537,-31104.718655357337
2025-07-17T13:51:32.000000,-8185.304849999878,-22968.955966071822,-31154.260816071623
2025-07-17T13:55:47.000000,-8185.304849999878,-22990.238100000395,-31175.542950000196
2025-07-17T14:01:22.000000,-8185.304849999878,-23194.88818878544,-31380.19303878524
2025-07-17T14:01:27.000000,-8185.304849999878,-23423.541877570486,-31608.846727570286
2025-07-17T14:01:32.000000,-8185.304849999878,-23700.20276635553,-31885.50761635533
2025-07-17T14:01:37.000000,-8185.304849999878,-23976.863655140576,-32162.168505140377
2025-07-17T14:01:42.000000,-8185.304849999878,-24271.527243925622,-32456.832093925423
2025-07-17T14:01:47.000000,-8185.304849999878,-24584.19353271067,-32769.498382710466
2025-07-17T14:01:52.000000,-8185.304849999878,-24914.862521495717,-33100.16737149551
2025-07-17T14:01:57.000000,-8185.304849999878,-25263.534210280766,-33448.83906028056
2025-07-17T14:02:02.000000,-8185.304849999878,-25630.208599065812,-33815.513449065606
2025-07-17T14:02:07.000000,-8185.304849999878,-26014.88568785086,-34200.19053785065
2025-07-17T14:02:12.000000,-8185.304849999878,-26345.554676635908,-34530.85952663569
2025-07-17T14:02:17.000000,-8185.304849999878,-26694.226365420956,-34879.53121542074
2025-07-17T14:02:22.000000,-8185.304849999878,-27036.897154206003,-35222.20200420579
2025-07-17T14:02:27.000000,-8185.304849999878,-27391.56974299105,-35576.87459299084
2025-07-17T14:02:32.000000,-8185.304849999878,-27740.2414317761,-35925.54628177589
2025-07-17T14:02:37.000000,-8185.304849999878,-28124.918520561147,-36310.22337056093
2025-07-17T14:02:42.000000,-8185.304849999878,-28539.600109346193,-36724.90495934598
2025-07-17T14:02:47.000000,-8185.304849999878,-28920.173350000397,-37105.47820000019
2025-07-17T14:29:47.000000,-8201.197649999878,-28920.173350000397,-37121.37100000019
2025-07-17T14:29:52.000000,-8217.090449999878,-28920.173350000397,-37137.26380000019
2025-07-17T14:29:57.000000,-8232.983249999877,-28920.173350000397,-37153.15660000019
2025-07-17T14:30:02.000000,-8270.861749999876,-28920.173350000397,-37191.03510000019
2025-07-17T14:30:07.000000,-8286.754549999876,-28920.173350000397,-37206.92790000019
2025-07-17T14:37:07.000000,-8278.373949999877,-28920.173350000397,-37198.547300000195
2025-07-17T14:37:52.000000,-8278.373949999877,-28932.914100000395,-37211.28805000019
2025-07-17T14:38:12.000000,-8278.373949999877,-28945.654850000392,-37224.02880000019
2025-07-17T14:44:47.000000,-8278.373949999877,-28917.212205000393,-37195.58615500019
2025-07-17T14:44:52.000000,-8278.373949999877,-28881.768510000395,-37160.142460000185
2025-07-17T14:44:57.000000,-8278.373949999877,-28839.323765000394,-37117.697715000184
2025-07-17T14:45:02.000000,-8278.373949999877,-28782.876920000395,-37061.250870000185
2025-07-17T14:45:07.000000,-8278.373949999877,-28770.749850000397,-37049.12380000018
2025-07-18T09:51:37.000000,-8278.373949999877,-28722.375450000396,-37000.74940000018
2025-07-18T09:51:42.000000,-8278.373949999877,-28674.001050000395,-36952.37500000018
2025-07-18T09:51:47.000000,-8278.373949999877,-28615.625150000393,-36893.99910000018
2025-07-18T09:51:52.000000,-8278.373949999877,-28557.24925000039,-36835.623200000184
2025-07-18T09:51:57.000000,-8278.373949999877,-28574.365434862775,-36852.739384862565
2025-07-18T09:51:57.000000,-8278.373949999877,-28525.991034862775,-36804.364984862565
2025-07-18T09:52:02.000000,-8278.373949999877,-28600.11576972516,-36878.48971972495
2025-07-18T09:52:02.000000,-8278.373949999877,-28541.739869725156,-36820.11381972495
2025-07-18T09:52:07.000000,-8278.373949999877,-28615.86460458754,-36894.23855458734
2025-07-18T09:52:12.000000,-8278.373949999877,-28689.989339449923,-36968.36328944973
2025-07-18T09:52:17.000000,-8278.373949999877,-28802.11977431231,-37080.49372431212
2025-07-18T09:52:22.000000,-8278.373949999877,-28856.73800000038,-37135.11195000019
2025-07-18T09:59:17.000000,-8278.373949999877,-28806.27525000038,-37084.64920000019
2025-07-18T09:59:22.000000,-8278.373949999877,-28755.812500000382,-37034.18645000019
2025-07-18T09:59:27.000000,-8278.373949999877,-28705.349750000383,-36983.72370000019
2025-07-18T09:59:32.000000,-8278.373949999877,-28641.885050000383,-36920.259000000195
2025-07-18T09:59:37.000000,-8278.373949999877,-28578.420350000382,-36856.7943000002
2025-07-18T09:59:42.000000,-8278.373949999877,-28527.957600000384,-36806.3315500002
2025-07-18T09:59:47.000000,-8278.373949999877,-28523.075700000383,-36801.4496500002
2025-07-18T10:03:47.000000,-8288.947349999878,-28523.075700000383,-36812.0230500002
2025-07-18T10:03:52.000000,-8313.476069999875,-28523.075700000383,-36836.551770000195
2025-07-18T10:06:13.000000,-8313.476069999875,-28475.305117241765,-36788.78118724158
2025-07-18T10:06:18.000000,-8313.476069999875,-28434.535584483147,-36748.01165448296
2025-07-18T10:06:23.000000,-8313.476069999875,-28400.767101724527,-36714.24317172434
2025-07-18T10:06:28.000000,-8313.476069999875,-28366.998618965907,-36680.47468896572
2025-07-18T10:06:33.000000,-8313.476069999875,-28362.17455000039,-36675.650620000204
2025-07-18T10:08:42.000000,-8313.476069999875,-28320.30200000039,-36633.778070000204
2025-07-18T10:08:47.000000,-8339.373734999872,-28320.30200000039,-36659.6757350002
2025-07-18T10:08:52.000000,-8374.265549999871,-28320.30200000039,-36694.567550000196
2025-07-18T10:13:57.000000,-8330.972193055426,-28320.30200000039,-36651.27419305575
2025-07-18T10:14:02.000000,-8273.68793611098,-28320.30200000039,-36593.989936111306
2025-07-18T10:14:07.000000,-8202.412779166534,-28320.30200000039,-36522.71477916686
2025-07-18T10:14:12.000000,-8117.146722222088,-28320.30200000039,-36437.44872222241
2025-07-18T10:14:17.000000,-8045.871565277642,-28320.30200000039,-36366.17356527797
2025-07-18T10:14:22.000000,-8036.688749999864,-28320.30200000039,-36356.990750000194
2025-07-18T10:20:37.000000,-8036.688749999864,-28299.350939407166,-36336.03968940697
2025-07-18T10:20:42.000000,-8036.688749999864,-28278.399878813943,-36315.08862881375
2025-07-18T10:20:47.000000,-8036.688749999864,-28257.44881822072,-36294.137568220525
2025-07-18T10:20:52.000000,-8036.688749999864,-28236.497757627498,-36273.1865076273
2025-07-18T10:20:57.000000,-8036.688749999864,-28215.546697034275,-36252.23544703408
2025-07-18T10:21:02.000000,-8036.688749999864,-28212.813950000378,-36249.50270000018
2025-07-18T11:07:22.000000,-8036.688749999864,-28249.256300000383,-36285.945050000184
2025-07-18T11:07:27.000000,-8036.688749999864,-28285.698650000388,-36322.38740000019
2025-07-18T11:07:32.000000,-8036.688749999864,-28322.141000000393,-36358.82975000019
2025-07-18T11:07:37.000000,-8036.688749999864,-28358.583350000397,-36395.2721000002
2025-07-18T11:07:42.000000,-8036.688749999864,-28395.025700000402,-36431.7144500002
2025-07-18T11:07:47.000000,-8036.688749999864,-28400.231750000403,-36436.920500000204
2025-07-18T11:27:22.000000,-8036.688749999864,-28457.660450000407,-36494.34920000021
2025-07-18T13:06:47.000000,-8036.688749999864,-28364.08602580686,-36400.77477580666
2025-07-18T13:06:52.000000,-8036.688749999864,-28331.53840000041,-36368.22715000021
2025-07-18T13:09:02.000000,-8036.688749999864,-28374.029650000408,-36410.71840000021
2025-07-18T13:09:07.000000,-8036.688749999864,-28416.520900000407,-36453.20965000021
2025-07-18T13:09:12.000000,-8036.688749999864,-28459.012150000406,-36495.70090000021
2025-07-18T13:09:17.000000,-8036.688749999864,-28501.503400000405,-36538.192150000206
2025-07-18T13:09:22.000000,-8036.688749999864,-28543.994650000404,-36580.683400000205
2025-07-18T13:09:27.000000,-8036.688749999864,-28550.289650000403,-36586.978400000204
2025-07-18T13:32:17.000000,-8036.688749999864,-28646.376350000406,-36683.0651000002
2025-07-18T13:32:22.000000,-8036.688749999864,-28742.463050000406,-36779.1518000002
2025-07-18T13:32:27.000000,-8036.688749999864,-28838.549750000406,-36875.2385000002
2025-07-18T13:32:32.000000,-8036.688749999864,-28934.636450000406,-36971.3252000002
2025-07-18T13:32:37.000000,-8036.688749999864,-29030.723150000405,-37067.4119000002
2025-07-18T13:32:42.000000,-8036.688749999864,-29041.399450000405,-37078.0882000002
2025-07-18T13:39:17.000000,-8036.688749999864,-29052.438100000403,-37089.126850000204
2025-07-21T09:53:22.000000,-8036.688749999864,-29026.76178365425,-37063.45053365405
2025-07-21T09:53:27.000000,-8036.688749999864,-29001.085467308094,-37037.7742173079
2025-07-21T09:53:32.000000,-8036.688749999864,-28975.40915096194,-37012.09790096175
2025-07-21T09:53:37.000000,-8036.688749999864,-28949.732834615785,-36986.4215846156
2025-07-21T09:53:42.000000,-8036.688749999864,-28925.2792000004,-36961.96795000022
2025-07-21T10:04:02.000000,-8106.0765524270455,-28925.2792000004,-37031.3557524274
2025-07-21T10:04:22.000000,-8192.904373068663,-28925.2792000004,-37118.183573069015
2025-07-21T10:08:27.000000,-8384.663943710282,-28925.2792000004,-37309.94314371063
2025-07-21T10:08:32.000000,-8534.450814351901,-28925.2792000004,-37459.73001435225
2025-07-21T10:08:37.000000,-8684.23768499352,-28925.2792000004,-37609.51688499387
2025-07-21T10:08:42.000000,-8749.294149999852,-28925.2792000004,-37674.5733500002
2025-07-21T10:11:42.000000,-8722.517607142709,-28925.2792000004,-37647.79680714306
2025-07-21T10:11:47.000000,-8703.735864285567,-28925.2792000004,-37629.015064285915
2025-07-21T10:11:52.000000,-8676.959321428423,-28925.2792000004,-37602.23852142877
2025-07-21T10:11:57.000000,-8650.18277857128,-28925.2792000004,-37575.46197857163
2025-07-21T10:12:02.000000,-8607.416635714137,-28925.2792000004,-37532.69583571448
2025-07-21T10:12:07.000000,-8594.72639999985,-28925.2792000004,-37520.0056000002
2025-07-21T10:27:57.000000,-8655.004133333185,-28925.2792000004,-37580.28333333354
2025-07-21T10:28:02.000000,-8715.281866666519,-28925.2792000004,-37640.56106666687
2025-07-21T10:28:07.000000,-8775.559599999853,-28925.2792000004,-37700.83880000021
2025-07-21T10:28:12.000000,-8835.837333333187,-28925.2792000004,-37761.116533333545
2025-07-21T10:28:17.000000,-8896.115066666522,-28925.2792000004,-37821.39426666688
2025-07-21T10:28:22.000000,-8911.184499999856,-28925.2792000004,-37836.46370000021
2025-07-21T10:36:47.000000,-8911.184499999856,-28907.186100000403,-37818.37060000021
2025-07-21T10:36:52.000000,-8911.184499999856,-28889.093000000405,-37800.277500000215
2025-07-21T10:36:57.000000,-8911.184499999856,-28870.999900000406,-37782.18440000022
2025-07-21T10:37:02.000000,-8911.184499999856,-28852.906800000408,-37764.09130000022
2025-07-21T10:37:07.000000,-8911.184499999856,-28834.81370000041,-37745.99820000022
2025-07-21T10:38:17.000000,-8911.184499999856,-28800.96416589445,-37712.14866589426
2025-07-21T10:38:22.000000,-8911.184499999856,-28767.11463178849,-37678.2991317883
2025-07-21T10:38:27.000000,-8911.184499999856,-28733.265097682528,-37644.44959768234
2025-07-21T10:38:32.000000,-8911.184499999856,-28699.415563576567,-37610.60006357638
2025-07-21T10:38:37.000000,-8911.184499999856,-28665.566029470607,-37576.75052947042
2025-07-21T10:38:42.000000,-8911.184499999856,-28631.716495364646,-37542.900995364456
2025-07-21T10:38:47.000000,-8911.184499999856,-28612.58415000041,-37523.76865000022
2025-07-21T10:42:12.000000,-8911.184499999856,-28618.58095000041,-37529.76545000022
2025-07-21T10:47:17.000000,-8944.878766666521,-28618.58095000041,-37563.45971666688
2025-07-21T10:47:22.000000,-8985.568483333187,-28618.58095000041,-37604.14943333355
2025-07-21T10:47:27.000000,-9033.253649999851,-28618.58095000041,-37651.83460000021
2025-07-21T10:47:32.000000,-9073.943366666517,-28618.58095000041,-37692.52431666688
2025-07-21T10:47:37.000000,-9128.623983333182,-28618.58095000041,-37747.204933333545
2025-07-21T10:47:42.000000,-9136.435499999849,-28618.58095000041,-37755.016450000214
2025-07-21T11:02:12.000000,-9147.219114034937,-28618.58095000041,-37765.8000640353
2025-07-21T11:02:17.000000,-9158.002728070025,-28618.58095000041,-37776.58367807038
2025-07-21T11:02:22.000000,-9176.781142105114,-28618.58095000041,-37795.362092105475
2025-07-21T11:02:27.000000,-9187.564756140202,-28618.58095000041,-37806.14570614056
2025-07-21T11:02:32.000000,-9198.34837017529,-28618.58095000041,-37816.929320175645
2025-07-21T11:02:37.000000,-9209.131984210379,-28618.58095000041,-37827.71293421073
2025-07-21T11:02:42.000000,-9219.915598245467,-28618.58095000041,-37838.496548245814
2025-07-21T11:02:47.000000,-9221.263549999852,-28618.58095000041,-37839.8445000002
2025-07-21T11:12:42.000000,-9221.263549999852,-28639.02930000041,-37860.2928500002
2025-07-21T11:14:57.000000,-9221.263549999852,-28654.49490000041,-37875.758450000205
2025-07-21T11:15:02.000000,-9221.263549999852,-28669.96050000041,-37891.22405000021
2025-07-21T11:15:07.000000,-9221.263549999852,-28685.426100000408,-37906.68965000021
2025-07-21T11:15:12.000000,-9221.263549999852,-28700.891700000408,-37922.155250000214
2025-07-21T11:15:17.000000,-9221.263549999852,-28709.483700000408,-37930.74725000021
2025-07-21T11:18:52.000000,-9221.263549999852,-28769.6476951617,-37990.9112451615
2025-07-21T11:18:57.000000,-9221.263549999852,-28836.812740322992,-38058.07629032279
2025-07-21T11:19:02.000000,-9221.263549999852,-28896.976735484284,-38118.24028548408
2025-07-21T11:19:07.000000,-9221.263549999852,-28950.139680645574,-38171.40323064537
2025-07-21T11:19:12.000000,-9221.263549999852,-28972.92380000041,-38194.187350000204
2025-07-21T11:24:32.000000,-9204.05554999985,-28972.92380000041,-38176.979350000205
2025-07-21T11:24:37.000000,-9186.847549999848,-28972.92380000041,-38159.77135000021
2025-07-21T11:24:42.000000,-9169.639549999845,-28972.92380000041,-38142.56335000021
2025-07-21T11:24:47.000000,-9144.436749999844,-28972.92380000041,-38117.36055000021
2025-07-21T11:24:52.000000,-9119.233949999843,-28972.92380000041,-38092.15775000021
2025-07-21T11:24:57.000000,-9109.782899999844,-28972.92380000041,-38082.706700000206
2025-07-21T11:27:42.000000,-9109.782899999844,-28988.38940000041,-38098.17230000021
2025-07-21T11:27:47.000000,-9109.782899999844,-29003.85500000041,-38113.63790000021
2025-07-21T11:27:52.000000,-9109.782899999844,-29019.32060000041,-38129.103500000216
2025-07-21T11:27:57.000000,-9109.782899999844,-29034.78620000041,-38144.56910000022
2025-07-21T11:28:02.000000,-9109.782899999844,-29050.25180000041,-38160.03470000022
2025-07-21T11:28:07.000000,-9109.782899999844,-29050.82460000041,-38160.607500000224
2025-07-21T13:23:17.000000,-9109.782899999844,-29106.085494915667,-38215.86839491548
2025-07-21T13:23:22.000000,-9109.782899999844,-29161.346389830924,-38271.12928983074
2025-07-21T13:23:27.000000,-9109.782899999844,-29216.60728474618,-38326.39018474599
2025-07-21T13:23:32.000000,-9109.782899999844,-29271.868179661436,-38381.65107966125
2025-07-21T13:23:37.000000,-9109.782899999844,-29327.129074576693,-38436.911974576506
2025-07-21T13:23:42.000000,-9109.782899999844,-29361.338200000424,-38471.12110000024
2025-07-21T13:26:17.000000,-9109.782899999844,-29376.949150000422,-38486.73205000024
2025-07-21T14:22:57.000000,-9109.782899999844,-29380.093450000422,-38489.87635000024
2025-07-21T14:25:13.000000,-9109.782899999844,-29416.587507143282,-38526.3704071431
2025-07-21T14:25:18.000000,-9109.782899999844,-29453.08156428614,-38562.86446428596
2025-07-21T14:25:23.000000,-9109.782899999844,-29486.53445000043,-38596.317350000245
2025-07-22T09:52:17.000000,-9181.448899999843,-29486.53445000043,-38667.98335000024
2025-07-22T09:52:22.000000,-9281.096699999842,-29486.53445000043,-38767.63115000024
2025-07-22T09:52:27.000000,-9380.74449999984,-29486.53445000043,-38867.27895000024
2025-07-22T09:52:32.000000,-9480.39229999984,-29486.53445000043,-38966.92675000024
2025-07-22T09:52:37.000000,-9580.040099999838,-29486.53445000043,-39066.57455000024
2025-07-22T09:52:42.000000,-9585.159099999839,-29486.53445000043,-39071.69355000024
2025-07-22T09:53:17.000000,-9585.159099999839,-29276.321795283446,-38861.48089528325
2025-07-22T09:53:22.000000,-9585.159099999839,-29066.109140566463,-38651.26824056627
2025-07-22T09:53:27.000000,-9585.159099999839,-28897.90278584948,-38483.06188584929
2025-07-22T09:53:32.000000,-9585.159099999839,-28708.6932811325,-38293.85238113231
2025-07-22T09:53:37.000000,-9585.159099999839,-28498.480626415516,-38083.63972641533
2025-07-22T09:53:42.000000,-9585.159099999839,-28487.47035000042,-38072.62945000023
2025-07-22T09:57:32.000000,-9585.159099999839,-28508.518960714708,-38093.67806071452
2025-07-22T09:58:27.000000,-9585.159099999839,-28522.62713571471,-38107.78623571452
2025-07-22T09:58:32.000000,-9585.159099999839,-28536.73531071471,-38121.89441071452
2025-07-22T09:58:37.000000,-9585.159099999839,-28571.84663571471,-38157.00573571452
2025-07-22T09:58:42.000000,-9585.159099999839,-28613.959010714712,-38199.11811071452
2025-07-22T09:58:47.000000,-9585.159099999839,-28663.072435714712,-38248.23153571452
2025-07-22T09:58:52.000000,-9585.159099999839,-28695.137850000425,-38280.29695000024
2025-07-22T10:01:22.000000,-9585.159099999839,-28689.665635321526,-38274.82473532134
2025-07-22T10:01:27.000000,-9585.159099999839,-28684.193420642627,-38269.35252064244
2025-07-22T10:01:32.000000,-9585.159099999839,-28678.721205963728,-38263.88030596354
2025-07-22T10:01:37.000000,-9585.159099999839,-28673.24899128483,-38258.40809128464
2025-07-22T10:01:42.000000,-9585.159099999839,-28667.77677660593,-38252.93587660574
2025-07-22T10:01:47.000000,-9585.159099999839,-28666.734450000426,-38251.89355000023
2025-07-22T10:04:57.000000,-9585.159099999839,-28449.236456000424,-38034.395556000236
2025-07-22T10:05:02.000000,-9585.159099999839,-28224.737412000424,-37809.89651200024
2025-07-22T10:05:07.000000,-9585.159099999839,-28007.239418000423,-37592.39851800024
2025-07-22T10:05:12.000000,-9585.159099999839,-27817.74562400042,-37402.90472400024
2025-07-22T10:05:17.000000,-9585.159099999839,-27614.24973000042,-37199.40883000024
2025-07-22T10:05:22.000000,-9585.159099999839,-27410.753836000422,-36995.91293600024
2025-07-22T10:05:27.000000,-9585.159099999839,-27207.257942000422,-36792.41704200024
2025-07-22T10:05:32.000000,-9585.159099999839,-27178.18710000042,-36763.34620000024
2025-07-22T10:10:17.000000,-9585.159099999839,-27158.84205000042,-36744.00115000024
2025-07-22T10:10:27.000000,-9585.159099999839,-27221.14979649165,-36806.308896491464
2025-07-22T10:10:32.000000,-9585.159099999839,-27283.457542982876,-36868.61664298269
2025-07-22T10:10:37.000000,-9585.159099999839,-27345.765289474104,-36930.92438947392
2025-07-22T10:10:42.000000,-9585.159099999839,-27408.07303596533,-36993.23213596515
2025-07-22T10:10:47.000000,-9585.159099999839,-27467.67175000042,-37052.83085000023
2025-07-22T10:11:52.000000,-9585.159099999839,-27483.56509698318,-37068.72419698299
2025-07-22T10:11:57.000000,-9585.159099999839,-27499.45844396594,-37084.61754396575
2025-07-22T10:12:02.000000,-9585.159099999839,-27515.3517909487,-37100.51089094851
2025-07-22T10:12:07.000000,-9585.159099999839,-27531.245137931463,-37116.404237931274
2025-07-22T10:12:12.000000,-9585.159099999839,-27524.135034914223,-37109.29413491404
2025-07-22T10:12:17.000000,-9585.159099999839,-27523.82590000043,-37108.98500000025
2025-07-22T10:17:22.000000,-9585.159099999839,-27607.945757017973,-37193.10485701779
2025-07-22T10:17:27.000000,-9585.159099999839,-27692.065614035517,-37277.22471403533
2025-07-22T10:17:32.000000,-9585.159099999839,-27776.18547105306,-37361.34457105287
2025-07-22T10:17:37.000000,-9585.159099999839,-27860.305328070604,-37445.46442807041
2025-07-22T10:17:42.000000,-9585.159099999839,-27918.764500000427,-37503.923600000235
2025-07-22T10:20:42.000000,-9631.867824999836,-27918.764500000427,-37550.63232500023
2025-07-22T10:21:42.000000,-9782.536688432672,-27918.764500000427,-37701.30118843307
2025-07-22T10:22:07.000000,-9911.185067111457,-27918.764500000427,-37829.94956711186
2025-07-22T10:22:32.000000,-9980.589249999834,-27918.764500000427,-37899.353750000235
2025-07-22T10:41:02.000000,-9980.589249999834,-27948.061450000427,-37928.65070000023
2025-07-22T10:44:12.000000,-9980.589249999834,-27966.763100000426,-37947.352350000234
2025-07-22T10:47:17.000000,-9980.589249999834,-28070.17630000043,-38050.76555000024
2025-07-22T10:47:22.000000,-9980.589249999834,-28151.586200000427,-38132.175450000235
2025-07-22T10:47:27.000000,-9980.589249999834,-28232.996100000426,-38213.585350000234
2025-07-22T10:47:32.000000,-9980.589249999834,-28336.40930000043,-38316.99855000024
2025-07-22T10:47:37.000000,-9980.589249999834,-28358.612000000427,-38339.20125000024
2025-07-22T10:49:02.000000,-9980.589249999834,-28348.469600000422,-38329.058850000234
2025-07-22T10:50:17.000000,-9980.589249999834,-28379.345600000426,-38359.93485000024
2025-07-22T10:50:22.000000,-9980.589249999834,-28410.22160000043,-38390.81085000024
2025-07-22T10:50:32.000000,-9980.589249999834,-28452.676100000434,-38433.26535000024
2025-07-22T10:59:57.000000,-9980.589249999834,-28369.64447446852,-38350.23372446833
2025-07-22T11:00:02.000000,-9980.589249999834,-28277.611498936607,-38258.20074893641
2025-07-22T11:00:07.000000,-9980.589249999834,-28185.578523404693,-38166.16777340449
2025-07-22T11:00:12.000000,-9980.589249999834,-28102.54689787278,-38083.13614787258
2025-07-22T11:00:17.000000,-9980.589249999834,-28019.51527234087,-38000.10452234067
2025-07-22T11:00:22.000000,-9980.589249999834,-28001.063800000444,-37981.65305000024
2025-07-22T11:00:27.000000,-9980.589249999834,-28316.640955556,-38297.230205555796
2025-07-22T11:00:32.000000,-9980.589249999834,-28640.219311111556,-38620.80856111135
2025-07-22T11:00:37.000000,-9980.589249999834,-28971.798866667108,-38952.3881166669
2025-07-22T11:00:42.000000,-9980.589249999834,-29295.377222222665,-39275.966472222455
2025-07-22T11:00:47.000000,-9980.589249999834,-29626.956777778218,-39607.54602777801
2025-07-22T11:00:52.000000,-9980.589249999834,-29834.19400000044,-39814.783250000226
2025-07-22T11:04:22.000000,-9980.589249999834,-29851.68658000044,-39832.275830000224
2025-07-22T11:04:27.000000,-9980.589249999834,-29869.179160000444,-39849.76841000022
2025-07-22T11:04:32.000000,-9980.589249999834,-29893.672790000444,-39874.26204000022
2025-07-22T11:04:37.000000,-9980.589249999834,-29953.171670000444,-39933.76092000022
2025-07-22T11:04:42.000000,-9980.589249999834,-29970.171350000444,-39950.76060000022
2025-07-22T11:06:07.000000,-9980.589249999834,-29892.585671951663,-39873.17492195144
2025-07-22T11:06:12.000000,-9980.589249999834,-29814.999993902882,-39795.58924390266
2025-07-22T11:06:17.000000,-9980.589249999834,-29729.4131158541,-39710.00236585388
2025-07-22T11:06:22.000000,-9980.589249999834,-29635.825037805316,-39616.4142878051
2025-07-22T11:06:27.000000,-9980.589249999834,-29542.236959756534,-39522.82620975632
2025-07-22T11:06:32.000000,-9980.589249999834,-29529.538300000437,-39510.12755000022
2025-07-22T11:14:12.000000,-9980.589249999834,-29560.542300000438,-39541.131550000224
2025-07-22T11:15:42.000000,-9980.589249999834,-29829.77631383023,-39810.36556383002
2025-07-22T11:15:47.000000,-9980.589249999834,-30012.54971383023,-39993.13896383002
2025-07-22T11:15:47.000000,-9980.589249999834,-30272.78237766002,-40253.371627659806
2025-07-22T11:15:52.000000,-9980.589249999834,-30560.019091489812,-40540.6083414896
2025-07-22T11:15:57.000000,-9980.589249999834,-30856.257155319603,-40836.84640531939
2025-07-22T11:16:02.000000,-9980.589249999834,-31188.500619149392,-41169.08986914918
2025-07-22T11:16:07.000000,-9980.589249999834,-31266.33310000046,-41246.92235000025
2025-07-22T11:19:37.000000,-9980.589249999834,-31452.817151471045,-41433.406401470835
2025-07-22T11:19:42.000000,-9980.589249999834,-31661.30450294163,-41641.893752941425
2025-07-22T11:19:47.000000,-9980.589249999834,-31869.79185441222,-41850.381104412016
2025-07-22T11:19:52.000000,-9980.589249999834,-31889.745400000455,-41870.33465000025
2025-07-22T11:21:32.000000,-9980.589249999834,-31848.855603448734,-41829.44485344853
2025-07-22T11:23:32.000000,-9980.589249999834,-31800.268727586667,-41780.85797758646
2025-07-22T11:25:12.000000,-9980.589249999834,-31850.50263945107,-41831.091889450865
2025-07-22T11:25:17.000000,-9980.589249999834,-31900.736551315476,-41881.32580131527
2025-07-22T11:25:27.000000,-9980.589249999834,-31974.97406317988,-41955.56331317968
2025-07-22T11:25:32.000000,-9980.589249999834,-32049.211575044286,-42029.80082504408
2025-07-22T11:25:37.000000,-9980.589249999834,-32095.25932758666,-42075.848577586454
2025-07-22T11:26:12.000000,-9980.589249999834,-32062.67485172459,-42043.26410172439
2025-07-22T11:26:22.000000,-9980.589249999834,-31973.50230000045,-41954.09155000025
2025-07-22T11:28:02.000000,-9980.589249999834,-32145.023300000452,-42125.61255000025
2025-07-22T11:28:17.000000,-9980.589249999834,-32308.543100000454,-42289.132350000255
2025-07-22T13:00:27.000000,-9980.589249999834,-32400.052100000456,-42380.64135000026
2025-07-22T13:26:12.000000,-9980.589249999834,-32446.558106944907,-42427.14735694471
2025-07-22T13:27:42.000000,-9980.589249999834,-32486.003868056017,-42466.593118055825
2025-07-22T13:28:47.000000,-9980.589249999834,-32542.12733402824,-42522.71658402805
2025-07-22T13:28:52.000000,-9980.589249999834,-32585.81153402824,-42566.40078402805
2025-07-22T13:28:57.000000,-9980.589249999834,-32629.495734028238,-42610.08498402804
2025-07-22T13:29:02.000000,-9980.589249999834,-32673.179934028238,-42653.76918402804
2025-07-22T13:29:07.000000,-9980.589249999834,-32716.864134028237,-42697.453384028035
2025-07-22T13:29:12.000000,-9980.589249999834,-32760.548334028237,-42741.13758402803
2025-07-22T13:29:17.000000,-9980.589249999834,-32763.668634028236,-42744.25788402803
2025-07-22T13:30:57.000000,-9980.589249999834,-32742.76792496391,-42723.35717496371
2025-07-22T13:31:02.000000,-9980.589249999834,-32713.866015899584,-42694.455265899385
2025-07-22T13:31:07.000000,-9980.589249999834,-32703.027800000462,-42683.61705000026
2025-07-22T13:41:43.000000,-9980.589249999834,-32753.591362500458,-42734.180612500255
2025-07-22T13:41:48.000000,-9980.589249999834,-32804.154925000454,-42784.74417500025
2025-07-22T13:41:53.000000,-9980.589249999834,-32854.718487500446,-42835.30773750024
2025-07-22T13:41:58.000000,-9980.589249999834,-32905.28205000044,-42885.87130000023
2025-07-22T14:01:12.000000,-10020.397840844902,-32905.28205000044,-42925.6798908453
2025-07-22T14:01:17.000000,-10067.201881689973,-32905.28205000044,-42972.48393169037
2025-07-22T14:01:22.000000,-10114.005922535043,-32905.28205000044,-43019.287972535436
2025-07-22T14:01:27.000000,-10160.809963380114,-32905.28205000044,-43066.092013380505
2025-07-22T14:01:32.000000,-10200.618554225182,-32905.28205000044,-43105.90060422557
2025-07-22T14:01:37.000000,-10240.42714507025,-32905.28205000044,-43145.70919507064
2025-07-22T14:01:42.000000,-10256.53337364168,-32905.28205000044,-43161.81542364207
2025-07-22T14:01:42.000000,-10296.341964486748,-32905.28205000044,-43201.62401448713
2025-07-22T14:01:47.000000,-10336.150555331817,-32905.28205000044,-43241.4326053322
2025-07-22T14:01:52.000000,-10382.954596176887,-32905.28205000044,-43288.23664617727
2025-07-22T14:01:57.000000,-10415.767737021955,-32905.28205000044,-43321.04978702234
2025-07-22T14:02:02.000000,-10420.45532857125,-32905.28205000044,-43325.73737857163
2025-07-22T14:06:17.000000,-10444.556357142677,-32905.28205000044,-43349.83840714306
2025-07-22T14:06:22.000000,-10468.657385714105,-32905.28205000044,-43373.93943571449
2025-07-22T14:06:27.000000,-10492.758414285532,-32905.28205000044,-43398.04046428592
2025-07-22T14:06:32.000000,-10516.85944285696,-32905.28205000044,-43422.14149285735
2025-07-22T14:06:37.000000,-10540.960471428387,-32905.28205000044,-43446.24252142878
2025-07-22T14:06:37.000000,-10540.708531428387,-32905.28205000044,-43445.99058142878
2025-07-22T14:06:42.000000,-10543.721159999815,-32905.28205000044,-43449.003210000206
2025-07-22T14:06:42.000000,-10543.469219999815,-32905.28205000044,-43448.751270000204
2025-07-22T14:06:47.000000,-10543.217279999815,-32905.28205000044,-43448.4993300002
2025-07-22T14:06:52.000000,-10542.965339999815,-32905.28205000044,-43448.2473900002
2025-07-22T14:06:57.000000,-10533.719249999815,-32905.28205000044,-43439.0013000002
2025-07-22T14:44:12.000000,-10541.74566290304,-32905.28205000044,-43447.02771290343
2025-07-22T14:44:17.000000,-10549.772075806266,-32905.28205000044,-43455.05412580666
2025-07-22T14:44:22.000000,-10549.803688709491,-32905.28205000044,-43455.08573870988
2025-07-22T14:44:27.000000,-10549.835301612717,-32905.28205000044,-43455.1173516131
2025-07-22T14:44:32.000000,-10549.866914515942,-32905.28205000044,-43455.148964516324
2025-07-22T14:44:37.000000,-10549.898527419167,-32905.28205000044,-43455.180577419545
2025-07-22T14:44:42.000000,-10549.930140322393,-32905.28205000044,-43455.21219032277
2025-07-22T14:44:47.000000,-10531.965549999813,-32905.28205000044,-43437.247600000184
2025-07-23T09:45:52.000000,-10531.965549999813,-33006.08135000044,-43538.04690000018
2025-07-23T09:47:17.000000,-10601.251549999812,-33006.08135000044,-43607.33290000018
2025-07-23T09:47:32.000000,-10601.251549999812,-33008.26692200044,-43609.518472000185
2025-07-23T09:50:47.000000,-10601.251549999812,-32972.41542800044,-43573.66697800018
2025-07-23T09:50:52.000000,-10601.251549999812,-32965.58657200044,-43566.83812200018
2025-07-23T09:52:12.000000,-10534.195174999812,-32965.58657200044,-43499.78174700018
2025-07-23T09:52:12.000000,-10534.195174999812,-33045.47298500044,-43579.66816000018
2025-07-23T09:52:17.000000,-10511.843049999812,-33045.47298500044,-43557.316035000185
2025-07-23T09:52:17.000000,-10511.843049999812,-33098.35534800044,-43610.19839800019
2025-07-23T09:52:22.000000,-10511.843049999812,-33151.237711000445,-43663.080761000194
2025-07-23T09:52:27.000000,-10511.843049999812,-33204.12007400045,-43715.9631240002
2025-07-23T09:52:32.000000,-10511.843049999812,-33257.002437000454,-43768.8454870002
2025-07-23T09:52:37.000000,-10511.843049999812,-33318.88615000045,-43830.7292000002
2025-07-23T09:53:17.000000,-10511.843049999812,-33399.2447681039,-43911.087818103646
2025-07-23T09:53:27.000000,-10511.843049999812,-33437.510776724586,-43949.353826724335
2025-07-23T09:53:27.000000,-10511.843049999812,-33516.17609672459,-44028.019146724335
2025-07-23T09:53:32.000000,-10511.843049999812,-33622.84561672459,-44134.68866672434
2025-07-23T09:53:37.000000,-10511.843049999812,-33729.51513672459,-44241.35818672434
2025-07-23T09:53:42.000000,-10511.843049999812,-33850.18675672459,-44362.02980672434
2025-07-23T09:53:47.000000,-10511.843049999812,-33956.8562767246,-44468.699326724345
2025-07-23T09:54:17.000000,-10511.843049999812,-33969.19381304893,-44481.03686304868
2025-07-23T09:54:32.000000,-10511.843049999812,-33988.38601304893,-44500.229063048675
2025-07-23T09:55:32.000000,-10511.843049999812,-34032.48558804893,-44544.328638048675
2025-07-23T09:56:01.000000,-10511.843049999812,-34359.24472019178,-44871.08777019153
2025-07-23T09:56:07.000000,-10511.843049999812,-34367.23339019178,-44879.07644019153
2025-07-23T09:56:07.000000,-10511.843049999812,-34400.80549019178,-44912.64854019153
2025-07-23T09:56:07.000000,-10511.843049999812,-34697.56012233464,-45209.40317233439
2025-07-23T09:56:12.000000,-10511.843049999812,-34970.311154477495,-45482.15420447724
2025-07-23T09:56:17.000000,-10511.843049999812,-35201.05588662035,-45712.8989366201
2025-07-23T09:56:22.000000,-10511.843049999812,-35382.88990804892,-45894.73295804867
2025-07-23T09:56:32.000000,-10511.843049999812,-35338.543283048915,-45850.386333048664
2025-07-23T09:56:52.000000,-10511.843049999812,-35242.44653304892,-45754.28958304867
2025-07-23T09:57:52.000000,-10511.843049999812,-35079.32700933001,-45591.17005932976
2025-07-23T09:57:57.000000,-10511.843049999812,-34916.2074856111,-45428.05053561085
2025-07-23T09:58:02.000000,-10511.843049999812,-34753.08796189219,-45264.93101189194
2025-07-23T09:58:07.000000,-10511.843049999812,-34589.96843817328,-45101.81148817303
2025-07-23T09:58:12.000000,-10511.843049999812,-34426.84891445437,-44938.69196445412
2025-07-23T09:58:12.000000,-10511.843049999812,-34442.26891445437,-44954.11196445412
2025-07-23T09:58:17.000000,-10511.843049999812,-34258.14624073546,-44769.98929073521
2025-07-23T09:58:17.000000,-10511.843049999812,-34273.56624073546,-44785.40929073521
2025-07-23T09:58:22.000000,-10511.843049999812,-34110.44671701655,-44622.2897670163
2025-07-23T09:58:22.000000,-10511.843049999812,-34125.86671701655,-44637.7097670163
2025-07-23T09:58:27.000000,-10511.843049999812,-33962.74719329764,-44474.59024329739
2025-07-23T09:58:27.000000,-10511.843049999812,-33978.16719329764,-44490.01024329739
2025-07-23T09:58:32.000000,-10511.843049999812,-33815.04766957873,-44326.89071957848
2025-07-23T09:58:32.000000,-10511.843049999812,-33830.46766957873,-44342.310719578476
2025-07-23T09:58:37.000000,-10511.843049999812,-33667.34814585982,-44179.19119585957
2025-07-23T09:58:37.000000,-10511.843049999812,-33669.81534585982,-44181.658395859566
2025-07-23T09:58:42.000000,-10511.843049999812,-33506.69582214091,-44018.538872140656
2025-07-23T09:58:47.000000,-10511.843049999812,-33343.576298422,-43855.41934842175
2025-07-23T09:58:52.000000,-10511.843049999812,-33180.45677470309,-43692.29982470284
2025-07-23T09:58:57.000000,-10511.843049999812,-33017.33725098418,-43529.18030098393
2025-07-23T09:59:02.000000,-10511.843049999812,-32869.75292000041,-43381.595970000155
2025-07-23T09:59:02.000000,-10511.843049999812,-32919.031220000405,-43430.87427000015
2025-07-23T09:59:22.000000,-10511.843049999812,-33051.795066000406,-43563.638116000155
2025-07-23T09:59:27.000000,-10511.843049999812,-33250.94083500041,-43762.78388500016
2025-07-23T09:59:32.000000,-10511.843049999812,-33245.481835000406,-43757.324885000155
2025-07-23T09:59:47.000000,-10511.843049999812,-33410.25048100041,-43922.09353100016
2025-07-23T09:59:57.000000,-10511.843049999812,-33585.39265000041,-44097.23570000016
2025-07-23T10:00:12.000000,-10511.843049999812,-33576.02670000041,-44087.86975000016
2025-07-23T10:04:47.000000,-10511.843049999812,-33613.55320000041,-44125.39625000016
2025-07-23T10:05:02.000000,-10602.670591538279,-33613.55320000041,-44216.22379153862
2025-07-23T10:05:17.000000,-10678.17217076905,-33613.55320000041,-44291.72537076939
2025-07-23T10:05:17.000000,-10678.17217076905,-33645.41050000041,-44323.58267076939
2025-07-23T10:05:27.000000,-10678.17217076905,-33593.39909250042,-44271.5712632694
2025-07-23T10:05:32.000000,-10678.17217076905,-33541.38768500042,-44219.5598557694
2025-07-23T10:05:37.000000,-10678.17217076905,-33476.37432750042,-44154.5464982694
2025-07-23T10:05:42.000000,-10776.554102461361,-33476.37432750042,-44252.928429961714
2025-07-23T10:05:42.000000,-10776.554102461361,-33411.36097000042,-44187.915072461714
2025-07-23T10:05:47.000000,-10776.554102461361,-33346.34761250042,-44122.901714961714
2025-07-23T10:05:52.000000,-10776.554102461361,-33268.332305000426,-44044.886407461716
2025-07-23T10:05:57.000000,-10776.554102461361,-33203.318947500426,-43979.873049961716
2025-07-23T10:06:02.000000,-10844.56726707675,-33203.318947500426,-44047.886214577105
2025-07-23T10:06:02.000000,-10844.56726707675,-33138.305590000426,-43982.872857077105
2025-07-23T10:06:07.000000,-10844.56726707675,-33073.292232500426,-43917.859499577105
2025-07-23T10:06:12.000000,-10844.56726707675,-33008.278875000426,-43852.846142077105
2025-07-23T10:06:17.000000,-10844.56726707675,-32956.26746750043,-43800.83473457711
2025-07-23T10:06:22.000000,-10844.56726707675,-32904.256060000436,-43748.823327077116
2025-07-23T10:06:27.000000,-10844.56726707675,-32852.24465250044,-43696.81191957712
2025-07-23T10:06:32.000000,-10844.56726707675,-32813.235195000445,-43657.802462077125
2025-07-23T10:06:37.000000,-10844.56726707675,-32774.22573750045,-43618.79300457713
2025-07-23T10:06:42.000000,-10844.56726707675,-32735.21628000045,-43579.78354707713
2025-07-23T10:06:47.000000,-10844.56726707675,-32699.207550000454,-43543.77481707713
2025-07-23T10:07:02.000000,-10844.56726707675,-32730.959550000454,-43575.52681707713
2025-07-23T10:07:17.000000,-10902.141299999828,-32730.959550000454,-43633.100850000206
2025-07-23T10:08:07.000000,-10902.141299999828,-32807.71830000045,-43709.85960000021
2025-07-23T10:08:22.000000,-10928.550351550215,-32807.71830000045,-43736.26865155059
2025-07-23T10:08:47.000000,-10937.39705465099,-32807.71830000045,-43745.11535465137
2025-07-23T10:08:52.000000,-10941.820406201377,-32807.71830000045,-43749.538706201754
2025-07-23T10:09:17.000000,-10972.652809302152,-32807.71830000045,-43780.37110930253
2025-07-23T10:09:27.000000,-10972.652809302152,-32831.59880000045,-43804.251609302526
2025-07-23T10:10:02.000000,-10972.652809302152,-32864.00805000045,-43836.66085930252
2025-07-23T10:10:37.000000,-10972.652809302152,-32903.98172500045,-43876.634534302524
2025-07-23T10:10:42.000000,-10972.652809302152,-32943.95540000045,-43916.608209302525
2025-07-23T10:10:47.000000,-10972.652809302152,-33004.93222500045,-43977.58503430252
2025-07-23T10:10:52.000000,-10972.652809302152,-33065.909050000446,-44038.56185930252
2025-07-23T10:10:57.000000,-10972.652809302152,-33105.88272500045,-44078.53553430252
2025-07-23T10:11:02.000000,-10972.652809302152,-33114.59370000045,-44087.246509302524
2025-07-23T10:11:27.000000,-11104.698067054085,-33114.59370000045,-44219.291767054456
2025-07-23T10:12:22.000000,-11104.698067054085,-33129.77110000045,-44234.469167054456
2025-07-23T10:12:32.000000,-11163.878649999822,-33129.77110000045,-44293.64975000019
2025-07-23T10:13:37.000000,-11185.48982536928,-33129.77110000045,-44315.26092536965
2025-07-23T10:14:37.000000,-11185.48982536928,-33101.79810000045,-44287.28792536965
2025-07-23T10:14:42.000000,-11185.48982536928,-33073.82510000045,-44259.314925369654
2025-07-23T10:14:47.000000,-11185.48982536928,-33071.282100000455,-44256.771925369656
2025-07-23T10:15:42.000000,-11185.48982536928,-33074.696800000456,-44260.18662536966
2025-07-23T10:16:37.000000,-11185.48982536928,-33055.10920000046,-44240.59902536966
2025-07-23T10:18:17.000000,-11259.037065644154,-33055.10920000046,-44314.14626564453
2025-07-23T10:18:22.000000,-11306.601205919027,-33055.10920000046,-44361.7104059194
2025-07-23T10:18:27.000000,-11328.1822461939,-33055.10920000046,-44383.29144619427
2025-07-23T10:18:32.000000,-11376.554549224204,-33055.10920000046,-44431.66374922457
2025-07-23T10:18:32.000000,-11398.135589499076,-33055.10920000046,-44453.24478949944
2025-07-23T10:18:37.000000,-11446.50789252938,-33055.10920000046,-44501.61709252974
2025-07-23T10:18:37.000000,-11455.097382804252,-33055.10920000046,-44510.20658280461
2025-07-23T10:18:42.000000,-11503.469685834556,-33055.10920000046,-44558.57888583491
2025-07-23T10:18:42.000000,-11525.050726109428,-33055.10920000046,-44580.15992610978
2025-07-23T10:18:47.000000,-11581.417829139731,-33055.10920000046,-44636.52702914008
2025-07-23T10:18:47.000000,-11602.998869414603,-33055.10920000046,-44658.10806941495
2025-07-23T10:18:52.000000,-11651.371172444908,-33055.10920000046,-44706.48037244525
2025-07-23T10:18:52.000000,-11659.960662719779,-33055.10920000046,-44715.06986272012
2025-07-23T10:18:57.000000,-11716.327765750082,-33055.10920000046,-44771.43696575042
2025-07-23T10:18:57.000000,-11724.917256024954,-33055.10920000046,-44780.02645602529
2025-07-23T10:19:02.000000,-11781.284359055257,-33055.10920000046,-44836.39355905559
2025-07-23T10:19:02.000000,-11750.89919933013,-33055.10920000046,-44806.008399330465
2025-07-23T10:19:07.000000,-11807.266302360433,-33055.10920000046,-44862.37550236077
2025-07-23T10:19:07.000000,-11776.881142635306,-33055.10920000046,-44831.99034263564
2025-07-23T10:19:12.000000,-11790.972918392881,-33055.10920000046,-44846.08211839321
2025-07-23T10:19:12.000000,-11799.562408667753,-33055.10920000046,-44854.67160866808
2025-07-23T10:19:17.000000,-11808.151898942624,-33055.10920000046,-44863.26109894295
2025-07-23T10:19:22.000000,-11816.741389217495,-33055.10920000046,-44871.85058921782
2025-07-23T10:19:27.000000,-11812.339329492368,-33055.10920000046,-44867.44852949269
2025-07-23T10:19:32.000000,-11807.93726976724,-33055.10920000046,-44863.04646976756
2025-07-23T10:19:37.000000,-11793.219599999826,-33055.10920000046,-44848.32880000015
2025-07-23T10:20:07.000000,-11549.371149999834,-33055.10920000046,-44604.48035000016
2025-07-23T10:20:32.000000,-11590.169020908927,-33055.10920000046,-44645.278220909255
2025-07-23T10:21:47.000000,-11675.636887933719,-33055.10920000046,-44730.74608793405
2025-07-23T10:25:27.000000,-11615.84063704942,-33055.10920000046,-44670.94983704975
2025-07-23T10:25:32.000000,-11575.03203616512,-33055.10920000046,-44630.14123616545
2025-07-23T10:25:37.000000,-11515.23578528082,-33055.10920000046,-44570.344985281154
2025-07-23T10:25:42.000000,-11455.43953439652,-33055.10920000046,-44510.548734396856
2025-07-23T10:25:47.000000,-11446.848249999826,-33055.10920000046,-44501.95745000016
2025-07-23T10:31:02.000000,-11446.848249999826,-33173.17864000046,-44620.02689000016
2025-07-23T10:31:07.000000,-11446.848249999826,-33291.248080000456,-44738.09633000016
2025-07-23T10:31:12.000000,-11446.848249999826,-33451.323820000456,-44898.17207000016
2025-07-23T10:31:17.000000,-11446.848249999826,-33611.39956000046,-45058.24781000016
2025-07-23T10:31:22.000000,-11446.848249999826,-33771.47530000046,-45218.32355000016
2025-07-23T10:45:07.000000,-11446.848249999826,-33821.15828461584,-45268.006534615546
2025-07-23T10:45:12.000000,-11446.848249999826,-33870.84126923123,-45317.68951923093
2025-07-23T10:45:17.000000,-11446.848249999826,-33920.52425384661,-45367.372503846316
2025-07-23T10:45:22.000000,-11446.848249999826,-33970.207238462,-45417.0554884617
2025-07-23T10:45:27.000000,-11446.848249999826,-34019.89022307738,-45466.73847307709
2025-07-23T10:45:32.000000,-11446.848249999826,-34025.21340000046,-45472.06165000016
2025-07-23T10:45:47.000000,-11461.564013157722,-34025.21340000046,-45486.77741315806
2025-07-23T10:47:42.000000,-11508.517224673691,-34025.21340000046,-45533.730624674026
2025-07-23T10:50:32.000000,-11614.161950584623,-34025.21340000046,-45639.37535058496
2025-07-23T10:50:37.000000,-11728.800826495557,-34025.21340000046,-45754.01422649589
2025-07-23T10:50:42.000000,-11843.439702406491,-34025.21340000046,-45868.653102406824
2025-07-23T10:50:47.000000,-11967.072728317424,-34025.21340000046,-45992.286128317755
2025-07-23T10:50:52.000000,-12108.694054228356,-34025.21340000046,-46133.90745422868
2025-07-23T10:50:57.000000,-12268.303680139286,-34025.21340000046,-46293.517080139616
2025-07-23T10:51:02.000000,-12436.90745605022,-34025.21340000046,-46462.12085605055
2025-07-23T10:51:07.000000,-12605.511231961153,-34025.21340000046,-46630.72463196148
2025-07-23T10:51:12.000000,-12774.115007872086,-34025.21340000046,-46799.32840787241
2025-07-23T10:51:17.000000,-12951.71293378302,-34025.21340000046,-46976.92633378335
2025-07-23T10:51:22.000000,-13129.310859693953,-34025.21340000046,-47154.524259694284
2025-07-23T10:51:27.000000,-13315.902935604885,-34025.21340000046,-47341.11633560522
2025-07-23T10:51:32.000000,-13429.558699999847,-34025.21340000046,-47454.772100000184
2025-07-23T10:55:02.000000,-13429.558699999847,-34063.03910000046,-47492.597800000185
2025-07-23T10:55:07.000000,-13429.558699999847,-34100.86480000046,-47530.423500000186
2025-07-23T10:55:12.000000,-13429.558699999847,-34138.69050000046,-47568.24920000019
2025-07-23T10:55:17.000000,-13429.558699999847,-34176.516200000464,-47606.07490000019
2025-07-23T10:55:22.000000,-13429.558699999847,-34210.903200000466,-47640.46190000019
2025-07-23T11:01:07.000000,-13448.55588648633,-34210.903200000466,-47659.45908648668
2025-07-23T11:01:12.000000,-13467.553072972814,-34210.903200000466,-47678.45627297316
2025-07-23T11:01:17.000000,-13486.550259459298,-34210.903200000466,-47697.45345945965
2025-07-23T11:01:22.000000,-13505.547445945782,-34210.903200000466,-47716.45064594613
2025-07-23T11:01:27.000000,-13524.544632432266,-34210.903200000466,-47735.44783243262
2025-07-23T11:01:32.000000,-13525.974999999833,-34210.903200000466,-47736.87820000019
2025-07-23T11:05:22.000000,-13525.974999999833,-34240.572262500464,-47766.547262500186
2025-07-23T11:05:27.000000,-13525.974999999833,-34270.24132500046,-47796.21632500018
2025-07-23T11:05:32.000000,-13525.974999999833,-34299.91038750046,-47825.88538750018
2025-07-23T11:05:37.000000,-13525.974999999833,-34350.5543303576,-47876.52933035732
2025-07-23T11:05:37.000000,-13525.974999999833,-34380.223392857595,-47906.19839285732
2025-07-23T11:05:42.000000,-13525.974999999833,-34438.86853571474,-47964.84353571446
2025-07-23T11:05:42.000000,-13525.974999999833,-34468.53759821474,-47994.51259821446
2025-07-23T11:05:47.000000,-13525.974999999833,-34527.18274107188,-48053.157741071605
2025-07-23T11:05:47.000000,-13525.974999999833,-34556.85180357188,-48082.8268035716
2025-07-23T11:05:52.000000,-13525.974999999833,-34623.498146429025,-48149.47314642875
2025-07-23T11:05:52.000000,-13525.974999999833,-34653.16720892902,-48179.142208928744
2025-07-23T11:05:57.000000,-13525.974999999833,-34711.81235178617,-48237.78735178589
2025-07-23T11:05:57.000000,-13525.974999999833,-34741.481414286165,-48267.45641428589
2025-07-23T11:06:02.000000,-13525.974999999833,-34756.14270000045,-48282.11770000017
2025-07-23T11:14:07.000000,-13525.974999999833,-34810.40333809568,-48336.378338095405
2025-07-23T11:14:12.000000,-13525.974999999833,-34864.66397619092,-48390.63897619064
2025-07-23T11:14:17.000000,-13525.974999999833,-34918.92461428615,-48444.899614285874
2025-07-23T11:14:22.000000,-13525.974999999833,-34973.18525238139,-48499.16025238111
2025-07-23T11:14:27.000000,-13525.974999999833,-35027.44589047662,-48553.42089047634
2025-07-23T11:14:32.000000,-13525.974999999833,-35041.01105000043,-48566.98605000015
2025-07-23T11:16:02.000000,-13525.974999999833,-35065.99574615428,-48591.970746154
2025-07-23T11:16:07.000000,-13525.974999999833,-35087.41120000043,-48613.38620000015
2025-07-23T11:21:47.000000,-13525.974999999833,-35163.83922777821,-48689.81422777793
2025-07-23T11:21:52.000000,-13525.974999999833,-35259.27010555599,-48785.24510555571
2025-07-23T11:21:57.000000,-13525.974999999833,-35335.69813333377,-48861.67313333349
2025-07-23T11:22:02.000000,-13525.974999999833,-35412.12616111155,-48938.10116111127
2025-07-23T11:22:07.000000,-13525.974999999833,-35488.55418888933,-49014.52918888905
2025-07-23T11:22:12.000000,-13525.974999999833,-35504.64430000044,-49030.61930000016
2025-07-23T11:22:17.000000,-13525.974999999833,-35547.02000000044,-49072.99500000016
2025-07-23T11:22:22.000000,-13525.974999999833,-35581.394500000446,-49107.36950000017
2025-07-23T11:22:27.000000,-13525.974999999833,-35615.76900000045,-49141.74400000017
2025-07-23T11:22:32.000000,-13525.974999999833,-35650.14350000046,-49176.11850000018
2025-07-23T11:22:37.000000,-13525.974999999833,-35676.516800000456,-49202.49180000018
2025-07-23T11:22:42.000000,-13525.974999999833,-35685.70285000045,-49211.677850000175
2025-07-23T11:25:47.000000,-13525.974999999833,-35689.06409166712,-49215.03909166684
2025-07-23T11:25:52.000000,-13525.974999999833,-35682.423833333785,-49208.39883333351
2025-07-23T11:25:57.000000,-13525.974999999833,-35675.78357500045,-49201.758575000174
2025-07-23T11:26:02.000000,-13525.974999999833,-35669.14331666712,-49195.11831666684
2025-07-23T11:26:07.000000,-13525.974999999833,-35662.50305833379,-49188.47805833351
2025-07-23T11:26:12.000000,-13525.974999999833,-35655.862800000454,-49181.837800000176
2025-07-23T11:29:12.000000,-13525.974999999833,-35672.82535000045,-49198.80035000017
2025-07-23T11:29:17.000000,-13525.974999999833,-35711.79120000045,-49237.76620000017
2025-07-23T13:00:37.000000,-13525.974999999833,-35809.75188000045,-49335.72688000017
2025-07-23T13:00:42.000000,-13525.974999999833,-35915.71376000045,-49441.68876000017
2025-07-23T13:00:47.000000,-13525.974999999833,-36029.67684000045,-49555.65184000017
2025-07-23T13:00:52.000000,-13525.974999999833,-36151.64112000045,-49677.61612000017
2025-07-23T13:00:57.000000,-13525.974999999833,-36265.60420000045,-49791.579200000175
2025-07-23T13:01:02.000000,-13525.974999999833,-36371.566080000455,-49897.54108000018
2025-07-23T13:01:07.000000,-13525.974999999833,-36469.52676000045,-49995.501760000174
2025-07-23T13:01:12.000000,-13525.974999999833,-36535.48264000045,-50061.457640000175
2025-07-23T13:01:17.000000,-13525.974999999833,-36601.438520000454,-50127.41352000018
2025-07-23T13:01:22.000000,-13525.974999999833,-36667.394400000456,-50193.36940000018
2025-07-23T13:01:27.000000,-13525.974999999833,-36733.35028000046,-50259.32528000018
2025-07-23T13:01:32.000000,-13525.974999999833,-36807.30736000046,-50333.28236000018
2025-07-23T13:01:37.000000,-13525.974999999833,-36873.26324000046,-50399.23824000018
2025-07-23T13:01:42.000000,-13525.974999999833,-36947.22032000046,-50473.19532000018
2025-07-23T13:01:47.000000,-13525.974999999833,-37005.175000000454,-50531.150000000176
2025-07-23T13:01:52.000000,-13525.974999999833,-37063.12968000045,-50589.10468000017
2025-07-23T13:01:57.000000,-13525.974999999833,-37121.084360000445,-50647.05936000017
2025-07-23T13:02:02.000000,-13525.974999999833,-37171.03784000045,-50697.01284000017
2025-07-23T13:02:07.000000,-13525.974999999833,-37236.99372000045,-50762.96872000017
2025-07-23T13:02:12.000000,-13525.974999999833,-37310.95080000045,-50836.92580000017
2025-07-23T13:02:17.000000,-13525.974999999833,-37384.90788000045,-50910.88288000017
2025-07-23T13:02:22.000000,-13525.974999999833,-37466.86616000045,-50992.84116000017
2025-07-23T13:02:27.000000,-13525.974999999833,-37556.82564000045,-51082.80064000017
2025-07-23T13:02:32.000000,-13525.974999999833,-37654.78632000044,-51180.761320000165
2025-07-23T13:02:37.000000,-13525.974999999833,-37760.748200000446,-51286.72320000017
2025-07-23T13:02:42.000000,-13525.974999999833,-37874.71128000045,-51400.68628000017
2025-07-23T13:02:47.000000,-13525.974999999833,-37988.67436000045,-51514.64936000017
2025-07-23T13:02:52.000000,-13525.974999999833,-38110.63864000045,-51636.61364000017
2025-07-23T13:02:57.000000,-13525.974999999833,-38208.112750000444,-51734.087750000166
2025-07-23T13:04:02.000000,-13525.974999999833,-38219.74535000044,-51745.72035000016
2025-07-23T13:04:17.000000,-13525.974999999833,-38244.14037500045,-51770.11537500017
2025-07-23T13:08:22.000000,-13525.974999999833,-38210.621825000446,-51736.59682500017
2025-07-23T13:08:27.000000,-13525.974999999833,-38185.104475000444,-51711.079475000166
2025-07-23T13:08:32.000000,-13525.974999999833,-38167.58832500044,-51693.56332500016
2025-07-23T13:08:37.000000,-13525.974999999833,-38158.073375000444,-51684.048375000166
2025-07-23T13:08:42.000000,-13525.974999999833,-38148.55842500045,-51674.53342500017
2025-07-23T13:08:52.000000,-13525.974999999833,-38132.816975000445,-51658.79197500017
2025-07-23T13:08:57.000000,-13525.974999999833,-38117.075525000444,-51643.050525000166
2025-07-23T13:09:02.000000,-13525.974999999833,-38109.20480000044,-51635.179800000165
2025-07-23T13:22:42.000000,-13525.974999999833,-38094.334900000445,-51620.30990000017
2025-07-23T13:46:27.000000,-13588.135529999832,-38094.334900000445,-51682.47043000017
2025-07-23T13:46:32.000000,-13650.296059999831,-38094.334900000445,-51744.63096000017
2025-07-23T13:46:32.000000,-13686.187059999831,-38094.334900000445,-51780.521960000166
2025-07-23T13:46:37.000000,-13722.36448999983,-38094.334900000445,-51816.69939000017
2025-07-23T13:46:37.000000,-13728.726089999831,-38094.334900000445,-51823.060990000165
2025-07-23T13:46:42.000000,-13764.90351999983,-38094.334900000445,-51859.23842000017
2025-07-23T13:46:47.000000,-13801.08094999983,-38094.334900000445,-51895.41585000017
2025-07-23T13:48:07.000000,-13828.21198749983,-38094.334900000445,-51922.54688750017
2025-07-23T13:48:12.000000,-13855.34302499983,-38094.334900000445,-51949.677925000164
2025-07-23T13:48:17.000000,-13882.474062499829,-38094.334900000445,-51976.80896250016
2025-07-23T13:48:22.000000,-13909.605099999828,-38094.334900000445,-52003.940000000155
2025-07-23T13:48:27.000000,-13936.736137499827,-38094.334900000445,-52031.07103750015
2025-07-23T13:48:32.000000,-13940.611999999826,-38094.334900000445,-52034.94690000015
2025-07-23T13:54:57.000000,-14022.250699999824,-38094.334900000445,-52116.585600000144
2025-07-23T13:55:02.000000,-14103.889399999822,-38094.334900000445,-52198.22430000014
2025-07-23T13:55:07.000000,-14185.52809999982,-38094.334900000445,-52279.863000000136
2025-07-23T13:55:12.000000,-14267.166799999817,-38094.334900000445,-52361.50170000013
2025-07-23T13:55:17.000000,-14345.094649999815,-38094.334900000445,-52439.42955000013
2025-07-23T14:16:22.000000,-14345.884249999815,-38094.334900000445,-52440.21915000013
2025-07-23T14:19:32.000000,-14392.919498780302,-38094.334900000445,-52487.25439878061
2025-07-23T14:19:37.000000,-14439.954747560789,-38094.334900000445,-52534.2896475611
2025-07-23T14:19:42.000000,-14494.984796341274,-38094.334900000445,-52589.31969634158
2025-07-23T14:19:47.000000,-14542.02004512176,-38094.334900000445,-52636.35494512207
2025-07-23T14:19:52.000000,-14597.050093902246,-38094.334900000445,-52691.38499390255
2025-07-23T14:19:57.000000,-14603.928849999807,-38094.334900000445,-52698.263750000115
2025-07-23T14:21:07.000000,-14667.345679999808,-38094.334900000445,-52761.68058000012
2025-07-23T14:21:12.000000,-14730.762509999808,-38094.334900000445,-52825.09741000012
2025-07-23T14:21:17.000000,-14794.179339999808,-38094.334900000445,-52888.51424000012
2025-07-23T14:21:22.000000,-14864.591619999808,-38094.334900000445,-52958.92652000012
2025-07-23T14:21:27.000000,-14935.003899999809,-38094.334900000445,-53029.338800000114
2025-07-23T14:21:37.000000,-14993.338424999809,-38094.334900000445,-53087.67332500011
2025-07-23T14:21:42.000000,-15051.67294999981,-38094.334900000445,-53146.00785000011
2025-07-23T14:21:47.000000,-15110.00747499981,-38094.334900000445,-53204.34237500011
2025-07-23T14:21:52.000000,-15168.34199999981,-38094.334900000445,-53262.67690000011
2025-07-23T14:30:27.000000,-15165.55899999981,-38094.334900000445,-53259.893900000105
2025-07-23T14:33:17.000000,-15165.55899999981,-38122.32191492582,-53287.88091492548
2025-07-23T14:33:22.000000,-15165.55899999981,-38150.3089298512,-53315.86792985086
2025-07-23T14:33:27.000000,-15165.55899999981,-38186.297144776574,-53351.85614477623
2025-07-23T14:33:32.000000,-15165.55899999981,-38222.28535970195,-53387.84435970161
2025-07-23T14:33:37.000000,-15165.55899999981,-38258.273574627325,-53423.832574626984
2025-07-23T14:33:42.000000,-15165.55899999981,-38294.2617895527,-53459.82078955236
2025-07-23T14:33:47.000000,-15165.55899999981,-38330.250004478075,-53495.809004477735
2025-07-23T14:33:52.000000,-15165.55899999981,-38366.23821940345,-53531.79721940311
2025-07-23T14:33:57.000000,-15165.55899999981,-38379.73380000047,-53545.29280000013
2025-07-23T14:35:42.000000,-15165.55899999981,-38328.85354576318,-53494.41254576284
2025-07-23T14:35:47.000000,-15165.55899999981,-38277.973291525894,-53443.53229152555
2025-07-23T14:35:52.000000,-15165.55899999981,-38229.63705000047,-53395.19605000013
2025-07-23T14:38:42.000000,-15240.777744339433,-38229.63705000047,-53470.414794339755
2025-07-23T14:38:47.000000,-15322.991938679055,-38229.63705000047,-53552.628988679375
2025-07-23T14:38:52.000000,-15405.206133018677,-38229.63705000047,-53634.843183018995
2025-07-23T14:38:57.000000,-15480.4248773583,-38229.63705000047,-53710.06192735862
2025-07-23T14:39:02.000000,-15555.643621697924,-38229.63705000047,-53785.280671698245
2025-07-23T14:39:07.000000,-15630.862366037547,-38229.63705000047,-53860.49941603787
2025-07-23T14:39:12.000000,-15713.076560377169,-38229.63705000047,-53942.71361037749
2025-07-23T14:39:17.000000,-15760.05609999981,-38229.63705000047,-53989.69315000013
2025-07-23T14:40:52.000000,-15768.00719999981,-38229.63705000047,-53997.64425000013
2025-07-23T14:44:12.000000,-15759.924999999808,-38229.63705000047,-53989.562050000124
2025-07-23T14:44:17.000000,-15751.842799999806,-38229.63705000047,-53981.47985000012
2025-07-23T14:44:22.000000,-15743.760599999803,-38229.63705000047,-53973.397650000115
2025-07-23T14:44:27.000000,-15735.6783999998,-38229.63705000047,-53965.31545000011
2025-07-23T14:44:32.000000,-15727.596199999798,-38229.63705000047,-53957.23325000011
2025-07-23T14:44:37.000000,-15719.513999999795,-38229.63705000047,-53949.1510500001
2025-07-23T14:44:42.000000,-15703.436999999794,-38229.63705000047,-53933.074050000105
2025-07-23T14:44:47.000000,-15687.359999999793,-38229.63705000047,-53916.99705000011
2025-07-23T14:44:52.000000,-15671.282999999792,-38229.63705000047,-53900.92005000011
2025-07-23T14:44:57.000000,-15655.205999999791,-38229.63705000047,-53884.84305000011
2025-07-23T14:45:02.000000,-15647.123799999788,-38229.63705000047,-53876.76085000011
2025-07-23T14:45:07.000000,-15631.046799999787,-38229.63705000047,-53860.68385000011
2025-07-23T14:45:12.000000,-15622.964599999785,-38229.63705000047,-53852.601650000106
2025-07-23T14:45:17.000000,-15614.882399999782,-38229.63705000047,-53844.5194500001
2025-07-23T14:45:22.000000,-15614.794999999782,-38229.63705000047,-53844.4320500001
2025-07-23T14:45:27.000000,-15614.707599999781,-38229.63705000047,-53844.344650000094
2025-07-23T14:45:32.000000,-15614.620199999781,-38229.63705000047,-53844.25725000009
2025-07-23T14:45:37.000000,-15614.53279999978,-38229.63705000047,-53844.169850000086
2025-07-23T14:45:42.000000,-15622.440199999779,-38229.63705000047,-53852.07725000008
2025-07-23T14:45:47.000000,-15630.347599999777,-38229.63705000047,-53859.98465000008
2025-07-23T14:45:52.000000,-15638.254999999775,-38229.63705000047,-53867.892050000075
2025-07-23T14:45:57.000000,-15646.162399999774,-38229.63705000047,-53875.79945000007
2025-07-23T14:46:02.000000,-15654.069799999772,-38229.63705000047,-53883.70685000007
2025-07-23T14:46:07.000000,-15661.97719999977,-38229.63705000047,-53891.614250000064
2025-07-23T14:46:12.000000,-15669.884599999768,-38229.63705000047,-53899.52165000006
2025-07-23T14:46:17.000000,-15677.791999999767,-38229.63705000047,-53907.42905000006
2025-07-23T14:46:22.000000,-15685.699399999765,-38229.63705000047,-53915.33645000005
2025-07-23T14:46:27.000000,-15693.606799999763,-38229.63705000047,-53923.24385000005
2025-07-23T14:46:32.000000,-15701.514199999761,-38229.63705000047,-53931.151250000046
2025-07-23T14:46:37.000000,-15709.42159999976,-38229.63705000047,-53939.05865000004
2025-07-23T14:46:42.000000,-15717.328999999758,-38229.63705000047,-53946.96605000004
2025-07-23T14:46:47.000000,-15725.236399999756,-38229.63705000047,-53954.873450000036
2025-07-23T14:46:52.000000,-15725.148999999756,-38229.63705000047,-53954.78605000003
2025-07-23T14:46:57.000000,-15725.061599999755,-38229.63705000047,-53954.69865000003
2025-07-23T14:47:02.000000,-15724.974199999755,-38229.63705000047,-53954.61125000002
2025-07-23T14:47:07.000000,-15724.886799999755,-38229.63705000047,-53954.52385000002
2025-07-23T14:47:12.000000,-15724.799399999754,-38229.63705000047,-53954.436450000016
2025-07-23T14:47:17.000000,-15724.711999999754,-38229.63705000047,-53954.34905000001
2025-07-23T14:47:22.000000,-15724.624599999754,-38229.63705000047,-53954.26165000001
2025-07-23T14:47:27.000000,-15724.537199999753,-38229.63705000047,-53954.174250000004
2025-07-23T14:47:32.000000,-15724.449799999753,-38229.63705000047,-53954.08685
2025-07-23T14:47:37.000000,-15724.362399999753,-38229.63705000047,-53953.999449999996
2025-07-23T14:47:42.000000,-15724.274999999752,-38229.63705000047,-53953.91204999999
2025-07-23T14:47:47.000000,-15724.187599999752,-38229.63705000047,-53953.82464999999
2025-07-23T14:47:52.000000,-15724.100199999752,-38229.63705000047,-53953.737249999984
2025-07-23T14:47:57.000000,-15724.012799999751,-38229.63705000047,-53953.64984999998
2025-07-23T14:48:02.000000,-15723.92539999975,-38229.63705000047,-53953.562449999976
2025-07-23T14:48:07.000000,-15723.83799999975,-38229.63705000047,-53953.47504999997
2025-07-23T14:48:12.000000,-15723.75059999975,-38229.63705000047,-53953.38764999997
2025-07-23T14:48:17.000000,-15723.66319999975,-38229.63705000047,-53953.300249999964
2025-07-23T14:48:22.000000,-15731.570599999748,-38229.63705000047,-53961.20764999996
2025-07-23T14:48:27.000000,-15739.477999999746,-38229.63705000047,-53969.11504999996
2025-07-23T14:48:32.000000,-15747.385399999745,-38229.63705000047,-53977.02244999995
2025-07-23T14:48:37.000000,-15755.292799999743,-38229.63705000047,-53984.92984999995
2025-07-23T14:48:42.000000,-15763.200199999741,-38229.63705000047,-53992.837249999946
2025-07-23T14:48:47.000000,-15771.10759999974,-38229.63705000047,-54000.74464999994
2025-07-23T14:48:52.000000,-15771.020199999739,-38229.63705000047,-54000.65724999994
2025-07-23T14:48:57.000000,-15770.932799999739,-38229.63705000047,-54000.569849999934
2025-07-23T14:49:02.000000,-15770.845399999738,-38229.63705000047,-54000.48244999993
2025-07-23T14:49:07.000000,-15770.779849999737,-38229.63705000047,-54000.41689999993
2025-07-24T09:47:47.000000,-15770.779849999737,-38243.18486538508,-54013.96471538454
2025-07-24T09:48:32.000000,-15770.779849999737,-38229.60696542355,-54000.38681542301
2025-07-24T09:52:42.000000,-15770.779849999737,-38127.914698846624,-53898.694548846084
2025-07-24T09:52:47.000000,-15770.779849999737,-38047.2255822697,-53818.00543226916
2025-07-24T09:52:52.000000,-15770.779849999737,-37980.538565692776,-53751.318415692236
2025-07-24T09:52:57.000000,-15770.779849999737,-37934.85469911585,-53705.63454911531
2025-07-24T09:53:02.000000,-15770.779849999737,-37903.172932538924,-53673.952782538385
2025-07-24T09:53:07.000000,-15770.779849999737,-37857.489065962,-53628.26891596146
2025-07-24T09:53:12.000000,-15770.779849999737,-37825.80729938507,-53596.58714938453
2025-07-24T09:53:17.000000,-15770.779849999737,-37773.12238280815,-53543.90223280761
2025-07-24T09:53:22.000000,-15770.779849999737,-37706.43536623123,-53477.21521623069
2025-07-24T09:53:27.000000,-15770.779849999737,-37632.7472996543,-53403.52714965376
2025-07-24T09:53:32.000000,-15770.779849999737,-37713.22811456658,-53484.00796456604
2025-07-24T09:53:32.000000,-15770.779849999737,-37632.53899798965,-53403.31884798911
2025-07-24T09:53:37.000000,-15770.779849999737,-37713.019812901926,-53483.79966290139
2025-07-24T09:53:37.000000,-15770.779849999737,-37618.328596325,-53389.10844632446
2025-07-24T09:53:42.000000,-15770.779849999737,-37698.80941123728,-53469.58926123674
2025-07-24T09:53:42.000000,-15770.779849999737,-37618.12029466035,-53388.90014465981
2025-07-24T09:53:47.000000,-15770.779849999737,-37720.60440957263,-53491.38425957209
2025-07-24T09:53:47.000000,-15770.779849999737,-37651.44230964955,-53422.22215964901
2025-07-24T09:53:52.000000,-15770.779849999737,-37753.92642456183,-53524.70627456129
2025-07-24T09:53:57.000000,-15770.779849999737,-37772.55990000043,-53543.33974999989
2025-07-24T09:55:02.000000,-15770.779849999737,-37810.12160000043,-53580.90144999989
2025-07-24T09:56:12.000000,-15770.779849999737,-37855.95411095281,-53626.73396095227
2025-07-24T09:56:32.000000,-15770.779849999737,-37867.868716428995,-53638.648566428456
2025-07-24T09:58:07.000000,-15770.779849999737,-37902.625166428996,-53673.405016428456
2025-07-24T09:58:12.000000,-15770.779849999737,-37937.381616429,-53708.16146642846
2025-07-24T09:58:17.000000,-15770.779849999737,-37972.138066429,-53742.91791642846
2025-07-24T09:58:22.000000,-15770.779849999737,-38006.894516429,-53777.67436642846
2025-07-24T09:58:27.000000,-15770.779849999737,-38041.650966429,-53812.43081642846
2025-07-24T09:59:47.000000,-15770.779849999737,-38263.50987738138,-54034.28972738084
2025-07-24T09:59:52.000000,-15770.779849999737,-38485.36878833376,-54256.14863833322
2025-07-24T09:59:57.000000,-15770.779849999737,-38685.22439928615,-54456.00424928561
2025-07-24T10:00:02.000000,-15770.779849999737,-38885.08001023853,-54655.85986023799
2025-07-24T10:00:07.000000,-15770.779849999737,-39062.932321190914,-54833.712171190375
2025-07-24T10:00:12.000000,-15770.779849999737,-39218.7813321433,-54989.56118214276
2025-07-24T10:00:17.000000,-15770.779849999737,-39396.63364309568,-55167.41349309514
2025-07-24T10:00:22.000000,-15770.779849999737,-39574.48595404806,-55345.26580404752
2025-07-24T10:00:27.000000,-15770.779849999737,-39582.57015000044,-55353.349999999904
2025-07-24T10:01:12.000000,-15770.779849999737,-39596.37110000044,-55367.1509499999
2025-07-24T10:02:52.000000,-15770.779849999737,-39672.70662500044,-55443.4864749999
2025-07-24T10:03:02.000000,-15770.779849999737,-39684.149700000446,-55454.929549999906
2025-07-24T10:04:47.000000,-15770.779849999737,-39720.424050000445,-55491.203899999906
2025-07-24T10:04:52.000000,-15770.779849999737,-39756.698400000445,-55527.478249999906
2025-07-24T10:04:57.000000,-15770.779849999737,-39792.972750000445,-55563.752599999905
2025-07-24T10:05:02.000000,-15770.779849999737,-39829.247100000444,-55600.026949999905
2025-07-24T10:05:07.000000,-15770.779849999737,-39844.51830000045,-55615.29814999991
2025-07-24T10:05:12.000000,-15770.779849999737,-39848.154300000446,-55618.93414999991
2025-07-24T10:05:32.000000,-15770.779849999737,-39904.9156465351,-55675.69549653456
2025-07-24T10:05:37.000000,-15770.779849999737,-39961.67699306975,-55732.45684306921
2025-07-24T10:05:42.000000,-15770.779849999737,-39998.4353396044,-55769.21518960386
2025-07-24T10:05:47.000000,-15770.779849999737,-40035.19368613906,-55805.97353613852
2025-07-24T10:05:52.000000,-15770.779849999737,-40071.95203267371,-55842.73188267317
2025-07-24T10:05:57.000000,-15770.779849999737,-40074.79010000044,-55845.5699499999
2025-07-24T10:08:12.000000,-15770.779849999737,-40082.92700000044,-55853.7068499999
2025-07-24T10:08:47.000000,-15770.779849999737,-40101.62865000044,-55872.4084999999
2025-07-24T10:10:22.000000,-15770.779849999737,-40284.04703357187,-56054.82688357133
2025-07-24T10:10:27.000000,-15770.779849999737,-40330.5853521433,-56101.36520214276
2025-07-24T10:10:32.000000,-15770.779849999737,-40398.317952143305,-56169.097802142765
2025-07-24T10:10:37.000000,-15770.779849999737,-40440.046652143305,-56210.826502142765
2025-07-24T10:10:42.000000,-15770.779849999737,-40481.775352143304,-56252.555202142765
2025-07-24T10:10:47.000000,-15770.779849999737,-40523.504052143304,-56294.283902142764
2025-07-24T10:10:47.000000,-15770.779849999737,-40576.043270714734,-56346.823120714194
2025-07-24T10:10:52.000000,-15770.779849999737,-40617.77197071473,-56388.551820714194
2025-07-24T10:10:57.000000,-15770.779849999737,-40619.376920714734,-56390.156770714195
2025-07-24T10:10:57.000000,-15770.779849999737,-40691.94474571473,-56462.72459571419
2025-07-24T10:11:12.000000,-15770.779849999737,-40742.87222482188,-56513.65207482134
2025-07-24T10:11:17.000000,-15770.779849999737,-40833.31002500045,-56604.08987499991
2025-07-24T10:11:57.000000,-15770.779849999737,-40962.98298991273,-56733.76283991219
2025-07-24T10:12:02.000000,-15770.779849999737,-41132.66195482501,-56903.44180482447
2025-07-24T10:12:07.000000,-15770.779849999737,-41276.88907500045,-57047.66892499991
2025-07-24T10:12:57.000000,-15831.649656249734,-41276.88907500045,-57108.53873124991
2025-07-24T10:13:02.000000,-15892.519462499731,-41276.88907500045,-57169.408537499905
2025-07-24T10:13:07.000000,-15953.389268749728,-41276.88907500045,-57230.2783437499
2025-07-24T10:13:12.000000,-16014.259074999725,-41276.88907500045,-57291.1481499999
2025-07-24T10:13:17.000000,-16075.128881249722,-41276.88907500045,-57352.017956249896
2025-07-24T10:13:22.000000,-16080.662499999722,-41276.88907500045,-57357.551574999896
2025-07-24T10:13:42.000000,-16068.974233333054,-41276.88907500045,-57345.863308333224
2025-07-24T10:13:47.000000,-16057.285966666386,-41276.88907500045,-57334.17504166655
2025-07-24T10:13:47.000000,-16057.285966666386,-41327.45360000045,-57384.739566666554
2025-07-24T10:13:52.000000,-16053.592499999717,-41327.45360000045,-57381.04609999988
2025-07-24T10:13:52.000000,-16053.592499999717,-41378.01812500045,-57431.610624999885
2025-07-24T10:13:57.000000,-16049.899033333048,-41378.01812500045,-57427.91715833321
2025-07-24T10:13:57.000000,-16049.899033333048,-41428.582650000455,-57478.481683333215
2025-07-24T10:14:02.000000,-16038.21076666638,-41428.582650000455,-57466.79341666654
2025-07-24T10:14:02.000000,-16038.21076666638,-41437.77620000045,-57475.98696666654
2025-07-24T10:14:07.000000,-16035.288699999712,-41437.77620000045,-57473.064899999874
2025-07-24T10:14:07.000000,-16035.288699999712,-41618.69750000045,-57653.986199999876
2025-07-24T10:14:12.000000,-16035.288699999712,-41672.97389000045,-57708.262589999875
2025-07-24T10:14:27.000000,-16035.288699999712,-41773.95137841629,-57809.240078415714
2025-07-24T10:14:32.000000,-16035.288699999712,-41874.92886683213,-57910.217566831554
2025-07-24T10:17:27.000000,-16035.288699999712,-42029.65266683213,-58064.941366831554
2025-07-24T10:17:47.000000,-16035.288699999712,-42062.78739299903,-58098.07609299845
2025-07-24T10:17:52.000000,-16035.288699999712,-42108.924069165936,-58144.21276916536
2025-07-24T10:17:57.000000,-16095.170499999715,-42108.924069165936,-58204.09456916536
2025-07-24T10:17:57.000000,-16095.170499999715,-42155.06074533284,-58250.23124533227
2025-07-24T10:18:02.000000,-16155.052299999717,-42155.06074533284,-58310.11304533227
2025-07-24T10:18:02.000000,-16155.052299999717,-42214.199371499744,-58369.25167149917
2025-07-24T10:18:07.000000,-16214.93409999972,-42214.199371499744,-58429.133471499175
2025-07-24T10:18:07.000000,-16214.93409999972,-42273.33799766665,-58488.27209766608
2025-07-24T10:18:12.000000,-16274.815899999723,-42273.33799766665,-58548.15389766608
2025-07-24T10:18:12.000000,-16274.815899999723,-42332.47662383355,-58607.292523832984
2025-07-24T10:18:17.000000,-16356.683399999725,-42332.47662383355,-58689.160023832985
2025-07-24T10:18:17.000000,-16356.683399999725,-42391.615250000454,-58748.29864999989
2025-07-24T10:21:22.000000,-16356.683399999725,-42367.09165000045,-58723.77504999989
2025-07-24T10:21:27.000000,-16356.683399999725,-42342.56805000045,-58699.25144999989
2025-07-24T10:21:32.000000,-16356.683399999725,-42311.04340000045,-58667.72679999989
2025-07-24T10:21:37.000000,-16356.683399999725,-42279.518750000454,-58636.20214999989
2025-07-24T10:21:42.000000,-16356.683399999725,-42240.993050000456,-58597.67644999989
2025-07-24T10:21:57.000000,-16356.683399999725,-42261.981241743575,-58618.66464174301
2025-07-24T10:22:02.000000,-16356.683399999725,-42282.969433486694,-58639.65283348613
2025-07-24T10:22:07.000000,-16356.683399999725,-42303.957625229814,-58660.64102522925
2025-07-24T10:22:12.000000,-16356.683399999725,-42324.94581697293,-58681.62921697237
2025-07-24T10:22:17.000000,-16356.683399999725,-42323.97685000046,-58680.66024999989
2025-07-24T10:22:32.000000,-16361.841449999725,-42323.97685000046,-58685.81829999989
2025-07-24T10:24:57.000000,-16361.841449999725,-42337.565098837666,-58699.4065488371
2025-07-24T10:28:22.000000,-16367.097323999726,-42337.565098837666,-58704.6624228371
2025-07-24T10:29:47.000000,-16367.097323999726,-42346.651005834115,-58713.74832983355
2025-07-24T10:29:52.000000,-16367.097323999726,-42355.736912830565,-58722.83423683
2025-07-24T10:29:57.000000,-16367.097323999726,-42364.822819827015,-58731.92014382645
2025-07-24T10:30:02.000000,-16367.097323999726,-42373.908726823465,-58741.0060508229
2025-07-24T10:30:07.000000,-16367.097323999726,-42382.994633819915,-58750.09195781935
2025-07-24T10:30:12.000000,-16367.097323999726,-42386.298600000446,-58753.39592399988
2025-07-24T10:30:22.000000,-16367.097323999726,-42505.39673807384,-58872.494062073274
2025-07-24T10:32:42.000000,-16367.097323999726,-42618.463801943246,-58985.56112594268
2025-07-24T10:33:12.000000,-16375.35269466639,-42618.463801943246,-58993.816496609346
2025-07-24T10:33:17.000000,-16383.608065333054,-42618.463801943246,-59002.07186727601
2025-07-24T10:33:22.000000,-16384.867985999717,-42618.463801943246,-59003.331787942676
2025-07-24T10:33:27.000000,-16386.12790666638,-42618.463801943246,-59004.59170860934
2025-07-24T10:33:32.000000,-16387.02784999971,-42618.463801943246,-59005.49165194267
2025-07-24T10:33:32.000000,-16387.02784999971,-42731.53086581265,-59118.558715812076
2025-07-24T10:33:37.000000,-16387.02784999971,-42865.601079682056,-59252.62892968148
2025-07-24T10:33:42.000000,-16387.02784999971,-43020.674443551456,-59407.70229355088
2025-07-24T10:33:47.000000,-16387.02784999971,-43175.747807420856,-59562.77565742028
2025-07-24T10:33:52.000000,-16387.02784999971,-43279.13005000046,-59666.15789999988
2025-07-24T10:36:17.000000,-16395.43007499971,-43279.13005000046,-59674.56012499988
2025-07-24T10:36:22.000000,-16403.832299999707,-43279.13005000046,-59682.96234999988
2025-07-24T10:36:27.000000,-16412.234524999705,-43279.13005000046,-59691.364574999876
2025-07-24T10:36:32.000000,-16420.636749999703,-43279.13005000046,-59699.766799999874
2025-07-24T10:36:37.000000,-16429.0389749997,-43279.13005000046,-59708.16902499987
2025-07-24T10:36:42.000000,-16430.977949999702,-43279.13005000046,-59710.10799999987
2025-07-24T10:39:02.000000,-16430.977949999702,-43398.39645526362,-59829.37440526303
2025-07-24T10:39:07.000000,-16430.977949999702,-43517.662860526776,-59948.64081052619
2025-07-24T10:39:12.000000,-16430.977949999702,-43636.929265789935,-60067.907215789346
2025-07-24T10:39:17.000000,-16430.977949999702,-43723.76280000046,-60154.74074999987
2025-07-24T10:41:32.000000,-16430.977949999702,-43728.98900000046,-60159.96694999987
2025-07-24T10:44:27.000000,-16430.977949999702,-43741.14970000046,-60172.12764999987
2025-07-24T10:47:27.000000,-16310.767097101152,-43741.14970000046,-60051.91679710132
2025-07-24T10:47:32.000000,-16183.5607942026,-43741.14970000046,-59924.71049420277
2025-07-24T10:47:37.000000,-16056.354491304048,-43741.14970000046,-59797.50419130422
2025-07-24T10:47:42.000000,-15908.161838405498,-43741.14970000046,-59649.31153840567
2025-07-24T10:47:47.000000,-15752.973735506946,-43741.14970000046,-59494.12343550712
2025-07-24T10:47:52.000000,-15597.785632608395,-43741.14970000046,-59338.93533260857
2025-07-24T10:47:57.000000,-15435.602079709844,-43741.14970000046,-59176.75177971002
2025-07-24T10:48:02.000000,-15252.432176811293,-43741.14970000046,-58993.58187681147
2025-07-24T10:48:07.000000,-15062.266823912742,-43741.14970000046,-58803.41652391292
2025-07-24T10:48:12.000000,-15087.940989766399,-43741.14970000046,-58829.09068976658
2025-07-24T10:48:12.000000,-14930.938215853355,-43741.14970000046,-58672.08791585353
2025-07-24T10:48:17.000000,-14956.612381707013,-43741.14970000046,-58697.76208170719
2025-07-24T10:48:22.000000,-14990.28134756067,-43741.14970000046,-58731.43104756084
2025-07-24T10:48:27.000000,-15015.955513414328,-43741.14970000046,-58757.1052134145
2025-07-24T10:48:32.000000,-15049.624479267986,-43741.14970000046,-58790.774179268155
2025-07-24T10:48:37.000000,-15052.833749999694,-43741.14970000046,-58793.98344999986
2025-07-24T11:06:27.000000,-15052.833749999694,-43754.3095697679,-58807.1433197673
2025-07-24T11:11:12.000000,-15052.833749999694,-43865.637362936504,-58918.471112935906
2025-07-24T11:11:17.000000,-15052.833749999694,-43976.96515610511,-59029.79890610451
2025-07-24T11:11:22.000000,-15052.833749999694,-44097.29429927371,-59150.12804927311
2025-07-24T11:11:27.000000,-15052.833749999694,-44235.626142442314,-59288.459892441715
2025-07-24T11:11:32.000000,-15052.833749999694,-44382.95933561092,-59435.79308561032
2025-07-24T11:11:37.000000,-15052.833749999694,-44432.070400000455,-59484.90414999986
2025-07-24T11:17:37.000000,-15052.833749999694,-44535.586800000456,-59588.42054999986
2025-07-24T11:17:42.000000,-15052.833749999694,-44639.103200000456,-59691.93694999986
2025-07-24T11:17:47.000000,-15052.833749999694,-44751.620950000455,-59804.45469999986
2025-07-24T11:17:52.000000,-15052.833749999694,-44837.13465000045,-59889.96839999985
2025-07-24T11:17:57.000000,-15052.833749999694,-44913.64700000045,-59966.48074999985
2025-07-24T11:18:07.000000,-15052.833749999694,-44922.665670588685,-59975.49942058809
2025-07-24T11:23:07.000000,-15052.833749999694,-44809.293165257805,-59862.126915257206
2025-07-24T11:23:12.000000,-15052.833749999694,-44728.11560000045,-59780.94934999985
2025-07-24T11:24:22.000000,-15052.833749999694,-44672.798900000445,-59725.63264999985
2025-07-24T11:24:27.000000,-15052.833749999694,-44627.48370000045,-59680.31744999985
2025-07-24T11:24:32.000000,-15052.833749999694,-44592.17000000045,-59645.00374999985
2025-07-24T11:24:37.000000,-15052.833749999694,-44556.85630000045,-59609.69004999985
2025-07-24T11:24:42.000000,-15052.833749999694,-44521.54260000045,-59574.37634999985
2025-07-24T11:24:47.000000,-15052.833749999694,-44503.88575000045,-59556.719499999854
2025-07-24T13:07:37.000000,-15052.833749999694,-44489.45815000045,-59542.29189999985
2025-07-24T13:10:57.000000,-15052.833749999694,-44525.58480571474,-59578.41855571414
2025-07-24T13:11:02.000000,-15052.833749999694,-44561.711461429026,-59614.54521142843
2025-07-24T13:11:07.000000,-15052.833749999694,-44597.838117143314,-59650.671867142715
2025-07-24T13:11:12.000000,-15052.833749999694,-44602.40630000045,-59655.240049999855
2025-07-24T13:13:57.000000,-14802.600249999701,-44602.40630000045,-59405.00654999986
2025-07-24T13:25:18.000000,-14802.600249999701,-44697.51252205928,-59500.11277205869
2025-07-24T13:25:23.000000,-14802.600249999701,-44792.61874411811,-59595.21899411752
2025-07-24T13:25:28.000000,-14802.600249999701,-44874.72301617693,-59677.32326617634
2025-07-24T13:25:33.000000,-14802.600249999701,-44956.827288235756,-59759.42753823516
2025-07-24T13:25:38.000000,-14802.600249999701,-45038.93156029458,-59841.531810293985
2025-07-24T13:25:43.000000,-14802.600249999701,-45057.87870000046,-59860.478949999866
2025-07-24T13:27:42.000000,-14802.600249999701,-45172.37545000046,-59974.975699999864
2025-07-24T13:28:17.000000,-14802.600249999701,-45199.74342238852,-60002.34367238793
2025-07-24T13:29:32.000000,-14802.600249999701,-45261.975761499096,-60064.5760114985
2025-07-24T13:29:37.000000,-14802.600249999701,-45421.1866527571,-60223.7869027565
2025-07-24T13:29:52.000000,-14802.600249999701,-45495.42079186767,-60298.021041867076
2025-07-24T13:29:57.000000,-14802.600249999701,-45752.86942223624,-60555.469672235646
2025-07-24T13:30:02.000000,-14802.600249999701,-46020.31955260481,-60822.919802604214
2025-07-24T13:30:12.000000,-14802.600249999701,-46101.363858458346,-60903.96410845775
2025-07-24T13:32:17.000000,-14802.600249999701,-46285.02423595088,-61087.624485950284
2025-07-24T13:32:22.000000,-14802.600249999701,-46456.68281344341,-61259.28306344282
2025-07-24T13:32:27.000000,-14802.600249999701,-46670.347690935945,-61472.94794093535
2025-07-24T13:32:32.000000,-14802.600249999701,-46890.01346842848,-61692.613718427885
2025-07-24T13:32:37.000000,-14802.600249999701,-47103.67834592101,-61906.27859592042
2025-07-24T13:32:42.000000,-14802.600249999701,-47299.34052341354,-62101.94077341295
2025-07-24T13:32:47.000000,-14802.600249999701,-47507.00450090608,-62309.604750905484
2025-07-24T13:32:52.000000,-14802.600249999701,-47726.67027839861,-62529.27052839802
2025-07-24T13:32:57.000000,-14802.600249999701,-47952.33695589114,-62754.93720589055
2025-07-24T13:33:02.000000,-14802.600249999701,-48166.00183338368,-62968.602083383084
2025-07-24T13:33:07.000000,-14802.600249999701,-48391.66851087621,-63194.26876087562
2025-07-24T13:33:12.000000,-14802.600249999701,-48623.33608836874,-63425.93633836815
2025-07-24T13:33:17.000000,-14802.600249999701,-48812.99736586127,-63615.59761586068
2025-07-24T13:33:22.000000,-14802.600249999701,-48992.26255626923,-63794.86280626863
2025-07-24T13:33:27.000000,-14802.600249999701,-49185.52984667718,-63988.130096676585
2025-07-24T13:33:32.000000,-14802.600249999701,-49364.79503708513,-64167.39528708454
2025-07-24T13:33:37.000000,-14802.600249999701,-49391.40450000056,-64194.004749999964
2025-07-24T13:38:07.000000,-14802.600249999701,-49315.82637317129,-64118.42662317069
2025-07-24T13:38:12.000000,-14802.600249999701,-49240.24824634202,-64042.84849634142
2025-07-24T13:38:17.000000,-14802.600249999701,-49164.670119512746,-63967.27036951215
2025-07-24T13:38:22.000000,-14802.600249999701,-49097.09319268348,-63899.69344268289
2025-07-24T13:38:27.000000,-14802.600249999701,-49029.51626585422,-63832.116515853624
2025-07-24T13:38:32.000000,-14802.600249999701,-49021.069150000556,-63823.66939999996
2025-07-24T13:40:27.000000,-14802.600249999701,-49007.99415000056,-63810.594399999965
2025-07-24T13:46:37.000000,-14943.032954999682,-49007.99415000056,-63951.02710499995
2025-07-24T13:46:47.000000,-15026.799831666338,-49007.99415000056,-64034.793981666604
2025-07-24T13:47:27.000000,-15044.641331666338,-49007.99415000056,-64052.635481666606
2025-07-24T13:50:02.000000,-14997.086999999648,-49007.99415000056,-64005.08114999992
2025-07-24T13:52:02.000000,-15032.769999999648,-49007.99415000056,-64040.764149999915
2025-07-24T13:52:07.000000,-15068.452999999647,-49007.99415000056,-64076.44714999991
2025-07-24T13:52:12.000000,-15104.135999999646,-49007.99415000056,-64112.13014999991
2025-07-24T13:52:17.000000,-15159.805999999644,-49007.99415000056,-64167.80014999991
2025-07-24T13:52:22.000000,-15182.073999999644,-49007.99415000056,-64190.068149999905
2025-07-24T13:58:57.000000,-15257.698999999646,-49007.99415000056,-64265.693149999905
2025-07-24T13:59:02.000000,-15353.310999999647,-49007.99415000056,-64361.305149999906
2025-07-24T13:59:07.000000,-15425.154749999649,-49007.99415000056,-64433.148899999906
2025-07-24T14:02:27.000000,-15398.705249999646,-49007.99415000056,-64406.6993999999
2025-07-24T14:02:32.000000,-15386.246649999644,-49007.99415000056,-64394.2407999999
2025-07-24T14:02:37.000000,-15373.788049999643,-49007.99415000056,-64381.78219999989
2025-07-24T14:02:42.000000,-15347.33854999964,-49007.99415000056,-64355.33269999989
2025-07-24T14:09:12.000000,-15362.756149999641,-49007.99415000056,-64370.75029999989
2025-07-24T14:09:17.000000,-15378.173749999642,-49007.99415000056,-64386.16789999989
2025-07-24T14:09:22.000000,-15393.591349999642,-49007.99415000056,-64401.58549999989
2025-07-24T14:09:27.000000,-15409.008949999643,-49007.99415000056,-64417.00309999989
2025-07-24T14:09:32.000000,-15424.426549999644,-49007.99415000056,-64432.42069999989
2025-07-24T14:09:37.000000,-15427.229749999644,-49007.99415000056,-64435.223899999895
2025-07-24T14:45:02.000000,-15504.04288499964,-49007.99415000056,-64512.03703499989
2025-07-24T14:45:07.000000,-15580.856019999637,-49007.99415000056,-64588.85016999989
2025-07-24T14:45:12.000000,-15657.669154999634,-49007.99415000056,-64665.663304999885
2025-07-24T14:45:17.000000,-15727.486839999632,-49007.99415000056,-64735.48098999989
2025-07-24T14:45:22.000000,-15797.30452499963,-49007.99415000056,-64805.29867499989
2025-07-24T14:45:27.000000,-15867.122209999628,-49007.99415000056,-64875.11635999989
2025-07-24T14:45:32.000000,-15936.939894999627,-49007.99415000056,-64944.93404499989
2025-07-24T14:45:37.000000,-15999.762129999624,-49007.99415000056,-65007.75627999989
2025-07-24T14:45:42.000000,-16069.579814999623,-49007.99415000056,-65077.573964999894
2025-07-24T14:45:47.000000,-16139.39749999962,-49007.99415000056,-65147.391649999896
2025-07-24T14:45:52.000000,-16202.219734999619,-49007.99415000056,-65210.213884999896
2025-07-24T14:45:57.000000,-16265.041969999616,-49007.99415000056,-65273.036119999895
2025-07-24T14:46:02.000000,-16327.864204999614,-49007.99415000056,-65335.858354999895
2025-07-24T14:46:07.000000,-16383.690989999614,-49007.99415000056,-65391.68513999989
2025-07-24T14:46:12.000000,-16439.51777499961,-49007.99415000056,-65447.51192499989
2025-07-24T14:46:17.000000,-16495.34455999961,-49007.99415000056,-65503.33870999989
2025-07-24T14:46:22.000000,-16544.175894999607,-49007.99415000056,-65552.17004499989
2025-07-24T14:46:27.000000,-16551.151799999607,-49007.99415000056,-65559.14594999989
2025-07-25T09:46:42.000000,-16551.151799999607,-49568.68125000056,-66119.8330499999
2025-07-25T09:47:32.000000,-16551.151799999607,-50217.818550000564,-66768.9703499999
2025-07-25T09:49:37.000000,-16551.151799999607,-50409.83760000057,-66960.9893999999
2025-07-25T09:49:42.000000,-16551.151799999607,-50452.508500000564,-67003.6602999999
2025-07-25T09:50:47.000000,-16551.151799999607,-50483.77610000057,-67034.92789999991
2025-07-25T09:52:27.000000,-16551.151799999607,-51074.21713529469,-67625.36893529403
2025-07-25T09:52:37.000000,-16551.151799999607,-51664.65817058881,-68215.80997058815
2025-07-25T09:52:42.000000,-16551.151799999607,-52190.089455882924,-68741.24125588227
2025-07-25T09:52:47.000000,-16551.151799999607,-52212.65764366071,-68763.80944366005
2025-07-25T09:52:47.000000,-16551.151799999607,-52697.67113777835,-69248.8229377777
2025-07-25T09:52:52.000000,-16551.151799999607,-52720.23932555613,-69271.39112555548
2025-07-25T09:52:57.000000,-16551.151799999607,-52742.807513333915,-69293.95931333327
2025-07-25T09:52:57.000000,-16551.151799999607,-52767.82915071709,-69318.98095071645
2025-07-25T09:53:02.000000,-16551.151799999607,-52788.43488738376,-69339.58668738311
2025-07-25T09:53:02.000000,-16551.151799999607,-52834.459674766935,-69385.61147476628
2025-07-25T09:53:07.000000,-16551.151799999607,-52880.48446215011,-69431.63626214945
2025-07-25T09:53:12.000000,-16551.151799999607,-52926.50924953329,-69477.66104953262
2025-07-25T09:53:17.000000,-16551.151799999607,-52972.53403691646,-69523.68583691579
2025-07-25T09:53:22.000000,-16551.151799999607,-52976.91735000057,-69528.0691499999
2025-07-25T09:57:57.000000,-16551.151799999607,-52762.42379396609,-69313.57559396542
2025-07-25T09:58:02.000000,-16551.151799999607,-52522.9264879316,-69074.07828793094
2025-07-25T09:58:07.000000,-16551.151799999607,-52283.42918189712,-68834.58098189646
2025-07-25T09:58:12.000000,-16551.151799999607,-52043.93187586263,-68595.08367586198
2025-07-25T09:58:17.000000,-16551.151799999607,-51890.653600000565,-68441.80539999991
2025-07-25T10:00:02.000000,-16551.151799999607,-51932.01395937557,-68483.16575937491
2025-07-25T10:00:07.000000,-16551.151799999607,-51970.74940937557,-68521.9012093749
2025-07-25T10:00:12.000000,-16551.151799999607,-52032.48830937556,-68583.6401093749
2025-07-25T10:00:17.000000,-16551.151799999607,-52071.22375937556,-68622.3755593749
2025-07-25T10:00:22.000000,-16551.151799999607,-52109.959209375564,-68661.11100937489
2025-07-25T10:00:27.000000,-16551.151799999607,-52148.694659375564,-68699.84645937488
2025-07-25T10:00:32.000000,-16551.151799999607,-52187.430109375564,-68738.58190937487
2025-07-25T10:00:37.000000,-16551.151799999607,-52226.165559375564,-68777.31735937487
2025-07-25T10:00:42.000000,-16551.151799999607,-52264.901009375564,-68816.05280937486
2025-07-25T10:00:47.000000,-16551.151799999607,-52303.636459375564,-68854.78825937485
2025-07-25T10:00:52.000000,-16551.151799999607,-52342.371909375564,-68893.52370937484
2025-07-25T10:00:57.000000,-16551.151799999607,-52377.73905937556,-68928.89085937485
2025-07-25T10:01:37.000000,-16551.151799999607,-52443.592664063064,-68994.74446406236
2025-07-25T10:01:42.000000,-16551.151799999607,-52509.446268750566,-69060.59806874987
2025-07-25T10:01:47.000000,-16551.151799999607,-52575.29987343807,-69126.45167343738
2025-07-25T10:01:52.000000,-16551.151799999607,-52641.15347812557,-69192.30527812488
2025-07-25T10:01:57.000000,-16551.151799999607,-52707.00708281307,-69258.1588828124
2025-07-25T10:02:02.000000,-16551.151799999607,-52747.773600000575,-69298.92539999989
2025-07-25T10:02:02.000000,-16570.421140908697,-52747.773600000575,-69318.19474090898
2025-07-25T10:04:57.000000,-16661.272662859916,-52747.773600000575,-69409.0462628602
2025-07-25T10:05:02.000000,-16768.113784811136,-52747.773600000575,-69515.88738481142
2025-07-25T10:05:07.000000,-16858.965306762355,-52747.773600000575,-69606.73890676264
2025-07-25T10:05:12.000000,-16941.822028713574,-52747.773600000575,-69689.59562871385
2025-07-25T10:05:17.000000,-17024.678750664792,-52747.773600000575,-69772.45235066507
2025-07-25T10:05:22.000000,-17035.035840908695,-52747.773600000575,-69782.80944090897
2025-07-25T10:06:27.000000,-17089.564122726875,-52747.773600000575,-69837.33772272716
2025-07-25T10:06:32.000000,-17144.092404545056,-52747.773600000575,-69891.86600454534
2025-07-25T10:06:37.000000,-17198.620686363236,-52747.773600000575,-69946.39428636353
2025-07-25T10:06:42.000000,-17261.143768181417,-52747.773600000575,-70008.9173681817
2025-07-25T10:06:47.000000,-17331.661649999598,-52747.773600000575,-70079.43524999988
2025-07-25T10:07:57.000000,-17331.661649999598,-52820.744608209534,-70152.40625820884
2025-07-25T10:08:02.000000,-17331.661649999598,-52893.71561641849,-70225.3772664178
2025-07-25T10:08:07.000000,-17331.661649999598,-52966.68662462745,-70298.34827462675
2025-07-25T10:08:12.000000,-17331.661649999598,-53039.65763283641,-70371.31928283571
2025-07-25T10:08:17.000000,-17331.661649999598,-53125.63059104537,-70457.29224104466
2025-07-25T10:08:22.000000,-17331.661649999598,-53136.85690000059,-70468.51854999989
2025-07-25T10:10:12.000000,-17331.661649999598,-53049.463300000585,-70381.1249499999
2025-07-25T10:12:37.000000,-17352.123967459916,-53049.463300000585,-70401.58726746021
2025-07-25T10:12:42.000000,-17380.581084920235,-53049.463300000585,-70430.04438492053
2025-07-25T10:12:47.000000,-17409.038202380554,-53049.463300000585,-70458.50150238085
2025-07-25T10:12:52.000000,-17429.500519840873,-53049.463300000585,-70478.96381984117
2025-07-25T10:12:57.000000,-17449.96283730119,-53049.463300000585,-70499.42613730149
2025-07-25T10:13:02.000000,-17470.42515476151,-53049.463300000585,-70519.8884547618
2025-07-25T10:13:07.000000,-17490.887472221828,-53049.463300000585,-70540.35077222213
2025-07-25T10:13:12.000000,-17508.79199999961,-53049.463300000585,-70558.2552999999
2025-07-25T10:17:27.000000,-17508.79199999961,-53085.119210714874,-70593.9112107142
2025-07-25T10:17:32.000000,-17508.79199999961,-53120.775121429164,-70629.5671214285
2025-07-25T10:17:37.000000,-17508.79199999961,-53156.43103214345,-70665.22303214279
2025-07-25T10:17:42.000000,-17508.79199999961,-53192.08694285774,-70700.87894285709
2025-07-25T10:17:47.000000,-17508.79199999961,-53227.74285357203,-70736.53485357139
2025-07-25T10:17:52.000000,-17508.79199999961,-53249.13640000061,-70757.92839999996
2025-07-25T10:18:42.000000,-17508.79199999961,-53325.14192105324,-70833.9339210526
2025-07-25T10:18:47.000000,-17508.79199999961,-53401.147442105874,-70909.93944210523
2025-07-25T10:18:52.000000,-17508.79199999961,-53477.15296315851,-70985.94496315786
2025-07-25T10:18:57.000000,-17508.79199999961,-53553.15848421114,-71061.9504842105
2025-07-25T10:19:02.000000,-17508.79199999961,-53533.96983421114,-71042.7618342105
2025-07-25T10:19:02.000000,-17508.79199999961,-53609.97535526377,-71118.76735526313
2025-07-25T10:19:07.000000,-17508.79199999961,-53615.21785526377,-71124.00985526314
2025-07-25T10:19:07.000000,-17508.79199999961,-53691.223376316404,-71200.01537631577
2025-07-25T10:19:12.000000,-17508.79199999961,-53767.22889736904,-71276.0208973684
2025-07-25T10:19:17.000000,-17508.79199999961,-53843.23441842167,-71352.02641842104
2025-07-25T10:19:22.000000,-17508.79199999961,-53919.239939474304,-71428.03193947367
2025-07-25T10:19:27.000000,-17508.79199999961,-53991.62615000062,-71500.41815
2025-07-25T10:19:42.000000,-17508.79199999961,-54017.429036471214,-71526.22103647058
2025-07-25T10:19:47.000000,-17508.79199999961,-54043.231922941806,-71552.02392294117
2025-07-25T10:19:52.000000,-17508.79199999961,-54069.0348094124,-71577.82680941175
2025-07-25T10:19:57.000000,-17508.79199999961,-54065.83334588299,-71574.62534588233
2025-07-25T10:20:02.000000,-17508.79199999961,-54062.63188235358,-71571.42388235292
2025-07-25T10:20:07.000000,-17508.79199999961,-54059.872000000636,-71568.66399999998
2025-07-25T10:26:22.000000,-17633.670065624607,-54059.872000000636,-71693.54206562498
2025-07-25T10:26:27.000000,-17764.54423124961,-54059.872000000636,-71824.41623124998
2025-07-25T10:26:32.000000,-17895.41839687461,-54059.872000000636,-71955.29039687499
2025-07-25T10:26:37.000000,-18026.292562499613,-54059.872000000636,-72086.1645625
2025-07-25T10:26:42.000000,-18163.162828124612,-54059.872000000636,-72223.03482812499
2025-07-25T10:26:47.000000,-18208.78624999961,-54059.872000000636,-72268.65825
2025-07-25T10:34:12.000000,-18208.78624999961,-54145.786500000635,-72354.57274999999
2025-07-25T10:34:17.000000,-18208.78624999961,-54231.701000000634,-72440.48724999999
2025-07-25T10:34:22.000000,-18208.78624999961,-54327.61700000064,-72536.40324999999
2025-07-25T10:34:27.000000,-18208.78624999961,-54423.53300000064,-72632.31924999999
2025-07-25T10:34:32.000000,-18208.78624999961,-54519.44900000065,-72728.23524999998
2025-07-25T10:45:53.000000,-18208.78624999961,-54682.74459200065,-72891.53084199998
2025-07-25T10:45:58.000000,-18208.78624999961,-54858.04198400065,-73066.82823399999
2025-07-25T10:46:03.000000,-18208.78624999961,-55033.33937600065,-73242.125626
2025-07-25T10:46:08.000000,-18208.78624999961,-55208.63676800065,-73417.423018
2025-07-25T10:46:13.000000,-18208.78624999961,-55347.92876000065,-73556.71501
2025-07-25T10:46:18.000000,-18208.78624999961,-55463.21715200065,-73672.003402
2025-07-25T10:46:23.000000,-18208.78624999961,-55492.03925000065,-73700.8255
2025-07-25T10:50:37.000000,-18302.378024999613,-55492.03925000065,-73794.417275
2025-07-25T10:50:42.000000,-18395.969799999613,-55492.03925000065,-73888.00905
2025-07-25T10:50:47.000000,-18489.561574999614,-55492.03925000065,-73981.60082499999
2025-07-25T10:50:52.000000,-18596.144899999614,-55492.03925000065,-74088.18414999999
2025-07-25T10:54:32.000000,-18601.91299999961,-55492.03925000065,-74093.95224999999
2025-07-25T10:54:37.000000,-18607.68109999961,-55492.03925000065,-74099.72034999999
2025-07-25T10:54:42.000000,-18613.449199999606,-55492.03925000065,-74105.48844999999
2025-07-25T10:54:47.000000,-18619.217299999604,-55492.03925000065,-74111.25654999999
2025-07-25T10:54:52.000000,-18624.9853999996,-55492.03925000065,-74117.02464999999
2025-07-25T11:13:52.000000,-18624.9853999996,-55508.43969122872,-74133.42509122807
2025-07-25T11:13:57.000000,-18624.9853999996,-55524.84013245679,-74149.82553245615
2025-07-25T11:14:02.000000,-18624.9853999996,-55541.24057368486,-74166.22597368422
2025-07-25T11:14:07.000000,-18624.9853999996,-55556.509950000654,-74181.49535000001
2025-07-25T11:20:52.000000,-18624.9853999996,-55597.81344000065,-74222.79884000002
2025-07-25T11:20:57.000000,-18624.9853999996,-55639.11693000065,-74264.10233000002
2025-07-25T11:21:02.000000,-18624.9853999996,-55680.42042000065,-74305.40582000003
2025-07-25T11:21:07.000000,-18624.9853999996,-55721.72391000065,-74346.70931000003
2025-07-25T11:21:12.000000,-18624.9853999996,-55763.02740000065,-74388.01280000004
2025-07-25T13:48:22.000000,-18624.9853999996,-55781.00398000065,-74405.98938000004
2025-07-25T13:48:32.000000,-18624.9853999996,-55773.49632500065,-74398.48172500005
2025-07-25T13:48:47.000000,-18624.9853999996,-55711.46090500065,-74336.44630500005
2025-07-25T13:52:27.000000,-18624.9853999996,-55647.94485000065,-74272.93025000005
2025-07-25T14:07:47.000000,-18624.9853999996,-55638.373780883,-74263.3591808824
2025-07-25T14:07:52.000000,-18624.9853999996,-55628.80271176535,-74253.78811176475
2025-07-25T14:07:57.000000,-18624.9853999996,-55633.2337426477,-74258.2191426471
2025-07-25T14:08:02.000000,-18624.9853999996,-55637.66477353006,-74262.65017352944
2025-07-25T14:08:07.000000,-18624.9853999996,-55641.46280000065,-74266.44820000003
2025-07-25T14:10:57.000000,-18624.9853999996,-55615.90411562565,-74240.88951562502
2025-07-25T14:11:02.000000,-18624.9853999996,-55590.34543125065,-74215.33083125002
2025-07-25T14:11:07.000000,-18624.9853999996,-55583.04295000065,-74208.02835000002
2025-07-25T14:24:02.000000,-18681.94656551684,-55583.04295000065,-74264.98951551726
2025-07-25T14:24:07.000000,-18738.907731034076,-55583.04295000065,-74321.95068103449
2025-07-25T14:24:12.000000,-18795.868896551314,-55583.04295000065,-74378.91184655172
2025-07-25T14:24:17.000000,-18875.815112068554,-55583.04295000065,-74458.85806206896
2025-07-25T14:24:22.000000,-18955.761327585795,-55583.04295000065,-74538.8042775862
2025-07-25T14:24:27.000000,-18959.237249999587,-55583.04295000065,-74542.2802
2025-07-25T14:45:02.000000,-19004.353301019994,-55583.04295000065,-74587.3962510204
2025-07-25T14:45:07.000000,-19039.4758520404,-55583.04295000065,-74622.51880204081
2025-07-25T14:45:12.000000,-19074.598403060805,-55583.04295000065,-74657.64135306122
2025-07-25T14:45:17.000000,-19109.72095408121,-55583.04295000065,-74692.76390408163
2025-07-25T14:45:22.000000,-19141.331249999577,-55583.04295000065,-74724.37419999999
2025-07-28T09:52:22.000000,-19234.866898226526,-55583.04295000065,-74817.90984822695
2025-07-28T09:52:27.000000,-19328.402546453475,-55583.04295000065,-74911.4454964539
2025-07-28T09:52:32.000000,-19421.938194680424,-55583.04295000065,-75004.98114468086
2025-07-28T09:52:37.000000,-19515.473842907373,-55583.04295000065,-75098.51679290782
2025-07-28T09:52:42.000000,-19581.027691134324,-55583.04295000065,-75164.07064113476
2025-07-28T09:52:47.000000,-19584.368249999574,-55583.04295000065,-75167.41120000002
2025-07-28T09:55:07.000000,-19584.368249999574,-55617.686660345484,-75202.05491034486
2025-07-28T09:55:12.000000,-19584.368249999574,-55652.33037069032,-75236.6986206897
2025-07-28T09:55:17.000000,-19584.368249999574,-55686.97408103515,-75271.34233103454
2025-07-28T09:55:22.000000,-19584.368249999574,-55721.617791379984,-75305.98604137938
2025-07-28T09:55:27.000000,-19584.368249999574,-55779.26495172482,-75363.63320172421
2025-07-28T09:55:32.000000,-19584.368249999574,-55781.77135000069,-75366.13960000007
2025-07-28T10:04:07.000000,-19584.368249999574,-55751.404450000686,-75335.77270000007
2025-07-28T10:04:12.000000,-19584.368249999574,-55721.037550000685,-75305.40580000008
2025-07-28T10:04:17.000000,-19584.368249999574,-55690.670650000684,-75275.03890000009
2025-07-28T10:04:22.000000,-19584.368249999574,-55660.30375000068,-75244.6720000001
2025-07-28T10:04:27.000000,-19584.368249999574,-55629.93685000068,-75214.3051000001
2025-07-28T10:04:32.000000,-19584.368249999574,-55599.56995000068,-75183.9382000001
2025-07-28T10:04:37.000000,-19584.368249999574,-55569.20305000068,-75153.57130000011
2025-07-28T10:04:42.000000,-19584.368249999574,-55538.83615000068,-75123.20440000012
2025-07-28T10:04:47.000000,-19584.368249999574,-55519.03165000068,-75103.39990000012
2025-07-28T10:07:42.000000,-19584.368249999574,-55582.91365000068,-75167.28190000012
2025-07-28T10:07:52.000000,-19584.368249999574,-55682.67345000068,-75267.04170000012
2025-07-28T10:08:37.000000,-19584.368249999574,-55663.02799719169,-75247.39624719114
2025-07-28T10:08:42.000000,-19584.368249999574,-55643.3825443827,-75227.75079438215
2025-07-28T10:08:47.000000,-19584.368249999574,-55651.741291573715,-75236.10954157317
2025-07-28T10:08:52.000000,-19584.368249999574,-55688.104238764725,-75272.47248876418
2025-07-28T10:08:57.000000,-19584.368249999574,-55724.467185955735,-75308.83543595519
2025-07-28T10:09:02.000000,-19584.368249999574,-55816.83853314675,-75401.2067831462
2025-07-28T10:09:07.000000,-19584.368249999574,-55909.20988033777,-75493.57813033722
2025-07-28T10:09:12.000000,-19584.368249999574,-56029.58542752878,-75613.95367752823
2025-07-28T10:09:17.000000,-19584.368249999574,-56177.96517471979,-75762.33342471924
2025-07-28T10:09:22.000000,-19584.368249999574,-56354.349121910804,-75938.71737191026
2025-07-28T10:09:27.000000,-19584.368249999574,-56558.73726910182,-76143.10551910127
2025-07-28T10:09:32.000000,-19584.368249999574,-56763.12541629283,-76347.49366629228
2025-07-28T10:09:37.000000,-19584.368249999574,-56909.116950000694,-76493.48520000016
2025-07-28T10:09:47.000000,-19584.368249999574,-56953.49752500069,-76537.86577500016
2025-07-28T10:09:52.000000,-19620.32085277735,-56953.49752500069,-76573.81837777793
2025-07-28T10:09:52.000000,-19620.32085277735,-56988.876750000694,-76609.19760277793
2025-07-28T10:09:57.000000,-19656.273455555125,-56988.876750000694,-76645.1502055557
2025-07-28T10:09:57.000000,-19656.273455555125,-57033.25732500069,-76689.53078055571
2025-07-28T10:10:02.000000,-19692.2260583329,-57033.25732500069,-76725.48338333349
2025-07-28T10:10:02.000000,-19692.2260583329,-57086.63925000069,-76778.86530833348
2025-07-28T10:10:07.000000,-19728.178661110676,-57086.63925000069,-76814.81791111125
2025-07-28T10:10:07.000000,-19728.178661110676,-57149.02252500069,-76877.20118611126
2025-07-28T10:10:12.000000,-19764.131263888452,-57149.02252500069,-76913.15378888903
2025-07-28T10:10:12.000000,-19764.131263888452,-57155.95400000069,-76920.08526388904
2025-07-28T10:10:17.000000,-19769.26734999956,-57155.95400000069,-76925.22135000015
2025-07-28T10:15:02.000000,-19769.26734999956,-57150.7570735301,-76920.02442352957
2025-07-28T10:15:07.000000,-19769.26734999956,-57154.56149705951,-76923.82884705898
2025-07-28T10:15:12.000000,-19769.26734999956,-57211.5679609484,-76980.83531094786
2025-07-28T10:15:12.000000,-19769.26734999956,-57206.37103447781,-76975.63838447728
2025-07-28T10:15:17.000000,-19769.26734999956,-57192.17275800722,-76961.44010800669
2025-07-28T10:15:22.000000,-19769.26734999956,-57168.97313153663,-76938.2404815361
2025-07-28T10:15:27.000000,-19769.26734999956,-57147.50581388957,-76916.77316388904
2025-07-28T10:15:32.000000,-19769.26734999956,-57234.37280648216,-77003.64015648163
2025-07-28T10:15:37.000000,-19769.26734999956,-57321.239799074756,-77090.50714907423
2025-07-28T10:17:12.000000,-19769.26734999956,-57399.23261296364,-77168.49996296312
2025-07-28T10:17:17.000000,-19769.26734999956,-57498.22857685253,-77267.495926852
2025-07-28T10:17:22.000000,-19769.26734999956,-57576.22139074142,-77345.4887407409
2025-07-28T10:17:27.000000,-19769.26734999956,-57675.21735463031,-77444.48470462978
2025-07-28T10:17:32.000000,-19769.26734999956,-57774.2133185192,-77543.48066851866
2025-07-28T10:17:37.000000,-19769.26734999956,-57785.355149074756,-77554.62249907422
2025-07-28T10:18:02.000000,-19769.26734999956,-57833.04359953772,-77602.31094953718
2025-07-28T10:18:07.000000,-19769.26734999956,-57880.73205000068,-77649.99940000013
2025-07-28T10:20:22.000000,-19769.26734999956,-57797.125881250686,-77566.39323125013
2025-07-28T10:20:27.000000,-19769.26734999956,-57713.51971250069,-77482.78706250012
2025-07-28T10:20:32.000000,-19769.26734999956,-57629.91354375069,-77399.18089375012
2025-07-28T10:20:37.000000,-19769.26734999956,-57598.315175000695,-77367.58252500012
2025-07-28T10:20:42.000000,-19769.26734999956,-57545.1438500007,-77314.41120000012
2025-07-28T10:21:47.000000,-19769.26734999956,-57560.7838500007,-77330.05120000012
2025-07-28T10:21:52.000000,-19769.26734999956,-57576.4238500007,-77345.69120000012
2025-07-28T10:21:57.000000,-19769.26734999956,-57586.623850000695,-77355.89120000011
2025-07-28T10:28:32.000000,-19769.26734999956,-57746.90875000069,-77516.17610000011
2025-07-28T10:29:22.000000,-19834.33913749956,-57746.90875000069,-77581.24788750011
2025-07-28T10:29:27.000000,-19899.410924999556,-57746.90875000069,-77646.31967500011
2025-07-28T10:29:32.000000,-19950.491812499557,-57746.90875000069,-77697.4005625001
2025-07-28T10:29:37.000000,-20001.572699999557,-57746.90875000069,-77748.4814500001
2025-07-28T10:29:47.000000,-20001.572699999557,-57741.75885731777,-77743.33155731717
2025-07-28T10:29:52.000000,-20001.572699999557,-57736.60896463485,-77738.18166463425
2025-07-28T10:29:57.000000,-20001.572699999557,-57731.459071951926,-77733.03177195133
2025-07-28T10:30:02.000000,-20001.572699999557,-57718.307979269,-77719.8806792684
2025-07-28T10:30:07.000000,-20001.572699999557,-57705.15688658607,-77706.72958658548
2025-07-28T10:30:12.000000,-20001.572699999557,-57703.513000000705,-77705.08570000011
2025-07-28T10:34:22.000000,-20001.572699999557,-57721.49087400071,-77723.06357400012
2025-07-28T10:34:27.000000,-20001.572699999557,-57739.46874800071,-77741.04144800012
2025-07-28T10:34:32.000000,-20001.572699999557,-57757.446622000716,-77759.01932200012
2025-07-28T10:34:37.000000,-20001.572699999557,-57775.42449600072,-77776.99719600013
2025-07-28T10:34:42.000000,-20001.572699999557,-57793.402370000724,-77794.97507000013
2025-07-28T10:34:47.000000,-20001.572699999557,-57811.38024400073,-77812.95294400014
2025-07-28T10:34:52.000000,-20001.572699999557,-57829.35811800073,-77830.93081800014
2025-07-28T10:34:57.000000,-20001.572699999557,-57835.70325000073,-77837.27595000014
2025-07-28T10:37:37.000000,-20001.572699999557,-57874.51230000073,-77876.08500000014
2025-07-28T10:37:42.000000,-20001.572699999557,-57913.321350000726,-77914.89405000013
2025-07-28T10:37:47.000000,-20001.572699999557,-57952.13040000072,-77953.70310000013
2025-07-28T10:37:52.000000,-20001.572699999557,-57990.93945000072,-77992.51215000013
2025-07-28T10:37:57.000000,-20001.572699999557,-58029.748500000715,-78031.32120000012
2025-07-28T10:38:02.000000,-20001.572699999557,-58031.435850000715,-78033.00855000012
2025-07-28T10:48:52.000000,-20001.572699999557,-58046.69051000071,-78048.26321000012
2025-07-28T10:48:57.000000,-20001.572699999557,-58069.94637000071,-78071.51907000013
2025-07-28T10:49:02.000000,-20001.572699999557,-58093.20223000071,-78094.77493000013
2025-07-28T10:49:07.000000,-20001.572699999557,-58108.45689000071,-78110.02959000014
2025-07-28T10:49:12.000000,-20001.572699999557,-58123.711550000706,-78125.28425000014
2025-07-28T10:53:57.000000,-20001.572699999557,-58185.54245000071,-78187.11515000014
2025-07-28T10:54:02.000000,-20001.572699999557,-58209.73715000071,-78211.30985000015
2025-07-28T11:02:42.000000,-20045.906238129053,-58209.73715000071,-78255.64338812964
2025-07-28T11:02:47.000000,-20090.23977625855,-58209.73715000071,-78299.97692625913
2025-07-28T11:02:52.000000,-20134.573314388046,-58209.73715000071,-78344.31046438862
2025-07-28T11:02:57.000000,-20178.906852517543,-58209.73715000071,-78388.64400251811
2025-07-28T11:03:02.000000,-20221.657049999558,-58209.73715000071,-78431.39420000013
2025-07-28T11:12:27.000000,-20260.061299999557,-58209.73715000071,-78469.79845000012
2025-07-28T11:12:32.000000,-20298.465549999557,-58209.73715000071,-78508.20270000011
2025-07-28T11:12:37.000000,-20336.869799999557,-58209.73715000071,-78546.6069500001
2025-07-28T11:12:42.000000,-20375.274049999556,-58209.73715000071,-78585.0112000001
2025-07-28T11:12:47.000000,-20413.678299999556,-58209.73715000071,-78623.41545000009
2025-07-28T11:12:52.000000,-20420.357299999556,-58209.73715000071,-78630.09445000009
2025-07-28T11:20:22.000000,-20519.918385216948,-58209.73715000071,-78729.65553521748
2025-07-28T11:20:27.000000,-20619.47947043434,-58209.73715000071,-78829.21662043486
2025-07-28T11:20:32.000000,-20719.040555651733,-58209.73715000071,-78928.77770565225
2025-07-28T11:20:37.000000,-20818.601640869125,-58209.73715000071,-79028.33879086963
2025-07-28T11:20:42.000000,-20829.26889999956,-58209.73715000071,-79039.00605000007
2025-07-28T11:29:52.000000,-20874.94936999956,-58209.73715000071,-79084.68652000008
2025-07-28T11:29:57.000000,-20941.61618999956,-58209.73715000071,-79151.35334000007
2025-07-28T11:30:02.000000,-21008.283009999563,-58209.73715000071,-79218.02016000007
2025-07-28T11:30:07.000000,-21074.949829999565,-58209.73715000071,-79284.68698000007
2025-07-28T11:30:12.000000,-21141.616649999567,-58209.73715000071,-79351.35380000007
2025-07-28T13:15:57.000000,-21138.36989999957,-58209.73715000071,-79348.10705000006
2025-07-28T13:34:37.000000,-21138.36989999957,-58195.57808333404,-79333.9479833334
2025-07-28T13:34:42.000000,-21138.36989999957,-58197.42141666737,-79335.79131666674
2025-07-28T13:39:02.000000,-21138.36989999957,-58175.261150000704,-79313.63105000008
2025-07-28T13:39:07.000000,-21138.36989999957,-58145.09968333404,-79283.46958333341
2025-07-28T13:39:12.000000,-21138.36989999957,-58114.938216667375,-79253.30811666674
2025-07-28T13:39:17.000000,-21138.36989999957,-58084.77675000071,-79223.14665000007
2025-07-28T13:39:22.000000,-21138.36989999957,-58046.61408333405,-79184.9839833334
2025-07-28T13:39:27.000000,-21138.36989999957,-58041.84375000071,-79180.21365000006
2025-07-28T13:45:07.000000,-21138.36989999957,-57977.86778653917,-79116.23768653853
2025-07-28T13:45:12.000000,-21138.36989999957,-57922.89317307763,-79061.26307307699
2025-07-28T13:45:17.000000,-21138.36989999957,-57867.91855961609,-79006.28845961545
2025-07-28T13:45:22.000000,-21138.36989999957,-57812.94394615455,-78951.3138461539
2025-07-28T13:45:27.000000,-21138.36989999957,-57748.96798269301,-78887.33788269237
2025-07-28T13:45:32.000000,-21138.36989999957,-57684.99201923147,-78823.36191923084
2025-07-28T13:45:37.000000,-21138.36989999957,-57621.01605576993,-78759.3859557693
2025-07-28T13:45:42.000000,-21138.36989999957,-57548.03874230839,-78686.40864230777
2025-07-28T13:45:47.000000,-21138.36989999957,-57505.388100000695,-78643.75800000007
2025-07-28T13:57:47.000000,-21138.36989999957,-57465.3046218757,-78603.67452187507
2025-07-28T13:57:52.000000,-21138.36989999957,-57431.2220437507,-78569.59194375007
2025-07-28T13:57:57.000000,-21138.36989999957,-57397.139465625696,-78535.50936562507
2025-07-28T13:58:02.000000,-21138.36989999957,-57369.0577875007,-78507.42768750007
2025-07-28T13:58:07.000000,-21138.36989999957,-57352.9779093757,-78491.34780937506
2025-07-28T13:58:12.000000,-21138.36989999957,-57345.617650000706,-78483.98755000006
2025-07-28T14:01:17.000000,-21138.36989999957,-57401.04645000071,-78539.41635000006
2025-07-28T14:05:42.000000,-21138.36989999957,-57458.424750000704,-78596.79465000005
2025-07-28T14:05:47.000000,-21138.36989999957,-57515.8030500007,-78654.17295000005
2025-07-28T14:05:52.000000,-21138.36989999957,-57573.1813500007,-78711.55125000005
2025-07-28T14:05:57.000000,-21138.36989999957,-57603.2366500007,-78741.60655000004
2025-07-29T09:50:42.000000,-21130.85355454502,-57603.2366500007,-78734.09020454549
2025-07-29T09:50:47.000000,-21123.337209090474,-57603.2366500007,-78726.57385909093
2025-07-29T09:50:52.000000,-21107.826063635926,-57603.2366500007,-78711.06271363639
2025-07-29T09:50:57.000000,-21092.31491818138,-57603.2366500007,-78695.55156818185
2025-07-29T09:51:02.000000,-21076.80377272683,-57603.2366500007,-78680.04042272731
2025-07-29T09:51:07.000000,-21053.297827272283,-57603.2366500007,-78656.53447727277
2025-07-29T09:51:12.000000,-21029.791881817735,-57603.2366500007,-78633.02853181823
2025-07-29T09:51:17.000000,-21006.285936363187,-57603.2366500007,-78609.52258636369
2025-07-29T09:51:22.000000,-20990.77479090864,-57603.2366500007,-78594.01144090915
2025-07-29T09:51:27.000000,-20967.26884545409,-57603.2366500007,-78570.5054954546
2025-07-29T09:51:32.000000,-20943.762899999543,-57603.2366500007,-78546.99955000007
2025-07-29T09:57:42.000000,-20934.535919999544,-57603.2366500007,-78537.77257000006
2025-07-29T09:57:47.000000,-20925.308939999544,-57603.2366500007,-78528.54559000005
2025-07-29T09:57:52.000000,-20916.081959999545,-57603.2366500007,-78519.31861000005
2025-07-29T09:57:57.000000,-20927.841329999545,-57603.2366500007,-78531.07798000005
2025-07-29T09:58:02.000000,-20939.600699999544,-57603.2366500007,-78542.83735000005
2025-07-29T10:00:07.000000,-20939.600699999544,-57503.680525000695,-78443.28122500004
2025-07-29T10:00:12.000000,-20939.600699999544,-57404.12440000069,-78343.72510000004
2025-07-29T10:00:17.000000,-20939.600699999544,-57304.56827500069,-78244.16897500004
2025-07-29T10:00:22.000000,-20939.600699999544,-57205.012150000686,-78144.61285000003
2025-07-29T10:00:27.000000,-20939.600699999544,-57105.45602500068,-78045.05672500003
2025-07-29T10:00:32.000000,-20939.600699999544,-57005.89990000068,-77945.50060000003
2025-07-29T10:04:42.000000,-20939.600699999544,-57131.069156796795,-78070.66985679614
2025-07-29T10:04:57.000000,-21025.713749999544,-57131.069156796795,-78156.78290679614
2025-07-29T10:06:02.000000,-21025.713749999544,-57674.53984828888,-78700.25359828823
2025-07-29T10:06:07.000000,-21025.713749999544,-57771.1012289736,-78796.81497897295
2025-07-29T10:06:12.000000,-21025.713749999544,-57885.93880000069,-78911.65255000004
2025-07-29T10:07:32.000000,-21025.713749999544,-58030.41507456966,-79056.12882456901
2025-07-29T10:07:32.000000,-21025.713749999544,-58017.33019560926,-79043.04394560862
2025-07-29T10:07:57.000000,-21025.713749999544,-57991.160437688464,-79016.87418768782
2025-07-29T10:08:57.000000,-21025.713749999544,-58041.47105406777,-79067.18480406713
2025-07-29T10:08:57.000000,-21025.713749999544,-58115.38465382991,-79141.09840382928
2025-07-29T10:08:57.000000,-21025.713749999544,-58218.022951504325,-79243.7367015037
2025-07-29T10:09:02.000000,-21025.713749999544,-58320.66124917874,-79346.37499917812
2025-07-29T10:09:07.000000,-21025.713749999544,-58423.29954685315,-79449.01329685254
2025-07-29T10:09:12.000000,-21025.713749999544,-58504.93469452757,-79530.64844452696
2025-07-29T10:09:17.000000,-21025.713749999544,-58507.028553579294,-79532.74230357868
2025-07-29T10:09:17.000000,-21025.713749999544,-58556.71308105067,-79582.42683105006
2025-07-29T10:09:17.000000,-21025.713749999544,-58638.34822872509,-79664.06197872448
2025-07-29T10:09:22.000000,-21025.713749999544,-58719.983376399505,-79745.6971263989
2025-07-29T10:09:27.000000,-21025.713749999544,-58731.64554035299,-79757.35929035238
2025-07-29T10:09:32.000000,-21025.713749999544,-59053.49883987728,-80079.21258987667
2025-07-29T10:09:37.000000,-21025.713749999544,-59092.326289877274,-80118.04003987667
2025-07-29T10:09:57.000000,-21025.713749999544,-59242.15455000065,-80267.86830000005
2025-07-29T10:10:07.000000,-21025.713749999544,-59299.55165000065,-80325.26540000005
2025-07-29T10:10:12.000000,-21025.713749999544,-59322.94365000065,-80348.65740000005
2025-07-29T10:13:17.000000,-21025.713749999544,-59359.44970833398,-80385.1634583334
2025-07-29T10:13:22.000000,-21025.713749999544,-59395.95576666731,-80421.66951666673
2025-07-29T10:13:27.000000,-21025.713749999544,-59419.45987500065,-80445.17362500007
2025-07-29T10:13:32.000000,-21025.713749999544,-59455.96593333398,-80481.67968333341
2025-07-29T10:13:37.000000,-21025.713749999544,-59466.46809166732,-80492.18184166674
2025-07-29T10:13:42.000000,-21025.713749999544,-59467.27595000065,-80492.98970000006
2025-07-29T10:14:37.000000,-21025.713749999544,-59472.652550000654,-80498.36630000007
2025-07-29T10:15:32.000000,-21024.842977272274,-59472.652550000654,-80497.4955272728
2025-07-29T10:15:37.000000,-21017.976104545,-59472.652550000654,-80490.62865454552
2025-07-29T10:15:42.000000,-21005.113131817725,-59472.652550000654,-80477.76568181824
2025-07-29T10:15:47.000000,-20992.25015909045,-59472.652550000654,-80464.90270909097
2025-07-29T10:15:52.000000,-20979.387186363176,-59472.652550000654,-80452.03973636369
2025-07-29T10:15:57.000000,-20972.95569999954,-59472.652550000654,-80445.60825000005
2025-07-29T10:18:23.000000,-20972.95569999954,-59525.50795339049,-80498.46365338987
2025-07-29T10:18:28.000000,-20972.95569999954,-59578.36335678032,-80551.3190567797
2025-07-29T10:18:33.000000,-20972.95569999954,-59631.21876017015,-80604.17446016952
2025-07-29T10:18:38.000000,-20972.95569999954,-59684.074163559984,-80657.02986355935
2025-07-29T10:18:43.000000,-20972.95569999954,-59736.92956694982,-80709.88526694918
2025-07-29T10:18:48.000000,-20972.95569999954,-59743.823750000665,-80716.77945000002
2025-07-29T10:19:37.000000,-20959.245190229423,-59743.823750000665,-80703.0689402299
2025-07-29T10:19:42.000000,-20962.52363045931,-59743.823750000665,-80706.34738045979
2025-07-29T10:19:47.000000,-20948.813120689192,-59743.823750000665,-80692.63687068968
2025-07-29T10:19:52.000000,-20935.102610919075,-59743.823750000665,-80678.92636091956
2025-07-29T10:19:57.000000,-20921.39210114896,-59743.823750000665,-80665.21585114945
2025-07-29T10:20:02.000000,-20919.779099999534,-59743.823750000665,-80663.60285000002
2025-07-29T10:20:27.000000,-20919.779099999534,-59768.997458190315,-80688.77655818968
2025-07-29T10:21:42.000000,-20919.779099999534,-59771.16771637996,-80690.94681637934
2025-07-29T10:21:47.000000,-20919.779099999534,-59773.33797456961,-80693.11707456899
2025-07-29T10:21:52.000000,-20919.779099999534,-59775.50823275925,-80695.28733275864
2025-07-29T10:21:57.000000,-20919.779099999534,-59777.6784909489,-80697.4575909483
2025-07-29T10:22:02.000000,-20919.779099999534,-59778.77300000063,-80698.55210000002
2025-07-29T10:30:47.000000,-20919.779099999534,-59814.09767586269,-80733.87677586208
2025-07-29T10:30:47.000000,-20919.779099999534,-59829.09783975159,-80748.87693975097
2025-07-29T10:30:52.000000,-20919.779099999534,-59844.09800364048,-80763.87710363987
2025-07-29T10:30:57.000000,-20919.779099999534,-59859.09816752937,-80778.87726752876
2025-07-29T10:31:02.000000,-20919.779099999534,-59874.09833141827,-80793.87743141766
2025-07-29T10:31:07.000000,-20919.779099999534,-59889.09849530716,-80808.87759530655
2025-07-29T10:31:12.000000,-20919.779099999534,-59891.241375862715,-80811.02047586211
2025-07-29T10:32:37.000000,-20919.779099999534,-59861.092550575355,-80780.87165057476
2025-07-29T10:32:38.000000,-20919.779099999534,-59860.76280057536,-80780.54190057475
2025-07-29T10:34:27.000000,-20919.779099999534,-59854.652300575355,-80774.43140057476
2025-07-29T10:34:32.000000,-20919.779099999534,-59848.54180057535,-80768.32090057476
2025-07-29T10:34:37.000000,-20919.779099999534,-59842.43130057535,-80762.21040057477
2025-07-29T10:34:42.000000,-20919.779099999534,-59836.32080057535,-80756.09990057477
2025-07-29T10:34:47.000000,-20919.779099999534,-59830.210300575345,-80749.98940057478
2025-07-29T10:35:32.000000,-20919.779099999534,-59878.913491092586,-80798.69259109203
2025-07-29T10:35:37.000000,-20919.779099999534,-59927.61668160983,-80847.39578160927
2025-07-29T10:35:42.000000,-20919.779099999534,-59976.31987212707,-80896.09897212652
2025-07-29T10:35:47.000000,-20919.779099999534,-60007.02036264431,-80926.79946264376
2025-07-29T10:35:52.000000,-20919.779099999534,-60049.72265316155,-80969.501753161
2025-07-29T10:35:57.000000,-20919.779099999534,-60057.95585000063,-80977.73495000009
2025-07-29T10:37:47.000000,-21035.619789999535,-60057.95585000063,-81093.57564000008
2025-07-29T10:37:52.000000,-21139.468279999535,-60057.95585000063,-81197.42413000009
2025-07-29T10:37:57.000000,-21243.316769999536,-60057.95585000063,-81301.27262000009
2025-07-29T10:38:02.000000,-21359.157459999537,-60057.95585000063,-81417.11331000009
2025-07-29T10:38:07.000000,-21474.998149999537,-60057.95585000063,-81532.95400000009
2025-07-29T10:38:42.000000,-21537.44842999954,-60057.95585000063,-81595.40428000009
2025-07-29T10:38:47.000000,-21599.89870999954,-60057.95585000063,-81657.8545600001
2025-07-29T10:38:52.000000,-21662.34898999954,-60057.95585000063,-81720.3048400001
2025-07-29T10:38:57.000000,-21724.79926999954,-60057.95585000063,-81782.7551200001
2025-07-29T10:39:02.000000,-21787.249549999542,-60057.95585000063,-81845.20540000011
2025-07-29T10:49:57.000000,-21787.249549999542,-60094.964780000635,-81882.2143300001
2025-07-29T10:50:02.000000,-21787.249549999542,-60131.97371000064,-81919.2232600001
2025-07-29T10:50:07.000000,-21787.249549999542,-60168.98264000064,-81956.2321900001
2025-07-29T10:50:12.000000,-21787.249549999542,-60205.991570000646,-81993.2411200001
2025-07-29T10:50:17.000000,-21787.249549999542,-60243.00050000065,-82030.25005000009
2025-07-29T10:50:22.000000,-21787.249549999542,-60260.62380000065,-82047.8733500001
2025-07-29T10:50:32.000000,-21787.249549999542,-60271.16210322645,-82058.4116532259
2025-07-29T10:50:47.000000,-21787.249549999542,-60304.40972258129,-82091.65927258074
2025-07-29T10:50:52.000000,-21787.249549999542,-60355.66004193613,-82142.90959193558
2025-07-29T10:50:57.000000,-21787.249549999542,-60406.91036129097,-82194.15991129041
2025-07-29T10:51:02.000000,-21787.249549999542,-60464.16158064581,-82251.41113064524
2025-07-29T10:51:07.000000,-21787.249549999542,-60527.413700000645,-82314.66325000009
2025-07-29T10:51:37.000000,-21787.249549999542,-60535.039046429214,-82322.28859642865
2025-07-29T10:52:22.000000,-21787.249549999542,-60660.532778136534,-82447.78232813597
2025-07-29T10:52:37.000000,-21787.249549999542,-60728.19286594141,-82515.44241594085
2025-07-29T10:52:57.000000,-21424.86644999954,-60728.19286594141,-82153.05931594085
2025-07-29T10:53:37.000000,-21424.86644999954,-60742.53546377339,-82167.40191377282
2025-07-29T10:55:02.000000,-21424.86644999954,-60766.68476377339,-82191.55121377282
2025-07-29T10:55:17.000000,-21424.86644999954,-60803.371159437345,-82228.23760943678
2025-07-29T10:55:47.000000,-21424.86644999954,-60832.056355101304,-82256.92280510074
2025-07-29T10:55:52.000000,-21424.86644999954,-60868.74275076526,-82293.6092007647
2025-07-29T10:55:57.000000,-21424.86644999954,-60905.42914642922,-82330.29559642865
2025-07-29T10:56:22.000000,-21424.86644999954,-60873.1174049457,-82297.98385494514
2025-07-29T10:56:27.000000,-21424.86644999954,-60840.805663462175,-82265.67211346162
2025-07-29T10:56:32.000000,-21424.86644999954,-60802.493021978655,-82227.35947197811
2025-07-29T10:56:37.000000,-21424.86644999954,-60776.18218049514,-82201.0486304946
2025-07-29T10:56:42.000000,-21424.86644999954,-60814.97283049514,-82239.83928049459
2025-07-29T10:56:42.000000,-21424.86644999954,-60898.09233049514,-82322.95878049459
2025-07-29T10:56:42.000000,-21424.86644999954,-60889.322050000635,-82314.18850000009
2025-07-29T10:56:47.000000,-21424.86644999954,-60928.11270000064,-82352.97915000009
2025-07-29T10:56:47.000000,-21424.86644999954,-61011.23220000064,-82436.09865000009
2025-07-29T10:56:52.000000,-21424.86644999954,-61014.605300000636,-82439.47175000008
2025-07-29T10:56:52.000000,-21424.86644999954,-61106.726150000635,-82531.59260000009
2025-07-29T10:56:57.000000,-21424.86644999954,-61189.845650000636,-82614.71210000009
2025-07-29T10:57:02.000000,-21424.86644999954,-61308.97055000064,-82733.83700000009
2025-07-29T10:57:07.000000,-21424.86644999954,-61318.20605000064,-82743.07250000008
2025-07-29T11:01:02.000000,-21424.86644999954,-61317.65375000064,-82742.52020000009
2025-07-29T11:01:52.000000,-21424.86644999954,-61354.28281383043,-82779.14926382988
2025-07-29T11:03:02.000000,-21424.86644999954,-61370.114976330435,-82794.98142632988
2025-07-29T11:03:07.000000,-21424.86644999954,-61385.94713883044,-82810.81358882987
2025-07-29T11:03:12.000000,-21424.86644999954,-61401.77930133044,-82826.64575132987
2025-07-29T11:03:17.000000,-21424.86644999954,-61417.61146383044,-82842.47791382986
2025-07-29T11:03:22.000000,-21424.86644999954,-61420.627113830444,-82845.49356382986
2025-07-29T11:06:32.000000,-21424.86644999954,-61615.20001914959,-83040.06646914901
2025-07-29T11:06:37.000000,-21424.86644999954,-61809.772924468736,-83234.63937446816
2025-07-29T11:06:42.000000,-21424.86644999954,-62022.34852978789,-83447.2149797873
2025-07-29T11:06:47.000000,-21424.86644999954,-62164.06560000066,-83588.93205000006
2025-07-29T11:07:27.000000,-21424.86644999954,-62284.65828000066,-83709.52473000006
2025-07-29T11:07:32.000000,-21424.86644999954,-62405.25096000066,-83830.11741000006
2025-07-29T11:07:37.000000,-21424.86644999954,-62525.84364000066,-83950.71009000007
2025-07-29T11:07:42.000000,-21424.86644999954,-62646.43632000066,-84071.30277000007
2025-07-29T11:07:47.000000,-21424.86644999954,-62767.029000000664,-84191.89545000007
2025-07-29T11:13:27.000000,-21424.86644999954,-62755.296150000664,-84180.16260000007
2025-07-29T11:13:32.000000,-21424.86644999954,-62743.563300000664,-84168.42975000007
2025-07-29T11:13:37.000000,-21424.86644999954,-62722.829100000665,-84147.69555000006
2025-07-29T11:13:42.000000,-21424.86644999954,-62699.70145000066,-84124.56790000007
2025-07-29T11:15:57.000000,-21424.86644999954,-62729.28155000066,-84154.14800000007
2025-07-29T11:18:07.000000,-21424.86644999954,-62761.37160000067,-84186.23805000007
2025-07-29T13:08:52.000000,-21424.86644999954,-62742.739893750666,-84167.60634375007
2025-07-29T13:08:57.000000,-21424.86644999954,-62712.106387500666,-84136.97283750007
2025-07-29T13:09:02.000000,-21424.86644999954,-62663.47018125067,-84088.33663125007
2025-07-29T13:09:07.000000,-21424.86644999954,-62608.833075000664,-84033.69952500008
2025-07-29T13:09:12.000000,-21424.86644999954,-62554.19596875066,-83979.06241875008
2025-07-29T13:09:17.000000,-21424.86644999954,-62535.98360000066,-83960.85005000008
2025-07-29T13:10:07.000000,-21424.86644999954,-62396.24501792519,-83821.11146792461
2025-07-29T13:10:12.000000,-21424.86644999954,-62256.50643584972,-83681.37288584914
2025-07-29T13:10:17.000000,-21424.86644999954,-62129.769803774245,-83554.63625377367
2025-07-29T13:10:22.000000,-21424.86644999954,-62003.03317169877,-83427.8996216982
2025-07-29T13:10:27.000000,-21424.86644999954,-61993.28420000066,-83418.1506500001
2025-07-29T13:11:17.000000,-21424.86644999954,-61985.69446904828,-83410.56091904771
2025-07-29T13:11:22.000000,-21424.86644999954,-61978.1047380959,-83402.97118809533
2025-07-29T13:11:27.000000,-21424.86644999954,-61970.51500714352,-83395.38145714294
2025-07-29T13:11:32.000000,-21424.86644999954,-61962.92527619114,-83387.79172619055
2025-07-29T13:11:37.000000,-21424.86644999954,-61955.78200000066,-83380.64845000008
2025-07-29T13:12:48.000000,-21424.86644999954,-62012.64722291733,-83437.51367291674
2025-07-29T13:12:53.000000,-21424.86644999954,-62056.510495833994,-83481.37694583341
2025-07-29T13:12:58.000000,-21424.86644999954,-62165.38351875066,-83590.24996875008
2025-07-29T13:13:08.000000,-21424.86644999954,-62231.75580000066,-83656.62225000009
2025-07-29T13:24:13.000000,-21424.86644999954,-62383.73363333399,-83808.60008333343
2025-07-29T13:24:18.000000,-21424.86644999954,-62535.71146666732,-83960.57791666676
2025-07-29T13:24:23.000000,-21424.86644999954,-62687.68930000065,-84112.5557500001
2025-07-29T13:44:07.000000,-21430.15649999954,-62687.68930000065,-84117.8458000001
2025-07-29T13:47:42.000000,-21430.15649999954,-62779.806200000654,-84209.96270000009
2025-07-29T13:47:47.000000,-21430.15649999954,-62871.923100000655,-84302.07960000008
2025-07-29T13:47:52.000000,-21430.15649999954,-62964.040000000656,-84394.19650000008
2025-07-29T13:47:57.000000,-21430.15649999954,-63068.158700000655,-84498.31520000008
2025-07-29T13:48:02.000000,-21430.15649999954,-63178.27830000065,-84608.43480000009
2025-07-29T13:48:07.000000,-21430.15649999954,-63236.338550000655,-84666.49505000009
2025-07-29T13:56:07.000000,-21430.15649999954,-63298.70367916732,-84728.86017916675
2025-07-29T13:56:12.000000,-21430.15649999954,-63405.615329167325,-84835.77182916674
2025-07-29T13:56:17.000000,-21430.15649999954,-63450.16185000066,-84880.31835000007
2025-07-29T13:58:12.000000,-21430.15649999954,-63544.23045000066,-84974.38695000007
2025-07-29T14:00:52.000000,-21430.15649999954,-63637.65495000066,-85067.81145000007
2025-07-29T14:00:57.000000,-21430.15649999954,-63731.07945000066,-85161.23595000006
2025-07-29T14:01:02.000000,-21430.15649999954,-63824.50395000066,-85254.66045000005
2025-07-29T14:01:07.000000,-21430.15649999954,-63917.92845000066,-85348.08495000005
2025-07-29T14:01:12.000000,-21430.15649999954,-64004.16645000066,-85434.32295000005
2025-07-29T14:01:48.000000,-21430.15649999954,-64201.13370517307,-85631.29020517245
2025-07-29T14:01:53.000000,-21430.15649999954,-64377.09781034548,-85807.25431034487
2025-07-29T14:01:58.000000,-21430.15649999954,-64567.0640155179,-85997.22051551729
2025-07-29T14:02:03.000000,-21430.15649999954,-64764.03127069031,-86194.18777068969
2025-07-29T14:02:08.000000,-21430.15649999954,-64795.169900000656,-86225.32640000003
2025-07-29T14:02:17.000000,-21430.15649999954,-64917.586471831644,-86347.74297183102
2025-07-29T14:02:22.000000,-21430.15649999954,-65040.00304366263,-86470.159543662
2025-07-29T14:02:27.000000,-21430.15649999954,-65162.41961549362,-86592.57611549298
2025-07-29T14:02:32.000000,-21430.15649999954,-65284.83618732461,-86714.99268732396
2025-07-29T14:02:37.000000,-21430.15649999954,-65407.2527591556,-86837.40925915494
2025-07-29T14:02:42.000000,-21430.15649999954,-65415.99680000067,-86846.1533
2025-07-29T14:03:02.000000,-21430.15649999954,-65423.53280000067,-86853.6893
2025-07-29T14:03:12.000000,-21430.15649999954,-65585.15630000067,-87015.3128
2025-07-29T14:03:17.000000,-21430.15649999954,-65754.78100000067,-87184.9375
2025-07-29T14:03:22.000000,-21430.15649999954,-65932.40690000067,-87362.5634
2025-07-29T14:03:27.000000,-21430.15649999954,-66110.03280000067,-87540.1893
2025-07-29T14:03:32.000000,-21430.15649999954,-66279.65750000067,-87709.814
2025-07-29T14:03:37.000000,-21430.15649999954,-66465.28460000067,-87895.4411
2025-07-29T14:03:42.000000,-21430.15649999954,-66650.91170000067,-88081.0682
2025-07-29T14:03:47.000000,-21430.15649999954,-66844.54000000066,-88274.69649999999
2025-07-29T14:03:52.000000,-21430.15649999954,-67054.17070000066,-88484.32719999999
2025-07-29T14:03:57.000000,-21430.15649999954,-67271.80260000065,-88701.95909999998
2025-07-29T14:04:02.000000,-21430.15649999954,-67489.43450000064,-88919.59099999997
2025-07-29T14:04:07.000000,-21430.15649999954,-67723.06880000065,-89153.22529999998
2025-07-29T14:04:12.000000,-21430.15649999954,-67956.70310000065,-89386.85959999998
2025-07-29T14:04:17.000000,-21430.15649999954,-68049.51665000066,-89479.67314999999
2025-07-29T14:07:12.000000,-21430.15649999954,-68023.33595000066,-89453.49244999999
2025-07-29T14:07:17.000000,-21430.15649999954,-68004.63545000066,-89434.79194999998
2025-07-29T14:31:52.000000,-21430.15649999954,-68058.98497353007,-89489.1414735294
2025-07-29T14:31:57.000000,-21430.15649999954,-68113.33449705948,-89543.4909970588
2025-07-29T14:32:02.000000,-21430.15649999954,-68153.68192058889,-89583.83842058822
2025-07-29T14:32:07.000000,-21430.15649999954,-68194.0293441183,-89624.18584411763
2025-07-29T14:32:12.000000,-21430.15649999954,-68228.61285000066,-89658.76934999999
2025-07-30T09:49:32.000000,-21281.495099999527,-68228.61285000066,-89510.10794999998
2025-07-30T09:49:32.000000,-21281.495099999527,-68253.01210000066,-89534.50719999998
2025-07-30T09:51:37.000000,-21338.836428946895,-68253.01210000066,-89591.84852894735
2025-07-30T09:51:42.000000,-21403.173207894262,-68253.01210000066,-89656.18530789472
2025-07-30T09:51:47.000000,-21488.49633684163,-68253.01210000066,-89741.50843684208
2025-07-30T09:51:52.000000,-21587.810365788995,-68253.01210000066,-89840.82246578945
2025-07-30T09:51:57.000000,-21715.106194736363,-68253.01210000066,-89968.1182947368
2025-07-30T09:52:02.000000,-21775.65764999952,-68253.01210000066,-90028.66974999997
2025-07-30T09:53:12.000000,-21775.65764999952,-68760.71310000066,-90536.37074999997
2025-07-30T09:53:17.000000,-21775.65764999952,-68684.55677163528,-90460.21442163459
2025-07-30T09:53:22.000000,-21775.65764999952,-68608.4004432699,-90384.05809326921
2025-07-30T09:53:27.000000,-21775.65764999952,-68532.24411490452,-90307.90176490383
2025-07-30T09:53:32.000000,-21775.65764999952,-68456.08778653914,-90231.74543653845
2025-07-30T09:53:37.000000,-21775.65764999952,-68379.93145817376,-90155.58910817307
2025-07-30T09:53:42.000000,-21775.65764999952,-68303.77512980837,-90079.43277980768
2025-07-30T09:53:47.000000,-21775.65764999952,-68227.618801443,-90003.2764514423
2025-07-30T09:53:52.000000,-21775.65764999952,-68172.4656230776,-89948.12327307691
2025-07-30T09:53:57.000000,-21775.65764999952,-68117.31244471221,-89892.97009471152
2025-07-30T09:54:02.000000,-21775.65764999952,-68048.40910000067,-89824.06674999998
2025-07-30T09:55:57.000000,-21775.65764999952,-68285.35085000067,-90061.00849999998
2025-07-30T09:59:27.000000,-21775.65764999952,-68326.69394375067,-90102.35159374998
2025-07-30T09:59:32.000000,-21775.65764999952,-68267.34904327897,-90043.00669327828
2025-07-30T09:59:32.000000,-21775.65764999952,-68329.69528702897,-90105.35293702828
2025-07-30T09:59:37.000000,-21775.65764999952,-68228.34408655726,-90004.00173655657
2025-07-30T09:59:37.000000,-21775.65764999952,-68269.68718030726,-90045.34483030657
2025-07-30T09:59:42.000000,-21775.65764999952,-68147.33282983556,-89922.99047983487
2025-07-30T09:59:42.000000,-21775.65764999952,-68188.67592358556,-89964.33357358487
2025-07-30T09:59:47.000000,-21775.65764999952,-68066.32157311386,-89841.97922311317
2025-07-30T09:59:47.000000,-21775.65764999952,-68074.19644811386,-89849.85409811317
2025-07-30T09:59:52.000000,-21775.65764999952,-67951.84209764216,-89727.49974764147
2025-07-30T09:59:57.000000,-21775.65764999952,-67945.01555000065,-89720.67319999996
2025-07-30T10:02:07.000000,-21775.65764999952,-67939.21450000066,-89714.87214999997
2025-07-30T10:02:52.000000,-21775.65764999952,-67994.74337500066,-89770.40102499997
2025-07-30T10:04:12.000000,-21775.65764999952,-68002.82323900066,-89778.48088899997
2025-07-30T10:04:37.000000,-21775.65764999952,-67875.49004358081,-89651.14769358012
2025-07-30T10:05:37.000000,-21775.65764999952,-67885.45672964951,-89661.11437964882
2025-07-30T10:06:02.000000,-21775.65764999952,-67902.70379720676,-89678.36144720607
2025-07-30T10:06:47.000000,-21775.65764999952,-67969.97762880677,-89745.63527880608
2025-07-30T10:06:52.000000,-21775.65764999952,-68037.25146040677,-89812.90911040608
2025-07-30T10:06:57.000000,-21775.65764999952,-68104.52529200677,-89880.18294200608
2025-07-30T10:06:57.000000,-21794.3596277773,-68104.52529200677,-89898.88491978386
2025-07-30T10:07:02.000000,-21794.3596277773,-68171.79912360678,-89966.15875138386
2025-07-30T10:07:02.000000,-21834.047955555077,-68171.79912360678,-90005.84707916164
2025-07-30T10:07:07.000000,-21834.047955555077,-68239.07295520678,-90073.12091076165
2025-07-30T10:07:07.000000,-21894.722633332854,-68239.07295520678,-90133.79558853942
2025-07-30T10:07:12.000000,-21894.722633332854,-68268.32244720678,-90163.04508053942
2025-07-30T10:07:12.000000,-21955.39731111063,-68268.32244720678,-90223.7197583172
2025-07-30T10:07:17.000000,-22016.07198888841,-68268.32244720678,-90284.39443609497
2025-07-30T10:07:22.000000,-22021.74174999952,-68268.32244720678,-90290.06419720608
2025-07-30T10:07:27.000000,-22021.74174999952,-68278.78751400068,-90300.52926399998
2025-07-30T10:08:02.000000,-22021.74174999952,-68307.64403400068,-90329.38578399998
2025-07-30T10:08:17.000000,-22021.74174999952,-68371.71113150068,-90393.45288149998
2025-07-30T10:08:32.000000,-22021.74174999952,-68376.54066400068,-90398.28241399999
2025-07-30T10:08:42.000000,-22021.74174999952,-68398.34916400068,-90420.09091399999
2025-07-30T10:09:02.000000,-22021.74174999952,-68459.20848000069,-90480.95022999999
2025-07-30T10:09:07.000000,-22021.74174999952,-68499.06464600068,-90520.80639599999
2025-07-30T10:09:12.000000,-22021.74174999952,-68538.92081200068,-90560.66256199998
2025-07-30T10:09:29.000000,-22021.74174999952,-68543.61440000068,-90565.35614999998
2025-07-30T10:09:47.000000,-22021.74174999952,-68557.21628846221,-90578.95803846151
2025-07-30T10:10:22.000000,-22021.74174999952,-68588.24740000068,-90609.98914999998
2025-07-30T10:10:32.000000,-22021.74174999952,-68423.17076829336,-90444.91251829267
2025-07-30T10:10:37.000000,-22021.74174999952,-68258.09413658605,-90279.83588658535
2025-07-30T10:10:42.000000,-22021.74174999952,-68093.01750487874,-90114.75925487804
2025-07-30T10:10:47.000000,-22021.74174999952,-67927.94087317142,-89949.68262317072
2025-07-30T10:10:52.000000,-22021.74174999952,-67807.30795000069,-89829.04969999999
2025-07-30T10:11:07.000000,-22021.74174999952,-67795.40826250068,-89817.15001249999
2025-07-30T10:11:12.000000,-22021.74174999952,-67774.50722500068,-89796.24897499998
2025-07-30T10:11:17.000000,-22021.74174999952,-67753.60618750067,-89775.34793749997
2025-07-30T10:11:22.000000,-22021.74174999952,-67723.70380000067,-89745.44554999997
2025-07-30T10:11:27.000000,-22021.74174999952,-67705.12510000067,-89726.86684999998
2025-07-30T10:13:37.000000,-22021.74174999952,-67784.82764561471,-89806.56939561402
2025-07-30T10:13:42.000000,-22021.74174999952,-67864.53019122875,-89886.27194122806
2025-07-30T10:13:42.000000,-22021.74174999952,-67880.14299122876,-89901.88474122806
2025-07-30T10:13:47.000000,-22021.74174999952,-67959.8455368428,-89981.5872868421
2025-07-30T10:13:47.000000,-22021.74174999952,-67975.4583368428,-89997.2000868421
2025-07-30T10:13:52.000000,-22021.74174999952,-68055.16088245684,-90076.90263245614
2025-07-30T10:13:52.000000,-22021.74174999952,-68070.77368245684,-90092.51543245614
2025-07-30T10:13:57.000000,-22021.74174999952,-68125.0076000007,-90146.74935
2025-07-30T10:13:57.000000,-22021.74174999952,-68120.13955000069,-90141.8813
2025-07-30T10:15:27.000000,-22021.74174999952,-68119.8826000007,-90141.62435
2025-07-30T10:15:32.000000,-22021.74174999952,-68052.0750350007,-90073.816785
2025-07-30T10:15:37.000000,-22021.74174999952,-67984.2674700007,-90006.00922
2025-07-30T10:15:42.000000,-22021.74174999952,-67926.14670000071,-89947.88845000001
2025-07-30T10:15:52.000000,-22021.74174999952,-67922.5743000007,-89944.31605000001
2025-07-30T10:17:02.000000,-22023.44452499952,-67922.5743000007,-89946.018825
2025-07-30T10:17:07.000000,-22051.130399999518,-67922.5743000007,-89973.7047
2025-07-30T10:17:12.000000,-22052.833174999516,-67922.5743000007,-89975.407475
2025-07-30T10:17:17.000000,-22067.527499999516,-67922.5743000007,-89990.1018
2025-07-30T10:27:12.000000,-22067.527499999516,-67959.38625000071,-90026.91375
2025-07-30T10:27:17.000000,-22067.527499999516,-67975.19505000071,-90042.72255
2025-07-30T10:27:22.000000,-22067.527499999516,-67991.0038500007,-90058.53135
2025-07-30T10:27:27.000000,-22067.527499999516,-68006.8126500007,-90074.34015
2025-07-30T10:27:32.000000,-22067.527499999516,-68021.1158500007,-90088.64335
2025-07-30T10:29:02.000000,-22067.527499999516,-68045.57773387167,-90113.10523387097
2025-07-30T10:29:07.000000,-22067.527499999516,-68070.03961774264,-90137.56711774194
2025-07-30T10:29:12.000000,-22067.527499999516,-68094.50150161362,-90162.02900161291
2025-07-30T10:29:17.000000,-22067.527499999516,-68118.96338548459,-90186.49088548389
2025-07-30T10:29:22.000000,-22067.527499999516,-68143.42526935556,-90210.95276935486
2025-07-30T10:29:27.000000,-22067.527499999516,-68149.50255000072,-90217.03005000002
2025-07-30T10:34:02.000000,-21456.905449999515,-68149.50255000072,-89606.40800000001
2025-07-30T10:39:07.000000,-21456.905449999515,-68074.37215555628,-89531.27760555557
2025-07-30T10:39:12.000000,-21456.905449999515,-67986.23981111184,-89443.14526111113
2025-07-30T10:39:17.000000,-21456.905449999515,-67885.10551666739,-89342.01096666668
2025-07-30T10:39:22.000000,-21456.905449999515,-67757.96732222295,-89214.87277222224
2025-07-30T10:39:27.000000,-21456.905449999515,-67630.8291277785,-89087.7345777778
2025-07-30T10:39:32.000000,-21456.905449999515,-67516.69288333406,-88973.59833333336
2025-07-30T10:39:37.000000,-21456.905449999515,-67402.55663888963,-88859.46208888892
2025-07-30T10:39:42.000000,-21456.905449999515,-67332.31895000074,-88789.22440000004
2025-07-30T10:39:47.000000,-21456.905449999515,-67231.09100000074,-88687.99645000004
2025-07-30T10:39:52.000000,-21456.905449999515,-67129.86305000074,-88586.76850000003
2025-07-30T10:39:57.000000,-21456.905449999515,-67028.63510000074,-88485.54055000003
2025-07-30T10:40:02.000000,-21456.905449999515,-66918.40580000074,-88375.31125000003
2025-07-30T10:40:07.000000,-21456.905449999515,-66808.17650000073,-88265.08195000002
2025-07-30T10:43:22.000000,-21456.905449999515,-66831.36573157967,-88288.27118157897
2025-07-30T10:43:27.000000,-21456.905449999515,-66854.55496315862,-88311.46041315791
2025-07-30T10:43:32.000000,-21456.905449999515,-66871.11870000072,-88328.02415000001
2025-07-30T10:47:27.000000,-21456.905449999515,-66823.34244000072,-88280.24789000001
2025-07-30T10:47:32.000000,-21456.905449999515,-66775.56618000072,-88232.47163000001
2025-07-30T10:47:37.000000,-21456.905449999515,-66727.78992000072,-88184.69537000002
2025-07-30T10:47:42.000000,-21456.905449999515,-66689.01501000073,-88145.92046000002
2025-07-30T10:47:47.000000,-21456.905449999515,-66650.24010000074,-88107.14555000003
2025-07-30T10:51:42.000000,-21456.905449999515,-66673.0836067575,-88129.98905675679
2025-07-30T10:53:22.000000,-21456.905449999515,-66754.3879067575,-88211.2933567568
2025-07-30T10:53:27.000000,-21456.905449999515,-66835.6922067575,-88292.5976567568
2025-07-30T10:53:32.000000,-21456.905449999515,-66916.99650675751,-88373.9019567568
2025-07-30T10:53:37.000000,-21456.905449999515,-66998.30080675751,-88455.2062567568
2025-07-30T10:53:42.000000,-21456.905449999515,-67079.60510675752,-88536.51055675681
2025-07-30T10:53:47.000000,-21456.905449999515,-67098.08335675752,-88554.98880675681
2025-07-30T10:54:52.000000,-21456.905449999515,-67097.5888312256,-88554.49428122489
2025-07-30T10:54:57.000000,-21456.905449999515,-67097.09430569368,-88553.99975569297
2025-07-30T10:55:02.000000,-21456.905449999515,-67096.59978016176,-88553.50523016106
2025-07-30T10:55:07.000000,-21456.905449999515,-67088.29425675751,-88545.1997067568
2025-07-30T10:55:32.000000,-21456.905449999515,-67111.97797027102,-88568.88342027031
2025-07-30T10:55:37.000000,-21456.905449999515,-67135.66168378454,-88592.56713378383
2025-07-30T10:55:42.000000,-21456.905449999515,-67159.34539729805,-88616.25084729734
2025-07-30T10:55:47.000000,-21456.905449999515,-67205.03241081156,-88661.93786081085
2025-07-30T10:55:52.000000,-21456.905449999515,-67229.95260000075,-88686.85805000004
2025-07-30T10:56:17.000000,-21456.905449999515,-67226.38826829343,-88683.29371829273
2025-07-30T10:56:22.000000,-21456.905449999515,-67214.82273658612,-88671.72818658542
2025-07-30T10:56:27.000000,-21456.905449999515,-67195.2560048788,-88652.16145487809
2025-07-30T10:56:32.000000,-21456.905449999515,-67175.68927317148,-88632.59472317077
2025-07-30T10:56:37.000000,-21456.905449999515,-67148.12134146417,-88605.02679146346
2025-07-30T10:56:42.000000,-21456.905449999515,-67144.67535000075,-88601.58080000004
2025-07-30T10:57:02.000000,-21456.905449999515,-67255.86286111186,-88712.76831111115
2025-07-30T10:57:07.000000,-21456.905449999515,-67439.06117222298,-88895.96662222227
2025-07-30T10:57:12.000000,-21456.905449999515,-67638.2618833341,-89095.16733333339
2025-07-30T10:57:17.000000,-21456.905449999515,-67709.96170000077,-89166.86715000006
2025-07-30T10:59:32.000000,-21456.905449999515,-67693.01620000077,-89149.92165000006
2025-07-30T11:03:02.000000,-21456.905449999515,-67649.47313214363,-89106.37858214292
2025-07-30T11:03:07.000000,-21456.905449999515,-67637.59775000077,-89094.50320000006
2025-07-30T11:10:22.000000,-21501.559116980647,-67637.59775000077,-89139.1568669812
2025-07-30T11:10:27.000000,-21546.21278396178,-67637.59775000077,-89183.81053396233
2025-07-30T11:10:32.000000,-21611.85280094291,-67637.59775000077,-89249.45055094347
2025-07-30T11:10:37.000000,-21677.49281792404,-67637.59775000077,-89315.0905679246
2025-07-30T11:10:42.000000,-21743.132834905173,-67637.59775000077,-89380.73058490574
2025-07-30T11:10:47.000000,-21746.25854999951,-67637.59775000077,-89383.85630000009
2025-07-30T11:17:02.000000,-21873.39393653797,-67637.59775000077,-89510.99168653855
2025-07-30T11:17:07.000000,-21993.53387307643,-67637.59775000077,-89631.131623077
2025-07-30T11:17:12.000000,-22127.66470961489,-67637.59775000077,-89765.26245961546
2025-07-30T11:17:17.000000,-22223.472449999506,-67637.59775000077,-89861.07020000007
2025-07-30T11:21:33.000000,-22223.472449999506,-67676.05720000077,-89899.52965000007
2025-07-30T11:21:38.000000,-22223.472449999506,-67714.51665000076,-89937.98910000006
2025-07-30T11:21:43.000000,-22223.472449999506,-67752.97610000076,-89976.44855000006
2025-07-30T11:21:48.000000,-22223.472449999506,-67791.43555000075,-90014.90800000005
2025-07-30T11:21:53.000000,-22223.472449999506,-67829.89500000075,-90053.36745000005
2025-07-30T13:07:17.000000,-22223.472449999506,-68003.52597222298,-90226.99842222228
2025-07-30T13:09:38.000000,-22223.472449999506,-68002.22297222298,-90225.69542222228
2025-07-30T13:10:17.000000,-22301.423379999505,-68002.22297222298,-90303.64635222228
2025-07-30T13:10:22.000000,-22379.374309999504,-68002.22297222298,-90381.59728222227
2025-07-30T13:10:27.000000,-22457.325239999504,-68002.22297222298,-90459.54821222226
2025-07-30T13:10:32.000000,-22486.596573332838,-68002.22297222298,-90488.8195455556
2025-07-30T13:10:32.000000,-22564.547503332837,-68002.22297222298,-90566.77047555559
2025-07-30T13:10:37.000000,-22579.183169999502,-68002.22297222298,-90581.40614222226
2025-07-30T13:10:37.000000,-22657.1340999995,-68002.22297222298,-90659.35707222225
2025-07-30T13:11:57.000000,-22657.1340999995,-67968.10625000075,-90625.24035000002
2025-07-30T13:15:52.000000,-22637.1384999995,-67968.10625000075,-90605.24475000003
2025-07-30T13:19:52.000000,-22637.1384999995,-67775.19758253088,-90412.33608253015
2025-07-30T13:19:57.000000,-22637.1384999995,-67582.288915061,-90219.42741506027
2025-07-30T13:20:02.000000,-22637.1384999995,-67389.38024759112,-90026.5187475904
2025-07-30T13:20:07.000000,-22637.1384999995,-67196.47158012124,-89833.61008012052
2025-07-30T13:20:12.000000,-22637.1384999995,-67041.26030000077,-89678.39880000004
2025-07-30T13:38:37.000000,-22637.1384999995,-67137.58076666742,-89774.7192666667
2025-07-30T13:38:42.000000,-22637.1384999995,-67233.90123333408,-89871.03973333335
2025-07-30T13:38:47.000000,-22637.1384999995,-67330.22170000074,-89967.36020000001
2025-07-30T13:38:52.000000,-22637.1384999995,-67426.5421666674,-90063.68066666667
2025-07-30T13:38:57.000000,-22637.1384999995,-67522.86263333405,-90160.00113333332
2025-07-30T13:39:02.000000,-22637.1384999995,-67544.94245000072,-90182.08094999999
2025-07-30T13:57:32.000000,-22736.791899999498,-67544.94245000072,-90281.73434999998
2025-07-30T13:57:37.000000,-22836.445299999497,-67544.94245000072,-90381.38774999998
2025-07-30T13:57:42.000000,-22936.098699999497,-67544.94245000072,-90481.04114999998
2025-07-30T13:57:47.000000,-23035.752099999496,-67544.94245000072,-90580.69454999997
2025-07-30T13:57:52.000000,-23088.196799999496,-67544.94245000072,-90633.13924999996
2025-07-30T14:01:37.000000,-23548.794749999484,-67544.94245000072,-91093.73719999995
2025-07-30T14:02:07.000000,-23590.80530882301,-67544.94245000072,-91135.74775882348
2025-07-30T14:02:12.000000,-23622.82236764654,-67544.94245000072,-91167.76481764701
2025-07-30T14:02:17.000000,-23654.839426470066,-67544.94245000072,-91199.78187647054
2025-07-30T14:02:22.000000,-23686.856485293592,-67544.94245000072,-91231.79893529408
2025-07-30T14:02:27.000000,-23708.88004411712,-67544.94245000072,-91253.8224941176
2025-07-30T14:02:32.000000,-23711.08239999947,-67544.94245000072,-91256.02484999996
2025-07-30T14:02:42.000000,-23705.188685713754,-67544.94245000072,-91250.13113571424
2025-07-30T14:02:47.000000,-23699.294971428037,-67544.94245000072,-91244.23742142852
2025-07-30T14:02:52.000000,-23702.39540714232,-67544.94245000072,-91247.3378571428
2025-07-30T14:02:57.000000,-23705.495842856606,-67544.94245000072,-91250.43829285708
2025-07-30T14:03:02.000000,-23708.59627857089,-67544.94245000072,-91253.53872857137
2025-07-30T14:03:07.000000,-23709.97424999946,-67544.94245000072,-91254.91669999994
2025-07-30T14:08:58.000000,-23593.09044999946,-67544.94245000072,-91138.03289999995
2025-07-30T14:09:03.000000,-23476.20664999946,-67544.94245000072,-91021.14909999995
2025-07-30T14:09:08.000000,-23359.322849999462,-67544.94245000072,-90904.26529999996
2025-07-30T14:10:17.000000,-23327.046373528872,-67544.94245000072,-90871.98882352936
2025-07-30T14:10:22.000000,-23268.786797058285,-67544.94245000072,-90813.72924705877
2025-07-30T14:10:27.000000,-23236.510320587695,-67544.94245000072,-90781.45277058818
2025-07-30T14:10:32.000000,-23178.250744117107,-67544.94245000072,-90723.19319411759
2025-07-30T14:10:37.000000,-23132.98271764652,-67544.94245000072,-90677.925167647
2025-07-30T14:10:42.000000,-23087.71469117593,-67544.94245000072,-90632.65714117642
2025-07-30T14:10:47.000000,-23029.455114705343,-67544.94245000072,-90574.39756470583
2025-07-30T14:10:52.000000,-22980.15854999946,-67544.94245000072,-90525.10099999994
2025-07-30T14:18:57.000000,-22946.7414428566,-67544.94245000072,-90491.68389285708
2025-07-30T14:19:02.000000,-22913.32433571374,-67544.94245000072,-90458.26678571422
2025-07-30T14:19:07.000000,-22879.90722857088,-67544.94245000072,-90424.84967857137
2025-07-30T14:19:12.000000,-22846.490121428018,-67544.94245000072,-90391.43257142851
2025-07-30T14:19:17.000000,-22824.212049999445,-67544.94245000072,-90369.15449999993
2025-07-30T14:38:12.000000,-22945.045944339065,-67544.94245000072,-90489.98839433955
2025-07-30T14:38:22.000000,-22984.38721226359,-67544.94245000072,-90529.32966226408
2025-07-30T14:42:27.000000,-23123.842138678687,-67544.94245000072,-90668.78458867918
2025-07-30T14:42:32.000000,-23220.01794999944,-67544.94245000072,-90764.96039999994
2025-07-31T09:50:18.000000,-23220.01794999944,-67544.81508370859,-90764.83303370781
2025-07-31T09:50:28.000000,-23220.01794999944,-67528.68531741644,-90748.70326741567
2025-07-31T09:50:58.000000,-23220.01794999944,-67504.5543511243,-90724.57230112352
2025-07-31T09:54:58.000000,-23220.01794999944,-67436.27349775351,-90656.29144775274
2025-07-31T09:55:03.000000,-23220.01794999944,-67367.99264438273,-90588.01059438195
2025-07-31T09:55:08.000000,-23220.01794999944,-67277.69257022542,-90497.71052022465
2025-07-31T09:55:13.000000,-23220.01794999944,-67212.4758500007,-90432.49379999992
2025-07-31T10:01:58.000000,-23220.01794999944,-67134.67254027848,-90354.6904902777
2025-07-31T10:02:03.000000,-23220.01794999944,-67005.86158055626,-90225.87953055548
2025-07-31T10:02:08.000000,-23220.01794999944,-66877.05062083404,-90097.06857083326
2025-07-31T10:02:12.000000,-23281.554449999443,-66877.05062083404,-90158.60507083326
2025-07-31T10:02:13.000000,-23281.554449999443,-66748.23966111182,-90029.79411111104
2025-07-31T10:02:17.000000,-23343.090949999445,-66748.23966111182,-90091.33061111104
2025-07-31T10:02:18.000000,-23343.090949999445,-66713.9306000007,-90057.02154999993
2025-07-31T10:02:22.000000,-23404.627449999447,-66713.9306000007,-90118.55804999993
2025-07-31T10:02:27.000000,-23466.16394999945,-66713.9306000007,-90180.09454999994
2025-07-31T10:02:32.000000,-23550.68549999945,-66713.9306000007,-90264.61609999994
2025-07-31T10:02:37.000000,-23561.710049999452,-66713.9306000007,-90275.64064999994
2025-07-31T10:02:52.000000,-23554.95851170158,-66713.9306000007,-90268.88911170207
2025-07-31T10:07:32.000000,-23554.95851170158,-66626.13289285784,-90181.0914045592
2025-07-31T10:07:37.000000,-23554.95851170158,-66509.33083571498,-90064.28934741634
2025-07-31T10:07:42.000000,-23566.37427499361,-66509.33083571498,-90075.70511070837
2025-07-31T10:07:42.000000,-23566.37427499361,-66392.52877857212,-89958.9030535655
2025-07-31T10:07:47.000000,-23577.79003828564,-66392.52877857212,-89970.31881685753
2025-07-31T10:07:47.000000,-23577.79003828564,-66275.72672142925,-89853.51675971466
2025-07-31T10:07:52.000000,-23589.205801577667,-66275.72672142925,-89864.93252300669
2025-07-31T10:07:52.000000,-23589.205801577667,-66158.92466428639,-89748.13046586383
2025-07-31T10:07:57.000000,-23612.613764869693,-66158.92466428639,-89771.53842915586
2025-07-31T10:07:57.000000,-23612.613764869693,-66150.86935000068,-89763.48311487015
2025-07-31T10:08:02.000000,-23636.02172816172,-66150.86935000068,-89786.89107816218
2025-07-31T10:08:07.000000,-23635.445291453743,-66150.86935000068,-89786.31464145421
2025-07-31T10:08:12.000000,-23634.868854745768,-66150.86935000068,-89785.73820474625
2025-07-31T10:08:17.000000,-23627.53714999945,-66150.86935000068,-89778.40649999992
2025-07-31T10:08:22.000000,-23668.81395267802,-66150.86935000068,-89819.68330267849
2025-07-31T10:08:27.000000,-23710.090755356592,-66150.86935000068,-89860.96010535705
2025-07-31T10:08:32.000000,-23751.367558035163,-66150.86935000068,-89902.23690803561
2025-07-31T10:08:37.000000,-23792.644360713733,-66150.86935000068,-89943.51371071418
2025-07-31T10:08:42.000000,-23833.921163392304,-66150.86935000068,-89984.79051339274
2025-07-31T10:08:47.000000,-23837.673599999445,-66150.86935000068,-89988.54294999989
2025-07-31T10:09:32.000000,-23837.673599999445,-66206.70748387165,-90044.38108387086
2025-07-31T10:09:42.000000,-23837.673599999445,-66256.54471774262,-90094.21831774183
2025-07-31T10:12:02.000000,-23837.673599999445,-66417.84793232595,-90255.52153232516
2025-07-31T10:12:07.000000,-23837.673599999445,-66311.79283232595,-90149.46643232516
2025-07-31T10:12:12.000000,-23837.673599999445,-66213.73893232596,-90051.41253232516
2025-07-31T10:12:17.000000,-23837.673599999445,-66115.68503232596,-89953.35863232517
2025-07-31T10:12:22.000000,-23837.673599999445,-66017.63113232596,-89855.30473232517
2025-07-31T10:12:27.000000,-23837.673599999445,-65911.57603232596,-89749.24963232517
2025-07-31T10:12:32.000000,-23837.673599999445,-65797.51973232596,-89635.19333232517
2025-07-31T10:13:12.000000,-23837.673599999445,-65912.07298232595,-89749.74658232516
2025-07-31T10:14:07.000000,-23837.673599999445,-65846.44842795363,-89684.12202795284
2025-07-31T10:14:12.000000,-23837.673599999445,-65792.8256735813,-89630.49927358051
2025-07-31T10:14:17.000000,-23837.673599999445,-65703.19751920897,-89540.87111920818
2025-07-31T10:14:22.000000,-23837.673599999445,-65649.57476483665,-89487.24836483586
2025-07-31T10:14:27.000000,-23837.673599999445,-65583.95021046433,-89421.62381046354
2025-07-31T10:14:32.000000,-23837.673599999445,-65494.322056092,-89331.99565609121
2025-07-31T10:14:37.000000,-23837.673599999445,-65434.16621458404,-89271.83981458325
2025-07-31T10:14:42.000000,-23837.673599999445,-65691.13196458403,-89528.80556458324
2025-07-31T10:15:02.000000,-23837.673599999445,-65732.7777218757,-89570.4513218749
2025-07-31T10:15:07.000000,-23837.673599999445,-65752.6080500007,-89590.2816499999
2025-07-31T10:16:22.000000,-23837.673599999445,-65759.4662500007,-89597.1398499999
2025-07-31T10:16:42.000000,-23837.673599999445,-65793.5375631363,-89631.21116313551
2025-07-31T10:16:47.000000,-23837.673599999445,-65827.6088762719,-89665.28247627111
2025-07-31T10:16:52.000000,-23837.673599999445,-65861.6801894075,-89699.35378940671
2025-07-31T10:16:57.000000,-23837.673599999445,-65895.7515025431,-89733.42510254231
2025-07-31T10:17:02.000000,-23837.673599999445,-65929.82281567871,-89767.49641567792
2025-07-31T10:17:07.000000,-23837.673599999445,-65934.26690000074,-89771.94049999995
2025-07-31T10:20:02.000000,-23837.673599999445,-65945.96101806797,-89783.63461806718
2025-07-31T10:20:07.000000,-23837.673599999445,-65957.6551361352,-89795.32873613441
2025-07-31T10:20:12.000000,-23837.673599999445,-65992.35270420244,-89830.02630420164
2025-07-31T10:20:17.000000,-23837.673599999445,-66027.05027226967,-89864.72387226888
2025-07-31T10:20:22.000000,-23837.673599999445,-66061.7478403369,-89899.42144033611
2025-07-31T10:20:27.000000,-23837.673599999445,-66067.78220000077,-89905.45579999998
2025-07-31T10:22:12.000000,-23837.673599999445,-66107.07708163343,-89944.75068163263
2025-07-31T10:22:17.000000,-23837.673599999445,-66146.37196326608,-89984.04556326529
2025-07-31T10:22:22.000000,-23837.673599999445,-66185.66684489873,-90023.34044489794
2025-07-31T10:22:27.000000,-23837.673599999445,-66195.95737653138,-90033.63097653059
2025-07-31T10:22:32.000000,-23837.673599999445,-66206.24790816403,-90043.92150816324
2025-07-31T10:22:37.000000,-23837.673599999445,-66206.95760000077,-90044.63119999997
2025-07-31T10:23:37.000000,-23856.963403124446,-66206.95760000077,-90063.92100312497
2025-07-31T10:23:42.000000,-23876.253206249447,-66206.95760000077,-90083.21080624996
2025-07-31T10:23:47.000000,-23904.537159374446,-66206.95760000077,-90111.49475937497
2025-07-31T10:23:52.000000,-23932.821112499445,-66206.95760000077,-90139.77871249997
2025-07-31T10:23:57.000000,-23961.105065624444,-66206.95760000077,-90168.06266562498
2025-07-31T10:24:02.000000,-23970.533049999445,-66206.95760000077,-90177.49064999998
2025-07-31T10:30:02.000000,-24137.52929999945,-66206.95760000077,-90344.48689999997
2025-07-31T10:31:22.000000,-24130.378999999448,-66206.95760000077,-90337.33659999998
2025-07-31T10:35:27.000000,-24130.378999999448,-66251.52915000076,-90381.90814999997
2025-07-31T10:35:32.000000,-24130.378999999448,-66325.10505000075,-90455.48404999997
2025-07-31T10:35:37.000000,-24130.378999999448,-66398.68095000075,-90529.05994999997
2025-07-31T10:35:42.000000,-24130.378999999448,-66411.36645000076,-90541.74544999997
2025-07-31T10:43:02.000000,-24130.378999999448,-66445.42876000077,-90575.80775999998
2025-07-31T10:43:07.000000,-24130.378999999448,-66479.49107000077,-90609.87006999999
2025-07-31T10:43:12.000000,-24130.378999999448,-66513.55338000078,-90643.93238
2025-07-31T10:43:17.000000,-24130.378999999448,-66547.61569000079,-90677.99469
2025-07-31T10:43:22.000000,-24130.378999999448,-66581.6780000008,-90712.05700000002
2025-07-31T10:44:42.000000,-24130.378999999448,-66625.3846000008,-90755.76360000002
2025-07-31T10:44:47.000000,-24130.378999999448,-66669.09120000081,-90799.47020000003
2025-07-31T10:44:52.000000,-24130.378999999448,-66712.79780000082,-90843.17680000003
2025-07-31T10:44:57.000000,-24130.378999999448,-66756.50440000082,-90886.88340000004
2025-07-31T10:45:02.000000,-24130.378999999448,-66787.72340000082,-90918.10240000003
2025-07-31T10:45:57.000000,-24130.378999999448,-66824.26655000082,-90954.64555000003
2025-07-31T10:46:02.000000,-24130.378999999448,-66860.80970000081,-90991.18870000003
2025-07-31T10:46:07.000000,-24130.378999999448,-66897.35285000081,-91027.73185000003
2025-07-31T10:46:12.000000,-24130.378999999448,-66933.89600000081,-91064.27500000002
2025-07-31T10:46:17.000000,-24130.378999999448,-66970.4391500008,-91100.81815000002
2025-07-31T10:46:22.000000,-24130.378999999448,-66975.6596000008,-91106.03860000001
2025-07-31T11:02:17.000000,-24130.378999999448,-67028.10404273584,-91158.48304273505
2025-07-31T11:02:22.000000,-24130.378999999448,-67080.54848547088,-91210.92748547009
2025-07-31T11:02:27.000000,-24130.378999999448,-67132.99292820592,-91263.37192820513
2025-07-31T11:02:32.000000,-24130.378999999448,-67185.43737094096,-91315.81637094017
2025-07-31T11:02:37.000000,-24130.378999999448,-67237.881813676,-91368.26081367521
2025-07-31T11:02:37.000000,-24130.378999999448,-67293.366473676,-91423.74547367521
2025-07-31T11:02:42.000000,-24130.378999999448,-67297.92686000078,-91428.30586
2025-07-31T11:02:42.000000,-24130.378999999448,-67353.41152000078,-91483.79052
2025-07-31T11:02:47.000000,-24130.378999999448,-67408.89618000078,-91539.27518
2025-07-31T11:02:52.000000,-24130.378999999448,-67464.38084000078,-91594.75984
2025-07-31T11:02:57.000000,-24130.378999999448,-67519.86550000079,-91650.2445
2025-07-31T11:04:27.000000,-24130.378999999448,-67556.42545000078,-91686.80445
2025-07-31T11:04:32.000000,-24130.378999999448,-67592.98540000078,-91723.36439999999
2025-07-31T11:04:37.000000,-24130.378999999448,-67617.35870000078,-91747.7377
2025-07-31T11:19:02.000000,-24130.378999999448,-67608.39245000079,-91738.77145
2025-07-31T11:20:12.000000,-24130.378999999448,-67586.41255000078,-91716.79155
2025-07-31T11:22:17.000000,-24130.378999999448,-67578.28735000078,-91708.66635
2025-07-31T11:22:22.000000,-24130.378999999448,-67576.59460000078,-91706.9736
2025-07-31T13:01:52.000000,-24130.378999999448,-67614.49070000078,-91744.8697
2025-07-31T13:01:57.000000,-24130.378999999448,-67652.38680000078,-91782.7658
2025-07-31T13:02:02.000000,-24130.378999999448,-67690.28290000078,-91820.66189999999
2025-07-31T13:02:07.000000,-24130.378999999448,-67728.17900000077,-91858.55799999999
2025-07-31T13:02:12.000000,-24130.378999999448,-67766.07510000077,-91896.45409999999
2025-07-31T13:07:22.000000,-24130.378999999448,-67726.07126190554,-91856.45026190476
2025-07-31T13:07:27.000000,-24130.378999999448,-67670.0650238103,-91800.44402380951
2025-07-31T13:07:32.000000,-24130.378999999448,-67606.05758571505,-91736.43658571427
2025-07-31T13:07:37.000000,-24130.378999999448,-67542.05014761981,-91672.42914761903
2025-07-31T13:07:42.000000,-24130.378999999448,-67486.04390952457,-91616.42290952378
2025-07-31T13:07:47.000000,-24130.378999999448,-67472.04235000076,-91602.42134999998
2025-07-31T13:30:17.000000,-24146.130999999452,-67472.04235000076,-91618.17334999998
2025-07-31T13:30:22.000000,-24161.882999999456,-67472.04235000076,-91633.92534999999
2025-07-31T13:30:27.000000,-24155.64929999946,-67472.04235000076,-91627.69165
2025-07-31T13:30:32.000000,-24171.401299999463,-67472.04235000076,-91643.44365
2025-07-31T13:30:37.000000,-24187.153299999467,-67472.04235000076,-91659.19565000001
2025-07-31T13:30:42.000000,-24186.869949999465,-67472.04235000076,-91658.91230000001
2025-07-31T13:39:37.000000,-24186.869949999465,-67421.78445000075,-91608.6544
2025-07-31T13:39:42.000000,-24186.869949999465,-67393.52985000075,-91580.3998
2025-07-31T13:39:47.000000,-24186.869949999465,-67365.27525000075,-91552.1452
2025-07-31T13:39:52.000000,-24186.869949999465,-67337.02065000075,-91523.8906
2025-07-31T13:39:57.000000,-24186.869949999465,-67315.18755000074,-91502.0575
2025-07-31T13:44:57.000000,-24141.916806249465,-67315.18755000074,-91457.10435625
2025-07-31T13:45:02.000000,-24096.963662499464,-67315.18755000074,-91412.1512125
2025-07-31T13:45:07.000000,-24061.004668749465,-67315.18755000074,-91376.19221875
2025-07-31T13:45:12.000000,-24025.045674999466,-67315.18755000074,-91340.233225
2025-07-31T13:45:17.000000,-23980.092531249466,-67315.18755000074,-91295.28008125
2025-07-31T13:45:22.000000,-23965.108149999465,-67315.18755000074,-91280.2957
2025-07-31T13:49:12.000000,-23917.304067948186,-67315.18755000074,-91232.49161794872
2025-07-31T13:49:17.000000,-23869.499985896906,-67315.18755000074,-91184.68753589744
2025-07-31T13:49:22.000000,-23821.695903845626,-67315.18755000074,-91136.88345384615
2025-07-31T13:49:27.000000,-23773.891821794346,-67315.18755000074,-91089.07937179487
2025-07-31T13:49:32.000000,-23732.063249999475,-67315.18755000074,-91047.2508
2025-07-31T14:09:02.000000,-23745.703596666142,-67315.18755000074,-91060.89114666666
2025-07-31T14:09:12.000000,-23764.989489999476,-67315.18755000074,-91080.17704
2025-07-31T14:13:42.000000,-23751.235349999475,-67315.18755000074,-91066.42289999999
2025-07-31T14:31:37.000000,-23771.099599999478,-67315.18755000074,-91086.28714999999
2025-07-31T14:31:52.000000,-23819.34134999948,-67315.18755000074,-91134.52889999999
2025-07-31T14:34:47.000000,-23922.752968547866,-67315.18755000074,-91237.94051854838
2025-07-31T14:34:52.000000,-24017.17043709625,-67315.18755000074,-91332.35798709677
2025-07-31T14:34:57.000000,-24102.593755644637,-67315.18755000074,-91417.78130564516
2025-07-31T14:35:02.000000,-24179.02292419302,-67315.18755000074,-91494.21047419355
2025-07-31T14:35:07.000000,-24264.446242741407,-67315.18755000074,-91579.63379274194
2025-07-31T14:35:12.000000,-24349.869561289794,-67315.18755000074,-91665.05711129033
2025-07-31T14:35:17.000000,-24409.811799999472,-67315.18755000074,-91724.99935
2025-07-31T14:36:37.000000,-24416.524199999472,-67315.18755000074,-91731.71175
2025-07-31T14:36:37.000000,-24383.50777547117,-67315.18755000074,-91698.69532547171
2025-07-31T14:36:42.000000,-24383.34747547117,-67315.18755000074,-91698.5350254717
2025-07-31T14:36:42.000000,-24360.32455094287,-67315.18755000074,-91675.51210094341
2025-07-31T14:36:47.000000,-24337.30162641457,-67315.18755000074,-91652.48917641511
2025-07-31T14:36:52.000000,-24314.27870188627,-67315.18755000074,-91629.46625188681
2025-07-31T14:36:57.000000,-24291.25577735797,-67315.18755000074,-91606.44332735852
2025-07-31T14:37:02.000000,-24284.348899999477,-67315.18755000074,-91599.53645000003
2025-07-31T14:39:02.000000,-24284.348899999477,-67333.58028703778,-91617.92918703707
2025-07-31T14:39:12.000000,-24275.974099999483,-67333.58028703778,-91609.55438703707
2025-07-31T14:39:17.000000,-24291.583699999486,-67333.58028703778,-91625.16398703709
2025-07-31T14:39:22.000000,-24307.19329999949,-67333.58028703778,-91640.7735870371
2025-07-31T14:39:27.000000,-24322.802899999493,-67333.58028703778,-91656.3831870371
2025-07-31T14:39:32.000000,-24338.412499999497,-67333.58028703778,-91671.99278703712
2025-07-31T14:39:37.000000,-24340.363699999496,-67333.58028703778,-91673.94398703711
2025-07-31T14:40:02.000000,-24350.819702808483,-67333.58028703778,-91684.3999898461
2025-07-31T14:40:07.000000,-24350.819702808483,-67333.28755000075,-91684.10725280907
2025-07-31T14:40:07.000000,-24361.27570561747,-67333.28755000075,-91694.56325561806
2025-07-31T14:40:12.000000,-24371.731708426458,-67333.28755000075,-91705.01925842706
2025-07-31T14:40:17.000000,-24399.176661235448,-67333.28755000075,-91732.46421123605
2025-07-31T14:40:22.000000,-24443.610564044437,-67333.28755000075,-91776.89811404503
2025-07-31T14:40:27.000000,-24454.065599999492,-67333.28755000075,-91787.3531500001
