exit_dt,cum_pnl_long,cum_pnl_short,cum_pnl_total
2026-02-03T09:52:57.000000,6.274099999999702,0.0,6.274099999999702
2026-02-03T09:53:12.000000,26.539099999999106,0.0,26.539099999999106
2026-02-03T10:06:17.000000,26.539099999999106,107.90525000000021,134.4443499999993
2026-02-03T10:07:17.000000,26.539099999999106,61.704200000000505,88.2432999999996
2026-02-03T10:08:17.000000,26.539099999999106,95.83849999999855,122.37759999999764
2026-02-03T10:09:27.000000,26.539099999999106,103.22074999999955,129.75984999999866
2026-02-03T10:11:52.000000,26.539099999999106,95.63674999999955,122.17584999999866
2026-02-03T10:12:02.000000,63.705049999999744,95.63674999999955,159.3417999999993
2026-02-03T10:14:37.000000,63.705049999999744,100.96349999999927,164.66854999999902
2026-02-03T10:15:52.000000,63.705049999999744,165.10229999999774,228.80734999999748
2026-02-03T10:16:22.000000,11.826299999999819,165.10229999999774,176.92859999999757
2026-02-03T10:17:32.000000,11.826299999999819,187.1627999999971,198.98909999999694
2026-02-03T10:17:37.000000,11.826299999999819,209.22329999999647,221.0495999999963
2026-02-03T10:19:12.000000,11.826299999999819,216.29354999999615,228.11984999999598
2026-02-03T10:21:27.000000,11.826299999999819,160.43354999999502,172.25984999999486
2026-02-03T10:22:32.000000,89.35170000000016,160.43354999999502,249.7852499999952
2026-02-03T10:24:02.000000,142.77509999999995,160.43354999999502,303.208649999995
2026-02-03T10:25:07.000000,142.77509999999995,128.60594999999554,271.38104999999547
2026-02-03T10:25:08.000000,142.77509999999995,104.82114999999588,247.59624999999582
2026-02-03T10:27:22.000000,142.77509999999995,141.96789999999493,284.7429999999949
2026-02-03T10:29:12.000000,142.77509999999995,148.16359999999463,290.9386999999946
2026-02-03T10:29:37.000000,142.77509999999995,168.54059999999527,311.3156999999952
2026-02-03T10:31:27.000000,142.77509999999995,161.02539999999527,303.8004999999952
2026-02-03T10:34:12.000000,142.77509999999995,168.39564999999496,311.1707499999949
2026-02-03T10:39:47.000000,148.22250000000076,168.39564999999496,316.6181499999957
2026-02-03T10:40:02.000000,176.6631,168.39564999999496,345.0587499999949
2026-02-03T10:40:42.000000,181.11929999999973,168.39564999999496,349.51494999999466
2026-02-03T10:40:52.000000,185.57549999999947,168.39564999999496,353.9711499999944
2026-02-03T10:44:42.000000,185.57549999999947,174.6249499999959,360.2004499999953
2026-02-03T10:45:42.000000,185.57549999999947,210.79794999999567,396.3734499999951
2026-02-03T10:48:42.000000,190.04130000000026,210.79794999999567,400.8392499999959
2026-02-03T10:51:57.000000,194.0943,210.79794999999567,404.89224999999567
2026-02-03T11:00:07.000000,194.0943,213.24744999999547,407.34174999999544
2026-02-03T11:01:22.000000,194.0943,205.32744999999548,399.4217499999954
2026-02-03T11:03:52.000000,194.0943,197.7242499999955,391.8185499999954
2026-02-03T11:04:02.000000,194.0943,190.3410499999955,384.4353499999954
2026-02-03T11:04:12.000000,194.0943,146.7516499999952,340.8459499999951
2026-02-03T11:04:47.000000,194.0943,265.63614999999504,459.7304499999949
2026-02-03T11:04:47.000000,194.0943,270.02514999999585,464.1194499999957
2026-02-03T11:06:02.000000,194.0943,262.06914999999583,456.1634499999957
2026-02-03T11:06:37.000000,194.0943,254.44674999999583,448.54104999999566
2026-02-03T11:06:47.000000,194.0943,246.82434999999583,440.91864999999564
2026-02-03T11:07:02.000000,194.0943,227.2097499999961,421.30404999999587
2026-02-03T11:07:57.000000,194.0943,285.57244999999466,479.66674999999447
2026-02-03T11:08:07.000000,194.0943,264.50314999999495,458.59744999999475
2026-02-03T11:08:12.000000,194.0943,250.43489999999508,444.5291999999949
2026-02-03T11:08:22.000000,194.0943,264.36524999999585,458.45954999999566
2026-02-03T11:08:27.000000,194.0943,271.2945499999968,465.3888499999966
2026-02-03T11:08:32.000000,194.0943,257.2262999999969,451.3205999999967
2026-02-03T11:08:37.000000,194.0943,236.16259999999596,430.25689999999577
2026-02-03T11:08:47.000000,194.0943,222.1055499999961,416.19984999999593
2026-02-03T11:08:57.000000,194.0943,201.0530499999964,395.1473499999962
2026-02-03T11:09:02.000000,194.0943,180.0061499999967,374.1004499999965
2026-02-03T11:10:12.000000,194.0943,142.441649999996,336.5359499999958
2026-02-03T11:11:17.000000,194.0943,177.36954999999637,371.46384999999617
2026-02-03T11:11:22.000000,194.0943,205.30759999999685,399.40189999999666
2026-02-03T11:11:47.000000,194.0943,219.2603499999964,413.3546499999962
2026-02-03T11:12:37.000000,194.0943,289.193499999996,483.2877999999958
2026-02-03T11:12:57.000000,194.0943,373.1175499999953,567.2118499999951
2026-02-03T11:13:02.000000,194.0943,464.03704999999445,658.1313499999943
2026-02-03T11:13:07.000000,194.0943,519.9736999999943,714.0679999999942
2026-02-03T11:13:17.000000,194.0943,575.9159499999943,770.0102499999941
2026-02-03T11:14:57.000000,194.0943,502.73484999999357,696.8291499999934
2026-02-03T11:15:22.000000,194.0943,507.1238499999944,701.2181499999942
2026-02-03T11:21:17.000000,194.0943,443.46104999999415,637.5553499999941
2026-02-03T11:24:47.000000,194.0943,406.0005499999948,600.0948499999947
2026-02-03T11:25:02.000000,194.0943,410.4903499999945,604.5846499999944
2026-02-03T11:25:52.000000,194.0943,387.89209999999485,581.9863999999948
2026-02-03T11:26:47.000000,194.0943,380.11929999999484,574.2135999999948
2026-02-03T11:27:32.000000,194.0943,372.40249999999486,566.4967999999948
2026-02-03T13:00:17.000000,194.0943,338.68179999999427,532.7760999999941
2026-02-03T13:00:32.000000,194.0943,523.6497999999945,717.7440999999943
2026-02-03T13:01:17.000000,194.0943,395.69979999999435,589.7940999999942
2026-02-03T13:04:02.000000,194.0943,360.67879999999496,554.7730999999948
2026-02-03T13:04:07.000000,176.6928000000002,360.67879999999496,537.3715999999949
2026-02-03T13:04:37.000000,176.6928000000002,287.7858499999952,464.4786499999952
2026-02-03T13:05:02.000000,176.6928000000002,241.14639999999488,417.8391999999949
2026-02-03T13:05:42.000000,176.6928000000002,233.41919999999487,410.1119999999949
2026-02-03T13:07:17.000000,176.6928000000002,231.6344999999937,408.3272999999937
2026-02-03T13:07:22.000000,176.6928000000002,210.01639999999276,386.7091999999928
2026-02-03T13:08:27.000000,176.6928000000002,202.32439999999275,379.0171999999928
2026-02-03T13:09:02.000000,176.6928000000002,236.82669999999308,413.5194999999931
2026-02-03T13:09:12.000000,176.6928000000002,215.0405999999934,391.7333999999934
2026-02-03T13:09:27.000000,176.6928000000002,231.22979999999288,407.92259999999294
2026-02-03T13:11:27.000000,176.6928000000002,321.4716999999933,498.1644999999933
2026-02-03T13:11:47.000000,176.6928000000002,343.844199999994,520.536999999994
2026-02-03T13:11:57.000000,176.6928000000002,420.09519999999344,596.7879999999934
2026-02-03T13:12:17.000000,176.6928000000002,468.3139999999935,645.0067999999935
2026-02-03T13:12:52.000000,176.6928000000002,486.6634999999941,663.3562999999941
2026-02-03T13:13:42.000000,176.6928000000002,542.7825499999943,719.4753499999944
2026-02-03T13:14:12.000000,176.6928000000002,598.9063999999946,775.5991999999947
2026-02-03T13:16:57.000000,176.6928000000002,565.2584999999951,741.9512999999952
2026-02-03T13:17:17.000000,199.18530000000135,565.2584999999951,764.4437999999963
2026-02-03T13:18:37.000000,158.57715000000206,565.2584999999951,723.8356499999969
2026-02-03T13:18:47.000000,158.57715000000206,541.4864999999954,700.0636499999972
2026-02-03T13:22:37.000000,158.57715000000206,546.7508499999963,705.327999999998
2026-02-03T13:23:02.000000,158.57715000000206,526.0112999999965,684.5884499999984
2026-02-03T13:23:12.000000,158.57715000000206,440.345199999997,598.9223499999989
2026-02-03T13:25:02.000000,158.57715000000206,419.61604999999616,578.193199999998
2026-02-03T13:25:07.000000,158.57715000000206,398.8868999999953,557.4640499999971
2026-02-03T13:25:57.000000,175.51755000000156,398.8868999999953,574.4044499999966
2026-02-03T13:26:12.000000,192.45795000000106,398.8868999999953,591.3448499999961
2026-02-03T13:26:17.000000,206.39790000000116,398.8868999999953,605.2847999999962
2026-02-03T13:28:27.000000,206.39790000000116,365.17659999999586,571.5744999999968
2026-02-03T13:29:27.000000,206.39790000000116,369.4983999999956,575.8962999999965
2026-02-03T13:31:57.000000,206.39790000000116,386.7435999999951,593.141499999996
2026-02-03T13:33:17.000000,206.39790000000116,337.0988999999948,543.4967999999956
2026-02-03T13:33:52.000000,206.39790000000116,378.0092999999948,584.4071999999957
2026-02-03T13:38:42.000000,206.39790000000116,488.146049999995,694.5439499999959
2026-02-03T13:40:47.000000,206.39790000000116,441.38179999999466,647.7796999999956
2026-02-03T13:40:52.000000,206.39790000000116,418.411549999995,624.8094499999959
2026-02-03T13:40:57.000000,206.39790000000116,531.5199499999945,737.9178499999955
2026-02-03T13:41:17.000000,206.39790000000116,536.7634999999942,743.1613999999952
2026-02-03T13:43:52.000000,206.39790000000116,539.196999999994,745.5948999999949
2026-02-03T13:44:07.000000,206.39790000000116,521.6754999999941,728.0733999999951
2026-02-03T13:44:22.000000,206.39790000000116,504.15399999999437,710.5518999999953
2026-02-03T13:44:47.000000,206.39790000000116,480.3435999999947,686.7414999999957
2026-02-03T13:44:49.000000,206.39790000000116,467.5468499999957,673.9447499999967
2026-02-03T13:45:02.000000,206.39790000000116,431.8594499999963,638.2573499999974
2026-02-03T13:45:22.000000,206.39790000000116,393.8989499999956,600.2968499999967
2026-02-03T13:45:47.000000,206.39790000000116,386.3309499999956,592.7288499999967
2026-02-03T13:46:22.000000,206.39790000000116,336.65264999999647,543.0505499999975
2026-02-03T13:47:32.000000,206.39790000000116,328.8446499999965,535.2425499999976
2026-02-03T13:50:07.000000,206.39790000000116,336.13089999999613,542.5287999999972
2026-02-03T13:50:12.000000,206.39790000000116,343.4171499999958,549.8150499999969
2026-02-03T13:50:27.000000,206.39790000000116,335.7131499999958,542.1110499999969
2026-02-03T13:51:32.000000,206.39790000000116,327.8731499999958,534.2710499999969
2026-02-03T13:52:07.000000,206.39790000000116,333.10629999999554,539.5041999999966
2026-02-03T13:52:22.000000,206.39790000000116,314.4398499999958,520.8377499999968
2026-02-03T13:52:27.000000,206.39790000000116,319.6729999999955,526.0708999999965
2026-02-03T13:53:02.000000,206.39790000000116,337.6405999999961,544.038499999997
2026-02-03T13:53:37.000000,206.39790000000116,273.98419999999726,480.3820999999982
2026-02-03T13:54:12.000000,206.39790000000116,295.9966999999966,502.3945999999976
2026-02-03T13:58:07.000000,218.95290000000074,295.9966999999966,514.9495999999972
2026-02-03T14:02:12.000000,218.95290000000074,308.359699999998,527.3125999999985
2026-02-03T14:02:57.000000,218.95290000000074,344.67509999999703,563.6279999999975
2026-02-03T14:03:22.000000,218.95290000000074,349.9290499999968,568.8819499999972
2026-02-03T14:04:12.000000,206.18160000000086,349.9290499999968,556.1106499999973
2026-02-03T14:04:12.000000,206.18160000000086,342.26104999999677,548.4426499999973
2026-02-03T14:04:52.000000,206.18160000000086,344.6465499999966,550.8281499999971
2026-02-03T14:10:32.000000,206.18160000000086,271.8887999999968,478.07039999999733
2026-02-03T14:10:57.000000,206.18160000000086,236.5877999999974,442.7693999999979
2026-02-03T14:13:42.000000,206.18160000000086,234.7454999999962,440.9270999999967
2026-02-03T14:13:47.000000,206.18160000000086,232.89839999999714,439.07999999999765
2026-02-03T14:14:13.000000,206.18160000000086,212.39804999999743,418.5796499999979
2026-02-03T14:14:22.000000,206.18160000000086,191.6480999999977,397.8296999999982
2026-02-03T14:14:42.000000,206.18160000000086,177.81839999999676,383.99999999999727
2026-02-03T14:14:57.000000,206.18160000000086,170.21039999999675,376.39199999999727
2026-02-03T14:14:57.000000,206.18160000000086,147.52814999999708,353.7097499999976
2026-02-03T14:15:07.000000,206.18160000000086,139.6945499999971,345.8761499999976
2026-02-03T14:15:37.000000,238.546,139.6945499999971,378.24054999999674
2026-02-03T14:16:12.000000,238.546,118.90299999999738,357.448999999997
2026-02-03T14:16:17.000000,238.546,85.10949999999792,323.6554999999976
2026-02-03T14:17:02.000000,238.546,77.23749999999792,315.78349999999756
2026-02-03T14:17:17.000000,238.546,59.61199999999636,298.157999999996
2026-02-03T14:17:32.000000,238.546,81.76369999999679,320.3096999999964
2026-02-03T14:17:42.000000,238.546,64.13819999999522,302.6841999999948
2026-02-03T14:18:12.000000,238.546,68.29679999999496,306.84279999999455
2026-02-03T14:18:17.000000,238.546,78.45629999999564,317.0022999999952
2026-02-03T14:18:42.000000,238.546,70.63229999999564,309.1782999999952
2026-02-03T14:18:57.000000,238.546,47.770049999994626,286.3160499999942
2026-02-03T14:20:07.000000,238.546,12.26184999999522,250.8078499999948
2026-02-03T14:20:37.000000,238.546,-9.445850000005724,229.10014999999385
2026-02-03T14:20:42.000000,238.546,-31.153550000006668,207.3924499999929
2026-02-03T14:22:37.000000,238.546,-71.65610000000791,166.88989999999166
2026-02-03T14:22:52.000000,238.546,-45.40955000000808,193.1364499999915
2026-02-03T14:24:07.000000,238.546,-108.17940000000885,130.3665999999907
2026-02-03T14:24:17.000000,238.546,-170.94925000000964,67.59674999998992
2026-02-03T14:24:57.000000,238.546,-194.7340500000093,43.81194999999026
2026-02-03T14:25:32.000000,238.546,-224.53415000001078,14.011849999988776
2026-02-03T14:25:32.000000,238.546,-232.20455000001078,6.341449999988775
2026-02-03T14:27:17.000000,238.546,-250.99420000001055,-12.448200000010992
2026-02-03T14:27:47.000000,238.546,-268.33970000001034,-29.79370000001078
2026-02-03T14:28:07.000000,238.546,-275.85490000001033,-37.30890000001078
2026-02-03T14:28:22.000000,238.546,-422.87590000001103,-184.3299000000115
2026-02-03T14:28:22.000000,238.546,-527.9242000000114,-289.3782000000119
2026-02-03T14:28:42.000000,238.546,-575.2502000000105,-336.70420000001104
2026-02-03T14:29:02.000000,238.546,-582.7654000000106,-344.21940000001103
2026-02-03T14:30:57.000000,238.546,-604.6635000000115,-366.117500000012
2026-02-03T14:31:12.000000,238.546,-626.5616000000124,-388.01560000001297
2026-02-03T14:33:07.000000,238.546,-634.0496000000123,-395.50360000001297
2026-02-03T14:33:07.000000,238.546,-963.2043000000128,-724.6583000000135
2026-02-03T14:33:22.000000,238.546,-1066.9691000000137,-828.4231000000143
2026-02-03T14:33:22.000000,238.546,-944.3296000000147,-705.7836000000153
2026-02-03T14:33:22.000000,238.546,-1175.4752000000137,-936.9292000000142
2026-02-03T14:33:22.000000,238.546,-1406.6208000000127,-1168.0748000000133
2026-02-03T14:33:27.000000,238.546,-1651.7629000000138,-1413.2169000000144
2026-02-03T14:33:37.000000,238.546,-1579.1069000000136,-1340.5609000000143
2026-02-03T14:33:52.000000,238.546,-1496.4094000000139,-1257.8634000000145
2026-02-03T14:34:07.000000,238.546,-1520.1942000000136,-1281.6482000000142
2026-02-03T14:34:32.000000,238.546,-1527.9110000000135,-1289.365000000014
2026-02-03T14:35:22.000000,238.546,-1374.250850000013,-1135.7048500000137
2026-02-03T14:35:32.000000,238.546,-1414.0380500000138,-1175.4920500000144
2026-02-03T14:35:37.000000,238.546,-1453.8252500000144,-1215.279250000015
2026-02-03T14:35:53.000000,238.546,-1487.317150000014,-1248.7711500000146
2026-02-03T14:35:57.000000,238.546,-1312.681850000013,-1074.1358500000135
2026-02-03T14:36:07.000000,238.546,-1110.0423500000124,-871.4963500000131
2026-02-03T14:36:12.000000,238.546,-893.3951500000135,-654.8491500000141
2026-02-03T14:36:37.000000,238.546,-662.7010500000135,-424.1550500000142
2026-02-03T14:36:57.000000,238.546,-411.0486000000141,-172.5026000000148
2026-02-03T14:37:08.000000,238.546,-450.89980000001486,-212.35380000001555
2026-02-03T14:37:12.000000,238.546,-528.6623000000152,-290.1163000000158
2026-02-03T14:37:12.000000,238.546,-516.0113000000156,-277.46530000001627
2026-02-03T14:38:22.000000,238.546,-545.802600000017,-307.2566000000178
2026-02-03T14:39:37.000000,271.29200000000094,-545.802600000017,-274.5106000000169
2026-02-03T14:40:27.000000,271.29200000000094,-546.0423500000172,-274.750350000017
2026-02-03T14:44:07.000000,271.29200000000094,-553.5351500000172,-282.243150000017
2026-02-03T14:44:12.000000,271.29200000000094,-504.78995000001714,-233.49795000001694
2026-02-03T14:44:17.000000,271.29200000000094,-449.05490000001726,-177.76290000001705
2026-02-03T14:44:22.000000,271.29200000000094,-393.31985000001737,-122.02785000001715
2026-02-03T14:44:37.000000,271.29200000000094,-421.53580000001693,-150.2438000000167
2026-02-03T14:45:02.000000,271.29200000000094,-444.0740500000166,-172.7820500000164
2026-02-03T14:45:02.000000,271.29200000000094,-451.5668500000166,-180.2748500000164
2026-02-03T14:45:02.000000,271.29200000000094,-459.0596500000166,-187.76765000001637
2026-02-03T14:45:02.000000,271.29200000000094,-480.54335000001754,-209.2513500000173
2026-02-03T14:59:55.000000,263.8856000000009,-480.54335000001754,-216.6577500000173
2026-02-03T14:59:55.000000,256.4792000000009,-480.54335000001754,-224.0641500000173
2026-02-03T14:59:55.000000,249.0728000000009,-480.54335000001754,-231.47055000001728
2026-02-03T14:59:55.000000,241.66640000000092,-480.54335000001754,-238.87695000001727
2026-02-03T14:59:55.000000,234.26000000000093,-480.54335000001754,-246.28335000001726
2026-02-03T14:59:55.000000,226.85360000000094,-480.54335000001754,-253.68975000001726
2026-02-03T14:59:55.000000,219.44720000000095,-480.54335000001754,-261.09615000001725
2026-02-03T14:59:55.000000,212.04080000000096,-480.54335000001754,-268.50255000001727
2026-02-03T14:59:55.000000,204.63440000000097,-480.54335000001754,-275.9089500000173
2026-02-03T14:59:55.000000,197.22800000000097,-480.54335000001754,-283.3153500000173
2026-02-03T14:59:55.000000,189.82160000000098,-480.54335000001754,-290.7217500000173
2026-02-03T14:59:55.000000,182.415200000001,-480.54335000001754,-298.12815000001734
2026-02-03T14:59:55.000000,175.008800000001,-480.54335000001754,-305.53455000001736
2026-02-03T14:59:55.000000,167.602400000001,-480.54335000001754,-312.9409500000174
2026-02-03T14:59:55.000000,160.19600000000102,-480.54335000001754,-320.3473500000174
2026-02-03T14:59:55.000000,152.78960000000103,-480.54335000001754,-327.7537500000174
2026-02-03T14:59:55.000000,145.38320000000104,-480.54335000001754,-335.16015000001744
2026-02-03T14:59:55.000000,137.97680000000105,-480.54335000001754,-342.56655000001746
2026-02-03T14:59:55.000000,130.57040000000106,-480.54335000001754,-349.9729500000175
2026-02-03T14:59:55.000000,123.16400000000105,-480.54335000001754,-357.3793500000175
2026-02-03T14:59:55.000000,115.75760000000105,-480.54335000001754,-364.7857500000175
2026-02-03T14:59:55.000000,108.35120000000104,-480.54335000001754,-372.19215000001753
2026-02-03T14:59:55.000000,100.94480000000104,-480.54335000001754,-379.59855000001755
2026-02-03T14:59:55.000000,93.53840000000103,-480.54335000001754,-387.0049500000176
2026-02-03T14:59:55.000000,86.13200000000103,-480.54335000001754,-394.4113500000176
2026-02-03T14:59:55.000000,78.72560000000102,-480.54335000001754,-401.8177500000176
2026-02-04T09:51:37.000000,66.09350000000009,-480.54335000001754,-414.44985000001856
2026-02-04T09:52:07.000000,179.54989999999967,-480.54335000001754,-300.993450000019
2026-02-04T09:52:37.000000,196.58630000000022,-480.54335000001754,-283.9570500000184
2026-02-04T09:53:17.000000,273.6124999999995,-480.54335000001754,-206.93085000001912
2026-02-04T09:53:22.000000,362.63329999999956,-480.54335000001754,-117.91005000001904
2026-02-04T09:53:27.000000,460.65305,-480.54335000001754,-19.890300000018613
2026-02-04T09:53:37.000000,570.6698000000001,-480.54335000001754,90.12644999998156
2026-02-04T09:53:42.000000,689.6854999999996,-480.54335000001754,209.142149999981
2026-02-04T09:53:52.000000,784.6975999999995,-480.54335000001754,304.15424999998095
2026-02-04T09:53:57.000000,873.7063999999996,-480.54335000001754,393.163049999981
2026-02-04T09:54:07.000000,838.4445999999995,-480.54335000001754,357.9012499999809
2026-02-04T09:54:37.000000,967.0665999999994,-480.54335000001754,486.52324999998086
2026-02-04T09:54:42.000000,1087.6937999999996,-480.54335000001754,607.150449999981
2026-02-04T09:54:47.000000,1208.3209999999997,-480.54335000001754,727.7776499999811
2026-02-04T09:55:22.000000,1248.4305999999988,-480.54335000001754,767.8872499999801
2026-02-04T09:55:32.000000,1296.541399999999,-480.54335000001754,815.9980499999804
2026-02-04T10:04:57.000000,1296.541399999999,-460.5023500000169,836.039049999981
2026-02-04T10:05:02.000000,1296.541399999999,-426.47045000001657,870.0709499999814
2026-02-04T10:06:27.000000,1269.2663999999993,-426.47045000001657,842.7959499999819
2026-02-04T10:08:07.000000,1269.2663999999993,-541.8018500000164,727.4645499999821
2026-02-04T10:09:07.000000,1269.2663999999993,-640.6259000000168,628.6404999999817
2026-02-04T10:09:22.000000,1269.2663999999993,-674.0866000000174,595.179799999981
2026-02-04T10:09:42.000000,1269.2663999999993,-745.4210000000174,523.8453999999809
2026-02-04T10:10:57.000000,1269.2663999999993,-760.7534000000172,508.5129999999811
2026-02-04T10:12:12.000000,1269.2663999999993,-781.659350000017,487.60704999998137
2026-02-04T10:18:37.000000,1269.2663999999993,-802.0973000000167,467.16909999998165
2026-02-04T10:19:32.000000,1269.2663999999993,-809.6365000000168,459.62989999998166
2026-02-04T10:23:42.000000,1269.2663999999993,-811.0084000000169,458.2579999999815
2026-02-04T10:23:47.000000,1269.2663999999993,-781.5742000000176,487.69219999998074
2026-02-04T10:23:47.000000,1269.2663999999993,-770.9539000000169,498.3124999999814
2026-02-04T10:24:07.000000,1269.2663999999993,-802.3063000000164,466.96009999998194
2026-02-04T10:24:32.000000,1269.2663999999993,-775.8677500000166,493.3986499999818
2026-02-04T10:25:02.000000,1269.2663999999993,-797.7658500000175,471.5005499999808
2026-02-04T10:25:02.000000,1269.2663999999993,-813.6710500000173,455.595349999981
2026-02-04T10:25:17.000000,1269.2663999999993,-750.972550000017,518.2938499999813
2026-02-04T10:28:32.000000,1269.2663999999993,-772.8818500000167,496.3845499999816
2026-02-04T10:28:37.000000,1269.2663999999993,-794.7911500000164,474.4752499999819
2026-02-04T10:28:42.000000,1269.2663999999993,-816.7004500000161,452.5659499999822
2026-02-04T10:28:57.000000,1269.2663999999993,-838.6097500000158,430.6566499999825
2026-02-04T10:29:28.000000,1249.8965999999984,-838.6097500000158,411.2868499999817
2026-02-04T10:30:07.000000,1249.8965999999984,-860.5078500000167,389.38874999998075
2026-02-04T10:30:42.000000,1249.8965999999984,-851.7696000000165,398.12699999998097
2026-02-04T10:30:42.000000,1249.8965999999984,-846.0294000000167,403.8671999999807
2026-02-04T10:31:02.000000,1249.8965999999984,-867.9387000000164,381.957899999981
2026-02-04T10:31:12.000000,1249.8965999999984,-853.7322000000169,396.16439999998056
2026-02-04T10:31:22.000000,1249.8965999999984,-848.6238500000171,401.2727499999803
2026-02-04T10:31:32.000000,1249.8965999999984,-856.5310500000171,393.3655499999803
2026-02-04T10:31:37.000000,1249.8965999999984,-864.4382500000171,385.4583499999803
2026-02-04T10:33:02.000000,1249.8965999999984,-943.5978500000169,306.29874999998043
2026-02-04T10:33:12.000000,1249.8965999999984,-951.5050500000169,298.39154999998044
2026-02-04T10:33:17.000000,1249.8965999999984,-1046.6542500000164,203.2423499999809
2026-02-04T10:33:27.000000,1249.8965999999984,-1054.5614500000165,195.3351499999809
2026-02-04T10:33:52.000000,1249.8965999999984,-1075.4362000000162,174.46039999998118
2026-02-04T10:33:57.000000,1249.8965999999984,-1099.425800000016,150.47079999998152
2026-02-04T10:35:27.000000,1249.8965999999984,-1002.6422000000152,247.25439999998216
2026-02-04T10:36:32.000000,1249.8965999999984,-945.1932500000144,304.70334999998306
2026-02-04T10:37:22.000000,1249.8965999999984,-887.7339000000146,362.1626999999828
2026-02-04T10:37:52.000000,1249.8965999999984,-926.9451000000154,322.95149999998205
2026-02-04T10:38:37.000000,1254.6311999999982,-926.9451000000154,327.6860999999818
2026-02-04T10:38:47.000000,1265.3714999999988,-926.9451000000154,338.4263999999825
2026-02-04T10:38:52.000000,1282.1126999999994,-926.9451000000154,355.16759999998305
2026-02-04T10:39:57.000000,1282.1126999999994,-934.7211000000153,347.39159999998304
2026-02-04T10:40:37.000000,1282.1126999999994,-891.6830500000149,390.42964999998344
2026-02-04T10:44:42.000000,1282.1126999999994,-915.3014500000145,366.8112499999838
2026-02-04T10:45:02.000000,1306.6486999999988,-915.3014500000145,391.3472499999831
2026-02-04T10:45:17.000000,1309.7303499999987,-915.3014500000145,394.42889999998283
2026-02-04T10:45:22.000000,1309.7303499999987,-858.5878500000144,451.1424999999829
2026-02-04T10:45:22.000000,1350.275149999999,-858.5878500000144,491.6872999999833
2026-02-04T10:45:27.000000,1350.275149999999,-809.8690500000142,540.4060999999836
2026-02-04T10:45:27.000000,1353.3479999999988,-809.8690500000142,543.4789499999833
2026-02-04T10:45:32.000000,1353.3479999999988,-777.133450000015,576.2145499999825
2026-02-04T10:45:32.000000,1364.1266999999996,-777.133450000015,586.9932499999832
2026-02-04T10:45:42.000000,1368.9093000000005,-777.133450000015,591.775849999984
2026-02-04T10:45:47.000000,1373.6919000000014,-777.133450000015,596.5584499999848
2026-02-04T10:45:52.000000,1390.471500000002,-777.133450000015,613.3380499999853
2026-02-04T10:45:52.000000,1390.471500000002,-784.824650000015,605.6468499999853
2026-02-04T10:45:57.000000,1407.2511000000025,-784.824650000015,622.4264499999858
2026-02-04T10:46:42.000000,1382.0628000000029,-784.824650000015,597.2381499999863
2026-02-04T10:47:07.000000,1356.8985000000023,-784.824650000015,572.0738499999856
2026-02-04T10:47:17.000000,1337.7447000000025,-784.824650000015,552.9200499999858
2026-02-04T10:47:22.000000,1324.5918000000026,-784.824650000015,539.767149999986
2026-02-04T10:47:27.000000,1324.5918000000026,-820.7248500000156,503.86694999998537
2026-02-04T10:47:32.000000,1311.4485000000027,-820.7248500000156,490.72364999998547
2026-02-04T10:47:37.000000,1316.3031000000024,-820.7248500000156,495.5782499999852
2026-02-04T10:47:42.000000,1327.163400000003,-820.7248500000156,506.43854999998587
2026-02-04T10:47:47.000000,1350.0255000000036,-820.7248500000156,529.3006499999863
2026-02-04T10:47:52.000000,1390.8855000000037,-820.7248500000156,570.1606499999863
2026-02-04T10:48:02.000000,1419.753300000004,-820.7248500000156,599.0284499999866
2026-02-04T10:48:02.000000,1454.6220000000042,-820.7248500000156,633.8971499999868
2026-02-04T10:48:07.000000,1495.5012000000042,-820.7248500000156,674.7763499999869
2026-02-04T10:48:12.000000,1536.3804000000043,-820.7248500000156,715.655549999987
2026-02-04T10:48:17.000000,1577.2740000000044,-820.7248500000156,756.549149999987
2026-02-04T10:48:22.000000,1618.1724000000045,-820.7248500000156,797.447549999987
2026-02-04T10:48:27.000000,1665.0669000000044,-820.7248500000156,844.3420499999869
2026-02-04T10:48:32.000000,1717.9671000000042,-820.7248500000156,897.2422499999867
2026-02-04T10:48:32.000000,1717.9671000000042,-814.652350000016,903.3147499999864
2026-02-04T10:48:37.000000,1752.8694000000044,-814.652350000016,938.2170499999866
2026-02-04T10:48:42.000000,1799.7639000000042,-814.652350000016,985.1115499999864
2026-02-04T10:48:47.000000,1822.6500000000035,-814.652350000016,1007.9976499999858
2026-02-04T10:49:02.000000,1827.5382000000031,-814.652350000016,1012.8858499999856
2026-02-04T10:49:02.000000,1827.5382000000031,-822.570750000016,1004.9674499999855
2026-02-04T10:49:42.000000,1827.5382000000031,-830.385150000016,997.1530499999856
2026-02-04T10:49:47.000000,1827.5382000000031,-853.151400000017,974.3867999999845
2026-02-04T10:52:52.000000,1827.5382000000031,-818.7051000000167,1008.8330999999848
2026-02-04T10:57:02.000000,1827.5382000000031,-795.3726000000173,1032.1655999999841
2026-02-04T11:00:27.000000,1832.508000000003,-795.3726000000173,1037.135399999984
2026-02-04T11:00:32.000000,1843.4787000000026,-795.3726000000173,1048.1060999999836
2026-02-04T11:00:37.000000,1866.446400000003,-795.3726000000173,1071.073799999984
2026-02-04T11:00:47.000000,1901.4111000000032,-795.3726000000173,1106.0384999999842
2026-02-04T11:00:57.000000,1942.3767000000032,-795.3726000000173,1147.0040999999842
2026-02-04T11:01:02.000000,1989.3432000000032,-795.3726000000173,1193.9705999999842
2026-02-04T11:01:17.000000,2036.304900000003,-795.3726000000173,1240.932299999984
2026-02-04T11:01:22.000000,2083.261800000003,-795.3726000000173,1287.889199999984
2026-02-04T11:01:27.000000,2130.218700000003,-795.3726000000173,1334.8460999999838
2026-02-04T11:01:32.000000,2177.175600000003,-795.3726000000173,1381.8029999999837
2026-02-04T11:01:37.000000,2218.126800000003,-795.3726000000173,1422.7541999999837
2026-02-04T11:05:42.000000,2218.126800000003,-817.3828500000179,1400.7439499999832
2026-02-04T11:05:42.000000,2218.126800000003,-839.3931000000185,1378.7336999999827
2026-02-04T11:07:17.000000,2218.126800000003,-879.1419000000193,1338.984899999982
2026-02-04T11:08:07.000000,2218.126800000003,-918.89070000002,1299.2360999999812
2026-02-04T11:08:12.000000,2218.126800000003,-958.6395000000208,1259.4872999999805
2026-02-04T11:08:47.000000,2218.126800000003,-1014.3907000000212,1203.73609999998
2026-02-04T11:09:07.000000,2218.126800000003,-1046.1943000000206,1171.9324999999806
2026-02-04T11:09:27.000000,2218.126800000003,-1025.7165000000211,1192.41029999998
2026-02-04T11:11:27.000000,2218.126800000003,-1033.480500000021,1184.64629999998
2026-02-04T11:13:57.000000,2218.126800000003,-1063.0342000000205,1155.0925999999806
2026-02-04T11:14:12.000000,2218.126800000003,-1103.9239500000199,1114.2028499999813
2026-02-04T11:15:02.000000,2218.126800000003,-1117.0912500000197,1101.0355499999814
2026-02-04T11:15:17.000000,2218.126800000003,-1100.273250000019,1117.853549999982
2026-02-04T11:15:22.000000,2218.126800000003,-1071.4630500000187,1146.6637499999824
2026-02-04T11:15:27.000000,2218.126800000003,-1042.6528500000184,1175.4739499999828
2026-02-04T11:15:32.000000,2218.126800000003,-1013.842650000018,1204.2841499999831
2026-02-04T11:15:47.000000,2218.126800000003,-973.030650000018,1245.0961499999833
2026-02-04T11:15:52.000000,2218.126800000003,-938.2147500000178,1279.9120499999835
2026-02-04T11:15:57.000000,2218.126800000003,-903.3988500000177,1314.7279499999836
2026-02-04T11:16:02.000000,2218.126800000003,-874.5838500000174,1343.5429499999839
2026-02-04T11:16:07.000000,2218.126800000003,-845.764050000017,1372.362749999984
2026-02-04T11:16:12.000000,2218.126800000003,-828.9364500000165,1389.1903499999846
2026-02-04T11:16:17.000000,2218.126800000003,-818.1049500000169,1400.0218499999842
2026-02-04T11:16:22.000000,2218.126800000003,-807.2734500000172,1410.8533499999837
2026-02-04T11:16:27.000000,2218.126800000003,-796.4371500000176,1421.6896499999834
2026-02-04T11:16:32.000000,2218.126800000003,-740.1587500000176,1477.9680499999836
2026-02-04T11:17:42.000000,2218.126800000003,-726.093050000018,1492.033749999983
2026-02-04T11:28:02.000000,2218.126800000003,-723.0202000000182,1495.1065999999828
2026-02-04T13:01:07.000000,2218.126800000003,-704.8267000000188,1513.3000999999822
2026-02-04T13:03:42.000000,2218.126800000003,-712.7243000000188,1505.4024999999822
2026-02-04T13:04:12.000000,2218.126800000003,-704.6195000000192,1513.5072999999818
2026-02-04T13:04:32.000000,2218.126800000003,-824.4187000000197,1393.7080999999814
2026-02-04T13:04:42.000000,2218.126800000003,-928.2347000000206,1289.8920999999807
2026-02-04T13:04:47.000000,2218.126800000003,-1040.051900000021,1178.07489999998
2026-02-04T13:05:02.000000,2218.126800000003,-1159.87670000002,1058.250099999981
2026-02-04T13:05:27.000000,2218.126800000003,-1295.6911000000202,922.435699999981
2026-02-04T13:05:37.000000,2218.126800000003,-1495.4895000000204,722.6372999999809
2026-02-04T13:05:42.000000,2218.126800000003,-1663.2895000000199,554.8372999999815
2026-02-04T13:06:02.000000,2218.126800000003,-1768.8642000000202,449.2625999999811
2026-02-04T13:06:17.000000,2232.2541000000047,-1768.8642000000202,463.38989999998256
2026-02-04T13:06:27.000000,2232.2541000000047,-1776.7938000000202,455.46029999998257
2026-02-04T13:06:37.000000,2232.2541000000047,-1936.5926000000197,295.661499999983
2026-02-04T13:08:47.000000,2232.2541000000047,-1888.4754000000196,343.77869999998325
2026-02-04T13:10:52.000000,2232.2541000000047,-1808.36620000002,423.8878999999828
2026-02-04T13:11:02.000000,2232.2541000000047,-1720.2622000000206,511.99189999998214
2026-02-04T13:11:07.000000,2232.2541000000047,-1738.8048000000197,493.4492999999831
2026-02-04T13:11:12.000000,2232.2541000000047,-1760.4341000000193,471.8199999999834
2026-02-04T13:12:07.000000,2232.2541000000047,-1755.0137500000196,477.2403499999831
2026-02-04T13:12:32.000000,2232.2541000000047,-1748.66125000002,483.5928499999828
2026-02-04T13:12:37.000000,2232.2541000000047,-1719.8126500000196,512.4414499999831
2026-02-04T13:13:32.000000,2232.2541000000047,-1660.983550000019,571.2705499999838
2026-02-04T13:13:37.000000,2232.2541000000047,-1608.1505500000183,624.1035499999847
2026-02-04T13:14:02.000000,2202.4100000000053,-1608.1505500000183,594.2594499999851
2026-02-04T13:14:37.000000,2161.564250000006,-1608.1505500000183,553.4136999999859
2026-02-04T13:14:52.000000,2161.564250000006,-1616.1337500000182,545.4304999999858
2026-02-04T13:16:07.000000,2161.564250000006,-1447.9025500000191,713.6616999999849
2026-02-04T13:16:12.000000,2161.564250000006,-1303.6557500000195,857.9084999999845
2026-02-04T13:16:22.000000,2161.564250000006,-1223.36095000002,938.2032999999841
2026-02-04T13:16:32.000000,2161.564250000006,-1167.05055000002,994.5136999999842
2026-02-04T13:17:12.000000,2169.668900000006,-1167.05055000002,1002.6183499999844
2026-02-04T13:17:37.000000,2169.668900000006,-1054.7637500000196,1114.9051499999846
2026-02-04T13:17:57.000000,2169.668900000006,-1077.5540000000194,1092.1148999999848
2026-02-04T13:18:02.000000,2169.668900000006,-981.2504000000188,1188.4184999999854
2026-02-04T13:20:17.000000,2169.668900000006,-980.9292000000189,1188.7396999999853
2026-02-04T13:20:22.000000,2169.668900000006,-988.6028000000189,1181.0660999999852
2026-02-04T13:20:32.000000,2169.668900000006,-988.268800000019,1181.400099999985
2026-02-04T13:24:07.000000,2169.668900000006,-1116.8637500000204,1052.8051499999838
2026-02-04T13:24:52.000000,2169.668900000006,-948.5109500000199,1221.1579499999843
2026-02-04T13:24:57.000000,2169.668900000006,-764.1557500000197,1405.5131499999845
2026-02-04T13:25:17.000000,2169.668900000006,-813.81165000002,1355.857249999984
2026-02-04T13:26:32.000000,2169.668900000006,-912.4485000000203,1257.2203999999838
2026-02-04T13:27:12.000000,2169.668900000006,-973.5654000000202,1196.1034999999838
2026-02-04T13:28:12.000000,2169.668900000006,-1020.2568500000193,1149.4120499999847
2026-02-04T13:28:32.000000,2169.668900000006,-1066.9587000000186,1102.7101999999854
2026-02-04T13:28:32.000000,2169.668900000006,-1098.3927000000194,1071.2761999999846
2026-02-04T13:28:42.000000,2169.668900000006,-1119.1114500000192,1050.5574499999848
2026-02-04T13:28:47.000000,2169.668900000006,-1126.7946500000191,1042.8742499999848
2026-02-04T13:28:57.000000,2169.668900000006,-1147.60700000002,1022.061899999984
2026-02-04T13:29:07.000000,2169.668900000006,-1144.5341500000202,1025.1347499999838
2026-02-04T13:29:42.000000,2169.668900000006,-1172.4891500000215,997.1797499999825
2026-02-04T13:30:02.000000,2169.668900000006,-1236.1695500000214,933.4993499999824
2026-02-04T13:30:22.000000,2202.1293000000064,-1236.1695500000214,965.959749999983
2026-02-04T13:30:27.000000,2202.1293000000064,-1273.9140500000208,928.2152499999837
2026-02-04T13:31:02.000000,2202.1293000000064,-1309.5790500000214,892.5502499999831
2026-02-04T13:32:32.000000,2202.1293000000064,-1429.2790500000215,772.8502499999829
2026-02-04T13:32:42.000000,2202.1293000000064,-1356.8894500000217,845.2398499999827
2026-02-04T13:33:02.000000,2202.1293000000064,-1268.5102500000223,933.619049999982
2026-02-04T13:33:07.000000,2202.1293000000064,-1188.1194500000229,1014.0098499999816
2026-02-04T13:33:12.000000,2202.1293000000064,-1168.0224500000222,1034.1068499999822
2026-02-04T13:33:27.000000,2202.1293000000064,-1135.5940500000231,1066.5352499999813
2026-02-04T13:33:32.000000,2202.1293000000064,-1119.1616500000237,1082.9676499999807
2026-02-04T13:35:02.000000,2202.1293000000064,-1336.8651500000228,865.2641499999814
2026-02-04T13:35:37.000000,2202.1293000000064,-1355.5668000000226,846.5624999999817
2026-02-04T13:35:37.000000,2202.1293000000064,-1475.2668000000226,726.8624999999815
2026-02-04T13:36:02.000000,2202.1293000000064,-1482.8700000000226,719.2592999999815
2026-02-04T13:36:12.000000,2202.1293000000064,-1457.5650500000233,744.5642499999808
2026-02-04T13:37:02.000000,2202.1293000000064,-1480.235300000023,721.8939999999811
2026-02-04T13:38:12.000000,2202.1293000000064,-1474.7421500000232,727.3871499999808
2026-02-04T13:38:37.000000,2202.1293000000064,-1427.0364500000233,775.0928499999807
2026-02-04T13:40:17.000000,2202.1293000000064,-1350.8526500000225,851.2766499999814
2026-02-04T13:40:47.000000,2202.1293000000064,-1358.6046500000225,843.5246499999814
2026-02-04T13:41:12.000000,2202.1293000000064,-1425.4736500000213,776.6556499999826
2026-02-04T13:41:32.000000,2202.1293000000064,-1532.332650000021,669.796649999983
2026-02-04T13:41:42.000000,2202.1293000000064,-1514.0039500000216,688.1253499999824
2026-02-04T13:42:57.000000,2202.1293000000064,-1543.7864500000212,658.3428499999828
2026-02-04T13:44:07.000000,2202.1293000000064,-1509.5641500000208,692.5651499999832
2026-02-04T13:44:12.000000,2202.1293000000064,-1489.3327500000203,712.7965499999839
2026-02-04T13:44:17.000000,2202.1293000000064,-1455.11045000002,747.0188499999842
2026-02-04T13:45:02.000000,2202.1293000000064,-1448.8699500000203,753.2593499999839
2026-02-04T13:45:12.000000,2202.1293000000064,-1442.6294500000206,759.4998499999836
2026-02-04T13:47:32.000000,2202.1293000000064,-1472.4383500000201,729.690949999984
2026-02-04T13:49:32.000000,2202.1293000000064,-1494.1796500000198,707.9496499999843
2026-02-04T13:50:12.000000,2202.1293000000064,-1469.8932500000192,732.2360499999851
2026-02-04T13:50:42.000000,2202.1293000000064,-1463.6191500000195,738.5101499999848
2026-02-04T13:51:02.000000,2202.1293000000064,-1404.79965000002,797.3296499999844
2026-02-04T13:51:02.000000,2202.1293000000064,-1332.6196500000199,869.5096499999845
2026-02-04T13:51:12.000000,2202.1293000000064,-1308.320450000019,893.8088499999852
2026-02-04T13:51:47.000000,2202.1293000000064,-1302.0687500000192,900.0605499999849
2026-02-04T13:52:02.000000,2202.1293000000064,-1298.7712500000193,903.3580499999847
2026-02-04T13:52:47.000000,2202.1293000000064,-1316.1487500000192,885.9805499999849
2026-02-04T13:53:07.000000,2202.1293000000064,-1309.8970500000194,892.2322499999846
2026-02-04T13:53:12.000000,2202.1293000000064,-1304.7055000000196,897.4237999999843
2026-02-04T13:53:12.000000,2202.1293000000064,-1298.4538000000198,903.675499999984
2026-02-04T13:53:17.000000,2202.1293000000064,-1292.20210000002,909.9271999999837
2026-02-04T13:53:57.000000,2202.1293000000064,-1234.0066000000195,968.1226999999842
2026-02-04T13:54:07.000000,2202.1293000000064,-1227.7549000000197,974.3743999999839
2026-02-04T13:54:52.000000,2202.1293000000064,-1170.2955500000198,1031.8337499999836
2026-02-04T13:55:17.000000,2202.1293000000064,-1112.82580000002,1089.3034999999834
2026-02-04T13:55:42.000000,2202.1293000000064,-1120.37780000002,1081.7514999999835
2026-02-04T13:58:02.000000,2202.1293000000064,-1128.16740000002,1073.9618999999834
2026-02-04T14:01:27.000000,2202.1293000000064,-1135.64500000002,1066.4842999999835
2026-02-04T14:01:32.000000,2202.1293000000064,-1156.1245500000198,1046.0047499999837
2026-02-04T14:02:37.000000,2202.1293000000064,-1176.5937000000206,1025.5355999999829
2026-02-04T14:03:12.000000,2202.1293000000064,-1184.0609000000206,1018.0683999999828
2026-02-04T14:03:42.000000,2202.1293000000064,-1191.5281000000207,1010.6011999999828
2026-02-04T14:10:47.000000,2202.1293000000064,-1199.3041000000208,1002.8251999999828
2026-02-04T14:12:32.000000,2202.1293000000064,-1248.2896000000198,953.8396999999837
2026-02-04T14:16:52.000000,2202.1293000000064,-1255.7672000000198,946.3620999999837
2026-02-04T14:16:57.000000,2202.1293000000064,-1263.2448000000197,938.8844999999836
2026-02-04T14:17:07.000000,2202.1293000000064,-1270.7224000000197,931.4068999999836
2026-02-04T14:19:42.000000,2202.1293000000064,-1308.030900000019,894.0983999999842
2026-02-04T14:19:52.000000,2202.1293000000064,-1330.7371500000188,871.3921499999844
2026-02-04T14:19:57.000000,2202.1293000000064,-1337.8171500000187,864.3121499999844
2026-02-04T14:20:32.000000,2202.1293000000064,-1345.7107500000188,856.4185499999844
2026-02-04T14:21:02.000000,2202.1293000000064,-1325.669100000019,876.4601999999844
2026-02-04T14:21:27.000000,2202.1293000000064,-1352.9921000000186,849.1371999999849
2026-02-04T14:22:37.000000,2202.1293000000064,-1370.3056000000183,831.8236999999851
2026-02-04T14:22:42.000000,2202.1293000000064,-1397.8446000000179,804.2846999999856
2026-02-04T14:22:59.000000,2202.1293000000064,-1405.4046000000178,796.7246999999857
2026-02-04T14:24:27.000000,2202.1293000000064,-1429.1126000000174,773.016699999986
2026-02-04T14:24:47.000000,2202.1293000000064,-1458.947900000017,743.1813999999865
2026-02-04T14:25:42.000000,2202.1293000000064,-1466.700700000017,735.4285999999865
2026-02-04T14:25:47.000000,2202.1293000000064,-1474.453500000017,727.6757999999866
2026-02-04T14:25:52.000000,2202.1293000000064,-1514.0359000000176,688.0933999999859
2026-02-04T14:26:47.000000,2202.1293000000064,-1532.9311500000174,669.1981499999861
2026-02-04T14:26:47.000000,2202.1293000000064,-1572.513550000018,629.6157499999854
2026-02-04T14:27:17.000000,2202.1293000000064,-1612.0959500000188,590.0333499999847
2026-02-04T14:27:22.000000,2202.1293000000064,-1636.0727500000185,566.056549999985
2026-02-04T14:28:12.000000,2202.1293000000064,-1675.9879500000193,526.1413499999843
2026-02-04T14:28:32.000000,2202.1293000000064,-1683.0775500000193,519.0517499999843
2026-02-04T14:29:27.000000,2202.1293000000064,-1690.6175500000193,511.51174999998426
2026-02-04T14:29:32.000000,2202.1293000000064,-1705.1450000000204,496.9842999999832
2026-02-04T14:31:07.000000,2202.1293000000064,-1762.8805000000211,439.24879999998245
2026-02-04T14:31:27.000000,2202.1293000000064,-1786.4733000000222,415.65599999998136
2026-02-04T14:31:57.000000,2165.160000000006,-1786.4733000000222,378.68669999998093
2026-02-04T14:32:02.000000,2134.1916000000056,-1786.4733000000222,347.7182999999804
2026-02-04T14:32:12.000000,2109.224100000005,-1786.4733000000222,322.7507999999797
2026-02-04T14:32:17.000000,2109.224100000005,-1810.0661000000232,299.1579999999786
2026-02-04T14:32:32.000000,2102.254500000005,-1810.0661000000232,292.18839999997857
2026-02-04T14:32:37.000000,2089.2888000000053,-1810.0661000000232,279.2226999999787
2026-02-04T14:33:02.000000,2089.2888000000053,-1833.7741000000228,255.51469999997906
2026-02-04T14:37:47.000000,2089.2888000000053,-1861.5371000000223,227.75169999997948
2026-02-04T14:37:57.000000,2089.2888000000053,-1988.659100000022,100.6296999999799
2026-02-04T14:38:02.000000,2089.2888000000053,-2035.5169500000222,53.77184999997958
2026-02-04T14:38:07.000000,2089.2888000000053,-2120.2197000000224,-30.930900000020728
2026-02-04T14:39:02.000000,2089.2888000000053,-2150.143000000022,-60.854200000020256
2026-02-04T14:39:37.000000,2089.2888000000053,-2181.2938000000213,-92.00500000001975
2026-02-04T14:40:42.000000,2089.2888000000053,-2205.014600000021,-115.7258000000194
2026-02-04T14:40:42.000000,2089.2888000000053,-2230.8173000000215,-141.52850000002007
2026-02-04T14:40:47.000000,2089.2888000000053,-2264.434000000021,-175.1452000000195
2026-02-04T14:40:52.000000,2089.2888000000053,-2272.174000000021,-182.88520000001952
2026-02-04T14:41:02.000000,2089.2888000000053,-2302.0973000000204,-212.80850000001905
2026-02-04T14:41:22.000000,2089.2888000000053,-2285.260100000021,-195.97130000001957
2026-02-04T14:41:47.000000,2089.2888000000053,-2280.43430000002,-191.14550000001876
2026-02-04T14:41:52.000000,2089.2888000000053,-2263.6163000000192,-174.3275000000182
2026-02-04T14:42:37.000000,2089.2888000000053,-2192.799800000019,-103.51100000001773
2026-02-04T14:43:02.000000,2089.2888000000053,-2216.4054000000187,-127.11660000001739
2026-02-04T14:43:42.000000,2089.2888000000053,-2240.0110000000186,-150.72220000001704
2026-02-04T14:44:12.000000,2089.2888000000053,-2247.3470000000184,-158.05820000001705
2026-02-04T14:44:27.000000,2089.2888000000053,-2255.2198000000185,-165.93100000001706
2026-02-04T14:45:02.000000,2089.2888000000053,-2273.754250000018,-184.46545000001683
2026-02-04T14:45:02.000000,2089.2888000000053,-2336.7089000000187,-247.4201000000176
2026-02-04T14:45:02.000000,2089.2888000000053,-2399.6635500000193,-310.37475000001837
2026-02-04T14:45:02.000000,2089.2888000000053,-2462.61820000002,-373.3294000000192
2026-02-04T14:45:02.000000,2089.2888000000053,-2525.5728500000205,-436.28405000002
2026-02-04T14:45:02.000000,2089.2888000000053,-2533.3488500000203,-444.06005000002
2026-02-04T14:45:02.000000,2089.2888000000053,-2557.05685000002,-467.7680500000197
2026-02-04T14:45:02.000000,2089.2888000000053,-2556.85725000002,-467.5684500000199
2026-02-04T15:00:00.000000,2089.2888000000053,-2785.36800000002,-696.0792000000198
2026-02-04T15:00:00.000000,2089.2888000000053,-3026.8703000000205,-937.5815000000206
2026-02-05T09:54:32.000000,2186.3021500000054,-3026.8703000000205,-840.5681500000203
2026-02-05T09:54:42.000000,2262.329150000005,-3026.8703000000205,-764.5411500000208
2026-02-05T09:55:02.000000,2331.3719000000046,-3026.8703000000205,-695.4984000000212
2026-02-05T09:55:12.000000,2393.4248000000057,-3026.8703000000205,-633.4455000000202
2026-02-05T09:55:17.000000,2448.482250000007,-3026.8703000000205,-578.388050000019
2026-02-05T09:55:27.000000,2461.5334000000075,-3026.8703000000205,-565.3369000000182
2026-02-05T10:00:17.000000,2436.791500000008,-3026.8703000000205,-590.0788000000178
2026-02-05T10:08:12.000000,2349.6755000000067,-3026.8703000000205,-677.194800000019
2026-02-05T10:08:47.000000,2318.5743000000057,-3026.8703000000205,-708.2960000000198
2026-02-05T10:09:37.000000,2318.5743000000057,-3002.494300000021,-683.9200000000205
2026-02-05T10:10:12.000000,2294.955900000006,-3002.494300000021,-707.5384000000201
2026-02-05T10:10:12.000000,2213.1846500000047,-3002.494300000021,-789.3096500000212
2026-02-05T10:10:17.000000,2213.1846500000047,-2966.497600000022,-753.312950000022
2026-02-05T10:10:32.000000,2213.1846500000047,-2927.4932500000214,-714.3086000000214
2026-02-05T10:11:02.000000,2173.5766500000054,-2927.4932500000214,-753.9166000000207
2026-02-05T10:11:07.000000,2133.968650000006,-2927.4932500000214,-793.52460000002
2026-02-05T10:11:32.000000,2110.3502500000063,-2927.4932500000214,-817.1430000000196
2026-02-05T10:11:32.000000,2098.5815000000075,-2927.4932500000214,-828.9117500000186
2026-02-05T10:11:37.000000,2076.807250000007,-2927.4932500000214,-850.6860000000192
2026-02-05T10:11:47.000000,2037.1864500000079,-2927.4932500000214,-890.3068000000186
2026-02-05T10:11:57.000000,2062.377000000009,-2927.4932500000214,-865.1162500000173
2026-02-05T10:11:57.000000,2022.7562000000098,-2927.4932500000214,-904.7370500000167
2026-02-05T10:12:07.000000,2047.946750000011,-2927.4932500000214,-879.5465000000154
2026-02-05T10:12:07.000000,2008.3259500000117,-2927.4932500000214,-919.1673000000147
2026-02-05T10:12:12.000000,2008.3259500000117,-2903.1044500000207,-894.778500000014
2026-02-05T10:12:37.000000,1984.6947500000122,-2903.1044500000207,-918.4097000000137
2026-02-05T10:12:42.000000,1984.6947500000122,-2894.718050000021,-910.023300000014
2026-02-05T10:12:47.000000,1987.9242500000119,-2894.718050000021,-906.7938000000142
2026-02-05T10:12:52.000000,1964.2930500000123,-2894.718050000021,-930.4250000000139
2026-02-05T10:13:22.000000,1967.518550000012,-2894.718050000021,-927.1995000000142
2026-02-05T10:13:37.000000,1975.7448000000127,-2894.718050000021,-918.9732500000135
2026-02-05T10:14:47.000000,1985.791500000014,-2894.718050000021,-908.9265500000123
2026-02-05T10:14:52.000000,1986.8440500000154,-2894.718050000021,-907.8740000000109
2026-02-05T10:14:57.000000,1996.8979500000166,-2894.718050000021,-897.8201000000097
2026-02-05T10:15:02.000000,2006.9518500000179,-2894.718050000021,-887.7662000000084
2026-02-05T10:15:07.000000,2017.0129500000176,-2894.718050000021,-877.7051000000088
2026-02-05T10:15:12.000000,2000.0772000000177,-2894.718050000021,-894.6408500000085
2026-02-05T10:15:17.000000,1992.1428000000176,-2894.718050000021,-902.5752500000085
2026-02-05T10:15:22.000000,1984.2084000000175,-2894.718050000021,-910.5096500000085
2026-02-05T10:15:27.000000,1976.2740000000174,-2894.718050000021,-918.4440500000085
2026-02-05T10:15:32.000000,1959.3382500000175,-2894.718050000021,-935.3798000000082
2026-02-05T10:15:37.000000,1942.4025000000177,-2894.718050000021,-952.315550000008
2026-02-05T10:15:42.000000,1907.4712500000167,-2894.718050000021,-987.246800000009
2026-02-05T10:19:42.000000,1907.4712500000167,-2870.3420500000216,-962.8708000000097
2026-02-05T10:19:47.000000,1907.4712500000167,-2813.9868500000216,-906.5156000000096
2026-02-05T10:19:52.000000,1907.4712500000167,-2725.6044500000216,-818.1332000000095
2026-02-05T10:20:12.000000,1907.4712500000167,-2717.230850000022,-809.7596000000099
2026-02-05T10:20:17.000000,1907.4712500000167,-2708.8572500000228,-801.3860000000102
2026-02-05T10:20:32.000000,1907.4712500000167,-2716.4732500000227,-809.0020000000102
2026-02-05T10:20:37.000000,1907.4712500000167,-2756.081250000022,-848.6100000000094
2026-02-05T10:20:42.000000,1800.824250000017,-2756.081250000022,-955.2570000000092
2026-02-05T10:20:52.000000,1704.1747500000172,-2756.081250000022,-1051.906500000009
2026-02-05T10:20:57.000000,1617.5227500000171,-2756.081250000022,-1138.558500000009
2026-02-05T10:21:02.000000,1617.5227500000171,-2811.6788500000225,-1194.1561000000092
2026-02-05T10:21:17.000000,1545.8690000000158,-2811.6788500000225,-1265.8098500000106
2026-02-05T10:21:47.000000,1534.200250000017,-2811.6788500000225,-1277.4786000000095
2026-02-05T10:22:22.000000,1532.5250000000176,-2811.6788500000225,-1279.1538500000088
2026-02-05T10:22:47.000000,1534.686350000018,-2811.6788500000225,-1276.9925000000085
2026-02-05T10:23:17.000000,1534.686350000018,-2915.2708500000235,-1380.5845000000093
2026-02-05T10:23:22.000000,1544.6970500000164,-2915.2708500000235,-1370.5738000000108
2026-02-05T10:23:57.000000,1544.6970500000164,-3050.9060500000237,-1506.209000000011
2026-02-05T10:26:37.000000,1544.6970500000164,-2941.646900000024,-1396.949850000011
2026-02-05T10:27:42.000000,1544.6970500000164,-3045.2901000000247,-1500.593050000012
2026-02-05T10:28:52.000000,1544.6970500000164,-3053.0381000000248,-1508.341050000012
2026-02-05T10:28:57.000000,1544.6970500000164,-3008.7887000000246,-1464.091650000012
2026-02-05T10:29:17.000000,1544.6970500000164,-2966.3332000000255,-1421.636150000013
2026-02-05T10:29:32.000000,1544.6970500000164,-2942.059600000026,-1397.3625500000137
2026-02-05T10:30:02.000000,1544.6970500000164,-2997.7596000000262,-1453.0625500000142
2026-02-05T10:30:07.000000,1544.6970500000164,-3037.4700000000257,-1492.7729500000135
2026-02-05T10:30:32.000000,1544.6970500000164,-3109.172400000026,-1564.4753500000136
2026-02-05T10:30:47.000000,1544.6970500000164,-3164.872400000026,-1620.175350000014
2026-02-05T10:30:52.000000,1544.6970500000164,-3220.5724000000264,-1675.8753500000146
2026-02-05T10:32:22.000000,1544.6970500000164,-3276.2852000000253,-1731.5881500000135
2026-02-05T10:33:42.000000,1544.6970500000164,-3258.0293000000247,-1713.332250000013
2026-02-05T10:33:47.000000,1544.6970500000164,-3226.7818500000244,-1682.0848000000126
2026-02-05T10:34:12.000000,1544.6970500000164,-3250.5794500000256,-1705.8824000000136
2026-02-05T10:35:57.000000,1544.6970500000164,-3274.3002500000252,-1729.6032000000132
2026-02-05T10:37:37.000000,1544.6970500000164,-3217.0281000000255,-1672.3310500000134
2026-02-05T10:38:02.000000,1544.6970500000164,-3240.761700000025,-1696.064650000013
2026-02-05T10:38:12.000000,1544.6970500000164,-3280.4849000000245,-1735.7878500000122
2026-02-05T10:38:17.000000,1544.6970500000164,-3320.208100000024,-1775.5110500000114
2026-02-05T10:38:27.000000,1544.6970500000164,-3288.919050000025,-1744.2220000000123
2026-02-05T10:38:27.000000,1544.6970500000164,-3328.6422500000244,-1783.9452000000115
2026-02-05T10:38:47.000000,1544.6970500000164,-3368.365450000024,-1823.6684000000107
2026-02-05T10:38:52.000000,1544.6970500000164,-3408.0886500000233,-1863.39160000001
2026-02-05T10:39:57.000000,1544.6970500000164,-3431.809450000023,-1887.1124000000095
2026-02-05T10:40:12.000000,1544.6970500000164,-3423.5254500000233,-1878.8284000000099
2026-02-05T10:44:27.000000,1544.6970500000164,-3288.189600000023,-1743.4925500000095
2026-02-05T10:45:22.000000,1544.6970500000164,-3263.8648000000235,-1719.16775000001
2026-02-05T10:45:37.000000,1544.6970500000164,-3285.684500000023,-1740.9874500000099
2026-02-05T10:48:22.000000,1544.6970500000164,-3257.2295000000227,-1712.5324500000095
2026-02-05T10:50:22.000000,1544.6970500000164,-3244.882500000023,-1700.18545000001
2026-02-05T10:50:37.000000,1544.6970500000164,-3216.4899000000228,-1671.7928500000096
2026-02-05T10:50:57.000000,1544.6970500000164,-3146.0190000000225,-1601.321950000009
2026-02-05T10:51:02.000000,1544.6970500000164,-3081.539400000023,-1536.8423500000097
2026-02-05T10:52:17.000000,1544.6970500000164,-3005.0628000000224,-1460.3657500000093
2026-02-05T10:52:22.000000,1544.6970500000164,-2928.591000000022,-1383.893950000009
2026-02-05T10:54:17.000000,1544.6970500000164,-2846.103900000023,-1301.4068500000099
2026-02-05T10:54:17.000000,1544.6970500000164,-2769.6129000000237,-1224.9158500000106
2026-02-05T10:54:22.000000,1544.6970500000164,-2705.123700000024,-1160.426650000011
2026-02-05T10:54:32.000000,1544.6970500000164,-2634.6336000000247,-1089.9365500000117
2026-02-05T10:55:02.000000,1544.6970500000164,-2588.1423000000245,-1043.4452500000118
2026-02-05T10:55:17.000000,1544.6970500000164,-2541.6462000000247,-996.9491500000119
2026-02-05T10:58:28.000000,1544.6970500000164,-2549.6430000000246,-1004.9459500000119
2026-02-05T10:59:18.000000,1544.6970500000164,-2543.6377000000234,-998.9406500000109
2026-02-05T11:00:02.000000,1519.7521000000152,-2543.6377000000234,-1023.8856000000121
2026-02-05T11:03:12.000000,1519.7521000000152,-2539.335100000024,-1019.5830000000124
2026-02-05T11:04:37.000000,1519.7521000000152,-2572.8582000000233,-1053.1061000000118
2026-02-05T11:04:52.000000,1519.7521000000152,-2606.3813000000227,-1086.6292000000112
2026-02-05T11:07:17.000000,1519.7521000000152,-2662.6742500000228,-1142.9221500000115
2026-02-05T11:07:22.000000,1519.7521000000152,-2711.971750000023,-1192.2196500000118
2026-02-05T11:07:38.000000,1519.7521000000152,-2694.8753500000225,-1175.1232500000112
2026-02-05T11:08:27.000000,1519.7521000000152,-2618.5427500000233,-1098.790650000012
2026-02-05T11:10:52.000000,1519.7521000000152,-2616.2612500000237,-1096.5091500000121
2026-02-05T11:11:07.000000,1519.7521000000152,-2599.464050000024,-1079.7119500000126
2026-02-05T11:13:53.000000,1519.7521000000152,-2590.4039000000244,-1070.651800000013
2026-02-05T11:14:37.000000,1519.7521000000152,-2584.1746000000235,-1064.4225000000122
2026-02-05T11:20:17.000000,1519.7521000000152,-2603.573200000023,-1083.821100000012
2026-02-05T11:20:27.000000,1519.7521000000152,-2628.9727000000225,-1109.2206000000115
2026-02-05T11:20:47.000000,1519.7521000000152,-2654.377000000023,-1134.624900000012
2026-02-05T11:24:12.000000,1519.7521000000152,-2861.805400000023,-1342.053300000012
2026-02-05T11:24:32.000000,1519.7521000000152,-3045.230200000022,-1525.4781000000112
2026-02-05T11:24:42.000000,1519.7521000000152,-3212.6526000000213,-1692.9005000000107
2026-02-05T11:27:37.000000,1519.7521000000152,-3196.2906000000216,-1676.5385000000113
2026-02-05T11:28:02.000000,1519.7521000000152,-3179.928600000022,-1660.1765000000119
2026-02-05T11:28:12.000000,1519.7521000000152,-3251.189400000022,-1731.4373000000119
2026-02-05T11:28:27.000000,1519.7521000000152,-3234.8274000000224,-1715.0753000000125
2026-02-05T11:29:02.000000,1519.7521000000152,-3218.455800000023,-1698.703700000013
2026-02-05T11:29:18.000000,1519.7521000000152,-3277.920400000023,-1758.168300000013
2026-02-05T11:29:42.000000,1519.7521000000152,-3233.4526000000233,-1713.7005000000129
2026-02-05T11:29:48.000000,1519.7521000000152,-3224.3788500000237,-1704.6267500000133
2026-02-05T11:30:02.000000,1519.7521000000152,-3200.0028500000244,-1680.250750000014
2026-02-05T13:00:07.000000,1519.7521000000152,-3181.975750000025,-1662.2236500000147
2026-02-05T13:01:07.000000,1519.7521000000152,-3165.2297500000254,-1645.4776500000153
2026-02-05T13:01:17.000000,1519.7521000000152,-3159.1684500000256,-1639.4163500000157
2026-02-05T13:01:17.000000,1519.7521000000152,-3151.6782000000258,-1631.926100000016
2026-02-05T13:02:37.000000,1519.7521000000152,-3174.9318000000253,-1655.1797000000156
2026-02-05T13:02:52.000000,1380.331500000016,-3174.9318000000253,-1794.6003000000148
2026-02-05T13:04:12.000000,1380.331500000016,-3168.8649000000255,-1788.533400000015
2026-02-05T13:06:17.000000,1380.331500000016,-3140.4723000000254,-1760.1408000000147
2026-02-05T13:07:27.000000,1380.331500000016,-3042.6925500000248,-1662.3610500000143
2026-02-05T13:07:37.000000,1380.331500000016,-2999.893050000026,-1619.5615500000154
2026-02-05T13:07:57.000000,1380.331500000016,-2967.083050000025,-1586.7515500000145
2026-02-05T13:08:07.000000,1380.331500000016,-2939.277800000025,-1558.9463000000144
2026-02-05T13:08:17.000000,1380.331500000016,-2936.4563000000253,-1556.1248000000146
2026-02-05T13:09:37.000000,1380.331500000016,-3018.5875500000247,-1638.2560500000138
2026-02-05T13:12:07.000000,1380.331500000016,-3130.747300000025,-1750.4158000000143
2026-02-05T13:13:27.000000,1380.331500000016,-3257.937300000026,-1877.6058000000153
2026-02-05T13:13:42.000000,1380.331500000016,-3390.132050000026,-2009.8005500000154
2026-02-05T13:13:47.000000,1380.331500000016,-3557.3280500000265,-2176.9965500000153
2026-02-05T13:14:12.000000,1380.331500000016,-3744.511050000026,-2364.179550000015
2026-02-05T13:14:17.000000,1380.331500000016,-3911.687050000026,-2531.355550000015
2026-02-05T13:14:22.000000,1380.331500000016,-4053.863300000026,-2673.5318000000148
2026-02-05T13:15:32.000000,1380.331500000016,-4101.065300000025,-2720.733800000014
2026-02-05T13:15:37.000000,1380.331500000016,-4153.264050000024,-2772.932550000014
2026-02-05T13:15:42.000000,1380.331500000016,-4220.4570500000245,-2840.1255500000148
2026-02-05T13:15:47.000000,1380.331500000016,-4307.641050000025,-2927.309550000015
2026-02-05T13:16:32.000000,1380.331500000016,-4439.847800000025,-3059.516300000015
2026-02-05T13:16:47.000000,1380.331500000016,-4577.059300000026,-3196.7278000000156
2026-02-05T13:17:17.000000,1380.331500000016,-4624.305300000025,-3243.9738000000148
2026-02-05T13:17:22.000000,1380.331500000016,-4666.550550000025,-3286.2190500000147
2026-02-05T13:17:32.000000,1380.331500000016,-4723.790050000024,-3343.4585500000135
2026-02-05T13:17:37.000000,1380.331500000016,-4801.016550000025,-3420.6850500000137
2026-02-05T13:17:42.000000,1380.331500000016,-4878.2430500000255,-3497.911550000014
2026-02-05T13:17:47.000000,1380.331500000016,-4955.465550000025,-3575.134050000014
2026-02-05T13:17:52.000000,1380.331500000016,-5032.688050000025,-3652.3565500000145
2026-02-05T13:18:02.000000,1380.331500000016,-5074.913300000026,-3694.5818000000145
2026-02-05T13:18:12.000000,1380.331500000016,-5092.154800000026,-3711.823300000014
2026-02-05T13:18:22.000000,1380.331500000016,-5089.409300000026,-3709.077800000014
2026-02-05T13:18:27.000000,1380.331500000016,-5086.667800000024,-3706.3363000000127
2026-02-05T13:18:37.000000,1380.331500000016,-5108.918050000025,-3728.586550000013
2026-02-05T13:18:47.000000,1380.331500000016,-5106.188550000025,-3725.8570500000133
2026-02-05T13:18:52.000000,1380.331500000016,-5078.479300000025,-3698.147800000013
2026-02-05T13:18:57.000000,1396.7703000000154,-5078.479300000025,-3681.7090000000135
2026-02-05T13:19:02.000000,1396.7703000000154,-5045.773300000026,-3649.0030000000143
2026-02-05T13:19:42.000000,1396.7703000000154,-5068.015550000025,-3671.245250000013
2026-02-05T13:19:47.000000,1396.7703000000154,-5100.251300000024,-3703.4810000000116
2026-02-05T13:20:07.000000,1396.7703000000154,-5132.495050000024,-3735.724750000012
2026-02-05T13:20:12.000000,1396.7703000000154,-5159.742050000025,-3762.9717500000133
2026-02-05T13:20:17.000000,1396.7703000000154,-5171.986800000026,-3775.216500000014
2026-02-05T13:20:32.000000,1396.7703000000154,-5219.208800000027,-3822.438500000015
2026-02-05T13:20:37.000000,1396.7703000000154,-5256.437300000028,-3859.6670000000163
2026-02-05T13:20:42.000000,1396.7703000000154,-5293.665800000029,-3896.8955000000174
2026-02-05T13:20:47.000000,1396.7703000000154,-5320.896800000029,-3924.126500000017
2026-02-05T13:20:52.000000,1396.7703000000154,-5343.131050000027,-3946.3607500000157
2026-02-05T13:20:57.000000,1396.7703000000154,-5355.371800000026,-3958.6015000000148
2026-02-05T13:21:02.000000,1396.7703000000154,-5362.615800000026,-3965.845500000015
2026-02-05T13:21:22.000000,1396.7703000000154,-5349.876800000026,-3953.1065000000153
2026-02-05T13:21:42.000000,1396.7703000000154,-5307.157300000027,-3910.3870000000165
2026-02-05T13:21:47.000000,1396.7703000000154,-5249.443550000025,-3852.6732500000153
2026-02-05T13:21:52.000000,1396.7703000000154,-5191.725800000026,-3794.955500000016
2026-02-05T13:21:57.000000,1396.7703000000154,-5124.0105500000245,-3727.240250000015
2026-02-05T13:22:02.000000,1396.7703000000154,-5061.292050000025,-3664.5217500000144
2026-02-05T13:22:07.000000,1396.7703000000154,-5008.563050000026,-3611.7927500000155
2026-02-05T13:22:12.000000,1396.7703000000154,-4970.824300000027,-3574.0540000000155
2026-02-05T13:22:22.000000,1396.7703000000154,-4928.084800000026,-3531.314500000015
2026-02-05T13:22:27.000000,1396.7703000000154,-4890.342050000026,-3493.571750000015
2026-02-05T13:22:32.000000,1396.7703000000154,-4852.603300000026,-3455.833000000015
2026-02-05T13:22:37.000000,1396.7703000000154,-4814.864550000027,-3418.094250000015
2026-02-05T13:22:47.000000,1396.7703000000154,-4863.137250000027,-3466.366950000015
2026-02-05T13:23:22.000000,1396.7703000000154,-4845.377500000027,-3448.607200000015
2026-02-05T13:23:37.000000,1397.6035000000165,-4845.377500000027,-3447.7740000000135
2026-02-05T13:24:17.000000,1397.6035000000165,-4802.638000000026,-3405.034500000013
2026-02-05T13:24:32.000000,1397.6035000000165,-4789.891000000027,-3392.2875000000136
2026-02-05T13:25:27.000000,1398.4623000000163,-4789.891000000027,-3391.4287000000136
2026-02-05T13:25:42.000000,1383.3187000000164,-4789.891000000027,-3406.5723000000135
2026-02-05T13:30:07.000000,1383.3187000000164,-4807.1525000000265,-3423.833800000013
2026-02-05T13:30:17.000000,1383.3187000000164,-4824.418000000026,-3441.099300000013
2026-02-05T13:30:22.000000,1383.3187000000164,-4841.683500000026,-3458.364800000013
2026-02-05T13:30:42.000000,1383.3187000000164,-4888.9335000000265,-3505.614800000014
2026-02-05T13:30:52.000000,1383.3187000000164,-4936.175500000028,-3552.856800000015
2026-02-05T13:32:07.000000,1383.3187000000164,-4953.437000000027,-3570.1183000000146
2026-02-05T13:34:42.000000,1383.3187000000164,-4946.342750000027,-3563.024050000015
2026-02-05T13:39:17.000000,1383.3187000000164,-4984.147250000028,-3600.8285500000156
2026-02-05T13:42:12.000000,1383.3187000000164,-4956.386000000028,-3573.0673000000156
2026-02-05T13:42:22.000000,1383.3187000000164,-5008.004600000027,-3624.6859000000145
2026-02-05T13:43:52.000000,1383.3187000000164,-5025.838100000026,-3642.5194000000142
2026-02-05T13:50:02.000000,1383.3187000000164,-5073.388100000027,-3690.0694000000153
2026-02-05T13:50:47.000000,1383.3187000000164,-5097.019300000027,-3713.700600000015
2026-02-05T13:51:48.000000,1383.3187000000164,-5117.519650000027,-3734.200950000015
2026-02-05T13:53:12.000000,1383.3187000000164,-5141.150850000026,-3757.8321500000147
2026-02-05T13:53:42.000000,1383.3187000000164,-5129.043850000025,-3745.7251500000134
2026-02-05T13:53:52.000000,1383.3187000000164,-5149.627400000024,-3766.3087000000132
2026-02-05T13:54:57.000000,1383.3187000000164,-5157.256200000024,-3773.937500000013
2026-02-05T13:55:27.000000,1383.3187000000164,-5164.885000000025,-3781.566300000013
2026-02-05T13:56:17.000000,1383.3187000000164,-5204.6978000000245,-3821.3791000000124
2026-02-05T13:56:52.000000,1383.3187000000164,-5224.2644000000255,-3840.9457000000134
2026-02-05T14:04:47.000000,1383.3187000000164,-5296.342150000025,-3913.023450000013
2026-02-05T14:05:32.000000,1383.3187000000164,-5271.927750000025,-3888.6090500000137
2026-02-05T14:09:47.000000,1383.3187000000164,-5301.824650000025,-3918.5059500000134
2026-02-05T14:10:22.000000,1383.3187000000164,-5342.714400000024,-3959.3957000000128
2026-02-05T14:11:22.000000,1383.3187000000164,-5395.605150000025,-4012.2864500000132
2026-02-05T14:12:07.000000,1383.3187000000164,-5451.148350000025,-4067.8296500000133
2026-02-05T14:12:32.000000,1383.3187000000164,-5506.691550000025,-4123.372850000013
2026-02-05T14:12:42.000000,1383.3187000000164,-5559.5823000000255,-4176.263600000014
2026-02-05T14:12:57.000000,1383.3187000000164,-5615.125500000026,-4231.806800000014
2026-02-05T14:15:02.000000,1383.3187000000164,-5609.6427500000245,-4226.324050000013
2026-02-05T14:15:12.000000,1383.3187000000164,-5565.330950000024,-4182.0122500000125
2026-02-05T14:15:12.000000,1383.3187000000164,-5573.226950000024,-4189.908250000012
2026-02-05T14:15:52.000000,1383.3187000000164,-5554.742250000023,-4171.423550000011
2026-02-05T14:16:22.000000,1383.3187000000164,-5538.130650000023,-4154.811950000011
2026-02-05T14:16:28.000000,1383.3187000000164,-5623.682350000024,-4240.363650000012
2026-02-05T14:16:38.000000,1383.3187000000164,-5617.161850000024,-4233.843150000012
2026-02-05T14:17:42.000000,1383.3187000000164,-5624.726650000024,-4241.4079500000125
2026-02-05T14:17:47.000000,1383.3187000000164,-5619.233500000025,-4235.914800000013
2026-02-05T14:19:34.000000,1383.3187000000164,-5611.205500000024,-4227.886800000012
2026-02-05T14:21:07.000000,1339.7029000000173,-5611.205500000024,-4271.502600000012
2026-02-05T14:25:08.000000,1339.7029000000173,-5618.776700000024,-4279.073800000012
2026-02-05T14:28:32.000000,1339.7029000000173,-5642.318300000025,-4302.615400000013
2026-02-05T14:29:23.000000,1339.7029000000173,-5662.8914500000255,-4323.1885500000135
2026-02-05T14:36:22.000000,1339.7029000000173,-5645.083700000026,-4305.380800000014
2026-02-05T14:36:27.000000,1339.7029000000173,-5622.279200000026,-4282.576300000014
2026-02-05T14:36:37.000000,1339.7029000000173,-5609.472200000025,-4269.769300000013
2026-02-05T14:36:47.000000,1339.7029000000173,-5591.664450000025,-4251.961550000013
2026-02-05T14:36:52.000000,1339.7029000000173,-5578.853450000025,-4239.150550000013
2026-02-05T14:38:47.000000,1339.7029000000173,-5536.493950000025,-4196.791050000013
2026-02-05T14:39:17.000000,1339.7029000000173,-5516.049750000026,-4176.346850000014
2026-02-05T14:39:52.000000,1339.7029000000173,-5510.567000000025,-4170.8641000000125
2026-02-05T14:39:52.000000,1339.7029000000173,-5504.124900000025,-4164.422000000013
2026-02-05T14:39:57.000000,1339.7029000000173,-5496.322650000025,-4156.619750000013
2026-02-05T14:39:57.000000,1339.7029000000173,-5552.176250000025,-4212.473350000013
2026-02-05T14:40:42.000000,1339.7029000000173,-5559.805050000025,-4220.102150000013
2026-02-05T14:41:02.000000,1339.7029000000173,-5567.713050000026,-4228.010150000014
2026-02-05T14:41:17.000000,1339.7029000000173,-5655.558650000025,-4315.855750000013
2026-02-05T14:42:57.000000,1339.7029000000173,-5679.420250000025,-4339.717350000013
2026-02-05T14:43:02.000000,1339.7029000000173,-5699.8790000000245,-4360.176100000012
2026-02-05T14:43:32.000000,1339.7029000000173,-5739.743000000024,-4400.040100000012
2026-02-05T14:43:47.000000,1339.7029000000173,-5779.607000000024,-4439.904100000012
2026-02-05T14:45:02.000000,1339.7029000000173,-5772.5127500000235,-4432.8098500000115
2026-02-05T14:59:55.000000,1324.9178500000173,-5772.5127500000235,-4447.594900000011
2026-02-05T14:59:55.000000,1317.1338500000172,-5772.5127500000235,-4455.378900000011
2026-02-05T14:59:55.000000,1309.349850000017,-5772.5127500000235,-4463.16290000001
2026-02-05T14:59:55.000000,1301.565850000017,-5772.5127500000235,-4470.94690000001
2026-02-05T14:59:55.000000,1293.781850000017,-5772.5127500000235,-4478.73090000001
2026-02-05T14:59:55.000000,1285.9978500000168,-5772.5127500000235,-4486.514900000009
2026-02-05T14:59:55.000000,1278.2138500000167,-5772.5127500000235,-4494.298900000009
2026-02-05T14:59:55.000000,1270.4298500000166,-5772.5127500000235,-4502.0829000000085
2026-02-05T14:59:55.000000,1262.6458500000165,-5772.5127500000235,-4509.866900000008
2026-02-05T14:59:55.000000,1254.8618500000164,-5772.5127500000235,-4517.650900000008
2026-02-05T14:59:55.000000,1247.0778500000163,-5772.5127500000235,-4525.4349000000075
2026-02-05T14:59:55.000000,1239.2938500000162,-5772.5127500000235,-4533.218900000007
2026-02-06T09:50:12.000000,1226.3131000000153,-5772.5127500000235,-4546.199650000008
2026-02-06T09:55:12.000000,1274.4367000000154,-5772.5127500000235,-4498.076050000008
2026-02-06T09:58:22.000000,1477.2946000000159,-5772.5127500000235,-4295.218150000007
2026-02-06T09:58:37.000000,1624.1889000000162,-5772.5127500000235,-4148.323850000006
2026-02-06T09:58:37.000000,1771.0832000000166,-5772.5127500000235,-4001.4295500000057
2026-02-06T09:58:42.000000,1910.9820500000174,-5772.5127500000235,-3861.5307000000053
2026-02-06T09:58:47.000000,2029.8945500000173,-5772.5127500000235,-3742.6182000000053
2026-02-06T09:58:52.000000,2141.8116000000173,-5772.5127500000235,-3630.7011500000053
2026-02-06T09:58:57.000000,2267.719550000018,-5772.5127500000235,-3504.7932000000046
2026-02-06T09:59:02.000000,2407.6184000000185,-5772.5127500000235,-3364.894350000004
2026-02-06T09:59:07.000000,2561.5081500000188,-5772.5127500000235,-3211.004600000004
2026-02-06T09:59:12.000000,2722.393350000019,-5772.5127500000235,-3050.1194000000037
2026-02-06T09:59:17.000000,2904.2649000000197,-5772.5127500000235,-2868.247850000003
2026-02-06T10:04:57.000000,2797.04190000002,-5772.5127500000235,-2975.4708500000024
2026-02-06T10:05:42.000000,2734.8296500000206,-5772.5127500000235,-3037.683100000002
2026-02-06T10:05:47.000000,2672.613400000021,-5772.5127500000235,-3099.8993500000015
2026-02-06T10:06:02.000000,2575.4199000000212,-5772.5127500000235,-3197.0928500000014
2026-02-06T10:08:17.000000,2523.93330000002,-5772.5127500000235,-3248.5794500000025
2026-02-06T10:09:52.000000,2505.4340500000203,-5772.5127500000235,-3267.0787000000023
2026-02-06T10:10:12.000000,2505.4340500000203,-5755.248350000024,-3249.8143000000027
2026-02-06T10:13:22.000000,2469.690650000021,-5755.248350000024,-3285.557700000002
2026-02-06T10:13:57.000000,2433.9584500000215,-5755.248350000024,-3321.2899000000016
2026-02-06T10:15:27.000000,2433.9584500000215,-5772.6818500000245,-3338.723400000001
2026-02-06T10:18:12.000000,2433.9584500000215,-5899.0301000000245,-3465.0716500000012
2026-02-06T10:19:42.000000,2433.9584500000215,-5766.513100000025,-3332.554650000002
2026-02-06T10:19:47.000000,2433.9584500000215,-5654.999250000024,-3221.040800000002
2026-02-06T10:19:52.000000,2433.9584500000215,-5536.489950000025,-3102.5315000000023
2026-02-06T10:19:57.000000,2433.9584500000215,-5389.993250000026,-2956.034800000003
2026-02-06T10:20:02.000000,2433.9584500000215,-5243.496550000027,-2809.538100000004
2026-02-06T10:20:17.000000,2433.9584500000215,-5068.995650000027,-2635.037200000004
2026-02-06T10:20:22.000000,2504.496550000022,-5068.995650000027,-2564.499100000003
2026-02-06T10:20:42.000000,2504.496550000022,-5171.271650000027,-2666.7751000000035
2026-02-06T10:20:52.000000,2504.496550000022,-5275.196450000028,-2770.699900000004
2026-02-06T10:21:52.000000,2504.496550000022,-5367.116250000027,-2862.619700000004
2026-02-06T10:23:17.000000,2504.496550000022,-5454.936250000027,-2950.4397000000035
2026-02-06T10:23:32.000000,2504.496550000022,-5539.6566000000275,-3035.160050000004
2026-02-06T10:23:37.000000,2504.496550000022,-5463.0864000000265,-2958.5898500000035
2026-02-06T10:23:47.000000,2504.496550000022,-5536.822700000027,-3032.326150000004
2026-02-06T10:23:47.000000,2504.496550000022,-5467.253550000026,-2962.7570000000032
2026-02-06T10:23:52.000000,2504.496550000022,-5397.678800000025,-2893.1822500000026
2026-02-06T10:23:52.000000,2504.496550000022,-5496.409250000025,-2991.912700000003
2026-02-06T10:24:02.000000,2504.496550000022,-5447.826450000025,-2943.329900000003
2026-02-06T10:24:07.000000,2504.496550000022,-5420.2356000000245,-2915.7390500000024
2026-02-06T10:24:17.000000,2504.496550000022,-5413.636700000025,-2909.140150000003
2026-02-06T10:24:27.000000,2504.496550000022,-5421.028700000024,-2916.5321500000027
2026-02-06T10:24:37.000000,2504.496550000022,-5461.777650000024,-2957.281100000002
2026-02-06T10:24:37.000000,2504.496550000022,-5533.6080500000235,-3029.111500000002
2026-02-06T10:24:43.000000,2504.496550000022,-5569.474650000023,-3064.978100000001
2026-02-06T10:24:47.000000,2504.496550000022,-5610.2148000000225,-3105.7182500000004
2026-02-06T10:24:52.000000,2504.496550000022,-5682.045200000022,-3177.5486500000006
2026-02-06T10:24:59.000000,2504.496550000022,-5721.549350000022,-3217.0528000000004
2026-02-06T10:25:32.000000,2504.496550000022,-5751.296650000021,-3246.8001
2026-02-06T10:25:52.000000,2504.496550000022,-5807.1502500000215,-3302.6537000000003
2026-02-06T10:26:27.000000,2504.496550000022,-5863.003850000022,-3358.5073000000007
2026-02-06T10:26:42.000000,2504.496550000022,-5884.969150000022,-3380.4726000000005
2026-02-06T10:27:37.000000,2504.496550000022,-5970.780850000023,-3466.284300000001
2026-02-06T10:27:42.000000,2504.496550000022,-6043.590600000022,-3539.094050000001
2026-02-06T10:27:47.000000,2504.496550000022,-6073.3555000000215,-3568.8589500000007
2026-02-06T10:27:57.000000,2504.496550000022,-6114.122050000021,-3609.6255
2026-02-06T10:27:57.000000,2504.496550000022,-6145.2248500000205,-3640.7282999999998
2026-02-06T10:28:07.000000,2504.496550000022,-6248.13205000002,-3743.6355
2026-02-06T10:28:09.000000,2504.496550000022,-6270.75430000002,-3766.2577499999998
2026-02-06T10:28:32.000000,2504.496550000022,-6306.25610000002,-3801.7595499999998
2026-02-06T10:28:37.000000,2504.496550000022,-6324.702550000019,-3820.2059999999997
2026-02-06T10:29:07.000000,2504.496550000022,-6354.141850000021,-3849.645300000001
2026-02-06T10:29:12.000000,2504.496550000022,-6415.081150000022,-3910.584600000002
2026-02-06T10:29:32.000000,2504.496550000022,-6444.520450000024,-3940.0239000000033
2026-02-06T10:29:32.000000,2504.496550000022,-6484.128450000023,-3979.6319000000026
2026-02-06T10:29:37.000000,2504.496550000022,-6455.719050000022,-3951.2225000000017
2026-02-06T10:30:22.000000,2504.496550000022,-6473.216550000022,-3968.7200000000016
2026-02-06T10:30:37.000000,2504.496550000022,-6500.707550000023,-3996.211000000003
2026-02-06T10:30:42.000000,2504.496550000022,-6549.649850000022,-4045.153300000002
2026-02-06T10:30:47.000000,2504.496550000022,-6602.252600000022,-4097.756050000003
2026-02-06T10:31:07.000000,2504.496550000022,-6623.685900000022,-4119.189350000003
2026-02-06T10:31:17.000000,2504.496550000022,-6652.120250000023,-4147.623700000004
2026-02-06T10:31:32.000000,2504.496550000022,-6659.736250000023,-4155.239700000004
2026-02-06T10:32:02.000000,2504.496550000022,-6630.686050000022,-4126.189500000003
2026-02-06T10:32:07.000000,2504.496550000022,-6637.622050000022,-4133.125500000003
2026-02-06T10:32:27.000000,2504.496550000022,-6690.500800000021,-4186.004250000002
2026-02-06T10:32:42.000000,2504.496550000022,-6667.176300000021,-4162.679750000002
2026-02-06T10:32:42.000000,2504.496550000022,-6722.51150000002,-4218.014950000001
2026-02-06T10:32:47.000000,2504.496550000022,-6699.191000000019,-4194.69445
2026-02-06T10:33:37.000000,2504.496550000022,-6726.826000000018,-4222.329449999999
2026-02-06T10:33:42.000000,2504.496550000022,-6758.52880000002,-4254.032250000001
2026-02-06T10:34:12.000000,2504.496550000022,-6723.49690000002,-4219.000350000001
2026-02-06T10:34:17.000000,2504.496550000022,-6761.3734000000195,-4256.876850000001
2026-02-06T10:34:37.000000,2504.496550000022,-6768.9894000000195,-4264.4928500000005
2026-02-06T10:34:57.000000,2504.496550000022,-6812.684400000021,-4308.187850000002
2026-02-06T10:35:12.000000,2504.496550000022,-6769.396900000021,-4264.900350000002
2026-02-06T10:36:02.000000,2504.496550000022,-7182.889000000021,-4678.392450000002
2026-02-06T10:37:07.000000,2504.496550000022,-7442.414000000021,-4937.917450000002
2026-02-06T10:37:07.000000,2504.496550000022,-7426.18960000002,-4921.693050000001
2026-02-06T10:37:12.000000,2504.496550000022,-7657.71600000002,-5153.2194500000005
2026-02-06T10:37:27.000000,2504.496550000022,-7819.237500000019,-5314.740949999999
2026-02-06T10:37:37.000000,2504.496550000022,-7938.763900000019,-5434.267349999999
2026-02-06T10:37:42.000000,2504.496550000022,-7926.056900000018,-5421.560349999998
2026-02-06T10:37:42.000000,2504.496550000022,-8017.5847000000185,-5513.088149999999
2026-02-06T10:37:47.000000,2504.496550000022,-8014.871200000019,-5510.374649999999
2026-02-06T10:37:47.000000,2504.496550000022,-8092.402500000019,-5587.905949999999
2026-02-06T10:37:52.000000,2504.496550000022,-8155.931700000019,-5651.435149999999
2026-02-06T10:37:57.000000,2504.496550000022,-8205.464400000019,-5700.96785
2026-02-06T10:38:02.000000,2504.496550000022,-8247.99605000002,-5743.499500000001
2026-02-06T10:38:07.000000,2504.496550000022,-8283.52665000002,-5779.030100000002
2026-02-06T10:38:12.000000,2504.496550000022,-8305.060750000019,-5800.564200000002
2026-02-06T10:38:17.000000,2504.496550000022,-8319.593800000019,-5815.097250000002
2026-02-06T10:38:22.000000,2504.496550000022,-8348.134550000019,-5843.638000000001
2026-02-06T10:38:27.000000,2504.496550000022,-8383.676350000018,-5879.1798
2026-02-06T10:38:37.000000,2504.496550000022,-8482.233200000017,-5977.736649999999
2026-02-06T10:38:42.000000,2504.496550000022,-8594.797750000018,-6090.301199999999
2026-02-06T10:39:07.000000,2504.496550000022,-8595.367900000017,-6090.871349999999
2026-02-06T10:39:32.000000,2504.496550000022,-8756.973400000017,-6252.476849999999
2026-02-06T10:39:52.000000,2504.496550000022,-8743.541450000017,-6239.0449
2026-02-06T10:40:27.000000,2504.496550000022,-8712.231600000017,-6207.735049999999
2026-02-06T10:42:32.000000,2504.496550000022,-8736.016400000017,-6231.519849999999
2026-02-06T10:42:42.000000,2504.496550000022,-8759.801200000016,-6255.304649999998
2026-02-06T10:42:57.000000,2504.496550000022,-8767.505200000016,-6263.008649999998
2026-02-06T10:44:32.000000,2504.496550000022,-8481.166700000016,-5976.670149999998
2026-02-06T10:44:37.000000,2504.496550000022,-8208.824700000016,-5704.328149999998
2026-02-06T10:44:42.000000,2504.496550000022,-7957.480250000016,-5452.983699999998
2026-02-06T10:45:13.000000,2504.496550000022,-7980.474500000016,-5475.977949999998
2026-02-06T10:47:17.000000,2504.496550000022,-7918.024000000016,-5413.527449999998
2026-02-06T10:48:42.000000,2577.238150000022,-7918.024000000016,-5340.785849999998
2026-02-06T10:50:47.000000,2577.238150000022,-7869.536400000015,-5292.298249999998
2026-02-06T11:00:52.000000,2577.238150000022,-7849.148200000016,-5271.910049999999
2026-02-06T11:01:52.000000,2577.238150000022,-7856.840200000016,-5279.602049999999
2026-02-06T11:02:17.000000,2577.238150000022,-7864.763400000016,-5287.525249999999
2026-02-06T11:02:37.000000,2577.238150000022,-7816.225400000016,-5238.987249999998
2026-02-06T11:02:57.000000,2577.238150000022,-7798.649000000015,-5221.4108499999975
2026-02-06T11:02:57.000000,2577.238150000022,-7739.978300000014,-5162.740149999997
2026-02-06T11:03:27.000000,2577.238150000022,-7635.471100000014,-5058.232949999997
2026-02-06T11:03:32.000000,2577.238150000022,-7523.968450000014,-4946.7302999999965
2026-02-06T11:03:37.000000,2577.238150000022,-7405.470350000014,-4828.232199999997
2026-02-06T11:03:42.000000,2577.238150000022,-7286.972250000014,-4709.734099999997
2026-02-06T11:03:47.000000,2577.238150000022,-7161.478700000015,-4584.240549999998
2026-02-06T11:03:52.000000,2577.238150000022,-7035.985150000016,-4458.7469999999985
2026-02-06T11:03:57.000000,2577.238150000022,-6917.487050000016,-4340.248899999999
2026-02-06T11:04:02.000000,2577.238150000022,-6777.991400000017,-4200.75325
2026-02-06T11:04:17.000000,2577.238150000022,-6638.495750000018,-4061.2576000000004
2026-02-06T11:04:17.000000,2577.238150000022,-6499.000100000019,-3921.761950000001
2026-02-06T11:04:17.000000,2577.238150000022,-6366.49990000002,-3789.2617500000015
2026-02-06T11:04:47.000000,2577.238150000022,-6254.9860500000195,-3677.7479000000017
2026-02-06T11:07:02.000000,2577.238150000022,-6279.929550000019,-3702.691400000001
2026-02-06T11:07:22.000000,2577.238150000022,-6304.877850000019,-3727.6397000000006
2026-02-06T11:11:17.000000,2577.238150000022,-6329.84055000002,-3752.602400000001
2026-02-06T11:11:22.000000,2577.238150000022,-6360.79935000002,-3783.5612000000015
2026-02-06T11:12:47.000000,2577.238150000022,-6308.43035000002,-3731.192200000001
2026-02-06T11:12:52.000000,2577.238150000022,-6256.053350000019,-3678.8152000000005
2026-02-06T11:13:17.000000,2577.238150000022,-6251.011550000019,-3673.7734000000005
2026-02-06T11:14:33.000000,2577.238150000022,-6259.0035500000195,-3681.7654000000007
2026-02-06T11:17:37.000000,2577.238150000022,-6292.89065000002,-3715.652500000001
2026-02-06T11:23:52.000000,2577.238150000022,-6269.87015000002,-3692.6320000000005
2026-02-06T11:24:32.000000,2577.238150000022,-6261.73975000002,-3684.501600000001
2026-02-06T11:25:27.000000,2577.238150000022,-6255.35365000002,-3678.1155000000012
2026-02-06T11:25:57.000000,2577.238150000022,-6196.35655000002,-3619.1184000000017
2026-02-06T11:26:02.000000,2577.238150000022,-6149.346850000021,-3572.1087000000016
2026-02-06T11:26:57.000000,2577.238150000022,-6157.240450000021,-3580.0023000000015
2026-02-06T11:29:52.000000,2577.238150000022,-6204.119100000022,-3626.8809500000016
2026-02-06T13:00:12.000000,2674.873100000021,-6204.119100000022,-3529.2460000000024
2026-02-06T13:00:20.000000,2674.873100000021,-6211.331900000022,-3536.458800000002
2026-02-06T13:00:32.000000,2807.490900000022,-6211.331900000022,-3403.8410000000013
2026-02-06T13:00:32.000000,2933.1076500000217,-6211.331900000022,-3278.2242500000016
2026-02-06T13:00:47.000000,3072.698500000021,-6211.331900000022,-3138.6334000000024
2026-02-06T13:02:37.000000,3072.698500000021,-6198.236900000023,-3125.5384000000026
2026-02-06T13:02:52.000000,3072.698500000021,-6162.229500000023,-3089.5310000000036
2026-02-06T13:03:27.000000,3072.698500000021,-6129.495500000024,-3056.7970000000046
2026-02-06T13:05:38.000000,3072.698500000021,-6147.670100000025,-3074.9716000000053
2026-02-06T13:05:52.000000,3072.698500000021,-6239.634700000024,-3166.9362000000046
2026-02-06T13:06:17.000000,3072.698500000021,-6280.110850000024,-3207.412350000004
2026-02-06T13:06:32.000000,3072.698500000021,-6238.562700000023,-3165.864200000004
2026-02-06T13:06:37.000000,3072.698500000021,-6211.005450000022,-3138.306950000004
2026-02-06T13:06:47.000000,3072.698500000021,-6169.451700000022,-3096.7532000000037
2026-02-06T13:06:52.000000,3072.698500000021,-6141.894450000022,-3069.1959500000034
2026-02-06T13:06:57.000000,3072.698500000021,-6114.337200000021,-3041.638700000003
2026-02-06T13:08:02.000000,3072.698500000021,-6174.280200000021,-3101.5817000000034
2026-02-06T13:08:12.000000,3072.698500000021,-6197.655400000022,-3124.956900000004
2026-02-06T13:08:32.000000,3072.698500000021,-6205.323400000022,-3132.6249000000043
2026-02-06T13:09:02.000000,3072.698500000021,-6176.364400000023,-3103.665900000005
2026-02-06T13:09:27.000000,3072.698500000021,-6199.034650000023,-3126.3361500000046
2026-02-06T13:09:32.000000,3072.698500000021,-6206.491450000023,-3133.7929500000046
2026-02-06T13:09:37.000000,3072.698500000021,-6159.544150000023,-3086.8456500000048
2026-02-06T13:10:17.000000,3072.698500000021,-6058.593550000023,-2985.895050000005
2026-02-06T13:10:22.000000,3072.698500000021,-5975.631250000024,-2902.932750000006
2026-02-06T13:10:32.000000,3072.698500000021,-5880.676750000024,-2807.978250000006
2026-02-06T13:10:32.000000,3072.698500000021,-5779.726150000024,-2707.0276500000064
2026-02-06T13:10:37.000000,3072.698500000021,-5696.778250000024,-2624.0797500000062
2026-02-06T13:10:47.000000,3072.698500000021,-5619.8216500000235,-2547.123150000006
2026-02-06T13:10:47.000000,3072.698500000021,-5548.861150000024,-2476.1626500000066
2026-02-06T13:10:52.000000,3072.698500000021,-5477.905450000024,-2405.206950000006
2026-02-06T13:11:02.000000,3072.698500000021,-5498.343400000023,-2425.6449000000057
2026-02-06T13:11:02.000000,3072.698500000021,-5451.381700000024,-2378.683200000006
2026-02-06T13:11:52.000000,3072.698500000021,-5429.117200000022,-2356.418700000005
2026-02-06T13:11:57.000000,3072.698500000021,-5452.761200000024,-2380.0627000000063
2026-02-06T13:12:22.000000,3072.698500000021,-5523.179450000023,-2450.480950000006
2026-02-06T13:12:57.000000,3072.698500000021,-5544.601550000023,-2471.903050000006
2026-02-06T13:14:17.000000,3072.698500000021,-5513.322900000024,-2440.6244000000065
2026-02-06T13:14:17.000000,3072.698500000021,-5471.763550000023,-2399.0650500000065
2026-02-06T13:14:22.000000,3072.698500000021,-5430.204200000023,-2357.5057000000065
2026-02-06T13:14:27.000000,3072.698500000021,-5381.643800000023,-2308.9453000000067
2026-02-06T13:15:12.000000,3072.698500000021,-5291.099500000023,-2218.4010000000076
2026-02-06T13:15:12.000000,3072.698500000021,-5266.966700000023,-2194.268200000007
2026-02-06T13:15:27.000000,3072.698500000021,-5162.431500000024,-2089.733000000008
2026-02-06T13:15:32.000000,3072.698500000021,-5050.900850000025,-1978.202350000008
2026-02-06T13:15:37.000000,3072.698500000021,-4932.3747500000245,-1859.6762500000082
2026-02-06T13:15:47.000000,3072.698500000021,-4953.363900000026,-1880.665400000009
2026-02-06T13:16:02.000000,3072.698500000021,-4848.828700000027,-1776.13020000001
2026-02-06T13:16:07.000000,3072.698500000021,-4744.293500000029,-1671.5950000000112
2026-02-06T13:16:12.000000,3072.698500000021,-4646.75935000003,-1574.0608500000121
2026-02-06T13:16:17.000000,3072.698500000021,-4549.225200000032,-1476.526700000013
2026-02-06T13:16:22.000000,3072.698500000021,-4444.690000000033,-1371.9915000000142
2026-02-06T13:16:27.000000,3072.698500000021,-4340.154800000035,-1267.4563000000153
2026-02-06T13:16:32.000000,3072.698500000021,-4235.619600000036,-1162.9211000000164
2026-02-06T13:16:37.000000,3072.698500000021,-4138.085450000038,-1065.3869500000174
2026-02-06T13:16:37.000000,3072.698500000021,-4133.475650000038,-1060.7771500000176
2026-02-06T13:16:42.000000,3072.698500000021,-4042.9369500000385,-970.2384500000185
2026-02-06T13:16:47.000000,3072.698500000021,-4026.325350000038,-953.626850000018
2026-02-06T13:16:52.000000,3072.698500000021,-3963.7628500000383,-891.0643500000182
2026-02-06T13:16:57.000000,3072.698500000021,-3901.2003500000387,-828.5018500000184
2026-02-06T13:17:07.000000,3072.698500000021,-3817.6515000000395,-744.9530000000191
2026-02-06T13:17:22.000000,3072.698500000021,-3853.6413000000402,-780.9428000000197
2026-02-06T13:18:17.000000,3072.698500000021,-3852.523950000039,-779.8254500000183
2026-02-06T13:20:17.000000,3072.698500000021,-3811.9087500000387,-739.2102500000183
2026-02-06T13:20:52.000000,3072.698500000021,-3793.8920500000395,-721.1935500000188
2026-02-06T13:20:57.000000,3072.698500000021,-3762.883800000039,-690.1853000000185
2026-02-06T13:22:02.000000,3072.698500000021,-3744.85670000004,-672.1582000000191
2026-02-06T13:22:32.000000,3072.698500000021,-3738.8514000000387,-666.1529000000181
2026-02-06T13:23:22.000000,3072.698500000021,-3838.110000000039,-765.4115000000183
2026-02-06T13:25:02.000000,3072.698500000021,-3859.0679500000383,-786.3694500000181
2026-02-06T13:26:52.000000,3072.698500000021,-3944.713250000039,-872.0147500000188
2026-02-06T13:31:02.000000,3072.698500000021,-3980.4230500000394,-907.7245500000195
2026-02-06T13:33:32.000000,3072.698500000021,-3988.0502500000393,-915.3517500000195
2026-02-06T13:33:42.000000,3072.698500000021,-3996.0230500000393,-923.3245500000195
2026-02-06T13:34:47.000000,3072.698500000021,-4036.0022500000387,-963.3037500000188
2026-02-06T13:35:57.000000,3072.698500000021,-4071.723250000038,-999.0247500000182
2026-02-06T13:36:37.000000,3072.698500000021,-4090.257700000038,-1017.559200000018
2026-02-06T13:37:17.000000,3072.698500000021,-4119.82900000004,-1047.1305000000195
2026-02-06T13:39:17.000000,3072.698500000021,-4127.50900000004,-1054.8105000000196
2026-02-06T13:40:57.000000,3072.698500000021,-4135.34100000004,-1062.6425000000197
2026-02-06T13:41:12.000000,3072.698500000021,-4132.171350000041,-1059.47285000002
2026-02-06T13:43:17.000000,3072.698500000021,-4168.149950000041,-1095.4514500000205
2026-02-06T13:43:47.000000,3072.698500000021,-4190.808200000042,-1118.1097000000216
2026-02-06T13:43:52.000000,3072.698500000021,-4131.705500000043,-1059.007000000022
2026-02-06T13:44:22.000000,3072.698500000021,-4153.693200000043,-1080.994700000023
2026-02-06T13:45:17.000000,3072.698500000021,-4172.271650000045,-1099.5731500000247
2026-02-06T13:52:53.000000,3072.698500000021,-4197.493550000045,-1124.7950500000243
2026-02-06T14:01:13.000000,3072.698500000021,-4322.300700000044,-1249.6022000000241
2026-02-06T14:05:53.000000,3072.698500000021,-4330.173500000044,-1257.4750000000242
2026-02-06T14:08:53.000000,3072.698500000021,-4351.0586500000445,-1278.3601500000239
2026-02-06T14:09:42.000000,3072.698500000021,-4358.521050000045,-1285.8225500000237
2026-02-06T14:10:32.000000,3072.698500000021,-4366.484250000045,-1293.7857500000237
2026-02-06T14:15:32.000000,3072.698500000021,-4321.943650000047,-1249.2451500000248
2026-02-06T14:17:22.000000,3072.698500000021,-4329.899650000047,-1257.2011500000247
2026-02-06T14:21:37.000000,3079.2806000000205,-4329.899650000047,-1250.619050000025
2026-02-06T14:21:42.000000,3085.86830000002,-4329.899650000047,-1244.0313500000252
2026-02-06T14:27:02.000000,3085.86830000002,-4321.487650000047,-1235.6193500000256
2026-02-06T14:32:57.000000,3106.5477000000196,-4321.487650000047,-1214.9399500000263
2026-02-06T14:33:02.000000,3127.232700000019,-4321.487650000047,-1194.2549500000268
2026-02-06T14:33:12.000000,3133.915600000019,-4321.487650000047,-1187.572050000027
2026-02-06T14:33:27.000000,3112.605500000019,-4321.487650000047,-1208.8821500000267
2026-02-06T14:33:47.000000,3064.020800000019,-4321.487650000047,-1257.4668500000269
2026-02-06T14:36:22.000000,3064.020800000019,-4343.452950000047,-1279.4321500000265
2026-02-06T14:37:52.000000,3064.020800000019,-4351.060950000047,-1287.0401500000264
2026-02-06T14:39:57.000000,3064.020800000019,-4390.604950000048,-1326.5841500000272
2026-02-06T14:43:07.000000,3077.7887500000184,-4390.604950000048,-1312.8162000000277
2026-02-06T14:43:12.000000,3077.554600000018,-4390.604950000048,-1313.050350000028
2026-02-06T14:43:27.000000,3077.554600000018,-4368.112450000047,-1290.5578500000267
2026-02-06T14:59:55.000000,3077.554600000018,-4414.897500000046,-1337.342900000026
2026-02-06T14:59:55.000000,3077.554600000018,-4448.691000000046,-1371.1364000000256
2026-02-09T09:50:47.000000,3150.134600000018,-4448.691000000046,-1298.5564000000254
2026-02-09T09:51:27.000000,3322.6656000000194,-4448.691000000046,-1126.0254000000239
2026-02-09T09:55:32.000000,3322.6656000000194,-4276.190400000047,-953.5248000000245
2026-02-09T10:06:12.000000,3302.18605000002,-4276.190400000047,-974.0043500000241
2026-02-09T10:08:12.000000,3281.7065000000202,-4276.190400000047,-994.4839000000238
2026-02-09T10:12:17.000000,3281.7065000000202,-4267.996000000046,-986.2895000000227
2026-02-09T10:12:32.000000,3281.7065000000202,-4305.7765000000445,-1024.070000000022
2026-02-09T10:13:17.000000,3261.2269500000207,-4305.7765000000445,-1044.5495500000218
2026-02-09T10:14:12.000000,3289.638750000021,-4305.7765000000445,-1016.1377500000215
2026-02-09T10:14:22.000000,3289.638750000021,-4328.554750000044,-1038.916000000021
2026-02-09T10:16:22.000000,3289.638750000021,-4316.031750000045,-1026.3930000000214
2026-02-09T10:16:32.000000,3289.638750000021,-4336.532100000044,-1046.8933500000212
2026-02-09T10:20:32.000000,3289.638750000021,-4305.461450000045,-1015.822700000022
2026-02-09T10:20:47.000000,3289.638750000021,-4274.3908000000465,-984.7520500000228
2026-02-09T10:21:57.000000,3289.638750000021,-4281.899600000046,-992.2608500000227
2026-02-09T10:23:57.000000,3289.638750000021,-4318.888100000046,-1029.249350000022
2026-02-09T10:26:02.000000,3289.638750000021,-4365.381950000046,-1075.7432000000224
2026-02-09T10:27:37.000000,3289.638750000021,-4392.712950000046,-1103.074200000022
2026-02-09T10:29:57.000000,3289.638750000021,-4387.4798000000455,-1097.8410500000223
2026-02-09T10:30:22.000000,3289.638750000021,-4381.222500000046,-1091.5837500000225
2026-02-09T10:30:32.000000,3289.638750000021,-4409.959250000045,-1120.320500000022
2026-02-09T10:30:42.000000,3289.638750000021,-4452.692500000045,-1163.0537500000214
2026-02-09T10:32:27.000000,3289.638750000021,-4460.360500000044,-1170.7217500000213
2026-02-09T10:32:52.000000,3289.638750000021,-4467.688500000045,-1178.0497500000213
2026-02-09T10:32:57.000000,3289.638750000021,-4342.5029500000455,-1052.8642000000216
2026-02-09T10:33:07.000000,3289.638750000021,-4238.309350000045,-948.6706000000215
2026-02-09T10:33:12.000000,3289.638750000021,-4183.083900000045,-893.4451500000216
2026-02-09T10:33:17.000000,3289.638750000021,-4092.881200000045,-803.2424500000212
2026-02-09T10:33:19.000000,3289.638750000021,-4116.806800000045,-827.1680500000209
2026-02-09T10:33:22.000000,3289.638750000021,-4154.307300000044,-864.6685500000203
2026-02-09T10:33:27.000000,3289.638750000021,-4162.038500000044,-872.3997500000203
2026-02-09T10:33:32.000000,3289.638750000021,-4064.845950000044,-775.2072000000201
2026-02-09T10:33:32.000000,3289.638750000021,-3967.653400000044,-678.0146500000199
2026-02-09T10:33:57.000000,3289.638750000021,-3919.4346000000437,-629.7958500000198
2026-02-09T10:34:22.000000,3302.9307000000204,-3919.4346000000437,-616.5039000000202
2026-02-09T10:34:42.000000,3321.138450000021,-3919.4346000000437,-598.2961500000198
2026-02-09T10:35:32.000000,3321.138450000021,-3896.9341000000427,-575.7956500000187
2026-02-09T10:35:37.000000,3321.138450000021,-3904.665300000043,-583.5268500000186
2026-02-09T10:36:17.000000,3299.15075000002,-3904.665300000043,-605.5145500000195
2026-02-09T10:36:37.000000,3299.15075000002,-3840.296100000043,-541.14535000002
2026-02-09T10:38:42.000000,3299.15075000002,-3883.8855000000435,-584.7347500000203
2026-02-09T10:39:27.000000,3299.15075000002,-3906.711750000043,-607.56100000002
2026-02-09T10:42:22.000000,3252.4047500000206,-3906.711750000043,-654.3070000000192
2026-02-09T10:42:27.000000,3210.6595000000207,-3906.711750000043,-696.0522500000194
2026-02-09T10:42:42.000000,3210.6595000000207,-3953.2264000000437,-742.5669000000197
2026-02-09T10:42:57.000000,3210.6595000000207,-4008.827200000044,-798.1677000000197
2026-02-09T10:43:07.000000,3210.6595000000207,-4064.428000000044,-853.7685000000198
2026-02-09T10:45:32.000000,3210.6595000000207,-4060.039000000043,-849.379500000019
2026-02-09T10:45:37.000000,3210.6595000000207,-4078.9606500000427,-868.3011500000188
2026-02-09T10:46:17.000000,3210.6595000000207,-4112.452550000042,-901.7930500000182
2026-02-09T10:48:02.000000,3218.913750000021,-4112.452550000042,-893.5388000000177
2026-02-09T10:48:27.000000,3232.1607500000205,-4112.452550000042,-880.291800000018
2026-02-09T10:48:32.000000,3245.40775000002,-4112.452550000042,-867.0448000000184
2026-02-09T10:51:27.000000,3245.40775000002,-4133.171300000042,-887.7635500000182
2026-02-09T10:51:32.000000,3245.40775000002,-4130.769800000042,-885.3620500000184
2026-02-09T10:51:42.000000,3245.40775000002,-4138.369800000042,-892.9620500000184
2026-02-09T10:51:47.000000,3245.40775000002,-4155.963300000042,-910.5555500000182
2026-02-09T10:51:47.000000,3245.40775000002,-4137.457800000043,-892.0500500000188
2026-02-09T10:55:37.000000,3245.40775000002,-4131.985450000043,-886.577700000019
2026-02-09T10:55:57.000000,3245.40775000002,-4139.716650000043,-894.308900000019
2026-02-09T10:57:07.000000,3245.40775000002,-4135.327650000042,-889.9199000000182
2026-02-09T10:59:42.000000,3245.40775000002,-4214.9416500000425,-969.5339000000188
2026-02-09T11:03:17.000000,3245.40775000002,-4306.576650000042,-1061.168900000018
2026-02-09T11:03:47.000000,3245.40775000002,-4297.972650000042,-1052.5649000000185
2026-02-09T11:04:52.000000,3245.40775000002,-4315.862150000044,-1070.45440000002
2026-02-09T11:05:22.000000,3245.40775000002,-4323.391750000043,-1077.9840000000202
2026-02-09T11:07:12.000000,3245.40775000002,-4317.9298000000435,-1072.5220500000205
2026-02-09T11:07:17.000000,3245.40775000002,-4237.417400000043,-992.0096500000195
2026-02-09T11:07:57.000000,3245.40775000002,-4273.205600000042,-1027.797850000019
2026-02-09T11:08:22.000000,3245.40775000002,-4316.8910000000415,-1071.4832500000182
2026-02-09T11:09:37.000000,3245.40775000002,-4324.5902000000415,-1079.1824500000182
2026-02-09T11:09:42.000000,3245.40775000002,-4360.3784000000405,-1114.9706500000177
2026-02-09T11:13:22.000000,3245.40775000002,-4368.095200000041,-1122.6874500000176
2026-02-09T11:14:02.000000,3245.40775000002,-4365.9737000000405,-1120.565950000018
2026-02-09T11:15:47.000000,3245.40775000002,-4366.09280000004,-1120.685050000018
2026-02-09T11:18:47.000000,3245.40775000002,-4373.591200000041,-1128.183450000018
2026-02-09T11:18:57.000000,3245.40775000002,-4381.089600000041,-1135.681850000018
2026-02-09T11:19:37.000000,3245.40775000002,-4388.588000000042,-1143.1802500000178
2026-02-09T11:26:12.000000,3245.40775000002,-4396.028000000041,-1150.620250000018
2026-02-09T11:26:12.000000,3245.40775000002,-4373.559500000042,-1128.1517500000186
2026-02-09T11:27:02.000000,3245.40775000002,-4381.047500000042,-1135.6397500000187
2026-02-09T11:28:22.000000,3245.40775000002,-4375.595950000043,-1130.188200000019
2026-02-09T11:29:12.000000,3245.40775000002,-4395.296950000043,-1149.8892000000187
2026-02-09T11:29:57.000000,3245.40775000002,-4402.784950000043,-1157.3772000000188
2026-02-09T13:00:47.000000,3245.40775000002,-4410.484150000043,-1165.0764000000188
2026-02-09T13:02:27.000000,3245.40775000002,-4398.385150000042,-1152.9774000000175
2026-02-09T13:03:32.000000,3245.40775000002,-4392.189450000043,-1146.7817000000177
2026-02-09T13:04:52.000000,3245.40775000002,-4451.716450000043,-1206.3087000000178
2026-02-09T13:04:57.000000,3245.40775000002,-4498.562450000042,-1253.1547000000169
2026-02-09T13:06:07.000000,3245.40775000002,-4583.430800000042,-1338.0230500000164
2026-02-09T13:06:22.000000,3245.40775000002,-4571.115800000042,-1325.7080500000168
2026-02-09T13:08:02.000000,3245.40775000002,-4589.021300000042,-1343.6135500000166
2026-02-09T13:08:27.000000,3245.40775000002,-4609.490450000043,-1364.0827000000174
2026-02-09T13:09:02.000000,3245.40775000002,-4667.065950000042,-1421.6582000000164
2026-02-09T13:09:22.000000,3245.40775000002,-4597.967200000041,-1352.5594500000157
2026-02-09T13:09:32.000000,3245.40775000002,-4528.86845000004,-1283.4607000000149
2026-02-09T13:10:12.000000,3245.40775000002,-4526.558300000041,-1281.1505500000155
2026-02-09T13:10:37.000000,3245.40775000002,-4485.44135000004,-1240.0336000000152
2026-02-09T13:10:42.000000,3245.40775000002,-4493.21415000004,-1247.8064000000152
2026-02-09T13:11:32.000000,3245.40775000002,-4487.689800000039,-1242.2820500000144
2026-02-09T13:11:47.000000,3245.40775000002,-4467.592800000039,-1222.1850500000137
2026-02-09T13:12:02.000000,3245.40775000002,-4462.068450000038,-1216.6607000000129
2026-02-09T13:13:07.000000,3245.40775000002,-4508.645500000039,-1263.2377500000132
2026-02-09T13:13:12.000000,3245.40775000002,-4566.33300000004,-1320.9252500000139
2026-02-09T13:13:22.000000,3245.40775000002,-4594.032000000039,-1348.6242500000135
2026-02-09T13:13:32.000000,3245.40775000002,-4621.731000000039,-1376.323250000013
2026-02-09T13:13:42.000000,3245.40775000002,-4629.427000000039,-1384.019250000013
2026-02-09T13:14:02.000000,3245.40775000002,-4647.11650000004,-1401.7087500000146
2026-02-09T13:14:07.000000,3245.40775000002,-4664.806000000041,-1419.398250000016
2026-02-09T13:14:17.000000,3245.40775000002,-4682.495500000043,-1437.0877500000176
2026-02-09T13:14:27.000000,3245.40775000002,-4710.186500000044,-1464.778750000019
2026-02-09T13:14:32.000000,3245.40775000002,-4747.871000000046,-1502.4632500000203
2026-02-09T13:14:37.000000,3245.40775000002,-4785.555500000047,-1540.1477500000215
2026-02-09T13:15:17.000000,3245.40775000002,-4832.101350000047,-1586.693600000022
2026-02-09T13:17:02.000000,3245.40775000002,-4839.797350000047,-1594.3896000000218
2026-02-09T13:17:17.000000,3245.40775000002,-4821.395850000046,-1575.9881000000212
2026-02-09T13:17:27.000000,3245.40775000002,-4802.994350000045,-1557.5866000000206
2026-02-09T13:17:32.000000,3245.40775000002,-4790.703350000046,-1545.295600000021
2026-02-09T13:18:07.000000,3245.40775000002,-4778.412350000047,-1533.0046000000216
2026-02-09T13:18:12.000000,3245.40775000002,-4785.973150000047,-1540.5654000000216
2026-02-09T13:18:17.000000,3245.40775000002,-4773.682150000048,-1528.274400000022
2026-02-09T13:19:17.000000,3245.40775000002,-4829.023750000047,-1583.6160000000211
2026-02-09T13:19:37.000000,3245.40775000002,-4810.6118500000475,-1565.2041000000218
2026-02-09T13:19:42.000000,3245.40775000002,-4837.963000000048,-1592.555250000022
2026-02-09T13:20:02.000000,3245.40775000002,-4742.830900000048,-1497.423150000022
2026-02-09T13:20:32.000000,3245.40775000002,-4710.5289000000475,-1465.121150000021
2026-02-09T13:21:12.000000,3245.40775000002,-4718.424900000047,-1473.017150000021
2026-02-09T13:21:17.000000,3245.40775000002,-4726.320900000047,-1480.913150000021
2026-02-09T13:22:42.000000,3245.40775000002,-4763.957400000047,-1518.5496500000204
2026-02-09T13:25:07.000000,3245.40775000002,-4781.494900000046,-1536.08715000002
2026-02-09T13:27:17.000000,3245.40775000002,-4815.049200000047,-1569.6414500000208
2026-02-09T13:27:42.000000,3245.40775000002,-4822.441200000047,-1577.0334500000208
2026-02-09T13:28:07.000000,3245.40775000002,-4830.130800000046,-1584.7230500000207
2026-02-09T13:28:27.000000,3245.40775000002,-4837.820400000046,-1592.4126500000207
2026-02-09T13:28:42.000000,3245.40775000002,-4834.527550000046,-1589.1198000000209
2026-02-09T13:28:42.000000,3245.40775000002,-4842.088350000046,-1596.6806000000208
2026-02-09T13:28:52.000000,3245.40775000002,-4838.795500000047,-1593.387750000021
2026-02-09T13:29:07.000000,3245.40775000002,-4846.495500000046,-1601.087750000021
2026-02-09T13:29:17.000000,3245.40775000002,-4880.0706000000455,-1634.6628500000204
2026-02-09T13:30:52.000000,3245.40775000002,-4900.6333500000455,-1655.2256000000202
2026-02-09T13:32:57.000000,3245.40775000002,-4908.329350000045,-1662.9216000000201
2026-02-09T13:36:27.000000,3245.40775000002,-4930.294650000045,-1684.8869000000198
2026-02-09T13:38:52.000000,3245.40775000002,-4994.175050000045,-1748.76730000002
2026-02-09T13:40:22.000000,3245.40775000002,-5001.823050000045,-1756.41530000002
2026-02-09T13:42:32.000000,3245.40775000002,-4988.374300000046,-1742.9665500000203
2026-02-09T13:44:52.000000,3245.40775000002,-5005.655800000046,-1760.2480500000202
2026-02-09T13:46:17.000000,3245.40775000002,-5000.256250000045,-1754.8485000000194
2026-02-09T13:49:27.000000,3245.40775000002,-4997.113000000045,-1751.7052500000195
2026-02-09T13:51:02.000000,3245.40775000002,-5019.771250000046,-1774.3635000000206
2026-02-09T13:52:37.000000,3245.40775000002,-5007.704250000046,-1762.296500000021
2026-02-09T14:03:27.000000,3245.40775000002,-5028.246200000046,-1782.8384500000209
2026-02-09T14:05:12.000000,3245.40775000002,-5105.917500000047,-1860.509750000022
2026-02-09T14:08:27.000000,3245.40775000002,-5113.731900000047,-1868.324150000022
2026-02-09T14:09:12.000000,3245.40775000002,-5147.327800000047,-1901.9200500000225
2026-02-09T14:09:12.000000,3245.40775000002,-5164.977300000047,-1919.5695500000222
2026-02-09T14:10:02.000000,3245.40775000002,-5172.782100000047,-1927.3743500000223
2026-02-09T14:10:07.000000,3245.40775000002,-5180.538900000047,-1935.1311500000224
2026-02-09T14:10:42.000000,3245.40775000002,-5228.176900000046,-1982.7691500000217
2026-02-09T14:10:52.000000,3245.40775000002,-5163.951700000048,-1918.5439500000232
2026-02-09T14:10:57.000000,3245.40775000002,-5171.746900000047,-1926.3391500000232
2026-02-09T14:10:57.000000,3245.40775000002,-5107.521700000049,-1862.1139500000247
2026-02-09T14:11:02.000000,3245.40775000002,-5115.316900000049,-1869.9091500000247
2026-02-09T14:11:07.000000,3245.40775000002,-5075.07610000005,-1829.6683500000258
2026-02-09T14:11:32.000000,3245.40775000002,-5046.827500000051,-1801.4197500000266
2026-02-09T14:11:57.000000,3245.40775000002,-4994.584900000053,-1749.177150000028
2026-02-09T14:12:22.000000,3245.40775000002,-4966.336300000054,-1720.9285500000287
2026-02-09T14:12:32.000000,3245.40775000002,-4926.085900000055,-1680.6781500000297
2026-02-09T14:12:42.000000,3245.40775000002,-4885.835500000056,-1640.4277500000308
2026-02-09T14:12:47.000000,3245.40775000002,-4845.585100000057,-1600.1773500000318
2026-02-09T14:13:57.000000,3245.40775000002,-4817.326900000057,-1571.9191500000325
2026-02-09T14:16:27.000000,3245.40775000002,-4824.990900000057,-1579.5831500000324
2026-02-09T14:18:17.000000,3209.653150000019,-4824.990900000057,-1615.337750000033
2026-02-09T14:18:22.000000,3166.9031000000186,-4824.990900000057,-1658.0878000000337
2026-02-09T14:18:27.000000,3117.1520000000182,-4824.990900000057,-1707.838900000034
2026-02-09T14:20:27.000000,3117.1520000000182,-4812.891900000056,-1695.7399000000328
2026-02-09T14:21:52.000000,3109.418400000018,-4812.891900000056,-1703.4735000000328
2026-02-09T14:23:22.000000,3121.7814000000194,-4812.891900000056,-1691.1105000000314
2026-02-09T14:24:17.000000,3144.1379000000206,-4812.891900000056,-1668.7540000000301
2026-02-09T14:24:27.000000,3166.494400000022,-4812.891900000056,-1646.397500000029
2026-02-09T14:25:27.000000,3188.858900000023,-4812.891900000056,-1624.0330000000279
2026-02-09T14:25:37.000000,3211.223400000024,-4812.891900000056,-1601.6685000000268
2026-02-09T14:26:02.000000,3211.223400000024,-4831.804750000056,-1620.5813500000265
2026-02-09T14:26:32.000000,3223.586400000025,-4831.804750000056,-1608.218350000025
2026-02-09T14:26:52.000000,3223.586400000025,-4839.724750000056,-1616.1383500000252
2026-02-09T14:27:12.000000,3223.586400000025,-4847.644750000056,-1624.0583500000253
2026-02-09T14:27:27.000000,3223.586400000025,-4855.564750000056,-1631.9783500000253
2026-02-09T14:27:32.000000,3223.586400000025,-4863.484750000056,-1639.8983500000254
2026-02-09T14:27:37.000000,3223.586400000025,-4871.404750000056,-1647.8183500000255
2026-02-09T14:27:57.000000,3223.586400000025,-4890.317600000056,-1666.7312000000252
2026-02-09T14:28:02.000000,3223.586400000025,-4909.2304500000555,-1685.644050000025
2026-02-09T14:28:12.000000,3223.586400000025,-4928.143300000055,-1704.5569000000246
2026-02-09T14:28:27.000000,3223.586400000025,-4806.059800000056,-1582.4734000000255
2026-02-09T14:28:32.000000,3223.586400000025,-4824.972650000056,-1601.3862500000253
2026-02-09T14:28:52.000000,3223.586400000025,-4820.679650000056,-1597.0932500000256
2026-02-09T14:29:12.000000,3223.586400000025,-4828.1468500000565,-1604.5604500000256
2026-02-09T14:29:32.000000,3223.586400000025,-4835.6140500000565,-1612.0276500000257
2026-02-09T14:29:37.000000,3223.586400000025,-4830.079300000057,-1606.4929000000259
2026-02-09T14:29:52.000000,3223.586400000025,-4837.546500000057,-1613.960100000026
2026-02-09T14:30:17.000000,3223.586400000025,-4805.4205000000575,-1581.8341000000269
2026-02-09T14:30:22.000000,3223.586400000025,-4786.904600000057,-1563.3182000000263
2026-02-09T14:31:17.000000,3223.586400000025,-4794.371800000057,-1570.7854000000264
2026-02-09T14:32:42.000000,3223.586400000025,-4812.967850000057,-1589.3814500000262
2026-02-09T14:33:07.000000,3225.931900000025,-4812.967850000057,-1587.0359500000266
2026-02-09T14:33:17.000000,3228.277400000025,-4812.967850000057,-1584.6904500000269
2026-02-09T14:33:22.000000,3230.622900000025,-4812.967850000057,-1582.3449500000272
2026-02-09T14:34:42.000000,3230.622900000025,-4846.501350000057,-1615.8784500000268
2026-02-09T14:34:48.000000,3230.622900000025,-4854.457350000057,-1623.8344500000267
2026-02-09T14:35:37.000000,3230.622900000025,-4875.051300000058,-1644.4284000000275
2026-02-09T14:35:47.000000,3230.622900000025,-4872.8818000000565,-1642.258900000026
2026-02-09T14:36:12.000000,3230.622900000025,-4896.8202000000565,-1666.1973000000257
2026-02-09T14:36:12.000000,3230.622900000025,-4915.821050000056,-1685.1981500000254
2026-02-09T14:36:32.000000,3230.622900000025,-4936.415000000057,-1705.7921000000263
2026-02-09T14:36:52.000000,3230.622900000025,-4957.008950000059,-1726.3860500000271
2026-02-09T14:37:22.000000,3230.622900000025,-4964.698550000058,-1734.075650000027
2026-02-09T14:38:34.000000,3230.622900000025,-4972.711350000059,-1742.088450000027
2026-02-09T14:38:42.000000,3230.622900000025,-4993.2533000000585,-1762.6304000000268
2026-02-09T14:39:54.000000,3230.622900000025,-5017.255700000058,-1786.6328000000265
2026-02-09T14:41:12.000000,3230.622900000025,-5035.169200000058,-1804.5463000000263
2026-02-09T14:43:47.000000,3230.622900000025,-5052.906700000058,-1822.283800000026
2026-02-09T14:44:02.000000,3245.0068500000248,-5052.906700000058,-1807.899850000026
2026-02-09T14:44:07.000000,3262.391250000025,-5052.906700000058,-1790.5154500000253
2026-02-09T14:44:17.000000,3262.391250000025,-5083.615900000057,-1821.224650000025
2026-02-09T14:44:17.000000,3262.391250000025,-5130.577750000056,-1868.1865000000241
2026-02-09T14:44:32.000000,3262.391250000025,-5137.283350000056,-1874.8921000000241
2026-02-09T14:44:32.000000,3262.391250000025,-5157.825300000056,-1895.434050000024
2026-02-09T14:59:55.000000,3262.391250000025,-5284.179150000055,-2021.787900000024
2026-02-09T14:59:55.000000,3262.391250000025,-5403.5375500000555,-2141.146300000024
2026-02-10T09:51:07.000000,3443.8428000000263,-5403.5375500000555,-1959.694750000023
2026-02-10T09:54:57.000000,3443.8428000000263,-5571.1535500000555,-2127.3107500000233
2026-02-10T10:01:47.000000,3443.8428000000263,-5627.412900000055,-2183.570100000022
2026-02-10T10:05:37.000000,3401.237550000026,-5627.412900000055,-2226.1753500000223
2026-02-10T10:05:52.000000,3401.237550000026,-5648.9078000000545,-2247.670250000022
2026-02-10T10:06:12.000000,3330.690500000026,-5648.9078000000545,-2318.217300000022
2026-02-10T10:14:37.000000,3330.690500000026,-5643.664250000054,-2312.9737500000224
2026-02-10T10:16:57.000000,3191.1539000000257,-5643.664250000054,-2452.5103500000228
2026-02-10T10:18:57.000000,3191.1539000000257,-5635.418650000053,-2444.2647500000216
2026-02-10T10:21:22.000000,3191.1539000000257,-5655.350050000053,-2464.1961500000216
2026-02-10T10:25:17.000000,3191.1539000000257,-5686.3616500000535,-2495.2077500000223
2026-02-10T10:26:17.000000,3191.1539000000257,-5630.548200000054,-2439.394300000022
2026-02-10T10:26:42.000000,3191.1539000000257,-5736.799050000053,-2545.6451500000217
2026-02-10T10:28:37.000000,3191.1539000000257,-5783.376100000054,-2592.222200000022
2026-02-10T10:29:47.000000,3191.1539000000257,-5799.685450000054,-2608.531550000022
2026-02-10T10:29:52.000000,3191.1539000000257,-5867.633650000054,-2676.4797500000227
2026-02-10T10:32:07.000000,3191.1539000000257,-5920.392400000054,-2729.238500000023
2026-02-10T10:33:22.000000,3191.1539000000257,-5976.329200000056,-2785.1753000000244
2026-02-10T10:33:27.000000,3191.1539000000257,-5965.344100000055,-2774.1902000000237
2026-02-10T10:33:32.000000,3151.3347000000263,-5965.344100000055,-2814.009400000023
2026-02-10T10:33:37.000000,3151.3347000000263,-5966.351200000055,-2815.0165000000234
2026-02-10T10:35:17.000000,3091.547700000026,-5966.351200000055,-2874.8035000000236
2026-02-10T10:38:07.000000,3091.547700000026,-5877.359200000054,-2785.8115000000234
2026-02-10T10:38:12.000000,3091.547700000026,-5788.367200000054,-2696.8195000000233
2026-02-10T10:43:02.000000,3091.547700000026,-5687.716600000053,-2596.1689000000224
2026-02-10T10:43:02.000000,3091.547700000026,-5719.640200000053,-2628.092500000022
2026-02-10T10:43:07.000000,3091.547700000026,-5763.556000000051,-2672.0083000000213
2026-02-10T10:43:12.000000,3091.547700000026,-5795.479600000051,-2703.931900000021
2026-02-10T10:46:42.000000,3091.547700000026,-5755.411600000051,-2663.863900000022
2026-02-10T10:47:27.000000,3091.547700000026,-5789.2363000000505,-2697.688600000022
2026-02-10T10:47:57.000000,3091.547700000026,-5812.957100000051,-2721.4094000000214
2026-02-10T10:48:17.000000,3091.547700000026,-5859.773350000051,-2768.2256500000217
2026-02-10T10:49:32.000000,3091.547700000026,-5893.587650000052,-2802.039950000022
2026-02-10T10:52:52.000000,3091.547700000026,-5873.819600000052,-2782.271900000021
2026-02-10T10:53:02.000000,3091.547700000026,-5907.665100000052,-2816.117400000022
2026-02-10T10:53:07.000000,3091.547700000026,-5954.502150000052,-2862.9544500000225
2026-02-10T10:53:27.000000,3091.547700000026,-6001.339200000052,-2909.791500000023
2026-02-10T11:00:17.000000,3091.547700000026,-6045.255000000051,-2953.7073000000223
2026-02-10T11:00:32.000000,3091.547700000026,-6089.17080000005,-2997.6231000000216
2026-02-10T11:01:42.000000,3048.6687000000256,-6089.17080000005,-3040.502100000022
2026-02-10T11:02:02.000000,2999.7936000000254,-6089.17080000005,-3089.377200000022
2026-02-10T11:03:07.000000,2999.7936000000254,-6145.078800000048,-3145.285200000021
2026-02-10T11:04:42.000000,2999.7936000000254,-6177.012000000048,-3177.2184000000207
2026-02-10T11:04:57.000000,2999.7936000000254,-6196.953000000048,-3197.1594000000205
2026-02-10T11:05:07.000000,2999.7936000000254,-6228.886200000047,-3229.09260000002
2026-02-10T11:05:17.000000,2999.7936000000254,-6248.817600000047,-3249.02400000002
2026-02-10T11:05:37.000000,2999.7936000000254,-6268.749000000046,-3268.95540000002
2026-02-10T11:05:42.000000,2999.7936000000254,-6288.680400000046,-3288.88680000002
2026-02-10T11:05:47.000000,2999.7936000000254,-6332.605800000045,-3332.812200000019
2026-02-10T11:06:17.000000,2999.7936000000254,-6352.527600000045,-3352.7340000000186
2026-02-10T11:06:27.000000,2999.7936000000254,-6372.449400000045,-3372.655800000018
2026-02-10T11:06:47.000000,2999.7936000000254,-6428.0598000000455,-3428.266200000018
2026-02-10T11:06:47.000000,2999.7936000000254,-6435.9798000000455,-3436.1862000000183
2026-02-10T11:07:37.000000,3071.978400000025,-6435.9798000000455,-3364.0014000000187
2026-02-10T11:07:42.000000,3053.117400000025,-6435.9798000000455,-3382.8624000000186
2026-02-10T11:07:42.000000,3133.303400000025,-6435.9798000000455,-3302.676400000019
2026-02-10T11:07:47.000000,3205.4946000000245,-6435.9798000000455,-3230.485200000019
2026-02-10T11:08:07.000000,3269.6910000000244,-6435.9798000000455,-3166.2888000000194
2026-02-10T11:08:17.000000,3333.887400000024,-6435.9798000000455,-3102.0924000000196
2026-02-10T11:08:27.000000,3382.0878000000243,-6435.9798000000455,-3053.8920000000194
2026-02-10T11:09:02.000000,3382.0878000000243,-6419.915400000046,-3037.82760000002
2026-02-10T11:09:12.000000,3382.0878000000243,-6403.851000000047,-3021.763200000021
2026-02-10T11:09:17.000000,3382.0878000000243,-6387.085800000046,-3004.99800000002
2026-02-10T11:09:22.000000,3382.0878000000243,-6378.315400000045,-2996.227600000019
2026-02-10T11:09:32.000000,3382.0878000000243,-6386.254600000045,-3004.1668000000186
2026-02-10T11:09:57.000000,3382.0878000000243,-6338.829700000045,-2956.7419000000186
2026-02-10T11:09:57.000000,3382.0878000000243,-6356.399200000044,-2974.3114000000182
2026-02-10T11:10:27.000000,3382.0878000000243,-6400.334200000046,-3018.2464000000195
2026-02-10T11:10:47.000000,3382.0878000000243,-6444.269200000047,-3062.181400000021
2026-02-10T11:13:37.000000,3382.0878000000243,-6480.163800000048,-3098.0760000000214
2026-02-10T11:14:27.000000,3402.1064000000238,-6480.163800000048,-3078.057400000022
2026-02-10T11:14:37.000000,3429.126050000023,-6480.163800000048,-3051.0377500000227
2026-02-10T11:14:52.000000,3449.1446500000225,-6480.163800000048,-3031.0191500000233
2026-02-10T11:15:02.000000,3449.1446500000225,-6543.056850000046,-3093.912200000022
2026-02-10T11:16:07.000000,3449.1446500000225,-6655.7046000000455,-3206.559950000021
2026-02-10T11:17:22.000000,3449.1446500000225,-6691.610400000046,-3242.4657500000217
2026-02-10T11:17:27.000000,3449.1446500000225,-6713.519700000045,-3264.3750500000215
2026-02-10T11:17:32.000000,3449.1446500000225,-6721.438100000045,-3272.2934500000215
2026-02-10T11:17:37.000000,3449.1446500000225,-6722.355450000045,-3273.2108000000217
2026-02-10T11:17:42.000000,3449.1446500000225,-6709.276300000045,-3260.131650000022
2026-02-10T11:17:47.000000,3449.1446500000225,-6689.201700000046,-3240.0570500000226
2026-02-10T11:18:17.000000,3449.1446500000225,-6557.149500000047,-3108.004850000023
2026-02-10T11:18:22.000000,3449.1446500000225,-6439.093800000047,-2989.949150000023
2026-02-10T11:18:42.000000,3449.1446500000225,-6412.001350000047,-2962.8567000000226
2026-02-10T11:19:02.000000,3449.1446500000225,-6363.950550000047,-2914.8059000000226
2026-02-10T11:19:07.000000,3449.1446500000225,-6315.905350000046,-2866.7607000000226
2026-02-10T11:28:32.000000,3449.1446500000225,-6347.896150000046,-2898.751500000022
2026-02-10T11:28:37.000000,3449.1446500000225,-6367.894750000046,-2918.750100000022
2026-02-10T11:29:07.000000,3449.1446500000225,-6395.817750000046,-2946.673100000022
2026-02-10T13:00:07.000000,3449.1446500000225,-6388.711500000046,-2939.566850000022
2026-02-10T13:00:12.000000,3449.1446500000225,-6351.600750000045,-2902.4561000000217
2026-02-10T13:00:27.000000,3449.1446500000225,-6303.966900000044,-2854.822250000021
2026-02-10T13:01:37.000000,3449.1446500000225,-6356.821650000044,-2907.6770000000215
2026-02-10T13:02:17.000000,3449.1446500000225,-6301.797800000045,-2852.6531500000215
2026-02-10T13:02:22.000000,3449.1446500000225,-6239.778500000045,-2790.6338500000215
2026-02-10T13:02:27.000000,3449.1446500000225,-6156.761650000044,-2707.617000000021
2026-02-10T13:02:27.000000,3449.1446500000225,-6174.339150000043,-2725.194500000021
2026-02-10T13:02:32.000000,3449.1446500000225,-6098.323350000042,-2649.1787000000204
2026-02-10T13:02:42.000000,3449.1446500000225,-6008.305450000042,-2559.16080000002
2026-02-10T13:02:52.000000,3449.1446500000225,-5918.287550000041,-2469.14290000002
2026-02-10T13:02:57.000000,3449.1446500000225,-5828.26965000004,-2379.1250000000196
2026-02-10T13:03:07.000000,3449.1446500000225,-5738.2517500000395,-2289.1071000000193
2026-02-10T13:03:22.000000,3449.1446500000225,-5676.22125000004,-2227.0766000000194
2026-02-10T13:03:27.000000,3449.1446500000225,-5731.985250000039,-2282.840600000018
2026-02-10T13:05:22.000000,3449.1446500000225,-5765.612350000039,-2316.467700000019
2026-02-10T13:05:47.000000,3449.1446500000225,-5789.589150000039,-2340.4445000000183
2026-02-10T13:06:12.000000,3449.1446500000225,-5712.4405500000385,-2263.295900000018
2026-02-10T13:10:27.000000,3449.1446500000225,-5690.008050000038,-2240.863400000017
2026-02-10T13:11:07.000000,3449.1446500000225,-5672.686050000038,-2223.5414000000173
2026-02-10T13:12:52.000000,3449.1446500000225,-5760.621250000038,-2311.4766000000172
2026-02-10T13:13:42.000000,3449.1446500000225,-5783.171500000038,-2334.026850000017
2026-02-10T13:14:27.000000,3449.1446500000225,-5805.985750000039,-2356.841100000018
2026-02-10T13:14:37.000000,3449.1446500000225,-5791.312850000039,-2342.1682000000183
2026-02-10T13:14:42.000000,3449.1446500000225,-5811.78200000004,-2362.637350000019
2026-02-10T13:15:02.000000,3450.1540000000223,-5811.78200000004,-2361.6280000000193
2026-02-10T13:16:07.000000,3450.1540000000223,-5783.773400000041,-2333.61940000002
2026-02-10T13:16:17.000000,3450.1540000000223,-5685.925650000041,-2235.7716500000197
2026-02-10T13:16:17.000000,3450.1540000000223,-5723.730150000042,-2273.5761500000203
2026-02-10T13:16:22.000000,3450.1540000000223,-5731.512550000042,-2281.3585500000204
2026-02-10T13:16:27.000000,3450.1540000000223,-5769.317050000043,-2319.163050000021
2026-02-10T13:17:52.000000,3450.1540000000223,-5789.796600000043,-2339.6426000000206
2026-02-10T13:17:57.000000,3450.1540000000223,-5773.780200000044,-2323.626200000021
2026-02-10T13:18:02.000000,3450.1540000000223,-5781.562600000044,-2331.408600000021
2026-02-10T13:18:12.000000,3450.1540000000223,-5812.967800000044,-2362.8138000000217
2026-02-10T13:18:17.000000,3450.1540000000223,-5808.9532000000445,-2358.799200000022
2026-02-10T13:19:42.000000,3450.1540000000223,-5804.362600000045,-2354.2086000000227
2026-02-10T13:25:12.000000,3450.1540000000223,-5828.134600000045,-2377.980600000022
2026-02-10T13:26:52.000000,3450.1540000000223,-5820.8963500000455,-2370.7423500000223
2026-02-10T13:27:07.000000,3450.1540000000223,-5788.522350000045,-2338.3683500000216
2026-02-10T13:27:17.000000,3450.1540000000223,-5706.200850000046,-2256.046850000022
2026-02-10T13:28:52.000000,3450.1540000000223,-5744.005350000045,-2293.8513500000213
2026-02-10T13:32:02.000000,3450.1540000000223,-5767.764550000044,-2317.610550000021
2026-02-10T13:34:47.000000,3450.1540000000223,-5760.502300000045,-2310.348300000021
2026-02-10T13:35:48.000000,3450.1540000000223,-5768.492700000044,-2318.338700000021
2026-02-10T13:40:22.000000,3450.1540000000223,-5743.363750000043,-2293.20975000002
2026-02-10T13:40:27.000000,3450.1540000000223,-5725.326250000044,-2275.1722500000205
2026-02-10T13:49:27.000000,3450.1540000000223,-5747.948500000043,-2297.7945000000204
2026-02-10T13:52:32.000000,3450.1540000000223,-5777.836600000042,-2327.68260000002
2026-02-10T13:52:42.000000,3450.1540000000223,-5801.583000000043,-2351.429000000021
2026-02-10T13:53:32.000000,3474.4724000000215,-5801.583000000043,-2327.110600000022
2026-02-10T13:53:42.000000,3474.4724000000215,-5809.320600000044,-2334.8482000000217
2026-02-10T13:57:37.000000,3474.4724000000215,-5829.810550000044,-2355.3381500000214
2026-02-10T13:58:47.000000,3474.4724000000215,-5859.7074500000435,-2385.235050000021
2026-02-10T13:59:02.000000,3474.4724000000215,-5878.602700000043,-2404.1303000000207
2026-02-10T13:59:32.000000,3474.4724000000215,-5897.497950000043,-2423.0255500000203
2026-02-10T13:59:42.000000,3474.4724000000215,-5916.393200000042,-2441.92080000002
2026-02-10T13:59:47.000000,3474.4724000000215,-5935.288450000042,-2460.8160500000195
2026-02-10T14:01:10.000000,3474.4724000000215,-5957.8267000000415,-2483.354300000019
2026-02-10T14:02:07.000000,3474.4724000000215,-5965.756300000042,-2491.283900000019
2026-02-10T14:02:12.000000,3474.4724000000215,-5973.685900000042,-2499.213500000019
2026-02-10T14:02:37.000000,3474.4724000000215,-5981.615500000043,-2507.143100000019
2026-02-10T14:04:02.000000,3474.4724000000215,-6022.522850000042,-2548.0504500000184
2026-02-10T14:04:37.000000,3474.4724000000215,-6030.266850000042,-2555.7944500000185
2026-02-10T14:04:47.000000,3474.4724000000215,-6008.002350000041,-2533.529950000018
2026-02-10T14:05:02.000000,3474.4724000000215,-5970.747600000041,-2496.2752000000173
2026-02-10T14:05:07.000000,3474.4724000000215,-5948.4831000000395,-2474.0107000000166
2026-02-10T14:05:07.000000,3474.4724000000215,-5941.148850000039,-2466.676450000016
2026-02-10T14:05:27.000000,3474.4724000000215,-5865.093850000038,-2390.621450000015
2026-02-10T14:07:47.000000,3474.4724000000215,-5872.837850000038,-2398.3654500000152
2026-02-10T14:09:38.000000,3474.4724000000215,-5869.835400000038,-2395.3630000000153
2026-02-10T14:09:47.000000,3474.4724000000215,-5907.543900000039,-2433.071500000016
2026-02-10T14:14:37.000000,3474.4724000000215,-5902.539550000038,-2428.067150000015
2026-02-10T14:15:52.000000,3474.4724000000215,-5850.268150000037,-2375.795750000014
2026-02-10T14:16:35.000000,3474.4724000000215,-5881.118950000036,-2406.6465500000136
2026-02-10T14:17:02.000000,3474.4724000000215,-5780.869150000037,-2306.3967500000135
2026-02-10T14:19:02.000000,3474.4724000000215,-5728.578550000036,-2254.106150000013
2026-02-10T14:21:07.000000,3474.4724000000215,-5706.338050000037,-2231.8656500000134
2026-02-10T14:21:12.000000,3474.4724000000215,-5699.087800000037,-2224.615400000014
2026-02-10T14:23:42.000000,3474.4724000000215,-5766.824800000037,-2292.352400000014
2026-02-10T14:28:07.000000,3474.4724000000215,-5774.543200000036,-2300.070800000014
2026-02-10T14:28:22.000000,3474.4724000000215,-5782.447200000037,-2307.974800000014
2026-02-10T14:28:37.000000,3474.4724000000215,-5805.2134500000375,-2330.741050000015
2026-02-10T14:29:07.000000,3474.4724000000215,-5812.977450000038,-2338.505050000015
2026-02-10T14:31:37.000000,3474.4724000000215,-5872.878850000037,-2398.4064500000154
2026-02-10T14:32:47.000000,3474.4724000000215,-5865.664600000037,-2391.192200000016
2026-02-10T14:33:17.000000,3474.4724000000215,-5862.547750000038,-2388.075350000016
2026-02-10T14:40:02.000000,3474.4724000000215,-5909.322400000038,-2434.8500000000163
2026-02-10T14:40:17.000000,3474.4724000000215,-5943.095100000039,-2468.6227000000167
2026-02-10T14:41:12.000000,3474.4724000000215,-5957.331350000039,-2482.8589500000166
2026-02-10T14:59:55.000000,3474.4724000000215,-6105.104350000039,-2630.6319500000172
2026-02-11T09:59:32.000000,3466.7500000000214,-6105.104350000039,-2638.3543500000173
2026-02-11T10:05:07.000000,3495.0946000000217,-6105.104350000039,-2610.009750000017
2026-02-11T10:06:07.000000,3487.1746000000217,-6105.104350000039,-2617.929750000017
2026-02-11T10:06:22.000000,3494.2568500000225,-6105.104350000039,-2610.847500000016
2026-02-11T10:06:42.000000,3471.3466000000217,-6105.104350000039,-2633.757750000017
2026-02-11T10:07:52.000000,3471.3466000000217,-6083.09185000004,-2611.7452500000177
2026-02-11T10:08:47.000000,3471.3466000000217,-5919.583000000041,-2448.236400000018
2026-02-11T10:08:52.000000,3471.3466000000217,-5738.0858500000395,-2266.7392500000174
2026-02-11T10:08:57.000000,3471.3466000000217,-5529.591850000039,-2058.245250000017
2026-02-11T10:09:27.000000,3471.3466000000217,-5276.13430000004,-1804.787700000018
2026-02-11T10:11:52.000000,3471.3466000000217,-5148.6020500000395,-1677.2554500000178
2026-02-11T10:12:07.000000,3471.3466000000217,-5048.066650000039,-1576.720050000017
2026-02-11T10:12:17.000000,3471.3466000000217,-4974.506500000039,-1503.1599000000172
2026-02-11T10:13:49.000000,3471.3466000000217,-5012.215000000039,-1540.8684000000178
2026-02-11T10:13:52.000000,3452.512950000022,-5012.215000000039,-1559.7020500000176
2026-02-11T10:14:42.000000,3452.512950000022,-5029.568500000041,-1577.0555500000191
2026-02-11T10:16:37.000000,3452.512950000022,-5012.121700000041,-1559.6087500000183
2026-02-11T10:19:07.000000,3418.7506500000213,-5012.121700000041,-1593.3710500000188
2026-02-11T10:20:27.000000,3410.992250000021,-5012.121700000041,-1601.1294500000188
2026-02-11T10:20:42.000000,3416.2254000000207,-5012.121700000041,-1595.896300000019
2026-02-11T10:23:42.000000,3416.2254000000207,-5030.840950000041,-1614.6155500000189
2026-02-11T10:26:14.000000,3416.2254000000207,-5053.61920000004,-1637.3938000000185
2026-02-11T10:27:37.000000,3416.2254000000207,-5024.45140000004,-1608.226000000018
2026-02-11T10:28:32.000000,3416.2254000000207,-5110.27350000004,-1694.0481000000186
2026-02-11T10:28:37.000000,3416.2254000000207,-5172.66175000004,-1756.4363500000184
2026-02-11T10:29:28.000000,3416.2254000000207,-5225.0605000000405,-1808.8351000000182
2026-02-11T10:29:42.000000,3416.2254000000207,-5267.461750000039,-1851.2363500000165
2026-02-11T10:31:57.000000,3416.2254000000207,-5286.33060000004,-1870.1052000000182
2026-02-11T10:32:22.000000,3416.2254000000207,-5338.230800000039,-1922.0054000000173
2026-02-11T10:33:44.000000,3432.59700000002,-5338.230800000039,-1905.6338000000178
2026-02-11T10:34:47.000000,3432.59700000002,-5345.337200000039,-1912.7402000000177
2026-02-11T10:40:07.000000,3432.59700000002,-5275.814450000039,-1843.2174500000174
2026-02-11T10:40:32.000000,3432.59700000002,-5228.2686000000385,-1795.6716000000165
2026-02-11T10:40:37.000000,3432.59700000002,-5169.721100000038,-1737.124100000016
2026-02-11T10:40:52.000000,3432.59700000002,-5177.177100000038,-1744.5801000000158
2026-02-11T10:40:57.000000,3432.59700000002,-5151.634550000037,-1719.0375500000146
2026-02-11T10:44:07.000000,3347.863050000021,-5151.634550000037,-1803.7715000000142
2026-02-11T10:44:47.000000,3310.20255000002,-5151.634550000037,-1841.4320000000148
2026-02-11T10:48:02.000000,3310.20255000002,-5104.044700000039,-1793.8421500000159
2026-02-11T10:48:27.000000,3310.20255000002,-5133.40480000004,-1823.2022500000173
2026-02-11T10:50:22.000000,3310.20255000002,-5059.43185000004,-1749.2293000000175
2026-02-11T10:50:47.000000,3272.5540500000193,-5059.43185000004,-1786.8778000000182
2026-02-11T10:51:39.000000,3272.5540500000193,-5082.18610000004,-1809.632050000018
2026-02-11T10:51:42.000000,3249.8958000000184,-5082.18610000004,-1832.290300000019
2026-02-11T10:51:47.000000,3249.8958000000184,-5075.09185000004,-1825.1960500000193
2026-02-11T10:52:17.000000,3242.2278000000183,-5075.09185000004,-1832.8640500000192
2026-02-11T10:52:52.000000,3249.562050000019,-5075.09185000004,-1825.5298000000182
2026-02-11T10:53:02.000000,3256.89630000002,-5075.09185000004,-1818.1955500000172
2026-02-11T10:53:07.000000,3249.24030000002,-5075.09185000004,-1825.8515500000171
2026-02-11T10:53:17.000000,3241.58430000002,-5075.09185000004,-1833.507550000017
2026-02-11T10:53:27.000000,3233.92830000002,-5075.09185000004,-1841.163550000017
2026-02-11T10:53:37.000000,3226.27230000002,-5075.09185000004,-1848.819550000017
2026-02-11T10:55:17.000000,3218.61630000002,-5075.09185000004,-1856.475550000017
2026-02-11T10:55:22.000000,3210.96030000002,-5075.09185000004,-1864.131550000017
2026-02-11T10:55:32.000000,3203.3043000000202,-5075.09185000004,-1871.7875500000168
2026-02-11T10:55:37.000000,3277.6060500000203,-5075.09185000004,-1797.485800000017
2026-02-11T10:55:47.000000,3254.9598000000206,-5075.09185000004,-1820.1320500000168
2026-02-11T10:56:02.000000,3232.3135500000208,-5075.09185000004,-1842.7783000000165
2026-02-11T10:56:37.000000,3232.3135500000208,-5319.135400000041,-2086.8218500000175
2026-02-11T10:57:17.000000,3212.7373500000213,-5319.135400000041,-2106.398050000017
2026-02-11T10:57:19.000000,3212.7373500000213,-5356.8919000000415,-2144.154550000018
2026-02-11T10:57:27.000000,3193.1611500000217,-5356.8919000000415,-2163.730750000018
2026-02-11T10:57:32.000000,3193.1611500000217,-5630.954350000042,-2437.7932000000183
2026-02-11T10:57:37.000000,3119.820850000021,-5630.954350000042,-2511.133500000019
2026-02-11T10:57:47.000000,3035.4877000000206,-5630.954350000042,-2595.4666500000194
2026-02-11T10:58:04.000000,3035.4877000000206,-5628.288850000042,-2592.80115000002
2026-02-11T10:58:52.000000,3003.496900000021,-5628.288850000042,-2624.7919500000194
2026-02-11T10:59:12.000000,2995.471300000021,-5628.288850000042,-2632.8175500000193
2026-02-11T10:59:22.000000,2999.1161500000208,-5628.288850000042,-2629.1727000000196
2026-02-11T10:59:22.000000,2999.1161500000208,-5636.099250000042,-2636.9831000000195
2026-02-11T10:59:37.000000,2999.1161500000208,-5656.745200000042,-2657.629050000019
2026-02-11T11:01:19.000000,2999.1161500000208,-5664.509200000042,-2665.3930500000192
2026-02-11T11:02:52.000000,2999.1161500000208,-5683.5862000000425,-2684.47005000002
2026-02-11T11:03:57.000000,2999.1161500000208,-5702.569450000042,-2703.4533000000197
2026-02-11T11:04:12.000000,2976.493900000021,-5702.569450000042,-2726.0755500000196
2026-02-11T11:06:12.000000,2968.861900000021,-5702.569450000042,-2733.7075500000196
2026-02-11T11:08:37.000000,2968.861900000021,-5690.246450000042,-2721.38455000002
2026-02-11T11:09:52.000000,2968.861900000021,-5698.2096500000425,-2729.3477500000204
2026-02-11T11:12:27.000000,2968.861900000021,-5797.075300000043,-2828.2134000000206
2026-02-11T11:12:59.000000,2968.861900000021,-5804.839300000043,-2835.9774000000207
2026-02-11T11:13:02.000000,2968.861900000021,-5877.701050000044,-2908.8391500000216
2026-02-11T11:16:07.000000,2968.861900000021,-5830.120000000045,-2861.2581000000228
2026-02-11T11:16:12.000000,2968.861900000021,-5771.537300000046,-2802.675400000024
2026-02-11T11:16:17.000000,2968.861900000021,-5712.954600000047,-2744.0927000000256
2026-02-11T11:16:17.000000,2968.861900000021,-5698.941700000048,-2730.079800000026
2026-02-11T11:16:47.000000,2968.861900000021,-5691.607450000047,-2722.745550000025
2026-02-11T11:17:52.000000,2968.861900000021,-5712.513400000046,-2743.651500000025
2026-02-11T11:18:52.000000,2968.861900000021,-5733.419350000046,-2764.557450000025
2026-02-11T11:19:07.000000,2968.861900000021,-5754.325300000045,-2785.4634000000246
2026-02-11T11:19:54.000000,2968.861900000021,-5747.087050000046,-2778.2251500000248
2026-02-11T11:20:47.000000,2968.861900000021,-5767.993000000045,-2799.1311000000246
2026-02-11T11:25:32.000000,2968.861900000021,-5823.968200000044,-2855.1063000000236
2026-02-11T11:26:02.000000,2968.861900000021,-5714.297050000044,-2745.4351500000234
2026-02-11T11:28:32.000000,2968.861900000021,-5735.203000000043,-2766.3411000000233
2026-02-11T11:29:02.000000,2968.861900000021,-5736.546100000043,-2767.6842000000233
2026-02-11T11:29:02.000000,2968.861900000021,-5728.895050000044,-2760.0331500000243
2026-02-11T11:29:22.000000,2968.861900000021,-5751.250900000044,-2782.3890000000247
2026-02-11T11:29:32.000000,2968.861900000021,-5794.602700000044,-2825.740800000025
2026-02-11T11:29:37.000000,2968.861900000021,-5840.952550000044,-2872.0906500000247
2026-02-11T11:30:02.000000,2968.861900000021,-5947.309000000044,-2978.4471000000253
2026-02-11T13:01:52.000000,2968.861900000021,-5979.299800000043,-3010.437900000025
2026-02-11T13:04:52.000000,2968.861900000021,-5930.784200000044,-2961.9223000000247
2026-02-11T13:07:22.000000,2968.861900000021,-6070.301600000044,-3101.439700000026
2026-02-11T13:07:42.000000,2968.861900000021,-6187.824500000046,-3218.9626000000276
2026-02-11T13:07:47.000000,2968.861900000021,-6305.347400000048,-3336.4855000000293
2026-02-11T13:08:12.000000,2968.861900000021,-6266.998250000047,-3298.136350000029
2026-02-11T13:08:12.000000,2968.861900000021,-6296.763150000046,-3327.9012500000285
2026-02-11T13:08:22.000000,2961.2299000000207,-6296.763150000046,-3335.5332500000286
2026-02-11T13:10:42.000000,2961.2299000000207,-6304.719150000046,-3343.4892500000287
2026-02-11T13:11:17.000000,2961.2299000000207,-6325.333900000046,-3364.1040000000285
2026-02-11T13:13:02.000000,2961.2299000000207,-6355.107600000046,-3393.877700000028
2026-02-11T13:15:37.000000,2961.2299000000207,-6334.585000000046,-3373.355100000029
2026-02-11T13:16:57.000000,2961.2299000000207,-6331.362550000046,-3370.132650000029
2026-02-11T13:18:22.000000,2961.2299000000207,-6283.931100000047,-3322.7012000000304
2026-02-11T13:21:37.000000,3062.1613000000207,-6283.931100000047,-3221.7698000000305
2026-02-11T13:21:42.000000,3148.088050000021,-6283.931100000047,-3135.84305000003
2026-02-11T13:21:47.000000,3228.011500000021,-6283.931100000047,-3055.91960000003
2026-02-11T13:23:32.000000,3235.405750000021,-6283.931100000047,-3048.5253500000304
2026-02-11T13:27:13.000000,3235.405750000021,-6307.901500000046,-3072.49575000003
2026-02-11T13:27:52.000000,3235.405750000021,-6315.557500000046,-3080.15175000003
2026-02-11T13:28:07.000000,3235.405750000021,-6334.223950000046,-3098.8182000000297
2026-02-11T13:30:22.000000,3235.405750000021,-6351.7214500000455,-3116.3157000000297
2026-02-11T13:30:47.000000,3235.405750000021,-6371.278450000045,-3135.8727000000295
2026-02-11T13:31:42.000000,3228.024950000021,-6371.278450000045,-3143.2535000000294
2026-02-11T13:31:47.000000,3228.024950000021,-6338.7924500000445,-3110.7675000000286
2026-02-11T13:31:52.000000,3213.643100000021,-6338.7924500000445,-3125.1493500000283
2026-02-11T13:33:22.000000,3213.643100000021,-6346.288450000045,-3132.6453500000284
2026-02-11T13:34:22.000000,3213.643100000021,-6552.026950000044,-3338.383850000028
2026-02-11T13:34:52.000000,3213.643100000021,-6574.949200000044,-3361.3061000000275
2026-02-11T13:35:02.000000,3213.643100000021,-6681.699250000043,-3468.056150000027
2026-02-11T13:35:07.000000,3213.643100000021,-6788.449300000043,-3574.806200000027
2026-02-11T13:35:17.000000,3213.643100000021,-6884.206500000043,-3670.563400000027
2026-02-11T13:35:22.000000,3213.643100000021,-6979.963700000043,-3766.320600000027
2026-02-11T13:35:27.000000,3213.643100000021,-7086.713750000043,-3873.0706500000265
2026-02-11T13:35:32.000000,3213.643100000021,-7204.447850000044,-3990.804750000028
2026-02-11T13:35:37.000000,3213.643100000021,-7322.190750000046,-4108.5476500000295
2026-02-11T13:35:42.000000,3213.643100000021,-7472.921000000047,-4259.27790000003
2026-02-11T13:35:47.000000,3213.643100000021,-7623.642450000048,-4409.999350000031
2026-02-11T13:35:52.000000,3213.643100000021,-7774.3639000000485,-4560.720800000032
2026-02-11T13:35:57.000000,3213.643100000021,-7925.085350000049,-4711.442250000033
2026-02-11T13:36:07.000000,3213.643100000021,-8042.810650000049,-4829.167550000033
2026-02-11T13:36:32.000000,3269.6757500000213,-8042.810650000049,-4773.134900000033
2026-02-11T13:36:42.000000,3313.704200000022,-8042.810650000049,-4729.106450000032
2026-02-11T13:36:57.000000,3333.726650000022,-8042.810650000049,-4709.084000000032
2026-02-11T13:37:42.000000,3333.726650000022,-7907.65640000005,-4573.929750000033
2026-02-11T13:37:47.000000,3333.726650000022,-7772.475750000049,-4438.749100000032
2026-02-11T13:37:52.000000,3333.726650000022,-7779.783750000049,-4446.057100000032
2026-02-11T13:37:52.000000,3333.726650000022,-7666.597600000049,-4332.870950000032
2026-02-11T13:37:57.000000,3333.726650000022,-7575.397150000049,-4241.670500000032
2026-02-11T13:38:02.000000,3333.726650000022,-7594.982950000049,-4261.256300000032
2026-02-11T13:38:17.000000,3333.726650000022,-7470.812750000049,-4137.086100000032
2026-02-11T13:38:27.000000,3333.726650000022,-7379.629900000049,-4045.9032500000326
2026-02-11T13:38:32.000000,3333.726650000022,-7255.459700000049,-3921.7330500000335
2026-02-11T13:38:37.000000,3333.726650000022,-7142.28235000005,-3808.555700000034
2026-02-11T13:40:52.000000,3333.726650000022,-7149.926350000051,-3816.1997000000338
2026-02-11T13:42:32.000000,3333.726650000022,-7157.419150000051,-3823.6925000000338
2026-02-11T13:43:17.000000,3333.726650000022,-7195.05565000005,-3861.329000000033
2026-02-11T13:43:27.000000,3333.726650000022,-7230.541450000051,-3896.8148000000338
2026-02-11T13:44:07.000000,3333.726650000022,-7202.484850000052,-3868.7582000000343
2026-02-11T13:44:37.000000,3333.726650000022,-7221.2921000000515,-3887.565450000034
2026-02-11T13:49:47.000000,3333.726650000022,-7258.928600000051,-3925.2019500000333
2026-02-11T13:53:02.000000,3333.726650000022,-7296.8051000000505,-3963.0784500000327
2026-02-11T13:53:42.000000,3333.726650000022,-7128.65470000005,-3794.9280500000327
2026-02-11T13:53:52.000000,3333.726650000022,-7073.126850000051,-3739.400200000033
2026-02-11T13:54:22.000000,3333.726650000022,-7067.852100000051,-3734.125450000033
2026-02-11T13:55:02.000000,3333.726650000022,-7215.45550000005,-3881.7288500000327
2026-02-11T13:55:27.000000,3333.726650000022,-7197.09560000005,-3863.3689500000323
2026-02-11T13:55:52.000000,3333.726650000022,-7288.713000000051,-3954.986350000033
2026-02-11T13:57:37.000000,3333.726650000022,-7394.354900000049,-4060.628250000032
2026-02-11T13:58:32.000000,3333.726650000022,-7430.01990000005,-4096.2932500000325
2026-02-11T13:59:27.000000,3333.726650000022,-7450.78025000005,-4117.053600000032
2026-02-11T13:59:32.000000,3333.726650000022,-7471.540600000049,-4137.813950000032
2026-02-11T14:00:02.000000,3333.726650000022,-7505.292500000049,-4171.565850000031
2026-02-11T14:02:22.000000,3333.726650000022,-7448.030750000049,-4114.304100000031
2026-02-11T14:04:12.000000,3299.834600000022,-7448.030750000049,-4148.196150000032
2026-02-11T14:04:17.000000,3262.9421000000216,-7448.030750000049,-4185.088650000032
2026-02-11T14:04:22.000000,3223.051550000022,-7448.030750000049,-4224.9792000000325
2026-02-11T14:04:27.000000,3223.051550000022,-7440.9125000000495,-4217.860950000033
2026-02-11T14:05:42.000000,3223.051550000022,-7406.578200000049,-4183.5266500000325
2026-02-11T14:10:22.000000,3288.1551500000223,-7406.578200000049,-4118.423050000032
2026-02-11T14:11:47.000000,3288.1551500000223,-7414.517400000049,-4126.362250000032
2026-02-11T14:11:52.000000,3288.1551500000223,-7422.456600000049,-4134.301450000032
2026-02-11T14:20:12.000000,3288.1551500000223,-7416.115300000049,-4127.960150000032
2026-02-11T14:21:12.000000,3288.1551500000223,-7412.9104500000485,-4124.755300000032
2026-02-11T14:21:22.000000,3288.1551500000223,-7420.707250000049,-4132.552100000032
2026-02-11T14:21:32.000000,3288.1551500000223,-7428.504050000049,-4140.348900000032
2026-02-11T14:22:27.000000,3288.1551500000223,-7445.889550000048,-4157.734400000031
2026-02-11T14:29:02.000000,3288.1551500000223,-7475.742450000048,-4187.587300000031
2026-02-11T14:29:07.000000,3288.1551500000223,-7494.593700000048,-4206.438550000031
2026-02-11T14:29:12.000000,3288.1551500000223,-7491.450450000048,-4203.295300000031
2026-02-11T14:29:17.000000,3288.1551500000223,-7477.305550000048,-4189.150400000031
2026-02-11T14:29:37.000000,3288.1551500000223,-7473.070150000049,-4184.915000000032
2026-02-11T14:30:02.000000,3288.1551500000223,-7392.932950000049,-4104.777800000032
2026-02-11T14:31:17.000000,3288.1551500000223,-7312.848550000049,-4024.6934000000315
2026-02-11T14:31:32.000000,3288.1551500000223,-7232.755350000049,-3944.6002000000312
2026-02-11T14:31:52.000000,3288.1551500000223,-7207.626400000047,-3919.47125000003
2026-02-11T14:31:57.000000,3269.4909500000226,-7207.626400000047,-3938.13545000003
2026-02-11T14:32:02.000000,3269.4909500000226,-7204.491950000048,-3935.00100000003
2026-02-11T14:32:12.000000,3247.8287000000223,-7204.491950000048,-3956.6632500000305
2026-02-11T14:32:17.000000,3247.8287000000223,-7257.454700000048,-4009.626000000031
2026-02-11T14:34:37.000000,3247.8287000000223,-7275.81315000005,-4027.9844500000327
2026-02-11T14:39:12.000000,3201.9636500000224,-7275.81315000005,-4073.8495000000325
2026-02-11T14:41:07.000000,3201.9636500000224,-7261.46520000005,-4059.5015500000322
2026-02-11T14:41:37.000000,3201.9636500000224,-7344.468450000049,-4142.5048000000315
2026-02-11T14:41:57.000000,3201.9636500000224,-7359.96405000005,-4158.000400000032
2026-02-11T14:43:07.000000,3179.3894000000228,-7359.96405000005,-4180.574650000031
2026-02-11T14:43:12.000000,3156.815150000023,-7359.96405000005,-4203.148900000031
2026-02-11T14:43:22.000000,3134.2409000000234,-7359.96405000005,-4225.723150000031
2026-02-11T14:43:22.000000,3134.2409000000234,-7379.540250000049,-4245.29935000003
2026-02-11T14:43:42.000000,3111.6666500000238,-7379.540250000049,-4267.87360000003
2026-02-11T14:43:42.000000,3111.6666500000238,-7395.189450000049,-4283.52280000003
2026-02-11T14:44:02.000000,3089.092400000024,-7395.189450000049,-4306.097050000029
2026-02-11T14:45:02.000000,3089.092400000024,-7444.699750000049,-4355.607350000029
2026-02-11T14:45:02.000000,3089.092400000024,-7460.34255000005,-4371.250150000031
2026-02-12T10:02:22.000000,3081.233200000024,-7460.34255000005,-4379.109350000031
2026-02-12T10:04:37.000000,3103.6137000000235,-7460.34255000005,-4356.728850000031
2026-02-12T10:06:12.000000,3103.6137000000235,-7483.21680000005,-4379.603100000031
2026-02-12T10:11:52.000000,3103.6137000000235,-7533.141500000051,-4429.527800000032
2026-02-12T10:13:02.000000,3103.6137000000235,-7540.69030000005,-4437.076600000031
2026-02-12T10:14:12.000000,3103.6137000000235,-7593.617050000049,-4490.00335000003
2026-02-12T10:14:52.000000,3103.6137000000235,-7573.161650000048,-4469.547950000029
2026-02-12T10:17:57.000000,3103.6137000000235,-7538.659350000048,-4435.045650000029
2026-02-12T10:19:02.000000,3103.6137000000235,-7546.016150000048,-4442.402450000029
2026-02-12T10:20:47.000000,3103.6137000000235,-7643.8056500000475,-4540.191950000029
2026-02-12T10:26:43.000000,3103.6137000000235,-7681.610150000049,-4577.99645000003
2026-02-12T10:29:12.000000,3103.6137000000235,-7705.484550000048,-4601.870850000029
2026-02-12T10:29:38.000000,3103.6137000000235,-7728.286800000048,-4624.673100000029
2026-02-12T10:32:32.000000,3103.6137000000235,-7721.855900000049,-4618.24220000003
2026-02-12T10:33:22.000000,3103.6137000000235,-7677.814500000049,-4574.20080000003
2026-02-12T10:33:47.000000,3103.6137000000235,-7646.764650000048,-4543.150950000029
2026-02-12T10:33:57.000000,3103.6137000000235,-7742.653850000046,-4639.040150000027
2026-02-12T10:38:07.000000,3103.6137000000235,-7765.420100000047,-4661.806400000028
2026-02-12T10:40:32.000000,3103.6137000000235,-7748.821300000047,-4645.207600000028
2026-02-12T10:44:12.000000,3103.6137000000235,-7692.722100000048,-4589.108400000029
2026-02-12T10:45:37.000000,3103.6137000000235,-7700.498100000048,-4596.884400000029
2026-02-12T10:47:12.000000,3103.6137000000235,-7778.057400000048,-4674.443700000029
2026-02-12T10:47:32.000000,3103.6137000000235,-7845.806400000048,-4742.192700000029
2026-02-12T10:47:47.000000,3103.6137000000235,-7937.356600000047,-4833.742900000028
2026-02-12T10:48:02.000000,3103.6137000000235,-7915.140100000047,-4811.526400000028
2026-02-12T10:50:37.000000,3103.6137000000235,-7978.719700000047,-4875.106000000028
2026-02-12T10:54:22.000000,3179.875900000023,-7978.719700000047,-4798.843800000029
2026-02-12T10:55:27.000000,3179.875900000023,-7986.663700000047,-4806.787800000029
2026-02-12T10:56:27.000000,3179.875900000023,-8014.250700000047,-4834.374800000029
2026-02-12T10:57:27.000000,3179.875900000023,-8038.125100000047,-4858.249200000028
2026-02-12T10:58:07.000000,3179.875900000023,-8171.7600000000475,-4991.884100000029
2026-02-12T10:59:17.000000,3291.8043000000234,-8171.7600000000475,-4879.955700000029
2026-02-12T10:59:37.000000,3291.8043000000234,-8164.557750000048,-4872.753450000029
2026-02-12T10:59:42.000000,3291.8043000000234,-8118.268050000047,-4826.463750000028
2026-02-12T11:00:12.000000,3291.8043000000234,-8153.933050000048,-4862.128750000029
2026-02-12T11:01:02.000000,3291.8043000000234,-8146.742800000048,-4854.938500000029
2026-02-12T11:02:27.000000,3291.8043000000234,-8169.533050000048,-4877.728750000029
2026-02-12T11:03:17.000000,3291.8043000000234,-8207.313550000048,-4915.509250000028
2026-02-12T11:06:32.000000,3291.8043000000234,-8230.103800000048,-4938.299500000028
2026-02-12T11:07:17.000000,3291.8043000000234,-8237.630200000049,-4945.825900000028
2026-02-12T11:07:52.000000,3291.8043000000234,-8267.57110000005,-4975.766800000029
2026-02-12T11:08:37.000000,3291.8043000000234,-8220.562050000051,-4928.757750000031
2026-02-12T11:09:27.000000,3291.8043000000234,-8184.317050000051,-4892.51275000003
2026-02-12T11:14:17.000000,3291.8043000000234,-8216.01025000005,-4924.20595000003
2026-02-12T11:16:52.000000,3291.8043000000234,-8223.72705000005,-4931.92275000003
2026-02-12T11:17:17.000000,3291.8043000000234,-8241.58455000005,-4949.78025000003
2026-02-12T11:17:42.000000,3291.8043000000234,-8249.30135000005,-4957.49705000003
2026-02-12T11:19:47.000000,3291.8043000000234,-8266.62285000005,-4974.81855000003
2026-02-12T11:20:32.000000,3291.8043000000234,-8354.35485000005,-5062.55055000003
2026-02-12T11:20:47.000000,3291.8043000000234,-8347.284600000052,-5055.48030000003
2026-02-12T11:21:07.000000,3291.8043000000234,-8270.462400000053,-4978.658100000031
2026-02-12T11:21:07.000000,3291.8043000000234,-8323.281150000053,-5031.476850000031
2026-02-12T11:21:27.000000,3291.8043000000234,-8253.448800000055,-4961.644500000031
2026-02-12T11:22:02.000000,3291.8043000000234,-8204.597200000055,-4912.792900000031
2026-02-12T11:22:12.000000,3291.8043000000234,-8155.740000000054,-4863.935700000031
2026-02-12T11:22:17.000000,3291.8043000000234,-8163.576000000055,-4871.771700000031
2026-02-12T11:22:27.000000,3291.8043000000234,-8121.714250000055,-4829.909950000031
2026-02-12T13:05:18.000000,3291.8043000000234,-8144.480500000055,-4852.676200000032
2026-02-12T13:05:22.000000,3291.8043000000234,-8140.844450000053,-4849.04015000003
2026-02-12T13:05:24.000000,3291.8043000000234,-8148.183650000054,-4856.37935000003
2026-02-12T13:08:17.000000,3291.8043000000234,-8144.987600000052,-4853.183300000029
2026-02-12T13:09:37.000000,3291.8043000000234,-8176.344800000052,-4884.540500000028
2026-02-12T13:09:57.000000,3291.8043000000234,-8204.751150000051,-4912.946850000028
2026-02-12T13:10:02.000000,3291.8043000000234,-8226.156450000051,-4934.352150000027
2026-02-12T13:10:22.000000,3291.8043000000234,-8240.543900000053,-4948.739600000028
2026-02-12T13:11:02.000000,3291.8043000000234,-8237.356650000054,-4945.552350000028
2026-02-12T13:11:32.000000,3291.8043000000234,-8267.165550000054,-4975.361250000027
2026-02-12T13:11:42.000000,3291.8043000000234,-8329.970600000055,-5038.166300000028
2026-02-12T13:12:12.000000,3291.8043000000234,-8363.566500000055,-5071.762200000028
2026-02-12T13:12:27.000000,3291.8043000000234,-8437.364400000057,-5145.560100000029
2026-02-12T13:12:42.000000,3291.8043000000234,-8500.169450000058,-5208.36515000003
2026-02-12T13:12:47.000000,3291.8043000000234,-8562.974500000058,-5271.1702000000305
2026-02-12T13:13:07.000000,3291.8043000000234,-8625.77955000006,-5333.975250000031
2026-02-12T13:14:04.000000,3291.8043000000234,-8643.09305000006,-5351.2887500000315
2026-02-12T13:14:27.000000,3291.8043000000234,-8651.02905000006,-5359.224750000031
2026-02-12T13:15:22.000000,3291.8043000000234,-8674.95465000006,-5383.150350000031
2026-02-12T13:17:52.000000,3291.8043000000234,-8727.85740000006,-5436.053100000031
2026-02-12T13:18:22.000000,3291.8043000000234,-8700.300150000061,-5408.49585000003
2026-02-12T13:20:07.000000,3291.8043000000234,-8675.73855000006,-5383.934250000029
2026-02-12T13:20:47.000000,3291.8043000000234,-8699.66415000006,-5407.859850000029
2026-02-12T13:20:57.000000,3291.8043000000234,-8707.276950000061,-5415.472650000029
2026-02-12T13:21:22.000000,3291.8043000000234,-8715.18495000006,-5423.380650000029
2026-02-12T13:22:12.000000,3291.8043000000234,-8681.02985000006,-5389.22555000003
2026-02-12T13:24:02.000000,3291.8043000000234,-8674.83415000006,-5383.029850000031
2026-02-12T13:24:27.000000,3291.8043000000234,-8682.730150000061,-5390.925850000031
2026-02-12T13:24:32.000000,3291.8043000000234,-8684.207650000062,-5392.4033500000305
2026-02-12T13:24:37.000000,3291.8043000000234,-8673.683350000063,-5381.8790500000305
2026-02-12T13:26:12.000000,3291.8043000000234,-8681.478550000063,-5389.67425000003
2026-02-12T13:26:22.000000,3291.8043000000234,-8675.282850000063,-5383.478550000031
2026-02-12T13:26:32.000000,3291.8043000000234,-8683.078050000064,-5391.27375000003
2026-02-12T13:26:42.000000,3291.8043000000234,-8690.873250000064,-5399.06895000003
2026-02-12T13:26:57.000000,3291.8043000000234,-8684.666350000065,-5392.86205000003
2026-02-12T13:27:07.000000,3291.8043000000234,-8678.459450000066,-5386.65515000003
2026-02-12T13:27:47.000000,3291.8043000000234,-8702.410650000065,-5410.606350000029
2026-02-12T13:27:47.000000,3291.8043000000234,-8696.192550000065,-5404.388250000029
2026-02-12T13:33:24.000000,3291.8043000000234,-8714.533400000066,-5422.729100000029
2026-02-12T13:34:07.000000,3291.8043000000234,-8750.288000000066,-5458.483700000029
2026-02-12T13:35:17.000000,3291.8043000000234,-8758.076000000066,-5466.271700000028
2026-02-12T13:36:47.000000,3291.8043000000234,-8765.960000000066,-5474.155700000028
2026-02-12T13:37:42.000000,3291.8043000000234,-8757.919200000068,-5466.114900000029
2026-02-12T13:37:47.000000,3291.8043000000234,-8749.878400000069,-5458.074100000029
2026-02-12T13:39:07.000000,3291.8043000000234,-8743.71630000007,-5451.912000000029
2026-02-12T13:42:57.000000,3291.8043000000234,-8751.477900000069,-5459.673600000029
2026-02-12T13:43:13.000000,3291.8043000000234,-8789.222400000068,-5497.418100000029
2026-02-12T13:43:17.000000,3291.8043000000234,-8747.455850000068,-5455.651550000029
2026-02-12T13:45:02.000000,3291.8043000000234,-8781.062150000067,-5489.257850000028
2026-02-12T13:45:47.000000,3291.8043000000234,-8788.834950000068,-5497.030650000028
2026-02-12T13:47:07.000000,3291.8043000000234,-8809.449700000067,-5517.645400000028
2026-02-12T13:48:27.000000,3291.8043000000234,-8832.984900000067,-5541.180600000029
2026-02-12T13:48:52.000000,3291.8043000000234,-8854.815800000066,-5563.011500000029
2026-02-12T13:50:12.000000,3291.8043000000234,-8907.790550000065,-5615.986250000028
2026-02-12T13:51:22.000000,3291.8043000000234,-8975.743550000065,-5683.939250000029
2026-02-12T13:52:07.000000,3291.8043000000234,-9028.694300000065,-5736.8900000000285
2026-02-12T13:52:22.000000,3291.8043000000234,-9066.266800000065,-5774.462500000028
2026-02-12T13:56:02.000000,3291.8043000000234,-9102.200600000066,-5810.3963000000285
2026-02-12T13:59:02.000000,3291.8043000000234,-9312.746250000066,-6020.9419500000295
2026-02-12T13:59:07.000000,3291.8043000000234,-9523.297500000066,-6231.49320000003
2026-02-12T13:59:17.000000,3291.8043000000234,-9754.829500000067,-6463.02520000003
2026-02-12T14:00:22.000000,3291.8043000000234,-9792.682000000068,-6500.877700000031
2026-02-12T14:01:02.000000,3291.8043000000234,-9836.329000000069,-6544.524700000031
2026-02-12T14:01:07.000000,3291.8043000000234,-9867.97420000007,-6576.169900000032
2026-02-12T14:01:12.000000,3291.8043000000234,-9795.65500000007,-6503.850700000032
2026-02-12T14:01:12.000000,3291.8043000000234,-9859.26260000007,-6567.458300000032
2026-02-12T14:01:17.000000,3291.8043000000234,-9879.77335000007,-6587.969050000033
2026-02-12T14:01:32.000000,3291.8043000000234,-9923.42995000007,-6631.625650000034
2026-02-12T14:01:47.000000,3291.8043000000234,-9955.09435000007,-6663.290050000033
2026-02-12T14:02:32.000000,3291.8043000000234,-9974.75695000007,-6682.952650000033
2026-02-12T14:03:27.000000,3291.8043000000234,-9954.396750000069,-6662.592450000032
2026-02-12T14:03:37.000000,3291.8043000000234,-9948.03305000007,-6656.228750000032
2026-02-12T14:03:47.000000,3291.8043000000234,-9962.66690000007,-6670.862600000032
2026-02-12T14:03:52.000000,3291.8043000000234,-9983.34405000007,-6691.539750000033
2026-02-12T14:04:22.000000,3291.8043000000234,-9949.004150000072,-6657.199850000034
2026-02-12T14:06:52.000000,3291.8043000000234,-9971.902400000072,-6680.098100000033
2026-02-12T14:10:32.000000,3291.8043000000234,-10005.59190000007,-6713.787600000032
2026-02-12T14:11:32.000000,3291.8043000000234,-10134.29245000007,-6842.488150000032
2026-02-12T14:14:47.000000,3291.8043000000234,-10122.049450000068,-6830.245150000031
2026-02-12T14:15:22.000000,3291.8043000000234,-10129.385450000067,-6837.581150000031
2026-02-12T14:15:44.000000,3291.8043000000234,-10146.770950000067,-6854.96665000003
2026-02-12T14:17:37.000000,3291.8043000000234,-10170.73495000007,-6878.930650000031
2026-02-12T14:17:37.000000,3291.8043000000234,-10156.45805000007,-6864.653750000031
2026-02-12T14:19:27.000000,3291.8043000000234,-10142.181150000071,-6850.3768500000315
2026-02-12T14:22:17.000000,3291.8043000000234,-10150.077150000072,-6858.272850000031
2026-02-12T14:23:28.000000,3291.8043000000234,-10187.82165000007,-6896.017350000031
2026-02-12T14:24:17.000000,3291.8043000000234,-10181.614750000072,-6889.810450000031
2026-02-12T14:25:07.000000,3291.8043000000234,-10200.60680000007,-6908.802500000031
2026-02-12T14:26:22.000000,3291.8043000000234,-10219.59885000007,-6927.7945500000305
2026-02-12T14:26:42.000000,3291.8043000000234,-10201.599100000069,-6909.794800000031
2026-02-12T14:26:57.000000,3264.137300000024,-10201.599100000069,-6937.46180000003
2026-02-12T14:27:04.000000,3264.137300000024,-10219.939950000069,-6955.80265000003
2026-02-12T14:27:07.000000,3264.137300000024,-10199.786950000069,-6935.64965000003
2026-02-12T14:27:12.000000,3216.4753000000246,-10199.786950000069,-6983.31165000003
2026-02-12T14:33:12.000000,3216.4753000000246,-10222.733200000068,-7006.25790000003
2026-02-12T14:34:57.000000,3216.4753000000246,-10274.219800000068,-7057.744500000031
2026-02-12T14:35:17.000000,3216.4753000000246,-10282.103800000068,-7065.628500000031
2026-02-12T14:35:27.000000,3216.4753000000246,-10274.305550000068,-7057.83025000003
2026-02-12T14:40:32.000000,3216.4753000000246,-10232.891800000069,-7016.416500000029
2026-02-12T14:42:17.000000,3216.4753000000246,-10252.554400000068,-7036.079100000029
2026-02-12T14:42:22.000000,3216.4753000000246,-10245.400150000069,-7028.924850000029
2026-02-12T14:42:27.000000,3216.4753000000246,-10352.14140000007,-7135.666100000031
2026-02-12T14:42:57.000000,3216.4753000000246,-10447.89860000007,-7231.423300000031
2026-02-12T14:43:12.000000,3216.4753000000246,-10554.65745000007,-7338.1821500000315
2026-02-12T14:44:02.000000,3216.4753000000246,-10551.42620000007,-7334.950900000032
2026-02-12T14:44:37.000000,3216.4753000000246,-10558.95020000007,-7342.474900000032
2026-02-12T14:44:42.000000,3216.4753000000246,-10576.639700000072,-7360.164400000033
2026-02-12T14:45:02.000000,3216.4753000000246,-10584.163700000072,-7367.688400000034
2026-02-12T14:45:02.000000,3216.4753000000246,-10615.837700000071,-7399.362400000033
2026-02-12T15:00:00.000000,3216.4753000000246,-10763.63470000007,-7547.159400000031
2026-02-13T10:01:47.000000,3225.136900000024,-10763.63470000007,-7538.497800000032
2026-02-13T10:01:52.000000,3217.796100000024,-10763.63470000007,-7545.838600000032
2026-02-13T10:02:12.000000,3210.202500000024,-10763.63470000007,-7553.432200000032
2026-02-13T10:02:32.000000,3226.6125000000234,-10763.63470000007,-7537.022200000032
2026-02-13T10:02:37.000000,3237.0216000000228,-10763.63470000007,-7526.613100000032
2026-02-13T10:02:42.000000,3253.431600000022,-10763.63470000007,-7510.2031000000325
2026-02-13T10:02:47.000000,3263.8455000000217,-10763.63470000007,-7499.789200000033
2026-02-13T10:03:02.000000,3268.2585000000213,-10763.63470000007,-7495.376200000033
2026-02-13T10:09:22.000000,3195.2022000000206,-10763.63470000007,-7568.432500000034
2026-02-13T10:09:32.000000,3116.14980000002,-10763.63470000007,-7647.484900000035
2026-02-13T10:09:47.000000,3055.0905000000193,-10763.63470000007,-7708.544200000036
2026-02-13T10:09:52.000000,2994.0360000000196,-10763.63470000007,-7769.598700000036
2026-02-13T10:09:57.000000,2938.9824000000194,-10763.63470000007,-7824.652300000036
2026-02-13T10:10:07.000000,2871.9366000000196,-10763.63470000007,-7891.698100000036
2026-02-13T10:10:12.000000,2804.89560000002,-10763.63470000007,-7958.739100000036
2026-02-13T10:10:22.000000,2701.88280000002,-10763.63470000007,-8061.751900000037
2026-02-13T10:10:32.000000,2701.88280000002,-10811.09670000007,-8109.213900000036
2026-02-13T10:10:37.000000,2622.85440000002,-10811.09670000007,-8188.242300000035
2026-02-13T10:11:07.000000,2567.36880000002,-10811.09670000007,-8243.727900000036
2026-02-13T10:11:32.000000,2440.3908000000197,-10811.09670000007,-8370.705900000037
2026-02-13T10:11:52.000000,2331.4011000000196,-10811.09670000007,-8479.695600000037
2026-02-13T10:12:02.000000,2216.4153000000188,-10811.09670000007,-8594.681400000038
2026-02-13T10:13:37.000000,2216.4153000000188,-10828.726200000068,-8612.310900000037
2026-02-13T10:14:27.000000,2149.6343000000184,-10828.726200000068,-8679.091900000038
2026-02-13T10:16:52.000000,2076.6884000000186,-10828.726200000068,-8752.037800000036
2026-02-13T10:16:52.000000,2055.417500000019,-10828.726200000068,-8773.308700000036
2026-02-13T10:16:57.000000,1994.4734000000192,-10828.726200000068,-8834.252800000037
2026-02-13T10:17:12.000000,1951.52720000002,-10828.726200000068,-8877.199000000035
2026-02-13T10:17:17.000000,1914.5819000000206,-10828.726200000068,-8914.144300000034
2026-02-13T10:17:27.000000,1853.6426000000197,-10828.726200000068,-8975.083600000036
2026-02-13T10:17:47.000000,1822.1702000000203,-10828.726200000068,-9006.556000000035
2026-02-13T10:18:47.000000,1782.3318000000195,-10828.726200000068,-9046.394400000036
2026-02-13T10:21:38.000000,1782.3318000000195,-10851.492450000069,-9069.160650000036
2026-02-13T10:22:03.000000,1782.3318000000195,-10874.25870000007,-9091.926900000037
2026-02-13T10:23:27.000000,1701.2461500000195,-10874.25870000007,-9173.012550000038
2026-02-13T10:24:27.000000,1757.2188000000197,-10874.25870000007,-9117.039900000038
2026-02-13T10:26:12.000000,1727.7267000000202,-10874.25870000007,-9146.532000000037
2026-02-13T10:26:12.000000,1691.655000000021,-10874.25870000007,-9182.603700000036
2026-02-13T10:28:57.000000,1691.655000000021,-11053.139550000069,-9361.484550000036
2026-02-13T10:34:22.000000,1691.655000000021,-11024.90055000007,-9333.245550000036
2026-02-13T10:36:52.000000,1691.655000000021,-11092.541550000069,-9400.886550000036
2026-02-13T10:36:57.000000,1691.655000000021,-11136.18855000007,-9444.533550000036
2026-02-13T10:37:02.000000,1691.655000000021,-11179.82595000007,-9488.170950000036
2026-02-13T10:39:42.000000,1691.655000000021,-11203.495550000069,-9511.840550000035
2026-02-13T10:40:37.000000,1691.655000000021,-11200.98205000007,-9509.327050000036
2026-02-13T10:41:27.000000,1691.655000000021,-11280.653650000071,-9588.998650000038
2026-02-13T10:41:52.000000,1691.655000000021,-11408.351650000071,-9716.696650000038
2026-02-13T10:41:57.000000,1691.655000000021,-11560.04365000007,-9868.388650000037
2026-02-13T10:45:43.000000,1691.655000000021,-11612.77840000007,-9921.123400000037
2026-02-13T10:45:52.000000,1691.655000000021,-11660.44840000007,-9968.793400000037
2026-02-13T10:45:58.000000,1691.655000000021,-11668.04040000007,-9976.385400000037
2026-02-13T10:47:27.000000,1691.655000000021,-11675.53640000007,-9983.881400000037
2026-02-13T10:54:52.000000,1691.655000000021,-11698.31465000007,-10006.659650000036
2026-02-13T10:55:42.000000,1705.5349500000216,-11698.31465000007,-9992.779700000036
2026-02-13T10:55:47.000000,1712.4194500000226,-11698.31465000007,-9985.895200000035
2026-02-13T10:58:47.000000,1684.326700000023,-11698.31465000007,-10013.987950000035
2026-02-13T11:01:57.000000,1684.326700000023,-11716.65550000007,-10032.328800000036
2026-02-13T11:05:37.000000,1684.326700000023,-11724.17470000007,-10039.848000000036
2026-02-13T11:06:02.000000,1684.326700000023,-11731.693900000071,-10047.367200000037
2026-02-13T11:09:32.000000,1684.326700000023,-11739.388300000071,-10055.061600000037
2026-02-13T11:10:12.000000,1684.326700000023,-11766.935300000072,-10082.608600000038
2026-02-13T11:10:17.000000,1684.326700000023,-11799.695050000073,-10115.368350000039
2026-02-13T11:14:37.000000,1684.326700000023,-11822.581300000073,-10138.254600000038
2026-02-13T11:15:42.000000,1684.326700000023,-11862.202100000071,-10177.875400000037
2026-02-13T11:20:07.000000,1684.326700000023,-11809.815500000072,-10125.488800000037
2026-02-13T13:02:12.000000,1684.326700000023,-11872.980700000071,-10188.654000000037
2026-02-13T13:02:19.000000,1684.326700000023,-11932.61090000007,-10248.284200000036
2026-02-13T13:04:27.000000,1684.326700000023,-11940.542900000071,-10256.216200000037
2026-02-13T13:07:57.000000,1684.326700000023,-11952.800600000071,-10268.473900000037
2026-02-13T13:11:22.000000,1684.326700000023,-11972.453600000072,-10288.126900000037
2026-02-13T13:17:47.000000,1684.326700000023,-12112.124600000072,-10427.797900000038
2026-02-13T13:19:27.000000,1684.326700000023,-12131.028650000071,-10446.701950000037
2026-02-13T13:19:47.000000,1684.326700000023,-12330.046250000072,-10645.719550000038
2026-02-13T13:23:12.000000,1684.326700000023,-12289.181450000073,-10604.854750000039
2026-02-13T13:23:12.000000,1684.326700000023,-12325.092850000072,-10640.766150000038
2026-02-13T13:23:17.000000,1684.326700000023,-12302.216350000073,-10617.88965000004
2026-02-13T13:23:27.000000,1684.326700000023,-12273.334150000073,-10589.00745000004
2026-02-13T13:23:32.000000,1684.326700000023,-12309.245550000072,-10624.918850000038
2026-02-13T13:26:42.000000,1684.326700000023,-12359.170250000072,-10674.843550000038
2026-02-13T13:29:17.000000,1684.326700000023,-12475.039250000073,-10790.712550000038
2026-02-13T13:29:27.000000,1684.326700000023,-12554.912450000073,-10870.585750000038
2026-02-13T13:29:37.000000,1684.326700000023,-12590.835050000072,-10906.508350000038
2026-02-13T13:30:32.000000,1684.326700000023,-12598.775850000073,-10914.449150000039
2026-02-13T13:31:57.000000,1684.326700000023,-12676.522350000074,-10992.19565000004
2026-02-13T13:32:42.000000,1684.326700000023,-12724.312350000073,-11039.985650000039
2026-02-13T13:34:17.000000,1684.326700000023,-12759.462150000074,-11075.13545000004
2026-02-13T13:41:27.000000,1684.326700000023,-12718.369350000074,-11034.04265000004
2026-02-13T13:44:22.000000,1684.326700000023,-12630.178950000074,-10945.85225000004
2026-02-13T13:50:17.000000,1684.326700000023,-12608.166450000075,-10923.839750000041
2026-02-13T13:53:02.000000,1660.3787000000234,-12608.166450000075,-10947.787750000041
2026-02-13T13:57:32.000000,1660.3787000000234,-12615.778450000074,-10955.39975000004
2026-02-13T14:03:27.000000,1660.3787000000234,-12647.634850000073,-10987.25615000004
2026-02-13T14:08:22.000000,1660.3787000000234,-12679.433650000072,-11019.054950000038
2026-02-13T14:33:32.000000,1660.3787000000234,-12697.171150000071,-11036.792450000037
2026-02-13T14:33:57.000000,1660.3787000000234,-12719.94940000007,-11059.570700000037
2026-02-13T14:34:12.000000,1660.3787000000234,-12717.69190000007,-11057.313200000037
2026-02-13T14:34:17.000000,1660.3787000000234,-12725.435900000071,-11065.057200000037
2026-02-13T14:34:27.000000,1660.3787000000234,-12733.171900000072,-11072.793200000038
2026-02-13T14:39:07.000000,1660.3787000000234,-12711.111400000073,-11050.732700000039
2026-02-13T14:39:27.000000,1660.3787000000234,-12704.053150000072,-11043.674450000039
2026-02-13T14:39:37.000000,1660.3787000000234,-12696.994900000072,-11036.616200000039
2026-02-13T14:40:32.000000,1660.3787000000234,-12694.361400000073,-11033.982700000039
2026-02-13T14:41:17.000000,1660.3787000000234,-12662.107400000074,-11001.72870000004
2026-02-13T14:43:47.000000,1660.3787000000234,-12669.481800000074,-11009.10310000004
2026-02-13T14:45:02.000000,1660.3787000000234,-12677.389800000074,-11017.01110000004
2026-02-13T14:45:02.000000,1602.7312000000245,-12677.389800000074,-11074.658600000039
2026-02-24T09:55:12.000000,1602.7312000000245,-12726.480900000073,-11123.749700000039
2026-02-24T10:01:27.000000,1602.7312000000245,-12706.544850000073,-11103.813650000038
2026-02-24T10:01:32.000000,1602.7312000000245,-12701.594250000073,-11098.863050000038
2026-02-24T10:02:12.000000,1602.7312000000245,-12765.632400000073,-11162.901200000038
2026-02-24T10:07:22.000000,1602.7312000000245,-12702.812300000074,-11100.08110000004
2026-02-24T10:09:57.000000,1602.7312000000245,-12703.466450000074,-11100.73525000004
2026-02-24T10:11:02.000000,1602.7312000000245,-12726.136700000074,-11123.405500000039
2026-02-24T10:11:13.000000,1602.7312000000245,-12750.049500000076,-11147.31830000004
2026-02-24T10:11:17.000000,1602.7312000000245,-12779.568000000076,-11176.836800000041
2026-02-24T10:12:37.000000,1602.7312000000245,-12832.350750000074,-11229.61955000004
2026-02-24T10:13:07.000000,1602.7312000000245,-12855.153000000073,-11252.421800000038
2026-02-24T10:15:12.000000,1602.7312000000245,-12872.706500000075,-11269.97530000004
2026-02-24T10:16:02.000000,1602.7312000000245,-12880.518500000075,-11277.78730000004
2026-02-24T10:18:17.000000,1602.7312000000245,-12868.659800000074,-11265.92860000004
2026-02-24T10:20:17.000000,1602.7312000000245,-12861.493550000074,-11258.762350000039
2026-02-24T10:20:19.000000,1539.1754500000252,-12861.493550000074,-11322.318100000039
2026-02-24T10:20:27.000000,1539.1754500000252,-12854.327300000074,-11315.151850000038
2026-02-24T10:20:32.000000,1539.1754500000252,-12847.997200000073,-11308.821750000037
2026-02-24T10:21:42.000000,1539.1754500000252,-12842.774450000072,-11303.599000000037
2026-02-24T10:21:48.000000,1539.1754500000252,-12882.71525000007,-11343.539800000035
2026-02-24T10:21:52.000000,1539.1754500000252,-12864.49055000007,-11325.315100000034
2026-02-24T10:22:47.000000,1539.1754500000252,-12857.108300000069,-11317.932850000034
2026-02-24T10:23:37.000000,1539.1754500000252,-12853.93865000007,-11314.763200000034
2026-02-24T10:24:47.000000,1539.1754500000252,-12822.712000000069,-11283.536550000033
2026-02-24T10:25:52.000000,1539.1754500000252,-12817.478850000069,-11278.303400000033
2026-02-24T10:26:07.000000,1539.1754500000252,-12839.10815000007,-11299.932700000034
2026-02-24T10:32:12.000000,1539.1754500000252,-12846.76415000007,-11307.588700000035
2026-02-24T10:33:12.000000,1539.1754500000252,-12854.73855000007,-11315.563100000034
2026-02-24T10:33:17.000000,1539.1754500000252,-12876.703850000069,-11337.528400000034
2026-02-24T10:36:02.000000,1539.1754500000252,-12869.30960000007,-11330.134150000034
2026-02-24T10:38:17.000000,1539.1754500000252,-12892.15985000007,-11352.984400000034
2026-02-24T10:39:17.000000,1539.1754500000252,-12915.010100000069,-11375.834650000033
2026-02-24T10:43:27.000000,1539.1754500000252,-12934.557500000068,-11395.382050000033
2026-02-24T10:43:37.000000,1539.1754500000252,-12954.104900000068,-11414.929450000032
2026-02-24T10:44:27.000000,1539.1754500000252,-12991.677400000068,-11452.501950000033
2026-02-24T10:47:52.000000,1539.1754500000252,-13014.455650000067,-11475.280200000032
2026-02-24T10:48:07.000000,1539.1754500000252,-13052.236150000066,-11513.060700000031
2026-02-24T10:49:12.000000,1539.1754500000252,-13059.952950000066,-11520.777500000031
2026-02-24T10:51:34.000000,1539.1754500000252,-13211.529750000067,-11672.354300000032
2026-02-24T10:52:37.000000,1539.1754500000252,-13228.827250000068,-11689.651800000032
2026-02-24T10:52:52.000000,1539.1754500000252,-13223.562900000066,-11684.387450000031
2026-02-24T10:53:47.000000,1539.1754500000252,-13399.143300000065,-11859.96785000003
2026-02-24T10:53:47.000000,1539.1754500000252,-13393.858150000066,-11854.68270000003
2026-02-24T10:59:52.000000,1539.1754500000252,-13443.838850000066,-11904.66340000003
2026-02-24T11:00:57.000000,1539.1754500000252,-13464.516000000067,-11925.340550000032
2026-02-24T11:05:12.000000,1539.1754500000252,-13472.376000000068,-11933.200550000032
2026-02-24T11:06:42.000000,1539.1754500000252,-13508.052200000067,-11968.876750000032
2026-02-24T11:08:12.000000,1539.1754500000252,-13502.694250000066,-11963.51880000003
2026-02-24T11:08:42.000000,1539.1754500000252,-13524.368350000066,-11985.192900000031
2026-02-24T11:10:07.000000,1539.1754500000252,-13532.192350000067,-11993.016900000031
2026-02-24T11:10:12.000000,1539.1754500000252,-13553.877650000066,-12014.70220000003
2026-02-24T11:11:37.000000,1539.1754500000252,-13561.359250000065,-12022.18380000003
2026-02-24T11:14:52.000000,1539.1754500000252,-13629.125050000066,-12089.94960000003
2026-02-24T11:15:37.000000,1539.1754500000252,-13636.808250000066,-12097.63280000003
2026-02-24T11:22:32.000000,1539.1754500000252,-13739.134650000065,-12199.95920000003
2026-02-24T11:23:22.000000,1539.1754500000252,-13768.785150000067,-12229.609700000032
2026-02-24T11:24:22.000000,1539.1754500000252,-13790.459250000067,-12251.283800000032
2026-02-24T11:24:57.000000,1539.1754500000252,-13823.899150000067,-12284.723700000031
2026-02-24T13:02:32.000000,1539.1754500000252,-13857.339050000066,-12318.16360000003
2026-02-24T13:04:47.000000,1539.1754500000252,-13854.969550000065,-12315.79410000003
2026-02-24T13:05:27.000000,1539.1754500000252,-13823.430900000067,-12284.255450000031
2026-02-24T13:05:42.000000,1539.1754500000252,-13843.941650000068,-12304.766200000033
2026-02-24T13:06:42.000000,1539.1754500000252,-13861.615150000067,-12322.439700000032
2026-02-24T13:07:42.000000,1539.1754500000252,-13869.487150000066,-12330.311700000031
2026-02-24T13:07:47.000000,1539.1754500000252,-13883.740200000066,-12344.56475000003
2026-02-24T13:11:57.000000,1539.1754500000252,-13880.535350000066,-12341.35990000003
2026-02-24T13:13:12.000000,1539.1754500000252,-13897.976850000065,-12358.80140000003
2026-02-24T13:14:03.000000,1539.1754500000252,-13953.984050000065,-12414.80860000003
2026-02-24T13:14:37.000000,1539.1754500000252,-13961.680050000065,-12422.50460000003
2026-02-24T13:15:57.000000,1539.1754500000252,-13969.264050000065,-12430.08860000003
2026-02-24T13:18:52.000000,1539.1754500000252,-13976.720850000065,-12437.54540000003
2026-02-24T13:19:02.000000,1539.1754500000252,-13942.218550000065,-12403.04310000003
2026-02-24T13:21:42.000000,1539.1754500000252,-13938.837700000066,-12399.66225000003
2026-02-24T13:21:57.000000,1539.1754500000252,-13946.440100000065,-12407.26465000003
2026-02-24T13:23:37.000000,1539.1754500000252,-13953.972900000066,-12414.797450000031
2026-02-24T13:25:52.000000,1539.1754500000252,-13961.600100000067,-12422.424650000032
2026-02-24T13:27:13.000000,1539.1754500000252,-14001.604900000068,-12462.429450000032
2026-02-24T13:27:52.000000,1539.1754500000252,-14009.290500000068,-12470.115050000033
2026-02-24T13:28:32.000000,1539.1754500000252,-14029.728450000068,-12490.553000000033
2026-02-24T13:33:12.000000,1539.1754500000252,-14067.388950000068,-12528.213500000033
2026-02-24T13:33:37.000000,1539.1754500000252,-14074.870550000067,-12535.695100000032
2026-02-24T13:34:07.000000,1539.1754500000252,-14096.343050000067,-12557.167600000032
2026-02-24T13:34:17.000000,1539.1754500000252,-14119.013300000066,-12579.83785000003
2026-02-24T13:34:27.000000,1539.1754500000252,-14141.683550000065,-12602.50810000003
2026-02-24T13:34:32.000000,1539.1754500000252,-14162.423100000065,-12623.24765000003
2026-02-24T13:35:02.000000,1539.1754500000252,-14215.097850000064,-12675.922400000029
2026-02-24T13:38:02.000000,1539.1754500000252,-14240.029200000063,-12700.853750000028
2026-02-24T13:38:07.000000,1539.1754500000252,-14233.643100000063,-12694.467650000028
2026-02-24T13:39:57.000000,1539.1754500000252,-14241.439900000063,-12702.264450000028
2026-02-24T13:41:32.000000,1539.1754500000252,-14249.131900000062,-12709.956450000027
2026-02-24T13:42:17.000000,1539.1754500000252,-14257.060700000062,-12717.885250000027
2026-02-24T13:42:27.000000,1539.1754500000252,-14264.752700000061,-12725.577250000026
2026-02-24T13:43:17.000000,1539.1754500000252,-14272.68150000006,-12733.506050000025
2026-02-24T13:51:42.000000,1539.1754500000252,-14224.28910000006,-12685.113650000025
2026-02-24T13:52:47.000000,1539.1754500000252,-14246.28800000006,-12707.112550000025
2026-02-24T13:52:57.000000,1539.1754500000252,-14253.89280000006,-12714.717350000024
2026-02-24T13:54:48.000000,1539.1754500000252,-14277.895200000059,-12738.719750000024
2026-02-24T13:58:17.000000,1539.1754500000252,-14300.889450000059,-12761.714000000024
2026-02-24T14:00:52.000000,1539.1754500000252,-14298.16795000006,-12758.992500000024
2026-02-24T14:03:27.000000,1539.1754500000252,-14344.82820000006,-12805.652750000025
2026-02-24T14:03:52.000000,1539.1754500000252,-14322.10370000006,-12782.928250000024
2026-02-24T14:04:02.000000,1539.1754500000252,-14358.10470000006,-12818.929250000025
2026-02-24T14:04:12.000000,1539.1754500000252,-14385.707700000059,-12846.532250000024
2026-02-24T14:04:37.000000,1539.1754500000252,-14406.17685000006,-12867.001400000025
2026-02-24T14:07:02.000000,1539.1754500000252,-14427.794950000061,-12888.619500000026
2026-02-24T14:07:23.000000,1539.1754500000252,-14450.32120000006,-12911.145750000025
2026-02-24T14:08:12.000000,1539.1754500000252,-14470.75915000006,-12931.583700000025
2026-02-24T14:10:47.000000,1539.1754500000252,-14478.363950000059,-12939.188500000024
2026-02-24T14:18:07.000000,1539.1754500000252,-14499.970850000058,-12960.795400000023
2026-02-24T14:24:42.000000,1539.1754500000252,-14520.419200000058,-12981.243750000023
2026-02-24T14:26:42.000000,1539.1754500000252,-14528.084000000059,-12988.908550000024
2026-02-24T14:28:47.000000,1539.1754500000252,-14574.74425000006,-13035.568800000025
2026-02-24T14:28:52.000000,1539.1754500000252,-14596.74315000006,-13057.567700000025
2026-02-24T14:29:12.000000,1539.1754500000252,-14618.74205000006,-13079.566600000026
2026-02-24T14:31:17.000000,1539.1754500000252,-14639.419200000062,-13100.243750000027
2026-02-24T14:31:22.000000,1539.1754500000252,-14647.043200000062,-13107.867750000027
2026-02-24T14:32:57.000000,1539.1754500000252,-14668.297300000062,-13129.121850000027
2026-02-24T14:34:42.000000,1539.1754500000252,-14675.977300000062,-13136.801850000027
2026-02-24T14:35:47.000000,1539.1754500000252,-14683.645300000062,-13144.469850000027
2026-02-24T14:36:42.000000,1539.1754500000252,-14691.393300000062,-13152.217850000026
2026-02-24T14:37:02.000000,1539.1754500000252,-14699.068500000061,-13159.893050000026
2026-02-24T14:42:12.000000,1539.1754500000252,-14693.658550000062,-13154.483100000027
2026-02-24T14:42:27.000000,1539.1754500000252,-14701.396150000062,-13162.220700000027
2026-02-24T14:44:12.000000,1559.7667000000251,-14701.396150000062,-13141.629450000028
2026-02-24T14:44:58.000000,1559.7667000000251,-14723.910400000063,-13164.143700000028
2026-02-24T14:45:02.000000,1559.7667000000251,-14748.828150000063,-13189.061450000028
2026-02-24T14:59:55.000000,1559.7667000000251,-14795.550800000063,-13235.784100000028
2026-02-24T14:59:55.000000,1559.7667000000251,-14829.281900000064,-13269.515200000029
2026-02-24T14:59:55.000000,1559.7667000000251,-14863.013000000064,-13303.24630000003
2026-02-24T14:59:55.000000,1559.7667000000251,-14896.744100000065,-13336.97740000003
2026-02-24T14:59:55.000000,1559.7667000000251,-14956.458300000066,-13396.691600000031
2026-02-24T15:00:00.000000,1559.7667000000251,-15000.412500000068,-13440.645800000033
2026-02-24T15:00:00.000000,1559.7667000000251,-15044.36670000007,-13484.600000000035
2026-02-24T15:00:00.000000,1559.7667000000251,-15076.32870000007,-13516.562000000034
2026-02-25T09:53:57.000000,1559.7667000000251,-15227.809500000069,-13668.042800000034
2026-02-25T10:08:32.000000,1559.7667000000251,-15299.614300000068,-13739.847600000034
2026-02-25T10:08:32.000000,1565.4373000000248,-15299.614300000068,-13734.177000000034
2026-02-25T10:08:37.000000,1571.1103000000246,-15299.614300000068,-13728.504000000035
2026-02-25T10:08:42.000000,1587.363500000024,-15299.614300000068,-13712.250800000036
2026-02-25T10:08:42.000000,1596.0345500000233,-15299.614300000068,-13703.579750000037
2026-02-25T10:08:47.000000,1612.2877500000227,-15299.614300000068,-13687.326550000038
2026-02-25T10:08:52.000000,1612.5449500000225,-15299.614300000068,-13687.069350000038
2026-02-25T10:09:07.000000,1649.768500000023,-15299.614300000068,-13649.845800000037
2026-02-25T10:09:17.000000,1666.0281000000225,-15299.614300000068,-13633.586200000038
2026-02-25T10:09:22.000000,1684.460800000023,-15299.614300000068,-13615.153500000037
2026-02-25T10:09:37.000000,1748.6740000000232,-15299.614300000068,-13550.940300000037
2026-02-25T10:09:42.000000,1756.9388000000229,-15299.614300000068,-13542.675500000038
2026-02-25T10:23:49.000000,1756.9388000000229,-15377.173600000067,-13620.234800000037
2026-02-25T10:25:37.000000,1756.9388000000229,-15305.121600000068,-13548.182800000037
2026-02-25T10:25:47.000000,1756.9388000000229,-15312.681600000067,-13555.742800000036
2026-02-25T10:26:02.000000,1756.9388000000229,-15320.241600000067,-13563.302800000036
2026-02-25T10:26:07.000000,1756.9388000000229,-15327.801600000066,-13570.862800000035
2026-02-25T10:26:35.000000,1756.9388000000229,-15320.431350000066,-13563.492550000035
2026-02-25T10:27:12.000000,1756.9388000000229,-15277.231850000067,-13520.293050000037
2026-02-25T10:27:57.000000,1756.9388000000229,-15270.101600000067,-13513.162800000036
2026-02-25T10:28:12.000000,1756.9388000000229,-15264.566850000068,-13507.628050000038
2026-02-25T10:28:52.000000,1756.9388000000229,-15256.324600000069,-13499.385800000038
2026-02-25T10:29:05.000000,1756.9388000000229,-15248.942350000068,-13492.003550000038
2026-02-25T10:29:40.000000,1756.9388000000229,-15256.550350000069,-13499.611550000038
2026-02-25T10:30:52.000000,1756.9388000000229,-15278.246850000069,-13521.308050000038
2026-02-25T10:30:57.000000,1756.9388000000229,-15299.943350000069,-13543.004550000038
2026-02-25T10:34:22.000000,1756.9388000000229,-15277.834850000068,-13520.896050000038
2026-02-25T10:38:42.000000,1756.9388000000229,-15298.293600000068,-13541.354800000037
2026-02-25T10:39:22.000000,1756.9388000000229,-15333.99220000007,-13577.053400000039
2026-02-25T10:40:57.000000,1756.9388000000229,-15367.442500000068,-13610.503700000037
2026-02-25T10:41:37.000000,1756.9388000000229,-15384.764000000068,-13627.825200000038
2026-02-25T10:42:27.000000,1756.9388000000229,-15320.01080000007,-13563.072000000038
2026-02-25T10:43:07.000000,1756.9388000000229,-15282.22565000007,-13525.286850000039
2026-02-25T10:43:12.000000,1756.9388000000229,-15244.44050000007,-13487.501700000039
2026-02-25T10:44:35.000000,1756.9388000000229,-15267.050750000071,-13510.11195000004
2026-02-25T10:44:37.000000,1756.9388000000229,-15263.441100000071,-13506.50230000004
2026-02-25T10:45:32.000000,1756.9388000000229,-15283.89985000007,-13526.96105000004
2026-02-25T10:45:37.000000,1756.9388000000229,-15305.607550000072,-13548.66875000004
2026-02-25T10:46:27.000000,1756.9388000000229,-15283.603050000072,-13526.664250000042
2026-02-25T10:54:10.000000,1756.9388000000229,-15291.211050000073,-13534.272250000042
2026-02-25T10:56:12.000000,1756.9388000000229,-15311.950600000073,-13555.011800000042
2026-02-25T10:56:12.000000,1756.9388000000229,-15358.558850000072,-13601.620050000041
2026-02-25T10:57:57.000000,1756.9388000000229,-15366.096450000072,-13609.157650000041
2026-02-25T10:58:57.000000,1756.9388000000229,-15362.910950000072,-13605.972150000041
2026-02-25T11:03:52.000000,1756.9388000000229,-15385.425200000072,-13628.486400000042
2026-02-25T11:05:12.000000,1756.9388000000229,-15326.960900000073,-13570.022100000042
2026-02-25T11:06:22.000000,1756.9388000000229,-15360.588000000072,-13603.649200000042
2026-02-25T11:11:42.000000,1756.9388000000229,-15368.372000000072,-13611.433200000041
2026-02-25T11:15:18.000000,1756.9388000000229,-15352.192400000073,-13595.253600000042
2026-02-25T11:18:07.000000,1739.1133000000214,-15352.192400000073,-13613.079100000043
2026-02-25T11:19:50.000000,1739.1133000000214,-15374.850650000073,-13635.737350000043
2026-02-25T11:20:12.000000,1739.1133000000214,-15340.538750000072,-13601.425450000042
2026-02-25T11:22:27.000000,1731.2893000000213,-15340.538750000072,-13609.249450000043
2026-02-25T11:26:12.000000,1731.2893000000213,-15374.113850000072,-13642.824550000043
2026-02-25T13:02:07.000000,1731.2893000000213,-15394.843000000074,-13663.553700000044
2026-02-25T13:02:42.000000,1731.2893000000213,-15417.729250000073,-13686.439950000044
2026-02-25T13:03:12.000000,1731.2893000000213,-15455.269750000072,-13723.980450000043
2026-02-25T13:03:37.000000,1763.4313000000204,-15455.269750000072,-13691.838450000043
2026-02-25T13:04:07.000000,1763.4313000000204,-15477.784000000072,-13714.352700000043
2026-02-25T13:06:12.000000,1763.4313000000204,-15499.334900000073,-13735.903600000043
2026-02-25T13:07:07.000000,1763.4313000000204,-15591.025100000072,-13827.593800000042
2026-02-25T13:07:32.000000,1763.4313000000204,-15556.769200000073,-13793.337900000044
2026-02-25T13:08:47.000000,1763.4313000000204,-15564.317200000074,-13800.885900000045
2026-02-25T13:10:22.000000,1763.4313000000204,-15661.866700000073,-13898.435400000044
2026-02-25T13:15:17.000000,1763.4313000000204,-15654.448450000074,-13891.017150000045
2026-02-25T13:15:37.000000,1763.4313000000204,-15647.995150000075,-13884.563850000046
2026-02-25T13:15:42.000000,1763.4313000000204,-15625.586650000076,-13862.155350000046
2026-02-25T13:16:22.000000,1763.4313000000204,-15663.127150000075,-13899.695850000046
2026-02-25T13:16:32.000000,1763.4313000000204,-15670.711150000076,-13907.279850000046
2026-02-25T13:16:47.000000,1763.4313000000204,-15678.295150000076,-13914.863850000047
2026-02-25T13:16:52.000000,1763.4313000000204,-15685.879150000077,-13922.447850000048
2026-02-25T13:19:22.000000,1763.4313000000204,-15738.445900000077,-13975.014600000048
2026-02-25T13:20:17.000000,1763.4313000000204,-15791.012650000077,-14027.581350000048
2026-02-25T13:21:12.000000,1763.4313000000204,-15774.588250000077,-14011.156950000048
2026-02-25T13:21:42.000000,1763.4313000000204,-15797.162500000077,-14033.731200000047
2026-02-25T13:22:42.000000,1763.4313000000204,-15804.746500000078,-14041.315200000048
2026-02-25T13:24:27.000000,1763.4313000000204,-15812.213700000077,-14048.782400000047
2026-02-25T13:32:42.000000,1763.4313000000204,-15804.807450000077,-14041.376150000047
2026-02-25T13:33:07.000000,1763.4313000000204,-15792.668450000077,-14029.237150000048
2026-02-25T13:36:07.000000,1763.4313000000204,-15800.458050000077,-14037.026750000048
2026-02-25T13:44:50.000000,1763.4313000000204,-15844.131450000077,-14080.700150000048
2026-02-25T13:45:14.000000,1763.4313000000204,-15867.113700000076,-14103.682400000047
2026-02-25T13:45:22.000000,1763.4313000000204,-15915.576000000076,-14152.144700000046
2026-02-25T13:45:52.000000,1763.4313000000204,-15949.040850000076,-14185.609550000047
2026-02-25T13:47:12.000000,1763.4313000000204,-15970.602950000075,-14207.171650000046
2026-02-25T13:50:07.000000,1763.4313000000204,-16008.455450000076,-14245.024150000047
2026-02-25T13:51:17.000000,1763.4313000000204,-16031.041700000076,-14267.610400000047
2026-02-25T13:53:27.000000,1763.4313000000204,-16043.553800000078,-14280.122500000049
2026-02-25T13:54:42.000000,1763.4313000000204,-16064.002150000078,-14300.57085000005
2026-02-25T14:01:07.000000,1763.4313000000204,-16071.461350000078,-14308.030050000049
2026-02-25T14:03:02.000000,1763.4313000000204,-16066.238600000077,-14302.807300000048
2026-02-25T14:03:32.000000,1763.4313000000204,-16074.007400000077,-14310.576100000048
2026-02-25T14:03:37.000000,1763.4313000000204,-16081.776200000077,-14318.344900000047
2026-02-25T14:05:32.000000,1763.4313000000204,-16075.367700000077,-14311.936400000048
2026-02-25T14:09:37.000000,1763.4313000000204,-16083.115700000077,-14319.684400000047
2026-02-25T14:10:12.000000,1763.4313000000204,-16051.566650000077,-14288.135350000048
2026-02-25T14:11:07.000000,1763.4313000000204,-16031.245650000077,-14267.814350000048
2026-02-25T14:11:12.000000,1763.4313000000204,-16010.924650000077,-14247.493350000048
2026-02-25T14:12:22.000000,1763.4313000000204,-15990.603650000077,-14227.172350000048
2026-02-25T14:13:47.000000,1763.4313000000204,-15998.451650000077,-14235.020350000048
2026-02-25T14:22:12.000000,1763.4313000000204,-16018.023050000078,-14254.591750000049
2026-02-25T14:24:07.000000,1763.4313000000204,-16043.55215000008,-14280.12085000005
2026-02-25T14:25:17.000000,1726.294800000021,-16043.55215000008,-14317.257350000049
2026-02-25T14:25:27.000000,1694.1510500000206,-16043.55215000008,-14349.40110000005
2026-02-25T14:25:52.000000,1656.8425500000212,-16043.55215000008,-14386.70960000005
2026-02-25T14:26:02.000000,1656.8425500000212,-16066.354400000078,-14409.511850000048
2026-02-25T14:27:57.000000,1656.8425500000212,-16088.34210000008,-14431.49955000005
2026-02-25T14:29:17.000000,1656.8425500000212,-16111.180350000079,-14454.337800000048
2026-02-25T14:30:47.000000,1656.8425500000212,-16119.154750000078,-14462.312200000048
2026-02-25T14:36:12.000000,1656.8425500000212,-16140.694450000077,-14483.851900000047
2026-02-25T14:42:27.000000,1656.8425500000212,-16168.505450000077,-14511.662900000047
2026-02-25T14:42:37.000000,1656.8425500000212,-16196.316450000077,-14539.473900000046
2026-02-25T14:44:42.000000,1656.8425500000212,-16229.964350000077,-14573.121800000046
2026-02-25T14:45:02.000000,1656.8425500000212,-16250.464700000077,-14593.622150000047
2026-02-25T14:45:02.000000,1656.8425500000212,-16271.204250000077,-14614.361700000047
2026-02-25T14:59:55.000000,1656.8425500000212,-16398.998250000077,-14742.155700000047
2026-02-26T09:54:07.000000,1661.4235500000216,-16398.998250000077,-14737.574700000047
2026-02-26T09:55:32.000000,1670.0019500000212,-16398.998250000077,-14728.996300000046
2026-02-26T09:59:22.000000,1666.1864000000216,-16398.998250000077,-14732.811850000046
2026-02-26T09:59:32.000000,1658.7400000000216,-16398.998250000077,-14740.258250000046
2026-02-26T09:59:42.000000,1663.9258000000225,-16398.998250000077,-14735.072450000045
2026-02-26T09:59:47.000000,1669.1116000000234,-16398.998250000077,-14729.886650000044
2026-02-26T09:59:52.000000,1677.3002500000237,-16398.998250000077,-14721.698000000044
2026-02-26T09:59:57.000000,1682.4860500000245,-16398.998250000077,-14716.512200000043
2026-02-26T09:59:57.000000,1675.0396500000245,-16398.998250000077,-14723.958600000044
2026-02-26T10:02:02.000000,1689.210950000024,-16398.998250000077,-14709.787300000044
2026-02-26T10:02:07.000000,1703.3822500000235,-16398.998250000077,-14695.616000000044
2026-02-26T10:02:32.000000,1728.5640000000249,-16398.998250000077,-14670.434250000042
2026-02-26T10:07:42.000000,1728.5640000000249,-16366.432250000076,-14637.868250000041
2026-02-26T10:09:12.000000,1728.5640000000249,-16373.980250000077,-14645.416250000042
2026-02-26T10:12:22.000000,1728.5640000000249,-16507.491950000076,-14778.927950000041
2026-02-26T10:13:32.000000,1698.8519000000254,-16507.491950000076,-14808.64005000004
2026-02-26T10:13:37.000000,1698.8519000000254,-16599.019750000076,-14900.16785000004
2026-02-26T10:14:07.000000,1698.8519000000254,-16591.733500000075,-14892.88160000004
2026-02-26T10:15:12.000000,1698.8519000000254,-16471.675900000075,-14772.824000000042
2026-02-26T10:15:32.000000,1690.8663000000254,-16471.675900000075,-14780.809600000042
2026-02-26T10:15:52.000000,1690.8663000000254,-16451.455700000075,-14760.589400000043
2026-02-26T10:16:02.000000,1690.8663000000254,-16398.710700000076,-14707.844400000042
2026-02-26T10:18:17.000000,1690.8663000000254,-16428.634000000075,-14737.767700000042
2026-02-26T10:18:37.000000,1672.3142500000256,-16428.634000000075,-14756.319750000042
2026-02-26T10:18:47.000000,1672.3142500000256,-16403.584250000073,-14731.27000000004
2026-02-26T10:18:57.000000,1672.3142500000256,-16397.20935000007,-14724.89510000004
2026-02-26T10:19:02.000000,1672.3142500000256,-16372.159600000068,-14699.845350000038
2026-02-26T10:19:07.000000,1672.3142500000256,-16336.117000000067,-14663.802750000037
2026-02-26T10:19:12.000000,1672.3142500000256,-16311.067250000066,-14638.753000000035
2026-02-26T10:19:17.000000,1672.3142500000256,-16297.027950000063,-14624.713700000033
2026-02-26T10:19:22.000000,1672.3142500000256,-16271.987000000063,-14599.672750000032
2026-02-26T10:19:27.000000,1672.3142500000256,-16246.946050000062,-14574.631800000032
2026-02-26T10:19:37.000000,1672.3142500000256,-16243.890800000063,-14571.576550000033
2026-02-26T10:19:42.000000,1672.3142500000256,-16251.837200000064,-14579.522950000033
2026-02-26T10:19:47.000000,1672.3142500000256,-16259.783600000064,-14587.469350000034
2026-02-26T10:19:57.000000,1672.3142500000256,-16267.721200000064,-14595.406950000033
2026-02-26T10:20:02.000000,1672.3142500000256,-16289.294500000065,-14616.980250000035
2026-02-26T10:20:32.000000,1672.3142500000256,-16330.219450000064,-14657.905200000034
2026-02-26T10:22:17.000000,1672.3142500000256,-16338.157050000063,-14665.842800000033
2026-02-26T10:25:37.000000,1651.8139000000258,-16338.157050000063,-14686.343150000033
2026-02-26T10:26:22.000000,1651.8139000000258,-16312.579300000065,-14660.765400000035
2026-02-26T10:26:37.000000,1631.313550000026,-16312.579300000065,-14681.265750000035
2026-02-26T10:26:42.000000,1610.8132000000262,-16312.579300000065,-14701.766100000035
2026-02-26T10:26:47.000000,1610.8132000000262,-16305.101050000065,-14694.287850000035
2026-02-26T10:27:02.000000,1590.3128500000264,-16305.101050000065,-14714.788200000035
2026-02-26T10:27:27.000000,1546.5674500000255,-16305.101050000065,-14758.533600000037
2026-02-26T10:27:47.000000,1546.5674500000255,-16191.545300000065,-14644.977850000038
2026-02-26T10:28:27.000000,1513.5418000000254,-16191.545300000065,-14678.003500000037
2026-02-26T10:28:32.000000,1477.5181000000262,-16191.545300000065,-14714.027200000037
2026-02-26T10:28:47.000000,1441.4968000000258,-16191.545300000065,-14750.048500000037
2026-02-26T10:29:22.000000,1411.4716000000253,-16191.545300000065,-14780.073700000037
2026-02-26T10:30:17.000000,1411.4716000000253,-16184.127050000066,-14772.655450000038
2026-02-26T10:35:22.000000,1361.5133000000262,-16184.127050000066,-14822.613750000037
2026-02-26T10:36:07.000000,1361.5133000000262,-16199.824400000065,-14838.311100000035
2026-02-26T10:36:27.000000,1353.9629000000261,-16199.824400000065,-14845.861500000035
2026-02-26T10:36:27.000000,1353.9629000000261,-16193.561500000065,-14839.598600000036
2026-02-26T10:37:02.000000,1334.5739000000265,-16193.561500000065,-14858.987600000035
2026-02-26T10:37:17.000000,1291.1909000000273,-16193.561500000065,-14902.370600000035
2026-02-26T10:40:37.000000,1297.2298000000271,-16193.561500000065,-14896.331700000035
2026-02-26T10:41:12.000000,1303.2575000000268,-16193.561500000065,-14890.304000000035
2026-02-26T10:41:32.000000,1303.2575000000268,-16276.192750000066,-14972.935250000035
2026-02-26T10:43:52.000000,1303.2575000000268,-16456.135350000066,-15152.877850000035
2026-02-26T10:44:52.000000,1303.2575000000268,-16463.815350000066,-15160.557850000036
2026-02-26T10:45:22.000000,1303.2575000000268,-16471.295350000066,-15168.037850000035
2026-02-26T10:46:02.000000,1349.8832000000266,-16471.295350000066,-15121.412150000035
2026-02-26T10:46:12.000000,1396.5137000000266,-16471.295350000066,-15074.781650000035
2026-02-26T10:46:17.000000,1455.1412000000273,-16471.295350000066,-15016.154150000035
2026-02-26T10:46:22.000000,1501.7765000000272,-16471.295350000066,-14969.518850000035
2026-02-26T10:46:27.000000,1560.408800000028,-16471.295350000066,-14910.886550000034
2026-02-26T10:46:32.000000,1613.0450000000276,-16471.295350000066,-14858.250350000035
2026-02-26T10:46:37.000000,1605.4330000000275,-16471.295350000066,-14865.862350000034
2026-02-26T10:46:37.000000,1670.0662000000282,-16471.295350000066,-14801.229150000034
2026-02-26T10:46:42.000000,1716.701500000028,-16471.295350000066,-14754.593850000034
2026-02-26T10:46:47.000000,1763.332000000028,-16471.295350000066,-14707.963350000035
2026-02-26T10:46:52.000000,1821.9643000000287,-16471.295350000066,-14649.331050000033
2026-02-26T10:46:57.000000,1880.5966000000294,-16471.295350000066,-14590.698750000032
2026-02-26T10:47:02.000000,1963.2229000000295,-16471.295350000066,-14508.072450000032
2026-02-26T10:47:07.000000,2033.8474000000301,-16471.295350000066,-14437.447950000033
2026-02-26T10:47:22.000000,2116.46410000003,-16471.295350000066,-14354.831250000032
2026-02-26T10:47:37.000000,2199.08080000003,-16471.295350000066,-14272.214550000032
2026-02-26T10:49:12.000000,2199.08080000003,-16568.880850000067,-14369.80005000003
2026-02-26T10:52:42.000000,2199.08080000003,-16621.48360000007,-14422.40280000003
2026-02-26T10:52:57.000000,2199.08080000003,-16642.03595000007,-14442.955150000033
2026-02-26T10:53:32.000000,2199.08080000003,-16663.530850000072,-14464.450050000032
2026-02-26T10:53:37.000000,2199.08080000003,-16761.140350000074,-14562.059550000033
2026-02-26T10:53:37.000000,2199.08080000003,-16782.635250000076,-14583.554450000032
2026-02-26T10:53:42.000000,2199.08080000003,-16790.080050000077,-14590.999250000032
2026-02-26T10:54:17.000000,2199.08080000003,-16797.640850000076,-14598.560050000031
2026-02-26T10:54:32.000000,2199.08080000003,-16820.275100000075,-14621.19430000003
2026-02-26T10:54:37.000000,2199.08080000003,-16827.835900000075,-14628.75510000003
2026-02-26T10:55:22.000000,2199.08080000003,-16821.483400000074,-14622.40260000003
2026-02-26T10:56:22.000000,2199.08080000003,-16842.955900000074,-14643.87510000003
2026-02-26T10:57:52.000000,2199.08080000003,-16865.578150000074,-14666.49735000003
2026-02-26T11:00:42.000000,2199.08080000003,-16859.057650000075,-14659.97685000003
2026-02-26T11:01:52.000000,2199.08080000003,-16892.643150000076,-14693.562350000031
2026-02-26T11:03:22.000000,2199.08080000003,-16900.087950000077,-14701.00715000003
2026-02-26T11:03:32.000000,2199.08080000003,-16922.770200000075,-14723.68940000003
2026-02-26T11:03:42.000000,2199.08080000003,-16864.117100000076,-14665.036300000032
2026-02-26T11:04:49.000000,2199.08080000003,-16913.672200000077,-14714.591400000032
2026-02-26T11:07:22.000000,2199.08080000003,-16996.363450000077,-14797.282650000032
2026-02-26T11:09:14.000000,2199.08080000003,-17045.929750000076,-14846.848950000032
2026-02-26T11:10:32.000000,2245.341700000029,-17045.929750000076,-14800.588050000033
2026-02-26T11:10:32.000000,2245.341700000029,-17020.360800000075,-14775.019100000034
2026-02-26T11:11:27.000000,2245.341700000029,-17178.123300000076,-14932.781600000033
2026-02-26T11:11:32.000000,2245.341700000029,-17152.545550000075,-14907.203850000034
2026-02-26T11:11:42.000000,2245.341700000029,-17325.310300000077,-15079.968600000035
2026-02-26T11:11:57.000000,2245.341700000029,-17345.945850000076,-15100.604150000036
2026-02-26T11:11:57.000000,2245.341700000029,-17518.71060000008,-15273.368900000036
2026-02-26T11:12:22.000000,2245.341700000029,-17766.474600000078,-15521.132900000037
2026-02-26T11:14:14.000000,2245.341700000029,-17774.057000000077,-15528.715300000036
2026-02-26T11:14:42.000000,2245.341700000029,-17781.527400000075,-15536.185700000036
2026-02-26T11:15:52.000000,2245.341700000029,-17859.033900000075,-15613.692200000034
2026-02-26T11:16:12.000000,2202.07870000003,-17859.033900000075,-15656.955200000033
2026-02-26T11:19:22.000000,2202.07870000003,-17838.746500000074,-15636.667800000032
2026-02-26T11:19:37.000000,2202.07870000003,-17886.296500000073,-15684.217800000033
2026-02-26T11:20:22.000000,2202.07870000003,-17882.757250000075,-15680.678550000033
2026-02-26T11:21:22.000000,2202.07870000003,-17905.343500000075,-15703.264800000034
2026-02-26T11:22:12.000000,2202.07870000003,-17871.121200000074,-15669.042500000034
2026-02-26T11:22:52.000000,2202.07870000003,-17900.736500000075,-15698.657800000034
2026-02-26T11:23:07.000000,2202.07870000003,-17930.351800000077,-15728.273100000033
2026-02-26T11:23:27.000000,2202.07870000003,-17882.10500000008,-15680.026300000034
2026-02-26T11:26:07.000000,2202.07870000003,-17889.64900000008,-15687.570300000034
2026-02-26T11:26:12.000000,2202.07870000003,-17897.193000000083,-15695.114300000034
2026-02-26T11:27:52.000000,2266.1311000000305,-17897.193000000083,-15631.061900000033
2026-02-26T11:28:57.000000,2266.1311000000305,-17876.928000000084,-15610.796900000034
2026-02-26T11:29:17.000000,2266.1311000000305,-17870.653900000085,-15604.522800000033
2026-02-26T11:29:57.000000,2266.1311000000305,-17878.370700000083,-15612.239600000034
2026-02-26T13:00:12.000000,2266.1311000000305,-17913.845300000085,-15647.714200000035
2026-02-26T13:00:12.000000,2266.1311000000305,-17933.575100000086,-15667.444000000034
2026-02-26T13:01:27.000000,2266.1311000000305,-17941.063100000087,-15674.932000000033
2026-02-26T13:02:24.000000,2266.1311000000305,-18144.686100000086,-15878.555000000033
2026-02-26T13:03:22.000000,2266.1311000000305,-18026.372800000085,-15760.241700000033
2026-02-26T13:03:32.000000,2266.1311000000305,-18076.185500000083,-15810.054400000034
2026-02-26T13:03:37.000000,2266.1311000000305,-18069.139250000084,-15803.008150000034
2026-02-26T13:03:47.000000,2266.1311000000305,-18047.090750000083,-15780.959650000035
2026-02-26T13:03:47.000000,2266.1311000000305,-18054.609950000082,-15788.478850000036
2026-02-26T13:04:02.000000,2266.1311000000305,-17936.296650000084,-15670.165550000036
2026-02-26T13:04:12.000000,2266.1311000000305,-17943.892650000085,-15677.761550000036
2026-02-26T13:04:53.000000,2266.1311000000305,-18050.281900000085,-15784.150800000036
2026-02-26T13:06:54.000000,2266.1311000000305,-18086.036500000086,-15819.905400000036
2026-02-26T13:10:42.000000,2266.1311000000305,-18103.350000000086,-15837.218900000036
2026-02-26T13:10:54.000000,2266.1311000000305,-18083.107400000088,-15816.976300000037
2026-02-26T13:11:09.000000,2266.1311000000305,-18048.86270000009,-15782.731600000037
2026-02-26T13:12:12.000000,2266.1311000000305,-18071.496950000088,-15805.365850000037
2026-02-26T13:12:47.000000,2266.1311000000305,-18111.22015000009,-15845.089050000035
2026-02-26T13:14:42.000000,2266.1311000000305,-18097.07525000009,-15830.944150000036
2026-02-26T13:19:04.000000,2266.1311000000305,-18104.803250000088,-15838.672150000035
2026-02-26T13:19:47.000000,2266.1311000000305,-18099.45570000009,-15833.324600000034
2026-02-26T13:19:47.000000,2266.1311000000305,-18082.15995000009,-15816.028850000033
2026-02-26T13:23:17.000000,2266.1311000000305,-18104.73420000009,-15838.603100000033
2026-02-26T13:23:32.000000,2266.1311000000305,-18123.56785000009,-15857.436750000033
2026-02-26T13:23:42.000000,2266.1311000000305,-18146.09410000009,-15879.963000000032
2026-02-26T13:25:52.000000,2266.1311000000305,-18081.44970000009,-15815.318600000033
2026-02-26T13:25:57.000000,2266.1311000000305,-18016.81170000009,-15750.680600000034
2026-02-26T13:27:32.000000,2266.1311000000305,-18099.69495000009,-15833.563850000033
2026-02-26T13:27:37.000000,2266.1311000000305,-18182.578200000087,-15916.447100000032
2026-02-26T13:29:02.000000,2266.1311000000305,-18204.11790000009,-15937.986800000032
2026-02-26T13:29:27.000000,2266.1311000000305,-18212.109900000087,-15945.978800000032
2026-02-26T13:31:57.000000,2266.1311000000305,-18220.101900000085,-15953.970800000032
2026-02-26T13:33:09.000000,2266.1311000000305,-18227.852300000086,-15961.721200000033
2026-02-26T13:34:52.000000,2266.1311000000305,-18378.820150000087,-16112.689050000034
2026-02-26T13:34:52.000000,2266.1311000000305,-18529.788000000088,-16263.656900000035
2026-02-26T13:34:52.000000,2266.1311000000305,-18680.75585000009,-16414.624750000035
2026-02-26T13:41:42.000000,2266.1311000000305,-18703.726100000087,-16437.595000000034
2026-02-26T13:44:42.000000,2266.1311000000305,-18711.44450000009,-16445.313400000035
2026-02-26T13:45:57.000000,2266.1311000000305,-18738.93550000009,-16472.804400000037
2026-02-26T13:47:52.000000,2266.1311000000305,-18768.506800000094,-16502.37570000004
2026-02-26T13:48:42.000000,2266.1311000000305,-18791.057050000094,-16524.92595000004
2026-02-26T13:49:07.000000,2266.1311000000305,-18798.633850000093,-16532.50275000004
2026-02-26T13:49:22.000000,2266.1311000000305,-18817.168300000092,-16551.03720000004
2026-02-26T13:55:42.000000,2266.1311000000305,-18812.856100000092,-16546.72500000004
2026-02-26T13:55:52.000000,2266.1311000000305,-18805.773850000092,-16539.64275000004
2026-02-26T13:59:27.000000,2266.1311000000305,-18826.27420000009,-16560.143100000038
2026-02-26T14:01:37.000000,2266.1311000000305,-18848.261900000092,-16582.13080000004
2026-02-26T14:02:42.000000,2266.1311000000305,-18842.695950000092,-16576.56485000004
2026-02-26T14:06:47.000000,2266.1311000000305,-18865.65420000009,-16599.52310000004
2026-02-26T14:07:02.000000,2266.1311000000305,-18901.64400000009,-16635.512900000038
2026-02-26T14:07:07.000000,2266.1311000000305,-18924.60225000009,-16658.471150000038
2026-02-26T14:11:07.000000,2266.1311000000305,-18932.55825000009,-16666.427150000036
2026-02-26T14:12:37.000000,2266.1311000000305,-18940.514250000087,-16674.383150000034
2026-02-26T14:12:47.000000,2266.1311000000305,-18948.470250000086,-16682.339150000033
2026-02-26T14:13:17.000000,2266.1311000000305,-18941.424000000086,-16675.292900000033
2026-02-26T14:13:22.000000,2266.1311000000305,-18934.377750000087,-16668.246650000034
2026-02-26T14:15:02.000000,2266.1311000000305,-19017.285000000087,-16751.153900000034
2026-02-26T14:16:32.000000,2266.1311000000305,-19070.199750000087,-16804.068650000034
2026-02-26T14:17:07.000000,2266.1311000000305,-19138.11675000009,-16871.985650000035
2026-02-26T14:17:12.000000,2266.1311000000305,-19191.03150000009,-16924.900400000035
2026-02-26T14:17:47.000000,2266.1311000000305,-19243.94625000009,-16977.815150000035
2026-02-26T14:18:52.000000,2266.1311000000305,-19251.91425000009,-16985.783150000036
2026-02-26T14:19:22.000000,2266.1311000000305,-19283.87625000009,-17017.745150000035
2026-02-26T14:23:22.000000,2266.1311000000305,-19741.875750000087,-17475.744650000033
2026-02-26T14:23:32.000000,2266.1311000000305,-19704.681000000088,-17438.549900000035
2026-02-26T14:23:47.000000,2266.1311000000305,-20222.689500000088,-17956.558400000034
2026-02-26T14:24:52.000000,2266.1311000000305,-20131.52265000009,-17865.391550000037
2026-02-26T14:25:02.000000,2266.1311000000305,-20040.355800000092,-17774.22470000004
2026-02-26T14:25:12.000000,2266.1311000000305,-19958.17590000009,-17692.044800000036
2026-02-26T14:25:12.000000,2266.1311000000305,-20461.182150000088,-18195.051050000035
2026-02-26T14:25:22.000000,2266.1311000000305,-20405.97750000009,-18139.846400000035
2026-02-26T14:28:52.000000,2266.1311000000305,-20399.748200000085,-18133.617100000032
2026-02-26T14:29:42.000000,2266.1311000000305,-20407.341800000086,-18141.210700000032
2026-02-26T14:30:02.000000,2266.1311000000305,-20381.676050000086,-18115.544950000032
2026-02-26T14:30:07.000000,2266.1311000000305,-20367.003150000088,-18100.872050000035
2026-02-26T14:30:17.000000,2266.1311000000305,-20359.92090000009,-18093.789800000035
2026-02-26T14:30:27.000000,2266.1311000000305,-20352.83865000009,-18086.707550000036
2026-02-26T14:31:57.000000,2266.1311000000305,-20375.44890000009,-18109.317800000037
2026-02-26T14:33:12.000000,2266.1311000000305,-20458.38015000009,-18192.24905000004
2026-02-26T14:33:27.000000,2266.1311000000305,-20326.15435000009,-18060.02325000004
2026-02-26T14:33:32.000000,2266.1311000000305,-20193.92855000009,-17927.79745000004
2026-02-26T14:33:37.000000,2266.1311000000305,-20061.70275000009,-17795.571650000038
2026-02-26T14:33:42.000000,2266.1311000000305,-19943.467850000092,-17677.33675000004
2026-02-26T14:33:47.000000,2266.1311000000305,-19839.223850000093,-17573.09275000004
2026-02-26T14:34:57.000000,2266.1311000000305,-19898.917250000093,-17632.78615000004
2026-02-26T14:36:39.000000,2266.1311000000305,-20004.693550000095,-17738.56245000004
2026-02-26T14:37:02.000000,2266.1311000000305,-20072.298550000094,-17806.16745000004
2026-02-26T14:37:32.000000,2266.1311000000305,-20094.836800000096,-17828.705700000042
2026-02-26T14:37:42.000000,2266.1311000000305,-20074.527000000096,-17808.395900000043
2026-02-26T14:39:52.000000,2266.1311000000305,-20082.187800000098,-17816.056700000045
2026-02-26T14:40:08.000000,2266.1311000000305,-20089.507800000098,-17823.376700000044
2026-02-26T14:40:49.000000,2266.1311000000305,-20125.329600000096,-17859.198500000042
2026-02-26T14:42:07.000000,2266.1311000000305,-20185.054200000097,-17918.923100000044
2026-02-26T14:42:42.000000,2266.1311000000305,-20192.6862000001,-17926.555100000045
2026-02-26T14:43:12.000000,2266.1311000000305,-20200.3182000001,-17934.187100000046
2026-02-26T14:43:52.000000,2266.1311000000305,-20221.0473500001,-17954.916250000046
2026-02-26T14:45:02.000000,2266.1311000000305,-20245.0369500001,-17978.905850000046
2026-02-27T09:52:37.000000,2318.4505000000304,-20245.0369500001,-17926.586450000046
2026-02-27T09:58:17.000000,2318.4505000000304,-20213.4671000001,-17895.016600000046
2026-02-27T10:01:22.000000,2377.50520000003,-20213.4671000001,-17835.961900000046
2026-02-27T10:01:32.000000,2448.5497000000305,-20213.4671000001,-17764.917400000046
2026-02-27T10:04:02.000000,2519.599000000031,-20213.4671000001,-17693.868100000047
2026-02-27T10:04:02.000000,2593.6487500000308,-20213.4671000001,-17619.81835000005
2026-02-27T10:04:02.000000,2661.697600000031,-20213.4671000001,-17551.76950000005
2026-02-27T10:08:02.000000,2677.8772000000304,-20213.4671000001,-17535.58990000005
2026-02-27T10:10:12.000000,2725.018250000029,-20213.4671000001,-17488.44885000005
2026-02-27T10:12:27.000000,2725.018250000029,-20247.3750000001,-17522.35675000005
2026-02-27T10:12:52.000000,2725.018250000029,-20281.262100000098,-17556.24385000005
2026-02-27T10:12:57.000000,2725.018250000029,-20315.149200000098,-17590.13095000005
2026-02-27T10:20:27.000000,2725.018250000029,-20388.073350000097,-17663.05510000005
2026-02-27T10:24:02.000000,2725.018250000029,-20359.9207500001,-17634.90250000005
2026-02-27T10:24:52.000000,2725.018250000029,-20367.4927500001,-17642.47450000005
2026-02-27T10:25:12.000000,2725.018250000029,-20321.1886500001,-17596.17040000005
2026-02-27T10:25:17.000000,2725.018250000029,-20264.155700000098,-17539.13745000005
2026-02-27T10:25:27.000000,2725.018250000029,-20416.154900000096,-17691.136650000048
2026-02-27T10:25:27.000000,2725.018250000029,-20372.113500000098,-17647.09525000005
2026-02-27T10:25:37.000000,2725.018250000029,-20341.0636500001,-17616.04540000005
2026-02-27T10:25:47.000000,2725.018250000029,-20393.6424000001,-17668.62415000005
2026-02-27T10:25:52.000000,2725.018250000029,-20569.635600000096,-17844.617350000048
2026-02-27T10:25:52.000000,2725.018250000029,-20577.274000000096,-17852.255750000048
2026-02-27T10:26:17.000000,2725.018250000029,-20673.180800000096,-17948.16255000005
2026-02-27T10:26:27.000000,2725.018250000029,-20709.170600000096,-17984.152350000048
2026-02-27T10:27:17.000000,2677.18025000003,-20709.170600000096,-18031.990350000047
2026-02-27T10:27:22.000000,2677.18025000003,-20680.998800000096,-18003.818550000047
2026-02-27T10:27:37.000000,2677.18025000003,-20701.582350000095,-18024.402100000047
2026-02-27T10:27:37.000000,2677.18025000003,-20761.514950000095,-18084.334700000047
2026-02-27T10:28:17.000000,2677.18025000003,-20714.479500000096,-18037.299250000047
2026-02-27T10:28:47.000000,2677.18025000003,-20736.388800000095,-18059.208550000047
2026-02-27T10:29:22.000000,2677.18025000003,-20765.731300000094,-18088.551050000046
2026-02-27T10:29:27.000000,2677.18025000003,-20795.073800000093,-18117.893550000044
2026-02-27T10:29:27.000000,2677.18025000003,-20830.70520000009,-18153.524950000043
2026-02-27T10:29:32.000000,2689.3192500000296,-20830.70520000009,-18141.385950000044
2026-02-27T10:29:37.000000,2689.3192500000296,-20860.04770000009,-18170.728450000042
2026-02-27T10:29:47.000000,2689.3192500000296,-20802.00180000009,-18112.68255000004
2026-02-27T10:30:37.000000,2701.4582500000292,-20802.00180000009,-18100.543550000042
2026-02-27T10:31:02.000000,2701.4582500000292,-20796.498250000088,-18095.04000000004
2026-02-27T10:31:32.000000,2701.4582500000292,-20777.99275000009,-18076.53450000004
2026-02-27T10:31:32.000000,2704.927100000029,-20777.99275000009,-18073.06565000004
2026-02-27T10:33:27.000000,2704.927100000029,-20785.75435000009,-18080.827250000042
2026-02-27T10:33:32.000000,2704.927100000029,-20763.50185000009,-18058.574750000043
2026-02-27T10:33:37.000000,2704.927100000029,-20756.23960000009,-18051.312500000044
2026-02-27T10:33:37.000000,2704.927100000029,-20749.999100000092,-18045.072000000044
2026-02-27T10:33:47.000000,2704.927100000029,-20771.986800000093,-18067.059700000045
2026-02-27T10:34:07.000000,2704.927100000029,-20751.733000000095,-18046.805900000047
2026-02-27T10:34:37.000000,2704.927100000029,-20774.319250000095,-18069.392150000047
2026-02-27T10:34:57.000000,2704.927100000029,-20814.311250000093,-18109.384150000045
2026-02-27T10:35:12.000000,2704.927100000029,-20794.057450000095,-18089.130350000047
2026-02-27T10:35:22.000000,2704.927100000029,-20853.917250000093,-18148.990150000045
2026-02-27T10:35:22.000000,2704.927100000029,-20875.647350000094,-18170.720250000046
2026-02-27T10:35:32.000000,2704.927100000029,-20883.375350000093,-18178.448250000045
2026-02-27T10:35:42.000000,2704.927100000029,-20956.237100000093,-18251.310000000045
2026-02-27T10:36:27.000000,2704.927100000029,-20964.109900000094,-18259.182800000046
2026-02-27T10:36:32.000000,2704.927100000029,-20971.860300000095,-18266.933200000047
2026-02-27T10:36:52.000000,2704.927100000029,-20979.722700000097,-18274.79560000005
2026-02-27T10:36:57.000000,2704.927100000029,-20975.400900000095,-18270.473800000047
2026-02-27T10:37:57.000000,2704.927100000029,-20905.303600000094,-18200.376500000046
2026-02-27T10:38:47.000000,2704.927100000029,-20900.991400000094,-18196.064300000045
2026-02-27T10:38:52.000000,2613.4073000000285,-20900.991400000094,-18287.584100000047
2026-02-27T10:41:32.000000,2613.4073000000285,-20924.993800000095,-18311.58650000005
2026-02-27T10:41:52.000000,2613.4073000000285,-20974.716900000094,-18361.309600000048
2026-02-27T10:41:57.000000,2613.4073000000285,-21024.440000000093,-18411.032700000047
2026-02-27T10:45:37.000000,2613.4073000000285,-21018.884450000092,-18405.477150000046
2026-02-27T10:45:47.000000,2613.4073000000285,-21026.320450000094,-18412.913150000048
2026-02-27T10:46:02.000000,2613.4073000000285,-21062.310250000093,-18448.902950000047
2026-02-27T10:46:47.000000,2613.4073000000285,-21069.912650000093,-18456.505350000047
2026-02-27T10:46:57.000000,2613.4073000000285,-21090.517000000094,-18477.109700000048
2026-02-27T10:48:22.000000,2613.4073000000285,-21097.865000000096,-18484.45770000005
2026-02-27T10:48:32.000000,2613.4073000000285,-21116.205850000097,-18502.79855000005
2026-02-27T10:48:37.000000,2613.4073000000285,-21112.543400000097,-18499.13610000005
2026-02-27T10:48:47.000000,2613.4073000000285,-21084.458000000097,-18471.05070000005
2026-02-27T10:48:57.000000,2613.4073000000285,-21036.815350000095,-18423.40805000005
2026-02-27T10:49:02.000000,2613.4073000000285,-20989.172700000094,-18375.765400000048
2026-02-27T10:49:07.000000,2613.4073000000285,-20930.537200000093,-18317.129900000047
2026-02-27T10:49:22.000000,2613.4073000000285,-20882.885750000096,-18269.47845000005
2026-02-27T10:49:32.000000,2613.4073000000285,-20835.2343000001,-18221.827000000052
2026-02-27T10:49:37.000000,2613.4073000000285,-20776.5900000001,-18163.182700000052
2026-02-27T10:49:57.000000,2613.4073000000285,-20795.115650000098,-18181.70835000005
2026-02-27T10:50:07.000000,2613.4073000000285,-20736.4625500001,-18123.055250000052
2026-02-27T10:51:12.000000,2613.4073000000285,-20758.461450000097,-18145.05415000005
2026-02-27T10:51:54.000000,2613.4073000000285,-20869.913050000097,-18256.50575000005
2026-02-27T10:52:27.000000,2613.4073000000285,-20849.894450000098,-18236.48715000005
2026-02-27T10:53:02.000000,2613.4073000000285,-20871.4341500001,-18258.026850000053
2026-02-27T10:55:02.000000,2613.4073000000285,-21096.1051000001,-18482.697800000053
2026-02-27T10:57:27.000000,2613.4073000000285,-21043.6401000001,-18430.232800000053
2026-02-27T10:59:07.000000,2613.4073000000285,-21064.2028500001,-18450.795550000053
2026-02-27T11:00:17.000000,2613.4073000000285,-21097.7675500001,-18484.360250000052
2026-02-27T11:00:22.000000,2613.4073000000285,-20986.533700000098,-18373.126400000052
2026-02-27T11:00:37.000000,2613.4073000000285,-21020.108800000096,-18406.70150000005
2026-02-27T11:02:12.000000,2613.4073000000285,-21066.675450000097,-18453.26815000005
2026-02-27T11:02:27.000000,2641.8959000000286,-21066.675450000097,-18424.77955000005
2026-02-27T11:02:57.000000,2697.956700000029,-21066.675450000097,-18368.71875000005
2026-02-27T11:03:02.000000,2738.015100000029,-21066.675450000097,-18328.66035000005
2026-02-27T11:03:07.000000,2718.5157000000295,-21066.675450000097,-18348.15975000005
2026-02-27T11:03:12.000000,2758.57410000003,-21066.675450000097,-18308.101350000048
2026-02-27T11:03:32.000000,2782.630100000029,-21066.675450000097,-18284.045350000048
2026-02-27T11:04:32.000000,2788.190300000028,-21066.675450000097,-18278.485150000048
2026-02-27T11:07:57.000000,2788.190300000028,-21059.569200000096,-18271.378900000047
2026-02-27T11:08:42.000000,2788.190300000028,-21067.441200000096,-18279.250900000046
2026-02-27T11:09:47.000000,2788.190300000028,-21126.937000000096,-18338.746700000047
2026-02-27T11:09:57.000000,2788.190300000028,-21085.685650000098,-18297.49535000005
2026-02-27T11:10:07.000000,2788.190300000028,-21044.4343000001,-18256.24400000005
2026-02-27T11:10:12.000000,2788.190300000028,-20996.181900000098,-18207.99160000005
2026-02-27T11:10:17.000000,2788.190300000028,-21003.764300000097,-18215.574000000048
2026-02-27T11:11:22.000000,2788.190300000028,-21056.607050000097,-18268.416750000048
2026-02-27T11:12:37.000000,2788.190300000028,-21094.207550000097,-18306.017250000048
2026-02-27T11:13:22.000000,2788.190300000028,-21113.0764000001,-18324.88610000005
2026-02-27T11:13:37.000000,2788.190300000028,-21109.9595500001,-18321.769250000052
2026-02-27T11:15:12.000000,2788.190300000028,-21129.746950000103,-18341.556650000053
2026-02-27T11:16:27.000000,2788.190300000028,-21124.357800000103,-18336.167500000054
2026-02-27T11:17:02.000000,2788.190300000028,-21164.170600000103,-18375.980300000054
2026-02-27T11:17:07.000000,2788.190300000028,-21199.734800000104,-18411.544500000055
2026-02-27T11:17:42.000000,2788.190300000028,-21259.230600000104,-18471.040300000055
2026-02-27T11:17:42.000000,2788.190300000028,-21331.214600000105,-18543.024300000056
2026-02-27T11:18:17.000000,2788.190300000028,-21355.025000000103,-18566.834700000054
2026-02-27T11:20:17.000000,2788.190300000028,-21346.856200000104,-18558.665900000055
2026-02-27T11:20:22.000000,2788.190300000028,-21366.643600000105,-18578.453300000056
2026-02-27T11:20:22.000000,2788.190300000028,-21358.474800000105,-18570.284500000056
2026-02-27T11:20:27.000000,2788.190300000028,-21350.306000000106,-18562.115700000057
2026-02-27T11:21:07.000000,2788.190300000028,-21357.818000000105,-18569.627700000055
2026-02-27T11:22:37.000000,2788.190300000028,-21365.438000000104,-18577.247700000054
2026-02-27T11:23:07.000000,2788.190300000028,-21387.952250000104,-18599.761950000055
2026-02-27T11:23:12.000000,2788.190300000028,-21410.466500000104,-18622.276200000055
2026-02-27T11:23:57.000000,2788.190300000028,-21357.929500000104,-18569.739200000055
2026-02-27T11:24:07.000000,2788.190300000028,-21365.453500000105,-18577.263200000056
2026-02-27T11:24:07.000000,2788.190300000028,-21372.923900000103,-18584.733600000054
2026-02-27T11:24:12.000000,2788.190300000028,-21380.584700000105,-18592.394400000056
2026-02-27T11:24:27.000000,2788.190300000028,-21356.400700000104,-18568.210400000055
2026-02-27T11:24:32.000000,2788.190300000028,-21332.216700000103,-18544.026400000053
2026-02-27T11:24:42.000000,2802.7048000000273,-21332.216700000103,-18529.511900000052
2026-02-27T11:25:07.000000,2802.7048000000273,-21340.229500000103,-18537.524700000053
2026-02-27T11:25:22.000000,2802.7048000000273,-21308.742850000104,-18506.038050000054
2026-02-27T11:25:37.000000,2802.7048000000273,-21280.619050000103,-18477.914250000053
2026-02-27T11:25:57.000000,2802.7048000000273,-21236.1408500001,-18433.43605000005
2026-02-27T11:26:02.000000,2802.7048000000273,-21243.7608500001,-18441.05605000005
2026-02-27T11:26:02.000000,2802.7048000000273,-21199.2826500001,-18396.57785000005
2026-02-27T11:27:22.000000,2802.7048000000273,-21154.7940500001,-18352.08925000005
2026-02-27T11:27:37.000000,2802.7048000000273,-21110.305450000098,-18307.600650000048
2026-02-27T11:27:37.000000,2802.7048000000273,-21106.166050000098,-18303.461250000048
2026-02-27T11:28:07.000000,2802.7048000000273,-21061.677450000097,-18258.972650000047
2026-02-27T11:29:47.000000,2802.7048000000273,-21041.2332500001,-18238.52845000005
2026-02-27T13:00:32.000000,2802.7048000000273,-21133.1866500001,-18330.48185000005
2026-02-27T13:00:42.000000,2804.954300000027,-21133.1866500001,-18328.232350000053
2026-02-27T13:01:17.000000,2807.203800000027,-21133.1866500001,-18325.982850000055
2026-02-27T13:01:37.000000,2809.4453000000285,-21133.1866500001,-18323.741350000055
2026-02-27T13:03:27.000000,2811.68680000003,-21133.1866500001,-18321.499850000055
2026-02-27T13:07:17.000000,2811.68680000003,-21119.0769500001,-18307.390150000054
2026-02-27T13:07:22.000000,2811.68680000003,-21115.9689000001,-18304.282100000055
2026-02-27T13:07:42.000000,2811.68680000003,-21090.8751500001,-18279.188350000055
2026-02-27T13:07:47.000000,2811.68680000003,-21065.772600000102,-18254.085800000055
2026-02-27T13:08:22.000000,2811.68680000003,-21101.5048000001,-18289.818000000054
2026-02-27T13:09:47.000000,2811.68680000003,-21123.212500000103,-18311.525700000057
2026-02-27T13:10:52.000000,2811.68680000003,-21147.074100000103,-18335.387300000057
2026-02-27T13:11:27.000000,2771.74105000003,-21147.074100000103,-18375.333050000056
2026-02-27T13:11:37.000000,2731.7953000000302,-21147.074100000103,-18415.278800000055
2026-02-27T13:12:37.000000,2731.7953000000302,-21234.766100000103,-18502.970800000054
2026-02-27T13:13:47.000000,2731.7953000000302,-21354.642100000103,-18622.846800000054
2026-02-27T13:14:47.000000,2731.7953000000302,-21362.491700000104,-18630.696400000055
2026-02-27T13:15:59.000000,2731.7953000000302,-21357.0505500001,-18625.255250000053
2026-02-27T13:16:42.000000,2731.7953000000302,-21428.9705500001,-18697.17525000005
2026-02-27T13:17:02.000000,2731.7953000000302,-21532.8825500001,-18801.08725000005
2026-02-27T13:17:17.000000,2731.7953000000302,-21636.7945500001,-18904.99925000005
2026-02-27T13:17:32.000000,2731.7953000000302,-21740.7065500001,-19008.911250000052
2026-02-27T13:18:17.000000,2731.7953000000302,-21796.6369500001,-19064.84165000005
2026-02-27T13:18:22.000000,2731.7953000000302,-21856.153550000097,-19124.35825000005
2026-02-27T13:18:22.000000,2731.7953000000302,-21912.083950000095,-19180.288650000046
2026-02-27T13:19:12.000000,2731.7953000000302,-21932.917100000093,-19201.121800000044
2026-02-27T13:19:42.000000,2731.7953000000302,-21940.878700000092,-19209.083400000043
2026-02-27T13:19:47.000000,2731.7953000000302,-21948.82750000009,-19217.03220000004
2026-02-27T13:19:52.000000,2731.7953000000302,-21971.34175000009,-19239.54645000004
2026-02-27T13:19:57.000000,2731.7953000000302,-22059.27695000009,-19327.48165000004
2026-02-27T13:20:42.000000,2731.7953000000302,-22083.189750000092,-19351.394450000043
2026-02-27T13:21:17.000000,2731.7953000000302,-22059.133750000092,-19327.338450000043
2026-02-27T13:21:27.000000,2731.7953000000302,-22019.088150000094,-19287.292850000045
2026-02-27T13:21:32.000000,2731.7953000000302,-21979.042550000097,-19247.247250000048
2026-02-27T13:21:42.000000,2731.7953000000302,-21954.986550000096,-19223.191250000047
2026-02-27T13:21:47.000000,2731.7953000000302,-21930.930550000096,-19199.135250000047
2026-02-27T13:21:52.000000,2731.7953000000302,-21890.884950000098,-19159.08965000005
2026-02-27T13:21:57.000000,2731.7953000000302,-21866.828950000097,-19135.03365000005
2026-02-27T13:22:02.000000,2731.7953000000302,-21826.7833500001,-19094.98805000005
2026-02-27T13:22:07.000000,2731.7953000000302,-21802.7273500001,-19070.93205000005
2026-02-27T13:22:12.000000,2731.7953000000302,-21778.6713500001,-19046.87605000005
2026-02-27T13:22:17.000000,2731.7953000000302,-21738.612950000097,-19006.817650000048
2026-02-27T13:22:22.000000,2731.7953000000302,-21714.569750000097,-18982.774450000048
2026-02-27T13:22:27.000000,2731.7953000000302,-21706.516150000098,-18974.72085000005
2026-02-27T13:22:37.000000,2731.7953000000302,-21704.018650000096,-18972.223350000048
2026-02-27T13:23:02.000000,2731.7953000000302,-21679.975450000096,-18948.180150000047
2026-02-27T13:23:07.000000,2731.7953000000302,-21687.924250000095,-18956.128950000046
2026-02-27T13:23:32.000000,2731.7953000000302,-21695.873050000093,-18964.077750000044
2026-02-27T13:23:37.000000,2731.7953000000302,-21703.402650000095,-18971.607350000046
2026-02-27T13:23:47.000000,2731.7953000000302,-21744.283600000093,-19012.488300000045
2026-02-27T13:23:52.000000,2731.7953000000302,-21736.242800000095,-19004.447500000046
2026-02-27T13:24:47.000000,2731.7953000000302,-21728.189200000095,-18996.393900000046
2026-02-27T13:25:42.000000,2731.7953000000302,-21784.116400000097,-19052.32110000005
2026-02-27T13:27:12.000000,2731.7953000000302,-21815.5504000001,-19083.75510000005
2026-02-27T13:27:32.000000,2731.7953000000302,-21935.3624000001,-19203.56710000005
2026-02-27T13:27:37.000000,2731.7953000000302,-22055.1744000001,-19323.379100000053
2026-02-27T13:28:12.000000,2731.7953000000302,-22015.1256000001,-19283.330300000052
2026-02-27T13:28:17.000000,2731.7953000000302,-22022.6240000001,-19290.828700000053
2026-02-27T13:28:17.000000,2731.7953000000302,-22082.1510000001,-19350.35570000005
2026-02-27T13:28:22.000000,2745.9056500000293,-22082.1510000001,-19336.245350000052
2026-02-27T13:28:32.000000,2751.899750000029,-22082.1510000001,-19330.251250000052
2026-02-27T13:28:52.000000,2751.899750000029,-22187.9385000001,-19436.03875000005
2026-02-27T13:28:57.000000,2751.899750000029,-22211.876900000098,-19459.97715000005
2026-02-27T13:29:02.000000,2743.8917500000293,-22211.876900000098,-19467.98515000005
2026-02-27T13:29:02.000000,2743.8917500000293,-22274.778750000096,-19530.88700000005
2026-02-27T13:29:12.000000,2743.8917500000293,-22282.130750000095,-19538.23900000005
2026-02-27T13:29:17.000000,2743.8917500000293,-22289.482750000094,-19545.591000000048
2026-02-27T13:29:42.000000,2743.8917500000293,-22276.831750000096,-19532.94000000005
2026-02-27T13:29:52.000000,2743.8917500000293,-22274.182250000096,-19530.29050000005
2026-02-27T13:30:12.000000,2743.8917500000293,-22317.618050000096,-19573.72630000005
2026-02-27T13:31:42.000000,2743.8917500000293,-22351.151550000093,-19607.259800000047
2026-02-27T13:33:52.000000,2743.8917500000293,-22390.349950000094,-19646.45820000005
2026-02-27T13:34:22.000000,2743.8917500000293,-22398.017950000096,-19654.12620000005
2026-02-27T13:34:57.000000,2743.8917500000293,-22441.213750000097,-19697.32200000005
2026-02-27T13:35:17.000000,2743.8917500000293,-22448.753750000098,-19704.862000000052
2026-02-27T13:36:57.000000,2743.8917500000293,-22443.291800000097,-19699.40005000005
2026-02-27T13:38:42.000000,2743.8917500000293,-22467.025400000097,-19723.13365000005
2026-02-27T13:38:52.000000,2743.8917500000293,-22522.2422000001,-19778.350450000053
2026-02-27T13:38:57.000000,2743.8917500000293,-22581.4596000001,-19837.567850000054
2026-02-27T13:39:07.000000,2743.8917500000293,-22640.6674000001,-19896.775650000054
2026-02-27T13:39:17.000000,2743.8917500000293,-22703.8758000001,-19959.984050000054
2026-02-27T13:40:47.000000,2743.8917500000293,-22739.3840000001,-19995.492250000054
2026-02-27T13:41:32.000000,2743.8917500000293,-22733.2219000001,-19989.330150000053
2026-02-27T13:41:32.000000,2743.8917500000293,-22770.733600000098,-20026.84185000005
2026-02-27T13:44:07.000000,2743.8917500000293,-22778.653600000096,-20034.76185000005
2026-02-27T13:44:17.000000,2743.8917500000293,-22786.297600000096,-20042.40585000005
2026-02-27T13:44:32.000000,2743.8917500000293,-22752.164900000094,-20008.27315000005
2026-02-27T13:44:42.000000,2743.8917500000293,-22785.677600000094,-20041.785850000048
2026-02-27T13:45:12.000000,2743.8917500000293,-22804.203250000093,-20060.311500000047
2026-02-27T13:46:27.000000,2743.8917500000293,-22841.947750000094,-20098.056000000048
2026-02-27T13:46:42.000000,2743.8917500000293,-22863.465050000093,-20119.573300000047
2026-02-27T13:48:22.000000,2743.8917500000293,-22919.013050000092,-20175.121300000046
2026-02-27T13:49:03.000000,2743.8917500000293,-22926.62585000009,-20182.734100000045
2026-02-27T13:49:17.000000,2743.8917500000293,-22934.18105000009,-20190.289300000044
2026-02-27T13:52:27.000000,2743.8917500000293,-22942.13625000009,-20198.244500000044
2026-02-27T13:52:42.000000,2743.8917500000293,-22988.67170000009,-20244.779950000044
2026-02-27T13:53:32.000000,2743.8917500000293,-23022.205200000088,-20278.31345000004
2026-02-27T13:54:22.000000,2743.8917500000293,-23046.169200000088,-20302.27745000004
2026-02-27T13:54:22.000000,2743.8917500000293,-23063.65870000009,-20319.766950000045
2026-02-27T13:57:12.000000,2743.8917500000293,-23058.207150000093,-20314.315400000047
2026-02-27T13:58:07.000000,2743.8917500000293,-23050.74090000009,-20306.849150000045
2026-02-27T13:58:22.000000,2743.8917500000293,-23058.49770000009,-20314.605950000045
2026-02-27T13:59:22.000000,2743.8917500000293,-23066.03770000009,-20322.145950000046
2026-02-27T13:59:57.000000,2743.8917500000293,-23163.79120000009,-20419.899450000044
2026-02-27T13:59:57.000000,2743.8917500000293,-23171.452000000092,-20427.560250000046
2026-02-27T14:00:57.000000,2743.8917500000293,-23178.940000000093,-20435.048250000047
2026-02-27T14:01:07.000000,2743.8917500000293,-23186.480000000094,-20442.588250000048
2026-02-27T14:01:17.000000,2743.8917500000293,-23193.992000000093,-20450.100250000047
2026-02-27T14:01:52.000000,2743.8917500000293,-23201.992000000093,-20458.100250000047
2026-02-27T14:02:57.000000,2743.8917500000293,-23164.497250000095,-20420.60550000005
2026-02-27T14:03:07.000000,2743.8917500000293,-23127.002500000097,-20383.11075000005
2026-02-27T14:03:17.000000,2743.8917500000293,-23089.5077500001,-20345.616000000053
2026-02-27T14:03:52.000000,2743.8917500000293,-23065.5029500001,-20321.611200000054
2026-02-27T14:04:02.000000,2743.8917500000293,-23041.4981500001,-20297.606400000055
2026-02-27T14:05:02.000000,2743.8917500000293,-22995.0644500001,-20251.172700000054
2026-02-27T14:06:37.000000,2743.8917500000293,-23002.8084500001,-20258.916700000053
2026-02-27T14:06:47.000000,2743.8917500000293,-23010.552450000097,-20266.66070000005
2026-02-27T14:08:32.000000,2743.8917500000293,-23018.173250000098,-20274.281500000052
2026-02-27T14:09:12.000000,2743.8917500000293,-23026.165250000096,-20282.27350000005
2026-02-27T14:10:47.000000,2743.8917500000293,-23033.634050000095,-20289.74230000005
2026-02-27T14:12:47.000000,2743.8917500000293,-23041.634050000095,-20297.74230000005
2026-02-27T14:13:02.000000,2743.8917500000293,-23061.104650000096,-20317.21290000005
2026-02-27T14:13:07.000000,2743.8917500000293,-23037.099850000097,-20293.20810000005
2026-02-27T14:13:17.000000,2743.8917500000293,-23029.097450000096,-20285.20570000005
2026-02-27T14:13:32.000000,2743.8917500000293,-23021.095050000094,-20277.20330000005
2026-02-27T14:13:57.000000,2743.8917500000293,-23013.092650000093,-20269.200900000047
2026-02-27T14:14:22.000000,2743.8917500000293,-23005.090250000092,-20261.198500000046
2026-02-27T14:14:27.000000,2743.8917500000293,-22997.08785000009,-20253.196100000045
2026-02-27T14:14:37.000000,2743.8917500000293,-22989.08545000009,-20245.193700000043
2026-02-27T14:15:07.000000,2743.8917500000293,-22997.07265000009,-20253.180900000043
2026-02-27T14:15:12.000000,2743.8917500000293,-23005.05985000009,-20261.168100000043
2026-02-27T14:16:17.000000,2743.8917500000293,-22997.04465000009,-20253.152900000045
2026-02-27T14:16:57.000000,2743.8917500000293,-23017.54500000009,-20273.653250000043
2026-02-27T14:19:57.000000,2743.8917500000293,-23037.26520000009,-20293.373450000043
2026-02-27T14:20:02.000000,2743.8917500000293,-23045.12760000009,-20301.235850000045
2026-02-27T14:20:12.000000,2743.8917500000293,-23053.10200000009,-20309.210250000044
2026-02-27T14:20:52.000000,2743.8917500000293,-23060.92280000009,-20317.031050000045
2026-02-27T14:24:47.000000,2743.8917500000293,-23096.92380000009,-20353.032050000045
2026-02-27T14:27:17.000000,2743.8917500000293,-23236.93080000009,-20493.039050000043
2026-02-27T14:27:22.000000,2743.8917500000293,-23257.45195000009,-20513.560200000044
2026-02-27T14:29:47.000000,2728.120000000029,-23257.45195000009,-20529.331950000043
2026-02-27T14:30:42.000000,2728.120000000029,-23277.97310000009,-20549.853100000044
2026-02-27T14:31:57.000000,2742.333550000029,-23277.97310000009,-20535.639550000044
2026-02-27T14:32:02.000000,2742.333550000029,-23285.49230000009,-20543.158750000042
2026-02-27T14:33:12.000000,2742.333550000029,-23279.92635000009,-20537.592800000042
2026-02-27T14:33:37.000000,2742.333550000029,-23274.36040000009,-20532.026850000042
2026-02-27T14:33:37.000000,2742.333550000029,-23281.87560000009,-20539.542050000044
2026-02-27T14:34:12.000000,2742.333550000029,-23319.63210000009,-20577.298550000043
2026-02-27T14:35:07.000000,2742.333550000029,-23343.63450000009,-20601.300950000044
2026-02-27T14:35:32.000000,2742.333550000029,-23381.39100000009,-20639.057450000044
2026-02-27T14:36:47.000000,2742.333550000029,-23367.36050000009,-20625.026950000043
2026-02-27T14:36:52.000000,2742.333550000029,-23364.32285000009,-20621.989300000045
2026-02-27T14:36:57.000000,2742.333550000029,-23361.285200000093,-20618.951650000046
2026-02-27T14:39:22.000000,2742.333550000029,-23379.802050000093,-20637.468500000046
2026-02-27T14:40:47.000000,2742.333550000029,-23435.27805000009,-20692.944500000045
2026-02-27T14:41:07.000000,2744.583050000029,-23435.27805000009,-20690.695000000047
2026-02-27T14:41:47.000000,2744.583050000029,-23458.044300000092,-20713.461250000048
2026-02-27T14:42:17.000000,2744.583050000029,-23478.555050000094,-20733.97200000005
2026-02-27T14:45:02.000000,2744.583050000029,-23500.553950000092,-20755.970900000048
2026-02-27T14:45:02.000000,2744.583050000029,-23508.31795000009,-20763.734900000047
2026-02-27T14:45:02.000000,2744.583050000029,-23526.10345000009,-20781.520400000045
2026-02-27T15:00:00.000000,2744.583050000029,-23572.76370000009,-20828.180650000046
