exit_dt,cum_pnl_long,cum_pnl_short,cum_pnl_total
2025-01-03T09:46:52.000000,0.0,-79.60480000000062,-79.60480000000062
2025-01-03T09:46:57.000000,0.0,-156.72195000000124,-156.72195000000124
2025-01-03T09:48:17.000000,-130.99527136752056,-156.72195000000124,-287.7172213675218
2025-01-03T09:48:47.000000,-204.63803376068233,-156.72195000000124,-361.3599837606836
2025-01-03T09:50:12.000000,-204.63803376068233,19.71164999999837,-184.92638376068396
2025-01-03T09:50:17.000000,-204.63803376068233,228.15005000000014,23.512016239317802
2025-01-03T09:50:22.000000,-204.63803376068233,461.0794000000012,256.4413662393189
2025-01-03T09:50:32.000000,-204.63803376068233,626.1581203947374,421.520086634055
2025-01-03T09:50:37.000000,-204.63803376068233,776.2345907894738,571.5965570287915
2025-01-03T09:50:42.000000,-204.63803376068233,911.3088111842105,706.6707774235283
2025-01-03T09:50:47.000000,-204.63803376068233,1031.3807815789476,826.7427478182653
2025-01-03T09:50:52.000000,-204.63803376068233,1136.4505019736823,931.8124682130001
2025-01-03T09:50:57.000000,-204.63803376068233,1144.455299999998,939.8172662393159
2025-01-03T09:51:47.000000,-358.6183551282024,1144.455299999998,785.8369448717958
2025-01-03T09:51:52.000000,-512.5986764957224,1144.455299999998,631.8566235042758
2025-01-03T09:51:57.000000,-689.5640478632461,1144.455299999998,454.8912521367522
2025-01-03T09:52:02.000000,-811.2729999999992,1144.455299999998,333.182299999999
2025-01-03T09:58:22.000000,4.746300000056408,1144.455299999998,1149.2016000000547
2025-01-03T09:59:22.000000,10.060975914691978,1144.455299999998,1154.5162759146901
2025-01-03T09:59:27.000000,-7.609398170671964,1144.455299999998,1136.8459018293263
2025-01-03T09:59:32.000000,-25.279772256035905,1144.455299999998,1119.1755277439624
2025-01-03T09:59:37.000000,-42.950146341399844,1144.455299999998,1101.5051536585986
2025-01-03T09:59:42.000000,-83.60557042676737,1144.455299999998,1060.8497295732311
2025-01-03T09:59:47.000000,-124.26099451213491,1144.455299999998,1020.1943054878636
2025-01-03T09:59:52.000000,-164.91641859750246,1144.455299999998,979.5388814024961
2025-01-03T09:59:57.000000,-170.2192999999417,1144.455299999998,974.236000000057
2025-01-03T10:02:57.000000,-170.2192999999417,1252.1159396313285,1081.8966396313874
2025-01-03T10:03:02.000000,-170.2192999999417,1359.776579262659,1189.5572792627179
2025-01-03T10:03:07.000000,-170.2192999999417,1445.43391889399,1275.214618894049
2025-01-03T10:03:12.000000,-170.2192999999417,1531.091258525321,1360.87195852538
2025-01-03T10:03:17.000000,-170.2192999999417,1638.7518981566516,1468.5325981567105
2025-01-03T10:03:22.000000,-170.2192999999417,1746.412537787982,1576.193237788041
2025-01-03T10:03:27.000000,-170.2192999999417,1854.0731774193125,1683.8538774193714
2025-01-03T10:03:32.000000,-170.2192999999417,1983.7371170506426,1813.5178170507015
2025-01-03T10:03:37.000000,-170.2192999999417,2113.4010566819725,1943.1817566820316
2025-01-03T10:03:42.000000,-170.2192999999417,2225.3835499999395,2055.1642499999984
2025-01-03T10:07:17.000000,-170.2192999999417,2257.4931499999384,2087.2738499999973
2025-01-03T10:07:22.000000,-170.2192999999417,2253.597349999936,2083.378049999995
2025-01-03T10:07:27.000000,-170.2192999999417,2261.703349999935,2091.484049999994
2025-01-03T10:07:32.000000,-170.2192999999417,2257.8075499999327,2087.5882499999916
2025-01-03T10:07:37.000000,-170.2192999999417,2241.909949999933,2071.690649999992
2025-01-03T10:09:37.000000,-170.2192999999417,1966.8324205881695,1796.6131205882284
2025-01-03T10:09:47.000000,-170.2192999999417,1708.3705941175806,1538.1512941176395
2025-01-03T10:12:57.000000,-170.2192999999417,1399.5506999999325,1229.3313999999914
2025-01-03T10:13:02.000000,-170.2192999999417,1116.734705882286,946.515405882345
2025-01-03T10:13:07.000000,-170.2192999999417,859.9226117646392,689.7033117646981
2025-01-03T10:13:12.000000,-170.2192999999417,717.8867999999331,547.6674999999921
2025-01-03T10:13:32.000000,-170.2192999999417,671.5309499999338,501.3116499999927
2025-01-03T10:14:27.000000,-170.2192999999417,544.2887149483863,374.0694149484453
2025-01-03T10:14:37.000000,-170.2192999999417,-13.075907732027304,-183.29520773196833
2025-01-03T10:14:52.000000,-170.2192999999417,-193.69358557759716,-363.9128855775382
2025-01-03T10:15:02.000000,-170.2192999999417,-324.3087249222733,-494.52802492221434
2025-01-03T10:15:32.000000,-170.2192999999417,-338.3995307777295,-508.61883077767055
2025-01-03T10:15:42.000000,-170.2192999999417,-163.27969780427253,-333.49899780421356
2025-01-03T10:18:32.000000,-170.2192999999417,-288.5817500000687,-458.80105000000975
2025-01-03T10:22:02.000000,-176.76348999994087,-288.5817500000687,-465.3452400000089
2025-01-03T10:22:07.000000,-183.30767999994004,-288.5817500000687,-471.8894300000081
2025-01-03T10:22:12.000000,-167.86616999993967,-288.5817500000687,-456.44792000000774
2025-01-03T10:22:17.000000,-152.4246599999393,-288.5817500000687,-441.0064100000074
2025-01-03T10:22:22.000000,-136.98314999993895,-288.5817500000687,-425.56490000000707
2025-01-03T10:24:12.000000,-136.98314999993895,-475.6232591603732,-612.6064091603115
2025-01-03T10:24:17.000000,-136.98314999993895,-662.6647683206777,-799.647918320616
2025-01-03T10:24:22.000000,-136.98314999993895,-849.7062774809822,-986.6894274809205
2025-01-03T10:24:27.000000,-136.98314999993895,-1062.7516866412884,-1199.7348366412266
2025-01-03T10:24:32.000000,-136.98314999993895,-1301.8009958015941,-1438.7841458015323
2025-01-03T10:24:37.000000,-136.98314999993895,-1310.9952000000674,-1447.9783500000055
2025-01-03T10:28:02.000000,-136.98314999993895,-1468.1863859649836,-1605.1695359649218
2025-01-03T10:28:07.000000,-136.98314999993895,-1536.8933798246342,-1673.8765298245723
2025-01-03T10:28:32.000000,-136.98314999993895,-1616.6020236842824,-1753.5851736842205
2025-01-03T10:29:17.000000,-136.98314999993895,-1753.348856037225,-1890.3320060371632
2025-01-03T10:29:22.000000,-136.98314999993895,-1869.092538390168,-2006.0756883901063
2025-01-03T10:29:27.000000,-136.98314999993895,-1984.8362207431112,-2121.819370743049
2025-01-03T10:29:32.000000,-136.98314999993895,-2100.5799030960543,-2237.563053095992
2025-01-03T10:29:37.000000,-136.98314999993895,-2216.323585448997,-2353.306735448935
2025-01-03T10:29:42.000000,-136.98314999993895,-2332.06726780194,-2469.0504178018778
2025-01-03T10:29:47.000000,-136.98314999993895,-2447.810950154883,-2584.7941001548206
2025-01-03T10:29:52.000000,-136.98314999993895,-2563.5546325078258,-2700.5377825077635
2025-01-03T10:29:57.000000,-136.98314999993895,-2679.2983148607686,-2816.2814648607064
2025-01-03T10:30:02.000000,-136.98314999993895,-2795.0419972137115,-2932.0251472136492
2025-01-03T10:30:07.000000,-136.98314999993895,-2910.7856795666544,-3047.768829566592
2025-01-03T10:30:12.000000,-136.98314999993895,-3026.5293619195972,-3163.512511919535
2025-01-03T10:30:17.000000,-136.98314999993895,-3142.27304427254,-3279.256194272478
2025-01-03T10:30:22.000000,-136.98314999993895,-3237.0135766254834,-3373.996726625421
2025-01-03T10:30:27.000000,-136.98314999993895,-3315.154623684308,-3452.1377736842455
2025-01-03T10:31:32.000000,-136.98314999993895,-3284.8467675439583,-3421.829917543896
2025-01-03T10:31:37.000000,-136.98314999993895,-3251.5578500000997,-3388.5410000000375
2025-01-03T10:31:47.000000,-136.98314999993895,-3266.9669100001015,-3403.9500600000392
2025-01-03T10:31:47.000000,-369.01816363630496,-3266.9669100001015,-3635.985073636405
2025-01-03T10:31:52.000000,-369.01816363630496,-3282.3759700001033,-3651.394133636407
2025-01-03T10:31:57.000000,-369.01816363630496,-3297.785030000105,-3666.8031936364087
2025-01-03T10:32:02.000000,-369.01816363630496,-3313.194090000107,-3682.2122536364104
2025-01-03T10:32:07.000000,-369.01816363630496,-3307.600000000109,-3676.6181636364126
2025-01-03T10:36:02.000000,328.542600000068,-3307.600000000109,-2979.0574000000397
2025-01-03T10:43:42.000000,328.542600000068,-3210.831750819781,-2882.2891508197117
2025-01-03T10:43:47.000000,328.542600000068,-3114.063501639453,-2785.5209016393837
2025-01-03T10:43:52.000000,328.542600000068,-3080.5668000001087,-2752.0242000000394
2025-01-03T10:46:02.000000,229.63042844043764,-3080.5668000001087,-2850.9363715596696
2025-01-03T10:46:07.000000,130.7182568808073,-3080.5668000001087,-2949.8485431193
2025-01-03T10:46:12.000000,53.791785321176505,-3080.5668000001087,-3026.775014678931
2025-01-03T10:46:17.000000,-45.12038623845382,-3080.5668000001087,-3125.687186238561
2025-01-03T10:46:22.000000,-139.53654999991912,-3080.5668000001087,-3220.1033500000262
2025-01-03T10:59:22.000000,-176.89467280693606,-3080.5668000001087,-3257.4614728070433
2025-01-03T10:59:27.000000,-214.25279561395297,-3080.5668000001087,-3294.8195956140603
2025-01-03T10:59:32.000000,-251.61091842096988,-3080.5668000001087,-3332.1777184210773
2025-01-03T10:59:37.000000,-288.9690412279868,-3080.5668000001087,-3369.5358412280943
2025-01-03T10:59:42.000000,-326.3271640350037,-3080.5668000001087,-3406.8939640351114
2025-01-03T10:59:47.000000,-333.1195499999159,-3080.5668000001087,-3413.6863500000236
2025-01-03T11:03:17.000000,-333.1195499999159,-3119.5957000001076,-3452.7152500000225
2025-01-03T11:03:22.000000,-333.1195499999159,-3170.626400000106,-3503.745950000021
2025-01-03T11:03:27.000000,-333.1195499999159,-3221.6571000001045,-3554.7766500000193
2025-01-03T11:03:32.000000,-333.1195499999159,-3266.6869000001043,-3599.806450000019
2025-01-03T11:03:37.000000,-333.1195499999159,-3311.716700000104,-3644.836250000019
2025-01-03T11:03:42.000000,-333.1195499999159,-3334.2316000001038,-3667.3511500000186
2025-01-03T11:05:27.000000,-372.5630041665807,-3334.2316000001038,-3706.7946041666833
2025-01-03T11:05:32.000000,-391.02010833324596,-3334.2316000001038,-3725.2517083333487
2025-01-03T11:05:37.000000,-430.4635624999108,-3334.2316000001038,-3764.6951625000133
2025-01-03T11:05:42.000000,-469.9070166665756,-3334.2316000001038,-3804.138616666678
2025-01-03T11:05:47.000000,-509.3504708332404,-3334.2316000001038,-3843.5820708333426
2025-01-03T11:05:52.000000,-514.9852499999068,-3334.2316000001038,-3849.216850000009
2025-01-03T11:28:12.000000,-656.3963949437257,-3334.2316000001038,-3990.6279949438276
2025-01-03T11:28:17.000000,-797.8075398875445,-3334.2316000001038,-4132.039139887646
2025-01-03T11:28:22.000000,-939.2186848313634,-3334.2316000001038,-4273.450284831465
2025-01-03T11:28:27.000000,-1098.6181297751818,-3334.2316000001038,-4432.849729775284
2025-01-03T11:28:32.000000,-1232.1730999998997,-3334.2316000001038,-4566.404700000002
2025-01-03T13:09:47.000000,-1232.1730999998997,-3417.293483333433,-4649.466583333331
2025-01-03T13:09:52.000000,-1232.1730999998997,-3500.355366666762,-4732.52846666666
2025-01-03T13:09:57.000000,-1232.1730999998997,-3604.4204000000946,-4836.593499999993
2025-01-03T13:10:02.000000,-1232.1730999998997,-3729.4885833334265,-4961.661683333325
2025-01-03T13:10:07.000000,-1232.1730999998997,-3854.5567666667584,-5086.729866666657
2025-01-03T13:10:12.000000,-1232.1730999998997,-3869.4232000000916,-5101.59629999999
2025-01-03T13:24:22.000000,-1232.1730999998997,-3898.3538200000917,-5130.52691999999
2025-01-03T13:24:27.000000,-1232.1730999998997,-3927.2844400000918,-5159.45753999999
2025-01-03T13:24:32.000000,-1232.1730999998997,-3965.216410000093,-5197.389509999992
2025-01-03T13:24:37.000000,-1232.1730999998997,-4003.1483800000947,-5235.321479999993
2025-01-03T13:24:42.000000,-1232.1730999998997,-4050.0817000000943,-5282.254799999993
2025-01-03T13:30:37.000000,-1232.1730999998997,-4108.851650000093,-5341.024749999992
2025-01-03T13:32:37.000000,-1232.1730999998997,-4194.736489151035,-5426.909589150934
2025-01-03T13:32:42.000000,-1232.1730999998997,-4262.618628301977,-5494.791728301876
2025-01-03T13:32:42.000000,-1232.1730999998997,-4556.9353854448345,-5789.108485444734
2025-01-03T13:32:47.000000,-1232.1730999998997,-4615.816174595779,-5847.989274595678
2025-01-03T13:32:47.000000,-1232.1730999998997,-4910.132931738636,-6142.306031738535
2025-01-03T13:32:52.000000,-1232.1730999998997,-4969.01372088958,-6201.186820889479
2025-01-03T13:32:52.000000,-1232.1730999998997,-5251.328678032441,-6483.50177803234
2025-01-03T13:32:57.000000,-1232.1730999998997,-5337.2135171833825,-6569.3866171832815
2025-01-03T13:32:57.000000,-1232.1730999998997,-5607.526674326241,-6839.69977432614
2025-01-03T13:33:02.000000,-1232.1730999998997,-5693.411513477183,-6925.584613477082
2025-01-03T13:33:02.000000,-1232.1730999998997,-5742.295301938723,-6974.468401938622
2025-01-03T13:33:02.000000,-1232.1730999998997,-6036.612059081581,-7268.78515908148
2025-01-03T13:33:07.000000,-1232.1730999998997,-6140.499598232525,-7372.672698232424
2025-01-03T13:33:07.000000,-1232.1730999998997,-6204.385636694065,-7436.558736693964
2025-01-03T13:33:07.000000,-1232.1730999998997,-6439.648100979783,-7671.821200979682
2025-01-03T13:33:12.000000,-1232.1730999998997,-6543.535640130727,-7775.708740130626
2025-01-03T13:33:12.000000,-1232.1730999998997,-6581.867263207651,-7814.04036320755
2025-01-03T13:33:17.000000,-1232.1730999998997,-6685.754802358596,-7917.927902358495
2025-01-03T13:33:22.000000,-1232.1730999998997,-6789.6423415095405,-8021.81544150944
2025-01-03T13:33:27.000000,-1232.1730999998997,-6893.529880660485,-8125.702980660384
2025-01-03T13:33:32.000000,-1232.1730999998997,-6967.330250000107,-8199.503350000006
2025-01-03T13:35:32.000000,-1232.1730999998997,-6923.328860000107,-8155.501960000006
2025-01-03T13:35:37.000000,-1232.1730999998997,-6913.997600000106,-8146.170700000005
2025-01-03T13:37:52.000000,-1232.1730999998997,-6851.902050000106,-8084.075150000005
2025-01-03T13:37:57.000000,-1232.1730999998997,-6789.806500000106,-8021.979600000005
2025-01-03T13:38:02.000000,-1232.1730999998997,-6727.710950000106,-7959.884050000005
2025-01-03T13:38:07.000000,-1232.1730999998997,-6687.6187000001055,-7919.7918000000045
2025-01-03T13:38:12.000000,-1232.1730999998997,-6647.526450000105,-7879.699550000004
2025-01-03T13:38:17.000000,-1232.1730999998997,-6638.236650000105,-7870.409750000004
2025-01-03T13:38:52.000000,-1232.1730999998997,-6641.011132710388,-7873.184232710287
2025-01-03T13:38:57.000000,-1232.1730999998997,-6643.78561542067,-7875.958715420569
2025-01-03T13:39:02.000000,-1232.1730999998997,-6646.560098130953,-7878.733198130852
2025-01-03T13:39:07.000000,-1232.1730999998997,-6628.3314308412355,-7860.5045308411345
2025-01-03T13:39:12.000000,-1232.1730999998997,-6610.102763551518,-7842.275863551417
2025-01-03T13:39:17.000000,-1232.1730999998997,-6606.366400000117,-7838.539500000016
2025-01-03T13:39:37.000000,-1232.1730999998997,-6538.577086928221,-7770.7501869281205
2025-01-03T13:39:42.000000,-1232.1730999998997,-6470.787773856326,-7702.960873856225
2025-01-03T13:39:47.000000,-1232.1730999998997,-6402.99846078443,-7635.171560784329
2025-01-03T13:39:52.000000,-1232.1730999998997,-6335.209147712534,-7567.382247712433
2025-01-03T13:39:57.000000,-1232.1730999998997,-6267.419834640638,-7499.592934640537
2025-01-03T13:40:02.000000,-1232.1730999998997,-6199.630521568743,-7431.803621568642
2025-01-03T13:40:07.000000,-1232.1730999998997,-6155.420100000115,-7387.593200000014
2025-01-03T13:40:22.000000,-1232.1730999998997,-6112.106376923194,-7344.279476923093
2025-01-03T13:40:27.000000,-1232.1730999998997,-6068.792653846273,-7300.965753846172
2025-01-03T13:40:32.000000,-1232.1730999998997,-6025.478930769353,-7257.652030769252
2025-01-03T13:40:37.000000,-1232.1730999998997,-5982.165207692432,-7214.338307692331
2025-01-03T13:40:42.000000,-1232.1730999998997,-5938.851484615511,-7171.02458461541
2025-01-03T13:40:47.000000,-1232.1730999998997,-5895.5377615385905,-7127.71086153849
2025-01-03T13:40:52.000000,-1232.1730999998997,-5873.88090000013,-7106.054000000029
2025-01-03T13:48:02.000000,-1270.2896558557557,-5873.88090000013,-7144.170555855885
2025-01-03T13:48:07.000000,-1308.4062117116116,-5873.88090000013,-7182.287111711741
2025-01-03T13:48:12.000000,-1346.5227675674676,-5873.88090000013,-7220.403667567597
2025-01-03T13:48:17.000000,-1384.6393234233235,-5873.88090000013,-7258.520223423453
2025-01-03T13:48:22.000000,-1422.7558792791795,-5873.88090000013,-7296.636779279309
2025-01-03T13:48:27.000000,-1424.4884499999002,-5873.88090000013,-7298.36935000003
2025-01-03T13:50:37.000000,-1477.7888499999008,-5873.88090000013,-7351.669750000031
2025-01-03T13:50:42.000000,-1531.0892499999013,-5873.88090000013,-7404.970150000032
2025-01-03T13:50:47.000000,-1584.3896499999018,-5873.88090000013,-7458.270550000033
2025-01-03T13:50:52.000000,-1608.8189999999022,-5873.88090000013,-7482.699900000033
2025-01-03T13:53:27.000000,-1671.9383499999024,-5873.88090000013,-7545.819250000033
2025-01-03T13:53:42.000000,-1767.3836593749,-5873.88090000013,-7641.26455937503
2025-01-03T13:54:47.000000,-2133.2546493748905,-5873.88090000013,-8007.135549375021
2025-01-03T13:55:02.000000,-2219.5837593748884,-5873.88090000013,-8093.4646593750185
2025-01-03T13:57:42.000000,-2366.5402886852225,-5873.88090000013,-8240.421188685352
2025-01-03T13:58:12.000000,-2370.4339093748754,-5873.88090000013,-8244.314809375004
2025-01-03T13:58:27.000000,-2365.4772999998754,-5873.88090000013,-8239.358200000004
2025-01-03T14:00:27.000000,-2382.836661016824,-5873.88090000013,-8256.717561016952
2025-01-03T14:00:32.000000,-2400.196022033773,-5873.88090000013,-8274.0769220339
2025-01-03T14:00:37.000000,-2417.5553830507215,-5873.88090000013,-8291.436283050849
2025-01-03T14:00:42.000000,-2434.91474406767,-5873.88090000013,-8308.795644067797
2025-01-03T14:00:47.000000,-2452.274105084619,-5873.88090000013,-8326.155005084745
2025-01-03T14:00:52.000000,-2458.5865999998728,-5873.88090000013,-8332.467499999999
2025-01-03T14:04:52.000000,-2458.5865999998728,-5833.06364032271,-8291.650240322579
2025-01-03T14:04:57.000000,-2458.5865999998728,-5803.625350000129,-8262.211949999997
2025-01-03T14:09:27.000000,-2488.543899999873,-5803.625350000129,-8292.169249999997
2025-01-03T14:09:32.000000,-2518.501199999873,-5803.625350000129,-8322.126549999997
2025-01-03T14:09:37.000000,-2548.458499999873,-5803.625350000129,-8352.083849999997
2025-01-03T14:09:42.000000,-2578.415799999873,-5803.625350000129,-8382.041149999997
2025-01-03T14:09:47.000000,-2620.365299999875,-5803.625350000129,-8423.99065
2025-01-03T14:13:42.000000,-2644.7456431033233,-5803.625350000129,-8448.370993103448
2025-01-03T14:13:47.000000,-2663.129886206771,-5803.625350000129,-8466.755236206896
2025-01-03T14:13:57.000000,-2694.016949766093,-5803.625350000129,-8497.642299766218
2025-01-03T14:14:07.000000,-2691.2965124702687,-5803.625350000129,-8494.921862470394
2025-01-03T14:14:22.000000,-2709.094130718082,-5803.625350000129,-8512.719480718206
2025-01-03T14:14:57.000000,-2726.3929907434476,-5803.625350000129,-8530.018340743572
2025-01-03T14:15:17.000000,-2769.674950768813,-5803.625350000129,-8573.300300768939
2025-01-03T14:17:07.000000,-2769.674950768813,-5800.163628846285,-8569.838579615094
2025-01-03T14:17:12.000000,-2769.674950768813,-5811.70415769244,-8581.37910846125
2025-01-03T14:17:17.000000,-2769.674950768813,-5838.246936538595,-8607.921887307404
2025-01-03T14:17:17.000000,-2773.0896507688126,-5838.246936538595,-8611.336587307404
2025-01-03T14:17:22.000000,-2773.0896507688126,-5864.78971538475,-8637.879366153558
2025-01-03T14:17:27.000000,-2773.0896507688126,-5876.330244230905,-8649.419894999714
2025-01-03T14:17:32.000000,-2773.0896507688126,-5878.638350000136,-8651.728000768944
2025-01-03T14:18:17.000000,-2808.684887264439,-5878.638350000136,-8687.32323726457
2025-01-03T14:18:22.000000,-2844.2801237600656,-5878.638350000136,-8722.918473760197
2025-01-03T14:18:27.000000,-2879.875360255692,-5878.638350000136,-8758.513710255824
2025-01-03T14:18:32.000000,-2915.4705967513187,-5878.638350000136,-8794.10894675145
2025-01-03T14:18:42.000000,-2963.058033246947,-5878.638350000136,-8841.69638324708
2025-01-03T14:18:47.000000,-3056.918763681726,-5878.638350000136,-8935.557113681858
2025-01-03T14:18:47.000000,-3104.5062001773545,-5878.638350000136,-8983.144550177487
2025-01-03T14:18:47.000000,-3191.070120228085,-5878.638350000136,-9069.708470228217
2025-01-03T14:18:52.000000,-3284.930850662864,-5878.638350000136,-9163.569200662996
2025-01-03T14:18:52.000000,-3332.5182871584925,-5878.638350000136,-9211.156637158625
2025-01-03T14:18:52.000000,-3393.099107209224,-5878.638350000136,-9271.737457209356
2025-01-03T14:18:57.000000,-3498.9520376440046,-5878.638350000136,-9377.590387644137
2025-01-03T14:18:57.000000,-3534.642615015726,-5878.638350000136,-9413.280965015858
2025-01-03T14:18:57.000000,-3621.2065350664566,-5878.638350000136,-9499.844885066588
2025-01-03T14:19:02.000000,-3715.0672655012354,-5878.638350000136,-9593.705615501367
2025-01-03T14:19:02.000000,-3801.631185551966,-5878.638350000136,-9680.269535552097
2025-01-03T14:19:07.000000,-3883.4997159867476,-5878.638350000136,-9762.13806598688
2025-01-03T14:19:07.000000,-3940.099202173764,-5878.638350000136,-9818.737552173896
2025-01-03T14:19:12.000000,-3974.518149999849,-5878.638350000136,-9853.156499999981
2025-01-03T14:19:57.000000,-3968.527965037444,-5878.638350000136,-9847.166315037575
2025-01-03T14:20:02.000000,-3936.55468007504,-5878.638350000136,-9815.19303007517
2025-01-03T14:20:07.000000,-3904.5813951126356,-5878.638350000136,-9783.219745112765
2025-01-03T14:20:12.000000,-3872.6081101502314,-5878.638350000136,-9751.24646015036
2025-01-03T14:20:17.000000,-3788.668625187826,-5878.638350000136,-9667.306975187954
2025-01-03T14:20:22.000000,-3778.983299999856,-5878.638350000136,-9657.621649999985
2025-01-03T14:21:07.000000,-3732.1011389421633,-5878.638350000136,-9610.739488942292
2025-01-03T14:21:12.000000,-3685.2189778844704,-5878.638350000136,-9563.8573278846
2025-01-03T14:21:17.000000,-3638.3368168267775,-5878.638350000136,-9516.975166826907
2025-01-03T14:21:22.000000,-3591.4546557690846,-5878.638350000136,-9470.093005769215
2025-01-03T14:21:27.000000,-3544.5724947113918,-5878.638350000136,-9423.210844711522
2025-01-03T14:21:32.000000,-3497.690333653699,-5878.638350000136,-9376.32868365383
2025-01-03T14:21:37.000000,-3456.8042725960067,-5878.638350000136,-9335.442622596138
2025-01-03T14:21:42.000000,-3415.9182115383146,-5878.638350000136,-9294.556561538446
2025-01-03T14:21:47.000000,-3381.0282504806214,-5878.638350000136,-9259.666600480752
2025-01-03T14:21:52.000000,-3334.1460894229285,-5878.638350000136,-9212.78443942306
2025-01-03T14:21:57.000000,-3287.2639283652356,-5878.638350000136,-9165.902278365367
2025-01-03T14:22:02.000000,-3240.3817673075428,-5878.638350000136,-9119.020117307675
2025-01-03T14:22:07.000000,-3205.4918062498496,-5878.638350000136,-9084.130156249981
2025-01-03T14:22:12.000000,-3206.578445192156,-5878.638350000136,-9085.216795192287
2025-01-03T14:22:17.000000,-3213.661184134463,-5878.638350000136,-9092.299534134594
2025-01-03T14:22:22.000000,-3208.7517230767703,-5878.638350000136,-9087.390073076902
2025-01-03T14:22:27.000000,-3209.8383620190766,-5878.638350000136,-9088.476712019208
2025-01-03T14:22:32.000000,-3204.928900961384,-5878.638350000136,-9083.567250961516
2025-01-03T14:22:37.000000,-3194.02333990369,-5878.638350000136,-9072.661689903822
2025-01-03T14:22:42.000000,-3189.1138788459975,-5878.638350000136,-9067.75222884613
2025-01-03T14:22:47.000000,-3172.212217788305,-5878.638350000136,-9050.850567788437
2025-01-03T14:22:52.000000,-3161.3066567306114,-5878.638350000136,-9039.945006730743
2025-01-03T14:22:57.000000,-3150.4010956729176,-5878.638350000136,-9029.039445673048
2025-01-03T14:23:02.000000,-3145.491634615225,-5878.638350000136,-9024.129984615356
2025-01-03T14:23:07.000000,-3128.5899735575326,-5878.638350000136,-9007.228323557663
2025-01-03T14:23:12.000000,-3105.692212499839,-5878.638350000136,-8984.33056249997
2025-01-03T14:23:17.000000,-3094.7866514421453,-5878.638350000136,-8973.425001442276
2025-01-03T14:23:22.000000,-3071.8888903844518,-5878.638350000136,-8950.527240384583
2025-01-03T14:23:27.000000,-3060.983329326758,-5878.638350000136,-8939.621679326889
2025-01-03T14:23:32.000000,-3044.0816682690656,-5878.638350000136,-8922.720018269196
2025-01-03T14:23:37.000000,-3015.1878072113736,-5878.638350000136,-8893.826157211504
2025-01-03T14:23:42.000000,-2980.2978461536804,-5878.638350000136,-8858.93619615381
2025-01-03T14:23:47.000000,-2945.4078850959872,-5878.638350000136,-8824.046235096117
2025-01-03T14:23:52.000000,-2910.517924038294,-5878.638350000136,-8789.156274038423
2025-01-03T14:23:57.000000,-2879.263149999832,-5878.638350000136,-8757.901499999962
2025-01-03T14:24:27.000000,-2808.5416491451356,-5878.638350000136,-8687.179999145264
2025-01-03T14:24:32.000000,-2737.820148290439,-5878.638350000136,-8616.458498290567
2025-01-03T14:24:37.000000,-2667.098647435743,-5878.638350000136,-8545.73699743587
2025-01-03T14:24:42.000000,-2596.3771465810464,-5878.638350000136,-8475.015496581173
2025-01-03T14:24:47.000000,-2525.65564572635,-5878.638350000136,-8404.293995726475
2025-01-03T14:24:52.000000,-2519.5059499998547,-5878.638350000136,-8398.14429999998
2025-01-03T14:26:17.000000,-2519.5059499998547,-5865.303481048522,-8384.809431048367
2025-01-03T14:26:22.000000,-2519.5059499998547,-5942.553731048522,-8462.059681048366
2025-01-03T14:26:22.000000,-2519.5059499998547,-5929.218862096909,-8448.724812096752
2025-01-03T14:26:27.000000,-2519.5059499998547,-5915.883993145296,-8435.38994314514
2025-01-03T14:26:32.000000,-2519.5059499998547,-5902.5491241936825,-8422.055074193526
2025-01-03T14:26:37.000000,-2519.5059499998547,-5865.744050000135,-8385.249999999978
2025-01-03T14:26:42.000000,-2519.5059499998547,-5851.252137931169,-8370.758087931012
2025-01-03T14:26:47.000000,-2519.5059499998547,-5825.758575862205,-8345.264525862049
2025-01-03T14:26:52.000000,-2519.5059499998547,-5800.265013793241,-8319.770963793086
2025-01-03T14:26:57.000000,-2519.5059499998547,-5763.769801724276,-8283.27575172412
2025-01-03T14:27:02.000000,-2519.5059499998547,-5716.272939655312,-8235.778889655157
2025-01-03T14:27:07.000000,-2519.5059499998547,-5703.3192500001405,-8222.825199999985
2025-01-03T14:27:47.000000,-2519.5059499998547,-5722.865304386108,-8242.371254385953
2025-01-03T14:27:52.000000,-2519.5059499998547,-5753.413008772077,-8272.918958771921
2025-01-03T14:27:57.000000,-2519.5059499998547,-5772.959063158044,-8292.46501315789
2025-01-03T14:28:02.000000,-2519.5059499998547,-5792.505117544011,-8312.011067543857
2025-01-03T14:28:07.000000,-2519.5059499998547,-5812.051171929978,-8331.557121929825
2025-01-03T14:28:12.000000,-2519.5059499998547,-5815.605000000154,-8335.110950000002
2025-01-03T14:31:22.000000,-2519.5059499998547,-5764.7175306124,-8284.223480612247
2025-01-03T14:31:27.000000,-2519.5059499998547,-5713.830061224646,-8233.336011224492
2025-01-03T14:31:32.000000,-2519.5059499998547,-5647.940341836891,-8167.446291836737
2025-01-03T14:31:37.000000,-2519.5059499998547,-5630.369750000156,-8149.875700000002
2025-01-03T14:31:38.000000,-2664.741449999861,-5630.369750000156,-8295.111200000008
2025-01-03T14:31:43.000000,-2799.9834499998656,-5630.369750000156,-8430.353200000012
2025-01-03T14:31:48.000000,-2955.21244999987,-5630.369750000156,-8585.582200000017
2025-01-03T14:31:53.000000,-3017.3040499998715,-5630.369750000156,-8647.673800000019
2025-01-03T14:37:57.000000,-2996.7498499998724,-5630.369750000156,-8627.11960000002
2025-01-03T14:38:02.000000,-2958.2073499998737,-5630.369750000156,-8588.57710000002
2025-01-03T14:38:07.000000,-2919.664849999875,-5630.369750000156,-8550.03460000002
2025-01-03T14:38:12.000000,-2872.1281999998746,-5630.369750000156,-8502.49795000002
2025-01-03T14:38:17.000000,-2842.5798499998773,-5630.369750000156,-8472.949600000024
2025-01-03T14:42:17.000000,-2789.8942554943815,-5630.369750000156,-8420.264005494528
2025-01-03T14:42:22.000000,-2737.2086609888856,-5630.369750000156,-8367.578410989032
2025-01-03T14:42:27.000000,-2684.52306648339,-5630.369750000156,-8314.892816483536
2025-01-03T14:42:32.000000,-2649.8257719778935,-5630.369750000156,-8280.19552197804
2025-01-03T14:42:37.000000,-2615.128477472397,-5630.369750000156,-8245.498227472543
2025-01-03T14:42:42.000000,-2612.2014999998696,-5630.369750000156,-8242.571250000015
2025-01-06T09:47:22.000000,-2612.2014999998696,-5681.2954077050745,-8293.496907704934
2025-01-06T09:48:07.000000,-2612.2014999998696,-5732.221065409993,-8344.422565409852
2025-01-06T09:50:42.000000,-2612.2014999998696,-5765.792478287656,-8377.993978287515
2025-01-06T09:50:47.000000,-2612.2014999998696,-5799.36389116532,-8411.565391165179
2025-01-06T09:50:52.000000,-2612.2014999998696,-5893.895497390556,-8506.096997390414
2025-01-06T09:50:57.000000,-2612.2014999998696,-6081.441053615792,-8693.64255361565
2025-01-06T09:51:02.000000,-2612.2014999998696,-6299.991259841027,-8912.192759840886
2025-01-06T09:51:07.000000,-2612.2014999998696,-6549.546116066265,-9161.747616066123
2025-01-06T09:51:12.000000,-2612.2014999998696,-6799.100972291503,-9411.30247229136
2025-01-06T09:51:17.000000,-2612.2014999998696,-7079.66047851674,-9691.861978516597
2025-01-06T09:51:22.000000,-2612.2014999998696,-7422.229284741976,-10034.430784741833
2025-01-06T09:51:27.000000,-2612.2014999998696,-7764.7980909672115,-10376.999590967069
2025-01-06T09:51:32.000000,-2612.2014999998696,-8138.37154719245,-10750.573047192307
2025-01-06T09:51:37.000000,-2612.2014999998696,-8480.940353417685,-11093.141853417543
2025-01-06T09:51:42.000000,-2612.2014999998696,-8854.513809642924,-11466.715309642781
2025-01-06T09:51:47.000000,-2612.2014999998696,-9166.07796586816,-11778.279465868018
2025-01-06T09:51:52.000000,-2612.2014999998696,-9446.637472093398,-12058.838972093256
2025-01-06T09:51:57.000000,-2612.2014999998696,-9727.196978318636,-12339.398478318493
2025-01-06T09:52:02.000000,-2612.2014999998696,-9976.751834543873,-12588.95333454373
2025-01-06T09:52:07.000000,-2612.2014999998696,-10226.30669076911,-12838.508190768967
2025-01-06T09:52:12.000000,-2612.2014999998696,-10444.856896994346,-13057.058396994204
2025-01-06T09:52:17.000000,-2612.2014999998696,-10607.007050000166,-13219.208550000023
2025-01-06T09:55:42.000000,-2612.2014999998696,-10526.757307835987,-13138.958807835845
2025-01-06T09:56:07.000000,-2612.2014999998696,-10444.269523507628,-13056.471023507485
2025-01-06T09:59:02.000000,-2612.2014999998696,-10543.80903917927,-13156.010539179128
2025-01-06T09:59:07.000000,-2612.2014999998696,-10669.35245485091,-13281.553954850768
2025-01-06T09:59:12.000000,-2612.2014999998696,-10794.89587052255,-13407.097370522408
2025-01-06T09:59:17.000000,-2612.2014999998696,-10842.976850000163,-13455.17835000002
2025-01-06T10:10:42.000000,-2612.2014999998696,-11030.785542783668,-13642.987042783525
2025-01-06T10:10:47.000000,-2612.2014999998696,-11218.594235567172,-13830.79573556703
2025-01-06T10:10:52.000000,-2612.2014999998696,-11387.400078350678,-13999.601578350535
2025-01-06T10:10:57.000000,-2612.2014999998696,-11537.203071134183,-14149.40457113404
2025-01-06T10:11:02.000000,-2612.2014999998696,-11706.008913917689,-14318.210413917546
2025-01-06T10:11:07.000000,-2612.2014999998696,-11719.777350000164,-14331.978850000021
2025-01-06T10:11:37.000000,-2612.2014999998696,-11727.406950000164,-14339.608450000022
2025-01-06T10:14:52.000000,-2612.2014999998696,-11832.657771428734,-14444.859271428591
2025-01-06T10:14:57.000000,-2612.2014999998696,-11937.908592857304,-14550.110092857161
2025-01-06T10:14:57.000000,-2612.2014999998696,-11977.98477857159,-14590.186278571447
2025-01-06T10:15:02.000000,-2612.2014999998696,-12083.23560000016,-14695.437100000017
2025-01-06T10:15:02.000000,-2612.2014999998696,-12123.311785714446,-14735.513285714303
2025-01-06T10:15:07.000000,-2612.2014999998696,-12213.560357143017,-14825.761857142874
2025-01-06T10:15:07.000000,-2612.2014999998696,-12241.634742857303,-14853.83624285716
2025-01-06T10:15:12.000000,-2612.2014999998696,-12361.887814285872,-14974.08931428573
2025-01-06T10:15:12.000000,-2612.2014999998696,-12389.962200000158,-15002.163700000016
2025-01-06T10:15:17.000000,-2612.2014999998696,-12403.9956428573,-15016.197142857158
2025-01-06T10:15:17.000000,-2612.2014999998696,-12422.711900000158,-15034.913400000016
2025-01-06T10:15:47.000000,-2612.2014999998696,-12503.981000000162,-15116.182500000019
2025-01-06T10:15:52.000000,-2612.2014999998696,-12585.250100000165,-15197.451600000022
2025-01-06T10:15:57.000000,-2612.2014999998696,-12666.519200000168,-15278.720700000025
2025-01-06T10:16:02.000000,-2612.2014999998696,-12728.478900000167,-15340.680400000025
2025-01-06T10:16:07.000000,-2612.2014999998696,-12768.887400000167,-15381.088900000024
2025-01-06T10:19:27.000000,-2612.2014999998696,-12803.997540449605,-15416.199040449463
2025-01-06T10:19:32.000000,-2612.2014999998696,-12864.111430899044,-15476.312930898901
2025-01-06T10:19:37.000000,-2612.2014999998696,-12874.21782134848,-15486.419321348338
2025-01-06T10:19:42.000000,-2612.2014999998696,-12909.327961797919,-15521.529461797776
2025-01-06T10:19:47.000000,-2612.2014999998696,-12969.441852247357,-15581.643352247214
2025-01-06T10:19:52.000000,-2612.2014999998696,-13079.563242696795,-15691.764742696652
2025-01-06T10:19:57.000000,-2612.2014999998696,-13164.680883146233,-15776.88238314609
2025-01-06T10:20:02.000000,-2612.2014999998696,-13180.895900000165,-15793.097400000022
2025-01-06T10:21:42.000000,-2902.5625377707674,-13180.895900000165,-16083.45843777092
2025-01-06T10:21:47.000000,-3160.944375541666,-13180.895900000165,-16341.84027554182
2025-01-06T10:21:52.000000,-3355.367813312566,-13180.895900000165,-16536.26371331272
2025-01-06T10:21:57.000000,-3517.8120510834638,-13180.895900000165,-16698.70795108362
2025-01-06T10:22:02.000000,-3648.2770888543623,-13180.895900000165,-16829.172988854516
2025-01-06T10:22:07.000000,-3746.7629266252616,-13180.895900000165,-16927.658826625415
2025-01-06T10:22:12.000000,-3813.2695643961615,-13180.895900000165,-16994.165464396316
2025-01-06T10:22:17.000000,-3879.7762021670615,-13180.895900000165,-17060.672102167217
2025-01-06T10:22:22.000000,-3914.3036399379594,-13180.895900000165,-17095.199539938116
2025-01-06T10:22:27.000000,-3980.8102777088593,-13180.895900000165,-17161.706177709017
2025-01-06T10:22:32.000000,-4047.3169154797592,-13180.895900000165,-17228.212815479917
2025-01-06T10:22:37.000000,-4081.844353250657,-13180.895900000165,-17262.740253250817
2025-01-06T10:22:42.000000,-4116.371791021555,-13180.895900000165,-17297.267691021716
2025-01-06T10:22:47.000000,-4116.371791021555,-13200.926555737868,-17317.298346759417
2025-01-06T10:22:47.000000,-4150.899228792452,-13200.926555737868,-17351.825784530316
2025-01-06T10:22:52.000000,-4150.899228792452,-13220.95721147557,-17371.856440268017
2025-01-06T10:22:52.000000,-4217.405866563352,-13220.95721147557,-17438.363078038918
2025-01-06T10:22:57.000000,-4217.405866563352,-13240.987867213273,-17458.39373377662
2025-01-06T10:22:57.000000,-4283.912504334252,-13240.987867213273,-17524.90037154752
2025-01-06T10:23:02.000000,-4283.912504334252,-13213.011322950977,-17496.923827285224
2025-01-06T10:23:02.000000,-4350.419142105152,-13213.011322950977,-17563.430465056124
2025-01-06T10:23:07.000000,-4350.419142105152,-13209.03837868868,-17559.45752079383
2025-01-06T10:23:07.000000,-4448.904979876051,-13209.03837868868,-17657.943358564728
2025-01-06T10:23:12.000000,-4448.904979876051,-13208.707300000155,-17657.612279876204
2025-01-06T10:23:12.000000,-4579.370017646949,-13208.707300000155,-17788.0773176471
2025-01-06T10:23:17.000000,-4709.835055417848,-13208.707300000155,-17918.542355417998
2025-01-06T10:23:22.000000,-4740.293349999891,-13208.707300000155,-17949.00065000004
2025-01-06T10:40:22.000000,-4740.293349999891,-13280.206516666822,-18020.49986666671
2025-01-06T10:40:32.000000,-4740.293349999891,-13314.787016666822,-18055.08036666671
2025-01-06T10:40:37.000000,-4740.293349999891,-13344.891950000156,-18085.18530000004
2025-01-06T10:56:32.000000,-4659.485349999891,-13344.891950000156,-18004.37730000004
2025-01-06T10:56:37.000000,-4602.66174999989,-13344.891950000156,-17947.55370000004
2025-01-06T10:56:42.000000,-4545.8381499998895,-13344.891950000156,-17890.73010000004
2025-01-06T10:56:47.000000,-4501.006749999889,-13344.891950000156,-17845.89870000004
2025-01-06T10:56:52.000000,-4456.175349999888,-13344.891950000156,-17801.067300000042
2025-01-06T10:56:57.000000,-4444.967499999888,-13344.891950000156,-17789.859450000044
2025-01-06T10:59:47.000000,-4424.600499999895,-13344.891950000156,-17769.492450000052
2025-01-06T10:59:52.000000,-4392.241299999901,-13344.891950000156,-17737.133250000057
2025-01-06T10:59:57.000000,-4359.882099999906,-13344.891950000156,-17704.774050000062
2025-01-06T11:00:02.000000,-4327.522899999912,-13344.891950000156,-17672.414850000067
2025-01-06T11:00:07.000000,-4307.155899999919,-13344.891950000156,-17652.047850000075
2025-01-06T11:00:12.000000,-4305.4586499999195,-13344.891950000156,-17650.350600000074
2025-01-06T11:00:27.000000,-4268.513193362751,-13344.891950000156,-17613.405143362907
2025-01-06T11:00:32.000000,-4231.567736725582,-13344.891950000156,-17576.45968672574
2025-01-06T11:00:37.000000,-4216.607980088414,-13344.891950000156,-17561.49993008857
2025-01-06T11:00:42.000000,-4179.662523451245,-13344.891950000156,-17524.5544734514
2025-01-06T11:00:47.000000,-4164.702766814076,-13344.891950000156,-17509.59471681423
2025-01-06T11:00:52.000000,-4162.662799999917,-13344.891950000156,-17507.554750000072
2025-01-06T13:29:12.000000,-4162.662799999917,-13331.995210000156,-17494.658010000072
2025-01-06T13:29:17.000000,-4162.662799999917,-13319.098470000155,-17481.76127000007
2025-01-06T13:29:22.000000,-4162.662799999917,-13294.199930000157,-17456.862730000073
2025-01-06T13:29:27.000000,-4162.662799999917,-13269.301390000159,-17431.964190000075
2025-01-06T13:29:32.000000,-4162.662799999917,-13244.40285000016,-17407.065650000077
2025-01-06T13:53:17.000000,-4162.662799999917,-13270.513080769393,-17433.17588076931
2025-01-06T13:53:22.000000,-4162.662799999917,-13296.623311538626,-17459.286111538546
2025-01-06T13:53:27.000000,-4162.662799999917,-13312.289450000166,-17474.952250000086
2025-01-06T13:55:02.000000,-4162.662799999917,-13386.602450000166,-17549.265250000084
2025-01-06T13:55:07.000000,-4162.662799999917,-13420.644675423899,-17583.307475423815
2025-01-06T13:57:42.000000,-4162.662799999917,-13455.626314930072,-17618.289114929987
2025-01-06T13:57:42.000000,-4162.662799999917,-13504.900200173623,-17667.563000173537
2025-01-06T13:57:47.000000,-4162.662799999917,-13539.881839679796,-17702.54463967971
2025-01-06T13:57:47.000000,-4162.662799999917,-13589.155724923346,-17751.81852492326
2025-01-06T13:57:52.000000,-4162.662799999917,-13624.13736442952,-17786.80016442943
2025-01-06T13:57:52.000000,-4162.662799999917,-13673.41124967307,-17836.07404967298
2025-01-06T13:57:57.000000,-4162.662799999917,-13708.392889179244,-17871.055689179153
2025-01-06T13:57:57.000000,-4162.662799999917,-13734.663324422794,-17897.326124422703
2025-01-06T13:58:02.000000,-4162.662799999917,-13785.647363928967,-17948.310163928876
2025-01-06T13:58:02.000000,-4162.662799999917,-13811.917799172517,-17974.580599172426
2025-01-06T13:58:07.000000,-4162.662799999917,-13815.104301641653,-17977.767101641562
2025-01-06T13:58:07.000000,-4162.662799999917,-13841.374736885204,-18004.037536885113
2025-01-06T13:58:12.000000,-4162.662799999917,-13867.645172128754,-18030.307972128663
2025-01-06T13:58:17.000000,-4162.662799999917,-13893.915607372304,-18056.578407372213
2025-01-06T13:58:22.000000,-4162.662799999917,-13920.186042615855,-18082.848842615764
2025-01-06T13:58:27.000000,-4162.662799999917,-13946.456477859405,-18109.119277859314
2025-01-06T13:58:32.000000,-4162.662799999917,-13972.726913102955,-18135.389713102864
2025-01-06T13:58:37.000000,-4162.662799999917,-13998.997348346506,-18161.660148346415
2025-01-06T13:58:42.000000,-4162.662799999917,-14025.267783590056,-18187.930583589965
2025-01-06T13:58:47.000000,-4162.662799999917,-14051.538218833606,-18214.201018833515
2025-01-06T13:58:52.000000,-4162.662799999917,-14077.808654077156,-18240.471454077066
2025-01-06T13:58:57.000000,-4162.662799999917,-14082.377425423861,-18245.04022542377
2025-01-06T13:59:37.000000,-4215.846069999916,-14082.377425423861,-18298.22349542377
2025-01-06T13:59:42.000000,-4269.029339999915,-14082.377425423861,-18351.406765423766
2025-01-06T13:59:47.000000,-4314.614999999913,-14082.377425423861,-18396.992425423767
2025-01-06T13:59:52.000000,-4314.614999999913,-14057.065042373017,-18371.680042372922
2025-01-06T13:59:57.000000,-4314.614999999913,-14043.75445932217,-18358.369459322075
2025-01-06T14:00:02.000000,-4314.614999999913,-14030.443876271323,-18345.05887627123
2025-01-06T14:00:07.000000,-4314.614999999913,-14029.898550000138,-18344.513550000043
2025-01-06T14:01:17.000000,-4314.614999999913,-14057.509950000136,-18372.12495000004
2025-01-06T14:06:07.000000,-4314.614999999913,-14108.55627252266,-18423.171272522563
2025-01-06T14:06:17.000000,-4314.614999999913,-14180.590423874011,-18495.205423873915
2025-01-06T14:06:22.000000,-4314.614999999913,-14240.622775225365,-18555.23777522527
2025-01-06T14:06:22.000000,-4314.614999999913,-14345.219207483431,-18659.834207483334
2025-01-06T14:06:27.000000,-4314.614999999913,-14381.247958834787,-18695.86295883469
2025-01-06T14:06:27.000000,-4314.614999999913,-14473.842591092853,-18788.457591092756
2025-01-06T14:06:32.000000,-4314.614999999913,-14476.8449870388,-18791.459987038703
2025-01-06T14:06:32.000000,-4314.614999999913,-14569.439619296865,-18884.05461929677
2025-01-06T14:06:37.000000,-4314.614999999913,-14662.034251554931,-18976.649251554838
2025-01-06T14:06:42.000000,-4314.614999999913,-14766.630683812997,-19081.245683812904
2025-01-06T14:06:47.000000,-4314.614999999913,-14786.063722522675,-19100.67872252258
2025-01-06T14:08:12.000000,-4314.614999999913,-14844.14976756772,-19158.764767567627
2025-01-06T14:08:17.000000,-4314.614999999913,-14902.235812612766,-19216.850812612673
2025-01-06T14:08:22.000000,-4314.614999999913,-14960.321857657811,-19274.936857657718
2025-01-06T14:08:27.000000,-4314.614999999913,-15018.407902702857,-19333.022902702764
2025-01-06T14:08:32.000000,-4314.614999999913,-15050.091200000154,-19364.706200000062
2025-01-06T14:17:37.000000,-4344.905249999913,-15050.091200000154,-19394.99645000006
2025-01-06T14:22:27.000000,-4361.142890624913,-15050.091200000154,-19411.23409062506
2025-01-06T14:22:32.000000,-4362.390281249913,-15050.091200000154,-19412.48148125006
2025-01-06T14:22:37.000000,-4363.6376718749125,-15050.091200000154,-19413.728871875057
2025-01-06T14:22:42.000000,-4363.887149999912,-15050.091200000154,-19413.978350000056
2025-01-06T14:34:57.000000,-4363.887149999912,-14995.503152000156,-19359.390302000058
2025-01-06T14:35:02.000000,-4363.887149999912,-14952.91690400016,-19316.804054000062
2025-01-06T14:35:07.000000,-4363.887149999912,-14948.36790000016,-19312.25505000006
2025-01-06T14:36:23.000000,-4363.887149999912,-14891.143425000158,-19255.030575000063
2025-01-06T14:36:28.000000,-4363.887149999912,-14815.916250000158,-19179.803400000063
2025-01-06T14:36:33.000000,-4363.887149999912,-14758.691775000158,-19122.578925000063
2025-01-06T14:36:38.000000,-4363.887149999912,-14701.467300000157,-19065.354450000064
2025-01-06T14:36:43.000000,-4363.887149999912,-14682.605900000155,-19046.493050000063
2025-01-06T14:45:02.000000,-4363.887149999912,-14904.574285294273,-19268.461435294183
2025-01-06T14:45:07.000000,-4363.887149999912,-15126.542670588391,-19490.429820588302
2025-01-06T14:45:12.000000,-4363.887149999912,-15342.510155882508,-19706.39730588242
2025-01-06T14:45:17.000000,-4363.887149999912,-15558.477641176625,-19922.364791176537
2025-01-06T14:45:22.000000,-4363.887149999912,-15774.445126470742,-20138.332276470654
2025-01-06T14:45:27.000000,-4363.887149999912,-15918.423450000153,-20282.310600000066
2025-01-07T09:57:12.000000,-4363.887149999912,-15913.830735840862,-20277.717885840775
2025-01-07T10:01:17.000000,-4363.887149999912,-15904.64530752228,-20268.532457522193
2025-01-07T10:01:22.000000,-4363.887149999912,-15895.459879203698,-20259.34702920361
2025-01-07T10:01:27.000000,-4363.887149999912,-15886.274450885116,-20250.16160088503
2025-01-07T10:01:32.000000,-4363.887149999912,-15877.089022566533,-20240.976172566447
2025-01-07T10:01:37.000000,-4363.887149999912,-15871.243750000163,-20235.130900000077
2025-01-07T10:08:07.000000,-4363.887149999912,-15798.98986403525,-20162.877014035163
2025-01-07T10:08:12.000000,-4363.887149999912,-15715.734328070334,-20079.621478070247
2025-01-07T10:08:17.000000,-4363.887149999912,-15632.478792105418,-19996.36594210533
2025-01-07T10:08:22.000000,-4363.887149999912,-15538.221606140503,-19902.108756140417
2025-01-07T10:08:27.000000,-4363.887149999912,-15454.966070175587,-19818.8532201755
2025-01-07T10:08:32.000000,-4363.887149999912,-15439.828700000147,-19803.715850000062
2025-01-07T10:24:02.000000,-4363.887149999912,-15504.316070256558,-19868.203220256473
2025-01-07T10:24:07.000000,-4363.887149999912,-15568.80344051297,-19932.690590512884
2025-01-07T10:24:12.000000,-4363.887149999912,-15633.29081076938,-19997.177960769295
2025-01-07T10:24:17.000000,-4363.887149999912,-15675.77488102579,-20039.662031025706
2025-01-07T10:24:22.000000,-4363.887149999912,-15718.258951282201,-20082.146101282116
2025-01-07T10:24:27.000000,-4363.887149999912,-15782.746321538612,-20146.633471538527
2025-01-07T10:24:32.000000,-4363.887149999912,-15847.233691795023,-20211.12084179494
2025-01-07T10:24:37.000000,-4363.887149999912,-15889.717762051434,-20253.60491205135
2025-01-07T10:24:42.000000,-4363.887149999912,-15926.408550000153,-20290.295700000068
2025-01-07T10:25:42.000000,-4363.887149999912,-15956.443605555709,-20320.330755555624
2025-01-07T10:25:47.000000,-4363.887149999912,-15986.478661111265,-20350.36581111118
2025-01-07T10:25:52.000000,-4363.887149999912,-15990.509816666821,-20354.396966666736
2025-01-07T10:25:52.000000,-4363.887149999912,-15924.408907575917,-20288.29605757583
2025-01-07T10:25:57.000000,-4363.887149999912,-15928.440063131473,-20292.327213131386
2025-01-07T10:25:57.000000,-4363.887149999912,-15862.339154040568,-20226.22630404048
2025-01-07T10:26:02.000000,-4363.887149999912,-15866.370309596125,-20230.257459596036
2025-01-07T10:26:02.000000,-4363.887149999912,-15800.26940050522,-20164.15655050513
2025-01-07T10:26:07.000000,-4363.887149999912,-15804.300556060776,-20168.187706060686
2025-01-07T10:26:07.000000,-4363.887149999912,-15738.199646969872,-20102.08679696978
2025-01-07T10:26:12.000000,-4363.887149999912,-15768.234702525428,-20132.121852525335
2025-01-07T10:26:12.000000,-4363.887149999912,-15726.137393434521,-20090.02454343443
2025-01-07T10:26:17.000000,-4363.887149999912,-15756.172448990077,-20120.059598989985
2025-01-07T10:26:17.000000,-4363.887149999912,-15754.418394444623,-20118.30554444453
2025-01-07T10:26:22.000000,-4363.887149999912,-15774.05670000018,-20137.943850000087
2025-01-07T10:46:07.000000,-4378.8758863635485,-15774.05670000018,-20152.932586363724
2025-01-07T10:46:12.000000,-4393.864622727185,-15774.05670000018,-20167.92132272736
2025-01-07T10:46:17.000000,-4408.853359090821,-15774.05670000018,-20182.910059091
2025-01-07T10:46:22.000000,-4423.842095454457,-15774.05670000018,-20197.898795454636
2025-01-07T10:46:27.000000,-4438.830831818093,-15774.05670000018,-20212.887531818273
2025-01-07T10:46:32.000000,-4449.32324999991,-15774.05670000018,-20223.37995000009
2025-01-07T10:54:02.000000,-4449.32324999991,-15764.004883333513,-20213.328133333423
2025-01-07T10:54:07.000000,-4449.32324999991,-15753.953066666847,-20203.276316666757
2025-01-07T10:54:12.000000,-4449.32324999991,-15743.90125000018,-20193.22450000009
2025-01-07T10:54:17.000000,-4449.32324999991,-15733.849433333515,-20183.172683333425
2025-01-07T10:54:22.000000,-4449.32324999991,-15723.797616666849,-20173.12086666676
2025-01-07T10:54:27.000000,-4449.32324999991,-15723.024400000182,-20172.34765000009
2025-01-07T11:01:37.000000,-4449.32324999991,-15738.209916666849,-20187.53316666676
2025-01-07T11:01:42.000000,-4449.32324999991,-15753.395433333515,-20202.718683333427
2025-01-07T11:01:47.000000,-4449.32324999991,-15768.580950000181,-20217.904200000095
2025-01-07T11:01:52.000000,-4449.32324999991,-15783.766466666848,-20233.089716666764
2025-01-07T11:01:57.000000,-4449.32324999991,-15798.951983333514,-20248.275233333432
2025-01-07T11:02:02.000000,-4449.32324999991,-15800.12010000018,-20249.4433500001
2025-01-07T11:11:07.000000,-4449.32324999991,-15875.397490000174,-20324.72074000009
2025-01-07T11:11:12.000000,-4449.32324999991,-15950.674880000168,-20399.998130000084
2025-01-07T11:11:17.000000,-4449.32324999991,-16025.952270000162,-20475.275520000076
2025-01-07T11:11:22.000000,-4449.32324999991,-16101.229660000155,-20550.552910000068
2025-01-07T11:11:27.000000,-4449.32324999991,-16176.50705000015,-20625.83030000006
2025-01-07T11:19:07.000000,-4449.32324999991,-16130.62889375015,-20579.952143750063
2025-01-07T11:19:12.000000,-4449.32324999991,-16084.750737500151,-20534.073987500065
2025-01-07T11:19:17.000000,-4449.32324999991,-16068.877081250153,-20518.200331250067
2025-01-07T11:19:22.000000,-4449.32324999991,-16047.002525000154,-20496.32577500007
2025-01-07T11:19:27.000000,-4449.32324999991,-16025.127968750156,-20474.451218750073
2025-01-07T11:19:32.000000,-4449.32324999991,-16017.836450000155,-20467.159700000073
2025-01-07T11:20:32.000000,-4449.32324999991,-16033.770850000155,-20483.09410000007
2025-01-07T11:20:37.000000,-4449.32324999991,-16049.705250000156,-20499.02850000007
2025-01-07T11:20:42.000000,-4449.32324999991,-16065.639650000156,-20514.962900000068
2025-01-07T11:20:47.000000,-4449.32324999991,-16081.574050000156,-20530.897300000066
2025-01-07T11:20:52.000000,-4449.32324999991,-16097.508450000156,-20546.831700000064
2025-01-07T11:20:57.000000,-4449.32324999991,-16112.057250000156,-20561.380500000065
2025-01-07T13:07:17.000000,-4449.32324999991,-16073.043811643991,-20522.3670616439
2025-01-07T13:07:22.000000,-4449.32324999991,-16046.032173287826,-20495.355423287736
2025-01-07T13:07:27.000000,-4449.32324999991,-16007.01873493166,-20456.341984931572
2025-01-07T13:07:32.000000,-4449.32324999991,-15968.005296575495,-20417.32854657541
2025-01-07T13:07:37.000000,-4449.32324999991,-15928.99185821933,-20378.315108219245
2025-01-07T13:07:42.000000,-4449.32324999991,-15889.978419863164,-20339.30166986308
2025-01-07T13:07:47.000000,-4449.32324999991,-15905.557619863164,-20354.880869863082
2025-01-07T13:07:47.000000,-4449.32324999991,-15902.30650000015,-20351.62975000007
2025-01-07T13:07:52.000000,-4449.32324999991,-15917.88570000015,-20367.20895000007
2025-01-07T13:07:57.000000,-4449.32324999991,-15933.46490000015,-20382.78815000007
2025-01-07T13:08:02.000000,-4449.32324999991,-15949.04410000015,-20398.36735000007
2025-01-07T13:08:07.000000,-4449.32324999991,-15964.62330000015,-20413.94655000007
2025-01-07T13:08:12.000000,-4449.32324999991,-15970.01610000015,-20419.33935000007
2025-01-07T13:16:57.000000,-4449.32324999991,-16071.129181034637,-20520.45243103456
2025-01-07T13:17:02.000000,-4449.32324999991,-16183.243912069123,-20632.567162069045
2025-01-07T13:17:07.000000,-4449.32324999991,-16284.35699310361,-20733.680243103532
2025-01-07T13:17:12.000000,-4449.32324999991,-16396.471724138097,-20845.794974138018
2025-01-07T13:17:17.000000,-4449.32324999991,-16519.588105172585,-20968.911355172506
2025-01-07T13:17:22.000000,-4449.32324999991,-16553.16530000017,-21002.488550000093
2025-01-07T13:17:27.000000,-4449.32324999991,-16516.65798658554,-20965.98123658546
2025-01-07T13:17:42.000000,-4449.32324999991,-16574.002686585536,-21023.325936585457
2025-01-07T13:17:47.000000,-4449.32324999991,-16631.347386585534,-21080.670636585455
2025-01-07T13:17:52.000000,-4449.32324999991,-16688.69208658553,-21138.015336585453
2025-01-07T13:17:57.000000,-4449.32324999991,-16746.03678658553,-21195.36003658545
2025-01-07T13:18:02.000000,-4449.32324999991,-16782.37833658553,-21231.701586585452
2025-01-07T13:18:07.000000,-4449.32324999991,-16789.30053658553,-21238.623786585453
2025-01-07T13:21:17.000000,-4449.32324999991,-16717.61291707334,-21166.93616707326
2025-01-07T13:21:22.000000,-4449.32324999991,-16645.92529756115,-21095.24854756107
2025-01-07T13:21:27.000000,-4449.32324999991,-16574.237678048958,-21023.56092804888
2025-01-07T13:21:32.000000,-4449.32324999991,-16546.422000000177,-20995.745250000098
2025-01-07T13:22:47.000000,-4449.32324999991,-16525.315435714463,-20974.638685714384
2025-01-07T13:22:52.000000,-4449.32324999991,-16504.20887142875,-20953.53212142867
2025-01-07T13:22:57.000000,-4449.32324999991,-16483.102307143035,-20932.425557142957
2025-01-07T13:23:02.000000,-4449.32324999991,-16477.264450000177,-20926.5877000001
2025-01-07T13:27:47.000000,-4449.32324999991,-16579.69547621969,-21029.018726219612
2025-01-07T13:29:07.000000,-4449.32324999991,-16618.674672648263,-21067.997922648185
2025-01-07T13:29:12.000000,-4449.32324999991,-16682.657619076836,-21131.980869076757
2025-01-07T13:29:17.000000,-4449.32324999991,-16771.644315505408,-21220.96756550533
2025-01-07T13:29:22.000000,-4449.32324999991,-16860.63101193398,-21309.9542619339
2025-01-07T13:29:27.000000,-4449.32324999991,-16949.61770836255,-21398.940958362473
2025-01-07T13:29:32.000000,-4449.32324999991,-16953.177176219695,-21402.500426219616
2025-01-07T13:30:47.000000,-4449.32324999991,-16971.145897531165,-21420.469147531086
2025-01-07T13:30:52.000000,-4449.32324999991,-16989.114618842636,-21438.437868842557
2025-01-07T13:30:57.000000,-4449.32324999991,-16995.081540154104,-21444.404790154025
2025-01-07T13:31:02.000000,-4449.32324999991,-17001.048461465572,-21450.371711465494
2025-01-07T13:31:07.000000,-4449.32324999991,-17019.017182777043,-21468.340432776964
2025-01-07T13:31:12.000000,-4449.32324999991,-17020.514576219666,-21469.837826219587
2025-01-07T13:31:47.000000,-4449.32324999991,-17039.974280981573,-21489.297530981494
2025-01-07T13:31:52.000000,-4449.32324999991,-17059.43398574348,-21508.7572357434
2025-01-07T13:31:57.000000,-4449.32324999991,-17078.893690505385,-21528.216940505306
2025-01-07T13:32:02.000000,-4449.32324999991,-17098.35339526729,-21547.676645267213
2025-01-07T13:32:07.000000,-4449.32324999991,-17129.8149000292,-21579.13815002912
2025-01-07T13:32:12.000000,-4449.32324999991,-17137.680276219675,-21587.003526219596
2025-01-07T13:32:32.000000,-4449.32324999991,-17155.368779268454,-21604.692029268375
2025-01-07T13:32:37.000000,-4449.32324999991,-17158.055032317236,-21607.378282317157
2025-01-07T13:32:42.000000,-4449.32324999991,-17163.951200000163,-21613.274450000084
2025-01-07T13:33:27.000000,-4449.32324999991,-17206.811514285884,-21656.134764285805
2025-01-07T13:33:32.000000,-4449.32324999991,-17261.673628571603,-21710.996878571525
2025-01-07T13:33:37.000000,-4449.32324999991,-17316.535742857322,-21765.858992857244
2025-01-07T13:33:42.000000,-4449.32324999991,-17371.39785714304,-21820.721107142963
2025-01-07T13:33:47.000000,-4449.32324999991,-17426.25997142876,-21875.583221428682
2025-01-07T13:33:52.000000,-4449.32324999991,-17469.12028571448,-21918.443535714403
2025-01-07T13:33:57.000000,-4449.32324999991,-17486.9787500002,-21936.30200000012
2025-01-07T13:40:22.000000,-4449.32324999991,-17518.80849615404,-21968.131746153962
2025-01-07T13:40:27.000000,-4449.32324999991,-17550.638242307883,-21999.961492307804
2025-01-07T13:40:32.000000,-4449.32324999991,-17582.467988461725,-22031.791238461647
2025-01-07T13:40:37.000000,-4449.32324999991,-17614.297734615568,-22063.62098461549
2025-01-07T13:40:42.000000,-4449.32324999991,-17646.12748076941,-22095.45073076933
2025-01-07T13:40:42.000000,-4449.32324999991,-17767.56010934084,-22216.88335934076
2025-01-07T13:40:47.000000,-4449.32324999991,-17775.386255494683,-22224.709505494604
2025-01-07T13:40:47.000000,-4449.32324999991,-17795.625026923255,-22244.948276923176
2025-01-07T13:40:52.000000,-4449.32324999991,-17791.449373077096,-22240.772623077017
2025-01-07T13:40:57.000000,-4449.32324999991,-17787.273719230936,-22236.596969230857
2025-01-07T13:41:02.000000,-4449.32324999991,-17783.098065384776,-22232.421315384698
2025-01-07T13:41:02.000000,-4449.32324999991,-18023.01368100978,-22472.3369310097
2025-01-07T13:41:07.000000,-4449.32324999991,-18030.83982716362,-22480.163077163543
2025-01-07T13:41:07.000000,-4449.32324999991,-18249.752292788624,-22699.075542788545
2025-01-07T13:41:12.000000,-4449.32324999991,-18236.27108125016,-22685.594331250082
2025-01-07T13:41:12.000000,-4449.32324999991,-18455.183546875163,-22904.506796875085
2025-01-07T13:41:17.000000,-4449.32324999991,-18674.096012500166,-23123.419262500087
2025-01-07T13:41:22.000000,-4449.32324999991,-18893.008478125168,-23342.33172812509
2025-01-07T13:41:27.000000,-4449.32324999991,-19090.917793750166,-23540.241043750088
2025-01-07T13:41:32.000000,-4449.32324999991,-19109.766300000167,-23559.089550000088
2025-01-07T13:44:02.000000,-4449.32324999991,-19215.044206395516,-23664.367456395437
2025-01-07T13:44:07.000000,-4449.32324999991,-19320.322112790866,-23769.645362790787
2025-01-07T13:44:12.000000,-4449.32324999991,-19425.600019186215,-23874.923269186136
2025-01-07T13:44:17.000000,-4449.32324999991,-19530.877925581564,-23980.201175581486
2025-01-07T13:44:22.000000,-4449.32324999991,-19636.155831976914,-24085.479081976835
2025-01-07T13:44:27.000000,-4449.32324999991,-19642.34865000017,-24091.671900000092
2025-01-07T13:48:52.000000,-4449.32324999991,-19723.569313636533,-24172.892563636455
2025-01-07T13:48:57.000000,-4449.32324999991,-19831.794027272896,-24281.117277272817
2025-01-07T13:49:02.000000,-4449.32324999991,-19913.01469090926,-24362.33794090918
2025-01-07T13:49:07.000000,-4449.32324999991,-19994.23535454562,-24443.558604545542
2025-01-07T13:49:12.000000,-4449.32324999991,-20059.345500000167,-24508.668750000088
2025-01-07T13:50:57.000000,-4449.32324999991,-20089.819457143025,-24539.142707142946
2025-01-07T13:51:02.000000,-4449.32324999991,-20120.293414285883,-24569.616664285804
2025-01-07T13:51:07.000000,-4449.32324999991,-20167.76992142874,-24617.09317142866
2025-01-07T13:51:12.000000,-4449.32324999991,-20266.254078571594,-24715.577328571515
2025-01-07T13:51:17.000000,-4449.32324999991,-20347.73568571445,-24797.058935714373
2025-01-07T13:51:22.000000,-4449.32324999991,-20480.22494285731,-24929.54819285723
2025-01-07T13:51:27.000000,-4449.32324999991,-20595.711650000165,-25045.034900000086
2025-01-07T13:51:57.000000,-4449.32324999991,-20528.957325471867,-24978.28057547179
2025-01-07T13:52:02.000000,-4449.32324999991,-20462.20300094357,-24911.52625094349
2025-01-07T13:52:07.000000,-4449.32324999991,-20395.44867641527,-24844.771926415193
2025-01-07T13:52:12.000000,-4449.32324999991,-20349.697501886974,-24799.020751886896
2025-01-07T13:52:17.000000,-4449.32324999991,-20282.943177358677,-24732.266427358598
2025-01-07T13:52:22.000000,-4449.32324999991,-20278.764250000186,-24728.087500000107
2025-01-07T13:52:52.000000,-4449.32324999991,-20226.312925000188,-24675.63617500011
2025-01-07T13:52:52.000000,-4449.32324999991,-20218.149325000188,-24667.47257500011
2025-01-07T13:52:57.000000,-4449.32324999991,-20165.69800000019,-24615.02125000011
2025-01-07T13:52:57.000000,-4449.32324999991,-20157.53440000019,-24606.85765000011
2025-01-07T13:53:02.000000,-4449.32324999991,-20105.08307500019,-24554.406325000113
2025-01-07T13:53:02.000000,-4449.32324999991,-20096.91947500019,-24546.242725000113
2025-01-07T13:53:07.000000,-4449.32324999991,-20035.466800000195,-24484.790050000116
2025-01-07T13:53:07.000000,-4449.32324999991,-20027.303200000195,-24476.626450000116
2025-01-07T13:53:12.000000,-4449.32324999991,-19965.850525000198,-24415.17377500012
2025-01-07T13:53:12.000000,-4449.32324999991,-19957.6869250002,-24407.01017500012
2025-01-07T13:53:17.000000,-4449.32324999991,-19896.2342500002,-24345.557500000123
2025-01-07T13:53:17.000000,-4449.32324999991,-19895.8941000002,-24345.217350000123
2025-01-07T13:53:22.000000,-4449.32324999991,-19854.925650000205,-24304.248900000126
2025-01-07T14:21:17.000000,-4449.32324999991,-19957.712372034115,-24407.035622034036
2025-01-07T14:24:12.000000,-4526.544489999911,-19957.712372034115,-24484.25686203404
2025-01-07T14:24:17.000000,-4588.775479999913,-19957.712372034115,-24546.48785203404
2025-01-07T14:24:22.000000,-4665.996719999914,-19957.712372034115,-24623.70909203404
2025-01-07T14:24:27.000000,-4743.2179599999145,-19957.712372034115,-24700.930332034044
2025-01-07T14:24:32.000000,-4835.429449999915,-19957.712372034115,-24793.141822034046
2025-01-07T14:25:57.000000,-4835.429449999915,-19952.284347457844,-24787.713797457774
2025-01-07T14:26:02.000000,-4835.429449999915,-19955.83120000022,-24791.26065000015
2025-01-07T14:27:27.000000,-4835.429449999915,-19961.11722647081,-24796.54667647074
2025-01-07T14:27:32.000000,-4835.429449999915,-19966.403252941403,-24801.832702941334
2025-01-07T14:27:37.000000,-4835.429449999915,-19965.688379411993,-24801.117829411924
2025-01-07T14:27:42.000000,-4835.429449999915,-19964.973505882583,-24800.402955882513
2025-01-07T14:27:47.000000,-4835.429449999915,-19988.262232353172,-24823.691682353103
2025-01-07T14:27:52.000000,-4835.429449999915,-20019.790450000233,-24855.219900000164
2025-01-07T14:28:22.000000,-4343.690849999887,-20019.790450000233,-24363.481300000138
2025-01-07T14:33:52.000000,-4343.690849999887,-20015.135420115173,-24358.826270115078
2025-01-07T14:33:57.000000,-4343.690849999887,-20010.480390230114,-24354.171240230018
2025-01-07T14:34:02.000000,-4343.690849999887,-20005.825360345054,-24349.51621034496
2025-01-07T14:34:07.000000,-4343.690849999887,-20034.808940990217,-24378.49979099012
2025-01-07T14:34:07.000000,-4343.690849999887,-20030.153911105157,-24373.84476110506
2025-01-07T14:34:12.000000,-4343.690849999887,-20014.130741750316,-24357.82159175022
2025-01-07T14:34:12.000000,-4343.690849999887,-19992.47316186526,-24336.164011865163
2025-01-07T14:34:17.000000,-4343.690849999887,-19992.405100574935,-24336.09595057484
2025-01-07T14:34:17.000000,-4343.690849999887,-19953.744970689877,-24297.43582068978
2025-01-07T14:34:22.000000,-4343.690849999887,-19932.08739080482,-24275.778240804724
2025-01-07T14:34:27.000000,-4343.690849999887,-19871.95058761333,-24215.641437613234
2025-01-07T14:34:27.000000,-4343.690849999887,-19833.29045772827,-24176.981307728176
2025-01-07T14:34:32.000000,-4343.690849999887,-19764.152304536783,-24107.843154536688
2025-01-07T14:34:32.000000,-4343.690849999887,-19725.492174651725,-24069.18302465163
2025-01-07T14:34:37.000000,-4343.690849999887,-19647.352671460238,-23991.043521460142
2025-01-07T14:34:37.000000,-4343.690849999887,-19591.68999157518,-23935.380841575083
2025-01-07T14:34:42.000000,-4343.690849999887,-19522.55183838369,-23866.242688383594
2025-01-07T14:34:42.000000,-4343.690849999887,-19505.454137234265,-23849.14498723417
2025-01-07T14:34:47.000000,-4343.690849999887,-19436.315984042776,-23780.00683404268
2025-01-07T14:34:52.000000,-4343.690849999887,-19424.952550000224,-23768.643400000128
2025-01-07T14:35:42.000000,-4343.690849999887,-19488.849032456365,-23832.53988245627
2025-01-07T14:37:32.000000,-4402.546524193436,-19488.849032456365,-23891.39555664982
2025-01-07T14:37:37.000000,-4461.402198386985,-19488.849032456365,-23950.25123084337
2025-01-07T14:37:42.000000,-4520.257872580534,-19488.849032456365,-24009.10690503692
2025-01-07T14:37:47.000000,-4585.109646774082,-19488.849032456365,-24073.958679230465
2025-01-07T14:37:52.000000,-4679.94192096763,-19488.849032456365,-24168.790953424013
2025-01-07T14:37:57.000000,-4692.749249999888,-19488.849032456365,-24181.59828245627
2025-01-07T14:39:47.000000,-4692.749249999888,-19332.376743859873,-24025.12599385978
2025-01-07T14:39:52.000000,-4692.749249999888,-19164.902805263384,-23857.65205526329
2025-01-07T14:39:57.000000,-4692.749249999888,-18997.428866666894,-23690.1781166668
2025-01-07T14:40:02.000000,-4692.749249999888,-18829.954928070405,-23522.70417807031
2025-01-07T14:40:07.000000,-4692.749249999888,-18708.155700000232,-23400.90495000014
2025-01-08T09:56:22.000000,-4692.749249999888,-18689.373472817693,-23382.1227228176
2025-01-08T09:56:27.000000,-4692.749249999888,-18645.587495635154,-23338.33674563506
2025-01-08T09:56:32.000000,-4692.749249999888,-18576.797768452616,-23269.547018452522
2025-01-08T09:56:37.000000,-4692.749249999888,-18508.008041270077,-23200.757291269983
2025-01-08T09:56:42.000000,-4692.749249999888,-18439.21831408754,-23131.967564087445
2025-01-08T09:56:47.000000,-4692.749249999888,-18370.428586905,-23063.177836904906
2025-01-08T09:56:52.000000,-4692.749249999888,-18301.63885972246,-22994.388109722368
2025-01-08T09:56:57.000000,-4692.749249999888,-18232.849132539923,-22925.59838253983
2025-01-08T09:57:02.000000,-4692.749249999888,-18189.063155357384,-22881.81240535729
2025-01-08T09:57:07.000000,-4692.749249999888,-18120.273428174845,-22813.02267817475
2025-01-08T09:57:12.000000,-4692.749249999888,-18116.77055000024,-22809.519800000147
2025-01-08T09:57:12.000000,-4692.749249999888,-18024.926890000243,-22717.67614000015
2025-01-08T09:57:17.000000,-4692.749249999888,-17945.085030000246,-22637.834280000152
2025-01-08T09:57:22.000000,-4692.749249999888,-17865.24317000025,-22557.992420000155
2025-01-08T09:57:27.000000,-4692.749249999888,-17785.401310000252,-22478.15056000016
2025-01-08T09:57:32.000000,-4692.749249999888,-17705.559450000255,-22398.30870000016
2025-01-08T10:11:07.000000,-4729.275599999886,-17705.559450000255,-22434.835050000158
2025-01-08T10:15:57.000000,-4790.191816216103,-17705.559450000255,-22495.751266216375
2025-01-08T10:16:02.000000,-4851.108032432319,-17705.559450000255,-22556.667482432593
2025-01-08T10:16:07.000000,-4912.024248648536,-17705.559450000255,-22617.58369864881
2025-01-08T10:16:12.000000,-4918.099949999887,-17705.559450000255,-22623.65940000016
2025-01-08T10:16:57.000000,-4918.099949999887,-17672.5000646344,-22590.600014634307
2025-01-08T10:17:02.000000,-4918.099949999887,-17639.440679268548,-22557.540629268453
2025-01-08T10:17:07.000000,-4918.099949999887,-17606.381293902694,-22524.4812439026
2025-01-08T10:17:12.000000,-5014.225208955111,-17606.381293902694,-22620.606502857823
2025-01-08T10:17:12.000000,-5014.225208955111,-17573.32190853684,-22587.54711749197
2025-01-08T10:17:17.000000,-5110.350467910335,-17573.32190853684,-22683.672376447194
2025-01-08T10:17:17.000000,-5110.350467910335,-17540.262523170986,-22650.61299108134
2025-01-08T10:17:22.000000,-5206.475726865559,-17540.262523170986,-22746.738250036564
2025-01-08T10:17:22.000000,-5206.475726865559,-17533.129650000254,-22739.60537686583
2025-01-08T10:17:27.000000,-5302.6009858207835,-17533.129650000254,-22835.730635821055
2025-01-08T10:17:32.000000,-5395.166049999888,-17533.129650000254,-22928.29570000016
2025-01-08T10:22:42.000000,-5367.984722131034,-17533.129650000254,-22901.114372131306
2025-01-08T10:22:47.000000,-5340.80339426218,-17533.129650000254,-22873.933044262452
2025-01-08T10:22:52.000000,-5337.606466393325,-17533.129650000254,-22870.736116393597
2025-01-08T10:22:57.000000,-5334.40953852447,-17533.129650000254,-22867.53918852474
2025-01-08T10:23:02.000000,-5331.212610655615,-17533.129650000254,-22864.342260655885
2025-01-08T10:23:07.000000,-5330.9461999998775,-17533.129650000254,-22864.075850000147
2025-01-08T10:27:37.000000,-5401.499399999875,-17533.129650000254,-22934.629050000145
2025-01-08T10:27:42.000000,-5437.3475142855905,-17533.129650000254,-22970.47716428586
2025-01-08T10:27:52.000000,-5443.322199999876,-17533.129650000254,-22976.451850000147
2025-01-08T10:32:47.000000,-5516.542960975488,-17533.129650000254,-23049.67261097576
2025-01-08T10:32:52.000000,-5589.763721951101,-17533.129650000254,-23122.89337195137
2025-01-08T10:32:57.000000,-5662.984482926713,-17533.129650000254,-23196.11413292698
2025-01-08T10:33:02.000000,-5760.189643902325,-17533.129650000254,-23293.319293902594
2025-01-08T10:33:07.000000,-5857.394804877937,-17533.129650000254,-23390.524454878207
2025-01-08T10:33:12.000000,-5869.545449999888,-17533.129650000254,-23402.675100000157
2025-01-08T10:35:57.000000,-5869.545449999888,-17740.768050000253,-23610.313500000157
2025-01-08T10:36:02.000000,-5869.545449999888,-17948.406450000253,-23817.951900000156
2025-01-08T10:36:07.000000,-5869.545449999888,-18156.044850000253,-24025.590300000156
2025-01-08T10:36:12.000000,-5869.545449999888,-18324.37675000025,-24193.922200000154
2025-01-08T10:39:27.000000,-5930.4588958332215,-18324.37675000025,-24254.835645833486
2025-01-08T10:39:27.000000,-5988.170795833223,-18324.37675000025,-24312.547545833488
2025-01-08T10:39:32.000000,-6056.079691666555,-18324.37675000025,-24380.45644166682
2025-01-08T10:39:32.000000,-6097.801991666554,-18324.37675000025,-24422.17874166682
2025-01-08T10:39:37.000000,-6158.715437499888,-18324.37675000025,-24483.09218750015
2025-01-08T10:39:37.000000,-6200.437737499888,-18324.37675000025,-24524.81448750015
2025-01-08T10:39:42.000000,-6240.36483333322,-18324.37675000025,-24564.74158333348
2025-01-08T10:39:42.000000,-6250.10793333322,-18324.37675000025,-24574.48468333348
2025-01-08T10:39:47.000000,-6297.030479166551,-18324.37675000025,-24621.407229166813
2025-01-08T10:39:47.000000,-6322.763179166551,-18324.37675000025,-24647.139929166813
2025-01-08T10:39:52.000000,-6328.467049999884,-18324.37675000025,-24652.843800000148
2025-01-08T10:42:02.000000,-6328.467049999884,-18243.15578392882,-24571.62283392872
2025-01-08T10:42:07.000000,-6328.467049999884,-18176.937067857394,-24505.40411785729
2025-01-08T10:42:12.000000,-6328.467049999884,-18125.720601785964,-24454.18765178586
2025-01-08T10:42:17.000000,-6328.467049999884,-18104.508635714534,-24432.97568571443
2025-01-08T10:42:22.000000,-6328.467049999884,-18083.296669643103,-24411.763719643
2025-01-08T10:42:27.000000,-6328.467049999884,-18062.084703571672,-24390.55175357157
2025-01-08T10:42:32.000000,-6328.467049999884,-18040.87273750024,-24369.33978750014
2025-01-08T10:42:37.000000,-6328.467049999884,-18019.66077142881,-24348.12782142871
2025-01-08T10:42:42.000000,-6328.467049999884,-18043.455555357385,-24371.922605357282
2025-01-08T10:42:47.000000,-6328.467049999884,-18051.387150000242,-24379.85420000014
2025-01-08T10:44:12.000000,-6316.205135245786,-18051.387150000242,-24367.592285246043
2025-01-08T10:44:17.000000,-6315.935420491687,-18051.387150000242,-24367.322570491946
2025-01-08T10:44:22.000000,-6315.665705737589,-18051.387150000242,-24367.05285573785
2025-01-08T10:44:27.000000,-6315.39599098349,-18051.387150000242,-24366.783140983753
2025-01-08T10:44:32.000000,-6315.126276229392,-18051.387150000242,-24366.513426229656
2025-01-08T10:44:37.000000,-6315.103799999883,-18051.387150000242,-24366.49095000015
2025-01-08T10:45:37.000000,-6342.116679999883,-18051.387150000242,-24393.503830000147
2025-01-08T10:45:42.000000,-6369.129559999882,-18051.387150000242,-24420.516710000145
2025-01-08T10:45:47.000000,-6396.142439999881,-18051.387150000242,-24447.529590000144
2025-01-08T10:45:52.000000,-6450.13776999988,-18051.387150000242,-24501.52492000014
2025-01-08T10:45:57.000000,-6504.133099999879,-18051.387150000242,-24555.52025000014
2025-01-08T10:52:17.000000,-6504.133099999879,-18043.77406525448,-24547.90716525438
2025-01-08T10:52:22.000000,-6504.133099999879,-18048.162780508723,-24552.29588050862
2025-01-08T10:52:27.000000,-6504.133099999879,-18040.549695762962,-24544.68279576286
2025-01-08T10:52:32.000000,-6504.133099999879,-18044.938411017203,-24549.0715110171
2025-01-08T10:52:37.000000,-6504.133099999879,-18037.959750000256,-24542.092850000154
2025-01-08T10:57:22.000000,-6504.133099999879,-18087.968286585627,-24592.101386585524
2025-01-08T10:57:27.000000,-6504.133099999879,-18113.973223170997,-24618.106323170894
2025-01-08T10:57:32.000000,-6504.133099999879,-18163.981759756367,-24668.114859756264
2025-01-08T10:57:37.000000,-6504.133099999879,-18189.986696341737,-24694.119796341634
2025-01-08T10:57:42.000000,-6504.133099999879,-18215.991632927107,-24720.124732927005
2025-01-08T10:57:47.000000,-6504.133099999879,-18219.24225000028,-24723.375350000177
2025-01-08T11:13:36.000000,-6504.133099999879,-18201.915941666946,-24706.049041666844
2025-01-08T11:14:56.000000,-6504.133099999879,-18204.197111403788,-24708.330211403685
2025-01-08T11:15:01.000000,-6504.133099999879,-18206.47828114063,-24710.611381140527
2025-01-08T11:15:06.000000,-6504.133099999879,-18196.75765087747,-24700.890750877366
2025-01-08T11:15:11.000000,-6504.133099999879,-18211.040620614313,-24715.17372061421
2025-01-08T11:15:16.000000,-6504.133099999879,-18213.321790351154,-24717.45489035105
2025-01-08T11:15:21.000000,-6504.133099999879,-18227.604760087997,-24731.737860087895
2025-01-08T11:15:26.000000,-6504.133099999879,-18220.36395000028,-24724.497050000176
2025-01-08T11:21:57.000000,-6504.133099999879,-18236.04075000028,-24740.173850000177
2025-01-08T11:22:02.000000,-6504.133099999879,-18251.71755000028,-24755.85065000018
2025-01-08T11:22:07.000000,-6504.133099999879,-18244.390900000282,-24748.52400000018
2025-01-08T11:22:12.000000,-6504.133099999879,-18237.064250000283,-24741.19735000018
2025-01-08T11:22:17.000000,-6504.133099999879,-18229.737600000284,-24733.87070000018
2025-01-08T11:22:22.000000,-6504.133099999879,-18229.100500000284,-24733.23360000018
2025-01-08T11:29:07.000000,-6557.374977099114,-18229.100500000284,-24786.47547709942
2025-01-08T11:29:12.000000,-6636.599954198352,-18229.100500000284,-24865.700454198657
2025-01-08T11:29:17.000000,-6715.8249312975895,-18229.100500000284,-24944.925431297896
2025-01-08T11:29:22.000000,-6821.0330083968265,-18229.100500000284,-25050.13350839713
2025-01-08T11:29:27.000000,-6926.2410854960635,-18229.100500000284,-25155.341585496368
2025-01-08T11:29:32.000000,-6931.28689999988,-18229.100500000284,-25160.387400000185
2025-01-08T13:04:17.000000,-7061.796949999882,-18229.100500000284,-25290.897450000186
2025-01-08T13:04:22.000000,-7169.321949999884,-18229.100500000284,-25398.422450000187
2025-01-08T13:04:27.000000,-7253.861899999887,-18229.100500000284,-25482.96240000019
2025-01-08T13:04:32.000000,-7361.3868999998895,-18229.100500000284,-25590.48740000019
2025-01-08T13:04:37.000000,-7491.896949999891,-18229.100500000284,-25720.99745000019
2025-01-08T13:04:42.000000,-7508.919999999891,-18229.100500000284,-25738.02050000019
2025-01-08T13:09:07.000000,-7508.919999999891,-18173.292903846435,-25682.212903846343
2025-01-08T13:09:12.000000,-7508.919999999891,-18117.485307692587,-25626.405307692494
2025-01-08T13:09:17.000000,-7508.919999999891,-18061.677711538738,-25570.597711538645
2025-01-08T13:09:22.000000,-7525.948691891782,-18061.677711538738,-25587.626403430535
2025-01-08T13:09:22.000000,-7525.948691891782,-17990.86786538489,-25516.81655727669
2025-01-08T13:09:27.000000,-7542.977383783673,-17990.86786538489,-25533.84524916858
2025-01-08T13:09:27.000000,-7542.977383783673,-17905.055769231043,-25448.03315301473
2025-01-08T13:09:32.000000,-7548.298849999888,-17905.055769231043,-25453.354619230948
2025-01-08T13:09:32.000000,-7548.298849999888,-17887.893350000275,-25436.19220000018
2025-01-08T13:11:52.000000,-7535.059753389717,-17887.893350000275,-25422.95310339001
2025-01-08T13:11:57.000000,-7510.827806779548,-17887.893350000275,-25398.72115677984
2025-01-08T13:12:02.000000,-7475.603010169378,-17887.893350000275,-25363.49636016967
2025-01-08T13:12:07.000000,-7440.378213559207,-17887.893350000275,-25328.271563559498
2025-01-08T13:12:12.000000,-7394.160566949039,-17887.893350000275,-25282.05391694933
2025-01-08T13:12:17.000000,-7389.346349999886,-17887.893350000275,-25277.239700000177
2025-01-08T13:13:37.000000,-7389.346349999886,-17902.97817288163,-25292.324522881532
2025-01-08T13:13:42.000000,-7389.346349999886,-17918.062995762986,-25307.409345762888
2025-01-08T13:13:47.000000,-7389.346349999886,-17933.147818644342,-25322.494168644243
2025-01-08T13:13:52.000000,-7389.346349999886,-17948.232641525698,-25337.5789915256
2025-01-08T13:13:57.000000,-7389.346349999886,-17963.317464407053,-25352.663814406955
2025-01-08T13:14:02.000000,-7389.346349999886,-17965.285050000275,-25354.631400000177
2025-01-08T13:20:37.000000,-7389.346349999886,-17979.425750000275,-25368.772100000177
2025-01-08T13:21:27.000000,-7389.346349999886,-18106.819875000274,-25496.166225000175
2025-01-08T13:21:32.000000,-7389.346349999886,-18234.214000000273,-25623.560350000174
2025-01-08T13:21:37.000000,-7389.346349999886,-18361.60812500027,-25750.954475000173
2025-01-08T13:21:42.000000,-7389.346349999886,-18489.00225000027,-25878.348600000172
2025-01-08T13:21:47.000000,-7389.346349999886,-18616.39637500027,-26005.74272500017
2025-01-08T13:21:52.000000,-7389.346349999886,-18743.79050000027,-26133.13685000017
2025-01-08T13:21:57.000000,-7389.346349999886,-18871.184625000267,-26260.53097500017
2025-01-08T13:22:02.000000,-7389.346349999886,-18954.26775000027,-26343.61410000017
2025-01-08T13:24:12.000000,-7389.346349999886,-19195.90285000027,-26585.249200000173
2025-01-08T13:25:52.000000,-7389.346349999886,-19291.846198529685,-26681.192548529587
2025-01-08T13:25:57.000000,-7389.346349999886,-19387.7895470591,-26777.135897059
2025-01-08T13:26:02.000000,-7389.346349999886,-19437.53795000028,-26826.88430000018
2025-01-08T13:27:32.000000,-7389.346349999886,-19492.510165894317,-26881.85651589422
2025-01-08T13:27:37.000000,-7389.346349999886,-19607.45207185458,-26996.79842185448
2025-01-08T13:28:42.000000,-7389.346349999886,-19651.762551515596,-27041.108901515498
2025-01-08T13:28:47.000000,-7389.346349999886,-19707.074681176615,-27096.421031176516
2025-01-08T13:28:52.000000,-7389.346349999886,-19762.386810837634,-27151.733160837535
2025-01-08T13:28:57.000000,-7389.346349999886,-19817.698940498653,-27207.045290498554
2025-01-08T13:29:02.000000,-7389.346349999886,-19862.00942015967,-27251.35577015957
2025-01-08T13:29:07.000000,-7389.346349999886,-19878.122321854586,-27267.468671854487
2025-01-08T13:29:12.000000,-7389.346349999886,-20039.071127814852,-27428.417477814754
2025-01-08T13:29:17.000000,-7389.346349999886,-20200.01993377512,-27589.36628377502
2025-01-08T13:29:22.000000,-7389.346349999886,-20360.968739735385,-27750.315089735286
2025-01-08T13:29:27.000000,-7389.346349999886,-20498.91409569565,-27888.260445695552
2025-01-08T13:29:32.000000,-7389.346349999886,-20659.862901655917,-28049.20925165582
2025-01-08T13:29:37.000000,-7389.346349999886,-20671.858150000287,-28061.20450000019
2025-01-08T13:30:22.000000,-7389.346349999886,-20690.791176875286,-28080.137526875187
2025-01-08T13:30:27.000000,-7389.346349999886,-20709.724203750284,-28099.070553750185
2025-01-08T13:30:32.000000,-7389.346349999886,-20728.657230625282,-28118.003580625184
2025-01-08T13:30:37.000000,-7389.346349999886,-20726.587107500283,-28115.933457500185
2025-01-08T13:30:42.000000,-7389.346349999886,-20731.518034375284,-28120.864384375185
2025-01-08T13:30:42.000000,-7389.346349999886,-20674.679494375283,-28064.025844375185
2025-01-08T13:30:47.000000,-7389.346349999886,-20679.610421250283,-28068.956771250185
2025-01-08T13:30:47.000000,-7389.346349999886,-20611.770231250284,-28001.116581250186
2025-01-08T13:30:52.000000,-7389.346349999886,-20616.701158125285,-28006.047508125186
2025-01-08T13:30:52.000000,-7389.346349999886,-20581.865918125284,-27971.212268125186
2025-01-08T13:30:57.000000,-7389.346349999886,-20607.799995000285,-27997.146345000187
2025-01-08T13:30:57.000000,-7389.346349999886,-20572.964755000285,-27962.311105000186
2025-01-08T13:31:02.000000,-7389.346349999886,-20538.129515000284,-27927.475865000186
2025-01-08T13:31:03.000000,-7389.346349999886,-20585.066741875286,-27974.413091875187
2025-01-08T13:31:12.000000,-7389.346349999886,-20660.008168750286,-28049.354518750188
2025-01-08T13:31:17.000000,-7389.346349999886,-20748.95169562529,-28138.29804562519
2025-01-08T13:31:22.000000,-7389.346349999886,-20851.89732250029,-28241.24367250019
2025-01-08T13:31:27.000000,-7389.346349999886,-20961.84399937529,-28351.190349375192
2025-01-08T13:31:32.000000,-7389.346349999886,-21085.79277625029,-28475.139126250193
2025-01-08T13:31:37.000000,-7389.346349999886,-21223.743653125293,-28613.090003125195
2025-01-08T13:31:42.000000,-7389.346349999886,-21340.691380000295,-28730.037730000196
2025-01-08T13:31:47.000000,-7389.346349999886,-21478.642256875297,-28867.9886068752
2025-01-08T13:31:52.000000,-7389.346349999886,-21623.594183750298,-29012.9405337502
2025-01-08T13:31:57.000000,-7389.346349999886,-21768.5461106253,-29157.8924606252
2025-01-08T13:32:02.000000,-7389.346349999886,-21878.4927875003,-29267.839137500203
2025-01-08T13:32:07.000000,-7389.346349999886,-21981.4384143753,-29370.784764375203
2025-01-08T13:32:12.000000,-7389.346349999886,-22098.386141250303,-29487.732491250204
2025-01-08T13:32:17.000000,-7389.346349999886,-22198.627050000305,-29587.973400000206
2025-01-08T13:32:37.000000,-7389.346349999886,-22317.842650000304,-29707.189000000206
2025-01-08T13:32:42.000000,-7389.346349999886,-22425.056450000302,-29814.402800000204
2025-01-08T13:32:47.000000,-7389.346349999886,-22544.2720500003,-29933.618400000203
2025-01-08T13:32:52.000000,-7389.346349999886,-22663.4876500003,-30052.834000000203
2025-01-08T13:32:57.000000,-7389.346349999886,-22794.7050500003,-30184.0514000002
2025-01-08T13:33:02.000000,-7389.346349999886,-22824.508950000298,-30213.8553000002
2025-01-08T13:33:52.000000,-7389.346349999886,-22948.2931500003,-30337.6395000002
2025-01-08T13:33:57.000000,-7389.346349999886,-23072.0773500003,-30461.423700000203
2025-01-08T13:34:02.000000,-7389.346349999886,-23195.861550000303,-30585.207900000205
2025-01-08T13:34:07.000000,-7389.346349999886,-23319.645750000305,-30708.992100000207
2025-01-08T13:34:12.000000,-7389.346349999886,-23443.429950000307,-30832.77630000021
2025-01-08T13:37:12.000000,-7389.346349999886,-23517.134950000305,-30906.481300000207
2025-01-08T13:37:42.000000,-7389.346349999886,-23835.726415432408,-31225.07276543231
2025-01-08T13:37:47.000000,-7389.346349999886,-24024.4643388892,-31413.8106888891
2025-01-08T13:38:07.000000,-7389.346349999886,-24050.26097359186,-31439.60732359176
2025-01-08T13:38:12.000000,-7389.346349999886,-24062.05550829452,-31451.401858294423
2025-01-08T13:38:42.000000,-7389.346349999886,-24080.85109299718,-31470.197442997083
2025-01-08T13:38:42.000000,-7389.346349999886,-24308.893196362566,-31698.239546362467
2025-01-08T13:38:47.000000,-7389.346349999886,-24561.939049727953,-31951.285399727854
2025-01-08T13:38:52.000000,-7389.346349999886,-24814.98490309334,-32204.33125309324
2025-01-08T13:38:57.000000,-7389.346349999886,-25043.027006458724,-32432.373356458625
2025-01-08T13:39:02.000000,-7389.346349999886,-25083.514342997187,-32472.86069299709
2025-01-08T13:41:22.000000,-7389.346349999886,-25033.77709593146,-32423.12344593136
2025-01-08T13:41:27.000000,-7389.346349999886,-24999.04209886573,-32388.388448865633
2025-01-08T13:41:32.000000,-7389.346349999886,-24994.311601800004,-32383.657951799905
2025-01-08T13:41:37.000000,-7389.346349999886,-25004.583354734274,-32393.929704734175
2025-01-08T13:41:42.000000,-7389.346349999886,-25059.861857668544,-32449.208207668446
2025-01-08T13:41:47.000000,-7389.346349999886,-25111.455127073863,-32500.801477073765
2025-01-08T13:41:52.000000,-7389.346349999886,-25149.046296479184,-32538.392646479086
2025-01-08T13:41:57.000000,-7389.346349999886,-25200.639565884503,-32589.985915884405
2025-01-08T13:42:02.000000,-7389.346349999886,-25227.38230000031,-32616.728650000212
2025-01-08T13:42:47.000000,-7389.346349999886,-25282.783373874183,-32672.129723874084
2025-01-08T13:42:52.000000,-7389.346349999886,-25338.184447748055,-32727.530797747957
2025-01-08T13:42:57.000000,-7389.346349999886,-25393.585521621928,-32782.931871621826
2025-01-08T13:43:02.000000,-7389.346349999886,-25448.9865954958,-32838.3329454957
2025-01-08T13:43:07.000000,-7389.346349999886,-25504.387669369673,-32893.73401936957
2025-01-08T13:43:12.000000,-7389.346349999886,-25507.906050000303,-32897.2524000002
2025-01-08T13:43:22.000000,-7389.346349999886,-25578.10664016424,-32967.452990164136
2025-01-08T13:43:27.000000,-7389.346349999886,-25648.307230328173,-33037.65358032807
2025-01-08T13:43:32.000000,-7389.346349999886,-25718.50782049211,-33107.854170492006
2025-01-08T13:43:37.000000,-7389.346349999886,-25788.708410656043,-33178.05476065594
2025-01-08T13:43:42.000000,-7389.346349999886,-25831.90495081998,-33221.25130081987
2025-01-08T13:43:47.000000,-7389.346349999886,-25875.101490983914,-33264.447840983805
2025-01-08T13:43:52.000000,-7389.346349999886,-25908.698800000308,-33298.0451500002
2025-01-08T13:43:57.000000,-7389.346349999886,-25982.201136875312,-33371.547486875206
2025-01-08T13:44:02.000000,-7389.346349999886,-26099.710073750313,-33489.05642375021
2025-01-08T13:44:07.000000,-7389.346349999886,-26217.219010625315,-33606.565360625216
2025-01-08T13:44:12.000000,-7389.346349999886,-26367.73289750032,-33757.079247500216
2025-01-08T13:44:17.000000,-7389.346349999886,-26518.246784375322,-33907.593134375216
2025-01-08T13:44:22.000000,-7389.346349999886,-26690.763971250326,-34080.11032125022
2025-01-08T13:44:27.000000,-7389.346349999886,-26863.28115812533,-34252.627508125224
2025-01-08T13:44:32.000000,-7389.346349999886,-26916.33220000033,-34305.67855000022
2025-01-08T13:47:12.000000,-7389.346349999886,-26987.049200000332,-34376.39555000022
2025-01-08T13:47:42.000000,-7389.346349999886,-27206.459000000337,-34595.80535000023
2025-01-08T13:47:47.000000,-7389.346349999886,-27425.868800000342,-34815.21515000024
2025-01-08T13:47:52.000000,-7389.346349999886,-27645.278600000347,-35034.624950000245
2025-01-08T13:47:57.000000,-7389.346349999886,-27852.68660000035,-35242.03295000025
2025-01-08T13:48:02.000000,-7389.346349999886,-28060.094600000353,-35449.44095000025
2025-01-08T13:48:07.000000,-7389.346349999886,-28279.504400000358,-35668.85075000026
2025-01-08T13:48:12.000000,-7389.346349999886,-28486.91240000036,-35876.25875000026
2025-01-08T13:48:17.000000,-7389.346349999886,-28625.184400000366,-36014.53075000027
2025-01-08T13:48:47.000000,-7389.346349999886,-28725.700289830875,-36115.046639830776
2025-01-08T13:49:12.000000,-7389.346349999886,-28826.216179661384,-36215.562529661285
2025-01-08T13:50:27.000000,-7389.346349999886,-29019.303470856354,-36408.649820856255
2025-01-08T13:50:32.000000,-7389.346349999886,-29212.390762051324,-36601.737112051225
2025-01-08T13:50:37.000000,-7389.346349999886,-29405.478053246294,-36794.824403246195
2025-01-08T13:50:37.000000,-7389.346349999886,-29725.62786087341,-37114.97421087331
2025-01-08T13:50:42.000000,-7389.346349999886,-29918.71515206838,-37308.06150206828
2025-01-08T13:50:42.000000,-7389.346349999886,-30238.864959695497,-37628.2113096954
2025-01-08T13:50:47.000000,-7389.346349999886,-30431.952250890467,-37821.29860089037
2025-01-08T13:50:47.000000,-7389.346349999886,-30752.102058517583,-38141.448408517484
2025-01-08T13:50:52.000000,-7389.346349999886,-30945.189349712553,-38334.535699712455
2025-01-08T13:50:52.000000,-7389.346349999886,-31276.340807339668,-38665.68715733957
2025-01-08T13:50:57.000000,-7389.346349999886,-31298.620110169857,-38687.96646016976
2025-01-08T13:50:57.000000,-7389.346349999886,-31449.143500000366,-38838.48985000027
2025-01-08T13:52:37.000000,-7389.346349999886,-31535.224142241746,-38924.57049224165
2025-01-08T13:53:07.000000,-7389.346349999886,-31661.886167241748,-39051.232517241646
2025-01-08T13:53:12.000000,-7389.346349999886,-31802.55029224175,-39191.89664224165
2025-01-08T13:53:17.000000,-7389.346349999886,-31930.02184946158,-39319.368199461474
2025-01-08T13:53:17.000000,-7389.346349999886,-32070.685974461583,-39460.03232446148
2025-01-08T13:53:22.000000,-7389.346349999886,-32198.157531681412,-39587.5038816813
2025-01-08T13:53:22.000000,-7389.346349999886,-32383.83891403435,-39773.18526403424
2025-01-08T13:53:22.000000,-7389.346349999886,-32401.93348903435,-39791.27983903424
2025-01-08T13:53:27.000000,-7389.346349999886,-32540.40669625418,-39929.753046254074
2025-01-08T13:53:27.000000,-7389.346349999886,-32747.091228607118,-40136.437578607016
2025-01-08T13:53:27.000000,-7389.346349999886,-32924.61966497076,-40313.96601497066
2025-01-08T13:53:32.000000,-7389.346349999886,-33075.03996497076,-40464.38631497066
2025-01-08T13:53:32.000000,-7389.346349999886,-33224.51482219059,-40613.86117219049
2025-01-08T13:53:32.000000,-7389.346349999886,-33431.19935454353,-40820.54570454343
2025-01-08T13:53:32.000000,-7389.346349999886,-33608.72779090718,-40998.074140907076
2025-01-08T13:53:37.000000,-7389.346349999886,-33747.14629090718,-41136.492640907076
2025-01-08T13:53:37.000000,-7389.346349999886,-33896.62114812701,-41285.967498126905
2025-01-08T13:53:37.000000,-7389.346349999886,-34103.30568047995,-41492.65203047985
2025-01-08T13:53:37.000000,-7389.346349999886,-34256.83051684359,-41646.17686684349
2025-01-08T13:53:42.000000,-7389.346349999886,-34395.24901684359,-41784.59536684349
2025-01-08T13:53:42.000000,-7389.346349999886,-34577.72882406342,-41967.07517406332
2025-01-08T13:53:42.000000,-7389.346349999886,-34784.413356416364,-42173.75970641626
2025-01-08T13:53:42.000000,-7389.346349999886,-34937.938192780006,-42327.284542779904
2025-01-08T13:53:47.000000,-7389.346349999886,-35053.28694278,-42442.6332927799
2025-01-08T13:53:47.000000,-7389.346349999886,-35235.766749999835,-42625.11309999973
2025-01-08T13:53:47.000000,-7389.346349999886,-35266.8523794116,-42656.198729411495
2025-01-08T13:53:47.000000,-7389.346349999886,-35494.540061764535,-42883.88641176443
2025-01-08T13:53:47.000000,-7389.346349999886,-35672.06849812818,-43061.41484812808
2025-01-08T13:53:52.000000,-7389.346349999886,-35843.54665534801,-43232.893005347905
2025-01-08T13:53:52.000000,-7389.346349999886,-36071.234337700946,-43460.58068770084
2025-01-08T13:53:52.000000,-7389.346349999886,-36078.63135588276,-43467.97770588266
2025-01-08T13:53:57.000000,-7389.346349999886,-36264.3127382357,-43653.659088235596
2025-01-08T13:54:02.000000,-7389.346349999886,-36432.31017941217,-43821.65652941207
2025-01-08T13:54:37.000000,-7389.346349999886,-36504.92607941217,-43894.27242941207
2025-01-08T13:56:52.000000,-7389.346349999886,-36772.26867941218,-44161.615029412074
2025-01-08T13:57:37.000000,-7389.346349999886,-36709.64217941218,-44098.988529412076
2025-01-08T13:58:37.000000,-7389.346349999886,-36750.021058215425,-44139.36740821532
2025-01-08T13:58:42.000000,-7389.346349999886,-36781.398587018666,-44170.744937018564
2025-01-08T13:58:47.000000,-7389.346349999886,-36821.77746582191,-44211.12381582181
2025-01-08T13:58:52.000000,-7389.346349999886,-36832.75085000041,-44222.09720000031
2025-01-08T13:59:17.000000,-7389.346349999886,-36838.82680000041,-44228.17315000031
2025-01-08T14:00:52.000000,-7389.346349999886,-36842.56565000041,-44231.91200000031
2025-01-08T14:01:02.000000,-7389.346349999886,-36984.211001852265,-44373.55735185216
2025-01-08T14:01:07.000000,-7389.346349999886,-36989.65890000042,-44379.005250000315
2025-01-08T14:01:32.000000,-7389.346349999886,-37055.701969388174,-44445.04831938807
2025-01-08T14:02:07.000000,-7389.346349999886,-37179.12701568448,-44568.473365684375
2025-01-08T14:02:12.000000,-7389.346349999886,-37191.234667000266,-44580.581017000164
2025-01-08T14:02:12.000000,-7389.346349999886,-37324.66121329657,-44714.007563296465
2025-01-08T14:02:17.000000,-7389.346349999886,-37351.77111461236,-44741.11746461226
2025-01-08T14:02:17.000000,-7389.346349999886,-37483.857253387876,-44873.203603387774
2025-01-08T14:02:17.000000,-7389.346349999886,-37627.285299684176,-45016.63164968407
2025-01-08T14:02:22.000000,-7389.346349999886,-37654.39520099997,-45043.74155099987
2025-01-08T14:02:22.000000,-7389.346349999886,-37810.48493977548,-45199.83128977538
2025-01-08T14:02:22.000000,-7389.346349999886,-37953.91298607178,-45343.25933607168
2025-01-08T14:02:22.000000,-7389.346349999886,-38099.23504232178,-45488.58139232168
2025-01-08T14:02:27.000000,-7389.346349999886,-38126.344943637574,-45515.69129363747
2025-01-08T14:02:27.000000,-7389.346349999886,-38258.43108241309,-45647.777432412986
2025-01-08T14:02:27.000000,-7389.346349999886,-38401.85912870939,-45791.205478709286
2025-01-08T14:02:27.000000,-7389.346349999886,-38530.17863495939,-45919.52498495929
2025-01-08T14:02:32.000000,-7389.346349999886,-38572.29078627518,-45961.63713627508
2025-01-08T14:02:32.000000,-7389.346349999886,-38704.376925050696,-46093.723275050594
2025-01-08T14:02:32.000000,-7389.346349999886,-38761.74814356922,-46151.094493569115
2025-01-08T14:02:32.000000,-7389.346349999886,-38890.06764981922,-46279.41399981912
2025-01-08T14:02:37.000000,-7389.346349999886,-38932.17980113501,-46321.52615113491
2025-01-08T14:02:37.000000,-7389.346349999886,-39064.265939910525,-46453.61228991042
2025-01-08T14:02:37.000000,-7389.346349999886,-39192.58544616053,-46581.931796160425
2025-01-08T14:02:42.000000,-7389.346349999886,-39279.70434747632,-46669.05069747622
2025-01-08T14:02:42.000000,-7389.346349999886,-39362.258184211016,-46751.604534210914
2025-01-08T14:02:42.000000,-7389.346349999886,-39490.57769046102,-46879.924040460915
2025-01-08T14:02:47.000000,-7389.346349999886,-39542.849031250495,-46932.19538125039
2025-01-08T14:02:47.000000,-7389.346349999886,-39562.49320000049,-46951.83955000039
2025-01-08T14:08:42.000000,-7433.319567391193,-39562.49320000049,-46995.8127673917
2025-01-08T14:08:47.000000,-7473.628349999892,-39562.49320000049,-47036.1215500004
2025-01-08T14:09:27.000000,-7480.557599999891,-39562.49320000049,-47043.0508000004
2025-01-08T14:10:52.000000,-7467.188799999891,-39562.49320000049,-47029.68200000039
2025-01-08T14:14:17.000000,-7398.3045407406335,-39562.49320000049,-46960.79774074114
2025-01-08T14:14:22.000000,-7339.413781481375,-39562.49320000049,-46901.90698148188
2025-01-08T14:14:27.000000,-7280.523022222116,-39562.49320000049,-46843.01622222262
2025-01-08T14:14:32.000000,-7221.632262962858,-39562.49320000049,-46784.12546296336
2025-01-08T14:14:37.000000,-7172.7350037036,-39562.49320000049,-46735.22820370411
2025-01-08T14:14:42.000000,-7153.176099999898,-39562.49320000049,-46715.6693000004
2025-01-08T14:16:17.000000,-7208.207205084647,-39562.49320000049,-46770.700405085154
2025-01-08T14:16:22.000000,-7275.230510169398,-39562.49320000049,-46837.72371016991
2025-01-08T14:16:27.000000,-7342.253815254149,-39562.49320000049,-46904.74701525466
2025-01-08T14:16:32.000000,-7409.2771203389,-39562.49320000049,-46971.77032033941
2025-01-08T14:16:37.000000,-7481.70799999992,-39562.49320000049,-47044.20120000043
2025-01-08T14:17:32.000000,-7481.70799999992,-39463.57359250049,-46945.28159250043
2025-01-08T14:17:37.000000,-7481.70799999992,-39364.65398500049,-46846.36198500043
2025-01-08T14:17:42.000000,-7481.70799999992,-39267.863950000494,-46749.571950000434
2025-01-08T14:17:52.000000,-7481.70799999992,-39155.03128620739,-46636.73928620733
2025-01-08T14:17:57.000000,-7481.70799999992,-39042.19862241429,-46523.90662241423
2025-01-08T14:18:02.000000,-7481.70799999992,-38912.36340862118,-46394.07140862112
2025-01-08T14:18:07.000000,-7481.70799999992,-38765.52564482808,-46247.23364482802
2025-01-08T14:18:12.000000,-7481.70799999992,-38618.68788103497,-46100.395881034914
2025-01-08T14:18:17.000000,-7481.70799999992,-38601.41285000049,-46083.12085000043
2025-01-08T14:19:07.000000,-7481.70799999992,-38736.26737000049,-46217.97537000043
2025-01-08T14:19:12.000000,-7481.70799999992,-38871.12189000049,-46352.82989000043
2025-01-08T14:19:17.000000,-7481.70799999992,-39024.97926000049,-46506.68726000043
2025-01-08T14:19:22.000000,-7481.70799999992,-39159.83378000049,-46641.54178000043
2025-01-08T14:19:27.000000,-7481.70799999992,-39313.691150000486,-46795.39915000043
2025-01-08T14:23:51.000000,-7775.920438596411,-39313.691150000486,-47089.61158859692
2025-01-08T14:24:06.000000,-7872.44700877185,-39313.691150000486,-47186.13815877236
2025-01-08T14:24:17.000000,-8048.458307894657,-39313.691150000486,-47362.14945789517
2025-01-08T14:24:21.000000,-8772.794785087637,-39313.691150000486,-48086.485935088145
2025-01-08T14:24:22.000000,-8959.798934210441,-39313.691150000486,-48273.49008421095
2025-01-08T14:24:26.000000,-8980.103598245529,-39313.691150000486,-48293.79474824604
2025-01-08T14:24:27.000000,-9156.114897368336,-39313.691150000486,-48469.806047368846
2025-01-08T14:24:32.000000,-9343.119046491141,-39313.691150000486,-48656.81019649165
2025-01-08T14:24:37.000000,-9530.123195613945,-39313.691150000486,-48843.81434561445
2025-01-08T14:24:42.000000,-9564.12394999991,-39313.691150000486,-48877.815100000415
2025-01-08T14:24:42.000000,-9601.171104285622,-39313.691150000486,-48914.86225428613
2025-01-08T14:25:02.000000,-9633.565316045839,-39313.691150000486,-48947.25646604634
2025-01-08T14:25:37.000000,-9718.908586045842,-39313.691150000486,-49032.599736046344
2025-01-08T14:25:42.000000,-9816.244056045842,-39313.691150000486,-49129.93520604634
2025-01-08T14:25:47.000000,-9913.579526045842,-39313.691150000486,-49227.27067604634
2025-01-08T14:25:52.000000,-10022.907196045844,-39313.691150000486,-49336.59834604634
2025-01-08T14:25:57.000000,-10108.250466045847,-39313.691150000486,-49421.941616046344
2025-01-08T14:26:26.000000,-10363.357254507386,-39313.691150000486,-49677.048404507885
2025-01-08T14:27:37.000000,-10638.770588461473,-39313.691150000486,-49952.46173846197
2025-01-08T14:28:41.000000,-10307.606749999926,-39313.691150000486,-49621.29790000042
2025-01-08T14:28:42.000000,-10327.229805199924,-39313.691150000486,-49640.92095520042
2025-01-08T14:28:47.000000,-10339.857410399924,-39313.691150000486,-49653.54856040042
2025-01-08T14:28:52.000000,-10338.494115599924,-39313.691150000486,-49652.18526560042
2025-01-08T14:28:57.000000,-10337.130820799925,-39313.691150000486,-49650.82197080042
2025-01-08T14:29:02.000000,-10356.753875999922,-39313.691150000486,-49670.445026000416
2025-01-08T14:29:07.000000,-10376.37693119992,-39313.691150000486,-49690.068081200414
2025-01-08T14:29:12.000000,-10402.99543639992,-39313.691150000486,-49716.686586400414
2025-01-08T14:29:17.000000,-10436.60939159992,-39313.691150000486,-49750.300541600416
2025-01-08T14:29:22.000000,-10477.21879679992,-39313.691150000486,-49790.90994680041
2025-01-08T14:29:27.000000,-10517.828201999919,-39313.691150000486,-49831.51935200041
2025-01-08T14:29:32.000000,-10565.43305719992,-39313.691150000486,-49879.12420720041
2025-01-08T14:29:32.000000,-10288.007657199907,-39313.691150000486,-49601.698807200395
2025-01-08T14:29:37.000000,-10342.607962399907,-39313.691150000486,-49656.2991124004
2025-01-08T14:29:42.000000,-10397.208267599906,-39313.691150000486,-49710.8994176004
2025-01-08T14:29:47.000000,-10451.808572799906,-39313.691150000486,-49765.4997228004
2025-01-08T14:29:52.000000,-10513.404327999906,-39313.691150000486,-49827.0954780004
2025-01-08T14:29:57.000000,-10581.995533199904,-39313.691150000486,-49895.6866832004
2025-01-08T14:30:02.000000,-10650.586738399903,-39313.691150000486,-49964.2778884004
2025-01-08T14:30:07.000000,-10715.375299999903,-39313.691150000486,-50029.0664500004
2025-01-08T14:30:17.000000,-10721.680849999904,-39313.691150000486,-50035.372000000396
2025-01-08T14:30:42.000000,-10798.240363274246,-39313.691150000486,-50111.931513274736
2025-01-08T14:30:47.000000,-10874.799876548588,-39313.691150000486,-50188.491026549076
2025-01-08T14:30:52.000000,-10951.35938982293,-39313.691150000486,-50265.050539823416
2025-01-08T14:30:57.000000,-11027.918903097272,-39313.691150000486,-50341.61005309776
2025-01-08T14:31:02.000000,-11104.478416371614,-39313.691150000486,-50418.1695663721
2025-01-08T14:31:07.000000,-11114.918349999933,-39313.691150000486,-50428.60950000041
2025-01-08T14:31:37.000000,-11417.0355119047,-39313.691150000486,-50730.72666190518
2025-01-08T14:32:32.000000,-11484.357669597006,-39313.691150000486,-50798.04881959749
2025-01-08T14:35:37.000000,-11601.170525761392,-39313.691150000486,-50914.86167576188
2025-01-08T14:35:42.000000,-11717.983381925778,-39313.691150000486,-51031.67453192627
2025-01-08T14:35:47.000000,-11855.782588090164,-39313.691150000486,-51169.47373809066
2025-01-08T14:35:52.000000,-11941.388257692251,-39313.691150000486,-51255.07940769275
2025-01-08T14:36:27.000000,-11997.17545769225,-39313.691150000486,-51310.86660769275
2025-01-08T14:36:37.000000,-12072.139507692256,-39313.691150000486,-51385.83065769276
2025-01-08T14:36:57.000000,-12178.483857692256,-39313.691150000486,-51492.17500769276
2025-01-08T14:37:02.000000,-12213.350857692256,-39313.691150000486,-51527.042007692755
2025-01-08T14:37:17.000000,-12209.42719999995,-39313.691150000486,-51523.11835000045
2025-01-08T14:42:12.000000,-12105.073865384564,-39313.691150000486,-51418.76501538506
2025-01-08T14:42:17.000000,-12000.720530769178,-39313.691150000486,-51314.41168076968
2025-01-08T14:42:22.000000,-11896.367196153793,-39313.691150000486,-51210.05834615429
2025-01-08T14:42:27.000000,-11821.829099999946,-39313.691150000486,-51135.520250000445
2025-01-09T09:50:47.000000,-11821.829099999946,-39312.74511271235,-51134.57421271231
2025-01-09T09:50:52.000000,-11821.829099999946,-39322.80072542421,-51144.62982542417
2025-01-09T09:50:57.000000,-11821.829099999946,-39332.85633813607,-51154.68543813603
2025-01-09T09:51:02.000000,-11821.829099999946,-39342.911950847934,-51164.74105084789
2025-01-09T09:51:07.000000,-11821.829099999946,-39352.967563559796,-51174.796663559755
2025-01-09T09:51:12.000000,-11821.829099999946,-39352.62355000048,-51174.452650000436
2025-01-09T09:51:22.000000,-11821.829099999946,-39377.85415000048,-51199.68325000044
2025-01-09T09:56:22.000000,-11821.829099999946,-39391.544487500476,-51213.373587500435
2025-01-09T09:56:27.000000,-11821.829099999946,-39405.23482500047,-51227.06392500043
2025-01-09T09:56:32.000000,-11821.829099999946,-39411.92411250047,-51233.75321250043
2025-01-09T09:56:37.000000,-11821.829099999946,-39414.79095000047,-51236.62005000043
2025-01-09T10:03:52.000000,-11821.829099999946,-39782.2605133338,-51604.08961333376
2025-01-09T10:03:57.000000,-11821.829099999946,-40149.73007666713,-51971.55917666709
2025-01-09T10:04:02.000000,-11821.829099999946,-40500.19709000047,-52322.026190000426
2025-01-09T10:04:07.000000,-11821.829099999946,-40850.6641033338,-52672.49320333376
2025-01-09T10:04:12.000000,-11821.829099999946,-41201.13111666714,-53022.960216667096
2025-01-09T10:04:17.000000,-11821.829099999946,-41299.20890000047,-53121.03800000043
2025-01-09T10:08:47.000000,-11821.829099999946,-41201.58713333381,-53023.416233333766
2025-01-09T10:08:52.000000,-11821.829099999946,-41117.96746666714,-52939.7965666671
2025-01-09T10:08:57.000000,-11821.829099999946,-41034.347800000476,-52856.176900000435
2025-01-09T10:09:02.000000,-11821.829099999946,-40950.72813333381,-52772.55723333377
2025-01-09T10:09:07.000000,-11821.829099999946,-40886.083250000476,-52707.912350000435
2025-01-09T10:11:37.000000,-11821.829099999946,-41193.04968421101,-53014.87878421097
2025-01-09T10:11:42.000000,-11821.829099999946,-41470.01161842154,-53291.840718421496
2025-01-09T10:11:47.000000,-11821.829099999946,-41746.973552632066,-53568.802652632025
2025-01-09T10:11:52.000000,-11821.829099999946,-42038.93773684259,-53860.76683684255
2025-01-09T10:11:57.000000,-11821.829099999946,-42345.904171053124,-54167.73327105308
2025-01-09T10:12:02.000000,-11821.829099999946,-42367.36875000049,-54189.19785000045
2025-01-09T10:12:12.000000,-11821.829099999946,-42135.029267647544,-53956.8583676475
2025-01-09T10:12:17.000000,-11821.829099999946,-41902.6897852946,-53724.51888529456
2025-01-09T10:12:22.000000,-11821.829099999946,-41670.35030294165,-53492.17940294161
2025-01-09T10:12:27.000000,-11821.829099999946,-41438.01082058871,-53259.83992058867
2025-01-09T10:12:32.000000,-11821.829099999946,-41223.67403823577,-53045.50313823573
2025-01-09T10:12:37.000000,-11821.829099999946,-41056.77925000047,-52878.60835000043
2025-01-09T10:13:32.000000,-11821.829099999946,-41063.94017000047,-52885.769270000426
2025-01-09T10:13:37.000000,-11821.829099999946,-41071.10109000046,-52892.93019000042
2025-01-09T10:13:42.000000,-11821.829099999946,-41078.26201000046,-52900.091110000416
2025-01-09T10:13:47.000000,-11821.829099999946,-41085.42293000045,-52907.25203000041
2025-01-09T10:13:52.000000,-11821.829099999946,-41080.58205000045,-52902.41115000041
2025-01-09T10:14:42.000000,-11821.829099999946,-41145.22109206941,-52967.05019206937
2025-01-09T10:14:47.000000,-11821.829099999946,-41120.64264884907,-52942.47174884903
2025-01-09T10:14:52.000000,-11821.829099999946,-41096.064205628725,-52917.893305628684
2025-01-09T10:14:57.000000,-11821.829099999946,-41071.48576240838,-52893.31486240834
2025-01-09T10:15:02.000000,-11821.829099999946,-41023.90386918804,-52845.732969188
2025-01-09T10:15:07.000000,-11821.829099999946,-40976.3219759677,-52798.15107596766
2025-01-09T10:15:12.000000,-11821.829099999946,-40970.115642069395,-52791.944742069354
2025-01-09T10:15:17.000000,-11821.829099999946,-41012.751384138355,-52834.580484138314
2025-01-09T10:15:22.000000,-11821.829099999946,-41055.387126207315,-52877.216226207274
2025-01-09T10:15:27.000000,-11821.829099999946,-41098.022868276275,-52919.851968276234
2025-01-09T10:15:32.000000,-11821.829099999946,-41140.658610345236,-52962.487710345195
2025-01-09T10:15:37.000000,-11821.829099999946,-41183.294352414196,-53005.123452414155
2025-01-09T10:15:42.000000,-11821.829099999946,-41208.4882000004,-53030.31730000036
2025-01-09T10:20:47.000000,-11821.829099999946,-41300.90434150985,-53122.73344150981
2025-01-09T10:22:07.000000,-11821.829099999946,-41385.407491509846,-53207.236591509805
2025-01-09T10:22:12.000000,-11821.829099999946,-41469.91064150984,-53291.7397415098
2025-01-09T10:22:17.000000,-11821.829099999946,-41554.41379150984,-53376.2428915098
2025-01-09T10:22:22.000000,-11821.829099999946,-41638.91694150984,-53460.746041509796
2025-01-09T10:22:27.000000,-11821.829099999946,-41792.43044150984,-53614.2595415098
2025-01-09T10:22:32.000000,-11821.829099999946,-41815.45439150984,-53637.2834915098
2025-01-09T10:25:22.000000,-11821.829099999946,-41830.996061321166,-53652.825161321125
2025-01-09T10:25:27.000000,-11821.829099999946,-41856.53923113249,-53678.36833113245
2025-01-09T10:25:32.000000,-11821.829099999946,-41860.41735000042,-53682.24645000038
2025-01-09T10:26:02.000000,-11821.829099999946,-41880.31712706464,-53702.1462270646
2025-01-09T10:26:07.000000,-11904.202289999945,-41880.31712706464,-53784.5194170646
2025-01-09T10:26:07.000000,-11904.202289999945,-41900.216904128865,-53804.41919412882
2025-01-09T10:26:12.000000,-11986.575479999943,-41900.216904128865,-53886.79238412882
2025-01-09T10:26:12.000000,-11986.575479999943,-41920.11668119309,-53906.692161193045
2025-01-09T10:26:17.000000,-12068.948669999942,-41920.11668119309,-53989.06535119304
2025-01-09T10:26:17.000000,-12068.948669999942,-41940.01645825731,-54008.96512825727
2025-01-09T10:26:22.000000,-12151.32185999994,-41940.01645825731,-54091.338318257265
2025-01-09T10:26:22.000000,-12151.32185999994,-41959.01170000043,-54110.333560000385
2025-01-09T10:26:27.000000,-12233.695049999938,-41959.01170000043,-54192.70675000038
2025-01-09T10:30:07.000000,-12233.695049999938,-42005.12025465159,-54238.81530465154
2025-01-09T10:30:12.000000,-12233.695049999938,-42028.22535930275,-54261.9204093027
2025-01-09T10:30:17.000000,-12233.695049999938,-42051.330463953906,-54285.02551395386
2025-01-09T10:30:22.000000,-12233.695049999938,-42074.43556860506,-54308.13061860501
2025-01-09T10:30:27.000000,-12233.695049999938,-42097.54067325622,-54331.23572325617
2025-01-09T10:30:32.000000,-12233.695049999938,-42111.6046500004,-54345.29970000035
2025-01-09T10:33:12.000000,-12226.001939999938,-42111.6046500004,-54337.60659000035
2025-01-09T10:33:17.000000,-12236.297129999937,-42111.6046500004,-54347.90178000035
2025-01-09T10:33:22.000000,-12246.592319999936,-42111.6046500004,-54358.19697000035
2025-01-09T10:33:27.000000,-12256.887509999935,-42111.6046500004,-54368.49216000034
2025-01-09T10:33:32.000000,-12267.182699999934,-42111.6046500004,-54378.78735000034
2025-01-09T10:41:12.000000,-12267.182699999934,-42020.060090667066,-54287.242790667005
2025-01-09T10:41:17.000000,-12267.182699999934,-41917.51388133373,-54184.69658133367
2025-01-09T10:41:22.000000,-12267.182699999934,-41814.9676720004,-54082.15037200034
2025-01-09T10:41:27.000000,-12267.182699999934,-41712.421462667065,-53979.604162667005
2025-01-09T10:41:32.000000,-12267.182699999934,-41620.87690333373,-53888.05960333367
2025-01-09T10:41:37.000000,-12267.182699999934,-41551.3356440004,-53818.51834400034
2025-01-09T10:41:42.000000,-12267.182699999934,-41494.4382500004,-53761.62095000034
2025-01-09T10:42:12.000000,-12267.182699999934,-41685.1254500004,-53952.30815000034
2025-01-09T10:42:17.000000,-12267.182699999934,-41842.8077000004,-54109.99040000034
2025-01-09T10:42:22.000000,-12267.182699999934,-42000.489950000396,-54267.672650000335
2025-01-09T10:42:27.000000,-12267.182699999934,-42147.170550000395,-54414.353250000335
2025-01-09T10:42:32.000000,-12267.182699999934,-42293.851150000395,-54561.033850000334
2025-01-09T10:42:32.000000,-12267.182699999934,-42375.14651126166,-54642.329211261596
2025-01-09T10:42:37.000000,-12267.182699999934,-42424.48431126166,-54691.6670112616
2025-01-09T10:42:37.000000,-12267.182699999934,-42505.77967252292,-54772.96237252286
2025-01-09T10:42:42.000000,-12267.182699999934,-42587.07503378418,-54854.25773378412
2025-01-09T10:42:47.000000,-12267.182699999934,-42668.370395045444,-54935.55309504538
2025-01-09T10:42:52.000000,-12267.182699999934,-42749.665756306706,-55016.848456306645
2025-01-09T10:42:57.000000,-12267.182699999934,-42753.3610000004,-55020.54370000034
2025-01-09T10:44:22.000000,-12267.182699999934,-42779.129050000396,-55046.311750000335
2025-01-09T10:45:22.000000,-12267.182699999934,-42797.49590714325,-55064.67860714319
2025-01-09T10:45:27.000000,-12267.182699999934,-42815.86276428611,-55083.04546428605
2025-01-09T10:45:32.000000,-12267.182699999934,-42834.22962142897,-55101.41232142891
2025-01-09T10:45:37.000000,-12267.182699999934,-42852.596478571824,-55119.77917857176
2025-01-09T10:45:42.000000,-12267.182699999934,-42853.28897857182,-55120.47167857176
2025-01-09T10:45:42.000000,-12267.182699999934,-42871.65583571468,-55138.83853571462
2025-01-09T10:45:47.000000,-12267.182699999934,-42874.10475000039,-55141.28745000033
2025-01-09T10:49:27.000000,-12267.182699999934,-42801.73555000039,-55068.91825000033
2025-01-09T10:49:32.000000,-12267.182699999934,-42736.36740000039,-55003.55010000033
2025-01-09T10:49:37.000000,-12267.182699999934,-42670.99925000039,-54938.181950000326
2025-01-09T10:49:42.000000,-12267.182699999934,-42619.63320000038,-54886.81590000032
2025-01-09T10:49:47.000000,-12267.182699999934,-42554.26505000038,-54821.44775000032
2025-01-09T10:52:42.000000,-12267.182699999934,-42565.606723874254,-54832.789423874194
2025-01-09T10:52:47.000000,-12267.182699999934,-42576.94839774813,-54844.13109774807
2025-01-09T10:52:52.000000,-12267.182699999934,-42588.290071622,-54855.47277162194
2025-01-09T10:52:57.000000,-12267.182699999934,-42599.63174549588,-54866.81444549582
2025-01-09T10:53:02.000000,-12267.182699999934,-42610.97341936975,-54878.15611936969
2025-01-09T10:53:07.000000,-12267.182699999934,-42611.488950000385,-54878.671650000324
2025-01-09T11:05:27.000000,-12267.182699999934,-42619.373750000384,-54886.556450000324
2025-01-09T11:08:02.000000,-12267.182699999934,-42613.14005000039,-54880.32275000033
2025-01-09T11:08:07.000000,-12267.182699999934,-42606.90635000039,-54874.08905000033
2025-01-09T11:08:12.000000,-12267.182699999934,-42605.489600000394,-54872.67230000033
2025-01-09T11:09:27.000000,-12267.182699999934,-42623.930569298645,-54891.113269298585
2025-01-09T11:09:32.000000,-12267.182699999934,-42653.373188596895,-54920.555888596835
2025-01-09T11:09:37.000000,-12267.182699999934,-42682.815807895146,-54949.998507895085
2025-01-09T11:09:42.000000,-12267.182699999934,-42712.258427193396,-54979.441127193335
2025-01-09T11:09:47.000000,-12267.182699999934,-42752.702696491644,-55019.88539649158
2025-01-09T11:09:52.000000,-12267.182699999934,-42760.056200000414,-55027.23890000035
2025-01-09T13:07:02.000000,-12267.182699999934,-43026.7078207147,-55293.89052071464
2025-01-09T13:07:07.000000,-12267.182699999934,-43293.359441428984,-55560.54214142892
2025-01-09T13:07:12.000000,-12267.182699999934,-43549.00941214327,-55816.19211214321
2025-01-09T13:07:17.000000,-12267.182699999934,-43793.65773285756,-56060.8404328575
2025-01-09T13:07:22.000000,-12267.182699999934,-44049.307703571845,-56316.490403571785
2025-01-09T13:07:27.000000,-12267.182699999934,-44304.95767428613,-56572.14037428607
2025-01-09T13:07:32.000000,-12267.182699999934,-44401.921900000416,-56669.104600000355
2025-01-09T13:11:32.000000,-12267.182699999934,-44448.22508000042,-56715.40778000036
2025-01-09T13:11:37.000000,-12267.182699999934,-44508.53036000042,-56775.71306000036
2025-01-09T13:11:42.000000,-12267.182699999934,-44561.83459000042,-56829.01729000036
2025-01-09T13:11:47.000000,-12267.182699999934,-44601.136720000424,-56868.31942000036
2025-01-09T13:11:52.000000,-12267.182699999934,-44647.43990000043,-56914.622600000366
2025-01-09T13:15:12.000000,-12267.182699999934,-44675.02747812543,-56942.210178125366
2025-01-09T13:15:17.000000,-12267.182699999934,-44747.62180625043,-57014.804506250366
2025-01-09T13:15:22.000000,-12267.182699999934,-44820.21613437543,-57087.398834375366
2025-01-09T13:15:47.000000,-12267.182699999934,-44937.81721250043,-57204.99991250037
2025-01-09T13:15:52.000000,-12267.182699999934,-45115.42729062543,-57382.609990625366
2025-01-09T13:15:57.000000,-12267.182699999934,-45323.04186875043,-57590.22456875037
2025-01-09T13:16:02.000000,-12267.182699999934,-45530.65644687543,-57797.83914687537
2025-01-09T13:16:07.000000,-12267.182699999934,-45708.26652500043,-57975.44922500037
2025-01-09T13:16:12.000000,-12267.182699999934,-45885.87660312543,-58153.05930312537
2025-01-09T13:16:17.000000,-12267.182699999934,-45992.44265000043,-58259.625350000366
2025-01-09T13:19:37.000000,-12267.182699999934,-46030.37395000042,-58297.55665000036
2025-01-09T13:23:22.000000,-12267.182699999934,-46103.955350000426,-58371.138050000365
2025-01-09T13:23:27.000000,-12267.182699999934,-46311.83775000042,-58579.02045000036
2025-01-09T13:24:12.000000,-12267.182699999934,-46373.53843085149,-58640.72113085143
2025-01-09T13:24:17.000000,-12267.182699999934,-46404.9559989366,-58672.13869893654
2025-01-09T13:24:22.000000,-12267.182699999934,-46414.37026702171,-58681.55296702165
2025-01-09T13:24:27.000000,-12267.182699999934,-46422.07285000043,-58689.25555000037
2025-01-09T13:25:32.000000,-12267.182699999934,-46448.531830952816,-58715.714530952755
2025-01-09T13:25:37.000000,-12267.182699999934,-46466.07374365123,-58733.25644365117
2025-01-09T13:26:12.000000,-12267.182699999934,-46432.59760402859,-58699.78030402853
2025-01-09T13:26:17.000000,-12267.182699999934,-46399.12146440595,-58666.30416440589
2025-01-09T13:26:22.000000,-12267.182699999934,-46386.64847478331,-58653.83117478325
2025-01-09T13:26:27.000000,-12267.182699999934,-46374.17548516067,-58641.35818516061
2025-01-09T13:26:32.000000,-12267.182699999934,-46382.70564553803,-58649.88834553797
2025-01-09T13:26:37.000000,-12267.182699999934,-46383.11184365124,-58650.29454365118
2025-01-09T13:30:32.000000,-12267.182699999934,-46331.873800000445,-58599.056500000384
2025-01-09T13:34:27.000000,-12267.182699999934,-46235.25769215731,-58502.44039215725
2025-01-09T13:34:32.000000,-12267.182699999934,-46138.64158431418,-58405.82428431412
2025-01-09T13:34:37.000000,-12267.182699999934,-46032.02397647104,-58299.20667647098
2025-01-09T13:34:42.000000,-12267.182699999934,-45925.406368627904,-58192.58906862784
2025-01-09T13:34:47.000000,-12267.182699999934,-45818.788760784766,-58085.971460784705
2025-01-09T13:34:52.000000,-12267.182699999934,-45808.12700000045,-58075.30970000039
2025-01-09T13:46:22.000000,-12267.182699999934,-45768.515194118096,-58035.697894118035
2025-01-09T13:46:27.000000,-12267.182699999934,-45721.90233823574,-57989.08503823568
2025-01-09T13:46:32.000000,-12267.182699999934,-45675.289482353386,-57942.472182353325
2025-01-09T13:46:37.000000,-12267.182699999934,-45628.67662647103,-57895.85932647097
2025-01-09T13:46:42.000000,-12267.182699999934,-45582.721850000446,-57849.904550000385
2025-01-09T13:57:17.000000,-12294.52020675669,-45582.721850000446,-57877.24205675714
2025-01-09T13:59:17.000000,-12087.484049999928,-45582.721850000446,-57670.20590000038
2025-01-09T13:59:57.000000,-12087.484049999928,-45627.62475000045,-57715.10880000038
2025-01-09T13:59:57.000000,-12145.838112962892,-45627.62475000045,-57773.462862963344
2025-01-09T14:00:02.000000,-12145.838112962892,-45644.52345000045,-57790.36156296335
2025-01-09T14:00:02.000000,-12248.163575925855,-45644.52345000045,-57892.687025926316
2025-01-09T14:00:07.000000,-12350.489038888818,-45644.52345000045,-57995.01248888928
2025-01-09T14:00:12.000000,-12452.81450185178,-45644.52345000045,-58097.33795185225
2025-01-09T14:00:17.000000,-12555.139964814744,-45644.52345000045,-58199.663414815215
2025-01-09T14:00:22.000000,-12657.465427777706,-45644.52345000045,-58301.98887777818
2025-01-09T14:00:27.000000,-12759.790890740669,-45644.52345000045,-58404.31434074115
2025-01-09T14:00:32.000000,-12862.116353703632,-45644.52345000045,-58506.639803704114
2025-01-09T14:00:37.000000,-12964.441816666595,-45644.52345000045,-58608.96526666708
2025-01-09T14:00:42.000000,-13077.76012962956,-45644.52345000045,-58722.28357963005
2025-01-09T14:00:47.000000,-13191.078442592525,-45644.52345000045,-58835.60189259302
2025-01-09T14:00:52.000000,-13304.39675555549,-45644.52345000045,-58948.92020555599
2025-01-09T14:00:57.000000,-13335.301749999935,-45644.52345000045,-58979.825200000436
2025-01-09T14:02:02.000000,-13406.885890178508,-45644.52345000045,-59051.40934017901
2025-01-09T14:02:07.000000,-13478.47003035708,-45644.52345000045,-59122.99348035758
2025-01-09T14:02:12.000000,-13550.054170535654,-45644.52345000045,-59194.577620536154
2025-01-09T14:02:17.000000,-13621.638310714226,-45644.52345000045,-59266.16176071473
2025-01-09T14:02:22.000000,-13693.2224508928,-45644.52345000045,-59337.7459008933
2025-01-09T14:02:27.000000,-13699.730099999942,-45644.52345000045,-59344.253550000445
2025-01-09T14:07:27.000000,-13699.730099999942,-45651.65945000045,-59351.389550000444
2025-01-09T14:12:12.000000,-13699.730099999942,-45660.22265000045,-59359.95275000044
2025-01-09T14:23:27.000000,-13699.730099999942,-45673.536441071876,-59373.26654107187
2025-01-09T14:23:32.000000,-13699.730099999942,-45675.848582143306,-59375.5786821433
2025-01-09T14:23:37.000000,-13699.730099999942,-45678.160723214736,-59377.89082321473
2025-01-09T14:23:42.000000,-13699.730099999942,-45680.47286428617,-59380.20296428616
2025-01-09T14:23:47.000000,-13699.730099999942,-45682.7850053576,-59382.51510535759
2025-01-09T14:23:52.000000,-13699.730099999942,-45682.995200000456,-59382.72530000045
2025-01-09T14:37:42.000000,-13699.730099999942,-45700.84151160759,-59400.571611607586
2025-01-09T14:37:47.000000,-13699.730099999942,-45718.68782321473,-59418.41792321472
2025-01-09T14:37:52.000000,-13699.730099999942,-45736.534134821864,-59436.26423482186
2025-01-09T14:37:57.000000,-13699.730099999942,-45765.382096429006,-59465.112196429
2025-01-09T14:38:02.000000,-13699.730099999942,-45794.23005803615,-59493.96015803614
2025-01-09T14:38:07.000000,-13699.730099999942,-45796.852600000435,-59496.58270000043
2025-01-10T09:50:27.000000,-13699.730099999942,-45662.44591785758,-59362.17601785757
2025-01-10T09:50:32.000000,-13699.730099999942,-45528.03923571472,-59227.769335714715
2025-01-10T09:50:37.000000,-13699.730099999942,-45415.63585357186,-59115.365953571854
2025-01-10T09:50:42.000000,-13699.730099999942,-45303.232471429,-59002.962571428994
2025-01-10T09:50:47.000000,-13699.730099999942,-45190.82908928614,-58890.559189286134
2025-01-10T09:50:52.000000,-13699.730099999942,-45178.61030000043,-58878.34040000042
2025-01-10T09:57:42.000000,-13699.730099999942,-45011.95491600043,-58711.685016000425
2025-01-10T09:57:47.000000,-13699.730099999942,-44833.29773200043,-58533.02783200042
2025-01-10T09:57:52.000000,-13699.730099999942,-44648.639648000426,-58348.36974800042
2025-01-10T09:57:57.000000,-13699.730099999942,-44451.979764000425,-58151.70986400042
2025-01-10T09:58:02.000000,-13699.730099999942,-44243.31808000043,-57943.04818000042
2025-01-10T09:58:07.000000,-13699.730099999942,-44016.65369600042,-57716.38379600042
2025-01-10T09:58:12.000000,-13699.730099999942,-43819.99381200042,-57519.723912000416
2025-01-10T09:58:17.000000,-13699.730099999942,-43587.32852800042,-57287.05862800041
2025-01-10T09:58:22.000000,-13699.730099999942,-43342.66144400042,-57042.39154400041
2025-01-10T09:58:27.000000,-13699.730099999942,-43073.990760000415,-56773.72086000041
2025-01-10T09:58:32.000000,-13699.730099999942,-42829.323676000415,-56529.05377600041
2025-01-10T09:58:37.000000,-13699.730099999942,-42608.66019200042,-56308.39029200041
2025-01-10T09:58:42.000000,-13699.730099999942,-42498.328450000416,-56198.05855000041
2025-01-10T09:58:57.000000,-13763.34771095884,-42498.328450000416,-56261.67616095931
2025-01-10T09:59:02.000000,-13793.986771917742,-42498.328450000416,-56292.31522191821
2025-01-10T09:59:07.000000,-13747.675882876641,-42498.328450000416,-56246.004332877106
2025-01-10T09:59:12.000000,-13734.343543835543,-42498.328450000416,-56232.67199383601
2025-01-10T09:59:17.000000,-13721.011204794444,-42498.328450000416,-56219.339654794916
2025-01-10T09:59:22.000000,-13740.657415753343,-42498.328450000416,-56238.98586575381
2025-01-10T09:59:27.000000,-13704.191399999914,-42498.328450000416,-56202.51985000038
2025-01-10T10:06:32.000000,-10376.400799999887,-42498.328450000416,-52874.72925000035
2025-01-10T10:06:47.000000,-10426.060924369633,-42498.328450000416,-52924.3893743701
2025-01-10T10:06:52.000000,-10475.721048739379,-42498.328450000416,-52974.04949873984
2025-01-10T10:06:57.000000,-10525.381173109125,-42498.328450000416,-53023.709623109586
2025-01-10T10:06:57.000000,-9908.213973109127,-42498.328450000416,-52406.54242310959
2025-01-10T10:07:02.000000,-9957.874097478872,-42498.328450000416,-52456.20254747933
2025-01-10T10:07:02.000000,-9292.738097478872,-42498.328450000416,-51791.066547479335
2025-01-10T10:07:07.000000,-9317.343999999879,-42498.328450000416,-51815.67245000034
2025-01-10T10:07:07.000000,-8732.155999999879,-42498.328450000416,-51230.48445000034
2025-01-10T10:07:12.000000,-8178.947199999879,-42498.328450000416,-50677.27565000034
2025-01-10T10:07:17.000000,-8178.947199999879,-42494.53628333375,-50673.48348333367
2025-01-10T10:07:17.000000,-7641.727999999878,-42494.53628333375,-50136.26428333367
2025-01-10T10:07:22.000000,-7543.997449999878,-42494.53628333375,-50038.53373333367
2025-01-10T10:11:42.000000,-7543.997449999878,-42402.24748333375,-49946.24493333367
2025-01-10T10:11:47.000000,-7543.997449999878,-42303.957783333746,-49847.95523333367
2025-01-10T10:11:52.000000,-7543.997449999878,-42199.667183333746,-49743.66463333367
2025-01-10T10:11:57.000000,-7543.997449999878,-42107.75760000041,-49651.755050000334
2025-01-10T10:13:02.000000,-7541.306761290198,-42107.75760000041,-49649.06436129066
2025-01-10T10:16:27.000000,-6764.328999999868,-42107.75760000041,-48872.08660000033
2025-01-10T10:17:37.000000,-6779.904999999868,-42107.75760000041,-48887.66260000033
2025-01-10T10:17:42.000000,-6795.480999999868,-42107.75760000041,-48903.23860000033
2025-01-10T10:17:47.000000,-6811.056999999868,-42107.75760000041,-48918.81460000033
2025-01-10T10:17:52.000000,-6826.632999999868,-42107.75760000041,-48934.39060000033
2025-01-10T10:17:57.000000,-6842.208999999868,-42107.75760000041,-48949.966600000334
2025-01-10T10:18:02.000000,-6843.624999999868,-42107.75760000041,-48951.38260000033
2025-01-10T10:19:07.000000,-6843.624999999868,-42123.83254128481,-48967.45754128473
2025-01-10T10:19:12.000000,-6843.624999999868,-42139.907482569215,-48983.532482569135
2025-01-10T10:19:17.000000,-6843.624999999868,-42155.98242385362,-48999.60742385354
2025-01-10T10:19:22.000000,-6843.624999999868,-42193.06051513802,-49036.68551513794
2025-01-10T10:19:27.000000,-6843.624999999868,-42230.13860642243,-49073.76360642235
2025-01-10T10:19:32.000000,-6843.624999999868,-42233.20050000041,-49076.82550000033
2025-01-10T10:19:37.000000,-6843.624999999868,-42205.438111765114,-49049.063111765034
2025-01-10T10:19:42.000000,-6843.624999999868,-42183.67662352982,-49027.30162352974
2025-01-10T10:19:47.000000,-6843.624999999868,-42155.91423529453,-48999.53923529445
2025-01-10T10:19:52.000000,-6843.624999999868,-42104.14824705924,-48947.77324705916
2025-01-10T10:19:57.000000,-6843.624999999868,-42046.38135882394,-48890.00635882386
2025-01-10T10:20:02.000000,-6843.624999999868,-42015.87130000041,-48859.49630000033
2025-01-10T10:23:27.000000,-6843.624999999868,-42109.65430000042,-48953.27930000034
2025-01-10T10:23:32.000000,-6843.624999999868,-42223.44030000042,-49067.06530000034
2025-01-10T10:23:37.000000,-6843.624999999868,-42307.22180000042,-49150.84680000034
2025-01-10T10:23:42.000000,-6843.624999999868,-42381.00180000042,-49224.62680000034
2025-01-10T10:23:47.000000,-6843.624999999868,-42444.78030000042,-49288.40530000034
2025-01-10T10:23:52.000000,-6843.624999999868,-42508.55880000042,-49352.18380000034
2025-01-10T10:23:57.000000,-6843.624999999868,-42565.959450000424,-49409.584450000344
2025-01-10T10:27:23.000000,-6834.5380499998655,-42565.959450000424,-49400.49750000034
2025-01-10T10:27:28.000000,-6825.451099999863,-42565.959450000424,-49391.410550000335
2025-01-10T10:27:33.000000,-6816.36414999986,-42565.959450000424,-49382.32360000033
2025-01-10T10:27:38.000000,-6807.277199999858,-42565.959450000424,-49373.236650000326
2025-01-10T10:27:43.000000,-6786.198049999857,-42565.959450000424,-49352.15750000033
2025-01-10T10:28:17.000000,-6786.198049999857,-42607.60495000042,-49393.80300000033
2025-01-10T10:28:27.000000,-6786.198049999857,-42728.80695714328,-49515.00500714318
2025-01-10T10:28:32.000000,-6786.198049999857,-42850.008964286135,-49636.20701428604
2025-01-10T10:28:37.000000,-6786.198049999857,-42982.212621429,-49768.4106714289
2025-01-10T10:28:37.000000,-6786.198049999857,-43010.49556096388,-49796.69361096378
2025-01-10T10:28:42.000000,-6786.198049999857,-43142.69921810674,-49928.897268106644
2025-01-10T10:28:42.000000,-6786.198049999857,-43153.979607641624,-49940.17765764153
2025-01-10T10:28:47.000000,-6786.198049999857,-43297.184914784484,-50083.38296478439
2025-01-10T10:28:47.000000,-6786.198049999857,-43308.46530431937,-50094.66335431927
2025-01-10T10:28:52.000000,-6786.198049999857,-43462.67226146223,-50248.87031146213
2025-01-10T10:28:52.000000,-6786.198049999857,-43473.95265099711,-50260.150700997016
2025-01-10T10:28:57.000000,-6786.198049999857,-43628.15960813997,-50414.357658139874
2025-01-10T10:28:57.000000,-6786.198049999857,-43639.439997674854,-50425.63804767476
2025-01-10T10:29:02.000000,-6786.198049999857,-43640.10355000044,-50426.30160000034
2025-01-10T10:30:02.000000,-6786.198049999857,-43660.85198965561,-50447.050039655514
2025-01-10T10:30:12.000000,-6786.198049999857,-43587.15468965561,-50373.352739655515
2025-01-10T10:30:17.000000,-6786.198049999857,-43513.45738965561,-50299.655439655515
2025-01-10T10:30:22.000000,-6786.198049999857,-43528.08850215561,-50314.286552155514
2025-01-10T10:30:22.000000,-6786.198049999857,-43464.39270215561,-50250.59075215551
2025-01-10T10:30:27.000000,-6786.198049999857,-43469.26973965561,-50255.467789655515
2025-01-10T10:30:27.000000,-6786.198049999857,-43405.57393965561,-50191.77198965551
2025-01-10T10:30:32.000000,-6786.198049999857,-43351.87963965561,-50138.07768965552
2025-01-10T10:30:37.000000,-6786.198049999857,-43308.18683965562,-50094.38488965552
2025-01-10T10:30:42.000000,-6786.198049999857,-43284.49703965562,-50070.69508965552
2025-01-10T10:30:47.000000,-6786.198049999857,-43260.807239655616,-50047.00528965552
2025-01-10T10:30:52.000000,-6786.198049999857,-43227.11593965562,-50013.31398965552
2025-01-10T10:30:57.000000,-6786.198049999857,-43203.42613965562,-49989.62418965552
2025-01-10T10:31:02.000000,-6786.198049999857,-43169.73483965562,-49955.93288965552
2025-01-10T10:31:07.000000,-6786.198049999857,-43152.889189655616,-49939.08723965552
2025-01-10T10:33:12.000000,-6786.198049999857,-43272.54638965562,-50058.74443965552
2025-01-10T10:33:17.000000,-6786.198049999857,-43392.20358965562,-50178.40163965552
2025-01-10T10:33:17.000000,-6786.198049999857,-43473.89508965562,-50260.093139655524
2025-01-10T10:33:22.000000,-6786.198049999857,-43593.55228965562,-50379.750339655526
2025-01-10T10:33:22.000000,-6786.198049999857,-43675.24378965562,-50461.44183965553
2025-01-10T10:33:27.000000,-6786.198049999857,-43679.84598965562,-50466.04403965553
2025-01-10T10:33:27.000000,-6786.198049999857,-43761.537489655624,-50547.73553965553
2025-01-10T10:33:32.000000,-6786.198049999857,-43821.22568965562,-50607.423739655525
2025-01-10T10:33:37.000000,-6786.198049999857,-43880.91388965562,-50667.11193965552
2025-01-10T10:33:42.000000,-6786.198049999857,-43883.62698965562,-50669.82503965552
2025-01-10T10:34:12.000000,-6786.198049999857,-43940.27520689699,-50726.4732568969
2025-01-10T10:34:17.000000,-6786.198049999857,-43996.92342413837,-50783.12147413827
2025-01-10T10:34:22.000000,-6786.198049999857,-44053.57164137974,-50839.769691379646
2025-01-10T10:34:27.000000,-6786.198049999857,-44110.219858621116,-50896.41790862102
2025-01-10T10:34:32.000000,-6786.198049999857,-44166.86807586249,-50953.066125862395
2025-01-10T10:34:37.000000,-6786.198049999857,-44234.51794310386,-51020.71599310377
2025-01-10T10:34:42.000000,-6786.198049999857,-44302.167810345236,-51088.36586034514
2025-01-10T10:34:47.000000,-6786.198049999857,-44358.81602758661,-51145.014077586515
2025-01-10T10:34:52.000000,-6786.198049999857,-44415.464244827985,-51201.66229482789
2025-01-10T10:34:57.000000,-6786.198049999857,-44472.11246206936,-51258.31051206926
2025-01-10T10:35:02.000000,-6786.198049999857,-44477.262300000395,-51263.4603500003
2025-01-10T10:36:57.000000,-6786.198049999857,-44306.769819231165,-51092.96786923107
2025-01-10T10:37:02.000000,-6786.198049999857,-44136.277338461936,-50922.47538846184
2025-01-10T10:37:07.000000,-6786.198049999857,-43980.787107692704,-50766.98515769261
2025-01-10T10:37:12.000000,-6786.198049999857,-43810.294626923474,-50596.49267692338
2025-01-10T10:37:17.000000,-6786.198049999857,-43654.80439615424,-50441.00244615415
2025-01-10T10:37:22.000000,-6786.198049999857,-43623.70635000039,-50409.9044000003
2025-01-10T10:46:27.000000,-6735.869749999859,-43623.70635000039,-50359.5761000003
2025-01-10T10:46:32.000000,-6685.541449999861,-43623.70635000039,-50309.247800000296
2025-01-10T10:46:37.000000,-6635.213149999862,-43623.70635000039,-50258.919500000295
2025-01-10T10:46:42.000000,-6584.884849999864,-43623.70635000039,-50208.59120000029
2025-01-10T10:46:47.000000,-6534.556549999866,-43623.70635000039,-50158.26290000029
2025-01-10T10:46:52.000000,-6529.981249999866,-43623.70635000039,-50153.687600000296
2025-01-10T10:48:52.000000,-6529.981249999866,-43604.94277193022,-50134.92402193012
2025-01-10T10:48:57.000000,-6529.981249999866,-43586.17919386004,-50116.160443859946
2025-01-10T10:48:57.000000,-6529.981249999866,-43563.71202386005,-50093.69327385995
2025-01-10T10:49:02.000000,-6529.981249999866,-43555.95009578987,-50085.93134578977
2025-01-10T10:49:02.000000,-6529.981249999866,-43533.482925789875,-50063.46417578978
2025-01-10T10:49:07.000000,-6529.981249999866,-43525.7209977197,-50055.7022477196
2025-01-10T10:49:07.000000,-6529.981249999866,-43503.2538277197,-50033.235077719604
2025-01-10T10:49:12.000000,-6529.981249999866,-43484.49024964953,-50014.47149964943
2025-01-10T10:49:12.000000,-6529.981249999866,-43479.02562964953,-50009.00687964943
2025-01-10T10:49:17.000000,-6529.981249999866,-43475.6140700004,-50005.595320000306
2025-01-10T10:49:17.000000,-6529.981249999866,-43453.14690000041,-49983.12815000031
2025-01-10T10:51:22.000000,-6529.981249999866,-43478.63917325622,-50008.62042325612
2025-01-10T10:53:22.000000,-6529.981249999866,-43473.79386317869,-50003.77511317859
2025-01-10T10:55:07.000000,-6555.512970833199,-43473.79386317869,-50029.30683401193
2025-01-10T10:56:02.000000,-6678.529612499865,-43473.79386317869,-50152.3234756786
2025-01-10T10:56:07.000000,-6813.538454166531,-43473.79386317869,-50287.332317345266
2025-01-10T10:56:17.000000,-6813.538454166531,-43401.360708139924,-50214.8991623065
2025-01-10T10:56:22.000000,-6813.538454166531,-43298.92305310116,-50112.46150726774
2025-01-10T10:56:27.000000,-6813.538454166531,-43176.4823980624,-49990.020852228976
2025-01-10T10:56:32.000000,-6813.538454166531,-43034.03874302363,-49847.57719719021
2025-01-10T10:56:37.000000,-6813.538454166531,-42924.56895000037,-49738.10740416695
2025-01-10T10:59:17.000000,-7002.5121958331965,-42924.56895000037,-49927.08114583362
2025-01-10T10:59:22.000000,-7191.485937499862,-42924.56895000037,-50116.054887500286
2025-01-10T10:59:27.000000,-7386.455779166529,-42924.56895000037,-50311.02472916695
2025-01-10T10:59:32.000000,-7483.940699999863,-42924.56895000037,-50408.509650000284
2025-01-10T11:03:32.000000,-7483.940699999863,-42820.281079630004,-50304.221779629916
2025-01-10T11:03:37.000000,-7483.940699999863,-42715.993209259635,-50199.93390925955
2025-01-10T11:03:42.000000,-7483.940699999863,-42635.99065000038,-50119.93135000029
2025-01-10T11:21:02.000000,-7483.940699999863,-42696.833391667045,-50180.77409166696
2025-01-10T11:24:17.000000,-7483.940699999863,-42691.36290000038,-50175.30360000029
2025-01-10T11:27:37.000000,-7483.940699999863,-42619.24790178609,-50103.188601786
2025-01-10T11:27:42.000000,-7483.940699999863,-42569.136203571805,-50053.07690357172
2025-01-10T11:27:47.000000,-7483.940699999863,-42519.02450535752,-50002.96520535743
2025-01-10T11:27:52.000000,-7483.940699999863,-42468.912807143235,-49952.85350714315
2025-01-10T11:27:57.000000,-7483.940699999863,-42418.80110892895,-49902.74180892886
2025-01-10T11:28:02.000000,-7483.940699999863,-42414.245500000376,-49898.18620000029
2025-01-10T13:10:42.000000,-7483.940699999863,-42552.904986170586,-50036.8456861705
2025-01-10T13:10:47.000000,-7483.940699999863,-42691.5644723408,-50175.50517234071
2025-01-10T13:10:52.000000,-7483.940699999863,-42830.22395851101,-50314.16465851092
2025-01-10T13:10:57.000000,-7483.940699999863,-42968.88344468122,-50452.82414468113
2025-01-10T13:11:02.000000,-7483.940699999863,-43107.54293085143,-50591.48363085134
2025-01-10T13:11:07.000000,-7483.940699999863,-43144.35705000036,-50628.297750000274
2025-01-10T13:21:52.000000,-7483.940699999863,-43191.60337193019,-50675.544071930104
2025-01-10T13:21:57.000000,-7483.940699999863,-43238.84969386002,-50722.790393859934
2025-01-10T13:22:02.000000,-7483.940699999863,-43286.09601578985,-50770.03671578976
2025-01-10T13:22:07.000000,-7483.940699999863,-43333.34233771968,-50817.28303771959
2025-01-10T13:22:12.000000,-7483.940699999863,-43380.58865964951,-50864.52935964942
2025-01-10T13:22:17.000000,-7483.940699999863,-43389.17890000039,-50873.119600000304
2025-01-10T13:33:42.000000,-7483.940699999863,-43356.32944561443,-50840.27014561434
2025-01-10T13:33:47.000000,-7483.940699999863,-43323.479991228465,-50807.42069122838
2025-01-10T13:33:52.000000,-7483.940699999863,-43290.6305368425,-50774.571236842414
2025-01-10T13:33:57.000000,-7483.940699999863,-43257.78108245654,-50741.72178245645
2025-01-10T13:34:02.000000,-7483.940699999863,-43224.931628070575,-50708.87232807049
2025-01-10T13:34:07.000000,-7483.940699999863,-43218.9590000004,-50702.899700000315
2025-01-10T13:41:22.000000,-7483.940699999863,-43146.62191933742,-50630.56261933733
2025-01-10T13:41:27.000000,-7483.940699999863,-43074.28483867444,-50558.22553867435
2025-01-10T13:41:27.000000,-7483.940699999863,-43050.482064113035,-50534.42276411295
2025-01-10T13:41:32.000000,-7483.940699999863,-42978.14498345005,-50462.085683449965
2025-01-10T13:41:37.000000,-7483.940699999863,-42904.6287877604,-50388.56948776031
2025-01-10T13:41:37.000000,-7483.940699999863,-42832.291707097414,-50316.232407097326
2025-01-10T13:41:37.000000,-7483.940699999863,-42732.75283165882,-50216.69353165873
2025-01-10T13:41:42.000000,-7483.940699999863,-42659.236635969166,-50143.17733596908
2025-01-10T13:41:42.000000,-7483.940699999863,-42586.89955530618,-50070.840255306095
2025-01-10T13:41:47.000000,-7483.940699999863,-42513.38335961653,-49997.32405961644
2025-01-10T13:41:47.000000,-7483.940699999863,-42441.046278953545,-49924.98697895346
2025-01-10T13:41:52.000000,-7483.940699999863,-42367.53008326389,-49851.4707832638
2025-01-10T13:41:52.000000,-7483.940699999863,-42295.19300260091,-49779.13370260082
2025-01-10T13:41:57.000000,-7483.940699999863,-42221.67680691125,-49705.61750691116
2025-01-10T13:41:57.000000,-7483.940699999863,-42182.49422155214,-49666.43492155205
2025-01-10T13:42:02.000000,-7483.940699999863,-42162.44435000041,-49646.385050000325
2025-01-10T13:42:02.000000,-7483.940699999863,-42147.38034634187,-49631.321046341785
2025-01-10T13:42:07.000000,-7483.940699999863,-42132.316342683334,-49616.257042683246
2025-01-10T13:42:12.000000,-7483.940699999863,-42117.252339024795,-49601.19303902471
2025-01-10T13:42:17.000000,-7483.940699999863,-42102.188335366256,-49586.12903536617
2025-01-10T13:42:22.000000,-7483.940699999863,-42087.12433170772,-49571.06503170763
2025-01-10T13:42:27.000000,-7483.940699999863,-42072.06032804918,-49556.00102804909
2025-01-10T13:42:32.000000,-7483.940699999863,-42034.99302439064,-49518.933724390554
2025-01-10T13:42:37.000000,-7483.940699999863,-42018.1442500004,-49502.08495000031
2025-01-10T14:11:22.000000,-7483.940699999863,-41943.304466216614,-49427.245166216526
2025-01-10T14:11:27.000000,-7483.940699999863,-41903.70963642938,-49387.650336429295
2025-01-10T14:11:27.000000,-7483.940699999863,-41813.8676026456,-49297.80830264551
2025-01-10T14:11:32.000000,-7483.940699999863,-41774.27277285837,-49258.21347285828
2025-01-10T14:11:32.000000,-7483.940699999863,-41722.80285285837,-49206.74355285828
2025-01-10T14:11:32.000000,-7483.940699999863,-41632.960819074586,-49116.9015190745
2025-01-10T14:11:37.000000,-7483.940699999863,-41593.365989287355,-49077.30668928727
2025-01-10T14:11:37.000000,-7483.940699999863,-41541.89606928735,-49025.83676928726
2025-01-10T14:11:37.000000,-7483.940699999863,-41467.05628550357,-48950.99698550348
2025-01-10T14:11:42.000000,-7483.940699999863,-41427.46145571634,-48911.40215571625
2025-01-10T14:11:42.000000,-7483.940699999863,-41375.99153571633,-48859.932235716245
2025-01-10T14:11:42.000000,-7483.940699999863,-41292.13897085147,-48776.07967085138
2025-01-10T14:11:47.000000,-7483.940699999863,-41252.54414106424,-48736.48484106415
2025-01-10T14:11:47.000000,-7483.940699999863,-41201.074221064235,-48685.01492106415
2025-01-10T14:11:52.000000,-7483.940699999863,-41194.2756700004,-48678.216370000315
2025-01-10T14:11:52.000000,-7483.940699999863,-41142.8057500004,-48626.74645000031
2025-01-10T14:19:17.000000,-7483.940699999863,-41158.285750000396,-48642.22645000031
2025-01-10T14:19:22.000000,-7483.940699999863,-41157.763350000394,-48641.704050000306
2025-01-10T14:19:27.000000,-7483.940699999863,-41173.24335000039,-48657.1840500003
2025-01-10T14:19:32.000000,-7483.940699999863,-41172.72095000039,-48656.6616500003
2025-01-10T14:19:37.000000,-7483.940699999863,-41172.23120000039,-48656.1719000003
2025-01-10T14:32:07.000000,-7908.112449999876,-41172.23120000039,-49080.343650000315
2025-01-10T14:37:12.000000,-7909.706596551601,-41172.23120000039,-49081.93779655204
2025-01-10T14:37:17.000000,-7911.300743103327,-41172.23120000039,-49083.531943103764
2025-01-10T14:37:22.000000,-7912.894889655052,-41172.23120000039,-49085.12608965549
2025-01-10T14:37:27.000000,-7914.489036206777,-41172.23120000039,-49086.72023620721
2025-01-10T14:37:32.000000,-7916.0831827585025,-41172.23120000039,-49088.31438275894
2025-01-10T14:37:37.000000,-7919.515999999881,-41172.23120000039,-49091.74720000032
2025-01-10T14:38:07.000000,-7919.515999999881,-41211.058650000385,-49130.574650000315
2025-01-10T14:40:42.000000,-7919.515999999881,-41180.875750000385,-49100.391750000315
2025-01-10T14:40:47.000000,-7919.515999999881,-41150.692850000385,-49070.208850000316
2025-01-10T14:40:52.000000,-7919.515999999881,-41124.446850000386,-49043.96285000032
2025-01-10T14:45:02.000000,-7925.467434999882,-41124.446850000386,-49049.91428500032
2025-01-10T14:45:07.000000,-7917.4279699998815,-41124.446850000386,-49041.87482000032
2025-01-10T14:45:12.000000,-7910.536999999881,-41124.446850000386,-49034.98385000032
2025-01-13T09:50:37.000000,-7910.536999999881,-41054.16284434002,-48964.69984433995
2025-01-13T09:51:02.000000,-7910.536999999881,-41024.306167869436,-48934.84316786937
2025-01-13T09:51:07.000000,-7910.536999999881,-40994.44949139885,-48904.986491398784
2025-01-13T09:51:12.000000,-7910.536999999881,-40954.591314928264,-48865.128314928195
2025-01-13T09:51:17.000000,-7910.536999999881,-40864.725638457676,-48775.26263845761
2025-01-13T09:51:22.000000,-7910.536999999881,-40774.85996198709,-48685.39696198702
2025-01-13T09:51:27.000000,-7910.536999999881,-40765.87339434003,-48676.41039433996
2025-01-13T09:55:17.000000,-7910.536999999881,-40957.27216981173,-48867.80916981166
2025-01-13T09:55:22.000000,-7910.536999999881,-41137.66929528343,-49048.20629528336
2025-01-13T09:55:27.000000,-7910.536999999881,-41195.26705000041,-49105.80405000034
2025-01-13T09:58:37.000000,-7910.536999999881,-41235.8207754906,-49146.357775490535
2025-01-13T09:58:42.000000,-7910.536999999881,-41276.3745009808,-49186.91150098073
2025-01-13T09:58:47.000000,-7910.536999999881,-41316.92822647099,-49227.46522647092
2025-01-13T09:58:52.000000,-7910.536999999881,-41367.48345196119,-49278.02045196112
2025-01-13T09:58:57.000000,-7910.536999999881,-41408.037177451384,-49318.574177451315
2025-01-13T09:59:02.000000,-7910.536999999881,-41411.0924000004,-49321.62940000033
2025-01-13T10:05:32.000000,-7875.095212280582,-41411.0924000004,-49286.187612281035
2025-01-13T10:05:37.000000,-7839.653424561283,-41411.0924000004,-49250.74582456174
2025-01-13T10:05:42.000000,-7804.211636841984,-41411.0924000004,-49215.30403684244
2025-01-13T10:05:47.000000,-7757.776999122687,-41411.0924000004,-49168.86939912314
2025-01-13T10:05:52.000000,-7700.3495114033885,-41411.0924000004,-49111.44191140385
2025-01-13T10:05:57.000000,-7689.90814999988,-41411.0924000004,-49101.00055000034
2025-01-13T10:09:42.000000,-7689.90814999988,-41376.889061111506,-49066.79721111144
2025-01-13T10:09:47.000000,-7689.90814999988,-41342.68572222261,-49032.59387222255
2025-01-13T10:09:52.000000,-7689.90814999988,-41253.47413333372,-48943.38228333366
2025-01-13T10:09:57.000000,-7689.90814999988,-41164.262544444835,-48854.17069444477
2025-01-13T10:10:02.000000,-7689.90814999988,-41073.159600000385,-48763.06775000032
2025-01-13T10:22:22.000000,-7689.90814999988,-41094.64068917564,-48784.54883917558
2025-01-13T10:22:27.000000,-7689.90814999988,-41105.1201283509,-48795.02827835084
2025-01-13T10:22:32.000000,-7689.90814999988,-41093.59626752616,-48783.5044175261
2025-01-13T10:22:37.000000,-7689.90814999988,-41082.07240670142,-48771.98055670136
2025-01-13T10:22:42.000000,-7689.90814999988,-41081.55019587668,-48771.45834587662
2025-01-13T10:22:47.000000,-7689.90814999988,-41081.027985051944,-48770.93613505188
2025-01-13T10:22:52.000000,-7689.90814999988,-41091.5074242272,-48781.41557422714
2025-01-13T10:22:57.000000,-7689.90814999988,-41101.98686340246,-48791.8950134024
2025-01-13T10:23:02.000000,-7689.90814999988,-41101.5596000004,-48791.46775000034
2025-01-13T10:24:02.000000,-7689.90814999988,-41056.615969491926,-48746.52411949186
2025-01-13T10:24:07.000000,-7689.90814999988,-41011.67233898345,-48701.58048898339
2025-01-13T10:24:12.000000,-7689.90814999988,-40966.72870847498,-48656.636858474914
2025-01-13T10:24:17.000000,-7689.90814999988,-40921.7850779665,-48611.69322796644
2025-01-13T10:24:22.000000,-7689.90814999988,-40880.5867500004,-48570.49490000034
2025-01-13T10:25:22.000000,-7689.90814999988,-40853.3775000004,-48543.28565000034
2025-01-13T10:43:13.000000,-7689.90814999988,-40923.34339285755,-48613.251542857484
2025-01-13T10:45:48.000000,-7689.90814999988,-41024.31393571469,-48714.222085714624
2025-01-13T10:46:23.000000,-7689.90814999988,-41068.116885714684,-48758.02503571462
2025-01-13T10:47:53.000000,-7689.90814999988,-41046.1666000004,-48736.074750000334
2025-01-13T10:51:27.000000,-7689.90814999988,-41116.21368846193,-48806.12183846187
2025-01-13T10:51:32.000000,-7689.90814999988,-41186.26077692347,-48876.168926923405
2025-01-13T10:51:37.000000,-7689.90814999988,-41256.307865385,-48946.21601538494
2025-01-13T10:51:42.000000,-7689.90814999988,-41306.34150000039,-48996.249650000325
2025-01-13T10:52:17.000000,-7689.90814999988,-41341.70845129349,-49031.616601293426
2025-01-13T10:52:22.000000,-7689.90814999988,-41377.07540258659,-49066.98355258653
2025-01-13T10:52:27.000000,-7689.90814999988,-41412.44235387969,-49102.35050387963
2025-01-13T10:52:32.000000,-7689.90814999988,-41447.80930517279,-49137.71745517273
2025-01-13T10:52:37.000000,-7689.90814999988,-41483.17625646589,-49173.08440646583
2025-01-13T10:52:42.000000,-7689.90814999988,-41484.713950000376,-49174.62210000031
2025-01-13T10:56:22.000000,-7689.90814999988,-41405.46778050885,-49095.37593050879
2025-01-13T10:56:22.000000,-7689.90814999988,-41337.490726271564,-49027.3988762715
2025-01-13T10:56:27.000000,-7689.90814999988,-41258.24455678004,-48948.152706779976
2025-01-13T10:56:27.000000,-7689.90814999988,-41190.26750254275,-48880.17565254269
2025-01-13T10:56:32.000000,-7689.90814999988,-41099.01953305123,-48788.927683051166
2025-01-13T10:56:32.000000,-7689.90814999988,-41031.04247881394,-48720.95062881388
2025-01-13T10:56:37.000000,-7689.90814999988,-40939.79450932242,-48629.702659322356
2025-01-13T10:56:37.000000,-7689.90814999988,-40860.815805085134,-48550.72395508507
2025-01-13T10:56:42.000000,-7689.90814999988,-40766.17018305124,-48456.07833305118
2025-01-13T10:56:42.000000,-7689.90814999988,-40687.191478813955,-48377.09962881389
2025-01-13T10:56:47.000000,-7689.90814999988,-40658.4719500004,-48348.38010000034
2025-01-13T10:58:17.000000,-7689.90814999988,-40627.0546300004,-48316.962780000336
2025-01-13T10:58:22.000000,-7689.90814999988,-40595.6373100004,-48285.545460000336
2025-01-13T10:58:27.000000,-7689.90814999988,-40564.2199900004,-48254.128140000335
2025-01-13T10:58:32.000000,-7689.90814999988,-40532.8026700004,-48222.710820000335
2025-01-13T10:58:37.000000,-7689.90814999988,-40501.3853500004,-48191.293500000334
2025-01-13T11:17:07.000000,-7745.738179999882,-40501.3853500004,-48247.12353000034
2025-01-13T11:17:12.000000,-7791.574709999886,-40501.3853500004,-48292.96006000035
2025-01-13T11:17:17.000000,-7837.41123999989,-40501.3853500004,-48338.796590000355
2025-01-13T11:17:22.000000,-7873.254269999893,-40501.3853500004,-48374.63962000036
2025-01-13T11:17:27.000000,-7909.097299999896,-40501.3853500004,-48410.48265000036
2025-01-13T11:25:27.000000,-7909.097299999896,-40645.63657642897,-48554.73387642894
2025-01-13T11:25:32.000000,-7909.097299999896,-40789.88780285755,-48698.985102857514
2025-01-13T11:25:37.000000,-7909.097299999896,-40934.139029286125,-48843.23632928609
2025-01-13T11:25:42.000000,-7909.097299999896,-41056.3869557147,-48965.48425571466
2025-01-13T11:25:47.000000,-7909.097299999896,-41167.63323214327,-49076.730532143236
2025-01-13T11:25:52.000000,-7909.097299999896,-41267.87785857185,-49176.97515857181
2025-01-13T11:25:57.000000,-7909.097299999896,-41368.12248500042,-49277.21978500039
2025-01-13T11:26:02.000000,-7909.097299999896,-41457.365461429,-49366.462761428964
2025-01-13T11:26:07.000000,-7909.097299999896,-41535.60678785758,-49444.70408785754
2025-01-13T11:26:12.000000,-7909.097299999896,-41646.85306428615,-49555.95036428612
2025-01-13T11:26:17.000000,-7909.097299999896,-41758.099340714725,-49667.19664071469
2025-01-13T11:26:22.000000,-7909.097299999896,-41880.3472671433,-49789.44456714326
2025-01-13T11:26:27.000000,-7909.097299999896,-41969.25485000044,-49878.352150000406
2025-01-13T13:09:57.000000,-7909.097299999896,-41961.17260000044,-49870.26990000041
2025-01-13T13:21:22.000000,-7909.097299999896,-42019.86585000044,-49928.9631500004
2025-01-13T13:21:42.000000,-7909.097299999896,-42038.31230000044,-49947.40960000041
2025-01-13T13:21:57.000000,-7909.097299999896,-42076.88215000044,-49985.979450000406
2025-01-13T13:26:12.000000,-7909.097299999896,-42092.448550000445,-50001.54585000041
2025-01-13T13:26:17.000000,-7909.097299999896,-42131.018400000445,-50040.11570000041
2025-01-13T13:26:22.000000,-7909.097299999896,-42169.588250000445,-50078.68555000041
2025-01-13T13:26:27.000000,-7909.097299999896,-42208.158100000444,-50117.25540000041
2025-01-13T13:26:32.000000,-7909.097299999896,-42209.835050000445,-50118.93235000041
2025-01-13T13:48:07.000000,-7909.097299999896,-42221.11610169536,-50130.21340169533
2025-01-13T13:48:12.000000,-7909.097299999896,-42232.39715339028,-50141.494453390245
2025-01-13T13:48:17.000000,-7909.097299999896,-42266.681655085195,-50175.77895508516
2025-01-13T13:48:22.000000,-7909.097299999896,-42300.96615678011,-50210.06345678007
2025-01-13T13:48:27.000000,-7909.097299999896,-42335.25065847502,-50244.34795847499
2025-01-13T13:48:32.000000,-7909.097299999896,-42339.72255000045,-50248.819850000415
2025-01-13T13:54:47.000000,-7909.097299999896,-42444.735271011086,-50353.83257101105
2025-01-13T13:54:52.000000,-7909.097299999896,-42549.74799202172,-50458.84529202169
2025-01-13T13:54:57.000000,-7909.097299999896,-42654.76071303236,-50563.858013032324
2025-01-13T13:55:02.000000,-7909.097299999896,-42759.773434042996,-50668.87073404296
2025-01-13T13:55:07.000000,-7909.097299999896,-42864.78615505363,-50773.8834550536
2025-01-13T13:55:12.000000,-7909.097299999896,-42969.79887606427,-50878.896176064234
2025-01-13T13:55:17.000000,-7909.097299999896,-43074.811597074906,-50983.90889707487
2025-01-13T13:55:22.000000,-7909.097299999896,-43179.82431808554,-51088.92161808551
2025-01-13T13:55:27.000000,-7909.097299999896,-43198.08740000043,-51107.1847000004
2025-01-13T13:57:22.000000,-7909.097299999896,-43414.27991147584,-51323.3772114758
2025-01-13T13:57:27.000000,-7909.097299999896,-43630.47242295124,-51539.56972295121
2025-01-13T13:57:32.000000,-7909.097299999896,-43822.66133442665,-51731.75863442662
2025-01-13T13:57:37.000000,-7909.097299999896,-44014.85024590206,-51923.947545902025
2025-01-13T13:57:42.000000,-7909.097299999896,-44207.03915737747,-52116.13645737743
2025-01-13T13:57:47.000000,-7909.097299999896,-44223.05490000042,-52132.15220000038
2025-01-13T14:00:52.000000,-7815.792919999894,-44223.05490000042,-52038.84782000038
2025-01-13T14:00:57.000000,-7722.488539999893,-44223.05490000042,-51945.54344000038
2025-01-13T14:01:02.000000,-7629.184159999892,-44223.05490000042,-51852.23906000038
2025-01-13T14:01:07.000000,-7545.873279999892,-44223.05490000042,-51768.92818000038
2025-01-13T14:01:12.000000,-7545.873279999892,-44274.51377000042,-51820.38705000038
2025-01-13T14:01:12.000000,-7442.575399999889,-44274.51377000042,-51717.08917000038
2025-01-13T14:01:17.000000,-7442.575399999889,-44311.970540000424,-51754.54594000038
2025-01-13T14:01:22.000000,-7442.575399999889,-44349.42731000043,-51792.002710000386
2025-01-13T14:01:27.000000,-7442.575399999889,-44379.883030000434,-51822.45843000039
2025-01-13T14:01:32.000000,-7442.575399999889,-44410.33875000044,-51852.9141500004
2025-01-13T14:07:47.000000,-7466.86489999989,-44410.33875000044,-51877.203650000396
2025-01-13T14:09:07.000000,-7466.86489999989,-44431.54995992691,-51898.41485992687
2025-01-13T14:09:12.000000,-7466.86489999989,-44452.76116985338,-51919.62606985334
2025-01-13T14:09:17.000000,-7466.86489999989,-44473.97237977985,-51940.83727977981
2025-01-13T14:09:22.000000,-7466.86489999989,-44495.18358970632,-51962.04848970628
2025-01-13T14:09:27.000000,-7466.86489999989,-44516.39479963279,-51983.25969963275
2025-01-13T14:09:32.000000,-7466.86489999989,-44517.18040000044,-51984.0453000004
2025-01-13T14:12:47.000000,-7439.266255882244,-44517.18040000044,-51956.44665588275
2025-01-13T14:12:52.000000,-7411.6676117645975,-44517.18040000044,-51928.8480117651
2025-01-13T14:12:57.000000,-7395.061817646949,-44517.18040000044,-51912.24221764745
2025-01-13T14:13:02.000000,-7393.55219999989,-44517.18040000044,-51910.73260000039
2025-01-13T14:33:47.000000,-7393.55219999989,-44513.87161200044,-51907.42381200039
2025-01-13T14:33:52.000000,-7393.55219999989,-44531.56597400044,-51925.11817400039
2025-01-13T14:33:57.000000,-7393.55219999989,-44549.26033600044,-51942.81253600039
2025-01-13T14:34:02.000000,-7393.55219999989,-44559.953648000446,-51953.50584800039
2025-01-13T14:34:07.000000,-7393.55219999989,-44584.64906000045,-51978.201260000395
2025-01-13T14:34:12.000000,-7393.55219999989,-44609.34447200045,-52002.896672000395
2025-01-13T14:34:17.000000,-7393.55219999989,-44641.04093400045,-52034.593134000395
2025-01-13T14:34:22.000000,-7393.55219999989,-44645.56900000045,-52039.121200000394
2025-01-13T14:35:12.000000,-7393.55219999989,-44715.01016000045,-52108.5623600004
2025-01-13T14:35:17.000000,-7393.55219999989,-44784.45132000045,-52178.0035200004
2025-01-13T14:35:22.000000,-7393.55219999989,-44826.88843000045,-52220.4406300004
2025-01-13T14:35:27.000000,-7393.55219999989,-44869.32554000045,-52262.8777400004
2025-01-13T14:35:32.000000,-7393.55219999989,-44911.76265000045,-52305.314850000395
2025-01-13T14:42:02.000000,-7496.262910074517,-44911.76265000045,-52408.025560075024
2025-01-13T14:42:07.000000,-7598.973620149144,-44911.76265000045,-52510.73627014965
2025-01-13T14:42:12.000000,-7701.684330223771,-44911.76265000045,-52613.44698022428
2025-01-13T14:42:17.000000,-7804.395040298398,-44911.76265000045,-52716.15769029891
2025-01-13T14:42:22.000000,-7903.301649999891,-44911.76265000045,-52815.064300000406
2025-01-14T09:57:02.000000,-7903.301649999891,-44926.67767647104,-52829.979326470995
2025-01-14T09:57:07.000000,-7903.301649999891,-44941.59270294163,-52844.894352941585
2025-01-14T09:57:12.000000,-7903.301649999891,-44956.50772941222,-52859.809379412174
2025-01-14T09:57:17.000000,-7903.301649999891,-44994.4262058828,-52897.72785588276
2025-01-14T09:57:22.000000,-7903.301649999891,-45032.34468235339,-52935.646332353346
2025-01-14T09:57:27.000000,-7903.301649999891,-45231.28730882398,-53134.58895882394
2025-01-14T09:57:32.000000,-7903.301649999891,-45430.22993529457,-53333.53158529453
2025-01-14T09:57:37.000000,-7903.301649999891,-45606.16911176516,-53509.470761765115
2025-01-14T09:57:42.000000,-7903.301649999891,-45759.10483823575,-53662.406488235705
2025-01-14T09:57:47.000000,-7903.301649999891,-45950.319368235745,-53853.6210182357
2025-01-14T09:57:47.000000,-7903.301649999891,-46080.25164470634,-53983.5532947063
2025-01-14T09:57:52.000000,-7903.301649999891,-46278.46722470634,-54181.7688747063
2025-01-14T09:57:52.000000,-7903.301649999891,-46431.40295117693,-54334.70460117689
2025-01-14T09:57:57.000000,-7903.301649999891,-46629.61853117694,-54532.920181176894
2025-01-14T09:57:57.000000,-7903.301649999891,-46805.557707647524,-54708.85935764748
2025-01-14T09:58:02.000000,-7903.301649999891,-47003.77328764753,-54907.074937647485
2025-01-14T09:58:02.000000,-7903.301649999891,-47156.70901411812,-55060.010664118076
2025-01-14T09:58:07.000000,-7903.301649999891,-47347.923544118115,-55251.22519411807
2025-01-14T09:58:07.000000,-7903.301649999891,-47500.859270588706,-55404.16092058866
2025-01-14T09:58:12.000000,-7903.301649999891,-47653.794997059296,-55557.096647059254
2025-01-14T09:58:17.000000,-7903.301649999891,-47783.72727352989,-55687.02892352985
2025-01-14T09:58:22.000000,-7903.301649999891,-47823.62355000048,-55726.925200000434
2025-01-14T09:58:32.000000,-7903.301649999891,-47935.49098982349,-55838.79263982345
2025-01-14T09:58:37.000000,-7903.301649999891,-48047.358429646505,-55950.66007964646
2025-01-14T09:58:42.000000,-7903.301649999891,-48159.22586946952,-56062.52751946948
2025-01-14T09:58:47.000000,-7903.301649999891,-48249.09000929253,-56152.39165929249
2025-01-14T09:58:52.000000,-7903.301649999891,-48360.95744911554,-56264.2590991155
2025-01-14T09:58:57.000000,-7903.301649999891,-48382.2130000005,-56285.514650000456
2025-01-14T10:00:22.000000,-7903.301649999891,-48373.0792755107,-56276.38092551066
2025-01-14T10:00:27.000000,-7903.301649999891,-48353.94405102091,-56257.24570102087
2025-01-14T10:00:32.000000,-7903.301649999891,-48324.80732653112,-56228.108976531075
2025-01-14T10:00:37.000000,-7903.301649999891,-48275.66760204132,-56178.96925204128
2025-01-14T10:00:42.000000,-7903.301649999891,-48222.440500000506,-56125.742150000464
2025-01-14T10:05:47.000000,-7903.301649999891,-48314.351115069,-56217.65276506896
2025-01-14T10:05:52.000000,-7903.301649999891,-48406.2617301375,-56309.56338013746
2025-01-14T10:05:57.000000,-7903.301649999891,-48498.172345205996,-56401.47399520595
2025-01-14T10:06:02.000000,-7903.301649999891,-48518.15740000052,-56421.45905000048
2025-01-14T10:08:32.000000,-7882.040878448164,-48518.15740000052,-56400.19827844875
2025-01-14T10:08:37.000000,-7860.780106896437,-48518.15740000052,-56378.93750689702
2025-01-14T10:08:42.000000,-7850.512185344712,-48518.15740000052,-56368.66958534529
2025-01-14T10:08:47.000000,-7862.229963792986,-48518.15740000052,-56380.38736379357
2025-01-14T10:08:52.000000,-7862.954892241259,-48518.15740000052,-56381.11229224184
2025-01-14T10:08:57.000000,-7866.150649999879,-48518.15740000052,-56384.308050000465
2025-01-14T10:08:57.000000,-7866.150649999879,-48619.23389000052,-56485.384540000465
2025-01-14T10:09:02.000000,-7866.150649999879,-48735.312630000524,-56601.46328000047
2025-01-14T10:09:07.000000,-7866.150649999879,-48806.38462000053,-56672.53527000047
2025-01-14T10:09:12.000000,-7866.150649999879,-48877.45661000053,-56743.60726000048
2025-01-14T10:09:17.000000,-7866.150649999879,-48918.52410000053,-56784.67475000048
2025-01-14T10:12:57.000000,-7866.150649999879,-48995.95318333386,-56862.10383333381
2025-01-14T10:13:02.000000,-7866.150649999879,-49047.378366667195,-56913.52901666714
2025-01-14T10:13:07.000000,-7866.150649999879,-49098.80355000053,-56964.95420000047
2025-01-14T10:13:12.000000,-7866.150649999879,-49124.224833333865,-56990.37548333381
2025-01-14T10:13:17.000000,-7866.150649999879,-49149.6461166672,-57015.79676666715
2025-01-14T10:13:22.000000,-7866.150649999879,-49151.60160000053,-57017.75225000048
2025-01-14T10:18:57.000000,-7866.150649999879,-49201.14944352995,-57067.30009352989
2025-01-14T10:19:02.000000,-7866.150649999879,-49272.70058705936,-57138.8512370593
2025-01-14T10:19:07.000000,-7866.150649999879,-49344.25173058877,-57210.40238058871
2025-01-14T10:19:12.000000,-7866.150649999879,-49415.80287411818,-57281.95352411812
2025-01-14T10:19:17.000000,-7866.150649999879,-49465.35071764759,-57331.501367647536
2025-01-14T10:19:22.000000,-7866.150649999879,-49514.898561177004,-57381.04921117695
2025-01-14T10:19:27.000000,-7866.150649999879,-49564.44640470642,-57430.59705470636
2025-01-14T10:19:32.000000,-7866.150649999879,-49613.99424823583,-57480.144898235776
2025-01-14T10:19:37.000000,-7866.150649999879,-49663.542091765245,-57529.69274176519
2025-01-14T10:19:42.000000,-7866.150649999879,-49713.08993529466,-57579.2405852946
2025-01-14T10:19:47.000000,-7866.150649999879,-49762.63777882407,-57628.78842882402
2025-01-14T10:19:52.000000,-7866.150649999879,-49791.916050000546,-57658.06670000049
2025-01-14T10:23:57.000000,-7866.150649999879,-49828.80106822484,-57694.95171822479
2025-01-14T10:24:02.000000,-7866.150649999879,-49865.68608644914,-57731.836736449084
2025-01-14T10:24:07.000000,-7866.150649999879,-49881.56795467344,-57747.718604673384
2025-01-14T10:24:12.000000,-7866.150649999879,-49897.44982289774,-57763.600472897684
2025-01-14T10:24:17.000000,-7866.150649999879,-49934.334841122036,-57800.48549112198
2025-01-14T10:24:22.000000,-7866.150649999879,-49937.84770000054,-57803.99835000048
2025-01-14T10:26:42.000000,-7866.150649999879,-49945.81984000054,-57811.97049000049
2025-01-14T10:26:47.000000,-7866.150649999879,-49953.79198000055,-57819.94263000049
2025-01-14T10:26:52.000000,-7866.150649999879,-49961.76412000055,-57827.9147700005
2025-01-14T10:26:57.000000,-7866.150649999879,-49980.73791000056,-57846.8885600005
2025-01-14T10:27:02.000000,-7866.150649999879,-49999.71170000056,-57865.862350000505
2025-01-14T10:29:22.000000,-7866.150649999879,-49962.81036927139,-57828.96101927134
2025-01-14T10:29:27.000000,-7866.150649999879,-49905.90603854222,-57772.056688542165
2025-01-14T10:29:32.000000,-7866.150649999879,-49839.00020781306,-57705.150857813
2025-01-14T10:29:37.000000,-7866.150649999879,-49782.095877083884,-57648.24652708383
2025-01-14T10:29:42.000000,-7866.150649999879,-49715.19004635472,-57581.340696354666
2025-01-14T10:29:47.000000,-7866.150649999879,-49658.28571562555,-57524.43636562549
2025-01-14T10:29:52.000000,-7866.150649999879,-49601.38138489638,-57467.53203489632
2025-01-14T10:29:57.000000,-7866.150649999879,-49544.477054167204,-57410.62770416715
2025-01-14T10:30:02.000000,-7866.150649999879,-49467.569723438035,-57333.72037343798
2025-01-14T10:30:07.000000,-7866.150649999879,-49410.66539270886,-57276.81604270881
2025-01-14T10:30:12.000000,-7866.150649999879,-49373.764061979695,-57239.91471197964
2025-01-14T10:30:17.000000,-7866.150649999879,-49306.85823125053,-57173.00888125048
2025-01-14T10:30:22.000000,-7866.150649999879,-49239.95240052137,-57106.10305052131
2025-01-14T10:30:27.000000,-7866.150649999879,-49183.048069792196,-57049.19871979214
2025-01-14T10:30:32.000000,-7866.150649999879,-49116.14223906303,-56982.29288906298
2025-01-14T10:30:32.000000,-7866.150649999879,-49129.755516127254,-56995.9061661272
2025-01-14T10:30:37.000000,-7866.150649999879,-49062.84968539809,-56929.000335398036
2025-01-14T10:30:42.000000,-7866.150649999879,-48995.94385466893,-56862.09450466887
2025-01-14T10:30:47.000000,-7866.150649999879,-48929.038023939764,-56795.18867393971
2025-01-14T10:30:52.000000,-7866.150649999879,-48872.13369321059,-56738.28434321054
2025-01-14T10:30:57.000000,-7866.150649999879,-48858.75252706476,-56724.903177064705
2025-01-14T10:31:02.000000,-7866.150649999879,-48851.719842449376,-56717.87049244932
2025-01-14T10:31:07.000000,-7866.150649999879,-48837.68610783399,-56703.83675783394
2025-01-14T10:31:12.000000,-7866.150649999879,-48823.65237321861,-56689.803023218556
2025-01-14T10:31:17.000000,-7866.150649999879,-48802.61758860323,-56668.768238603174
2025-01-14T10:31:22.000000,-7866.150649999879,-48781.58280398785,-56647.73345398779
2025-01-14T10:31:27.000000,-7866.150649999879,-48753.54696937246,-56619.697619372404
2025-01-14T10:31:32.000000,-7866.150649999879,-48725.51113475707,-56591.661784757016
2025-01-14T10:31:37.000000,-7866.150649999879,-48704.47635014169,-56570.627000141634
2025-01-14T10:31:42.000000,-7866.150649999879,-48690.442615526306,-56556.59326552625
2025-01-14T10:31:47.000000,-7866.150649999879,-48684.43267706477,-56550.58332706471
2025-01-14T10:34:32.000000,-7866.150649999879,-48669.23601559688,-56535.38666559682
2025-01-14T10:34:37.000000,-7866.150649999879,-48654.03935412899,-56520.190004128934
2025-01-14T10:34:42.000000,-7866.150649999879,-48639.53345000055,-56505.68410000049
2025-01-14T10:40:47.000000,-7866.150649999879,-48504.100700000556,-56370.2513500005
2025-01-14T10:42:17.000000,-7866.150649999879,-48408.51499423132,-56274.66564423127
2025-01-14T10:42:22.000000,-7866.150649999879,-48312.92928846209,-56179.07993846203
2025-01-14T10:42:27.000000,-7866.150649999879,-48261.350182692855,-56127.5008326928
2025-01-14T10:42:32.000000,-7866.150649999879,-48209.77107692362,-56075.92172692357
2025-01-14T10:42:32.000000,-7895.119310377238,-48209.77107692362,-56104.890387300926
2025-01-14T10:42:37.000000,-7895.119310377238,-48147.19032115439,-56042.309631531694
2025-01-14T10:42:42.000000,-7895.119310377238,-48095.61121538516,-55990.73052576246
2025-01-14T10:42:47.000000,-7895.119310377238,-48055.03375961592,-55950.15306999323
2025-01-14T10:42:52.000000,-7895.119310377238,-48051.344900000535,-55946.46421037784
2025-01-14T10:47:12.000000,-7813.147631131957,-48051.344900000535,-55864.49253113256
2025-01-14T10:47:12.000000,-7843.554431131956,-48051.344900000535,-55894.899331132554
2025-01-14T10:47:17.000000,-7751.589251886677,-48051.344900000535,-55802.934151887275
2025-01-14T10:47:22.000000,-7659.624072641397,-48051.344900000535,-55710.968972642
2025-01-14T10:47:27.000000,-7557.665393396116,-48051.344900000535,-55609.010293396714
2025-01-14T10:47:32.000000,-7476.098449999891,-48051.344900000535,-55527.44335000049
2025-01-14T10:48:22.000000,-7447.735969512088,-48051.344900000535,-55499.08086951268
2025-01-14T10:51:57.000000,-7366.543896341356,-48051.344900000535,-55417.888796341955
2025-01-14T10:52:02.000000,-7276.3576731706235,-48051.344900000535,-55327.70257317122
2025-01-14T10:52:07.000000,-7186.171449999891,-48051.344900000535,-55237.516350000486
2025-01-14T10:54:27.000000,-7201.742649999891,-48051.344900000535,-55253.087550000484
2025-01-14T10:54:32.000000,-7217.313849999891,-48051.344900000535,-55268.65875000048
2025-01-14T10:54:37.000000,-7232.885049999892,-48051.344900000535,-55284.22995000048
2025-01-14T10:54:42.000000,-7248.456249999892,-48051.344900000535,-55299.80115000048
2025-01-14T10:54:47.000000,-7240.043049999888,-48051.344900000535,-55291.38795000048
2025-01-14T10:54:52.000000,-7238.991399999888,-48051.344900000535,-55290.336300000476
2025-01-14T10:56:07.000000,-7186.775715624889,-48051.344900000535,-55238.12061562548
2025-01-14T10:56:12.000000,-7122.56783124989,-48051.344900000535,-55173.91273125048
2025-01-14T10:56:17.000000,-7058.359946874892,-48051.344900000535,-55109.70484687548
2025-01-14T10:56:22.000000,-6994.152062499893,-48051.344900000535,-55045.49696250048
2025-01-14T10:56:27.000000,-6923.948078124893,-48051.344900000535,-54975.29297812548
2025-01-14T10:56:32.000000,-6888.554549999893,-48051.344900000535,-54939.89945000048
2025-01-14T10:57:17.000000,-6888.554549999893,-48002.00300384669,-54890.55755384663
2025-01-14T10:57:17.000000,-6751.321806122339,-48002.00300384669,-54753.324809969075
2025-01-14T10:57:22.000000,-6751.321806122339,-47995.03205000053,-54746.35385612292
2025-01-14T10:57:22.000000,-6614.089062244784,-47995.03205000053,-54609.12111224537
2025-01-14T10:57:27.000000,-6476.8563183672295,-47995.03205000053,-54471.888368367814
2025-01-14T10:57:32.000000,-6357.611874489678,-47995.03205000053,-54352.643924490265
2025-01-14T10:57:37.000000,-6247.361580612124,-47995.03205000053,-54242.393630612714
2025-01-14T10:57:42.000000,-6194.364049999879,-47995.03205000053,-54189.39610000047
2025-01-14T11:01:02.000000,-6194.364049999879,-48031.2995544123,-54225.663604412235
2025-01-14T11:05:42.000000,-6194.364049999879,-48046.563908824064,-54240.927958824
2025-01-14T11:05:47.000000,-6194.364049999879,-48068.82931323583,-54263.19336323577
2025-01-14T11:05:52.000000,-6194.364049999879,-48091.0947176476,-54285.458767647535
2025-01-14T11:05:57.000000,-6194.364049999879,-48116.180250000536,-54310.544300000474
2025-01-14T11:11:27.000000,-6181.880935950293,-48116.180250000536,-54298.061185950886
2025-01-14T11:11:32.000000,-6169.397821900707,-48116.180250000536,-54285.5780719013
2025-01-14T11:11:37.000000,-6156.9147078511205,-48116.180250000536,-54273.09495785171
2025-01-14T11:11:42.000000,-6144.431593801534,-48116.180250000536,-54260.61184380212
2025-01-14T11:11:47.000000,-6131.948479751948,-48116.180250000536,-54248.128729752534
2025-01-14T11:11:52.000000,-6131.428349999882,-48116.180250000536,-54247.608600000465
2025-01-14T11:13:32.000000,-6131.428349999882,-48140.77600161344,-54272.20435161337
2025-01-14T11:13:37.000000,-6131.428349999882,-48153.36995322635,-54284.79830322628
2025-01-14T11:13:42.000000,-6131.428349999882,-48183.966604839254,-54315.39495483918
2025-01-14T11:13:47.000000,-6131.428349999882,-48238.56685645216,-54369.99520645209
2025-01-14T11:13:52.000000,-6131.428349999882,-48299.16800806507,-54430.596358065
2025-01-14T11:13:57.000000,-6131.428349999882,-48313.26880000055,-54444.69715000048
2025-01-14T11:15:02.000000,-6131.428349999882,-48347.86191062002,-54479.29026061995
2025-01-14T11:15:17.000000,-6131.428349999882,-48397.786462062424,-54529.21481206235
2025-01-14T11:15:52.000000,-6251.696711240193,-48397.786462062424,-54649.483173302666
2025-01-14T11:15:57.000000,-6251.696711240193,-48348.69616350483,-54600.39287474507
2025-01-14T11:15:57.000000,-6345.981972480504,-48348.69616350483,-54694.67813598538
2025-01-14T11:16:02.000000,-6345.981972480504,-48299.60586494723,-54645.58783742778
2025-01-14T11:16:02.000000,-6440.267233720815,-48299.60586494723,-54739.87309866809
2025-01-14T11:16:07.000000,-6440.267233720815,-48272.51886638963,-54712.78610011049
2025-01-14T11:16:07.000000,-6534.552494961126,-48272.51886638963,-54807.0713613508
2025-01-14T11:16:12.000000,-6534.552494961126,-48256.43351783203,-54790.9860127932
2025-01-14T11:16:12.000000,-6625.211399999886,-48256.43351783203,-54881.64491783196
2025-01-14T11:16:17.000000,-6625.211399999886,-48240.34816927443,-54865.55956927436
2025-01-14T11:16:22.000000,-6625.211399999886,-48213.26117071683,-54838.47257071676
2025-01-14T11:16:27.000000,-6625.211399999886,-48208.17747215924,-54833.388872159165
2025-01-14T11:16:32.000000,-6625.211399999886,-48203.09377360164,-54828.30517360157
2025-01-14T11:16:37.000000,-6625.211399999886,-48187.00842504404,-54812.21982504397
2025-01-14T11:16:42.000000,-6625.211399999886,-48192.926376486444,-54818.13777648637
2025-01-14T11:16:47.000000,-6625.211399999886,-48196.154350000485,-54821.36575000041
2025-01-14T11:17:42.000000,-6625.211399999886,-48130.86402042302,-54756.075420422945
2025-01-14T11:17:47.000000,-6625.211399999886,-48065.57369084555,-54690.78509084548
2025-01-14T11:17:52.000000,-6625.211399999886,-48000.283361268084,-54625.49476126801
2025-01-14T11:17:57.000000,-6625.211399999886,-47985.44465000048,-54610.656050000405
2025-01-14T11:19:37.000000,-6652.001409999883,-47985.44465000048,-54637.4460600004
2025-01-14T11:19:42.000000,-6666.426799999882,-47985.44465000048,-54651.8714500004
2025-01-14T11:29:07.000000,-6773.97759411753,-47985.44465000048,-54759.42224411805
2025-01-14T11:29:12.000000,-6881.528388235179,-47985.44465000048,-54866.973038235694
2025-01-14T11:29:17.000000,-6999.072682352828,-47985.44465000048,-54984.517332353345
2025-01-14T11:29:22.000000,-7126.610476470476,-47985.44465000048,-55112.055126470994
2025-01-14T11:29:27.000000,-7244.154770588126,-47985.44465000048,-55229.599420588645
2025-01-14T11:29:32.000000,-7254.909849999891,-47985.44465000048,-55240.35450000041
2025-01-14T11:29:57.000000,-7302.612801470477,-47985.44465000048,-55288.057451470995
2025-01-14T11:30:02.000000,-7350.315752941064,-47985.44465000048,-55335.76040294158
2025-01-14T11:30:07.000000,-7398.01870441165,-47985.44465000048,-55383.46335441217
2025-01-14T11:30:12.000000,-7445.7216558822365,-47985.44465000048,-55431.166305882754
2025-01-14T11:30:17.000000,-7486.609899999882,-47985.44465000048,-55472.0545500004
2025-01-14T13:03:37.000000,-7477.251428124882,-47985.44465000048,-55462.6960781254
2025-01-14T13:03:42.000000,-7467.892956249882,-47985.44465000048,-55453.3376062504
2025-01-14T13:03:47.000000,-7452.538384374884,-47985.44465000048,-55437.98303437541
2025-01-14T13:03:52.000000,-7437.183812499886,-47985.44465000048,-55422.62846250041
2025-01-14T13:03:57.000000,-7427.825340624886,-47985.44465000048,-55413.26999062541
2025-01-14T13:04:02.000000,-7420.708449999886,-47985.44465000048,-55406.15310000041
2025-01-14T13:13:12.000000,-7420.708449999886,-48025.82712500048,-55446.53557500041
2025-01-14T13:13:17.000000,-7420.708449999886,-48059.208550000476,-55479.91700000041
2025-01-14T13:13:22.000000,-7420.708449999886,-48106.59207500048,-55527.30052500041
2025-01-14T13:13:27.000000,-7420.708449999886,-48126.899300000485,-55547.60775000042
2025-01-14T13:16:27.000000,-7420.708449999886,-48182.402605068055,-55603.11105506799
2025-01-14T13:16:32.000000,-7420.708449999886,-48237.905910135625,-55658.61436013556
2025-01-14T13:16:37.000000,-7420.708449999886,-48293.409215203195,-55714.11766520313
2025-01-14T13:16:42.000000,-7420.708449999886,-48348.912520270766,-55769.6209702707
2025-01-14T13:16:47.000000,-7420.708449999886,-48383.41267533833,-55804.121125338264
2025-01-14T13:16:52.000000,-7420.708449999886,-48438.9159804059,-55859.624430405835
2025-01-14T13:16:57.000000,-7420.708449999886,-48494.41928547347,-55915.127735473405
2025-01-14T13:17:02.000000,-7420.708449999886,-48497.0623000005,-55917.77075000043
2025-01-14T13:22:57.000000,-7418.012815384503,-48497.0623000005,-55915.07511538505
2025-01-14T13:23:02.000000,-7425.31068076912,-48497.0623000005,-55922.372980769665
2025-01-14T13:23:07.000000,-7442.602046153736,-48497.0623000005,-55939.664346154284
2025-01-14T13:23:12.000000,-7469.886911538354,-48497.0623000005,-55966.9492115389
2025-01-14T13:23:17.000000,-7497.171776922972,-48497.0623000005,-55994.234076923516
2025-01-14T13:23:22.000000,-7504.627449999894,-48497.0623000005,-56001.68975000044
2025-01-14T13:29:37.000000,-7457.68417807007,-48497.0623000005,-55954.746478070614
2025-01-14T13:29:42.000000,-7410.740906140245,-48497.0623000005,-55907.80320614079
2025-01-14T13:29:47.000000,-7363.79763421042,-48497.0623000005,-55860.85993421096
2025-01-14T13:29:52.000000,-7316.8543622805955,-48497.0623000005,-55813.91666228113
2025-01-14T13:29:57.000000,-7258.918240350773,-48497.0623000005,-55755.98054035131
2025-01-14T13:30:02.000000,-7250.383099999895,-48497.0623000005,-55747.44540000043
2025-01-14T13:34:02.000000,-7250.383099999895,-48538.9055500005,-55789.28865000043
2025-01-14T13:34:07.000000,-7250.383099999895,-48567.63446764756,-55818.01756764749
2025-01-14T13:35:32.000000,-7250.383099999895,-48741.97160000051,-55992.35470000044
2025-01-14T13:43:12.000000,-7250.383099999895,-48730.720565000505,-55981.10366500044
2025-01-14T13:43:17.000000,-7250.383099999895,-48729.4704500005,-55979.85355000044
2025-01-14T13:48:37.000000,-6930.789149999894,-48729.4704500005,-55660.259600000434
2025-01-14T13:48:52.000000,-6536.27249999989,-48729.4704500005,-55265.74295000043
2025-01-14T13:51:57.000000,-6469.271688888776,-48729.4704500005,-55198.74213888931
2025-01-14T13:52:02.000000,-6381.284527777662,-48729.4704500005,-55110.7549777782
2025-01-14T13:52:07.000000,-6293.297366666548,-48729.4704500005,-55022.76781666708
2025-01-14T13:52:12.000000,-6205.310205555435,-48729.4704500005,-54934.780655555965
2025-01-14T13:52:17.000000,-6117.323044444321,-48729.4704500005,-54846.79349444485
2025-01-14T13:52:22.000000,-6104.753449999876,-48729.4704500005,-54834.223900000405
2025-01-14T13:54:22.000000,-6162.253065189749,-48729.4704500005,-54891.72351519028
2025-01-14T13:54:27.000000,-6203.763080379622,-48729.4704500005,-54933.23353038015
2025-01-14T13:54:32.000000,-6261.262695569495,-48729.4704500005,-54990.733145570026
2025-01-14T13:54:37.000000,-6318.762310759368,-48729.4704500005,-55048.2327607599
2025-01-14T13:54:42.000000,-6342.687699999875,-48729.4704500005,-55072.1581500004
2025-01-14T13:59:27.000000,-6345.065704999876,-48729.4704500005,-55074.5361550004
2025-01-14T13:59:32.000000,-6375.425509999877,-48729.4704500005,-55104.8959600004
2025-01-14T13:59:37.000000,-6401.448199999878,-48729.4704500005,-55130.9186500004
2025-01-14T14:03:07.000000,-6401.448199999878,-48773.1058812505,-55174.5540812504
2025-01-14T14:03:12.000000,-6401.448199999878,-48822.7422125005,-55224.1904125004
2025-01-14T14:03:17.000000,-6401.448199999878,-48866.3776437505,-55267.8258437504
2025-01-14T14:03:22.000000,-6401.448199999878,-48916.013975000504,-55317.4621750004
2025-01-14T14:03:27.000000,-6401.448199999878,-48965.65030625051,-55367.098506250404
2025-01-14T14:03:32.000000,-6401.448199999878,-48982.19575000051,-55383.643950000405
2025-01-14T14:03:32.000000,-6401.448199999878,-49379.7010500005,-55781.149250000395
2025-01-14T14:06:47.000000,-5960.8341999998875,-49379.7010500005,-55340.5352500004
2025-01-14T14:07:12.000000,-6129.903699999863,-49379.7010500005,-55509.60475000038
2025-01-14T14:08:52.000000,-6129.903699999863,-49355.390480769725,-55485.294180769604
2025-01-14T14:08:57.000000,-6129.903699999863,-49331.07991153895,-55460.98361153883
2025-01-14T14:09:02.000000,-6129.903699999863,-49320.771442308185,-55450.675142308064
2025-01-14T14:09:07.000000,-6129.903699999863,-49338.46717307741,-55468.37087307729
2025-01-14T14:09:12.000000,-6129.903699999863,-49342.160803846644,-55472.06450384652
2025-01-14T14:09:17.000000,-6129.903699999863,-49359.85653461587,-55489.76023461575
2025-01-14T14:09:22.000000,-6129.903699999863,-49377.5522653851,-55507.45596538498
2025-01-14T14:09:27.000000,-6129.903699999863,-49381.24589615433,-55511.14959615421
2025-01-14T14:09:32.000000,-6129.903699999863,-49370.93742692356,-55500.84112692344
2025-01-14T14:09:37.000000,-6129.903699999863,-49360.628957692796,-55490.532657692675
2025-01-14T14:09:42.000000,-6129.903699999863,-49361.420450000485,-55491.324150000364
2025-01-14T14:23:27.000000,-6145.6860999998635,-49361.420450000485,-55507.10655000036
2025-01-14T14:23:32.000000,-6161.4684999998635,-49361.420450000485,-55522.88895000036
2025-01-14T14:23:37.000000,-6177.250899999864,-49361.420450000485,-55538.67135000035
2025-01-14T14:23:42.000000,-6192.375699999863,-49361.420450000485,-55553.79615000035
2025-01-14T14:29:27.000000,-6201.478037499864,-49361.420450000485,-55562.89848750035
2025-01-14T14:32:12.000000,-6234.089537499864,-49361.420450000485,-55595.50998750035
2025-01-14T14:34:17.000000,-6288.374250861932,-49361.420450000485,-55649.79470086242
2025-01-14T14:34:22.000000,-6342.658964224,-49361.420450000485,-55704.079414224485
2025-01-14T14:34:27.000000,-6403.939127586066,-49361.420450000485,-55765.359577586554
2025-01-14T14:34:32.000000,-6472.214740948134,-49361.420450000485,-55833.63519094862
2025-01-14T14:34:37.000000,-6482.967749999858,-49361.420450000485,-55844.38820000034
2025-01-14T14:35:17.000000,-6546.058578070031,-49361.420450000485,-55907.47902807051
2025-01-14T14:35:17.000000,-6557.282438070031,-49361.420450000485,-55918.70288807051
2025-01-14T14:35:22.000000,-6620.373266140205,-49361.420450000485,-55981.79371614068
2025-01-14T14:35:27.000000,-6683.464094210378,-49361.420450000485,-56044.88454421085
2025-01-14T14:35:32.000000,-6746.554922280551,-49361.420450000485,-56107.97537228102
2025-01-14T14:35:37.000000,-6820.638600350726,-49361.420450000485,-56182.05905035119
2025-01-14T14:35:42.000000,-6834.108359999848,-49361.420450000485,-56195.528810000316
2025-01-14T14:40:12.000000,-6809.8809760604545,-49361.420450000485,-56171.30142606092
2025-01-14T14:40:17.000000,-6785.653592121061,-49361.420450000485,-56147.07404212152
2025-01-14T14:40:22.000000,-6768.421658181667,-49361.420450000485,-56129.84210818213
2025-01-14T14:40:27.000000,-6744.194274242273,-49361.420450000485,-56105.61472424273
2025-01-14T14:40:32.000000,-6726.888999999849,-49361.420450000485,-56088.309450000306
2025-01-14T14:41:52.000000,-6672.195239999849,-49361.420450000485,-56033.615690000304
2025-01-14T14:41:57.000000,-6617.501479999849,-49361.420450000485,-55978.9219300003
2025-01-14T14:42:02.000000,-6562.807719999849,-49361.420450000485,-55924.2281700003
2025-01-14T14:42:07.000000,-6508.113959999849,-49361.420450000485,-55869.5344100003
2025-01-14T14:42:12.000000,-6453.420199999849,-49361.420450000485,-55814.8406500003
2025-01-14T14:43:12.000000,-6389.297672727121,-49361.420450000485,-55750.718122727565
2025-01-14T14:43:17.000000,-6325.175145454393,-49361.420450000485,-55686.59559545483
2025-01-14T14:43:22.000000,-6267.048718181666,-49361.420450000485,-55628.469168182106
2025-01-14T14:43:27.000000,-6208.922290908939,-49361.420450000485,-55570.34274090938
2025-01-14T14:43:32.000000,-6156.791963636211,-49361.420450000485,-55518.21241363665
2025-01-14T14:43:37.000000,-6130.726799999847,-49361.420450000485,-55492.147250000286
2025-01-14T14:44:32.000000,-6073.530941176316,-49361.420450000485,-55434.95139117676
2025-01-14T14:44:37.000000,-6036.337099999847,-49361.420450000485,-55397.757550000286
2025-01-15T09:48:52.000000,-6036.337099999847,-49434.89886907563,-55471.23596907543
2025-01-15T09:49:02.000000,-6036.337099999847,-49607.611635805915,-55643.948735805716
2025-01-15T09:50:17.000000,-6036.337099999847,-49621.41490672852,-55657.75200672832
2025-01-15T09:50:22.000000,-6036.337099999847,-49635.21817765112,-55671.55527765092
2025-01-15T09:50:27.000000,-6036.337099999847,-49668.02429857372,-55704.36139857352
2025-01-15T09:50:32.000000,-6036.337099999847,-49700.83041949632,-55737.16751949612
2025-01-15T09:50:37.000000,-6036.337099999847,-49752.63939041892,-55788.97649041872
2025-01-15T09:50:42.000000,-6036.337099999847,-49842.454061341516,-55878.791161341316
2025-01-15T09:50:47.000000,-6036.337099999847,-49894.26303226411,-55930.60013226391
2025-01-15T09:50:52.000000,-6036.337099999847,-49927.06915318671,-55963.40625318651
2025-01-15T09:50:57.000000,-6036.337099999847,-49978.87812410931,-56015.21522410911
2025-01-15T09:51:02.000000,-6036.337099999847,-50030.687095031906,-56067.02419503171
2025-01-15T09:51:07.000000,-6036.337099999847,-50082.4960659545,-56118.833165954304
2025-01-15T09:51:12.000000,-6036.337099999847,-50134.3050368771,-56170.6421368769
2025-01-15T09:51:17.000000,-6036.337099999847,-50167.1111577997,-56203.4482577995
2025-01-15T09:51:22.000000,-6036.337099999847,-50199.9172787223,-56236.2543787221
2025-01-15T09:51:27.000000,-6036.337099999847,-50232.7233996449,-56269.0604996447
2025-01-15T09:51:32.000000,-6036.337099999847,-50265.5295205675,-56301.8666205673
2025-01-15T09:51:37.000000,-6036.337099999847,-50272.79440000045,-56309.13150000025
2025-01-15T09:55:02.000000,-6036.337099999847,-50153.343118750454,-56189.680218750254
2025-01-15T09:55:02.000000,-5996.585989880797,-50153.343118750454,-56149.92910863121
2025-01-15T09:55:07.000000,-5996.585989880797,-50018.88958750045,-56015.47557738121
2025-01-15T09:55:07.000000,-5871.8901297617485,-50018.88958750045,-55890.77971726216
2025-01-15T09:55:12.000000,-5871.8901297617485,-49914.440556250454,-55786.33068601216
2025-01-15T09:55:12.000000,-5764.1832196427,-49914.440556250454,-55678.62377589311
2025-01-15T09:55:17.000000,-5764.1832196427,-49809.991525000456,-55574.17474464311
2025-01-15T09:55:17.000000,-5622.498409523652,-49809.991525000456,-55432.48993452406
2025-01-15T09:55:22.000000,-5622.498409523652,-49720.544743750455,-55343.04315327406
2025-01-15T09:55:22.000000,-5457.168799999843,-49720.544743750455,-55177.71354375025
2025-01-15T09:55:27.000000,-5457.168799999843,-49630.02225000045,-55087.19105000025
2025-01-15T10:06:37.000000,-5528.860916525274,-49630.02225000045,-55158.88316652568
2025-01-15T10:06:37.000000,-5528.860916525274,-50920.91855588281,-56449.77947240804
2025-01-15T10:06:42.000000,-5601.027722033753,-50920.91855588281,-56521.94627791652
2025-01-15T10:07:02.000000,-5647.998419067656,-50920.91855588281,-56568.91697495042
2025-01-15T10:07:07.000000,-5675.981466101556,-50920.91855588281,-56596.90002198432
2025-01-15T10:07:12.000000,-5678.927049999861,-50920.91855588281,-56599.84560588263
2025-01-15T10:07:47.000000,-5678.927049999861,-51093.205021429036,-56772.13207142885
2025-01-15T10:08:12.000000,-5678.927049999861,-50808.488103361815,-56487.41515336163
2025-01-15T10:08:32.000000,-5778.278435585451,-50808.488103361815,-56586.766538947224
2025-01-15T10:08:37.000000,-5816.961278378246,-50808.488103361815,-56625.44938174002
2025-01-15T10:09:27.000000,-5816.961278378246,-50704.60283613493,-56521.56411451314
2025-01-15T10:09:32.000000,-5816.961278378246,-50620.720568908044,-56437.68184728625
2025-01-15T10:09:37.000000,-5816.961278378246,-50546.839801681155,-56363.80108005936
2025-01-15T10:09:42.000000,-5816.961278378246,-50452.95603445426,-56269.91731283247
2025-01-15T10:09:42.000000,-5872.341263963837,-50452.95603445426,-56325.29729841806
2025-01-15T10:09:47.000000,-5872.341263963837,-50389.07676722737,-56261.41803119117
2025-01-15T10:09:47.000000,-5927.721249549429,-50389.07676722737,-56316.79801677676
2025-01-15T10:09:52.000000,-5927.721249549429,-50325.19750000048,-56252.91874954987
2025-01-15T10:09:52.000000,-5983.10123513502,-50325.19750000048,-56308.29873513546
2025-01-15T10:09:57.000000,-6013.308499999888,-50325.19750000048,-56338.50600000033
2025-01-15T10:14:37.000000,-6024.636974193437,-50325.19750000048,-56349.83447419388
2025-01-15T10:14:42.000000,-6035.965448386985,-50325.19750000048,-56361.16294838743
2025-01-15T10:14:47.000000,-6047.293922580534,-50325.19750000048,-56372.49142258098
2025-01-15T10:14:52.000000,-6022.645796774081,-50325.19750000048,-56347.843296774525
2025-01-15T10:14:57.000000,-5980.009370967628,-50325.19750000048,-56305.206870968075
2025-01-15T10:15:02.000000,-5972.903299999885,-50325.19750000048,-56298.100800000335
2025-01-15T10:17:47.000000,-5914.0188464284565,-50325.19750000048,-56239.216346428904
2025-01-15T10:17:52.000000,-5855.134392857028,-50325.19750000048,-56180.33189285747
2025-01-15T10:17:57.000000,-5752.278539285599,-50325.19750000048,-56077.47603928605
2025-01-15T10:18:02.000000,-5649.422685714171,-50325.19750000048,-55974.62018571462
2025-01-15T10:18:07.000000,-5524.581132142744,-50325.19750000048,-55849.77863214319
2025-01-15T10:18:12.000000,-5513.231899999887,-50325.19750000048,-55838.429400000336
2025-01-15T10:19:52.000000,-4999.437199999884,-50325.19750000048,-55324.63470000033
2025-01-15T10:36:47.000000,-5001.133137499885,-50325.19750000048,-55326.33063750033
2025-01-15T10:36:52.000000,-5002.829074999887,-50325.19750000048,-55328.02657500033
2025-01-15T10:36:57.000000,-5014.518512499887,-50325.19750000048,-55339.71601250033
2025-01-15T10:37:02.000000,-5036.201449999889,-50325.19750000048,-55361.39895000033
2025-01-15T10:37:07.000000,-5047.890887499889,-50325.19750000048,-55373.08838750033
2025-01-15T10:37:12.000000,-5049.58682499989,-50325.19750000048,-55374.78432500033
2025-01-15T10:37:17.000000,-5051.282762499892,-50325.19750000048,-55376.48026250033
2025-01-15T10:37:22.000000,-5062.972199999892,-50325.19750000048,-55388.169700000326
2025-01-15T10:40:02.000000,-5062.972199999892,-50334.99346326579,-55397.96566326563
2025-01-15T10:42:17.000000,-5062.972199999892,-50348.98476326579,-55411.956963265635
2025-01-15T10:42:22.000000,-5062.972199999892,-50368.97696326579,-55431.949163265635
2025-01-15T10:42:27.000000,-5062.972199999892,-50388.96916326579,-55451.941363265636
2025-01-15T10:42:32.000000,-5062.972199999892,-50414.96226326579,-55477.934463265636
2025-01-15T10:42:37.000000,-5062.972199999892,-50440.95536326579,-55503.927563265635
2025-01-15T10:42:42.000000,-5062.972199999892,-50453.95191326579,-55516.92411326563
2025-01-15T10:44:17.000000,-5144.927499999892,-50453.95191326579,-55598.87941326563
2025-01-15T10:44:22.000000,-5243.87174999989,-50453.95191326579,-55697.82366326563
2025-01-15T10:44:27.000000,-5342.815999999889,-50453.95191326579,-55796.767913265634
2025-01-15T10:44:32.000000,-5441.7602499998875,-50453.95191326579,-55895.712163265634
2025-01-15T10:44:37.000000,-5441.7602499998875,-50620.014430612726,-56061.77468061257
2025-01-15T10:44:37.000000,-5544.054249999886,-50620.014430612726,-56164.068680612574
2025-01-15T10:44:42.000000,-5544.054249999886,-50777.07559795966,-56321.129847959506
2025-01-15T10:44:47.000000,-5544.054249999886,-50925.13541530659,-56469.18966530644
2025-01-15T10:44:52.000000,-5544.054249999886,-51064.193882653526,-56608.248132653374
2025-01-15T10:44:57.000000,-5544.054249999886,-51221.25505000046,-56765.30930000031
2025-01-15T10:48:22.000000,-5544.054249999886,-51258.60555000046,-56802.65980000031
2025-01-15T10:48:32.000000,-5544.054249999886,-51322.69699218796,-56866.751242187805
2025-01-15T10:52:27.000000,-5544.054249999886,-51323.26375000046,-56867.318000000305
2025-01-15T10:57:27.000000,-5544.054249999886,-51298.559061538916,-56842.613311538764
2025-01-15T11:02:22.000000,-5544.054249999886,-51648.31404083756,-57192.3682908374
2025-01-15T11:02:27.000000,-5544.054249999886,-51989.0676701362,-57533.12192013604
2025-01-15T11:02:32.000000,-5544.054249999886,-52320.819949434845,-57864.874199434686
2025-01-15T11:02:37.000000,-5544.054249999886,-52571.848450000456,-58115.9027000003
2025-01-15T11:05:57.000000,-5544.054249999886,-52666.51610982189,-58210.57035982173
2025-01-15T11:06:02.000000,-5544.054249999886,-52750.18211964332,-58294.236369643164
2025-01-15T11:06:07.000000,-5544.054249999886,-52833.84812946476,-58377.9023794646
2025-01-15T11:06:12.000000,-5544.054249999886,-52906.512489286186,-58450.56673928603
2025-01-15T11:06:17.000000,-5544.054249999886,-52979.176849107615,-58523.231099107456
2025-01-15T11:06:22.000000,-5544.054249999886,-52985.78270000047,-58529.83695000031
2025-01-15T11:11:47.000000,-5544.054249999886,-53179.44680000047,-58723.50105000031
2025-01-15T13:23:32.000000,-5536.6845526314655,-53179.44680000047,-58716.13135263189
2025-01-15T13:23:37.000000,-5538.309005263046,-53179.44680000047,-58717.75580526347
2025-01-15T13:23:42.000000,-5539.933457894626,-53179.44680000047,-58719.38025789505
2025-01-15T13:23:47.000000,-5550.552060526205,-53179.44680000047,-58729.998860526626
2025-01-15T13:23:52.000000,-5561.1706631577845,-53179.44680000047,-58740.6174631582
2025-01-15T13:23:57.000000,-5571.7892657893635,-53179.44680000047,-58751.23606578978
2025-01-15T13:24:02.000000,-5578.32684999989,-53179.44680000047,-58757.77365000031
2025-01-15T13:30:57.000000,-5578.32684999989,-53173.64804000047,-58751.97489000031
2025-01-15T13:31:02.000000,-5578.32684999989,-53167.849280000475,-58746.17613000031
2025-01-15T13:31:07.000000,-5578.32684999989,-53184.053820000474,-58762.38067000031
2025-01-15T13:31:12.000000,-5578.32684999989,-53200.25836000047,-58778.58521000031
2025-01-15T13:31:17.000000,-5578.32684999989,-53216.46290000047,-58794.78975000031
2025-01-15T13:42:17.000000,-5559.341701219401,-53216.46290000047,-58775.80460121982
2025-01-15T13:42:22.000000,-5540.356552438912,-53216.46290000047,-58756.819452439326
2025-01-15T13:42:27.000000,-5521.371403658423,-53216.46290000047,-58737.834303658834
2025-01-15T13:42:32.000000,-5502.386254877934,-53216.46290000047,-58718.84915487834
2025-01-15T13:42:37.000000,-5491.838949999885,-53216.46290000047,-58708.301850000295
2025-01-15T13:54:32.000000,-5491.838949999885,-53252.10050735341,-58743.93945735323
2025-01-15T13:54:37.000000,-5491.838949999885,-53287.73811470635,-58779.57706470617
2025-01-15T13:54:42.000000,-5491.838949999885,-53323.37572205929,-58815.21467205911
2025-01-15T13:54:47.000000,-5491.838949999885,-53359.01332941223,-58850.85227941205
2025-01-15T13:54:52.000000,-5491.838949999885,-53389.55985000046,-58881.39880000029
2025-01-15T13:55:22.000000,-5491.838949999885,-53543.48930918414,-59035.32825918396
2025-01-15T13:55:27.000000,-5491.838949999885,-53687.41726836781,-59179.256218367635
2025-01-15T13:55:32.000000,-5491.838949999885,-53841.346727551485,-59333.18567755131
2025-01-15T13:55:37.000000,-5491.838949999885,-54015.279186735155,-59507.11813673498
2025-01-15T13:55:42.000000,-5491.838949999885,-54180.81975000046,-59672.658700000284
2025-01-15T13:56:32.000000,-5491.838949999885,-54260.27137500047,-59752.11032500029
2025-01-15T13:56:37.000000,-5491.838949999885,-54276.75375000047,-59768.59270000029
2025-01-15T13:59:07.000000,-5491.838949999885,-54308.87290238142,-59800.711852381246
2025-01-15T13:59:12.000000,-5491.838949999885,-54340.99205476238,-59832.8310047622
2025-01-15T13:59:17.000000,-5491.838949999885,-54356.108657143326,-59847.94760714315
2025-01-15T13:59:22.000000,-5491.838949999885,-54371.225259524275,-59863.0642095241
2025-01-15T13:59:27.000000,-5491.838949999885,-54369.45025000047,-59861.28920000029
2025-01-15T14:01:17.000000,-5491.838949999885,-54294.677140000465,-59786.51609000029
2025-01-15T14:01:22.000000,-5491.838949999885,-54229.90553000046,-59721.744480000285
2025-01-15T14:01:27.000000,-5491.838949999885,-54175.135420000464,-59666.97437000029
2025-01-15T14:01:32.000000,-5491.838949999885,-54120.36531000047,-59612.20426000029
2025-01-15T14:01:37.000000,-5491.838949999885,-54065.59520000047,-59557.43415000029
2025-01-15T14:27:17.000000,-5491.838949999885,-54037.37580000047,-59529.21475000029
2025-01-15T14:27:22.000000,-5491.838949999885,-54009.156400000466,-59500.99535000029
2025-01-15T14:27:27.000000,-5491.838949999885,-53980.937000000464,-59472.77595000029
2025-01-15T14:27:32.000000,-5491.838949999885,-53952.71760000046,-59444.556550000285
2025-01-15T14:27:37.000000,-5491.838949999885,-53902.494900000456,-59394.33385000028
2025-01-15T14:31:22.000000,-5491.838949999885,-53953.857900000454,-59445.69685000028
2025-01-15T14:32:17.000000,-5521.7406680145905,-53953.857900000454,-59475.59856801498
2025-01-15T14:32:22.000000,-5551.642386029296,-53953.857900000454,-59505.50028602969
2025-01-15T14:32:27.000000,-5562.556454044003,-53953.857900000454,-59516.41435404439
2025-01-15T14:32:32.000000,-5573.470522058709,-53953.857900000454,-59527.328422059094
2025-01-15T14:32:37.000000,-5584.384590073416,-53953.857900000454,-59538.2424900738
2025-01-15T14:32:42.000000,-5576.31100808812,-53953.857900000454,-59530.1689080885
2025-01-15T14:32:47.000000,-5549.2497761028235,-53953.857900000454,-59503.1076761032
2025-01-15T14:32:52.000000,-5541.978899999882,-53953.857900000454,-59495.83680000026
2025-01-15T14:36:12.000000,-5541.978899999882,-53959.536400000456,-59501.51530000026
2025-01-15T14:36:17.000000,-5541.978899999882,-53956.51030000045,-59498.48920000026
2025-01-15T14:38:17.000000,-5541.978899999882,-53942.16216538507,-59484.14106538487
2025-01-15T14:38:22.000000,-5541.978899999882,-53927.81403076968,-59469.79293076949
2025-01-15T14:38:27.000000,-5541.978899999882,-53913.465896154295,-59455.4447961541
2025-01-15T14:38:32.000000,-5541.978899999882,-53909.11926153891,-59451.09816153871
2025-01-15T14:38:37.000000,-5541.978899999882,-53904.77262692352,-59446.751526923326
2025-01-15T14:38:42.000000,-5541.978899999882,-53903.90330000044,-59445.88220000025
2025-01-16T09:56:27.000000,-5705.391291428453,-53903.90330000044,-59609.29459142882
2025-01-16T09:56:32.000000,-5868.803682857024,-53903.90330000044,-59772.706982857395
2025-01-16T09:56:37.000000,-6032.216074285595,-53903.90330000044,-59936.11937428597
2025-01-16T09:56:42.000000,-6201.624565714164,-53903.90330000044,-60105.52786571454
2025-01-16T09:56:47.000000,-6371.033057142734,-53903.90330000044,-60274.93635714311
2025-01-16T09:56:52.000000,-6517.203549999876,-53903.90330000044,-60421.10685000025
2025-01-16T10:03:17.000000,-6577.183184246449,-53903.90330000044,-60481.08648424682
2025-01-16T10:03:22.000000,-6637.162818493022,-53903.90330000044,-60541.06611849339
2025-01-16T10:03:27.000000,-6697.142452739596,-53903.90330000044,-60601.04575273996
2025-01-16T10:03:32.000000,-6757.122086986169,-53903.90330000044,-60661.025386986534
2025-01-16T10:03:37.000000,-6817.101721232742,-53903.90330000044,-60721.005021233104
2025-01-16T10:03:42.000000,-6826.956449999865,-53903.90330000044,-60730.85975000023
2025-01-16T10:03:52.000000,-6881.394524999863,-53903.90330000044,-60785.29782500023
2025-01-16T10:08:52.000000,-6924.534923437363,-53903.90330000044,-60828.438223437726
2025-01-16T10:08:57.000000,-6967.675321874864,-53903.90330000044,-60871.578621875226
2025-01-16T10:09:02.000000,-7020.809220312365,-53903.90330000044,-60924.71252031273
2025-01-16T10:09:07.000000,-7037.432099999865,-53903.90330000044,-60941.33540000023
2025-01-16T10:15:57.000000,-7037.432099999865,-53923.484375000444,-60960.91647500023
2025-01-16T10:17:22.000000,-7028.314772727138,-53923.484375000444,-60951.799147727506
2025-01-16T10:17:27.000000,-7019.197445454411,-53923.484375000444,-60942.68182045478
2025-01-16T10:17:32.000000,-7004.084018181684,-53923.484375000444,-60927.56839318205
2025-01-16T10:17:37.000000,-6994.9666909089565,-53923.484375000444,-60918.45106590933
2025-01-16T10:17:42.000000,-6985.849363636229,-53923.484375000444,-60909.333738636604
2025-01-16T10:17:47.000000,-6984.288749999866,-53923.484375000444,-60907.77312500024
2025-01-16T10:19:57.000000,-6984.288749999866,-53918.67209701879,-60902.960847018585
2025-01-16T10:20:02.000000,-6984.288749999866,-53913.859819037134,-60898.14856903693
2025-01-16T10:20:07.000000,-6984.288749999866,-53909.04754105548,-60893.336291055275
2025-01-16T10:20:12.000000,-6984.288749999866,-53904.235263073824,-60888.52401307362
2025-01-16T10:20:17.000000,-6984.288749999866,-53899.64172500043,-60883.93047500023
2025-01-16T10:20:22.000000,-7097.684219999868,-53899.64172500043,-60997.32594500023
2025-01-16T10:20:27.000000,-7211.07968999987,-53899.64172500043,-61110.72141500023
2025-01-16T10:20:32.000000,-7324.475159999873,-53899.64172500043,-61224.116885000236
2025-01-16T10:20:37.000000,-7437.870629999875,-53899.64172500043,-61337.51235500024
2025-01-16T10:20:42.000000,-7551.266099999877,-53899.64172500043,-61450.90782500024
2025-01-16T10:20:57.000000,-7551.266099999877,-53729.32638133846,-61280.59248133827
2025-01-16T10:20:57.000000,-7551.266099999877,-53622.268270131564,-61173.534370131376
2025-01-16T10:21:02.000000,-7551.266099999877,-53451.952926469596,-61003.21902646941
2025-01-16T10:21:02.000000,-7551.266099999877,-53344.8948152627,-60896.16091526251
2025-01-16T10:21:07.000000,-7551.266099999877,-53230.58787160073,-60781.85397160054
2025-01-16T10:21:07.000000,-7551.266099999877,-53123.52976039383,-60674.79586039364
2025-01-16T10:21:12.000000,-7551.266099999877,-53009.22281673186,-60560.48891673167
2025-01-16T10:21:12.000000,-7551.266099999877,-52987.43242535255,-60538.69852535236
2025-01-16T10:21:17.000000,-7551.266099999877,-52873.12548169058,-60424.39158169039
2025-01-16T10:21:22.000000,-7551.266099999877,-52865.96085000044,-60417.22695000025
2025-01-16T10:22:57.000000,-7551.266099999877,-52940.68204607887,-60491.948146078685
2025-01-16T10:23:02.000000,-7551.266099999877,-53015.40324215731,-60566.66934215712
2025-01-16T10:23:07.000000,-7551.266099999877,-53100.12593823574,-60651.39203823555
2025-01-16T10:23:12.000000,-7551.266099999877,-53144.84263431417,-60696.10873431398
2025-01-16T10:23:17.000000,-7551.266099999877,-53169.5563303926,-60720.822430392414
2025-01-16T10:23:22.000000,-7644.344640816203,-53169.5563303926,-60813.90097120874
2025-01-16T10:23:22.000000,-7644.344640816203,-53171.02755000044,-60815.37219081658
2025-01-16T10:23:27.000000,-7777.397181632531,-53171.02755000044,-60948.42473163291
2025-01-16T10:23:32.000000,-7910.44972244886,-53171.02755000044,-61081.47727244924
2025-01-16T10:23:37.000000,-8043.502263265188,-53171.02755000044,-61214.52981326557
2025-01-16T10:23:42.000000,-8163.249549999883,-53171.02755000044,-61334.27710000027
2025-01-16T10:26:12.000000,-8209.285563157777,-53171.02755000044,-61380.31311315816
2025-01-16T10:26:17.000000,-8255.32157631567,-53171.02755000044,-61426.349126316054
2025-01-16T10:26:22.000000,-8312.350439473565,-53171.02755000044,-61483.37798947395
2025-01-16T10:26:27.000000,-8369.37930263146,-53171.02755000044,-61540.406852631844
2025-01-16T10:26:32.000000,-8426.408165789355,-53171.02755000044,-61597.43571578974
2025-01-16T10:26:37.000000,-8436.77704999988,-53171.02755000044,-61607.804600000265
2025-01-16T10:28:32.000000,-8436.77704999988,-53245.348844118096,-61682.12589411792
2025-01-16T10:28:37.000000,-8436.77704999988,-53349.674638235745,-61786.45168823557
2025-01-16T10:28:42.000000,-8436.77704999988,-53474.00343235339,-61910.78048235321
2025-01-16T10:28:47.000000,-8436.77704999988,-53648.33972647104,-62085.11677647086
2025-01-16T10:28:52.000000,-8436.77704999988,-53842.67902058869,-62279.45607058851
2025-01-16T10:28:57.000000,-8436.77704999988,-53864.11325000045,-62300.890300000276
2025-01-16T10:29:37.000000,-8436.77704999988,-53874.75674166712,-62311.533791666945
2025-01-16T10:32:52.000000,-8436.77704999988,-53838.621276320584,-62275.398326320406
2025-01-16T10:32:57.000000,-8436.77704999988,-53802.485810974045,-62239.26286097387
2025-01-16T10:33:02.000000,-8436.77704999988,-53766.35034562751,-62203.12739562733
2025-01-16T10:33:07.000000,-8436.77704999988,-53710.21188028097,-62146.98893028079
2025-01-16T10:33:12.000000,-8436.77704999988,-53654.073414934435,-62090.85046493426
2025-01-16T10:33:17.000000,-8436.77704999988,-53651.266491667106,-62088.04354166693
2025-01-16T10:34:12.000000,-8436.77704999988,-53634.80864166711,-62071.58569166693
2025-01-16T10:34:17.000000,-8436.77704999988,-53618.35079166711,-62055.12784166693
2025-01-16T10:34:22.000000,-8436.77704999988,-53595.89204166711,-62032.66909166693
2025-01-16T10:34:22.000000,-8436.77704999988,-53497.161025000445,-61933.93807500027
2025-01-16T10:34:27.000000,-8436.77704999988,-53468.70137500045,-61905.47842500027
2025-01-16T10:34:27.000000,-8436.77704999988,-53359.968858333785,-61796.74590833361
2025-01-16T10:34:32.000000,-8436.77704999988,-53331.50920833379,-61768.28625833361
2025-01-16T10:34:32.000000,-8436.77704999988,-53272.14220000045,-61708.919250000275
2025-01-16T10:34:37.000000,-8436.77704999988,-53237.68165000046,-61674.45870000028
2025-01-16T10:34:42.000000,-8436.77704999988,-53203.22110000046,-61639.99815000028
2025-01-16T10:34:47.000000,-8436.77704999988,-53189.73395000046,-61626.51100000028
2025-01-16T10:42:02.000000,-8436.77704999988,-53022.005160000466,-61458.78221000029
2025-01-16T10:42:07.000000,-8436.77704999988,-52834.27337000047,-61271.05042000029
2025-01-16T10:42:12.000000,-8436.77704999988,-52686.54758000047,-61123.324630000294
2025-01-16T10:42:17.000000,-8436.77704999988,-52538.821790000475,-60975.5988400003
2025-01-16T10:42:22.000000,-8436.77704999988,-52371.09300000048,-60807.8700500003
2025-01-16T10:50:02.000000,-8472.26804999988,-52371.09300000048,-60843.361050000305
2025-01-16T10:50:07.000000,-8487.772049999881,-52371.09300000048,-60858.865050000306
2025-01-16T10:50:12.000000,-8503.276049999882,-52371.09300000048,-60874.36905000031
2025-01-16T10:50:17.000000,-8538.767049999882,-52371.09300000048,-60909.86005000031
2025-01-16T10:50:22.000000,-8554.271049999883,-52371.09300000048,-60925.36405000031
2025-01-16T10:50:27.000000,-8556.596649999883,-52371.09300000048,-60927.689650000306
2025-01-16T10:51:47.000000,-8513.338194736722,-52371.09300000048,-60884.431194737146
2025-01-16T10:51:47.000000,-8210.780244736705,-52371.09300000048,-60581.87324473713
2025-01-16T10:51:52.000000,-8156.5289394735455,-52371.09300000048,-60527.62193947397
2025-01-16T10:51:57.000000,-8102.277634210386,-52371.09300000048,-60473.370634210805
2025-01-16T10:52:02.000000,-8048.026328947227,-52371.09300000048,-60419.11932894764
2025-01-16T10:52:07.000000,-7982.782173684066,-52371.09300000048,-60353.87517368448
2025-01-16T10:52:12.000000,-7970.919599999855,-52371.09300000048,-60342.01260000027
2025-01-16T10:52:22.000000,-7948.4619410712885,-52371.09300000048,-60319.55494107171
2025-01-16T10:52:27.000000,-7926.004282142722,-52371.09300000048,-60297.09728214314
2025-01-16T10:52:32.000000,-7903.546623214156,-52371.09300000048,-60274.63962321458
2025-01-16T10:52:37.000000,-7881.08896428559,-52371.09300000048,-60252.181964286014
2025-01-16T10:52:42.000000,-7880.617005357023,-52371.09300000048,-60251.71000535745
2025-01-16T10:52:47.000000,-7880.574099999881,-52371.09300000048,-60251.667100000304
2025-01-16T10:54:17.000000,-7853.425249999881,-52371.09300000048,-60224.51825000031
2025-01-16T10:54:22.000000,-7826.2763999998815,-52371.09300000048,-60197.36940000031
2025-01-16T10:54:27.000000,-7799.127549999882,-52371.09300000048,-60170.22055000031
2025-01-16T10:54:32.000000,-7771.978699999882,-52371.09300000048,-60143.07170000031
2025-01-16T10:54:37.000000,-7744.829849999883,-52371.09300000048,-60115.922850000316
2025-01-16T10:58:42.000000,-7744.829849999883,-52426.14643624209,-60170.97628624192
2025-01-16T10:58:47.000000,-7744.829849999883,-52481.199872483696,-60226.02972248353
2025-01-16T10:58:52.000000,-7744.829849999883,-52556.25630872531,-60301.08615872514
2025-01-16T10:58:57.000000,-7744.829849999883,-52631.31274496692,-60376.142594966754
2025-01-16T10:59:02.000000,-7744.829849999883,-52686.36618120853,-60431.19603120836
2025-01-16T10:59:07.000000,-7744.829849999883,-52741.419617450134,-60486.24946744997
2025-01-16T10:59:12.000000,-7744.829849999883,-52796.47305369174,-60541.302903691576
2025-01-16T10:59:17.000000,-7744.829849999883,-52812.24575000047,-60557.0756000003
2025-01-16T11:20:37.000000,-7795.4771867645895,-52812.24575000047,-60607.72293676501
2025-01-16T11:20:42.000000,-7839.129073529295,-52812.24575000047,-60651.37482352971
2025-01-16T11:20:47.000000,-7882.780960294001,-52812.24575000047,-60695.02671029441
2025-01-16T11:20:52.000000,-7912.441947058706,-52812.24575000047,-60724.68769705912
2025-01-16T11:20:57.000000,-7937.865649999882,-52812.24575000047,-60750.11140000029
2025-01-16T11:21:52.000000,-7895.462542553074,-52812.24575000047,-60707.708292553485
2025-01-16T11:21:57.000000,-7844.065285106264,-52812.24575000047,-60656.31103510668
2025-01-16T11:22:02.000000,-7774.679727659455,-52812.24575000047,-60586.92547765987
2025-01-16T11:22:07.000000,-7696.300020212648,-52812.24575000047,-60508.54577021306
2025-01-16T11:22:12.000000,-7617.92031276584,-52812.24575000047,-60430.16606276625
2025-01-16T11:22:17.000000,-7602.501299999883,-52812.24575000047,-60414.74705000029
2025-01-16T11:29:12.000000,-7602.501299999883,-52806.44699000047,-60408.94829000029
2025-01-16T11:29:17.000000,-7602.501299999883,-52800.64823000047,-60403.14953000029
2025-01-16T11:29:22.000000,-7602.501299999883,-52794.849470000474,-60397.350770000296
2025-01-16T11:29:27.000000,-7602.501299999883,-52789.050710000476,-60391.5520100003
2025-01-16T11:29:32.000000,-7602.501299999883,-52783.25195000048,-60385.7532500003
2025-01-16T13:05:57.000000,-7602.501299999883,-52777.00065000047,-60379.50195000029
2025-01-16T13:06:02.000000,-7602.501299999883,-52770.74935000046,-60373.25065000028
2025-01-16T13:06:07.000000,-7602.501299999883,-52764.498050000446,-60366.99935000027
2025-01-16T13:06:12.000000,-7602.501299999883,-52736.24345000044,-60338.74475000026
2025-01-16T13:06:17.000000,-7602.501299999883,-52707.98885000043,-60310.49015000025
2025-01-16T13:06:22.000000,-7602.501299999883,-52707.70470000043,-60310.20600000025
2025-01-16T13:11:27.000000,-7668.258499122692,-52707.70470000043,-60375.96319912306
2025-01-16T13:14:27.000000,-6877.561599122648,-52707.70470000043,-59585.26629912302
2025-01-16T13:14:32.000000,-6877.361698245455,-52707.70470000043,-59585.06639824582
2025-01-16T13:14:37.000000,-6899.147497368262,-52707.70470000043,-59606.85219736863
2025-01-16T13:14:42.000000,-6909.94044649107,-52707.70470000043,-59617.645146491435
2025-01-16T13:14:47.000000,-6920.733395613879,-52707.70470000043,-59628.43809561424
2025-01-16T13:14:47.000000,-6920.733395613879,-52770.068680000426,-59690.802075614236
2025-01-16T13:14:52.000000,-6920.697049999844,-52770.068680000426,-59690.7657300002
2025-01-16T13:15:27.000000,-6920.697049999844,-52837.05633000042,-59757.7533800002
2025-01-16T13:17:47.000000,-6920.697049999844,-53065.80697000042,-59986.5040200002
2025-01-16T13:18:17.000000,-6920.697049999844,-53101.51276618463,-60022.209816184404
2025-01-16T13:18:22.000000,-6920.697049999844,-53144.21961236883,-60064.91666236861
2025-01-16T13:18:27.000000,-6920.697049999844,-53179.92540855304,-60100.62245855282
2025-01-16T13:18:32.000000,-6920.697049999844,-53222.63225473725,-60143.329304737024
2025-01-16T13:18:37.000000,-6920.697049999844,-53265.339100921454,-60186.03615092123
2025-01-16T13:18:42.000000,-6920.697049999844,-53308.04594710566,-60228.74299710544
2025-01-16T13:18:47.000000,-6920.697049999844,-53357.75384328987,-60278.45089328965
2025-01-16T13:18:52.000000,-6920.697049999844,-53414.462789474084,-60335.15983947386
2025-01-16T13:18:57.000000,-6920.697049999844,-53471.171735658296,-60391.86878565807
2025-01-16T13:19:02.000000,-6920.697049999844,-53520.87963184251,-60441.576681842285
2025-01-16T13:19:07.000000,-6920.697049999844,-53587.490000000405,-60508.18705000018
2025-01-16T13:19:22.000000,-6920.697049999844,-53591.105212264556,-60511.80226226433
2025-01-16T13:19:27.000000,-6920.697049999844,-53594.72042452871,-60515.41747452848
2025-01-16T13:19:32.000000,-6920.697049999844,-53608.337136792856,-60529.03418679263
2025-01-16T13:19:37.000000,-6920.697049999844,-53621.953849057005,-60542.65089905678
2025-01-16T13:19:42.000000,-6920.697049999844,-53635.570561321154,-60556.26761132093
2025-01-16T13:19:47.000000,-6920.697049999844,-53649.1872735853,-60569.88432358508
2025-01-16T13:19:52.000000,-6920.697049999844,-53672.80548584945,-60593.50253584923
2025-01-16T13:19:57.000000,-6920.697049999844,-53686.4221981136,-60607.11924811338
2025-01-16T13:19:58.000000,-6920.697049999844,-53760.66907714586,-60681.36612714564
2025-01-16T13:20:02.000000,-6920.697049999844,-53784.28728941001,-60704.984339409784
2025-01-16T13:20:07.000000,-6920.697049999844,-53797.90400167416,-60718.60105167393
2025-01-16T13:20:12.000000,-6920.697049999844,-53800.073129032644,-60720.77017903242
2025-01-16T13:20:27.000000,-6920.697049999844,-53752.35984569931,-60673.05689569909
2025-01-16T13:20:32.000000,-6920.697049999844,-53704.64656236598,-60625.34361236576
2025-01-16T13:20:37.000000,-6920.697049999844,-53639.93072903265,-60560.627779032424
2025-01-16T13:20:58.000000,-6920.697049999844,-53764.42088709716,-60685.11793709694
2025-01-16T13:21:03.000000,-6920.697049999844,-53888.91104516168,-60809.60809516146
2025-01-16T13:21:08.000000,-6920.697049999844,-54013.401203226196,-60934.09825322597
2025-01-16T13:21:13.000000,-6920.697049999844,-54137.89136129071,-61058.58841129049
2025-01-16T13:21:18.000000,-6920.697049999844,-54212.883600000394,-61133.58065000017
2025-01-16T13:24:32.000000,-6920.697049999844,-54276.32606595277,-61197.02311595255
2025-01-16T13:24:37.000000,-6920.697049999844,-54403.21099785754,-61323.908047857316
2025-01-16T13:24:42.000000,-6920.697049999844,-54530.095929762305,-61450.79297976208
2025-01-16T13:24:47.000000,-6920.697049999844,-54656.98086166707,-61577.67791166685
2025-01-16T13:24:52.000000,-6920.697049999844,-54783.86579357184,-61704.56284357161
2025-01-16T13:24:57.000000,-6920.697049999844,-54888.7474254766,-61809.444475476375
2025-01-16T13:25:02.000000,-6920.697049999844,-55015.632357381364,-61936.32940738114
2025-01-16T13:25:07.000000,-6920.697049999844,-55142.51728928613,-62063.21433928591
2025-01-16T13:25:12.000000,-6920.697049999844,-55269.402221190896,-62190.09927119067
2025-01-16T13:25:17.000000,-6920.697049999844,-55396.28715309566,-62316.98420309544
2025-01-16T13:25:22.000000,-6920.697049999844,-55401.05450000042,-62321.7515500002
2025-01-16T13:28:22.000000,-6920.697049999844,-55417.11175948318,-62337.80880948296
2025-01-16T13:28:27.000000,-6920.697049999844,-55433.16901896594,-62353.86606896572
2025-01-16T13:28:32.000000,-6920.697049999844,-55427.2229784487,-62347.920028448476
2025-01-16T13:28:37.000000,-6920.697049999844,-55421.276937931456,-62341.97398793123
2025-01-16T13:28:42.000000,-6920.697049999844,-55415.33089741421,-62336.02794741399
2025-01-16T13:28:47.000000,-6920.697049999844,-55413.70925000042,-62334.4063000002
2025-01-16T13:32:17.000000,-6920.697049999844,-55450.07700000042,-62370.7740500002
2025-01-16T13:33:37.000000,-6920.697049999844,-55521.934882353366,-62442.63193235314
2025-01-16T13:33:42.000000,-6920.697049999844,-55593.79276470631,-62514.48981470609
2025-01-16T13:33:47.000000,-6920.697049999844,-55665.65064705926,-62586.347697059035
2025-01-16T13:33:52.000000,-6920.697049999844,-55737.508529412204,-62658.20557941198
2025-01-16T13:33:57.000000,-6920.697049999844,-55809.36641176515,-62730.06346176493
2025-01-16T13:34:02.000000,-6920.697049999844,-55818.55250000044,-62739.24955000022
2025-01-16T13:37:17.000000,-6920.697049999844,-55839.24863793148,-62759.94568793126
2025-01-16T13:40:02.000000,-6920.697049999844,-55873.77849137976,-62794.475541379536
2025-01-16T13:40:07.000000,-6920.697049999844,-55908.30834482804,-62829.005394827815
2025-01-16T13:40:12.000000,-6920.697049999844,-55942.83819827632,-62863.53524827609
2025-01-16T13:40:17.000000,-6920.697049999844,-55955.36475172459,-62876.06180172437
2025-01-16T13:40:22.000000,-6920.697049999844,-55965.613750000455,-62886.31080000023
2025-01-16T13:44:42.000000,-6920.697049999844,-55822.89970121997,-62743.596751219746
2025-01-16T13:44:47.000000,-6920.697049999844,-55680.18565243948,-62600.88270243926
2025-01-16T13:44:52.000000,-6920.697049999844,-55537.471603658996,-62458.16865365877
2025-01-16T13:44:57.000000,-6920.697049999844,-55410.75995487851,-62331.457004878284
2025-01-16T13:45:02.000000,-6920.697049999844,-55284.04830609802,-62204.745356097796
2025-01-16T13:45:07.000000,-6920.697049999844,-55268.209350000456,-62188.90640000023
2025-01-16T13:57:53.000000,-6920.697049999844,-55348.34774400046,-62269.044794000234
2025-01-16T13:57:58.000000,-6920.697049999844,-55428.48613800046,-62349.183188000236
2025-01-16T13:58:03.000000,-6920.697049999844,-55508.62453200046,-62429.32158200024
2025-01-16T13:58:08.000000,-6920.697049999844,-55546.41670000046,-62467.11375000024
2025-01-16T14:08:07.000000,-6920.697049999844,-55581.00883333379,-62501.70588333357
2025-01-16T14:10:52.000000,-6920.697049999844,-55837.011700000454,-62757.70875000023
2025-01-16T14:12:52.000000,-6920.697049999844,-55913.98317857188,-62834.680228571655
2025-01-16T14:12:57.000000,-6920.697049999844,-56001.9563071433,-62922.65335714308
2025-01-16T14:13:02.000000,-6920.697049999844,-56089.92943571472,-63010.6264857145
2025-01-16T14:13:07.000000,-6920.697049999844,-56177.902564286145,-63098.59961428592
2025-01-16T14:13:12.000000,-6920.697049999844,-56298.88064285757,-63219.57769285735
2025-01-16T14:13:17.000000,-6920.697049999844,-56309.87865000043,-63230.575700000205
2025-01-16T14:14:22.000000,-6920.697049999844,-56318.50692058866,-63239.20397058844
2025-01-16T14:14:37.000000,-6920.697049999844,-56384.01842058866,-63304.71547058844
2025-01-16T14:14:42.000000,-6920.697049999844,-56445.09200850599,-63365.78905850577
2025-01-16T14:14:42.000000,-6920.697049999844,-56520.60500850599,-63441.30205850577
2025-01-16T14:14:47.000000,-6920.697049999844,-56557.67499642332,-63478.372046423094
2025-01-16T14:14:47.000000,-6920.697049999844,-56587.88019642332,-63508.5772464231
2025-01-16T14:16:32.000000,-6920.697049999844,-56637.51066308999,-63558.20771308977
2025-01-16T14:16:37.000000,-6920.697049999844,-56701.14322975666,-63621.840279756434
2025-01-16T14:16:42.000000,-6920.697049999844,-56764.775796423324,-63685.4728464231
2025-01-16T14:16:47.000000,-6920.697049999844,-56814.40626308999,-63735.10331308977
2025-01-16T14:16:52.000000,-6920.697049999844,-56860.49169642333,-63781.188746423104
2025-01-16T14:19:22.000000,-6920.697049999844,-56766.37674189232,-63687.0737918921
2025-01-16T14:19:27.000000,-6920.697049999844,-56672.26178736132,-63592.9588373611
2025-01-16T14:19:32.000000,-6920.697049999844,-56588.60405000043,-63509.30110000021
2025-01-16T14:20:17.000000,-6920.697049999844,-56545.51067311364,-63466.20772311342
2025-01-16T14:20:22.000000,-6920.697049999844,-56502.41729622685,-63423.11434622663
2025-01-16T14:20:27.000000,-6920.697049999844,-56459.32391934006,-63380.020969339836
2025-01-16T14:20:32.000000,-6920.697049999844,-56416.23054245327,-63336.927592453045
2025-01-16T14:20:37.000000,-6920.697049999844,-56373.13716556648,-63293.834215566254
2025-01-16T14:20:42.000000,-6920.697049999844,-56371.08510000044,-63291.78215000022
2025-01-16T14:27:02.000000,-6920.697049999844,-56437.32953066082,-63358.0265806606
2025-01-16T14:27:07.000000,-6920.697049999844,-56503.5739613212,-63424.271011320976
2025-01-16T14:27:12.000000,-6920.697049999844,-56569.81839198158,-63490.515441981355
2025-01-16T14:27:17.000000,-6920.697049999844,-56636.06282264196,-63556.759872641735
2025-01-16T14:27:22.000000,-6920.697049999844,-56702.30725330234,-63623.004303302114
2025-01-16T14:27:27.000000,-6920.697049999844,-56705.46175000045,-63626.15880000023
2025-01-16T14:38:02.000000,-6965.729610975455,-56705.46175000045,-63671.19136097584
2025-01-16T14:38:07.000000,-7000.768671951065,-56705.46175000045,-63706.23042195145
2025-01-16T14:38:12.000000,-7035.807732926674,-56705.46175000045,-63741.269482927055
2025-01-16T14:38:17.000000,-7070.846793902284,-56705.46175000045,-63776.30854390266
2025-01-16T14:38:22.000000,-7075.350049999845,-56705.46175000045,-63780.81180000022
2025-01-16T14:39:02.000000,-7075.350049999845,-56686.84562945251,-63762.19567945228
2025-01-16T14:39:07.000000,-7075.350049999845,-56684.23190890456,-63759.58195890433
2025-01-16T14:39:12.000000,-7075.350049999845,-56681.61818835662,-63756.968238356385
2025-01-16T14:39:17.000000,-7075.350049999845,-56679.00446780867,-63754.35451780844
2025-01-16T14:39:22.000000,-7075.350049999845,-56668.53290000045,-63743.88295000022
2025-01-16T14:41:27.000000,-7098.902599999844,-56668.53290000045,-63767.43550000022
2025-01-16T14:41:32.000000,-7122.455149999842,-56668.53290000045,-63790.98805000022
2025-01-16T14:41:37.000000,-7146.007699999841,-56668.53290000045,-63814.54060000022
2025-01-16T14:41:42.000000,-7169.5602499998395,-56668.53290000045,-63838.09315000022
2025-01-16T14:41:47.000000,-7202.106949999839,-56668.53290000045,-63870.63985000022
2025-01-16T14:41:52.000000,-7212.955849999839,-56668.53290000045,-63881.488750000215
2025-01-16T14:45:02.000000,-7212.955849999839,-56734.18040000045,-63947.136250000214
2025-01-16T14:45:07.000000,-7212.955849999839,-56799.82790000045,-64012.78375000021
2025-01-16T14:45:12.000000,-7212.955849999839,-56865.47540000045,-64078.43125000021
2025-01-16T14:45:17.000000,-7212.955849999839,-56931.122900000446,-64144.07875000021
2025-01-16T14:45:22.000000,-7212.955849999839,-57018.14810000045,-64231.103950000215
2025-01-17T09:48:37.000000,-7212.955849999839,-57090.40760000045,-64303.363450000215
2025-01-17T09:48:42.000000,-7212.955849999839,-57220.924500000445,-64433.88035000021
2025-01-17T09:48:47.000000,-7212.955849999839,-57365.443500000445,-64578.39935000021
2025-01-17T09:52:17.000000,-7212.955849999839,-57443.07481250045,-64656.03066250021
2025-01-17T09:52:22.000000,-7212.955849999839,-57548.710325000444,-64761.66617500021
2025-01-17T09:52:27.000000,-7212.955849999839,-57626.341637500445,-64839.29748750021
2025-01-17T09:52:32.000000,-7212.955849999839,-57653.61130000045,-64866.56715000021
2025-01-17T09:55:27.000000,-7212.955849999839,-57688.99030000045,-64901.946150000214
2025-01-17T09:55:37.000000,-7212.955849999839,-57700.009466667114,-64912.96531666688
2025-01-17T09:58:57.000000,-7212.955849999839,-57595.31342291711,-64808.26927291688
2025-01-17T09:59:02.000000,-7212.955849999839,-57490.61737916711,-64703.573229166876
2025-01-17T09:59:07.000000,-7212.955849999839,-57379.92043541711,-64592.876285416874
2025-01-17T09:59:12.000000,-7212.955849999839,-57263.22259166711,-64476.178441666874
2025-01-17T09:59:17.000000,-7212.955849999839,-57134.52294791711,-64347.478797916876
2025-01-17T09:59:22.000000,-7212.955849999839,-57089.62276666711,-64302.57861666688
2025-01-17T10:00:27.000000,-7212.955849999839,-57011.64610000044,-64224.60195000021
2025-01-17T10:00:32.000000,-7212.955849999839,-56933.66943333377,-64146.62528333354
2025-01-17T10:00:37.000000,-7212.955849999839,-56894.68110000044,-64107.636950000204
2025-01-17T10:06:37.000000,-7228.235849999839,-56894.68110000044,-64122.9169500002
2025-01-17T10:06:42.000000,-7243.515849999839,-56894.68110000044,-64138.1969500002
2025-01-17T10:06:47.000000,-7258.7958499998385,-56894.68110000044,-64153.4769500002
2025-01-17T10:06:52.000000,-7274.075849999838,-56894.68110000044,-64168.7569500002
2025-01-17T10:06:57.000000,-7289.355849999838,-56894.68110000044,-64184.0369500002
2025-01-17T10:07:02.000000,-7292.411849999838,-56894.68110000044,-64187.092950000195
2025-01-17T10:07:22.000000,-7111.131377272566,-56894.68110000044,-64005.81247727292
2025-01-17T10:07:27.000000,-6929.850904545295,-56894.68110000044,-63824.53200454565
2025-01-17T10:07:32.000000,-6748.570431818023,-56894.68110000044,-63643.25153181837
2025-01-17T10:07:37.000000,-6567.289959090752,-56894.68110000044,-63461.9710590911
2025-01-17T10:07:42.000000,-6407.99518636348,-56894.68110000044,-63302.67628636383
2025-01-17T10:07:47.000000,-6317.354949999844,-56894.68110000044,-63212.03605000019
2025-01-17T10:08:17.000000,-6213.930639999846,-56894.68110000044,-63108.6117400002
2025-01-17T10:08:22.000000,-6089.519979999848,-56894.68110000044,-62984.201080000195
2025-01-17T10:08:27.000000,-5986.09566999985,-56894.68110000044,-62880.7767700002
2025-01-17T10:08:32.000000,-5903.657709999851,-56894.68110000044,-62798.338810000205
2025-01-17T10:08:37.000000,-5863.192449999851,-56894.68110000044,-62757.87355000021
2025-01-17T10:09:42.000000,-5863.192449999851,-56911.97678571472,-62775.16923571449
2025-01-17T10:10:17.000000,-5863.192449999851,-56824.92245238139,-62688.11490238116
2025-01-17T10:10:17.000000,-5863.192449999851,-56861.97574238139,-62725.16819238116
2025-01-17T10:10:22.000000,-5863.192449999851,-56794.14152571473,-62657.3339757145
2025-01-17T10:10:22.000000,-5863.192449999851,-56831.194815714734,-62694.387265714504
2025-01-17T10:10:27.000000,-5863.192449999851,-56886.250805714735,-62749.443255714505
2025-01-17T10:10:32.000000,-5863.192449999851,-56941.306795714736,-62804.499245714505
2025-01-17T10:10:37.000000,-5863.192449999851,-56996.36278571474,-62859.555235714506
2025-01-17T10:10:57.000000,-5863.192449999851,-56989.89054285759,-62853.08299285736
2025-01-17T10:11:02.000000,-5863.192449999851,-56965.415600000444,-62828.60805000021
2025-01-17T10:11:07.000000,-5863.192449999851,-56976.9460571433,-62840.13850714307
2025-01-17T10:11:12.000000,-5863.192449999851,-56985.86885000044,-62849.06130000021
2025-01-17T10:12:52.000000,-5863.192449999851,-57026.83847745142,-62890.03092745119
2025-01-17T10:12:57.000000,-5863.192449999851,-57077.809604902395,-62941.002054902165
2025-01-17T10:13:02.000000,-5863.192449999851,-57088.77473235337,-62951.96718235314
2025-01-17T10:13:07.000000,-5863.192449999851,-57099.739859804344,-62962.93230980411
2025-01-17T10:13:12.000000,-5863.192449999851,-57120.706487255324,-62983.89893725509
2025-01-17T10:13:17.000000,-5863.192449999851,-57122.80315000042,-62985.99560000019
2025-01-17T10:18:07.000000,-5863.192449999851,-57171.32534687542,-63034.51779687519
2025-01-17T10:18:12.000000,-5863.192449999851,-57213.84664375042,-63077.03909375019
2025-01-17T10:18:17.000000,-5863.192449999851,-57238.36524062542,-63101.55769062519
2025-01-17T10:18:22.000000,-5863.192449999851,-57262.88383750042,-63126.07628750019
2025-01-17T10:18:27.000000,-5863.192449999851,-57305.40513437542,-63168.59758437519
2025-01-17T10:18:32.000000,-5863.192449999851,-57319.578900000415,-63182.771350000185
2025-01-17T10:20:32.000000,-5863.192449999851,-57348.508569231184,-63211.70101923095
2025-01-17T10:20:37.000000,-5863.192449999851,-57359.16578653888,-63222.35823653865
2025-01-17T10:20:42.000000,-5863.192449999851,-57406.254086401525,-63269.446536401294
2025-01-17T10:25:32.000000,-5863.192449999851,-57362.08780000043,-63225.2802500002
2025-01-17T10:29:57.000000,-5972.267418749849,-57362.08780000043,-63334.3552187502
2025-01-17T10:30:02.000000,-6081.342387499846,-57362.08780000043,-63443.4301875002
2025-01-17T10:30:07.000000,-6200.410856249845,-57362.08780000043,-63562.498656250194
2025-01-17T10:30:12.000000,-6329.472824999842,-57362.08780000043,-63691.56062500019
2025-01-17T10:30:17.000000,-6416.732799999839,-57362.08780000043,-63778.82060000019
2025-01-17T10:35:17.000000,-6394.003770588073,-57362.08780000043,-63756.091570588425
2025-01-17T10:35:22.000000,-6381.268241176309,-57362.08780000043,-63743.35604117666
2025-01-17T10:35:27.000000,-6358.539211764543,-57362.08780000043,-63720.6270117649
2025-01-17T10:35:32.000000,-6335.810182352778,-57362.08780000043,-63697.89798235313
2025-01-17T10:35:37.000000,-6313.081152941012,-57362.08780000043,-63675.16895294137
2025-01-17T10:35:42.000000,-6309.808899999835,-57362.08780000043,-63671.896700000194
2025-01-17T10:37:57.000000,-6402.740269013917,-57362.08780000043,-63764.82806901428
2025-01-17T10:38:02.000000,-6495.671638027999,-57362.08780000043,-63857.75943802836
2025-01-17T10:38:07.000000,-6588.60300704208,-57362.08780000043,-63950.69080704245
2025-01-17T10:38:12.000000,-6702.520726056161,-57362.08780000043,-64064.60852605653
2025-01-17T10:38:17.000000,-6795.452095070243,-57362.08780000043,-64157.539895070615
2025-01-17T10:38:22.000000,-6909.3698140843235,-57362.08780000043,-64271.4576140847
2025-01-17T10:38:27.000000,-7023.287533098404,-57362.08780000043,-64385.37533309878
2025-01-17T10:38:32.000000,-7116.218902112486,-57362.08780000043,-64478.306702112866
2025-01-17T10:38:37.000000,-7230.136621126567,-57362.08780000043,-64592.22442112695
2025-01-17T10:38:42.000000,-7344.054340140648,-57362.08780000043,-64706.14214014103
2025-01-17T10:38:47.000000,-7360.328299999802,-57362.08780000043,-64722.41610000019
2025-01-17T10:44:17.000000,-7476.707839215493,-57362.08780000043,-64838.79563921588
2025-01-17T10:44:22.000000,-7603.080878431185,-57362.08780000043,-64965.168678431575
2025-01-17T10:44:27.000000,-7729.453917646877,-57362.08780000043,-65091.54171764727
2025-01-17T10:44:32.000000,-7865.820456862567,-57362.08780000043,-65227.90825686296
2025-01-17T10:44:37.000000,-8002.186996078257,-57362.08780000043,-65364.27479607865
2025-01-17T10:44:42.000000,-8015.823649999826,-57362.08780000043,-65377.91145000022
2025-01-17T10:54:17.000000,-8015.823649999826,-57430.22974390287,-65446.05339390266
2025-01-17T10:54:22.000000,-8015.823649999826,-57498.37168780531,-65514.1953378051
2025-01-17T10:54:27.000000,-8015.823649999826,-57566.51363170775,-65582.33728170753
2025-01-17T10:54:32.000000,-8015.823649999826,-57634.65557561019,-65650.47922560996
2025-01-17T10:54:37.000000,-8015.823649999826,-57709.798569512626,-65725.6222195124
2025-01-17T10:54:42.000000,-8015.823649999826,-57774.20685000043,-65790.03050000021
2025-01-17T11:24:07.000000,-8015.823649999826,-57791.061940000436,-65806.88559000021
2025-01-17T11:24:12.000000,-8015.823649999826,-57817.91853000044,-65833.74218000022
2025-01-17T11:24:17.000000,-8015.823649999826,-57844.77512000044,-65860.59877000023
2025-01-17T11:24:22.000000,-8015.823649999826,-57871.631710000445,-65887.45536000024
2025-01-17T11:24:27.000000,-8015.823649999826,-57908.48980000045,-65924.31345000025
2025-01-17T13:01:37.000000,-8015.823649999826,-58034.19240625045,-66050.01605625026
2025-01-17T13:01:42.000000,-8015.823649999826,-58177.897712500446,-66193.72136250026
2025-01-17T13:01:47.000000,-8015.823649999826,-58315.602118750445,-66331.42576875027
2025-01-17T13:01:52.000000,-8015.823649999826,-58447.305625000445,-66463.12927500028
2025-01-17T13:01:57.000000,-8015.823649999826,-58579.009131250445,-66594.83278125028
2025-01-17T13:02:02.000000,-8015.823649999826,-58618.90970000045,-66634.73335000029
2025-01-17T13:09:32.000000,-8046.64851363619,-58618.90970000045,-66665.55821363664
2025-01-17T13:09:37.000000,-8067.479877272555,-58618.90970000045,-66686.389577273
2025-01-17T13:09:42.000000,-8088.311240908921,-58618.90970000045,-66707.22094090936
2025-01-17T13:09:47.000000,-8091.56259999983,-58618.90970000045,-66710.47230000027
2025-01-17T13:12:07.000000,-8091.56259999983,-58589.39601875045,-66680.95861875027
2025-01-17T13:12:12.000000,-8091.56259999983,-58577.88503750045,-66669.44763750027
2025-01-17T13:12:17.000000,-8091.56259999983,-58566.374056250446,-66657.93665625027
2025-01-17T13:12:22.000000,-8091.56259999983,-58554.863075000445,-66646.42567500027
2025-01-17T13:12:27.000000,-8091.56259999983,-58549.35299375044,-66640.91559375027
2025-01-17T13:12:32.000000,-8091.56259999983,-58547.51630000044,-66639.07890000027
2025-01-17T13:12:47.000000,-8091.56259999983,-58555.19610000044,-66646.75870000027
2025-01-17T13:12:52.000000,-8091.56259999983,-58568.876800000435,-66660.43940000026
2025-01-17T13:12:57.000000,-8091.56259999983,-58594.55930000044,-66686.12190000026
2025-01-17T13:13:02.000000,-8091.56259999983,-58584.23640000044,-66675.79900000026
2025-01-17T13:13:07.000000,-8091.56259999983,-58585.91530000044,-66677.47790000026
2025-01-17T13:13:12.000000,-8091.56259999983,-58583.75430000044,-66675.31690000027
2025-01-17T13:18:07.000000,-8091.56259999983,-58591.06291046555,-66682.62551046538
2025-01-17T13:21:52.000000,-8091.56259999983,-58599.702188590556,-66691.26478859039
2025-01-17T13:21:57.000000,-8091.56259999983,-58608.34146671556,-66699.90406671539
2025-01-17T13:22:02.000000,-8091.56259999983,-58610.979844840556,-66702.5424448404
2025-01-17T13:22:07.000000,-8091.56259999983,-58613.61822296555,-66705.1808229654
2025-01-17T13:22:07.000000,-8091.56259999983,-58665.01257296555,-66756.5751729654
2025-01-17T13:22:07.000000,-8091.56259999983,-58693.44438296555,-66785.0069829654
2025-01-17T13:22:12.000000,-8091.56259999983,-58696.08276109055,-66787.6453610904
2025-01-17T13:22:12.000000,-8091.56259999983,-58747.47711109054,-66839.0397110904
2025-01-17T13:22:12.000000,-8091.56259999983,-58775.908921090544,-66867.4715210904
2025-01-17T13:22:17.000000,-8091.56259999983,-58784.78958046554,-66876.3521804654
2025-01-17T13:22:17.000000,-8091.56259999983,-58836.18393046554,-66927.7465304654
2025-01-17T13:22:17.000000,-8091.56259999983,-58864.61574046554,-66956.1783404654
2025-01-17T13:22:22.000000,-8091.56259999983,-58916.010090465534,-67007.5726904654
2025-01-17T13:22:22.000000,-8091.56259999983,-58944.441900465536,-67036.0045004654
2025-01-17T13:22:27.000000,-8091.56259999983,-58995.83625046553,-67087.3988504654
2025-01-17T13:22:27.000000,-8091.56259999983,-59024.26806046553,-67115.83066046539
2025-01-17T13:22:32.000000,-8091.56259999983,-59048.74156046553,-67140.30416046538
2025-01-17T13:22:47.000000,-8091.56259999983,-59124.88707898405,-67216.4496789839
2025-01-17T13:22:52.000000,-8091.56259999983,-59201.03259750257,-67292.59519750242
2025-01-17T13:22:52.000000,-8091.56259999983,-59185.13144078422,-67276.69404078407
2025-01-17T13:22:57.000000,-8091.56259999983,-59281.279959302745,-67372.84255930259
2025-01-17T13:22:57.000000,-8091.56259999983,-59271.379702584396,-67362.94230258424
2025-01-17T13:23:02.000000,-8091.56259999983,-59377.52972110291,-67469.09232110275
2025-01-17T13:23:02.000000,-8091.56259999983,-59373.63036438456,-67465.1929643844
2025-01-17T13:23:07.000000,-8091.56259999983,-59499.78338290308,-67591.34598290292
2025-01-17T13:23:07.000000,-8091.56259999983,-59507.885826184734,-67599.44842618456
2025-01-17T13:23:12.000000,-8091.56259999983,-59558.347033592145,-67649.90963359197
2025-01-17T13:23:12.000000,-8091.56259999983,-59572.4503768738,-67664.01297687362
2025-01-17T13:23:17.000000,-8091.56259999983,-59592.55462015545,-67684.11722015527
2025-01-17T13:23:22.000000,-8091.56259999983,-59618.65976343711,-67710.22236343691
2025-01-17T13:23:22.000000,-8091.56259999983,-59587.96430442071,-67679.52690442052
2025-01-17T13:23:27.000000,-8091.56259999983,-59620.07034770236,-67711.63294770218
2025-01-17T13:23:27.000000,-8091.56259999983,-59599.376388685974,-67690.93898868578
2025-01-17T13:23:32.000000,-8091.56259999983,-59631.482431967626,-67723.04503196744
2025-01-17T13:23:32.000000,-8091.56259999983,-59620.789972951236,-67712.35257295106
2025-01-17T13:23:37.000000,-8091.56259999983,-59620.09901393484,-67711.66161393467
2025-01-17T13:23:42.000000,-8091.56259999983,-59619.40805491845,-67710.97065491829
2025-01-17T13:23:47.000000,-8091.56259999983,-59638.720095902056,-67730.2826959019
2025-01-17T13:23:52.000000,-8091.56259999983,-59642.65160000042,-67734.21420000026
2025-01-17T13:27:02.000000,-8091.56259999983,-59710.27436960826,-67801.8369696081
2025-01-17T13:29:07.000000,-8091.56259999983,-59747.287013839035,-67838.84961383887
2025-01-17T13:29:07.000000,-8091.56259999983,-59754.333121682175,-67845.89572168201
2025-01-17T13:29:12.000000,-8091.56259999983,-59751.33976591295,-67842.90236591279
2025-01-17T13:29:12.000000,-8091.56259999983,-59728.381373756085,-67819.94397375592
2025-01-17T13:29:12.000000,-8091.56259999983,-59714.48595423553,-67806.04855423537
2025-01-17T13:29:17.000000,-8091.56259999983,-59691.4895984663,-67783.05219846615
2025-01-17T13:29:17.000000,-8091.56259999983,-59677.71456317219,-67769.27716317202
2025-01-17T13:29:17.000000,-8091.56259999983,-59621.81284365164,-67713.37544365147
2025-01-17T13:29:22.000000,-8091.56259999983,-59598.81648788241,-67690.37908788225
2025-01-17T13:29:22.000000,-8091.56259999983,-59542.914768361865,-67634.4773683617
2025-01-17T13:29:27.000000,-8091.56259999983,-59559.924412592634,-67651.48701259246
2025-01-17T13:29:27.000000,-8091.56259999983,-59525.025843072086,-67616.58844307192
2025-01-17T13:29:32.000000,-8091.56259999983,-59524.42717191824,-67615.98977191807
2025-01-17T13:29:32.000000,-8091.56259999983,-59489.528602397695,-67581.09120239753
2025-01-17T13:29:32.000000,-8091.56259999983,-59421.19810239769,-67512.76070239753
2025-01-17T13:29:37.000000,-8091.56259999983,-59386.29953287714,-67477.86213287698
2025-01-17T13:29:37.000000,-8091.56259999983,-59317.96903287714,-67409.53163287698
2025-01-17T13:29:42.000000,-8091.56259999983,-59264.72930000043,-67356.29190000027
2025-01-17T13:29:42.000000,-8091.56259999983,-59241.229700000426,-67332.79230000028
2025-01-17T13:35:07.000000,-8091.56259999983,-59405.900630769655,-67497.46323076951
2025-01-17T13:35:12.000000,-8091.56259999983,-59584.089669231194,-67675.65226923105
2025-01-17T13:35:17.000000,-8091.56259999983,-59783.28185769273,-67874.8444576926
2025-01-17T13:35:22.000000,-8091.56259999983,-59982.47404615427,-68074.03664615414
2025-01-17T13:35:27.000000,-8091.56259999983,-60181.666234615805,-68273.22883461569
2025-01-17T13:35:32.000000,-8091.56259999983,-60359.855273077344,-68451.41787307723
2025-01-17T13:35:37.000000,-8101.603344897791,-60359.855273077344,-68461.4586179752
2025-01-17T13:35:37.000000,-8101.603344897791,-60479.61595000042,-68581.21929489827
2025-01-17T13:35:42.000000,-8111.644089795753,-60479.61595000042,-68591.26003979624
2025-01-17T13:35:47.000000,-8121.684834693714,-60479.61595000042,-68601.3007846942
2025-01-17T13:35:52.000000,-8141.719079591674,-60479.61595000042,-68621.33502959217
2025-01-17T13:35:57.000000,-8159.749899999838,-60479.61595000042,-68639.36585000034
2025-01-17T13:37:12.000000,-8159.749899999838,-60556.45733834994,-68716.20723834985
2025-01-17T13:37:17.000000,-8159.749899999838,-60633.29872669945,-68793.04862669935
2025-01-17T13:37:22.000000,-8159.749899999838,-60710.14011504897,-68869.89001504886
2025-01-17T13:37:27.000000,-8159.749899999838,-60786.981503398485,-68946.73140339837
2025-01-17T13:37:32.000000,-8159.749899999838,-60823.816891748,-68983.56679174789
2025-01-17T13:37:37.000000,-8159.749899999838,-60826.34175000043,-68986.09165000031
2025-01-17T13:39:47.000000,-8340.490089189027,-60826.34175000043,-69166.8318391895
2025-01-17T13:39:52.000000,-8542.216628378215,-60826.34175000043,-69368.55837837869
2025-01-17T13:39:57.000000,-8729.952267567403,-60826.34175000043,-69556.29401756788
2025-01-17T13:40:02.000000,-8924.68335675659,-60826.34175000043,-69751.02510675706
2025-01-17T13:40:07.000000,-9112.418995945778,-60826.34175000043,-69938.76074594626
2025-01-17T13:40:12.000000,-9166.057749999833,-60826.34175000043,-69992.39950000032
2025-01-17T14:00:02.000000,-9166.057749999833,-60854.64150882396,-70020.69925882385
2025-01-17T14:03:47.000000,-9166.057749999833,-60870.51670882396,-70036.57445882384
2025-01-17T14:03:52.000000,-9166.057749999833,-60886.39190882396,-70052.44965882384
2025-01-17T14:03:57.000000,-9166.057749999833,-60902.267108823966,-70068.32485882383
2025-01-17T14:04:02.000000,-9166.057749999833,-60940.145608823965,-70106.20335882384
2025-01-17T14:04:07.000000,-9166.057749999833,-60978.02410882396,-70144.08185882385
2025-01-17T14:05:02.000000,-9166.057749999833,-60979.83448529455,-70145.89223529444
2025-01-17T14:05:07.000000,-9166.057749999833,-60981.64486176514,-70147.70261176502
2025-01-17T14:05:12.000000,-9166.057749999833,-60983.45523823573,-70149.51298823561
2025-01-17T14:05:17.000000,-9166.057749999833,-60988.26045000044,-70154.31820000031
2025-01-17T14:07:32.000000,-9166.057749999833,-61055.510435437325,-70221.56818543721
2025-01-17T14:11:57.000000,-9166.057749999833,-61059.06057718489,-70225.11832718478
2025-01-17T14:12:02.000000,-9166.057749999833,-61062.61071893246,-70228.66846893236
2025-01-17T14:12:07.000000,-9166.057749999833,-61066.16086068003,-70232.21861067993
2025-01-17T14:12:12.000000,-9166.057749999833,-61067.68235000042,-70233.74010000032
2025-01-17T14:33:32.000000,-9149.503959090742,-61067.68235000042,-70217.18630909122
2025-01-17T14:33:37.000000,-9138.946268181651,-61067.68235000042,-70206.62861818213
2025-01-17T14:33:42.000000,-9128.38857727256,-61067.68235000042,-70196.07092727305
2025-01-17T14:33:47.000000,-9117.83088636347,-61067.68235000042,-70185.51323636396
2025-01-17T14:33:52.000000,-9107.27319545438,-61067.68235000042,-70174.95554545487
2025-01-17T14:33:57.000000,-9101.994349999835,-61067.68235000042,-70169.67670000032
2025-01-17T14:37:07.000000,-9210.632299999834,-61067.68235000042,-70278.31465000032
2025-01-17T14:37:12.000000,-9319.270249999832,-61067.68235000042,-70386.95260000032
2025-01-17T14:37:17.000000,-9355.482899999832,-61067.68235000042,-70423.16525000033
2025-01-17T14:38:17.000000,-9366.341889705714,-61067.68235000042,-70434.02423970621
2025-01-17T14:39:17.000000,-9366.341889705714,-61058.302599450966,-70424.64448915675
2025-01-17T14:39:22.000000,-9366.341889705714,-61048.922848901515,-70415.2647386073
2025-01-17T14:39:27.000000,-9366.341889705714,-61039.543098352064,-70405.88498805783
2025-01-17T14:39:32.000000,-9366.341889705714,-61030.16334780261,-70396.50523750838
2025-01-17T14:39:37.000000,-9366.341889705714,-61020.78359725316,-70387.12548695892
2025-01-17T14:39:42.000000,-9366.341889705714,-61020.26250000041,-70386.60438970618
2025-01-17T14:42:27.000000,-9352.08326911748,-61020.26250000041,-70372.34576911794
2025-01-17T14:42:32.000000,-9337.824648529246,-61020.26250000041,-70358.0871485297
2025-01-17T14:42:37.000000,-9317.56992794101,-61020.26250000041,-70337.83242794147
2025-01-17T14:42:42.000000,-9297.315207352773,-61020.26250000041,-70317.57770735324
2025-01-17T14:42:47.000000,-9277.060486764536,-61020.26250000041,-70297.32298676501
2025-01-17T14:42:52.000000,-9274.68404999983,-61020.26250000041,-70294.9465500003
2025-01-20T09:57:12.000000,-9274.68404999983,-61123.60409000041,-70398.2881400003
2025-01-20T09:57:17.000000,-9274.68404999983,-61226.945680000405,-70501.62973000029
2025-01-20T09:57:22.000000,-9274.68404999983,-61330.2872700004,-70604.97132000029
2025-01-20T09:57:27.000000,-9274.68404999983,-61433.6288600004,-70708.31291000028
2025-01-20T09:57:32.000000,-9274.68404999983,-61536.97045000039,-70811.65450000028
2025-01-20T09:59:17.000000,-9274.68404999983,-61358.42121666706,-70633.10526666694
2025-01-20T09:59:22.000000,-9274.68404999983,-61179.87198333373,-70454.5560333336
2025-01-20T09:59:27.000000,-9274.68404999983,-61015.3248500004,-70290.00890000028
2025-01-20T09:59:32.000000,-9274.68404999983,-60878.78191666707,-70153.46596666695
2025-01-20T09:59:37.000000,-9274.68404999983,-60751.9920500004,-70026.67610000027
2025-01-20T10:04:57.000000,-9274.68404999983,-60880.2044000004,-70154.88845000028
2025-01-20T10:05:02.000000,-9274.68404999983,-61029.4199000004,-70304.10395000027
2025-01-20T10:05:07.000000,-9274.68404999983,-61178.6354000004,-70453.31945000026
2025-01-20T10:05:12.000000,-9274.68404999983,-61327.8509000004,-70602.53495000025
2025-01-20T10:05:17.000000,-9274.68404999983,-61477.066400000396,-70751.75045000024
2025-01-20T10:05:22.000000,-9274.68404999983,-61605.2787500004,-70879.96280000024
2025-01-20T10:05:27.000000,-9274.68404999983,-61754.494250000396,-71029.17830000023
2025-01-20T10:05:32.000000,-9274.68404999983,-61832.654750000394,-71107.33880000023
2025-01-20T10:05:52.000000,-9274.68404999983,-61863.81111153886,-71138.4951615387
2025-01-20T10:10:42.000000,-9274.68404999983,-61735.20563284063,-71009.88968284047
2025-01-20T10:10:47.000000,-9274.68404999983,-61627.60330414241,-70902.28735414225
2025-01-20T10:10:52.000000,-9274.68404999983,-61576.3641000004,-70851.04815000024
2025-01-20T10:12:57.000000,-9271.149630487636,-61576.3641000004,-70847.51373048803
2025-01-20T10:13:02.000000,-9267.615210975442,-61576.3641000004,-70843.97931097583
2025-01-20T10:13:07.000000,-9264.080791463248,-61576.3641000004,-70840.44489146363
2025-01-20T10:13:12.000000,-9276.535971951052,-61576.3641000004,-70852.90007195143
2025-01-20T10:13:17.000000,-9304.980752438856,-61576.3641000004,-70881.34485243923
2025-01-20T10:13:22.000000,-9308.536349999831,-61576.3641000004,-70884.9004500002
2025-01-20T10:24:07.000000,-9403.972349999829,-61576.3641000004,-70980.3364500002
2025-01-20T10:24:12.000000,-9515.397949999828,-61576.3641000004,-71091.76205000021
2025-01-20T10:24:17.000000,-9642.813149999825,-61576.3641000004,-71219.17725000021
2025-01-20T10:24:22.000000,-9754.238749999824,-61576.3641000004,-71330.60285000021
2025-01-20T10:24:27.000000,-9897.643549999824,-61576.3641000004,-71474.00765000022
2025-01-20T10:24:32.000000,-9917.567849999825,-61576.3641000004,-71493.93195000022
2025-01-20T10:26:07.000000,-9943.648624999825,-61576.3641000004,-71520.01272500021
2025-01-20T10:26:12.000000,-9949.897081395173,-61576.3641000004,-71526.26118139556
2025-01-20T10:30:57.000000,-9850.46679418587,-61576.3641000004,-71426.83089418625
2025-01-20T10:31:02.000000,-9765.027406976566,-61576.3641000004,-71341.39150697694
2025-01-20T10:31:07.000000,-9716.20489999982,-61576.3641000004,-71292.56900000019
2025-01-20T10:35:27.000000,-9716.20489999982,-61595.695788679644,-71311.90068867944
2025-01-20T10:35:32.000000,-9716.20489999982,-61615.02747735889,-71331.23237735868
2025-01-20T10:35:37.000000,-9716.20489999982,-61634.359166038135,-71350.56406603793
2025-01-20T10:35:42.000000,-9716.20489999982,-61653.69085471738,-71369.89575471717
2025-01-20T10:35:47.000000,-9716.20489999982,-61673.022543396626,-71389.22744339642
2025-01-20T10:35:52.000000,-9716.20489999982,-61673.9431000004,-71390.14800000019
2025-01-20T10:38:42.000000,-9716.20489999982,-61629.637970000396,-71345.8428700002
2025-01-20T10:38:47.000000,-9716.20489999982,-61595.3343400004,-71311.5392400002
2025-01-20T10:38:52.000000,-9716.20489999982,-61561.03071000041,-71277.2356100002
2025-01-20T10:38:57.000000,-9716.20489999982,-61516.725580000406,-71232.93048000021
2025-01-20T10:39:02.000000,-9716.20489999982,-61472.420450000405,-71188.62535000022
2025-01-20T10:39:17.000000,-9716.20489999982,-61449.853850709624,-71166.05875070945
2025-01-20T10:39:22.000000,-9716.20489999982,-61437.28875141884,-71153.49365141867
2025-01-20T10:39:27.000000,-9716.20489999982,-61404.72065212806,-71120.92555212788
2025-01-20T10:39:32.000000,-9716.20489999982,-61382.15405283728,-71098.35895283711
2025-01-20T10:39:37.000000,-9716.20489999982,-61359.5874535465,-71075.79235354633
2025-01-20T10:39:42.000000,-9716.20489999982,-61337.020854255716,-71053.22575425556
2025-01-20T10:39:47.000000,-9716.20489999982,-61314.454254964934,-71030.65915496479
2025-01-20T10:39:52.000000,-9716.20489999982,-61291.88765567415,-71008.09255567401
2025-01-20T10:39:57.000000,-9716.20489999982,-61259.31955638337,-70975.52445638322
2025-01-20T10:40:02.000000,-9716.20489999982,-61226.75145709259,-70942.95635709244
2025-01-20T10:40:07.000000,-9716.20489999982,-61184.181857801814,-70900.38675780167
2025-01-20T10:40:12.000000,-9716.20489999982,-61141.612258511035,-70857.8171585109
2025-01-20T10:40:17.000000,-9716.20489999982,-61109.044159220255,-70825.2490592201
2025-01-20T10:40:22.000000,-9716.20489999982,-61066.47455992948,-70782.67945992934
2025-01-20T10:40:27.000000,-9716.20489999982,-61062.2176000004,-70778.42250000026
2025-01-20T10:42:07.000000,-9716.20489999982,-60999.69999273543,-70715.9048927353
2025-01-20T10:42:12.000000,-9716.20489999982,-60914.178935470474,-70630.38383547033
2025-01-20T10:42:17.000000,-9716.20489999982,-60828.657878205515,-70544.86277820537
2025-01-20T10:42:22.000000,-9716.20489999982,-60743.136820940555,-70459.3417209404
2025-01-20T10:42:27.000000,-9716.20489999982,-60657.615763675596,-70373.82066367543
2025-01-20T10:42:32.000000,-9716.20489999982,-60650.17915000038,-70366.38405000023
2025-01-20T10:45:07.000000,-9716.20489999982,-60687.05830000038,-70403.26320000022
2025-01-20T10:45:12.000000,-9716.20489999982,-60702.91750000038,-70419.12240000023
2025-01-20T10:45:17.000000,-9716.20489999982,-60718.77670000038,-70434.98160000023
2025-01-20T10:46:17.000000,-9716.20489999982,-60808.38115000038,-70524.58605000023
2025-01-20T11:13:57.000000,-9716.20489999982,-60823.66915000038,-70539.87405000023
2025-01-20T11:14:02.000000,-9716.20489999982,-60838.95715000038,-70555.16205000023
2025-01-20T11:14:07.000000,-9716.20489999982,-60854.24515000038,-70570.45005000023
2025-01-20T11:14:12.000000,-9716.20489999982,-60869.53315000038,-70585.73805000023
2025-01-20T11:14:17.000000,-9716.20489999982,-60884.82115000038,-70601.02605000023
2025-01-20T11:14:22.000000,-9716.20489999982,-60887.73315000038,-70603.93805000023
2025-01-20T11:20:42.000000,-9716.20489999982,-60986.13357449018,-70702.33847449002
2025-01-20T11:20:52.000000,-9716.20489999982,-61050.70885306161,-70766.91375306145
2025-01-20T11:20:57.000000,-9716.20489999982,-61115.28413163304,-70831.48903163288
2025-01-20T11:21:02.000000,-9716.20489999982,-61179.859410204466,-70896.06431020431
2025-01-20T11:21:07.000000,-9716.20489999982,-61244.434688775895,-70960.63958877574
2025-01-20T11:21:12.000000,-9716.20489999982,-61309.00996734732,-71025.21486734717
2025-01-20T11:21:17.000000,-9716.20489999982,-61373.58524591875,-71089.7901459186
2025-01-20T11:21:22.000000,-9716.20489999982,-61438.16052449018,-71154.36542449002
2025-01-20T11:21:27.000000,-9716.20489999982,-61490.43575000038,-71206.64065000023
2025-01-20T11:24:37.000000,-9716.20489999982,-61614.064691176856,-71330.26959117671
2025-01-20T11:24:42.000000,-9716.20489999982,-61747.69513235333,-71463.90003235318
2025-01-20T11:24:47.000000,-9716.20489999982,-61881.3255735298,-71597.53047352965
2025-01-20T11:24:52.000000,-9716.20489999982,-62004.954514706274,-71721.15941470613
2025-01-20T11:24:57.000000,-9716.20489999982,-62138.58495588275,-71854.7898558826
2025-01-20T11:25:02.000000,-9716.20489999982,-62152.9481500004,-71869.15305000024
2025-01-20T11:27:32.000000,-9716.20489999982,-62150.66805000039,-71866.87295000024
2025-01-20T11:27:37.000000,-9716.20489999982,-62148.38795000039,-71864.59285000023
2025-01-20T11:27:42.000000,-9716.20489999982,-62146.107850000386,-71862.31275000023
2025-01-20T11:27:47.000000,-9716.20489999982,-62143.82775000038,-71860.03265000023
2025-01-20T11:27:52.000000,-9716.20489999982,-62141.54765000038,-71857.75255000022
2025-01-20T11:27:57.000000,-9716.20489999982,-62140.40760000038,-71856.61250000022
2025-01-20T13:07:17.000000,-9716.20489999982,-62114.79988235332,-71831.00478235316
2025-01-20T13:07:22.000000,-9716.20489999982,-62089.19216470626,-71805.3970647061
2025-01-20T13:07:27.000000,-9716.20489999982,-62063.584447059206,-71779.78934705905
2025-01-20T13:07:32.000000,-9716.20489999982,-62031.97582941215,-71748.180729412
2025-01-20T13:07:37.000000,-9716.20489999982,-62006.36811176509,-71722.57301176494
2025-01-20T13:07:42.000000,-9716.20489999982,-61989.29630000039,-71705.50120000023
2025-01-20T13:18:57.000000,-9716.20489999982,-62023.481937500386,-71739.68683750024
2025-01-20T13:19:02.000000,-9716.20489999982,-62069.66937500038,-71785.87427500024
2025-01-20T13:19:07.000000,-9716.20489999982,-62121.85771250038,-71838.06261250025
2025-01-20T13:19:12.000000,-9716.20489999982,-62174.046050000376,-71890.25095000025
2025-01-20T13:19:17.000000,-9716.20489999982,-62220.23348750037,-71936.43838750025
2025-01-20T13:19:22.000000,-9716.20489999982,-62266.42092500037,-71982.62582500026
2025-01-20T13:19:27.000000,-9716.20489999982,-62318.609262500366,-72034.81416250026
2025-01-20T13:19:32.000000,-9716.20489999982,-62388.80030000037,-72105.00520000026
2025-01-20T13:24:02.000000,-9716.20489999982,-62409.40152047656,-72125.60642047646
2025-01-20T13:24:07.000000,-9716.20489999982,-62406.99929095275,-72123.20419095265
2025-01-20T13:24:12.000000,-9716.20489999982,-62404.59706142894,-72120.80196142884
2025-01-20T13:24:17.000000,-9716.20489999982,-62402.19483190513,-72118.39973190502
2025-01-20T13:24:22.000000,-9716.20489999982,-62400.837050000366,-72117.04195000026
2025-01-20T13:25:17.000000,-9716.20489999982,-62406.586627143224,-72122.79152714311
2025-01-20T13:25:22.000000,-9716.20489999982,-62412.33620428608,-72128.54110428596
2025-01-20T13:25:27.000000,-9716.20489999982,-62424.08668142894,-72140.29158142883
2025-01-20T13:25:32.000000,-9716.20489999982,-62447.838958571796,-72164.04385857169
2025-01-20T13:25:37.000000,-9716.20489999982,-62471.59123571465,-72187.79613571455
2025-01-20T13:25:42.000000,-9716.20489999982,-62491.38480000036,-72207.58970000027
2025-01-20T13:27:12.000000,-9716.20489999982,-62461.51132500036,-72177.71622500027
2025-01-20T13:27:17.000000,-9716.20489999982,-62431.63785000036,-72147.84275000027
2025-01-20T13:27:22.000000,-9716.20489999982,-62401.76437500036,-72117.96927500027
2025-01-20T13:27:27.000000,-9716.20489999982,-62380.89225000036,-72097.09715000028
2025-01-20T13:27:32.000000,-9716.20489999982,-62360.02012500036,-72076.22502500028
2025-01-20T13:27:37.000000,-9716.20489999982,-62357.70100000036,-72073.90590000029
2025-01-20T13:31:12.000000,-9716.20489999982,-62354.35900000036,-72070.56390000028
2025-01-20T13:40:47.000000,-9716.20489999982,-62353.80670000036,-72070.01160000029
2025-01-20T14:13:32.000000,-9678.367367452653,-62353.80670000036,-72032.17406745312
2025-01-20T14:13:37.000000,-9640.529834905485,-62353.80670000036,-71994.33653490595
2025-01-20T14:13:42.000000,-9623.678652358318,-62353.80670000036,-71977.48535235878
2025-01-20T14:13:47.000000,-9606.82746981115,-62353.80670000036,-71960.63416981162
2025-01-20T14:13:52.000000,-9589.976287263984,-62353.80670000036,-71943.78298726445
2025-01-20T14:13:57.000000,-9589.173849999834,-62353.80670000036,-71942.9805500003
2025-01-21T09:46:57.000000,-9794.799196153679,-62353.80670000036,-72148.60589615414
2025-01-21T09:51:42.000000,-9794.799196153679,-62358.78848972639,-72153.58768588018
2025-01-21T09:51:47.000000,-9856.486799999833,-62358.78848972639,-72215.27528972633
2025-01-21T09:51:47.000000,-9856.486799999833,-62363.770279452416,-72220.25707945236
2025-01-21T09:51:52.000000,-9856.486799999833,-62359.750719178446,-72216.2375191784
2025-01-21T09:51:57.000000,-9856.486799999833,-62373.733858904474,-72230.22065890442
2025-01-21T09:52:02.000000,-9856.486799999833,-62423.7223986305,-72280.20919863046
2025-01-21T09:52:07.000000,-9856.486799999833,-62500.71498835653,-72357.20178835648
2025-01-21T09:52:12.000000,-9856.486799999833,-62568.706228082556,-72425.19302808252
2025-01-21T09:52:17.000000,-9856.486799999833,-62627.696117808584,-72484.18291780855
2025-01-21T09:52:22.000000,-9856.486799999833,-62632.25025000037,-72488.73705000033
2025-01-21T09:59:22.000000,-9856.486799999833,-62506.29364215723,-72362.7804421572
2025-01-21T09:59:27.000000,-9856.486799999833,-62390.33853431409,-72246.82533431405
2025-01-21T09:59:32.000000,-9856.486799999833,-62274.38342647095,-72130.87022647091
2025-01-21T09:59:37.000000,-9856.486799999833,-62158.42831862781,-72014.91511862777
2025-01-21T09:59:42.000000,-9856.486799999833,-62052.47471078467,-71908.96151078463
2025-01-21T09:59:47.000000,-9856.486799999833,-62041.87935000036,-71898.36615000032
2025-01-21T10:00:12.000000,-9856.486799999833,-61841.34441000036,-71697.83121000032
2025-01-21T10:00:17.000000,-9856.486799999833,-61640.809470000364,-71497.29627000033
2025-01-21T10:00:22.000000,-9856.486799999833,-61440.274530000366,-71296.76133000033
2025-01-21T10:00:27.000000,-9856.486799999833,-61230.73824000037,-71087.22504000032
2025-01-21T10:00:32.000000,-9856.486799999833,-61012.20060000037,-70868.68740000033
2025-01-21T10:00:37.000000,-9856.486799999833,-60793.662960000365,-70650.14976000033
2025-01-21T10:00:42.000000,-9856.486799999833,-60768.380850000365,-70624.86765000033
2025-01-21T10:14:22.000000,-9720.223172092854,-60768.380850000365,-70488.60402209335
2025-01-21T10:14:27.000000,-9575.964744185878,-60768.380850000365,-70344.34559418638
2025-01-21T10:14:32.000000,-9431.706316278902,-60768.380850000365,-70200.08716627941
2025-01-21T10:14:37.000000,-9287.447888371926,-60768.380850000365,-70055.82873837244
2025-01-21T10:14:42.000000,-9143.18946046495,-60768.380850000365,-69911.57031046547
2025-01-21T10:14:47.000000,-9092.090599999832,-60768.380850000365,-69860.47145000035
2025-01-21T10:15:12.000000,-9074.953261864242,-60768.380850000365,-69843.33411186475
2025-01-21T10:15:17.000000,-9057.815923728653,-60768.380850000365,-69826.19677372916
2025-01-21T10:15:22.000000,-9040.678585593063,-60768.380850000365,-69809.05943559356
2025-01-21T10:15:27.000000,-9034.534097457476,-60768.380850000365,-69802.91494745798
2025-01-21T10:15:32.000000,-9017.396759321886,-60768.380850000365,-69785.77760932238
2025-01-21T10:15:37.000000,-9011.164999999854,-60768.380850000365,-69779.54585000034
2025-01-21T10:42:17.000000,-9061.147767105116,-60768.380850000365,-69829.5286171056
2025-01-21T10:42:22.000000,-9111.130534210379,-60768.380850000365,-69879.51138421087
2025-01-21T10:42:27.000000,-9143.12500131564,-60768.380850000365,-69911.50585131613
2025-01-21T10:42:32.000000,-9175.119468420902,-60768.380850000365,-69943.5003184214
2025-01-21T10:42:37.000000,-9225.102235526165,-60768.380850000365,-69993.48308552666
2025-01-21T10:42:42.000000,-9275.085002631427,-60768.380850000365,-70043.46585263193
2025-01-21T10:42:47.000000,-9325.06776973669,-60768.380850000365,-70093.44861973719
2025-01-21T10:42:52.000000,-9366.056386841954,-60768.380850000365,-70134.43723684245
2025-01-21T10:42:57.000000,-9380.276149999849,-60768.380850000365,-70148.65700000034
2025-01-21T10:44:12.000000,-9370.746926470438,-60768.380850000365,-70139.12777647092
2025-01-21T10:48:17.000000,-9370.746926470438,-61004.02505000037,-70374.77197647093
2025-01-21T10:49:12.000000,-9415.107272150586,-61004.02505000037,-70419.13232215108
2025-01-21T10:49:17.000000,-9477.455917830735,-61004.02505000037,-70481.48096783123
2025-01-21T10:49:22.000000,-9548.798713510881,-61004.02505000037,-70552.82376351138
2025-01-21T10:49:27.000000,-9588.433599999851,-61004.02505000037,-70592.45865000035
2025-01-21T10:50:37.000000,-9588.433599999851,-61130.689984328725,-70719.12358432871
2025-01-21T10:50:42.000000,-9588.433599999851,-61257.35491865708,-70845.78851865708
2025-01-21T10:50:47.000000,-9588.433599999851,-61373.01820298544,-70961.45180298544
2025-01-21T10:50:52.000000,-9588.433599999851,-61477.67983731379,-71066.11343731379
2025-01-21T10:50:57.000000,-9588.433599999851,-61571.339821642156,-71159.77342164215
2025-01-21T10:51:02.000000,-9588.433599999851,-61642.996505970514,-71231.43010597052
2025-01-21T10:51:07.000000,-9588.433599999851,-61650.510900000365,-71238.94450000036
2025-01-21T11:08:52.000000,-9588.433599999851,-61685.33502692344,-71273.76862692344
2025-01-21T11:09:12.000000,-9588.433599999851,-61739.82321383933,-71328.25681383933
2025-01-21T11:11:17.000000,-9588.433599999851,-61773.466067685484,-71361.89966768547
2025-01-21T11:11:22.000000,-9588.433599999851,-61813.10982153164,-71401.54342153163
2025-01-21T11:11:27.000000,-9588.433599999851,-61852.75357537779,-71441.1871753778
2025-01-21T11:11:32.000000,-9588.433599999851,-61892.397329223946,-71480.83092922396
2025-01-21T11:11:32.000000,-9588.433599999851,-61985.81937174731,-71574.25297174732
2025-01-21T11:11:37.000000,-9588.433599999851,-62037.464925593464,-71625.89852559348
2025-01-21T11:11:37.000000,-9588.433599999851,-62130.88696811683,-71719.32056811685
2025-01-21T11:11:42.000000,-9588.433599999851,-62182.53252196298,-71770.966121963
2025-01-21T11:11:42.000000,-9588.433599999851,-62275.95456448635,-71864.38816448637
2025-01-21T11:11:47.000000,-9588.433599999851,-62339.6019183325,-71928.03551833253
2025-01-21T11:11:47.000000,-9588.433599999851,-62433.02396085586,-72021.4575608559
2025-01-21T11:11:52.000000,-9588.433599999851,-62496.67131470201,-72085.10491470205
2025-01-21T11:11:52.000000,-9588.433599999851,-62554.50400769267,-72142.9376076927
2025-01-21T11:11:57.000000,-9588.433599999851,-62564.11175000036,-72152.5453500004
2025-01-21T11:14:07.000000,-9588.433599999851,-62696.45066666703,-72284.88426666707
2025-01-21T11:14:12.000000,-9588.433599999851,-62854.7934833337,-72443.22708333374
2025-01-21T11:14:17.000000,-9588.433599999851,-63013.13630000037,-72601.56990000041
2025-01-21T11:14:22.000000,-9588.433599999851,-63197.483016667036,-72785.91661666708
2025-01-21T11:14:27.000000,-9588.433599999851,-63381.8297333337,-72970.26333333374
2025-01-21T11:14:32.000000,-9588.433599999851,-63434.55120000037,-73022.98480000041
2025-01-21T11:15:12.000000,-9588.433599999851,-63506.57708235332,-73095.01068235336
2025-01-21T11:15:17.000000,-9588.433599999851,-63588.60446470626,-73177.0380647063
2025-01-21T11:15:22.000000,-9588.433599999851,-63670.6318470592,-73259.06544705924
2025-01-21T11:15:27.000000,-9588.433599999851,-63762.66072941215,-73351.09432941218
2025-01-21T11:15:32.000000,-9588.433599999851,-63854.6896117651,-73443.12321176512
2025-01-21T11:15:37.000000,-9588.433599999851,-63863.892500000395,-73452.32610000041
2025-01-21T11:15:57.000000,-9588.433599999851,-63900.6036500004,-73489.03725000042
2025-01-21T11:16:22.000000,-9588.433599999851,-63907.9003100004,-73496.33391000042
2025-01-21T11:20:57.000000,-9588.433599999851,-63978.2064200004,-73566.64002000043
2025-01-21T11:20:57.000000,-9588.433599999851,-64036.71188716458,-73625.14548716461
2025-01-21T11:21:02.000000,-9588.433599999851,-64086.01484716458,-73674.44844716461
2025-01-21T11:21:07.000000,-9588.433599999851,-64146.80769716458,-73735.24129716461
2025-01-21T11:21:07.000000,-9588.433599999851,-64196.11065716458,-73784.54425716461
2025-01-21T11:21:12.000000,-9588.433599999851,-64287.41991716458,-73875.85351716462
2025-01-21T11:21:52.000000,-9588.433599999851,-64396.877164824924,-73985.31076482497
2025-01-21T11:21:57.000000,-9588.433599999851,-64506.33441248527,-74094.76801248532
2025-01-21T11:22:02.000000,-9588.433599999851,-64541.345412485265,-74129.77901248532
2025-01-21T11:22:02.000000,-9588.433599999851,-64650.80266014561,-74239.23626014567
2025-01-21T11:22:07.000000,-9588.433599999851,-64708.26436014561,-74296.69796014567
2025-01-21T11:22:07.000000,-9588.433599999851,-64830.723557805955,-74419.15715780601
2025-01-21T11:22:12.000000,-9588.433599999851,-64966.1847054663,-74554.61830546636
2025-01-21T11:22:17.000000,-9588.433599999851,-65059.96550000039,-74648.39910000045
2025-01-21T11:23:37.000000,-9588.433599999851,-65246.788500000395,-74835.22210000045
2025-01-21T11:23:52.000000,-9588.433599999851,-65329.54090000039,-74917.97450000045
2025-01-21T11:27:12.000000,-9588.433599999851,-65289.22723333373,-74877.66083333378
2025-01-21T11:27:17.000000,-9588.433599999851,-65238.912066667064,-74827.34566666711
2025-01-21T11:27:22.000000,-9588.433599999851,-65188.5969000004,-74777.03050000044
2025-01-21T11:27:27.000000,-9588.433599999851,-65148.283233333736,-74736.71683333378
2025-01-21T11:27:32.000000,-9588.433599999851,-65097.96806666707,-74686.40166666711
2025-01-21T11:27:37.000000,-9588.433599999851,-65037.6514000004,-74626.08500000044
2025-01-21T11:27:42.000000,-9588.433599999851,-64992.367750000405,-74580.80135000045
2025-01-21T11:27:52.000000,-9588.433599999851,-65056.346957229325,-74644.78055722936
2025-01-21T11:27:57.000000,-9588.433599999851,-65120.326164458245,-74708.75976445827
2025-01-21T11:28:02.000000,-9588.433599999851,-65184.305371687165,-74772.73897168718
2025-01-21T11:28:07.000000,-9588.433599999851,-65248.284578916086,-74836.7181789161
2025-01-21T11:28:12.000000,-9588.433599999851,-65312.263786145006,-74900.69738614501
2025-01-21T11:28:17.000000,-9588.433599999851,-65376.242993373926,-74964.67659337392
2025-01-21T11:28:22.000000,-9588.433599999851,-65440.222200602846,-75028.65580060284
2025-01-21T11:28:27.000000,-9588.433599999851,-65475.11995000044,-75063.55355000043
2025-01-21T11:28:52.000000,-9588.433599999851,-65524.067633673905,-75112.5012336739
2025-01-21T11:28:57.000000,-9588.433599999851,-65573.01531734738,-75161.44891734737
2025-01-21T11:29:02.000000,-9588.433599999851,-65621.96300102085,-75210.39660102084
2025-01-21T11:29:07.000000,-9588.433599999851,-65690.91368469431,-75279.3472846943
2025-01-21T11:29:12.000000,-9588.433599999851,-65743.96795000044,-75332.40155000043
2025-01-21T13:01:42.000000,-9588.433599999851,-65643.45122500045,-75231.88482500044
2025-01-21T13:01:47.000000,-9588.433599999851,-65542.93450000045,-75131.36810000044
2025-01-21T13:01:52.000000,-9588.433599999851,-65433.416425000454,-75021.85002500044
2025-01-21T13:01:57.000000,-9588.433599999851,-65323.898350000454,-74912.33195000044
2025-01-21T13:02:02.000000,-9588.433599999851,-65242.55135000045,-74830.98495000045
2025-01-21T13:02:12.000000,-9588.433599999851,-65279.312900000456,-74867.74650000044
2025-01-21T13:02:17.000000,-9588.433599999851,-65316.07445000046,-74904.50805000044
2025-01-21T13:02:22.000000,-9588.433599999851,-65320.576850000456,-74909.01045000044
2025-01-21T13:04:17.000000,-9588.433599999851,-65180.63214230815,-74769.06574230813
2025-01-21T13:04:22.000000,-9588.433599999851,-65040.68743461585,-74629.12103461582
2025-01-21T13:04:27.000000,-9588.433599999851,-64900.74272692355,-74489.17632692351
2025-01-21T13:04:32.000000,-9588.433599999851,-64760.798019231246,-74349.2316192312
2025-01-21T13:04:37.000000,-9588.433599999851,-64620.853311538944,-74209.28691153889
2025-01-21T13:04:42.000000,-9588.433599999851,-64493.63085000048,-74082.06445000043
2025-01-21T13:09:12.000000,-9588.433599999851,-64378.84341122497,-73967.27701122491
2025-01-21T13:09:17.000000,-9588.433599999851,-64306.14470000048,-73894.57830000042
2025-01-21T13:15:12.000000,-9588.433599999851,-64249.9095189194,-73838.34311891934
2025-01-21T13:15:17.000000,-9588.433599999851,-64193.67433783832,-73782.10793783826
2025-01-21T13:15:22.000000,-9588.433599999851,-64137.43915675724,-73725.87275675718
2025-01-21T13:15:27.000000,-9588.433599999851,-64116.990000000485,-73705.42360000042
2025-01-21T13:26:52.000000,-9588.433599999851,-64078.96985000049,-73667.40345000042
2025-01-21T13:31:32.000000,-9644.302249999851,-64078.96985000049,-73723.27210000042
2025-01-21T13:34:42.000000,-9644.302249999851,-64084.1332117652,-73728.43546176513
2025-01-21T13:34:47.000000,-9644.302249999851,-64095.29747352991,-73739.59972352983
2025-01-21T13:34:52.000000,-9644.302249999851,-64106.461735294615,-73750.76398529453
2025-01-21T13:34:57.000000,-9644.302249999851,-64123.62689705932,-73767.92914705923
2025-01-21T13:35:02.000000,-9644.302249999851,-64146.79295882403,-73791.09520882393
2025-01-21T13:35:07.000000,-9644.302249999851,-64162.2370000005,-73806.5392500004
2025-01-21T13:53:22.000000,-9644.302249999851,-64050.12655223931,-73694.4288022392
2025-01-21T13:53:27.000000,-9644.302249999851,-63938.01610447811,-73582.318354478
2025-01-21T13:53:32.000000,-9644.302249999851,-63825.90565671692,-73470.20790671681
2025-01-21T13:53:37.000000,-9644.302249999851,-63713.79520895572,-73358.09745895561
2025-01-21T13:53:42.000000,-9644.302249999851,-63601.68476119453,-73245.98701119442
2025-01-21T13:53:47.000000,-9644.302249999851,-63584.4370000005,-73228.73925000039
2025-01-21T14:01:37.000000,-9644.302249999851,-63744.1514000005,-73388.45365000039
2025-01-21T14:01:42.000000,-9644.302249999851,-63903.865800000494,-73548.16805000039
2025-01-21T14:01:47.000000,-9644.302249999851,-64044.577350000494,-73688.8796000004
2025-01-21T14:01:52.000000,-9644.302249999851,-64185.288900000494,-73829.5911500004
2025-01-21T14:01:57.000000,-9644.302249999851,-64326.000450000494,-73970.30270000041
2025-01-21T14:12:37.000000,-9644.302249999851,-64319.689885714775,-73963.9921357147
2025-01-21T14:12:42.000000,-9644.302249999851,-64319.38022142906,-73963.68247142898
2025-01-21T14:12:47.000000,-9644.302249999851,-64319.07055714335,-73963.37280714327
2025-01-21T14:12:52.000000,-9644.302249999851,-64312.75999285763,-73957.06224285756
2025-01-21T14:12:57.000000,-9644.302249999851,-64306.44942857191,-73950.75167857185
2025-01-21T14:13:02.000000,-9644.302249999851,-64306.1397642862,-73950.44201428613
2025-01-21T14:13:07.000000,-9644.302249999851,-64299.82920000048,-73944.13145000042
2025-01-21T14:13:17.000000,-9644.302249999851,-64244.43414583382,-73888.73639583375
2025-01-21T14:13:22.000000,-9644.302249999851,-64189.03909166715,-73833.34134166708
2025-01-21T14:13:27.000000,-9644.302249999851,-64133.64403750049,-73777.94628750041
2025-01-21T14:13:32.000000,-9644.302249999851,-64078.248983333826,-73722.55123333374
2025-01-21T14:13:37.000000,-9644.302249999851,-64036.85602916716,-73681.15827916708
2025-01-21T14:13:42.000000,-9644.302249999851,-64030.9427500005,-73675.24500000042
2025-01-21T14:21:42.000000,-9644.302249999851,-64050.034150000494,-73694.33640000042
2025-01-21T14:27:12.000000,-9644.302249999851,-64057.95030000049,-73702.25255000043
2025-01-21T14:28:22.000000,-9644.302249999851,-64076.80170474187,-73721.1039547418
2025-01-21T14:28:27.000000,-9644.302249999851,-64072.64965948325,-73716.95190948318
2025-01-21T14:28:32.000000,-9644.302249999851,-64068.49761422463,-73712.79986422455
2025-01-21T14:28:37.000000,-9644.302249999851,-64064.34556896601,-73708.64781896592
2025-01-21T14:28:42.000000,-9644.302249999851,-64060.19352370739,-73704.4957737073
2025-01-21T14:28:47.000000,-9644.302249999851,-64060.013000000494,-73704.3152500004
2025-01-21T14:38:17.000000,-9619.183818627303,-64060.013000000494,-73679.19681862785
2025-01-21T14:38:22.000000,-9594.065387254755,-64060.013000000494,-73654.0783872553
2025-01-21T14:38:27.000000,-9558.953455882207,-64060.013000000494,-73618.96645588275
2025-01-21T14:38:32.000000,-9523.841524509658,-64060.013000000494,-73583.8545245102
2025-01-21T14:38:37.000000,-9488.72959313711,-64060.013000000494,-73548.74259313765
2025-01-21T14:38:42.000000,-9485.218399999854,-64060.013000000494,-73545.2314000004
2025-01-22T09:59:02.000000,-9485.218399999854,-64050.60827187549,-73535.8266718754
2025-01-22T09:59:07.000000,-9485.218399999854,-64054.205493750494,-73539.4238937504
2025-01-22T09:59:12.000000,-9485.218399999854,-64057.8027156255,-73543.0211156254
2025-01-22T09:59:17.000000,-9485.218399999854,-64061.3999375005,-73546.61833750039
2025-01-22T09:59:22.000000,-9485.218399999854,-64100.725850000505,-73585.9442500004
2025-01-22T10:00:42.000000,-9506.16028839271,-64100.725850000505,-73606.88613839325
2025-01-22T10:05:17.000000,-9548.044065178423,-64100.725850000505,-73648.76991517897
2025-01-22T10:05:22.000000,-9589.927841964136,-64100.725850000505,-73690.65369196469
2025-01-22T10:05:27.000000,-9609.82591874985,-64100.725850000505,-73710.5517687504
2025-01-22T10:05:32.000000,-9629.723995535564,-64100.725850000505,-73730.44984553612
2025-01-22T10:05:37.000000,-9654.473499999849,-64100.725850000505,-73755.1993500004
2025-01-22T10:09:27.000000,-9654.473499999849,-64269.934754255824,-73924.40825425572
2025-01-22T10:09:32.000000,-9654.473499999849,-64457.14635851114,-74111.61985851103
2025-01-22T10:09:37.000000,-9654.473499999849,-64662.36066276646,-74316.83416276635
2025-01-22T10:09:42.000000,-9654.473499999849,-64858.57361702178,-74513.04711702166
2025-01-22T10:09:47.000000,-9654.473499999849,-65054.786571277094,-74709.26007127698
2025-01-22T10:09:52.000000,-9654.473499999849,-65100.3897500005,-74754.86325000039
2025-01-22T10:11:42.000000,-9654.473499999849,-65094.783907143355,-74749.25740714325
2025-01-22T10:11:47.000000,-9654.473499999849,-65068.17491428622,-74722.6484142861
2025-01-22T10:11:52.000000,-9654.473499999849,-65041.56592142908,-74696.03942142896
2025-01-22T10:11:57.000000,-9654.473499999849,-65014.95692857194,-74669.43042857181
2025-01-22T10:12:02.000000,-9654.473499999849,-65009.3510857148,-74663.82458571467
2025-01-22T10:12:07.000000,-9654.473499999849,-64982.74209285766,-74637.21559285752
2025-01-22T10:12:12.000000,-9654.473499999849,-64977.13625000052,-74631.60975000038
2025-01-22T10:12:37.000000,-9654.473499999849,-65021.75796530664,-74676.23146530651
2025-01-22T10:12:42.000000,-9654.473499999849,-65093.38373061277,-74747.85723061263
2025-01-22T10:12:47.000000,-9654.473499999849,-65165.009495918894,-74819.48299591875
2025-01-22T10:12:52.000000,-9654.473499999849,-65245.63661122502,-74900.11011122487
2025-01-22T10:12:57.000000,-9654.473499999849,-65326.26372653114,-74980.737226531
2025-01-22T10:13:02.000000,-9654.473499999849,-65366.09860000053,-75020.57210000038
2025-01-22T10:15:57.000000,-9654.473499999849,-65355.408319286245,-75009.88181928609
2025-01-22T10:16:02.000000,-9654.473499999849,-65344.71803857196,-74999.1915385718
2025-01-22T10:16:07.000000,-9654.473499999849,-65334.02775785768,-74988.50125785751
2025-01-22T10:16:12.000000,-9654.473499999849,-65297.33357714339,-74951.80707714322
2025-01-22T10:16:17.000000,-9654.473499999849,-65247.63744642911,-74902.11094642895
2025-01-22T10:16:22.000000,-9654.473499999849,-65228.52355000054,-74882.99705000038
2025-01-22T10:18:42.000000,-9654.473499999849,-65282.31176132129,-74936.78526132114
2025-01-22T10:18:47.000000,-9654.473499999849,-65336.09997264204,-74990.5734726419
2025-01-22T10:18:52.000000,-9654.473499999849,-65379.331972642045,-75033.8054726419
2025-01-22T10:18:52.000000,-9654.473499999849,-65433.1201839628,-75087.59368396267
2025-01-22T10:18:57.000000,-9654.473499999849,-65476.3521839628,-75130.82568396267
2025-01-22T10:18:57.000000,-9654.473499999849,-65530.14039528355,-75184.61389528343
2025-01-22T10:19:02.000000,-9654.473499999849,-65573.37239528356,-75227.84589528343
2025-01-22T10:19:02.000000,-9654.473499999849,-65627.16060660432,-75281.6341066042
2025-01-22T10:19:07.000000,-9654.473499999849,-65650.38960660432,-75304.8631066042
2025-01-22T10:19:07.000000,-9654.473499999849,-65652.95095000055,-75307.42445000043
2025-01-22T10:19:12.000000,-9654.473499999849,-65676.17995000056,-75330.65345000043
2025-01-22T10:19:17.000000,-9654.473499999849,-65699.40895000056,-75353.88245000044
2025-01-22T10:19:22.000000,-9654.473499999849,-65722.63795000057,-75377.11145000045
2025-01-22T10:19:27.000000,-9654.473499999849,-65745.86695000058,-75400.34045000045
2025-01-22T10:19:32.000000,-9654.473499999849,-65769.09595000058,-75423.56945000046
2025-01-22T10:19:37.000000,-9654.473499999849,-65773.74175000058,-75428.21525000046
2025-01-22T10:24:32.000000,-9654.473499999849,-65884.31965674661,-75538.79315674648
2025-01-22T10:24:37.000000,-9654.473499999849,-65994.89756349263,-75649.37106349251
2025-01-22T10:24:42.000000,-9654.473499999849,-66080.47172023867,-75734.94522023854
2025-01-22T10:24:47.000000,-9654.473499999849,-66191.04962698469,-75845.52312698457
2025-01-22T10:24:52.000000,-9654.473499999849,-66276.62378373073,-75931.0972837306
2025-01-22T10:24:57.000000,-9654.473499999849,-66280.04675000056,-75934.52025000044
2025-01-22T10:27:07.000000,-9654.473499999849,-66295.40675000056,-75949.88025000044
2025-01-22T10:27:12.000000,-9654.473499999849,-66310.76675000056,-75965.24025000044
2025-01-22T10:27:17.000000,-9654.473499999849,-66326.12675000056,-75980.60025000044
2025-01-22T10:27:22.000000,-9654.473499999849,-66341.48675000056,-75995.96025000044
2025-01-22T10:27:27.000000,-9654.473499999849,-66336.84375000057,-75991.31725000044
2025-01-22T10:27:32.000000,-9654.473499999849,-66335.91515000057,-75990.38865000044
2025-01-22T10:39:27.000000,-9654.473499999849,-66395.35695000057,-76049.83045000045
2025-01-22T10:39:32.000000,-9654.473499999849,-66454.79875000057,-76109.27225000045
2025-01-22T10:39:37.000000,-9654.473499999849,-66514.24055000057,-76168.71405000045
2025-01-22T10:39:42.000000,-9654.473499999849,-66573.68235000057,-76228.15585000045
2025-01-22T10:39:47.000000,-9654.473499999849,-66633.12415000057,-76287.59765000045
2025-01-22T10:39:52.000000,-9654.473499999849,-66643.93175000057,-76298.40525000045
2025-01-22T10:43:47.000000,-9654.473499999849,-66575.62715000057,-76230.10065000044
2025-01-22T10:43:52.000000,-9654.473499999849,-66528.32570000057,-76182.79920000045
2025-01-22T10:43:57.000000,-9654.473499999849,-66460.02110000057,-76114.49460000044
2025-01-22T10:44:02.000000,-9654.473499999849,-66412.71965000057,-76067.19315000044
2025-01-22T10:44:07.000000,-9654.473499999849,-66365.41820000057,-76019.89170000044
2025-01-22T10:44:12.000000,-9654.473499999849,-66362.16560000056,-76016.63910000044
2025-01-22T10:51:32.000000,-9654.473499999849,-66485.2182488241,-76139.69174882397
2025-01-22T10:53:52.000000,-9654.473499999849,-66525.24093117703,-76179.71443117691
2025-01-22T10:53:57.000000,-9654.473499999849,-66565.26361352997,-76219.73711352985
2025-01-22T10:54:02.000000,-9654.473499999849,-66569.26755000056,-76223.74105000043
2025-01-22T10:58:32.000000,-9654.473499999849,-66530.42611000055,-76184.89961000043
2025-01-22T10:58:37.000000,-9654.473499999849,-66505.58677000056,-76160.06027000044
2025-01-22T10:58:42.000000,-9654.473499999849,-66480.74743000057,-76135.22093000045
2025-01-22T10:58:47.000000,-9654.473499999849,-66455.90809000058,-76110.38159000046
2025-01-22T10:58:52.000000,-9654.473499999849,-66431.06875000059,-76085.54225000046
2025-01-22T11:01:17.000000,-9654.473499999849,-66711.16741511687,-76365.64091511675
2025-01-22T11:01:22.000000,-9654.473499999849,-66965.26218023316,-76619.73568023303
2025-01-22T11:01:27.000000,-9654.473499999849,-67219.35694534944,-76873.83044534932
2025-01-22T11:01:33.000000,-9654.473499999849,-67317.5429500006,-76972.01645000048
2025-01-22T11:04:37.000000,-9654.473499999849,-67378.62677058883,-77033.10027058871
2025-01-22T11:04:42.000000,-9654.473499999849,-67433.70969117706,-77088.18319117694
2025-01-22T11:04:47.000000,-9654.473499999849,-67500.7944117653,-77155.26791176517
2025-01-22T11:04:52.000000,-9654.473499999849,-67567.87913235353,-77222.3526323534
2025-01-22T11:04:57.000000,-9654.473499999849,-67634.96385294176,-77289.43735294163
2025-01-22T11:05:02.000000,-9654.473499999849,-67683.68760000059,-77338.16110000046
2025-01-22T11:05:57.000000,-9654.473499999849,-67721.21410000058,-77375.68760000046
2025-01-22T11:06:02.000000,-9654.473499999849,-67758.74060000057,-77413.21410000045
2025-01-22T11:06:07.000000,-9654.473499999849,-67796.26710000056,-77450.74060000044
2025-01-22T11:06:12.000000,-9654.473499999849,-67833.79360000056,-77488.26710000043
2025-01-22T11:06:17.000000,-9654.473499999849,-67871.32010000055,-77525.79360000043
2025-01-22T11:07:37.000000,-9654.473499999849,-67840.22936666722,-77494.7028666671
2025-01-22T11:07:42.000000,-9654.473499999849,-67809.13863333389,-77463.61213333377
2025-01-22T11:07:47.000000,-9654.473499999849,-67778.04790000056,-77432.52140000043
2025-01-22T11:13:07.000000,-9654.473499999849,-67793.20844838765,-77447.68194838753
2025-01-22T11:16:32.000000,-9654.473499999849,-67724.93833901265,-77379.41183901252
2025-01-22T11:16:37.000000,-9654.473499999849,-67656.66822963764,-77311.14172963751
2025-01-22T11:16:42.000000,-9654.473499999849,-67588.39812026263,-77242.87162026251
2025-01-22T11:16:47.000000,-9654.473499999849,-67520.12801088762,-77174.6015108875
2025-01-22T11:16:52.000000,-9654.473499999849,-67451.85790151262,-77106.33140151249
2025-01-22T11:16:57.000000,-9654.473499999849,-67426.10074838762,-77080.5742483875
2025-01-22T11:17:42.000000,-9654.473499999849,-67340.53241458116,-76995.00591458104
2025-01-22T11:17:47.000000,-9654.473499999849,-67254.9640807747,-76909.43758077458
2025-01-22T11:17:52.000000,-9654.473499999849,-67181.39754696825,-76835.87104696812
2025-01-22T11:17:57.000000,-9654.473499999849,-67101.83011316179,-76756.30361316167
2025-01-22T11:18:02.000000,-9654.473499999849,-67022.26267935534,-76676.73617935521
2025-01-22T11:18:07.000000,-9654.473499999849,-66942.69524554888,-76597.16874554876
2025-01-22T11:18:12.000000,-9654.473499999849,-66863.12781174242,-76517.6013117423
2025-01-22T11:18:17.000000,-9654.473499999849,-66783.56037793597,-76438.03387793584
2025-01-22T11:18:22.000000,-9654.473499999849,-66763.03880000049,-76417.51230000037
2025-01-22T11:24:07.000000,-9665.314379999849,-66763.03880000049,-76428.35318000037
2025-01-22T11:24:12.000000,-9689.146809999847,-66763.03880000049,-76452.18561000036
2025-01-22T11:24:17.000000,-9712.979239999846,-66763.03880000049,-76476.01804000036
2025-01-22T11:24:22.000000,-9736.811669999845,-66763.03880000049,-76499.85047000035
2025-01-22T11:24:27.000000,-9773.635649999846,-66763.03880000049,-76536.67445000036
2025-01-22T11:28:37.000000,-9773.635649999846,-66759.53110000049,-76533.16675000035
2025-01-22T13:10:12.000000,-9773.635649999846,-66765.66765921102,-76539.30330921088
2025-01-22T13:14:47.000000,-9773.635649999846,-66843.97328750048,-76617.60893750035
2025-01-22T13:14:52.000000,-9773.635649999846,-66922.27891578995,-76695.91456578982
2025-01-22T13:14:57.000000,-9773.635649999846,-66987.58259407943,-76761.2182440793
2025-01-22T13:15:02.000000,-9773.635649999846,-67052.88627236891,-76826.52192236877
2025-01-22T13:15:07.000000,-9773.635649999846,-67105.18800065838,-76878.82365065825
2025-01-22T13:15:12.000000,-9773.635649999846,-67125.30405000049,-76898.93970000035
2025-01-22T13:34:32.000000,-9773.635649999846,-67113.59766535136,-76887.23331535123
2025-01-22T13:34:37.000000,-9773.635649999846,-67078.88783070225,-76852.52348070212
2025-01-22T13:34:42.000000,-9773.635649999846,-67067.18144605313,-76840.817096053
2025-01-22T13:34:47.000000,-9773.635649999846,-67032.47161140402,-76806.10726140389
2025-01-22T13:34:52.000000,-9773.635649999846,-66999.27090000051,-76772.90655000038
2025-01-22T13:36:37.000000,-9814.079399999848,-66999.27090000051,-76813.35030000038
2025-01-22T13:36:42.000000,-9879.50689999985,-66999.27090000051,-76878.77780000039
2025-01-22T13:36:47.000000,-9919.950649999852,-66999.27090000051,-76919.2215500004
2025-01-22T13:36:52.000000,-9985.378149999853,-66999.27090000051,-76984.6490500004
2025-01-22T13:36:57.000000,-10050.805649999855,-66999.27090000051,-77050.0765500004
2025-01-22T13:37:02.000000,-10053.422749999854,-66999.27090000051,-77052.69365000041
2025-01-22T13:47:52.000000,-10053.422749999854,-66964.44067500051,-77017.86342500041
2025-01-22T13:47:57.000000,-10053.422749999854,-66929.61045000052,-76983.03320000041
2025-01-22T13:48:02.000000,-10053.422749999854,-66903.78157500051,-76957.2043250004
2025-01-22T13:48:07.000000,-10053.422749999854,-66894.43295000051,-76947.85570000041
2025-01-22T13:48:37.000000,-10053.422749999854,-66968.76943148198,-77022.19218148188
2025-01-22T13:48:42.000000,-10053.422749999854,-67053.10741296347,-77106.53016296336
2025-01-22T13:48:47.000000,-10053.422749999854,-67137.44539444495,-77190.86814444484
2025-01-22T13:48:52.000000,-10053.422749999854,-67211.78187592642,-77265.20462592632
2025-01-22T13:48:57.000000,-10053.422749999854,-67286.11835740789,-77339.54110740779
2025-01-22T13:49:02.000000,-10053.422749999854,-67311.85235000048,-77365.27510000038
2025-01-22T13:55:57.000000,-10053.422749999854,-67348.84345000048,-77402.26620000038
2025-01-22T13:56:02.000000,-10053.422749999854,-67385.83455000048,-77439.25730000038
2025-01-22T13:56:07.000000,-10053.422749999854,-67422.82565000048,-77476.24840000038
2025-01-22T13:56:12.000000,-10053.422749999854,-67459.81675000048,-77513.23950000037
2025-01-22T13:56:17.000000,-10053.422749999854,-67496.80785000048,-77550.23060000037
2025-01-22T13:56:22.000000,-10053.422749999854,-67512.30295000048,-77565.72570000037
2025-01-22T14:16:37.000000,-10053.422749999854,-67549.74145000048,-77603.16420000038
2025-01-22T14:16:42.000000,-10053.422749999854,-67587.17995000049,-77640.60270000038
2025-01-22T14:19:57.000000,-10053.422749999854,-67602.61515000049,-77656.03790000039
2025-01-22T14:20:02.000000,-10053.422749999854,-67618.0503500005,-77671.4731000004
2025-01-22T14:20:07.000000,-10053.422749999854,-67633.4855500005,-77686.9083000004
2025-01-22T14:20:12.000000,-10053.422749999854,-67636.29195000051,-77689.7147000004
2025-01-22T14:32:37.000000,-10053.422749999854,-67603.74778033758,-77657.17053033748
2025-01-22T14:32:42.000000,-10053.422749999854,-67571.20361067465,-77624.62636067455
2025-01-22T14:32:47.000000,-10053.422749999854,-67538.65944101172,-77592.08219101162
2025-01-22T14:32:52.000000,-10053.422749999854,-67506.1152713488,-77559.5380213487
2025-01-22T14:32:57.000000,-10053.422749999854,-67524.57875168587,-77578.00150168577
2025-01-22T14:33:02.000000,-10053.422749999854,-67528.92310000048,-77582.34585000038
2025-01-22T14:37:37.000000,-10053.422749999854,-67546.79250000048,-77600.21525000037
2025-01-22T14:42:32.000000,-10053.422749999854,-67568.65930000048,-77622.08205000038
2025-01-22T14:42:37.000000,-10053.422749999854,-67590.52610000048,-77643.94885000038
2025-01-22T14:42:42.000000,-10053.422749999854,-67612.39290000049,-77665.81565000038
2025-01-22T14:42:52.000000,-10053.422749999854,-67531.48023125049,-77584.90298125039
2025-01-22T14:42:57.000000,-10053.422749999854,-67433.56501250049,-77486.98776250039
2025-01-22T14:43:02.000000,-10053.422749999854,-67352.6523437505,-77406.07509375039
2025-01-22T14:43:07.000000,-10053.422749999854,-67271.7396750005,-77325.1624250004
2025-01-22T14:43:12.000000,-10053.422749999854,-67207.8295562505,-77261.25230625039
2025-01-22T14:43:17.000000,-10053.422749999854,-67196.55130000049,-77249.97405000038
2025-01-23T09:49:02.000000,-10053.422749999854,-67243.4706450709,-77296.8933950708
2025-01-23T09:52:42.000000,-10053.422749999854,-67195.95182027211,-77249.374570272
2025-01-23T09:52:47.000000,-10053.422749999854,-67135.43104547332,-77188.85379547322
2025-01-23T09:52:52.000000,-10053.422749999854,-67113.91612067453,-77167.33887067443
2025-01-23T09:52:57.000000,-10053.422749999854,-67079.39924587574,-77132.82199587564
2025-01-23T09:53:02.000000,-10053.422749999854,-67057.88432107696,-77111.30707107685
2025-01-23T09:53:07.000000,-10053.422749999854,-67049.6093500005,-77103.03210000039
2025-01-23T09:53:57.000000,-10053.422749999854,-67058.41116188168,-77111.83391188158
2025-01-23T09:54:02.000000,-10053.422749999854,-67067.21297376287,-77120.63572376277
2025-01-23T09:54:07.000000,-10053.422749999854,-67136.02378564405,-77189.44653564395
2025-01-23T09:54:12.000000,-10053.422749999854,-67244.84059752524,-77298.26334752514
2025-01-23T09:54:17.000000,-10053.422749999854,-67373.66040940642,-77427.08315940632
2025-01-23T09:54:22.000000,-10053.422749999854,-67380.10140000048,-77433.52415000038
2025-01-23T09:59:37.000000,-10082.724730882206,-67380.10140000048,-77462.82613088272
2025-01-23T09:59:42.000000,-10125.018261764557,-67380.10140000048,-77505.11966176507
2025-01-23T09:59:47.000000,-10180.303342646908,-67380.10140000048,-77560.40474264743
2025-01-23T09:59:52.000000,-10235.58842352926,-67380.10140000048,-77615.68982352978
2025-01-23T09:59:57.000000,-10303.86505441161,-67380.10140000048,-77683.96645441213
2025-01-23T10:00:02.000000,-10322.619249999845,-67380.10140000048,-77702.72065000037
2025-01-23T10:01:27.000000,-10128.433832499843,-67380.10140000048,-77508.53523250036
2025-01-23T10:02:37.000000,-10183.875724656704,-67380.10140000048,-77563.97712465722
2025-01-23T10:02:42.000000,-10219.330616813566,-67380.10140000048,-77599.43201681408
2025-01-23T10:02:47.000000,-10254.785508970428,-67380.10140000048,-77634.88690897095
2025-01-23T10:02:52.000000,-10270.253401127287,-67380.10140000048,-77650.3548011278
2025-01-23T10:02:57.000000,-10285.721293284147,-67380.10140000048,-77665.82269328466
2025-01-23T10:03:02.000000,-10287.268082499833,-67380.10140000048,-77667.36948250035
2025-01-23T10:05:37.000000,-10271.720699999833,-67380.10140000048,-77651.82210000035
2025-01-23T10:10:47.000000,-10271.720699999833,-67394.08860000048,-77665.80930000036
2025-01-23T10:10:52.000000,-10271.720699999833,-67420.07760000048,-77691.79830000036
2025-01-23T10:11:02.000000,-10271.720699999833,-67430.90635000048,-77702.62705000036
2025-01-23T10:13:57.000000,-10271.720699999833,-67644.38885000048,-77916.10955000036
2025-01-23T10:13:57.000000,-10271.720699999833,-67863.63185000049,-78135.35255000036
2025-01-23T10:14:02.000000,-10271.720699999833,-68033.10775000049,-78304.82845000036
2025-01-23T10:14:02.000000,-10271.720699999833,-68267.35300000048,-78539.07370000036
2025-01-23T10:14:07.000000,-10271.720699999833,-68436.82890000049,-78708.54960000036
2025-01-23T10:14:07.000000,-10271.720699999833,-68671.07415000048,-78942.79485000035
2025-01-23T10:14:12.000000,-10271.720699999833,-68840.55005000049,-79112.27075000036
2025-01-23T10:14:12.000000,-10271.720699999833,-69059.79305000049,-79331.51375000036
2025-01-23T10:14:17.000000,-10271.720699999833,-69229.26895000049,-79500.98965000037
2025-01-23T10:14:17.000000,-10271.720699999833,-69418.5074500005,-79690.22815000037
2025-01-23T10:14:22.000000,-10271.720699999833,-69438.6173500005,-79710.33805000037
2025-01-23T10:14:22.000000,-10271.720699999833,-69477.0791500005,-79748.79985000037
2025-01-23T10:16:22.000000,-10271.720699999833,-69545.5461500005,-79817.26685000038
2025-01-23T10:16:27.000000,-10271.720699999833,-69614.01315000051,-79885.73385000038
2025-01-23T10:16:32.000000,-10271.720699999833,-69682.48015000051,-79954.20085000039
2025-01-23T10:16:37.000000,-10271.720699999833,-69750.94715000052,-80022.66785000039
2025-01-23T10:16:42.000000,-10271.720699999833,-69741.26855000052,-80012.98925000039
2025-01-23T10:16:42.000000,-10271.720699999833,-69809.73555000052,-80081.4562500004
2025-01-23T10:16:47.000000,-10271.720699999833,-69878.20255000053,-80149.9232500004
2025-01-23T10:16:52.000000,-10271.720699999833,-69946.66955000053,-80218.3902500004
2025-01-23T10:16:57.000000,-10271.720699999833,-70035.13955000053,-80306.8602500004
2025-01-23T10:17:02.000000,-10271.720699999833,-70123.60955000053,-80395.3302500004
2025-01-23T10:17:07.000000,-10271.720699999833,-70212.07955000053,-80483.80025000041
2025-01-23T10:17:12.000000,-10271.720699999833,-70280.54655000054,-80552.26725000041
2025-01-23T10:17:17.000000,-10271.720699999833,-70389.01955000054,-80660.74025000041
2025-01-23T10:17:22.000000,-10271.720699999833,-70459.52700000054,-80731.24770000041
2025-01-23T10:27:27.000000,-10271.720699999833,-71019.52779000055,-81291.24849000042
2025-01-23T10:27:57.000000,-10271.720699999833,-71071.64319000054,-81343.36389000042
2025-01-23T10:28:02.000000,-10271.720699999833,-71129.75949000054,-81401.48019000041
2025-01-23T10:28:07.000000,-10271.720699999833,-71175.87399000053,-81447.5946900004
2025-01-23T10:28:07.000000,-10271.720699999833,-71582.68042500054,-81854.40112500041
2025-01-23T10:28:12.000000,-10271.720699999833,-71628.79492500053,-81900.51562500041
2025-01-23T10:28:12.000000,-10271.720699999833,-71930.58561000053,-82202.30631000041
2025-01-23T10:28:17.000000,-10271.720699999833,-71970.69921000053,-82242.4199100004
2025-01-23T10:28:17.000000,-10271.720699999833,-72199.89720000053,-82471.6179000004
2025-01-23T10:28:22.000000,-10271.720699999833,-72213.95310000054,-82485.67380000041
2025-01-23T10:31:32.000000,-10271.720699999833,-72264.97067812554,-82536.69137812541
2025-01-23T10:31:37.000000,-10271.720699999833,-72297.98555625054,-82569.70625625041
2025-01-23T10:31:42.000000,-10271.720699999833,-72340.00178437553,-82611.72248437541
2025-01-23T10:31:47.000000,-10271.720699999833,-72382.01801250053,-82653.7387125004
2025-01-23T10:31:52.000000,-10271.720699999833,-72415.03289062553,-82686.7535906254
2025-01-23T10:31:57.000000,-10271.720699999833,-72426.03785000053,-82697.7585500004
2025-01-23T10:33:07.000000,-10271.720699999833,-72417.64385000053,-82689.3645500004
2025-01-23T10:33:12.000000,-10271.720699999833,-72409.24985000053,-82680.9705500004
2025-01-23T10:33:17.000000,-10271.720699999833,-72400.85585000053,-82672.5765500004
2025-01-23T10:33:22.000000,-10271.720699999833,-72392.46185000053,-82664.1825500004
2025-01-23T10:33:27.000000,-10271.720699999833,-72384.06785000053,-82655.7885500004
2025-01-23T10:33:32.000000,-10271.720699999833,-72383.01860000053,-82654.73930000041
2025-01-23T10:39:47.000000,-10143.655740758128,-72383.01860000053,-82526.6743407587
2025-01-23T10:39:52.000000,-10002.59923151642,-72383.01860000053,-82385.617831517
2025-01-23T10:39:57.000000,-9861.542722274713,-72383.01860000053,-82244.56132227529
2025-01-23T10:40:02.000000,-9720.486213033006,-72383.01860000053,-82103.50481303358
2025-01-23T10:40:07.000000,-9579.429703791298,-72383.01860000053,-81962.44830379187
2025-01-23T10:40:12.000000,-9425.381644549592,-72383.01860000053,-81808.40024455017
2025-01-23T10:40:17.000000,-9271.333585307886,-72383.01860000053,-81654.35218530847
2025-01-23T10:40:22.000000,-9104.29397606618,-72383.01860000053,-81487.31257606676
2025-01-23T10:40:27.000000,-8911.271266824473,-72383.01860000053,-81294.28986682506
2025-01-23T10:40:32.000000,-8718.248557582767,-72383.01860000053,-81101.26715758335
2025-01-23T10:40:37.000000,-8512.234298341062,-72383.01860000053,-80895.25289834164
2025-01-23T10:40:42.000000,-8306.220039099357,-72383.01860000053,-80689.23863909993
2025-01-23T10:40:47.000000,-8126.18887985765,-72383.01860000053,-80509.20747985822
2025-01-23T10:40:52.000000,-7933.166170615944,-72383.01860000053,-80316.18477061651
2025-01-23T10:40:57.000000,-7740.143461374238,-72383.01860000053,-80123.16206137481
2025-01-23T10:41:02.000000,-7547.120752132531,-72383.01860000053,-79930.1393521331
2025-01-23T10:41:07.000000,-7505.57509999983,-72383.01860000053,-79888.5937000004
2025-01-23T10:44:47.000000,-7505.57509999983,-72574.32827295136,-80079.90337295123
2025-01-23T10:45:12.000000,-7505.57509999983,-72753.22941426284,-80258.80451426271
2025-01-23T10:45:17.000000,-7505.57509999983,-72785.76171426284,-80291.33681426272
2025-01-23T10:45:22.000000,-7505.57509999983,-72809.29266426284,-80314.86776426272
2025-01-23T10:45:42.000000,-7505.57509999983,-72800.35983569142,-80305.93493569129
2025-01-23T10:45:52.000000,-7505.57509999983,-72756.50159283428,-80262.07669283415
2025-01-23T10:46:27.000000,-7505.57509999983,-72790.49731939165,-80296.07241939152
2025-01-23T10:46:32.000000,-7505.57509999983,-72842.49574594903,-80348.0708459489
2025-01-23T10:46:37.000000,-7505.57509999983,-72894.4941725064,-80400.06927250627
2025-01-23T10:46:42.000000,-7505.57509999983,-72937.49124906378,-80443.06634906365
2025-01-23T10:46:47.000000,-7505.57509999983,-72971.48697562116,-80477.06207562103
2025-01-23T10:46:52.000000,-7505.57509999983,-72974.26412857197,-80479.83922857184
2025-01-23T10:47:52.000000,-7505.57509999983,-72733.29650000055,-80238.87160000042
2025-01-23T10:51:07.000000,-7505.57509999983,-72745.26316341518,-80250.83826341505
2025-01-23T10:54:22.000000,-7505.57509999983,-72698.80971635635,-80204.38481635622
2025-01-23T10:54:27.000000,-7505.57509999983,-72665.51896341518,-80171.09406341505
2025-01-23T10:55:02.000000,-7526.952824589991,-72665.51896341518,-80192.4717880052
2025-01-23T10:55:07.000000,-7524.346149180152,-72665.51896341518,-80189.86511259536
2025-01-23T10:55:12.000000,-7521.7394737703125,-72665.51896341518,-80187.25843718552
2025-01-23T10:55:17.000000,-7519.132798360473,-72665.51896341518,-80184.65176177568
2025-01-23T10:55:22.000000,-7516.526122950634,-72665.51896341518,-80182.04508636583
2025-01-23T10:55:27.000000,-7516.3088999998145,-72665.51896341518,-80181.82786341502
2025-01-23T10:55:42.000000,-7516.3088999998145,-72539.94607926883,-80056.25497926868
2025-01-23T10:55:47.000000,-7516.3088999998145,-72488.34645000054,-80004.65535000038
2025-01-23T10:56:57.000000,-7516.3088999998145,-72505.45751875054,-80021.76641875038
2025-01-23T10:59:27.000000,-7516.3088999998145,-72533.63343625054,-80049.94233625039
2025-01-23T11:01:37.000000,-7516.3088999998145,-72398.83657975054,-79915.14547975038
2025-01-23T11:01:42.000000,-7516.3088999998145,-72343.04521725055,-79859.35411725039
2025-01-23T11:01:42.000000,-7516.3088999998145,-72217.24971075055,-79733.55861075039
2025-01-23T11:01:47.000000,-7516.3088999998145,-72151.45684825054,-79667.76574825039
2025-01-23T11:01:47.000000,-7516.3088999998145,-72025.66134175054,-79541.97024175039
2025-01-23T11:01:52.000000,-7516.3088999998145,-71969.86997925055,-79486.1788792504
2025-01-23T11:01:52.000000,-7516.3088999998145,-71844.07447275055,-79360.3833727504
2025-01-23T11:01:57.000000,-7516.3088999998145,-71826.18029150055,-79342.4891915004
2025-01-23T11:01:57.000000,-7516.3088999998145,-71691.38343500055,-79207.69233500039
2025-01-23T11:02:02.000000,-7516.3088999998145,-71556.58657850054,-79072.89547850039
2025-01-23T11:02:07.000000,-7516.3088999998145,-71540.60900000055,-79056.9179000004
2025-01-23T11:04:17.000000,-7707.24517543841,-71540.60900000055,-79247.85417543899
2025-01-23T11:04:22.000000,-7898.181450877006,-71540.60900000055,-79438.79045087758
2025-01-23T11:04:27.000000,-8089.117726315601,-71540.60900000055,-79629.72672631618
2025-01-23T11:04:32.000000,-8303.039051754196,-71540.60900000055,-79843.64805175478
2025-01-23T11:04:37.000000,-8507.65944999981,-71540.60900000055,-80048.26845000038
2025-01-23T11:11:27.000000,-8507.65944999981,-71556.47419024445,-80064.13364024428
2025-01-23T11:11:32.000000,-8507.65944999981,-71572.33938048835,-80079.99883048818
2025-01-23T11:11:37.000000,-8507.65944999981,-71588.20457073225,-80095.86402073209
2025-01-23T11:11:42.000000,-8507.65944999981,-71604.06976097616,-80111.72921097599
2025-01-23T11:11:47.000000,-8507.65944999981,-71619.93495122006,-80127.59440121989
2025-01-23T11:11:52.000000,-8507.65944999981,-71618.91765000054,-80126.57710000037
2025-01-23T11:16:47.000000,-8555.303049999813,-71618.91765000054,-80174.22070000037
2025-01-23T11:21:42.000000,-8625.039149999811,-71618.91765000054,-80243.95680000036
2025-01-23T11:21:47.000000,-8694.77524999981,-71618.91765000054,-80313.69290000036
2025-01-23T11:21:52.000000,-8729.643299999809,-71618.91765000054,-80348.56095000036
2025-01-23T13:00:07.000000,-8729.643299999809,-71864.2917552637,-80593.93505526352
2025-01-23T13:00:12.000000,-8729.643299999809,-72061.65866052685,-80791.30196052667
2025-01-23T13:00:17.000000,-8729.643299999809,-72199.01656579,-80928.65986578983
2025-01-23T13:00:22.000000,-8729.643299999809,-72211.90805000054,-80941.55135000036
2025-01-23T13:06:02.000000,-8729.643299999809,-72284.35595000054,-81013.99925000036
2025-01-23T13:06:07.000000,-8729.643299999809,-72302.93456600053,-81032.57786600036
2025-01-23T13:06:22.000000,-8729.643299999809,-72306.47335000054,-81036.11665000036
2025-01-23T13:13:32.000000,-8729.643299999809,-72300.97610679067,-81030.61940679049
2025-01-23T13:13:37.000000,-8729.643299999809,-72295.47886358079,-81025.12216358061
2025-01-23T13:13:42.000000,-8729.643299999809,-72289.98162037092,-81019.62492037074
2025-01-23T13:13:47.000000,-8729.643299999809,-72284.48437716105,-81014.12767716087
2025-01-23T13:13:52.000000,-8729.643299999809,-72278.98713395117,-81008.630433951
2025-01-23T13:13:57.000000,-8729.643299999809,-72273.4898907413,-81003.13319074112
2025-01-23T13:14:02.000000,-8729.643299999809,-72267.99264753143,-80997.63594753125
2025-01-23T13:14:07.000000,-8729.643299999809,-72265.99365000056,-80995.63695000038
2025-01-23T13:14:47.000000,-8729.643299999809,-72231.90927692363,-80961.55257692345
2025-01-23T13:14:52.000000,-8729.643299999809,-72197.8249038467,-80927.46820384653
2025-01-23T13:14:57.000000,-8729.643299999809,-72163.74053076978,-80893.3838307696
2025-01-23T13:15:02.000000,-8729.643299999809,-72129.65615769285,-80859.29945769267
2025-01-23T13:15:07.000000,-8729.643299999809,-72097.19485000054,-80826.83815000036
2025-01-23T13:31:22.000000,-8802.971626530421,-72097.19485000054,-80900.16647653097
2025-01-23T13:31:27.000000,-8867.305803061034,-72097.19485000054,-80964.50065306158
2025-01-23T13:31:32.000000,-8931.639979591646,-72097.19485000054,-81028.83482959219
2025-01-23T13:31:37.000000,-8968.991706122257,-72097.19485000054,-81066.1865561228
2025-01-23T13:31:42.000000,-8997.349282652869,-72097.19485000054,-81094.54413265342
2025-01-23T13:31:47.000000,-9005.955249999808,-72097.19485000054,-81103.15010000036
2025-01-23T13:40:37.000000,-9102.107279999807,-72097.19485000054,-81199.30213000036
2025-01-23T13:40:42.000000,-9198.259309999807,-72097.19485000054,-81295.45416000036
2025-01-23T13:40:47.000000,-9294.411339999806,-72097.19485000054,-81391.60619000036
2025-01-23T13:40:52.000000,-9390.563369999805,-72097.19485000054,-81487.75822000035
2025-01-23T13:40:57.000000,-9486.715399999805,-72097.19485000054,-81583.91025000035
2025-01-23T13:43:37.000000,-9520.75097281534,-72097.19485000054,-81617.94582281589
2025-01-23T13:43:42.000000,-9554.786545630875,-72097.19485000054,-81651.98139563143
2025-01-23T13:43:47.000000,-9608.809118446414,-72097.19485000054,-81706.00396844697
2025-01-23T13:43:52.000000,-9662.831691261952,-72097.19485000054,-81760.0265412625
2025-01-23T13:43:57.000000,-9716.85426407749,-72097.19485000054,-81814.04911407804
2025-01-23T13:44:02.000000,-9724.95764999982,-72097.19485000054,-81822.15250000036
2025-01-23T13:47:37.000000,-9724.95764999982,-72138.25893634593,-81863.21658634575
2025-01-23T13:47:42.000000,-9724.95764999982,-72179.32302269131,-81904.28067269114
2025-01-23T13:47:47.000000,-9724.95764999982,-72220.3871090367,-81945.34475903652
2025-01-23T13:47:52.000000,-9724.95764999982,-72261.45119538209,-81986.40884538191
2025-01-23T13:47:57.000000,-9724.95764999982,-72302.51528172748,-82027.4729317273
2025-01-23T13:48:02.000000,-9724.95764999982,-72343.57936807287,-82068.53701807269
2025-01-23T13:48:07.000000,-9724.95764999982,-72384.64345441826,-82109.60110441808
2025-01-23T13:48:12.000000,-9724.95764999982,-72425.70754076364,-82150.66519076347
2025-01-23T13:48:17.000000,-9724.95764999982,-72466.77162710903,-82191.72927710885
2025-01-23T13:48:22.000000,-9724.95764999982,-72506.1931500006,-82231.15080000043
2025-01-23T13:56:22.000000,-9724.95764999982,-72497.47986570741,-82222.43751570724
2025-01-23T13:56:27.000000,-9724.95764999982,-72488.76658141422,-82213.72423141405
2025-01-23T13:56:32.000000,-9724.95764999982,-72480.05329712103,-82205.01094712086
2025-01-23T13:56:37.000000,-9724.95764999982,-72471.34001282784,-82196.29766282767
2025-01-23T13:56:42.000000,-9724.95764999982,-72462.62672853465,-82187.58437853448
2025-01-23T13:56:47.000000,-9724.95764999982,-72453.91344424147,-82178.87109424129
2025-01-23T13:56:52.000000,-9724.95764999982,-72445.20015994828,-82170.1578099481
2025-01-23T13:56:57.000000,-9724.95764999982,-72436.48687565509,-82161.44452565491
2025-01-23T13:57:02.000000,-9724.95764999982,-72430.54600000064,-82155.50365000046
2025-01-23T13:59:32.000000,-9995.906155555376,-72430.54600000064,-82426.45215555602
2025-01-23T13:59:37.000000,-10256.86116111093,-72430.54600000064,-82687.40716111158
2025-01-23T13:59:42.000000,-10497.829166666485,-72430.54600000064,-82928.37516666713
2025-01-23T13:59:47.000000,-10728.803672222039,-72430.54600000064,-83159.34967222268
2025-01-23T13:59:52.000000,-10949.784677777594,-72430.54600000064,-83380.33067777824
2025-01-23T13:59:57.000000,-11160.772183333147,-72430.54600000064,-83591.3181833338
2025-01-23T14:00:02.000000,-11301.8051888887,-72430.54600000064,-83732.35118888936
2025-01-23T14:00:07.000000,-11452.831694444256,-72430.54600000064,-83883.3776944449
2025-01-23T14:00:12.000000,-11583.87119999981,-72430.54600000064,-84014.41720000046
2025-01-23T14:02:52.000000,-11579.53019999981,-72430.54600000064,-84010.07620000046
2025-01-23T14:06:22.000000,-11570.486449999808,-72430.54600000064,-84001.03245000046
2025-01-23T14:06:27.000000,-11561.442699999805,-72430.54600000064,-83991.98870000047
2025-01-23T14:06:32.000000,-11552.398949999802,-72430.54600000064,-83982.94495000047
2025-01-23T14:06:37.000000,-11543.3551999998,-72430.54600000064,-83973.90120000047
2025-01-23T14:06:42.000000,-11538.6524499998,-72430.54600000064,-83969.19845000048
2025-01-23T14:09:27.000000,-11538.6524499998,-72450.21189062564,-83988.86434062547
2025-01-23T14:09:32.000000,-11538.6524499998,-72469.87778125063,-84008.53023125046
2025-01-23T14:09:37.000000,-11538.6524499998,-72489.54367187562,-84028.19612187546
2025-01-23T14:09:42.000000,-11538.6524499998,-72490.20671250063,-84028.85916250046
2025-01-23T14:09:47.000000,-11538.6524499998,-72490.86975312563,-84029.52220312547
2025-01-23T14:09:52.000000,-11538.6524499998,-72491.53279375064,-84030.18524375047
2025-01-23T14:09:57.000000,-11538.6524499998,-72492.19583437564,-84030.84828437548
2025-01-23T14:10:02.000000,-11538.6524499998,-72492.85887500065,-84031.51132500048
2025-01-23T14:10:07.000000,-11538.6524499998,-72493.52191562565,-84032.17436562548
2025-01-23T14:10:12.000000,-11538.6524499998,-72493.69640000066,-84032.34885000049
2025-01-23T14:12:37.000000,-11538.6524499998,-72431.6532870377,-83970.30573703753
2025-01-23T14:12:42.000000,-11538.6524499998,-72369.61017407474,-83908.26262407457
2025-01-23T14:12:47.000000,-11538.6524499998,-72307.56706111178,-83846.21951111162
2025-01-23T14:12:52.000000,-11538.6524499998,-72245.52394814882,-83784.17639814866
2025-01-23T14:12:57.000000,-11538.6524499998,-72183.48083518587,-83722.1332851857
2025-01-23T14:13:02.000000,-11538.6524499998,-72121.43772222291,-83660.09017222274
2025-01-23T14:13:07.000000,-11538.6524499998,-72059.39460925995,-83598.04705925978
2025-01-23T14:13:12.000000,-11538.6524499998,-72015.0781000007,-83553.73055000053
2025-01-23T14:13:12.000000,-11538.6524499998,-71931.34149864934,-83469.99394864918
2025-01-23T14:13:17.000000,-11538.6524499998,-71847.60489729799,-83386.25734729783
2025-01-23T14:13:22.000000,-11538.6524499998,-71763.86829594664,-83302.52074594647
2025-01-23T14:13:27.000000,-11538.6524499998,-71667.12974459528,-83205.78219459511
2025-01-23T14:13:32.000000,-11538.6524499998,-71583.39314324393,-83122.04559324376
2025-01-23T14:13:37.000000,-11538.6524499998,-71499.65654189257,-83038.30899189241
2025-01-23T14:13:42.000000,-11538.6524499998,-71415.91994054122,-82954.57239054106
2025-01-23T14:13:47.000000,-11538.6524499998,-71345.18528918987,-82883.83773918971
2025-01-23T14:13:52.000000,-11538.6524499998,-71300.09635000069,-82838.74880000053
2025-01-23T14:23:47.000000,-11538.6524499998,-71339.88435000069,-82878.53680000053
2025-01-23T14:27:32.000000,-11538.6524499998,-71393.31805000069,-82931.97050000052
2025-01-23T14:27:37.000000,-11538.6524499998,-71446.75175000068,-82985.40420000051
2025-01-23T14:27:42.000000,-11538.6524499998,-71469.25015000068,-83007.90260000051
2025-01-23T14:31:57.000000,-11538.6524499998,-71605.24980000067,-83143.90225000051
2025-01-23T14:35:17.000000,-11538.6524499998,-71595.29379403053,-83133.94624403036
2025-01-23T14:35:22.000000,-11538.6524499998,-71592.33883806037,-83130.9912880602
2025-01-23T14:35:27.000000,-11538.6524499998,-71596.38493209022,-83135.03738209006
2025-01-23T14:35:32.000000,-11538.6524499998,-71600.43102612007,-83139.08347611991
2025-01-23T14:35:37.000000,-11538.6524499998,-71597.47607014992,-83136.12852014975
2025-01-23T14:35:42.000000,-11538.6524499998,-71587.52006417977,-83126.1725141796
2025-01-23T14:35:47.000000,-11538.6524499998,-71584.56510820962,-83123.21755820945
2025-01-23T14:35:52.000000,-11538.6524499998,-71588.61120223947,-83127.2636522393
2025-01-23T14:35:57.000000,-11538.6524499998,-71592.65729626932,-83131.30974626915
2025-01-23T14:36:02.000000,-11538.6524499998,-71598.96995000067,-83137.6224000005
2025-01-23T14:36:42.000000,-11538.6524499998,-71636.65660000067,-83175.3090500005
2025-01-23T14:37:37.000000,-11538.6524499998,-71703.98705359544,-83242.63950359527
2025-01-23T14:37:42.000000,-11538.6524499998,-71771.31750719021,-83309.96995719004
2025-01-23T14:37:47.000000,-11538.6524499998,-71838.64796078498,-83377.30041078481
2025-01-23T14:37:52.000000,-11538.6524499998,-71905.97841437974,-83444.63086437958
2025-01-23T14:37:57.000000,-11538.6524499998,-71973.30886797451,-83511.96131797435
2025-01-23T14:38:02.000000,-11538.6524499998,-72029.63767156929,-83568.29012156912
2025-01-23T14:38:07.000000,-11538.6524499998,-72096.96812516406,-83635.62057516389
2025-01-23T14:38:12.000000,-11538.6524499998,-72142.29527875883,-83680.94772875866
2025-01-23T14:38:17.000000,-11538.6524499998,-72209.6257323536,-83748.27818235343
2025-01-23T14:38:22.000000,-11538.6524499998,-72265.95453594837,-83804.60698594821
2025-01-23T14:38:27.000000,-11538.6524499998,-72311.28168954315,-83849.93413954298
2025-01-23T14:38:32.000000,-11538.6524499998,-72345.60719313791,-83884.25964313775
2025-01-23T14:38:37.000000,-11538.6524499998,-72379.93269673268,-83918.58514673251
2025-01-23T14:38:42.000000,-11538.6524499998,-72411.13770000065,-83949.79015000048
2025-01-23T14:43:57.000000,-11538.6524499998,-72350.87746333398,-83889.52991333381
2025-01-23T14:44:02.000000,-11538.6524499998,-72290.61722666731,-83829.26967666714
2025-01-23T14:44:07.000000,-11538.6524499998,-72238.79040000064,-83777.44285000047
2025-01-24T09:52:12.000000,-11575.1363624998,-72238.79040000064,-83813.92676250047
2025-01-24T09:56:57.000000,-11575.1363624998,-72248.35303255878,-83823.48939505861
2025-01-24T09:57:02.000000,-11627.452530555354,-72248.35303255878,-83875.80556311416
2025-01-24T09:57:07.000000,-11701.754398610909,-72248.35303255878,-83950.10743116972
2025-01-24T09:57:12.000000,-11754.070566666463,-72248.35303255878,-84002.42359922527
2025-01-24T09:57:17.000000,-11817.379584722015,-72248.35303255878,-84065.73261728082
2025-01-24T09:57:22.000000,-11822.135599999792,-72248.35303255878,-84070.4886325586
2025-01-24T10:00:32.000000,-11822.135599999792,-72255.37303255878,-84077.5086325586
2025-01-24T10:01:22.000000,-11838.980310526107,-72255.37303255878,-84094.35334308492
2025-01-24T10:01:32.000000,-11838.980310526107,-72159.8714058146,-83998.85171634074
2025-01-24T10:01:37.000000,-11838.980310526107,-72082.37247907041,-83921.35278959655
2025-01-24T10:01:42.000000,-11838.980310526107,-72004.87355232623,-83843.85386285237
2025-01-24T10:01:47.000000,-11838.980310526107,-71909.37192558205,-83748.35223610819
2025-01-24T10:01:52.000000,-11838.980310526107,-71874.53760000065,-83713.51791052679
2025-01-24T10:02:02.000000,-11838.980310526107,-71902.36980000066,-83741.3501105268
2025-01-24T10:02:07.000000,-11838.980310526107,-71940.20350000066,-83779.1838105268
2025-01-24T10:02:12.000000,-11838.980310526107,-71988.03870000066,-83827.0190105268
2025-01-24T10:02:17.000000,-11838.980310526107,-72045.87540000066,-83884.8557105268
2025-01-24T10:02:22.000000,-11838.980310526107,-72083.70910000066,-83922.6894105268
2025-01-24T10:05:27.000000,-11838.980310526107,-72030.74465000066,-83869.7249605268
2025-01-24T10:05:32.000000,-11838.980310526107,-71988.78185000067,-83827.7621605268
2025-01-24T10:05:37.000000,-11838.980310526107,-71946.81905000067,-83785.79936052681
2025-01-24T10:05:42.000000,-11838.980310526107,-71893.85460000068,-83732.83491052681
2025-01-24T10:05:47.000000,-11838.980310526107,-71886.22500000068,-83725.20531052681
2025-01-24T10:06:12.000000,-11641.43744539453,-71886.22500000068,-83527.66244539524
2025-01-24T10:06:17.000000,-11443.894580262951,-71886.22500000068,-83330.11958026366
2025-01-24T10:06:22.000000,-11246.351715131374,-71886.22500000068,-83132.57671513209
2025-01-24T10:06:27.000000,-11058.802349999794,-71886.22500000068,-82945.02735000051
2025-01-24T10:08:52.000000,-11058.802349999794,-71870.65021000068,-82929.45256000051
2025-01-24T10:08:57.000000,-11058.802349999794,-71855.07542000068,-82913.87777000052
2025-01-24T10:09:02.000000,-11058.802349999794,-71839.50063000068,-82898.30298000052
2025-01-24T10:09:07.000000,-11058.802349999794,-71801.92254000068,-82860.72489000052
2025-01-24T10:09:12.000000,-11058.802349999794,-71764.34445000069,-82823.14680000053
2025-01-24T10:10:17.000000,-11088.495649999793,-71764.34445000069,-82852.84010000053
2025-01-24T10:10:27.000000,-11166.529316666463,-71764.34445000069,-82930.8737666672
2025-01-24T10:15:17.000000,-11219.537049999797,-71764.34445000069,-82983.88150000053
2025-01-24T10:16:32.000000,-11262.802182022268,-71764.34445000069,-83027.146632023
2025-01-24T10:16:37.000000,-11306.067314044738,-71764.34445000069,-83070.41176404546
2025-01-24T10:16:42.000000,-11349.332446067208,-71764.34445000069,-83113.67689606793
2025-01-24T10:16:47.000000,-11392.597578089679,-71764.34445000069,-83156.9420280904
2025-01-24T10:16:52.000000,-11457.84841011215,-71764.34445000069,-83222.19286011287
2025-01-24T10:16:57.000000,-11523.099242134622,-71764.34445000069,-83287.44369213535
2025-01-24T10:17:02.000000,-11588.350074157093,-71764.34445000069,-83352.69452415782
2025-01-24T10:17:07.000000,-11631.615206179564,-71764.34445000069,-83395.95965618029
2025-01-24T10:17:12.000000,-11635.548399999789,-71764.34445000069,-83399.89285000051
2025-01-24T10:20:52.000000,-11635.548399999789,-71758.55436467958,-83394.10276467941
2025-01-24T10:20:52.000000,-11635.548399999789,-71704.0820299857,-83339.63042998553
2025-01-24T10:20:57.000000,-11635.548399999789,-71698.2919446646,-83333.84034466442
2025-01-24T10:20:57.000000,-11635.548399999789,-71643.81960997071,-83279.36800997054
2025-01-24T10:21:02.000000,-11635.548399999789,-71638.02952464961,-83273.57792464943
2025-01-24T10:21:02.000000,-11635.548399999789,-71583.55718995573,-83219.10558995555
2025-01-24T10:21:07.000000,-11635.548399999789,-71577.76710463462,-83213.31550463445
2025-01-24T10:21:07.000000,-11635.548399999789,-71514.29341994075,-83149.84181994057
2025-01-24T10:21:12.000000,-11635.548399999789,-71466.49703461965,-83102.04543461947
2025-01-24T10:21:17.000000,-11635.548399999789,-71457.39296122515,-83092.94136122498
2025-01-24T10:22:16.000000,-11635.548399999789,-71483.93277653128,-83119.4811765311
2025-01-24T10:22:21.000000,-11635.548399999789,-71491.72765000067,-83127.2760500005
2025-01-24T10:23:37.000000,-11635.548399999789,-71405.96194729797,-83041.5103472978
2025-01-24T10:23:42.000000,-11635.548399999789,-71320.19624459527,-82955.74464459509
2025-01-24T10:23:47.000000,-11635.548399999789,-71234.43054189257,-82869.97894189239
2025-01-24T10:23:52.000000,-11635.548399999789,-71227.28340000067,-82862.8318000005
2025-01-24T10:30:16.000000,-11635.548399999789,-71516.04288979659,-83151.59128979642
2025-01-24T10:30:21.000000,-11635.548399999789,-71777.79832959251,-83413.34672959233
2025-01-24T10:30:26.000000,-11635.548399999789,-72075.55916938842,-83711.10756938824
2025-01-24T10:30:31.000000,-11635.548399999789,-72373.32000918433,-84008.86840918416
2025-01-24T10:30:36.000000,-11635.548399999789,-72680.08219898025,-84315.63059898007
2025-01-24T10:30:41.000000,-11635.548399999789,-72812.42035000066,-84447.96875000048
2025-01-24T10:35:07.000000,-11635.548399999789,-72750.63354298311,-84386.18194298293
2025-01-24T10:35:12.000000,-11635.548399999789,-72688.84673596556,-84324.39513596539
2025-01-24T10:35:17.000000,-11635.548399999789,-72638.06157894802,-84273.60997894785
2025-01-24T10:35:22.000000,-11635.548399999789,-72598.27807193047,-84233.8264719303
2025-01-24T10:35:27.000000,-11635.548399999789,-72558.49456491292,-84194.04296491275
2025-01-24T10:35:32.000000,-11635.548399999789,-72551.26120000063,-84186.80960000046
2025-01-24T10:35:52.000000,-11635.548399999789,-72558.47861711775,-84194.02701711758
2025-01-24T10:35:57.000000,-11635.548399999789,-72565.69603423488,-84201.2444342347
2025-01-24T10:36:02.000000,-11635.548399999789,-72572.913451352,-84208.46185135182
2025-01-24T10:36:07.000000,-11635.548399999789,-72572.94532390102,-84208.49372390084
2025-01-24T10:36:07.000000,-11635.548399999789,-72580.16274101814,-84215.71114101796
2025-01-24T10:36:12.000000,-11635.548399999789,-72570.19311356716,-84205.74151356699
2025-01-24T10:36:12.000000,-11635.548399999789,-72577.41053068428,-84212.95893068411
2025-01-24T10:36:17.000000,-11635.548399999789,-72577.4424032333,-84212.99080323313
2025-01-24T10:36:17.000000,-11635.548399999789,-72577.77046764772,-84213.31886764754
2025-01-24T10:36:22.000000,-11635.548399999789,-72567.80084019674,-84203.34924019656
2025-01-24T10:36:27.000000,-11635.548399999789,-72567.83271274576,-84203.38111274558
2025-01-24T10:36:32.000000,-11635.548399999789,-72567.83590000066,-84203.38430000049
2025-01-24T10:40:57.000000,-11620.399952040607,-72567.83590000066,-84188.23585204131
2025-01-24T10:41:02.000000,-11624.239154081426,-72567.83590000066,-84192.07505408213
2025-01-24T10:41:07.000000,-11628.078356122245,-72567.83590000066,-84195.91425612295
2025-01-24T10:41:12.000000,-11631.917558163064,-72567.83590000066,-84199.75345816377
2025-01-24T10:41:17.000000,-11635.756760203883,-72567.83590000066,-84203.5926602046
2025-01-24T10:41:22.000000,-11636.362949999802,-72567.83590000066,-84204.19885000051
2025-01-24T10:41:22.000000,-11636.362949999802,-72603.60884140691,-84239.97179140676
2025-01-24T10:41:32.000000,-11636.362949999802,-72622.4864914069,-84258.84944140675
2025-01-24T10:41:37.000000,-11636.362949999802,-72646.42631406315,-84282.789264063
2025-01-24T10:41:37.000000,-11636.362949999802,-72684.18161406316,-84320.544564063
2025-01-24T10:43:07.000000,-11636.362949999802,-72709.79111406315,-84346.154064063
2025-01-24T10:43:12.000000,-11636.362949999802,-72745.40211406315,-84381.765064063
2025-01-24T10:43:17.000000,-11636.362949999802,-72781.01311406316,-84417.376064063
2025-01-24T10:43:22.000000,-11636.362949999802,-72826.62561406316,-84462.98856406301
2025-01-24T10:43:27.000000,-11636.362949999802,-72872.23811406316,-84508.60106406301
2025-01-24T10:43:32.000000,-11636.362949999802,-72876.79936406316,-84513.16231406301
2025-01-24T10:43:36.000000,-11636.362949999802,-72884.61431406316,-84520.97726406301
2025-01-24T10:43:41.000000,-11636.362949999802,-72901.43061406317,-84537.79356406302
2025-01-24T10:43:46.000000,-11636.362949999802,-72918.24691406317,-84554.60986406302
2025-01-24T10:43:51.000000,-11636.362949999802,-72935.06321406318,-84571.42616406303
2025-01-24T10:44:12.000000,-11636.362949999802,-72991.69616406318,-84628.05911406303
2025-01-24T10:46:17.000000,-11636.362949999802,-73070.41612268134,-84706.7790726812
2025-01-24T10:46:22.000000,-11636.362949999802,-73149.13608129951,-84785.49903129936
2025-01-24T10:46:27.000000,-11636.362949999802,-73248.85918991768,-84885.22213991753
2025-01-24T10:46:32.000000,-11636.362949999802,-73348.58229853585,-84984.9452485357
2025-01-24T10:46:32.000000,-11636.362949999802,-73405.18149853585,-85041.5444485357
2025-01-24T10:46:37.000000,-11636.362949999802,-73504.90460715402,-85141.26755715387
2025-01-24T10:46:42.000000,-11636.362949999802,-73604.62771577219,-85240.99066577204
2025-01-24T10:46:47.000000,-11636.362949999802,-73704.35082439036,-85340.71377439021
2025-01-24T10:46:52.000000,-11636.362949999802,-73804.07393300853,-85440.43688300838
2025-01-24T10:46:57.000000,-11636.362949999802,-73903.7970416267,-85540.15999162655
2025-01-24T10:47:02.000000,-11636.362949999802,-73918.04320000073,-85554.40615000058
2025-01-24T11:00:32.000000,-11636.362949999802,-73912.34434531323,-85548.70729531308
2025-01-24T11:00:37.000000,-11636.362949999802,-73893.64354062574,-85530.00649062559
2025-01-24T11:00:42.000000,-11636.362949999802,-73874.94273593824,-85511.30568593809
2025-01-24T11:00:47.000000,-11636.362949999802,-73869.24388125075,-85505.6068312506
2025-01-24T11:00:52.000000,-11636.362949999802,-73863.98340000075,-85500.3463500006
2025-01-24T11:01:47.000000,-11581.200695454347,-73863.98340000075,-85445.18409545514
2025-01-24T11:01:52.000000,-11535.032590908893,-73863.98340000075,-85399.01599090968
2025-01-24T11:01:57.000000,-11488.86448636344,-73863.98340000075,-85352.84788636422
2025-01-24T11:02:02.000000,-11458.085749999804,-73863.98340000075,-85322.06915000059
2025-01-24T11:04:42.000000,-11424.368973529216,-73863.98340000075,-85288.35237353001
2025-01-24T11:04:42.000000,-11424.368973529216,-74049.26665000075,-85473.63562353
2025-01-24T11:04:47.000000,-11404.643097058628,-74049.26665000075,-85453.90974705941
2025-01-24T11:04:52.000000,-11384.91722058804,-74049.26665000075,-85434.18387058882
2025-01-24T11:04:57.000000,-11372.236299999806,-74049.26665000075,-85421.50295000059
2025-01-24T11:05:57.000000,-11391.926321621426,-74049.26665000075,-85441.19297162221
2025-01-24T11:06:02.000000,-11411.616343243046,-74049.26665000075,-85460.88299324382
2025-01-24T11:06:07.000000,-11443.298564864668,-74049.26665000075,-85492.56521486545
2025-01-24T11:06:12.000000,-11443.940049999803,-74049.26665000075,-85493.20670000058
2025-01-24T11:07:22.000000,-11559.875049999802,-74049.26665000075,-85609.14170000057
2025-01-24T11:07:27.000000,-11675.810049999802,-74049.26665000075,-85725.07670000057
2025-01-24T11:07:32.000000,-11791.745049999801,-74049.26665000075,-85841.01170000057
2025-01-24T11:07:37.000000,-11907.6800499998,-74049.26665000075,-85956.94670000057
2025-01-24T11:07:42.000000,-12023.6150499998,-74049.26665000075,-86072.88170000057
2025-01-24T11:26:17.000000,-12168.313569999798,-74049.26665000075,-86217.58022000056
2025-01-24T11:26:22.000000,-12313.012089999796,-74049.26665000075,-86362.27874000055
2025-01-24T11:26:27.000000,-12411.740509999796,-74049.26665000075,-86461.00716000055
2025-01-24T11:26:32.000000,-12579.424079999793,-74049.26665000075,-86628.69073000054
2025-01-24T11:26:37.000000,-12747.10764999979,-74049.26665000075,-86796.37430000053
2025-01-24T11:27:22.000000,-12747.10764999979,-74002.48834218826,-86749.59599218804
2025-01-24T11:27:27.000000,-12747.10764999979,-73955.71003437576,-86702.81768437555
2025-01-24T11:27:32.000000,-12747.10764999979,-73913.18430000076,-86660.29195000055
2025-01-24T11:27:42.000000,-12747.10764999979,-73925.40953866743,-86672.51718866722
2025-01-24T11:27:47.000000,-12747.10764999979,-73937.6347773341,-86684.74242733388
2025-01-24T11:27:52.000000,-12747.10764999979,-73949.86001600076,-86696.96766600055
2025-01-24T11:27:57.000000,-12747.10764999979,-73962.08525466743,-86709.19290466722
2025-01-24T11:28:02.000000,-12747.10764999979,-73974.3104933341,-86721.41814333388
2025-01-24T11:28:07.000000,-12747.10764999979,-73978.67665000077,-86725.78430000055
2025-01-24T13:08:17.000000,-12747.10764999979,-74022.74065000076,-86769.84830000055
2025-01-24T13:08:52.000000,-12747.10764999979,-74052.63755000076,-86799.74520000054
2025-01-24T13:09:07.000000,-12747.10764999979,-74072.30975000076,-86819.41740000054
2025-01-24T13:12:37.000000,-12747.10764999979,-74147.55791808586,-86894.66556808565
2025-01-24T13:12:42.000000,-12747.10764999979,-74244.80938617096,-86991.91703617075
2025-01-24T13:12:47.000000,-12747.10764999979,-74342.06085425607,-87089.16850425585
2025-01-24T13:12:52.000000,-12747.10764999979,-74439.31232234117,-87186.41997234095
2025-01-24T13:12:57.000000,-12747.10764999979,-74536.56379042627,-87283.67144042606
2025-01-24T13:13:02.000000,-12747.10764999979,-74633.81525851137,-87380.92290851116
2025-01-24T13:13:07.000000,-12747.10764999979,-74612.49785851137,-87359.60550851116
2025-01-24T13:13:07.000000,-12747.10764999979,-74652.28255000073,-87399.39020000052
2025-01-24T13:14:02.000000,-12747.10764999979,-74739.15446200073,-87486.26211200052
2025-01-24T13:14:07.000000,-12747.10764999979,-74850.02997400073,-87597.13762400052
2025-01-24T13:14:12.000000,-12747.10764999979,-74960.90548600073,-87708.01313600052
2025-01-24T13:14:17.000000,-12747.10764999979,-75071.78099800073,-87818.88864800052
2025-01-24T13:14:22.000000,-12747.10764999979,-75090.26025000073,-87837.36790000052
2025-01-24T13:14:47.000000,-12747.10764999979,-75495.08560126428,-88242.19325126406
2025-01-24T13:14:52.000000,-12747.10764999979,-75848.90330252782,-88596.0109525276
2025-01-24T13:14:57.000000,-12747.10764999979,-76253.72865379136,-89000.83630379115
2025-01-24T13:15:02.000000,-12747.10764999979,-76692.5591050549,-89439.66675505468
2025-01-24T13:15:07.000000,-12747.10764999979,-77216.40230631844,-89963.50995631823
2025-01-24T13:15:12.000000,-12747.10764999979,-77876.26590758198,-90623.37355758177
2025-01-24T13:15:17.000000,-12747.10764999979,-78468.11930884552,-91215.2269588453
2025-01-24T13:15:22.000000,-12747.10764999979,-79093.97781010905,-91841.08546010884
2025-01-24T13:15:27.000000,-12747.10764999979,-79736.83886137258,-92483.94651137237
2025-01-24T13:15:32.000000,-12747.10764999979,-80464.71266263613,-93211.82031263591
2025-01-24T13:15:37.000000,-12747.10764999979,-81107.57371389966,-93854.68136389945
2025-01-24T13:15:42.000000,-12747.10764999979,-81733.4322151632,-94480.53986516298
2025-01-24T13:15:47.000000,-12747.10764999979,-82359.29071642672,-95106.39836642651
2025-01-24T13:15:52.000000,-12747.10764999979,-82968.14666769026,-95715.25431769005
2025-01-24T13:15:57.000000,-12747.10764999979,-83560.0000689538,-96307.10771895359
2025-01-24T13:16:02.000000,-12747.10764999979,-84100.84582021734,-96847.95347021712
2025-01-24T13:16:07.000000,-12747.10764999979,-84259.91810000072,-97007.02575000051
2025-01-24T13:18:17.000000,-12747.10764999979,-84326.63120000073,-97073.73885000052
2025-01-24T13:18:22.000000,-12747.10764999979,-84393.34430000074,-97140.45195000053
2025-01-24T13:18:27.000000,-12747.10764999979,-84460.05740000075,-97207.16505000053
2025-01-24T13:18:27.000000,-12747.10764999979,-84519.90400000075,-97267.01165000054
2025-01-24T13:18:32.000000,-12747.10764999979,-84586.61710000076,-97333.72475000055
2025-01-24T13:18:32.000000,-12747.10764999979,-84646.46370000076,-97393.57135000055
2025-01-24T13:18:37.000000,-12747.10764999979,-84713.17680000077,-97460.28445000056
2025-01-24T13:18:37.000000,-12747.10764999979,-84770.30310000078,-97517.41075000056
2025-01-24T13:18:42.000000,-12747.10764999979,-84803.65965000077,-97550.76730000056
2025-01-24T13:19:32.000000,-12747.10764999979,-84882.05502500077,-97629.16267500055
2025-01-24T13:19:37.000000,-12747.10764999979,-84960.45040000076,-97707.55805000055
2025-01-24T13:19:42.000000,-12747.10764999979,-85028.84427500075,-97775.95192500054
2025-01-24T13:19:47.000000,-12747.10764999979,-85107.23965000075,-97854.34730000053
2025-01-24T13:19:52.000000,-12747.10764999979,-85169.95595000075,-97917.06360000053
2025-01-24T13:23:12.000000,-8781.647949999786,-85169.95595000075,-93951.60390000053
2025-01-24T13:24:52.000000,-8781.647949999786,-85209.31955000074,-93990.96750000052
2025-01-24T13:24:52.000000,-8781.647949999786,-85261.4270308831,-94043.07498088288
2025-01-24T13:24:57.000000,-8781.647949999786,-85300.7906308831,-94082.43858088288
2025-01-24T13:25:02.000000,-8781.647949999786,-85340.1542308831,-94121.80218088288
2025-01-24T13:25:07.000000,-8781.647949999786,-85379.5178308831,-94161.16578088287
2025-01-24T13:25:12.000000,-8781.647949999786,-85418.88143088309,-94200.52938088287
2025-01-24T13:25:17.000000,-8781.647949999786,-85446.76398088309,-94228.41193088287
2025-01-24T13:29:47.000000,-8781.647949999786,-85390.0290674377,-94171.67701743748
2025-01-24T13:29:52.000000,-8781.647949999786,-85333.29415399232,-94114.9421039921
2025-01-24T13:29:57.000000,-8781.647949999786,-85281.28715000072,-94062.9351000005
2025-01-24T13:34:27.000000,-8810.495699425073,-85281.28715000072,-94091.78284942578
2025-01-24T13:34:32.000000,-8839.34344885036,-85281.28715000072,-94120.63059885107
2025-01-24T13:34:37.000000,-8868.191198275648,-85281.28715000072,-94149.47834827636
2025-01-24T13:34:42.000000,-8897.038947700936,-85281.28715000072,-94178.32609770165
2025-01-24T13:34:47.000000,-8942.875647126222,-85281.28715000072,-94224.16279712693
2025-01-24T13:34:52.000000,-8946.269499999786,-85281.28715000072,-94227.5566500005
2025-01-24T13:44:17.000000,-9142.738019565002,-85281.28715000072,-94424.0251695657
2025-01-24T13:44:22.000000,-9339.206539130219,-85281.28715000072,-94620.49368913092
2025-01-24T13:44:27.000000,-9477.890199999783,-85281.28715000072,-94759.17735000048
2025-01-24T13:54:36.000000,-9501.764186956307,-85281.28715000072,-94783.051336957
2025-01-24T13:54:41.000000,-9516.644023912828,-85281.28715000072,-94797.93117391352
2025-01-24T13:54:46.000000,-9531.523860869349,-85281.28715000072,-94812.81101087003
2025-01-24T13:54:51.000000,-9555.397847825872,-85281.28715000072,-94836.68499782655
2025-01-24T13:54:56.000000,-9570.277684782393,-85281.28715000072,-94851.56483478307
2025-01-24T13:55:01.000000,-9571.930999999784,-85281.28715000072,-94853.21815000047
2025-01-24T13:57:42.000000,-9499.582998584692,-85281.28715000072,-94780.87014858538
2025-01-24T13:57:47.000000,-9427.2349971696,-85281.28715000072,-94708.5221471703
2025-01-24T13:57:52.000000,-9354.886995754508,-85281.28715000072,-94636.17414575521
2025-01-24T13:57:57.000000,-9282.538994339417,-85281.28715000072,-94563.82614434013
2025-01-24T13:58:02.000000,-9210.190992924325,-85281.28715000072,-94491.47814292504
2025-01-24T13:58:07.000000,-9206.745849999797,-85281.28715000072,-94488.03300000052
2025-01-24T14:08:47.000000,-9206.745849999797,-85343.56651944516,-94550.31236944496
2025-01-24T14:08:52.000000,-9206.745849999797,-85405.8458888896,-94612.5917388894
2025-01-24T14:08:57.000000,-9206.745849999797,-85468.12525833404,-94674.87110833384
2025-01-24T14:09:02.000000,-9206.745849999797,-85530.40462777848,-94737.15047777828
2025-01-24T14:09:07.000000,-9206.745849999797,-85592.68399722292,-94799.42984722272
2025-01-24T14:09:12.000000,-9206.745849999797,-85601.58105000069,-94808.3269000005
2025-01-24T14:11:27.000000,-9206.745849999797,-85628.1711728077,-94834.91702280751
2025-01-24T14:11:32.000000,-9206.745849999797,-85654.76129561472,-94861.50714561452
2025-01-24T14:11:37.000000,-9206.745849999797,-85681.35141842173,-94888.09726842154
2025-01-24T14:11:42.000000,-9206.745849999797,-85707.94154122875,-94914.68739122855
2025-01-24T14:11:47.000000,-9206.745849999797,-85724.53016403576,-94931.27601403557
2025-01-24T14:11:52.000000,-9206.745849999797,-85736.14220000067,-94942.88805000047
2025-01-24T14:28:21.000000,-9191.939368292478,-85736.14220000067,-94928.08156829316
2025-01-24T14:28:26.000000,-9177.13288658516,-85736.14220000067,-94913.27508658584
2025-01-24T14:28:31.000000,-9153.332254877843,-85736.14220000067,-94889.47445487852
2025-01-24T14:28:36.000000,-9129.531623170527,-85736.14220000067,-94865.67382317121
2025-01-24T14:28:41.000000,-9116.309049999796,-85736.14220000067,-94852.45125000048
2025-01-24T14:31:42.000000,-9116.309049999796,-85757.60680312567,-94873.91585312548
2025-01-24T14:32:22.000000,-9116.309049999796,-85793.07350625067,-94909.38255625048
2025-01-24T14:33:32.000000,-9116.309049999796,-85807.20745000067,-94923.51650000048
2025-01-24T14:33:52.000000,-9116.309049999796,-85960.71335000067,-95077.02240000048
2025-01-24T14:34:57.000000,-9116.309049999796,-85810.91825000067,-94927.22730000048
2025-01-24T14:35:02.000000,-9116.309049999796,-85652.12180000068,-94768.43085000048
2025-01-24T14:35:07.000000,-9116.309049999796,-85475.32265000067,-94591.63170000048
2025-01-24T14:35:12.000000,-9116.309049999796,-85316.52620000068,-94432.83525000048
2025-01-24T14:35:17.000000,-9116.309049999796,-85193.73515000068,-94310.04420000048
2025-01-24T14:35:22.000000,-9116.309049999796,-85180.09170000067,-94296.40075000048
2025-01-24T14:45:02.000000,-9116.309049999796,-85188.52553673537,-94304.83458673517
2025-01-24T14:45:07.000000,-9116.309049999796,-85186.95787347006,-94303.26692346987
2025-01-24T14:45:12.000000,-9116.309049999796,-85185.39021020476,-94301.69926020456
2025-01-24T14:45:17.000000,-9116.309049999796,-85173.82104693945,-94290.13009693926
2025-01-24T14:45:22.000000,-9116.309049999796,-85172.41015000068,-94288.71920000049
2025-01-27T09:50:17.000000,-9116.309049999796,-85003.57267000068,-94119.88172000049
2025-01-27T09:50:22.000000,-9116.309049999796,-84813.73204000067,-93930.04109000048
2025-01-27T09:50:27.000000,-9116.309049999796,-84602.88826000068,-93719.19731000048
2025-01-27T09:50:32.000000,-9116.309049999796,-84392.04448000068,-93508.35353000049
2025-01-27T09:50:37.000000,-9116.309049999796,-84160.19755000068,-93276.50660000049
2025-01-27T10:19:02.000000,-9093.352948610906,-84160.19755000068,-93253.5504986116
2025-01-27T10:19:07.000000,-9070.396847222015,-84160.19755000068,-93230.59439722271
2025-01-27T10:19:12.000000,-9061.431645833123,-84160.19755000068,-93221.62919583383
2025-01-27T10:19:17.000000,-9052.466444444231,-84160.19755000068,-93212.66399444494
2025-01-27T10:19:17.000000,-9131.760173855995,-84160.19755000068,-93291.9577238567
2025-01-27T10:19:22.000000,-9136.785872467106,-84160.19755000068,-93296.9834224678
2025-01-27T10:19:22.000000,-9203.08805187887,-84160.19755000068,-93363.28560187957
2025-01-27T10:19:27.000000,-9203.806008823316,-84160.19755000068,-93364.00355882401
2025-01-27T10:19:27.000000,-9283.09973823508,-84160.19755000068,-93443.29728823577
2025-01-27T10:19:32.000000,-9375.385017646844,-84160.19755000068,-93535.58256764754
2025-01-27T10:19:37.000000,-9454.678747058608,-84160.19755000068,-93614.8762970593
2025-01-27T10:19:42.000000,-9475.975349999784,-84160.19755000068,-93636.17290000047
2025-01-27T10:46:12.000000,-9475.975349999784,-84203.07394069836,-93679.04929069815
2025-01-27T10:46:17.000000,-9475.975349999784,-84233.94853139603,-93709.92388139582
2025-01-27T10:46:22.000000,-9475.975349999784,-84258.8222220937,-93734.79757209349
2025-01-27T10:46:27.000000,-9475.975349999784,-84277.69501279137,-93753.67036279116
2025-01-27T10:46:32.000000,-9475.975349999784,-84296.56780348904,-93772.54315348883
2025-01-27T10:46:37.000000,-9475.975349999784,-84321.44149418671,-93797.4168441865
2025-01-27T10:46:42.000000,-9475.975349999784,-84346.31518488438,-93822.29053488417
2025-01-27T10:46:47.000000,-9475.975349999784,-84350.46080000067,-93826.43615000046
2025-01-27T10:50:07.000000,-9475.975349999784,-84317.71158035782,-93793.68693035761
2025-01-27T10:50:12.000000,-9475.975349999784,-84284.96236071497,-93760.93771071476
2025-01-27T10:50:17.000000,-9475.975349999784,-84252.21314107212,-93728.18849107191
2025-01-27T10:50:22.000000,-9475.975349999784,-84219.46392142927,-93695.43927142906
2025-01-27T10:50:27.000000,-9475.975349999784,-84186.71470178642,-93662.69005178621
2025-01-27T10:50:32.000000,-9475.975349999784,-84183.7375000007,-93659.71285000049
2025-01-27T11:14:12.000000,-9475.975349999784,-84199.94412807087,-93675.91947807066
2025-01-27T11:14:17.000000,-9475.975349999784,-84194.14745614104,-93670.12280614083
2025-01-27T11:14:22.000000,-9475.975349999784,-84188.35078421122,-93664.326134211
2025-01-27T11:14:27.000000,-9475.975349999784,-84182.55411228139,-93658.52946228118
2025-01-27T11:14:32.000000,-9475.975349999784,-84176.75744035156,-93652.73279035135
2025-01-27T11:14:37.000000,-9475.975349999784,-84175.70350000069,-93651.67885000048
2025-01-27T11:15:02.000000,-9475.975349999784,-84168.62614605331,-93644.6014960531
2025-01-27T11:15:07.000000,-9475.975349999784,-84161.54879210594,-93637.52414210573
2025-01-27T11:15:12.000000,-9475.975349999784,-84155.01585000068,-93630.99120000047
2025-01-27T11:22:17.000000,-9475.975349999784,-84263.52980000069,-93739.50515000048
2025-01-27T11:22:22.000000,-9475.975349999784,-84372.0437500007,-93848.01910000049
2025-01-27T11:22:27.000000,-9475.975349999784,-84511.56235000069,-93987.53770000048
2025-01-27T11:22:32.000000,-9475.975349999784,-84610.57555000069,-94086.55090000048
2025-01-27T13:40:57.000000,-9475.975349999784,-84627.91305000069,-94103.88840000048
2025-01-27T13:44:47.000000,-9475.975349999784,-84706.32810000068,-94182.30345000047
2025-01-27T13:44:52.000000,-9475.975349999784,-84784.74315000068,-94260.71850000047
2025-01-27T13:44:57.000000,-9475.975349999784,-84863.15820000067,-94339.13355000046
2025-01-27T13:45:02.000000,-9475.975349999784,-84920.57010000067,-94396.54545000046
2025-01-27T13:45:07.000000,-9475.975349999784,-84961.57860000066,-94437.55395000045
2025-01-27T13:52:02.000000,-9475.975349999784,-84931.11357169878,-94407.08892169857
2025-01-27T13:52:07.000000,-9475.975349999784,-84900.64854339689,-94376.62389339668
2025-01-27T13:52:12.000000,-9475.975349999784,-84870.183515095,-94346.1588650948
2025-01-27T13:52:17.000000,-9475.975349999784,-84839.71848679312,-94315.69383679291
2025-01-27T13:52:22.000000,-9475.975349999784,-84799.25195849124,-94275.22730849103
2025-01-27T13:52:27.000000,-9475.975349999784,-84784.11155000067,-94260.08690000046
2025-01-27T14:03:17.000000,-9475.975349999784,-84795.52207500067,-94271.49742500046
2025-01-27T14:03:22.000000,-9475.975349999784,-84830.521183334,-94306.49653333379
2025-01-27T14:03:27.000000,-9475.975349999784,-84856.57851222288,-94332.55386222267
2025-01-27T14:03:47.000000,-9475.975349999784,-84857.43960000067,-94333.41495000046
2025-01-27T14:05:42.000000,-9475.975349999784,-84960.59453815856,-94436.56988815835
2025-01-27T14:06:07.000000,-9475.975349999784,-84995.88881261738,-94471.86416261717
2025-01-27T14:08:22.000000,-9475.975349999784,-84993.66624261739,-94469.64159261718
2025-01-27T14:08:27.000000,-9475.975349999784,-84991.44367261739,-94467.41902261718
2025-01-27T14:08:32.000000,-9475.975349999784,-84996.22215261738,-94472.19750261717
2025-01-27T14:08:37.000000,-9475.975349999784,-85001.00063261738,-94476.97598261716
2025-01-27T14:08:42.000000,-9475.975349999784,-85005.77911261737,-94481.75446261716
2025-01-27T14:08:47.000000,-9475.975349999784,-85010.55759261736,-94486.53294261715
2025-01-27T14:08:52.000000,-9475.975349999784,-85012.60551261736,-94488.58086261715
2025-01-27T14:08:57.000000,-9475.975349999784,-85083.19406153502,-94559.16941153481
2025-01-27T14:09:02.000000,-9475.975349999784,-85167.78471045267,-94643.76006045246
2025-01-27T14:09:07.000000,-9475.975349999784,-85280.37955937033,-94756.35490937011
2025-01-27T14:09:12.000000,-9475.975349999784,-85420.97860828797,-94896.95395828776
2025-01-27T14:09:17.000000,-9475.975349999784,-85575.57975720563,-95051.55510720542
2025-01-27T14:09:22.000000,-9475.975349999784,-85716.17880612328,-95192.15415612307
2025-01-27T14:09:27.000000,-9475.975349999784,-85884.78205504094,-95360.75740504073
2025-01-27T14:09:32.000000,-9475.975349999784,-86067.3874039586,-95543.36275395838
2025-01-27T14:09:37.000000,-9475.975349999784,-86132.60360000061,-95608.5789500004
2025-01-27T14:10:17.000000,-9475.975349999784,-86158.32380000061,-95634.2991500004
2025-01-27T14:10:22.000000,-9475.975349999784,-86178.27814400061,-95654.2534940004
2025-01-27T14:10:22.000000,-9475.975349999784,-86604.64130038359,-96080.61665038338
2025-01-27T14:10:27.000000,-9475.975349999784,-87121.01795676658,-96596.99330676637
2025-01-27T14:10:32.000000,-9475.975349999784,-87168.63906276658,-96644.61441276637
2025-01-27T14:10:32.000000,-9475.975349999784,-87721.02111914956,-97196.99646914935
2025-01-27T14:10:37.000000,-9475.975349999784,-88282.40452553255,-97758.37987553234
2025-01-27T14:10:42.000000,-9475.975349999784,-88780.77848191553,-98256.75383191532
2025-01-27T14:10:47.000000,-9475.975349999784,-88899.52945000064,-98375.50480000043
2025-01-27T14:11:37.000000,-9475.975349999784,-88989.16135000065,-98465.13670000044
2025-01-27T14:11:42.000000,-9475.975349999784,-89078.79325000066,-98554.76860000045
2025-01-27T14:11:47.000000,-9475.975349999784,-89143.42140000066,-98619.39675000045
2025-01-27T14:11:52.000000,-9475.975349999784,-89208.04955000067,-98684.02490000046
2025-01-27T14:11:57.000000,-9475.975349999784,-89272.67770000067,-98748.65305000046
2025-01-27T14:12:42.000000,-9475.975349999784,-89386.05223305151,-98862.0275830513
2025-01-27T14:12:47.000000,-9475.975349999784,-89499.42676610235,-98975.40211610214
2025-01-27T14:12:52.000000,-9475.975349999784,-89591.7981491532,-99067.77349915299
2025-01-27T14:12:57.000000,-9475.975349999784,-89684.16953220405,-99160.14488220384
2025-01-27T14:13:02.000000,-9475.975349999784,-89797.54406525489,-99273.51941525468
2025-01-27T14:13:07.000000,-9475.975349999784,-89854.72635000065,-99330.70170000044
2025-01-27T14:15:02.000000,-9475.975349999784,-89806.98460438661,-99282.9599543864
2025-01-27T14:15:07.000000,-9475.975349999784,-89759.24285877257,-99235.21820877236
2025-01-27T14:15:12.000000,-9475.975349999784,-89711.50111315853,-99187.47646315832
2025-01-27T14:15:17.000000,-9475.975349999784,-89663.7593675445,-99139.73471754428
2025-01-27T14:15:22.000000,-9475.975349999784,-89618.09335000064,-99094.06870000043
2025-01-27T14:15:42.000000,-9475.975349999784,-89354.04495000064,-98830.02030000043
2025-01-27T14:15:47.000000,-9475.975349999784,-89185.44195000063,-98661.41730000042
2025-01-27T14:16:22.000000,-9475.975349999784,-89180.86720925989,-98656.84255925968
2025-01-27T14:16:27.000000,-9475.975349999784,-89176.29246851914,-98652.26781851893
2025-01-27T14:16:32.000000,-9475.975349999784,-89171.71772777839,-98647.69307777818
2025-01-27T14:16:37.000000,-9475.975349999784,-89167.14298703765,-98643.11833703743
2025-01-27T14:16:42.000000,-9475.975349999784,-89172.56974629691,-98648.5450962967
2025-01-27T14:16:47.000000,-9475.975349999784,-89174.74045000061,-98650.7158000004
2025-01-27T14:18:07.000000,-9475.975349999784,-89291.00191383039,-98766.97726383018
2025-01-27T14:18:12.000000,-9475.975349999784,-89407.26337766017,-98883.23872765996
2025-01-27T14:18:17.000000,-9475.975349999784,-89505.52214148996,-98981.49749148975
2025-01-27T14:18:22.000000,-9475.975349999784,-89603.78090531974,-99079.75625531953
2025-01-27T14:18:27.000000,-9475.975349999784,-89720.04236914952,-99196.01771914931
2025-01-27T14:18:32.000000,-9475.975349999784,-89741.87765000059,-99217.85300000038
2025-01-27T14:21:37.000000,-9475.975349999784,-89780.08757807077,-99256.06292807056
2025-01-27T14:21:42.000000,-9475.975349999784,-89818.29750614095,-99294.27285614074
2025-01-27T14:21:47.000000,-9475.975349999784,-89856.50743421113,-99332.48278421092
2025-01-27T14:21:52.000000,-9475.975349999784,-89894.71736228131,-99370.6927122811
2025-01-27T14:21:57.000000,-9475.975349999784,-89932.9272903515,-99408.90264035128
2025-01-27T14:22:02.000000,-9475.975349999784,-89939.87455000062,-99415.84990000041
2025-01-27T14:25:17.000000,-9475.975349999784,-89879.27183125062,-99355.24718125041
2025-01-27T14:25:22.000000,-9475.975349999784,-89818.66911250062,-99294.64446250041
2025-01-27T14:25:27.000000,-9475.975349999784,-89778.26730000062,-99254.24265000041
2025-01-27T14:36:42.000000,-9475.975349999784,-89750.66257184529,-99226.63792184507
2025-01-27T14:36:47.000000,-9475.975349999784,-89723.05784368995,-99199.03319368974
2025-01-27T14:36:52.000000,-9475.975349999784,-89695.45311553462,-99171.42846553441
2025-01-27T14:36:57.000000,-9475.975349999784,-89667.84838737929,-99143.82373737908
2025-01-27T14:37:02.000000,-9475.975349999784,-89640.24365922395,-99116.21900922374
2025-01-27T14:37:07.000000,-9475.975349999784,-89636.10295000066,-99112.07830000044
2025-01-27T14:39:37.000000,-9526.644569999778,-89636.10295000066,-99162.74752000044
2025-01-27T14:39:42.000000,-9587.307289999773,-89636.10295000066,-99223.41024000043
2025-01-27T14:39:47.000000,-9644.702389999773,-89636.10295000066,-99280.80534000043
2025-01-27T14:39:47.000000,-9685.378109999769,-89636.10295000066,-99321.48106000043
2025-01-27T14:39:52.000000,-9763.759559999768,-89636.10295000066,-99399.86251000043
2025-01-27T14:39:52.000000,-9824.422279999762,-89636.10295000066,-99460.52523000042
2025-01-27T14:39:57.000000,-9902.803729999761,-89636.10295000066,-99538.90668000042
2025-01-27T14:39:57.000000,-9963.466449999756,-89636.10295000066,-99599.56940000042
2025-01-27T14:40:02.000000,-10020.861549999756,-89636.10295000066,-99656.96450000041
2025-01-27T14:40:07.000000,-10078.256649999756,-89636.10295000066,-99714.3596000004
2025-01-27T14:40:12.000000,-10086.455949999756,-89636.10295000066,-99722.5589000004
2025-01-27T14:44:07.000000,-10086.455949999756,-89612.00856964351,-99698.46451964325
2025-01-27T14:44:12.000000,-10086.455949999756,-89565.91088928637,-99652.36683928611
2025-01-27T14:44:17.000000,-10086.455949999756,-89519.81320892923,-99606.26915892898
2025-01-27T14:44:22.000000,-10086.455949999756,-89495.71882857209,-99582.17477857183
2025-01-27T14:44:27.000000,-10086.455949999756,-89449.62114821495,-99536.0770982147
2025-01-27T14:44:32.000000,-10086.455949999756,-89445.43045000067,-99531.88640000041
