symbol,n_trades,total_pnl,total_entry_notional,return_rate
688309,1,298.8218999999999,8724.0,0.034252854195323236
301010,1,314.21950000000055,9464.0,0.03320155325443793
000525,4,1182.2317000000016,38724.0,0.030529689598182048
301117,2,455.3890500000012,19131.0,0.023803724321781464
603118,1,196.19699999999992,9792.0,0.020036458333333326
300822,2,379.58645000000024,19341.0,0.019625999172741857
300927,7,1188.3818500000023,63571.0,0.018693773104088377
300019,1,154.9299000000008,8868.0,0.017470669824086692
300977,12,1822.443450000003,111103.0,0.01640318848275927
301313,1,156.29340000000005,9664.0,0.016172744205298017
603180,1,122.91854999999991,7626.000000000001,0.016118351691581417
301106,1,136.81199999999907,8868.0,0.015427604871447799
301083,2,298.96965000000074,19782.0,0.015113216560509592
300632,2,290.1842999999999,19827.0,0.014635814798002718
002055,2,271.20624999999956,19509.0,0.013901596698959432
002907,1,118.79970000000051,8898.0,0.013351281186783604
003040,1,118.4532999999998,9457.0,0.012525462620281253
300798,1,113.62614999999937,9240.0,0.012297202380952313
300882,20,2269.316900000006,191359.0,0.011858950454381588
300305,7,817.4573499999983,69016.0,0.011844461429233776
603667,2,205.75300000000067,17630.0,0.011670618264322216
002159,1,100.93139999999983,8748.0,0.011537654320987634
603963,34,3674.7049500000144,328722.0,0.011178761841312763
000702,119,11888.202999999994,1158068.0,0.010265548309771097
600338,9,833.4846,82413.0,0.010113508791088785
603010,3,291.63285000000127,29007.0,0.010053878374185586
301156,11,1015.1349500000035,102804.0,0.009874469378623435
301258,13,1001.5448500000018,101839.0,0.009834590382859236
300756,2,184.77480000000034,18929.0,0.009761466532833237
301019,6,521.3870000000015,53564.0,0.00973390710178481
300551,9,832.1928999999965,86556.0,0.009614502749664916
600719,124,11253.619349999997,1175601.0,0.009572652073279963
300901,9,764.8201499999998,85226.0,0.008974023772088327
001322,5,424.34064999999975,48119.0,0.008818567509715491
002296,46,3870.542549999991,439801.0,0.008800667915716405
603256,2,166.64569999999958,19045.0,0.008750102389078477
600246,7,583.0051500000003,66976.0,0.008704687500000004
002805,28,2144.5957499999995,250501.0,0.00856122630248981
300171,57,4342.533099999998,514611.0,0.008438477024393178
002136,1,80.39079999999954,9528.0,0.00843732157850541
600571,3,245.6659500000014,29245.0,0.008400271841340448
600421,12,972.3877500000013,116122.0,0.008373846041232508
300127,11,826.0317499999976,98930.0,0.008349658849691678
300503,2,156.58580000000094,19188.0,0.008160610798415726
301231,3,227.6255,28015.0,0.008125129394966981
301361,7,549.4194000000035,67933.0,0.008087665788350339
603172,3,226.57655000000108,28085.0,0.008067528930033865
300952,2,134.4862000000004,16772.0,0.008018495110899141
600706,10,710.9085000000038,89011.0,0.007986748828796483
300582,4,297.2618499999996,37234.0,0.007983613095557812
600593,68,4751.802999999994,605068.0,0.007853337145577018
002338,2,136.00169999999895,17526.0,0.007759996576514832
603985,10,725.619350000003,93620.0,0.007750687353129705
300483,9,640.489250000006,82641.0,0.007750260161421159
000710,12,905.3130499999963,117377.0,0.0077128658084632965
601208,1,76.03500000000034,9972.0,0.007624849578820732
300966,12,787.2024999999998,103692.0,0.007591738031863594
603916,4,278.5886000000014,36802.0,0.007569930982011886
603079,67,4742.452649999992,628391.0,0.0075469773596375375
301499,1,59.669100000000725,7926.000000000001,0.007528274034822195
300011,2,139.40644999999972,19334.0,0.007210429812765063
003032,6,412.1871000000016,57272.0,0.007197009009638245
002813,3,157.43984999999927,21983.0,0.007161891006686952
300478,1,69.18835000000031,9702.0,0.007131349206349238
301396,2,134.7664999999986,18920.0,0.007122965116278995
002989,2,130.24175000000136,18330.0,0.007105387343153375
300721,19,1216.3175000000017,172089.0,0.007067956115730824
300801,9,565.8249,80632.0,0.007017373995436054
301188,2,120.84025000000156,17590.0,0.00686982660602624
300518,3,194.26455000000018,28450.0,0.006828279437609848
600268,1,64.36919999999954,9552.0,0.006738819095477339
301135,1,66.97925000000106,9965.0,0.006721450075263528
301052,1,64.28599999999989,9656.0,0.006657622203811091
300875,3,163.3018499999998,24561.0,0.00664882740930743
300623,96,5729.651149999992,862612.0,0.00664221127227536
603231,5,285.40159999999884,43392.0,0.006577286135693188
002827,33,1989.1060000000011,302720.0,0.006570778276955606
600682,25,1572.0015499999988,240757.0,0.006529411605893074
688322,1,50.751750000000385,7821.0,0.006489163789796751
000766,83,5045.345049999978,782327.0,0.006449151122228912
603636,4,243.36750000000126,38002.0,0.00640407083837696
300580,2,98.4934500000003,15528.0,0.006342957882534795
603867,1,53.27699999999979,8415.0,0.006331194295900153
300538,15,868.3355000000035,137178.0,0.006329990960649692
300989,21,1187.758600000006,190203.0,0.006244689095335016
301036,7,400.5221999999981,64144.0,0.00624411012721374
301167,3,173.63500000000082,28007.0,0.006199700074981284
300250,4,236.34885000000108,38188.0,0.006189086885932782
002882,161,9326.10025,1510630.0,0.006173649570046934
300880,19,1068.2994500000011,173384.0,0.006161465014072816
300792,1,57.45774999999951,9375.0,0.006128826666666614
001299,2,108.7696499999993,17832.0,0.006099688761776543
603629,1,44.930849999999445,7596.0,0.005915067140600243
301357,1,52.80419999999979,8946.0,0.0059025486250838125
001366,46,2478.103049999997,420349.0,0.0058953466048450144
605018,1,55.46385000000026,9432.0,0.005880391221374073
603209,1,58.07549999999966,9918.0,0.00585556563823348
301285,1,52.78019999999943,9036.0,0.005841102257636059
300670,17,967.575399999998,165779.0,0.005836537800324517
300556,1,57.1177499999995,9800.0,0.005828341836734643
300583,16,852.4939500000056,150020.0,0.005682535328622887
000524,48,2560.183100000005,452053.0,0.005663457824635619
600312,1,52.564199999999786,9306.0,0.005648420373952266
603929,2,86.40765000000056,15657.0,0.005518787123970145
301366,6,244.52360000000112,44398.0,0.005507536375512436
600749,82,4145.973300000007,754394.0,0.005495766535789
300314,3,155.78845000000098,28785.0,0.005412140003474066
001376,224,10692.122800000005,2000628.0,0.005344383263655214
300925,39,1979.2544999999943,373821.0,0.005294658406028539
603217,6,303.80849999999964,57455.0,0.005287764337307451
300455,25,1256.2122500000007,238801.0,0.005260498280995477
300046,118,5722.843299999991,1093698.0,0.0052325626452640415
300500,37,1755.477649999999,339844.0,0.005165539629947855
600506,50,2479.4906999999985,481970.0,0.005144491773346886
688195,1,41.472000000000044,8121.0,0.005106760251200597
300675,9,429.11854999999935,84840.0,0.005057974422442236
000532,84,3959.5968500000013,783119.0,0.0050561879484471725
603050,16,754.8713999999973,150681.0,0.005009731817548313
605180,57,2572.375100000005,517019.0,0.00497539761594836
300752,19,877.1784499999991,176374.0,0.004973399990928363
603506,105,4905.011200000004,988723.0,0.004960955899680703
603219,4,180.52509999999978,36673.0,0.004922561557549145
002626,66,2865.384600000003,582167.0,0.004921928931045564
603319,37,1775.257749999996,361685.0,0.004908297966462518
688496,1,46.36170000000045,9504.0,0.004878125000000047
603933,1,48.05080000000005,9947.0,0.004830682617874741
003017,1,47.12424999999972,9800.0,0.004808596938775482
603823,50,2216.3647000000037,461977.0,0.004797565030293724
300215,124,5736.6731499999905,1204573.0,0.004762412199177626
002900,20,928.8507500000024,195081.0,0.004761359384050741
002270,2,82.13599999999937,17348.0,0.004734609176850321
002705,2,81.18624999999886,17190.0,0.004722876672483937
300895,1,35.88870000000017,7605.0,0.004719092702169647
603968,14,622.056399999997,131943.0,0.004714584328081042
688410,2,71.74860000000034,15246.0,0.0047060606060606285
300429,113,4976.230250000003,1058984.0,0.004699060845111922
001360,14,645.6461999999999,138198.0,0.004671892502062258
300806,10,434.70849999999626,93680.0,0.004640355465414136
603787,6,259.79054999999914,56586.0,0.004591074647439281
002237,1,41.6937500000002,9093.0,0.004585257890685164
301187,5,207.60780000000122,45312.0,0.004581739936440705
301587,9,380.32544999999845,83013.0,0.004581516750388474
300458,14,542.2947499999941,118501.0,0.004576288385751969
300261,68,2995.7241499999977,657261.0,0.004557891233467371
300917,77,2808.5559000000017,621248.0,0.00452082887993201
600696,1,40.7560000000004,9016.0,0.00452040816326535
603890,46,1986.1866999999984,439539.0,0.004518795146733278
603227,1,44.17660000000004,9789.0,0.0045128818061089026
688319,2,84.83099999999965,18920.0,0.0044836680761099175
300894,61,2516.235599999997,564368.0,0.004458501545091141
002521,8,335.50819999999953,75293.0,0.004456034425510997
300051,3,124.49084999999651,28017.0,0.0044434040047113006
300040,392,16766.565250000018,3786197.0,0.004428339373255015
603068,80,3174.177450000001,729956.0,0.004348450386050667
605169,4,164.5420499999999,37914.0,0.004339875771482827
300077,8,330.2211999999986,77327.0,0.004270451459386742
300654,8,322.0390500000043,75880.0,0.00424405706378498
301376,4,136.00109999999975,32481.0,0.004187097072134471
688530,4,157.7370000000024,37736.0,0.004180013779944944
300052,36,1366.8900999999998,328397.0,0.004162309948020231
600178,28,1110.1138000000035,267552.0,0.004149151566798243
300829,5,191.1461999999994,46082.0,0.004147957987934539
000819,4,155.8502999999992,37614.0,0.004143412027436572
301073,2,67.82335000000057,16474.0,0.004116993444215161
300879,5,192.46249999999918,46843.0,0.00410867151975747
603530,26,928.1959500000028,226197.0,0.004103484794228052
002796,3,118.77730000000248,29055.0,0.004088015832042763
002977,12,331.1202000000065,81090.0,0.004083366629670816
605162,22,862.1043999999963,212469.0,0.004057553807849598
600316,1,37.55074999999993,9275.0,0.004048598382749319
603839,3,115.75284999999838,29085.0,0.003979812618188014
300480,9,327.1797500000003,82313.0,0.003974824754291549
605218,1,37.390749999999926,9475.0,0.003946253298153027
600685,9,294.009900000001,74751.0,0.003933190191435579
002792,3,111.18489999999963,28410.0,0.003913583245336136
688133,1,34.86150000000017,8931.0,0.0039034262680551083
000993,95,3583.9089500000086,920347.0,0.0038940844594484566
300711,265,9025.156250000007,2324183.0,0.0038831521657287774
300469,4,144.2020999999995,37216.0,0.0038747339853826175
300844,2,71.9698500000008,18804.0,0.0038273691767709427
300322,5,181.1040500000003,47341.0,0.0038255222745611694
603153,1,37.17874999999993,9785.0,0.003799565661727126
300136,7,256.14249999999515,67425.0,0.0037989247311827237
688659,6,215.41035000000005,56918.0,0.003784573421413262
000721,24,864.9388000000093,228869.0,0.0037791872206371737
688233,2,74.20949999999809,19665.0,0.0037736842105262187
300243,177,6223.8699499999975,1656148.0,0.0037580397102191334
301389,80,2669.8508499999934,725156.0,0.0036817606832184983
300213,1,34.423900000000344,9478.0,0.0036319793205317943
603657,26,860.2504499999991,238219.0,0.0036111748013382605
603701,1,32.74839999999915,9072.0,0.0036098324514990247
002581,6,199.39579999999978,55529.0,0.0035908408219128703
600505,524,17368.87054999997,4899597.0,0.0035449590139760415
300581,19,639.1401499999993,181997.0,0.003511816953026694
688362,1,29.307799999999943,8372.0,0.0035006927854753876
300967,12,399.3616499999952,114149.0,0.0034985996373160977
301049,3,85.45095000000043,24450.0,0.0034949263803681157
000948,1,34.11029999999911,9870.0,0.00345595744680842
300381,105,3487.7840499999866,1012444.0,0.003444915521253508
300437,3,98.13815000000169,28600.0,0.003431403846153905
002037,40,1308.3718500000018,383043.0,0.0034157310014802564
603499,5,149.73975000000405,43895.0,0.003411316778676479
002735,74,2385.97245,700486.0,0.0034061672181885153
600223,10,328.3041000000032,96779.0,0.003392307215408334
002253,9,290.9339999999938,86320.0,0.0033704124189063225
300393,43,1387.3074499999996,414972.0,0.0033431350789932803
301025,15,476.43584999999734,143444.0,0.003321406611639367
003001,2,61.223399999999614,18485.0,0.0033120584257505877
688105,2,55.40715000000013,16935.0,0.003271753764393276
601595,9,248.13675000000356,76005.0,0.003264742451154576
300836,3,72.19750000000057,22180.0,0.0032550721370604406
002730,1,31.309850000000328,9620.0,0.003254662162162196
000539,62,1941.834200000011,598454.0,0.0032447509750123
000561,2,63.34944999999948,19564.0,0.0032380622572070884
300887,7,220.36604999999818,68227.0,0.0032298950562093917
300745,4,115.3272000000019,35720.0,0.0032286450167973656
301348,17,478.04075000000205,148319.0,0.0032230580707798867
300950,11,314.4733500000014,97809.0,0.0032151780510996063
300758,54,1616.707000000003,503765.0,0.003209248359850333
002846,8,238.5334999999972,74389.0,0.003206569519687013
000791,253,7838.029899999998,2446567.0,0.0032036849593736847
603650,73,2186.037150000003,682818.0,0.003201493150444193
300926,4,115.02560000000013,36101.0,0.0031862164482978346
601038,1,27.94925000000014,8820.0,0.0031688492063492225
002761,169,5033.782349999999,1592323.0,0.003161282195886135
605011,245,6890.191650000001,2189151.0,0.003147426399549415
000610,53,1562.5672500000005,500251.0,0.0031235664696322458
300293,184,5469.832550000003,1753388.0,0.0031195790948723287
002967,4,116.89324999999792,37514.0,0.0031159900303885995
603108,1,27.853250000000145,8940.0,0.0031155760626398374
300513,10,300.596699999998,96816.0,0.0031048246157659685
300719,374,10548.578699999998,3433764.0,0.00307201621893642
603125,4,107.76759999999852,35248.0,0.003057410349523335
605277,43,1199.898599999995,393785.0,0.003047090671305395
600855,3,87.05650000000122,28590.0,0.0030449982511368038
301519,1,28.5030000000003,9378.0,0.0030393474088292066
300497,3,82.2428000000001,27140.0,0.0030303168754605785
601156,3,75.72640000000081,25264.0,0.0029974034198860357
000151,6,172.8080500000023,57674.0,0.002996290356139722
688566,2,49.73025000000027,16608.0,0.0029943551300578197
002549,2,59.111249999999735,19815.0,0.002983156699470085
300295,131,3595.6722999999997,1208882.0,0.0029743782271553386
000899,500,13987.538600000049,4708682.0,0.0029705846774108016
300238,22,591.6150500000001,199208.0,0.002969835799767078
603602,2,56.682799999998466,19088.0,0.0029695515507124092
603097,41,1013.1501499999955,344779.0,0.002938549476621243
300947,47,1247.108549999992,431747.0,0.0028885170018552344
300443,1,27.357250000000143,9560.0,0.002861637029288718
300905,61,1339.8349999999937,470560.0,0.0028473202142128393
300041,5,135.65090000000023,47881.0,0.0028330841043420194
603876,72,1932.0774499999889,682014.0,0.0028328999844577808
300740,2,47.4915500000003,16836.0,0.0028208333333333514
300994,6,161.28865000000275,57370.0,0.0028113761547847787
301039,6,152.96075000000218,55086.0,0.002776762698326293
301000,7,178.21689999999793,64542.0,0.002761254686870533
300505,211,5323.374349999981,1929645.0,0.0027587324870636727
002090,15,394.11554999999896,143376.0,0.0027488251171744154
002952,7,152.73690000000005,56616.0,0.00269776918185672
300520,40,978.2559499999974,362951.0,0.0026952837986394785
605183,2,46.15299999999873,17260.0,0.0026739860950173075
601878,222,5520.516099999999,2084320.0,0.002648593354187456
300514,8,190.91895000000272,72399.0,0.002637038495006875
002976,1,24.53280000000074,9308.0,0.0026356682423722324
688089,2,46.0330000000005,17480.0,0.0026334668192219963
300097,11,278.6546000000016,106386.0,0.002619278852480605
000777,52,1189.4372500000072,456640.0,0.002604759219516484
002670,39,962.1936500000024,370791.0,0.002594975741050895
603709,3,74.12174999999917,28631.0,0.002588863469665718
002771,135,3217.739750000017,1246176.0,0.002582090932580965
000888,182,4424.698199999993,1714030.0,0.002581459017636794
600241,3,74.7971000000004,29036.0,0.0025760125361620196
300991,46,1079.253199999991,421054.0,0.0025632180195414153
600678,91,2256.5353499999937,881039.0,0.002561220729161812
002200,1,24.33760000000074,9552.0,0.002547906197655019
301058,17,397.80725000000314,156623.0,0.0025399031432165337
603006,42,1002.7970499999955,395197.0,0.0025374611902418175
000862,31,745.4822999999992,300254.0,0.0024828388630959096
300270,6,143.63410000000127,58029.0,0.0024752123938031204
300252,4,93.27300000000074,38471.0,0.0024245015726131565
001239,24,508.50875000000656,210276.0,0.0024182919115829033
300069,6,138.27799999999877,57259.0,0.0024149566007090374
603189,18,412.84250000000446,171000.0,0.00241428362573102
600549,3,71.25025000000063,29650.0,0.0024030438448566825
002045,7,157.40270000000297,65779.0,0.0023929019899968525
600141,17,373.3421999999986,158316.0,0.002358208898658371
300945,16,356.1501000000027,152244.0,0.002339337510837883
300543,2,44.668199999999786,19128.0,0.002335225846925961
300169,49,1104.4193999999982,474939.0,0.0023253921029858533
603628,316,6737.5541999999405,2897794.0,0.002325063203250452
603789,36,796.3134499999938,343697.0,0.002316905442875538
601136,254,5366.924199999995,2324124.0,0.002309224550841519
002708,69,1526.9788000000012,661428.0,0.0023086092514982754
603131,77,1643.9202499999963,713731.0,0.0023032770749764216
300473,1,22.209300000000425,9744.000000000002,0.0022792795566502896
002395,86,1781.2632500000045,785473.0,0.0022677587262706733
600301,9,188.231849999999,83368.0,0.0022578429373380556
001298,24,486.96699999999134,215845.0,0.002256095809492883
003037,6,132.61980000000278,59079.0,0.0022447874879399244
002313,38,829.252249999985,371788.0,0.0022304438282031293
603619,2,44.09220000000085,19820.0,0.0022246316851665415
603900,40,863.1096999999983,388890.0,0.0022194186016611336
002404,22,475.95319999999765,214889.0,0.0022148793097831795
002351,6,116.49265,53143.0,0.0021920601019889733
601666,14,287.03080000000284,130942.0,0.0021920453330482414
603003,7,150.8101000000018,68820.0,0.002191370241208977
603990,6,125.16244999999937,57320.0,0.0021835737962316707
300554,145,2859.8850500000226,1313687.0,0.002176991208712595
300809,2,37.9373999999996,17500.0,0.0021678514285714055
603711,16,313.01969999999227,146062.0,0.0021430604811654794
300785,10,186.3104000000017,87160.0,0.0021375676916016717
601699,12,235.32219999999802,110512.0,0.00212938142464165
301316,1,18.167750000000353,8545.0,0.002126126389701621
300812,8,143.72569999999968,67706.0,0.002122791185419308
600213,12,244.32894999999812,115599.0,0.002113590515488872
603598,11,208.8000000000045,98982.0,0.0021094744499000275
300712,2,32.57715000000064,15492.0,0.002102836948102288
002843,17,310.64050000000327,148440.0,0.0020927007545136302
002962,638,12167.013949999957,5840612.0,0.00208317449438517
002823,4,78.43634999999874,38225.0,0.002051964682799182
600990,73,1319.3312499999965,644275.0,0.0020477765705638066
002611,210,4147.400700000017,2029145.0,0.0020439153929364424
301120,4,76.85045000000075,37653.0,0.002041017979975055
002023,9,172.16480000000305,84815.0,0.002029886222955881
603693,20,375.7275500000032,185837.0,0.0020218123947330358
300797,1,19.314449999999425,9585.0,0.0020150704225351513
601137,30,543.5100000000015,270315.0,0.0020106542367238278
603017,157,2988.9503499999764,1490410.0,0.0020054551096677937
300827,7,117.74955000000128,58890.0,0.0019994829342842805
605028,2,36.36764999999873,18249.0,0.0019928571428570736
301516,13,244.95079999999695,123572.0,0.001982251642766945
000705,48,903.3908000000067,459658.0,0.0019653542416318364
300457,4,73.89800000000167,37647.0,0.0019629186920605006
002231,80,1521.2042999999906,779675.0,0.0019510748709398026
002851,39,611.5488000000017,315228.0,0.0019400205565495506
300846,1,19.076849999999425,9882.0,0.0019304644808742588
300411,795,14167.326700000063,7345066.0,0.0019288222461173342
603855,1,16.92520000000091,8824.0,0.0019180870353582174
300729,3,54.98129999999834,28788.0,0.0019098686952896465
002987,3,50.53560000000131,26772.0,0.0018876288659794304
600160,16,278.20754999999735,148228.0,0.0018768893191569566
300963,1,16.82280000000091,8976.0,0.0018741978609626683
603668,1,16.784400000000552,9024.0,0.0018599734042553803
300688,1,16.781199999999487,9028.0,0.0018587948604341477
605567,3,50.98055000000182,27495.0,0.0018541753046009027
601059,14,242.428199999999,131646.0,0.0018415158835057579
002438,2,34.105749999998956,18578.0,0.0018358138658627924
603776,3,52.85699999999981,28867.0,0.0018310527592060072
300696,9,156.39055000000073,85807.0,0.0018225849872388119
688658,2,31.2027500000017,17150.0,0.0018194023323616151
002166,284,4879.158900000032,2696447.0,0.0018094770266205982
300603,5,85.72579999999962,47670.0,0.0017983176001678126
300602,62,1008.4668500000042,563706.0,0.001788994351665592
603507,3,44.76255000000092,25246.0,0.0017730551374475528
603580,229,3445.5968500000076,1943643.0,0.0017727519148321002
300414,3,50.16854999999951,28493.0,0.0017607324606043419
002077,60,971.571299999994,553357.0,0.0017557766505167443
603978,1,16.46439999999949,9400.0,0.0017515319148935628
300738,158,2573.397050000005,1471147.0,0.0017492453507365377
605378,5,82.17800000000172,47224.0,0.0017401744875487405
300177,161,2717.6334500000116,1561866.0,0.0017399914269213951
603721,140,2055.3520500000022,1183967.0,0.0017359876162088997
300467,13,207.5040000000006,120431.0,0.0017230115169682273
300530,14,208.0633499999979,120823.0,0.0017220508512451928
000014,4,66.89629999999916,38984.0,0.0017159937410219362
603011,34,561.2282499999993,327307.0,0.001714684531647656
601898,2,32.691999999998984,19096.0,0.0017119815668202234
601083,16,269.8433999999932,157770.0,0.0017103593839132485
688629,6,87.81135000000204,51474.0,0.001705936006527607
301558,4,66.63149999999808,39122.0,0.001703172128214255
605305,3,44.71070000000073,26624.0,0.0016793381911057966
300141,15,236.56114999999937,140889.0,0.0016790604660406375
603825,3,47.70904999999867,29056.0,0.0016419689564977516
300210,110,1702.6823499999937,1039053.0,0.0016386867176169009
002529,5,78.55835000000098,47957.0,0.0016380997560314654
600099,1,16.08359999999949,9876.0,0.0016285540704738244
301301,355,5144.284800000008,3209048.0,0.0016030563581473408
301288,1,13.913549999999553,8841.0,0.0015737529691210897
603232,9,134.4520499999983,85759.0,0.0015677893865366703
000736,99,1446.130200000002,937731.0,0.0015421588920490014
600066,168,2345.066749999988,1522084.0,0.0015406946988470991
300423,11,164.77365000000273,107789.0,0.0015286685097737499
603177,1,14.382499999999531,9526.0,0.0015098152424941772
300093,240,3232.925900000005,2183879.0,0.0014803594429911205
603696,2,28.56260000000102,19316.0,0.0014787015945330823
002786,20,278.0523499999998,188363.0,0.001476151632751654
300586,6,84.23309999999721,57147.0,0.0014739723870018935
300778,34,468.9757999999997,319052.0,0.0014699039654977864
300020,84,1217.0195999999878,828864.0,0.0014682982974287553
600686,54,745.3169500000106,509915.0,0.0014616493925458372
002902,95,1291.7239999999995,884644.0,0.0014601625060476299
300199,71,946.3358500000037,655622.0,0.001443416862155333
300407,11,146.69835000000353,102854.0,0.0014262775390359492
603105,34,460.6631999999922,324363.0,0.0014202088400957944
002599,9,123.27775000000145,86966.0,0.0014175396131821797
300401,39,518.6794000000049,365917.0,0.0014174782805937
002015,5,68.83620000000286,48885.0,0.001408125191776677
000422,160,2113.9478999999988,1509153.0,0.0014007512160794822
603222,7,91.17600000000273,65913.0,0.0013832779573074011
002875,11,147.3517499999979,107176.0,0.0013748577106814763
002208,20,265.37419999999884,193624.0,0.0013705645994298167
002339,424,5589.342650000014,4078204.0,0.0013705402304543897
300909,1,12.566200000000284,9276.0,0.0013547003018542782
002532,18,233.43899999999917,172975.0,0.0013495534036710459
002878,1,13.174349999999553,9786.0,0.0013462446351930873
300657,11,132.29724999999993,98352.0,0.0013451404140231
603191,25,321.9363000000104,240012.0,0.0013413341832908788
600171,131,1633.0643000000011,1219272.0,0.0013393765296012712
600531,36,458.0235500000075,343882.0,0.0013319206879104097
000504,4,49.92480000000245,37687.0,0.0013247220526972816
300590,10,124.59960000000004,94456.0,0.0013191284831032442
603992,1,12.410999999999573,9470.0,0.001310559662090768
002712,15,188.25935000000243,145678.0,0.0012922977388487103
300155,88,1110.530649999993,859885.0,0.0012914874081999257
603208,1,12.243000000000285,9680.0,0.0012647727272727567
301429,5,55.626450000000375,44173.0,0.0012592862155615507
300817,2,24.39000000000057,19480.0,0.0012520533880903783
301136,7,81.61850000000317,65407.0,0.0012478557340957874
600992,13,149.1535499999948,119609.0,0.0012470094223678385
300277,4,47.434900000000646,38247.0,0.0012402253771537806
000099,1350,14605.173600000026,11810036.0,0.0012366747738956957
002129,57,659.5804500000124,538955.0,0.0012238135836943945
001231,2,22.2567500000001,18399.0,0.001209671721289206
002057,8,93.83620000000074,77710.0,0.001207517693990487
603211,1,10.812299999999617,8970.0,0.0012053846153845726
301419,1,10.800300000000682,8985.0,0.0012020367278798756
600714,44,502.0360999999974,419460.0,0.0011968628713107266
002033,2,21.53340000000243,18090.0,0.001190348258706602
600985,10,112.84449999999595,96280.0,0.0011720450768591187
301076,2,21.374999999998522,18252.0,0.001171104536489071
002597,1,8.901450000000214,7611.0,0.0011695506503744861
301132,1,9.48079999999966,8136.0,0.00116529006882985
600189,2,23.05225000000032,19903.0,0.0011582299150881938
301150,4,40.73034999999837,35400.0,0.001150574858757016
300772,1,10.586700000001215,9270.0,0.0011420388349515874
605598,1,9.39119999999966,8248.0,0.0011386032977691149
300357,3,26.29394999999957,23391.0,0.001124105425163506
603665,1,9.275999999999659,8408.0,0.0011032350142720813
001979,243,2542.066750000009,2318804.0,0.0010962835798109755
603348,1,10.274700000000681,9660.0,0.0010636335403727414
300360,2,20.549400000001363,19320.0,0.0010636335403727414
002112,13,129.25405000000194,122076.0,0.0010587998459975912
301016,8,79.58659999999986,75403.0,0.0010554832035860624
300025,3,30.00714999999887,28698.0,0.001045618161544319
300644,47,430.02760000000103,411768.0,0.0010443443881020405
300351,27,259.3443500000128,252020.0,0.001029062574398908
300618,20,192.32249999999806,187011.0,0.0010284020726053444
603018,41,399.5050500000062,388863.0,0.0010273670932950838
300614,3,29.210200000000135,28473.0,0.0010258911951673564
002428,1,10.097099999999617,9882.0,0.0010217668488159905
603806,9,72.28095000000098,70806.0,0.0010208308617913875
600420,22,210.59719999999623,206416.0,0.0010202561816913234
600367,51,490.12660000000716,482140.0,0.0010165648981623743
002312,103,978.691599999998,967132.0,0.0010119524532328555
301248,19,183.6815000000013,182864.0,0.0010044705354799266
601901,158,1511.875849999988,1507099.0,0.0010031695661665146
002459,144,1319.566100000013,1329221.0,0.000992736422310521
300107,878,8139.279400000008,8237458.0,0.0009880814445427228
600843,746,7019.749149999975,7176981.0,0.0009780922019996952
000590,8,75.07495000000208,77589.0,0.0009675978553661225
300327,103,910.7743999999947,941940.0,0.0009669133915111309
000722,146,1325.0143000000041,1375141.0,0.0009635479561732245
300219,10,93.30804999999978,97172.0,0.0009602359733256471
605088,1,8.68399999999966,9148.0,0.000949278530826373
300211,2,18.44269999999937,19483.0,0.0009466047323307175
600131,49,439.53499999998786,475410.0,0.0009245388191245195
300854,2,17.143999999999316,18544.0,0.0009245038826574264
002642,1,9.114549999999639,9860.0,0.0009243965517241013
601058,7,60.80430000000183,66396.0,0.0009157825772637181
300343,11,97.59465000000061,106608.0,0.0009154533430887046
300941,2,15.900500000001136,17600.0,0.0009034375000000646
300621,5,41.03490000000012,46152.0,0.0008891250650026027
600644,347,2947.6929500000133,3333952.0,0.0008841437879129674
001358,2,15.180349999999203,17284.0,0.0008782891691737563
300641,638,4779.5352499999835,5477124.0,0.0008726359399568065
300600,9,75.5001500000028,86757.0,0.0008702485102067015
301079,1,8.315999999999658,9608.0,0.0008655287260615797
002362,1,7.786249999998793,9020.0,0.0008632206208424383
002615,3,24.861600000001104,28884.0,0.0008607395097632289
002769,3,24.8560000000004,28891.0,0.0008603371292098023
300494,12,92.20940000000363,109606.0,0.0008412805868292213
000801,250,1920.1677999999808,2282623.0,0.000841211097934254
603389,50,397.4083000000006,485769.0,0.0008181014021067639
600212,1,8.07920000000108,9888.0,0.0008170711974111125
600895,140,1083.088749999994,1331377.0,0.0008135101853194054
603312,6,48.37920000000008,59499.0,0.0008131094640246068
600789,685,5223.6758499999905,6526663.0,0.0008003593643489775
600362,14,91.03304999999663,114936.0,0.0007920325224472458
603212,11,83.50999999999641,105441.0,0.0007920069043350918
001696,889,6594.828549999994,8358345.0,0.0007890112875216319
002590,390,2821.3565499999886,3582934.0,0.0007874430703998423
300933,1,7.418249999999681,9480.0,0.0007825158227847764
301302,2,14.764499999997586,19070.0,0.0007742265338226316
000878,29,202.0394000000053,262366.0,0.0007700670056333721
002079,6,44.077499999998096,57420.0,0.0007676332288400923
300228,1,7.29824999999968,9630.0,0.0007578660436136739
600392,2,14.532500000001136,19310.0,0.0007525893319524151
001339,3,18.826649999999702,25203.0,0.0007470003571003334
002706,6,42.314800000000076,57079.0,0.0007413374445943355
300444,87,619.3815000000081,838647.0,0.0007385485192220423
601919,130,886.7439999999932,1230141.0,0.000720847447569013
301017,1,6.6268999999997025,9205.0,0.0007199239543725913
603327,121,806.4055000000075,1123829.0,0.0007175517805644876
603266,1,7.042250000000568,9935.0,0.0007088324106694079
300397,294,1974.9022500000085,2807657.0,0.0007033986879451473
000600,2,12.928999999999391,18816.0,0.0006871279761904439
300118,85,538.0633499999999,787870.0,0.0006829341769581275
301566,2,12.885000000000469,18899.0,0.0006817821048732985
000521,52,331.9620499999969,487938.0,0.0006803365386585938
605298,6,37.659499999996854,55375.0,0.0006800812641082954
300762,51,309.4361999999908,468116.0,0.000661024617829749
603663,250,1526.0466999999858,2334210.0,0.0006537743819107903
603300,8,50.02959999999868,77590.0,0.000644794432272183
002668,122,747.0404999999934,1161872.0,0.0006429628220664525
603356,4,23.988099999999022,37471.0,0.0006401777374502688
300759,16,90.36020000000063,141944.0,0.0006365904863890029
000929,5,30.91369999999972,48801.0,0.0006334644781869167
002246,200,1173.7119500000067,1897746.0,0.0006184768404201652
600325,33,194.02305000000115,316240.0,0.0006135310207437426
603139,1,6.061299999999702,9926.0,0.0006106488011283197
605228,2,11.639249999999425,19179.0,0.0006068747067104346
000989,18,103.91870000000165,172713.0,0.0006016842970708728
000528,9,50.115150000003894,83547.0,0.000599843800495576
605366,1,5.513949999999723,9360.0,0.0005890972222221927
000037,74,414.53685000000047,715694.0,0.0005792096203125923
300481,16,82.21259999999484,142156.0,0.0005783266270857005
603739,345,1763.683600000006,3063583.0,0.0005756931018353366
600580,205,1060.9405499999905,1883996.0,0.000563133122363312
002514,11,59.234400000005465,105776.0,0.0005599984873695873
300139,547,2817.5904499999906,5049797.0,0.0005579611319029242
603110,23,108.7044999999966,201460.0,0.000539583540156838
000737,1198,6015.635399999961,11231853.0,0.0005355870843395085
300690,187,907.8756500000039,1710523.0,0.0005307591011637984
300697,107,512.7426499999932,1008312.0,0.0005085158661207971
300092,11,51.66314999999955,101794.0,0.000507526475037817
688147,1,4.650599999999745,9177.0,0.0005067669172932053
600774,28,130.55314999999536,273001.0,0.00047821491496366443
002984,5,20.857999999999514,43876.0,0.0004753851764062247
300346,98,382.04744999999457,811336.0,0.00047088684589367976
301206,1,4.42260000000081,9474.0,0.00046681443951876824
688125,3,12.156149999999837,26109.0,0.0004655923244858032
002886,108,443.5944999999983,953425.0,0.000465264179143612
688559,3,11.117600000000039,26093.0,0.0004260759590694837
688203,5,20.192049999998567,48452.0,0.000416743374886456
301330,1,4.017799999999034,9980.0,0.0004025851703405846
300285,6,21.69934999999773,54058.0,0.0004014086721668898
301199,1,3.9953999999990337,9996.0,0.00039969987995188414
600101,763,2824.106500000048,7150444.0,0.0003949554041679157
002173,4,15.032499999997064,38716.0,0.00038827616489299163
000831,19,63.504449999997455,164409.0,0.00038625896392531706
300873,1,3.2454999999997867,8445.0,0.00038431024274716244
001210,2,6.426999999997797,17000.0,0.00037805882352928217
603309,4,14.117800000000294,37373.0,0.000377753993524745
002940,1,3.185499999999787,8520.0,0.0003738849765257966
300537,98,326.51070000000476,894277.0,0.0003651113692960959
002046,3,9.630400000000733,27992.0,0.00034404115461563064
300517,6,18.971199999998476,56326.0,0.00033681070908636286
600210,3,9.720949999999299,29105.0,0.00033399587699705545
000426,11,34.13100000000268,102254.0,0.00033378645334170476
603235,1,2.6221500000003406,7965.0,0.00032920903954806536
603111,28,88.24639999999843,269775.0,0.0003271111111111053
688401,1,2.5957500000003417,8007.0,0.0003241850880480007
300730,1,3.108049999999766,9856.000000000002,0.00031534598214283334
300968,2,5.8127499999995536,18988.0,0.00030612755424476267
000925,6,17.52639999999971,58076.0,0.000301783869412489
300229,24,68.22724999999878,228465.0,0.0002986332698662761
300056,5,14.030199999997308,47420.0,0.00029587094053136454
603712,19,46.44240000000051,161856.0,0.0002869365361803116
601022,149,402.16140000000956,1424033.0,0.00028241016886547545
002703,13,32.72479999999869,119221.0,0.0002744885548686782
000070,35,91.53234999999327,341966.0,0.0002676650602691299
002893,21,50.876499999995616,193785.0,0.00026254096034262516
002380,1,2.3774999999997872,9530.0,0.00024947534102830925
688146,2,4.209900000000683,17238.0,0.0002442220675252746
603982,2,4.659000000001349,19160.0,0.00024316283924850465
300085,2,4.562999999999574,19280.0,0.0002366701244813057
002407,2,4.025099999999617,17454.0,0.00023061189412166937
603378,11,24.524500000000508,106755.0,0.00022972694487378116
600761,6,10.579200000000043,46746.0,0.0002263124117571566
603836,20,43.03740000000208,191107.0,0.00022520054210469569
300153,3,6.580499999999361,29250.0,0.00022497435897433714
300379,1,2.161499999999787,9800.0,0.0002205612244897742
002883,1,2.121499999999788,9840.0,0.0002155995934959134
300552,19,34.34910000000197,159462.0,0.00021540617827446018
603100,5,8.242649999999703,38454.0,0.00021435091277889693
301332,5,10.029599999998979,47480.0,0.00021123841617521016
600822,2,3.77885000000137,19030.0,0.00019857330530748135
688183,4,6.673399999999411,36629.0,0.00018218897594800325
301091,85,125.2714499999959,692863.0,0.0001808026262045973
300662,4,6.63259999999994,36700.0,0.00018072479564032533
300290,229,354.0569999999871,2171139.0,0.00016307431260733979
003004,25,33.961799999996735,211812.0,0.00016033935754346655
688579,2,3.173249999999598,19823.0,0.00016007920092819442
688022,2,2.8826999999974845,18882.0,0.00015266920877012418
301067,1,1.2811999999998296,8400.0,0.00015252380952378923
688248,3,3.6252000000005546,25461.0,0.0001423824673029557
301075,4,5.254049999999433,37194.0,0.0001412606872075989
002130,527,676.5109999999872,4897566.0,0.00013813208438640486
002828,17,22.233199999996742,161825.0,0.0001373903908542978
603950,16,19.28104999999936,144635.0,0.00013330832785978056
000697,39,46.11685000001027,375662.0,0.00012276155160758945
301515,1,1.0156000000012515,8732.0,0.00011630783325712912
603679,13,13.60799999999763,122907.0,0.00011071785984522957
301077,3,2.8132000000009185,26560.0,0.00010591867469882976
301209,13,12.066149999997211,116199.0,0.00010384039449562571
688343,2,1.6486500000002131,16692.0,0.00009876887131561306
600630,62,55.75449999999298,597547.0,0.00009330563118883197
300419,114,93.85680000000711,1102297.0,0.00008514656213344236
605376,2,1.3038500000002138,17108.0,0.00007621288286183153
300900,85,58.50234999998257,792807.0,0.0000737914145561058
300192,1,0.5963999999998295,9248.0,0.00006448961937714419
603279,1,0.5803999999998304,9268.0,0.00006262408286575641
300105,14,8.060599999997766,134817.0,0.000059789195724558224
300831,4,1.9263999999984378,37688.0,0.00005111441307573864
002452,6,2.8505500000011565,57719.0,0.00004938668376099996
300726,2,0.8248000000010807,18972.0,0.00004347459413878772
300398,5,2.022000000000575,47408.0,0.0000426510293621451
603928,2,0.7447999999996586,19056.0,0.00003908480268679989
300438,35,11.361899999995956,308102.0,0.00003687707317705161
600975,42,11.797799999996258,400141.0,0.0000294841068523252
002857,4,1.112000000000748,38496.0,0.00002888611803825717
603633,5,1.0484000000034115,48577.0,0.000021582230273656494
002927,201,33.6760500000119,1888498.0,0.000017832187272643073
600894,22,1.1801000000004294,205897.0,5.7315065299660965e-6
002156,845,-3.6823500000328657,7697805.0,-4.783636374307826e-7
603324,1,-0.06630000000012792,7578.000000000001,-8.749010292970166e-6
688669,3,-0.4560499999992018,26880.0,-0.000016966145833303637
002734,2,-0.3977499999990748,19235.0,-0.000020678450740788915
002176,12,-3.1089000000001388,116403.0,-0.00002670807453416268
688716,1,-0.21030000000012805,7764.0,-0.000027086553323045858
603969,2,-0.5369500000004095,19441.0,-0.000027619464019361632
603004,3,-0.7905999999997206,25972.0,-0.00003044047435698909
300872,1,-0.2957499999989057,9121.0,-0.00003242517267831441
603798,3,-1.0960499999970743,27624.0,-0.00003967745438738323
002085,2079,-862.7859500000739,19134152.0,-0.00004509141298762934
603390,11,-4.714050000005571,102289.0,-0.00004608560060226976
603112,1,-0.5141500000001491,9394.0,-0.00005473174366618577
300843,175,-79.61869999999506,1415624.0,-0.00005624283001700668
300732,123,-66.19675000000814,1176245.0,-0.000056278028812031624
000612,45,-26.20210000000328,435604.0,-0.000060151192367387076
688269,2,-0.9870000000002541,16224.0,-0.00006083579881658371
301116,5,-3.222099999997881,46588.0,-0.00006916158667463469
600847,7,-4.78210000000238,68593.0,-0.00006971702651877568
688208,1,-0.6015000000001276,8247.0,-0.00007293561295017917
301057,3,-2.220849999999025,28988.0,-0.00007661273630464417
002214,1,-0.749350000000149,9688.0,-0.00007734826589596913
300702,2,-1.3390000000009659,16676.0,-0.00008029503478058083
300364,255,-182.02470000000173,2215119.0,-0.00008217377937709068
300484,542,-422.17509999996724,5033926.0,-0.00008386597260268968
300922,9,-7.872600000002344,85008.0,-0.0000926101072840479
002938,28,-22.33125000000085,233970.0,-0.00009544492883703402
300943,8,-7.9944500000023595,76232.0,-0.00010487000209888708
002759,3,-3.045000000000428,28780.0,-0.00010580264072273899
600216,5,-4.884800000000679,46080.0,-0.00010600694444445918
002986,1,-0.9591000000001282,8694.0,-0.00011031746031747506
002887,2,-2.161250000000277,18954.0,-0.0001140260631001518
600203,286,-319.8342000000024,2733775.0,-0.00011699360774021359
300491,5,-5.554549999995867,45716.0,-0.00012150122495397383
300337,2,-2.5772500000002765,19474.0,-0.00013234312416556828
001217,8,-9.54800000000102,71960.0,-0.0001326848249027379
300366,19,-23.901499999997505,177263.0,-0.0001348363730727648
300101,1,-1.3431000000001276,9180.0,-0.00014630718954249756
301129,1,-1.3623000000001282,9198.0,-0.00014810828440966822
600418,131,-178.90994999999768,1187218.0,-0.000150696797049908
600023,48,-73.12200000000507,461392.0,-0.00015848129139648081
000017,7,-11.415299999998766,66753.0,-0.00017100804458224748
002755,3,-4.9046500000003626,27367.0,-0.00017921767091754165
603056,1,-1.7751000000011938,9720.0,-0.00018262345679024628
000923,5,-8.442349999999685,44296.0,-0.0001905894437420915
603185,3,-5.040800000000342,26332.0,-0.0001914324775938152
001337,38,-60.56444999999498,311817.0,-0.00019423075072877674
300682,11,-21.82095000000296,106137.0,-0.00020559230051728387
002661,2,-4.187150000000234,18975.0,-0.00022066666666667903
600455,3,-5.921749999997658,26140.0,-0.0002265397857688469
603220,169,-376.4914500000116,1561119.0,-0.00024116768164375143
603398,1,-2.2432500000009945,9050.0,-0.00024787292817690545
002988,2,-4.846500000000213,18560.0,-0.00026112607758621835
002655,2,-4.950500000000211,18680.0,-0.00026501605995718475
300971,1,-2.523250000000994,9405.0,-0.0002682881446040398
300960,1,-2.5592499999992198,9445.0,-0.00027096347273681523
603028,3,-8.594550000000321,29481.0,-0.00029152844204743126
600048,115,-318.7584499999913,1084849.0,-0.00029382748198135525
003039,4,-10.542899999999314,35730.0,-0.00029507136859779773
003033,3,-7.565400000001322,24447.0,-0.000309461283593133
600026,8,-22.274749999996303,71535.0,-0.0003113825400153254
002229,236,-658.2505999999928,2109333.0,-0.00031206575727966746
601921,5,-15.034150000000665,47458.0,-0.00031678852880443056
603311,2,-5.921850000000191,18645.0,-0.0003176106194690368
301001,1,-2.7161999999993753,8392.0,-0.0003236653956147969
601020,83,-251.7963000000101,772290.0,-0.00032603853474732304
600106,10,-34.65580000000102,98460.0,-0.0003519784684135793
000860,17,-52.77984999999694,147392.0,-0.00035809168747284075
300604,7,-21.943950000003237,61158.0,-0.00035880751496130086
300761,1,-3.365800000000796,9204.0,-0.0003656888309431547
300737,12,-43.167550000000915,117878.0,-0.00036620531396868724
002733,2,-7.02440000000017,18782.0,-0.00037399637951230806
000957,193,-682.7420999999936,1817116.0,-0.0003757284069921753
601958,2,-7.35240000000017,19192.0,-0.00038309712380159283
003005,1,-3.8201999999993745,9776.0,-0.0003907733224221946
300985,1,-3.9577999999993745,9948.0,-0.00039784881383186314
002876,1,-3.9801999999993747,9976.0,-0.00039897754611060293
600285,1,-3.0235499999995312,7527.0,-0.000401693901952907
601001,11,-42.058000000000916,102775.0,-0.0004092240330819841
603799,64,-234.7131000000016,570747.0,-0.00041123842963695223
300442,95,-326.2293000000023,790023.0,-0.00041293645881196155
301234,1,-3.268349999999531,7833.0,-0.000417253925698906
601101,3,-12.144750000000233,28942.0,-0.00041962373021906684
300363,7,-26.156550000001374,61442.0,-0.0004257112398685162
600155,21,-89.38170000000059,204280.0,-0.0004375450362247924
300916,3,-11.288249999999643,25203.0,-0.0004478931079633235
300612,2,-8.942150000000149,19943.0,-0.00044838539838540587
600592,3,-13.23610000000021,29077.0,-0.00045520858410428206
600866,362,-1600.659350000014,3499137.0,-0.00045744403548646825
002654,52,-224.9471000000109,488760.0,-0.0004602404042884256
603533,207,-861.4445000000042,1859229.0,-0.0004633342638265669
300795,3,-11.64040000000017,24544.0,-0.0004742666232073081
301060,3,-13.880250000001787,28620.0,-0.00048498427672962217
600078,4,-18.558199999999374,38188.0,-0.00048596941447573514
300891,17,-79.90240000000034,160151.0,-0.0004989191450568548
600969,25,-123.3247000000023,241627.0,-0.0005103928782793409
002268,2,-9.091249999999222,17615.000000000004,-0.0005161084303150281
600775,114,-573.3403500000045,1100031.0,-0.0005212038115289519
002725,4,-19.62249999999844,37010.0,-0.0005301945420156293
300607,3,-15.090949999998903,27615.0,-0.0005464765525981859
002789,10,-53.138300000000086,94209.0,-0.0005640469594200138
002968,83,-452.9853000000029,788659.0,-0.0005743740957752374
300272,29,-163.94555000000457,279048.0,-0.0005875173805223638
603861,4,-22.3083999999984,37927.0,-0.0005881931078123342
603920,3,-16.90325000000099,27380.0,-0.0006173575602630019
603009,6,-35.28090000000232,56628.0,-0.0006230292434838299
300045,97,-534.8038000000015,843414.0,-0.0006340940510828626
300563,120,-664.7628499999911,1047311.0,-0.0006347329971708414
688223,8,-48.51180000000238,75642.0,-0.0006413341794241609
300265,2,-12.506749999999975,19426.0,-0.0006438149902192925
688066,6,-35.224400000003016,54028.0,-0.0006519656474421229
300447,10,-59.91484999999601,91085.0,-0.0006577905253334359
600489,10,-58.99980000000132,88794.0,-0.0006644570579093331
002888,23,-148.08410000000302,217554.0,-0.0006806774410031671
603280,3,-17.880350000000597,26133.0,-0.0006842057934412657
600113,5,-32.99365000000011,47475.0,-0.0006949689310163267
002244,233,-1555.751150000003,2235636.0,-0.0006958875013642664
300559,2,-13.666899999998444,19582.0,-0.0006979317740781557
600764,6,-35.94885000000098,51182.0,-0.0007023729045367704
601872,43,-294.30464999999856,408963.0,-0.0007196363729726126
603660,4,-27.777950000001397,38470.0,-0.00072206784507412
300970,9,-59.32869999999907,81998.0,-0.0007235383789848419
600995,16,-110.46634999999917,151915.0,-0.0007271589375637637
301277,6,-41.52740000000115,56922.0,-0.0007295492076877332
603099,97,-650.8299000000114,871112.0,-0.0007471253983414433
600228,4,-29.41410000000146,39300.0,-0.0007484503816794265
000503,2,-14.68625000000002,19619.0,-0.0007485728120699333
300460,8,-59.41650000000199,76802.0,-0.000773632197078227
000833,4,-30.358249999998684,39241.0,-0.0007736359929665066
000913,79,-562.7743999999926,722019.0,-0.0007794454162563486
603678,20,-141.28994999999983,180321.0,-0.0007835468414660513
002778,2,-15.302400000000002,19160.0,-0.0007986638830897705
605068,3,-22.29600000000107,27906.0,-0.000798967963878774
600860,3,-22.6736,28362.0,-0.0007994358648896411
000534,2,-14.950399999998577,18688.0,-0.0007999999999999238
002810,3,-22.209599999998932,27762.0,-0.0007999999999999615
301198,1,-7.805600000000001,9757.000000000002,-0.0007999999999999999
301353,1,-6.1632,7704.0,-0.0007999999999999999
601512,1,-7.523999999999999,9405.0,-0.0007999999999999999
300886,1,-7.18,8975.0,-0.0007999999999999999
601928,1,-7.379999999999999,9225.0,-0.0007999999999999999
600579,1,-7.910399999999999,9888.0,-0.0007999999999999999
300035,1,-7.536,9420.0,-0.0007999999999999999
688210,1,-6.5504,8188.0,-0.0007999999999999999
300298,1,-7.4559999999999995,9320.0,-0.0007999999999999999
603020,1,-7.718400000000001,9648.000000000002,-0.0007999999999999999
603081,1,-7.9559999999999995,9945.0,-0.0007999999999999999
002942,1,-7.9799999999999995,9975.0,-0.0007999999999999999
688662,1,-6.3024000000000004,7878.000000000001,-0.0007999999999999999
300653,1,-7.913599999999999,9892.0,-0.0007999999999999999
301305,1,-6.784,8480.0,-0.0007999999999999999
605138,1,-7.8591999999999995,9824.0,-0.0007999999999999999
002606,1,-7.4399999999999995,9300.0,-0.0007999999999999999
002234,1,-7.7543999999999995,9693.0,-0.0007999999999999999
002552,1,-7.4312,9289.0,-0.0007999999999999999
002848,1,-7.459199999999999,9324.0,-0.0007999999999999999
002360,1,-7.7928,9741.0,-0.0007999999999999999
300942,1,-7.459199999999999,9324.0,-0.0007999999999999999
603121,1,-7.68,9600.0,-0.0007999999999999999
002866,1,-6.9216,8652.0,-0.0007999999999999999
002444,5,-31.38,39225.0,-0.0007999999999999999
002579,2,-15.433599999999998,19292.0,-0.0007999999999999999
300436,1,-7.276,9095.0,-0.0007999999999999999
300432,2,-15.168,18960.0,-0.0007999999999999999
603159,1,-7.005599999999999,8757.0,-0.0007999999999999999
688365,1,-7.7376000000000005,9672.0,-0.0008
002373,1,-7.272,9090.0,-0.0008
300589,1,-7.0280000000000005,8785.0,-0.0008
000911,1,-7.952,9940.0,-0.0008
002884,2,-13.200000000000001,16500.0,-0.0008
002996,1,-7.436,9295.0,-0.0008
000011,1,-7.9024,9878.0,-0.0008
603901,2,-15.532,19415.0,-0.0008
002636,1,-7.54,9425.0,-0.0008
301329,1,-6.476800000000001,8096.000000000001,-0.0008
300304,3,-23.244,29055.0,-0.0008
301292,1,-7.7232,9654.0,-0.0008
002741,1,-7.2896,9112.0,-0.0008
002577,1,-7.380800000000001,9226.0,-0.0008
000655,1,-7.884,9855.0,-0.0008
300790,1,-7.476,9345.0,-0.0008
300488,1,-7.104,8880.0,-0.0008
002295,1,-7.548,9435.0,-0.0008
300903,3,-22.792,28490.0,-0.0008
300585,1,-7.2896,9112.0,-0.0008
600983,1,-7.964,9955.0,-0.0008
301082,3,-23.766400000000004,29708.0,-0.0008000000000000001
300650,3,-22.640000000000004,28300.0,-0.0008000000000000001
002209,2,-15.092000000000006,18865.0,-0.0008000000000000004
603098,3,-23.432000000000002,29280.0,-0.0008002732240437159
688595,3,-21.0096,26253.0,-0.000800274254370929
300493,2,-15.120000000000001,18888.0,-0.0008005082592121983
601028,4,-30.099199999999996,37592.0,-0.0008006809959565864
000002,920,-7233.3148499999725,8817977.0,-0.0008202918707998413
300824,9,-70.9452500000021,84791.0,-0.0008367073156349389
300617,7,-51.1156499999994,60264.0,-0.0008481954400637097
002364,2,-16.687349999999977,19625.0,-0.0008503108280254766
603289,4,-32.70350000000173,38379.0,-0.0008521196487662976
600257,10,-83.41369999999971,96789.0,-0.0008618097097810671
600876,3,-23.875500000001374,27346.0,-0.0008730893000805008
600250,18,-149.99474999999805,171460.0,-0.0008748089933512075
600230,9,-75.76694999999731,83526.0,-0.0009071061705336938
603773,49,-363.0605999999982,389532.0,-0.0009320430670650889
603173,3,-25.995000000000978,27493.0,-0.0009455134034118131
688599,3,-25.859799999999204,27328.0,-0.0009462748829039522
002050,12,-99.50000000000253,104360.0,-0.0009534304331161607
600707,5,-46.74520000000001,48474.0,-0.0009643355200726165
603520,2,-17.28044999999869,17874.0,-0.0009667925478347707
603005,58,-523.3454999999998,540860.0,-0.0009676173131679174
300826,3,-27.58874999999989,28240.0,-0.0009769387393767667
603058,4,-38.40904999999985,39267.0,-0.0009781508645936754
600027,33,-310.82695000000257,317308.0,-0.0009795748925334456
301118,3,-26.386349999999005,26737.0,-0.0009868852152447546
300175,263,-2479.7948999999953,2480065.0,-0.0009998910915641306
002729,2,-18.889399999998673,18643.0,-0.0010132167569596455
300962,3,-28.391299999999873,27988.0,-0.0010144097470344388
603566,4,-37.525199999996985,36873.0,-0.0010176877389959315
001238,2,-18.67900000000062,18352.0,-0.0010178182214472876
300109,2,-17.795800000000625,17240.0,-0.0010322389791183658
000938,370,-3463.8121999999876,3335620.0,-0.0010384312961308506
600727,501,-4958.862499999967,4770266.0,-0.0010395358455901553
600487,40,-391.41525000000166,375445.0,-0.0010425368562639046
603508,9,-85.72140000000029,82060.0,-0.0010446185717767522
300476,42,-384.78149999999806,368223.0,-0.0010449686738742503
603936,5,-50.484199999999746,48103.0,-0.0010495021100555006
301505,3,-25.143300000000224,23928.0,-0.0010507898696088358
300777,11,-98.97720000000163,93789.0,-0.0010553177878002925
300975,301,-3054.1133999999834,2891831.0,-0.0010561175255400415
300890,10,-87.05930000000342,81300.0,-0.001070840098401026
001319,2,-19.152749999999006,17690.0,-0.0010826879592989828
688270,4,-41.48565000000171,38116.0,-0.0010884051317032668
600955,2,-18.788749999999006,17240.0,-0.0010898346867748844
603955,3,-29.94679999999983,27408.0,-0.001092629889083473
300793,5,-51.107699999999696,46403.0,-0.0011013878413033574
002271,112,-1131.9658500000055,1026172.0,-0.0011030956311417633
300648,6,-61.75615000000231,55973.0,-0.0011033203508835029
300515,3,-31.602149999999803,28260.0,-0.0011182643312101842
688379,2,-21.063299999998804,18828.0,-0.0011187221159973872
688060,1,-10.498049999999402,9375.0,-0.0011197919999999363
000933,28,-300.3396000000024,265468.0,-0.00113135895851855
688478,1,-10.234050000000469,9045.0,-0.0011314593698176305
301012,29,-288.85034999999846,254921.0,-0.0011330975086399255
300181,6,-61.13070000000067,53922.0,-0.0011336875486814412
300374,57,-593.232800000001,521681.0,-0.001137156231490127
301048,3,-33.03350000000157,28800.0,-0.0011469965277778322
688358,1,-9.888450000000468,8610.0,-0.0011484843205575455
300254,11,-121.7655500000013,105731.0,-0.0011516541979173685
003003,3,-32.66550000000156,28330.0,-0.0011530356512531436
301026,1,-9.73005000000047,8415.0,-0.0011562745098039773
600768,3,-34.576849999999766,29480.0,-0.0011728917910447682
001202,2,-22.014649999999847,18732.0,-0.001175242899850515
301238,5,-50.11439999999967,42640.0,-0.0011752908067542136
603809,43,-468.06090000000313,397887.0,-0.0011763664055372584
300358,5,-55.88669999999785,47425.0,-0.0011784227727991113
301152,1,-9.286049999999403,7857.0,-0.0011818823978617032
300649,4,-42.59009999999846,35749.0,-0.001191364793420752
301151,3,-35.13779999999868,28938.0,-0.0012142442463196723
300983,1,-11.629400000000626,9540.0,-0.0012190146750524764
002368,3,-34.734600000000455,28428.0,-0.0012218446601941907
300540,1,-11.485400000000626,9360.0,-0.0012270726495727164
300858,4,-42.07824999999879,33850.0,-0.0012430797636631844
688693,2,-22.289199999999823,17868.0,-0.001247436758450852
300133,243,-2948.642449999998,2330350.0,-0.0012653217113309152
603022,5,-59.51769999999758,46959.0,-0.0012674396814241697
002693,10,-123.67329999999777,97124.0,-0.0012733546806144493
300339,37,-425.1728000000051,331804.0,-0.001281397451507532
300931,3,-37.16289999999961,28965.0,-0.0012830277921629417
601677,21,-257.17789999999917,199101.0,-0.001291695672045842
300753,3,-36.63009999999828,28299.0,-0.0012943955616805639
002999,3,-38.15345000000225,28982.0,-0.0013164533158512956
002997,2,-22.93095000000034,17412.0,-0.0013169624396967804
300579,1,-12.600750000000781,9500.0,-0.0013263947368421876
301507,4,-52.15594999999956,38962.0,-0.0013386363636363522
300533,1,-12.268749999999006,9085.0,-0.0013504402861859114
000922,4,-51.327149999999556,37947.0,-0.0013526009961261642
002125,283,-3532.205850000014,2610592.0,-0.0013530286808509388
300536,10,-129.07274999999805,95395.0,-0.0013530347502489445
000712,9,-119.52495000000232,88205.0,-0.001355081344595004
688636,4,-43.41869999999962,31788.0,-0.0013658833522083684
605081,5,-64.20565000000067,46537.0,-0.0013796688656338113
002335,2,-21.351750000000344,15468.0,-0.0013803820791311316
002679,2,-26.040849999999764,18810.0,-0.00138441520467835
002167,39,-515.899100000008,372375.0,-0.0013854289358845467
300634,3,-37.562399999999656,26990.0,-0.0013917154501667157
688655,3,-39.80895000000319,28558.0,-0.0013939684151552348
000680,17,-225.91999999999766,162049.0,-0.00139414621503371
300284,156,-2098.638700000003,1502270.0,-0.0013969783727292718
600088,32,-403.1340999999922,286126.0,-0.0014089390688018294
000425,50,-672.5876499999908,477169.0,-0.0014095376061730557
688173,3,-41.54269999999961,29443.0,-0.0014109533675236766
002835,58,-749.7847499999964,531355.0,-0.0014110806334747888
000807,11,-137.89860000000084,97422.0,-0.0014154769969822098
300839,2,-27.179400000000808,18984.0,-0.0014317003792667935
300577,2,-27.147400000000456,18944.0,-0.0014330342060811052
002487,6,-72.32160000000039,50400.0,-0.0014349523809523885
300179,2,-27.073799999999743,18852.0,-0.0014361234882240474
301063,1,-13.522499999999873,9408.0,-0.0014373405612244762
603095,3,-40.346700000001746,27948.0,-0.001443634607127585
605289,1,-13.421699999999872,9276.0,-0.0014469275549805812
002995,4,-53.47079999999842,36864.0,-0.0014504882812499571
000625,396,-5159.016699999997,3556595.0,-0.0014505493878274017
300320,7,-97.87219999999711,67321.0,-0.0014538138173823489
600053,3,-40.00589999999961,27516.0,-0.001453914086349746
002100,9,-123.50919999999877,84420.0,-0.0014630324567637854
301372,2,-26.332199999999744,17913.0,-0.0014700050242840252
001359,7,-78.73260000000136,53445.0,-0.001473151838338504
300673,2,-26.190600000000806,17748.0,-0.001475693035835069
603200,2,-26.11379999999903,17640.0,-0.001480374149659809
301320,1,-13.023299999999871,8778.0,-0.0014836295283663559
603496,10,-122.77814999999931,82260.0,-0.0014925619985412025
601858,3,-42.882999999998866,28620.0,-0.0014983577917539786
601138,547,-7069.023999999998,4717438.0,-0.0014984879504510707
603078,2,-27.883550000000966,18594.0,-0.001499599333118262
301268,3,-42.746999999999574,28495.0,-0.0015001579224425189
300421,19,-273.1391999999936,181705.0,-0.0015032013428358801
688526,3,-42.550999999999576,28190.0,-0.0015094359702021844
603085,7,-99.57905000000058,65762.0,-0.001514233904078352
603662,6,-76.1694000000003,50208.0,-0.0015170769598470421
003019,2,-25.360199999998674,16710.0,-0.0015176660682225417
601061,2,-29.490900000001837,19397.0,-0.0015203845955561086
300065,4,-58.80420000000189,38528.0,-0.0015262718023256305
600006,38,-556.5541500000022,364345.0,-0.0015275471050789835
002297,11,-163.3428999999984,106625.0,-0.001531938100820618
300840,3,-43.84314999999955,28564.0,-0.0015349093264248547
000768,5,-71.0003000000007,46228.0,-0.0015358721986674896
603788,1,-14.605849999999851,9506.0,-0.0015364874815905587
601168,11,-162.09729999999655,105185.0,-0.0015410685934305894
000978,2,-29.088500000000945,18872.0,-0.0015413575667656287
603128,2,-29.08530000000094,18854.0,-0.0015426593826244268
002340,161,-2414.106899999986,1560337.0,-0.0015471701946438404
300416,1,-14.460249999999851,9324.0,-0.0015508633633633474
600463,27,-398.81149999999656,256226.0,-0.0015564833389273398
001222,1,-14.342650000001093,9184.0,-0.0015616996951220703
002632,36,-554.065749999991,351793.0,-0.0015749766197735344
601899,194,-2799.190999999986,1775370.0,-0.0015766803539543793
002155,166,-2357.193300000003,1489553.0,-0.0015824836712758814
000032,3,-44.252900000001304,27852.0,-0.001588858968835319
300684,33,-476.14594999999235,299025.0,-0.0015923282334252733
603528,2,-30.110249999998345,18900.0,-0.001593134920634833
300835,1,-12.032100000000938,7539.0,-0.0015959808993236421
603225,5,-72.0054000000003,44994.0,-0.001600333377783711
688733,4,-59.73650000000114,37240.0,-0.0016040950590762927
688292,2,-29.830250000000568,18550.0,-0.0016080997304582516
603067,22,-338.0366999999964,210184.0,-0.001608289403570188
300522,1,-15.76439999999983,9712.0,-0.0016231878088961934
600733,387,-6056.053600000028,3729269.0,-0.0016239251177643738
002889,8,-120.20515000000103,73995.0,-0.001624503682681276
688519,4,-58.79170000000008,36126.0,-0.0016274068537895166
002212,2,-31.37519999999966,19216.0,-0.00163276436303079
603918,1,-15.64280000000125,9552.0,-0.001637646566164285
300446,5,-74.06250000000132,45113.0,-0.001641710815064423
603313,7,-108.9315999999988,66221.0,-0.001644970628652524
600373,6,-91.37904999999917,55507.0,-0.0016462617327544125
688131,1,-11.655299999998807,7068.000000000001,-0.0016490237691000008
603238,1,-15.482800000001252,9360.0,-0.001654145299145433
605389,1,-15.469999999999828,9344.0,-0.0016556078767123103
300009,21,-325.2228000000049,196393.0,-0.0016559795919406746
300225,2,-32.83294999999964,19805.0,-0.0016578111587982653
301212,1,-15.44439999999983,9312.0,-0.0016585481099656175
002436,9,-138.66039999999845,83368.0,-0.0016632328951156133
001259,1,-15.38999999999983,9244.0,-0.0016648636953699512
601900,4,-61.5119999999979,36938.0,-0.0016652769505657561
688327,1,-15.341999999999828,9184.0,-0.0016705139372822113
002773,1,-15.23319999999983,9040.0,-0.0016850884955752024
301013,1,-15.19479999999983,9000.0,-0.0016883111111110922
600128,3,-49.2271000000006,29055.0,-0.0016942729306487902
300735,57,-845.7375999999977,497692.0,-0.0016993192576935086
002128,1,-15.092399999999829,8864.0,-0.001702662454873627
688472,4,-62.174550000000714,36495.0,-0.0017036457048911005
300461,2,-31.871349999998394,18579.0,-0.0017154502395176486
300222,2,-33.67709999999962,19611.0,-0.0017172556218448636
603286,23,-383.2867499999984,223025.0,-0.0017185819975339015
003015,1,-16.813349999999808,9765.0,-0.0017217972350230218
300413,30,-418.45279999999445,242961.0,-0.0017223044027642068
300212,4,-61.64014999999912,35773.0,-0.0017230914376764352
601179,617,-10266.450349999974,5925907.0,-0.001732469029635459
000668,3,-50.02725000000058,28754.0,-0.0017398361967030874
300053,24,-400.53414999999967,229195.0,-0.0017475693187024135
002568,5,-80.36180000000118,45456.0,-0.0017679030271031586
002186,1,-16.41014999999981,9261.0,-0.0017719630709426423
002675,3,-50.9921999999994,28735.0,-0.0017745676004871898
002264,54,-927.8392000000027,520371.0,-0.0017830340276456657
603322,1,-16.30455000000034,9138.0,-0.0017842580433355593
603703,1,-16.302149999999806,9135.0,-0.0017845812807881561
688418,8,-132.01095000000007,73758.0,-0.0017897848368990492
300083,29,-504.47320000000246,280569.0,-0.0017980361337139972
002922,23,-356.28969999999754,197799.0,-0.0018012714927780097
603612,5,-86.22480000000004,47784.0,-0.0018044701155198403
603906,2,-35.85899999999957,19820.0,-0.0018092330978809067
603967,1,-17.92149999999979,9900.0,-0.0018102525252525039
301127,1,-17.913499999999786,9890.0,-0.0018112740141556912
300680,54,-871.837199999997,480247.0,-0.0018153933288495231
000821,10,-174.83550000000287,96103.0,-0.0018192512200451898
301059,1,-17.801499999999788,9750.0,-0.00182579487179485
000893,2,-35.52299999999957,19400.0,-0.001831082474226782
688335,1,-17.72949999999979,9670.0,-0.0018334539813857072
002981,1,-15.85095000000034,8571.0,-0.0018493699684984646
300306,2,-35.19499999999957,19000.0,-0.0018523684210526089
603332,70,-1232.745300000002,663702.0,-0.0018573777086704608
300810,2,-35.04299999999957,18820.0,-0.0018620085015940261
300523,3,-52.548499999999365,28180.0,-0.0018647444996451159
002346,1,-17.43349999999979,9290.000000000002,-0.0018765877287405582
688136,1,-17.43349999999979,9290.000000000002,-0.0018765877287405582
600379,2,-34.794999999999575,18500.0,-0.0018808108108107878
300847,3,-50.38675000000026,26752.0,-0.001883476001794268
000586,1,-17.36949999999979,9220.0,-0.001883893709327526
603871,2,-31.219499999999616,16539.0,-0.00188762923997821
601116,2,-34.66700000000135,18350.0,-0.0018892098092643788
300691,3,-51.849300000000426,27294.0,-0.0018996592657727128
603838,31,-574.6531499999977,302337.0,-0.0019007040157175527
603107,6,-112.15375000000304,58995.0,-0.0019010721247563868
603716,2,-36.199949999999454,19017.0,-0.0019035573434295343
300693,10,-155.01749999999913,81333.0,-0.0019059606801667113
301102,2,-36.072750000000795,18858.0,-0.0019128619153675256
001317,1,-15.433350000000342,8049.000000000001,-0.0019174245247857299
688077,2,-34.1269999999978,17675.0,-0.0019308062234793663
600200,11,-202.05544999999563,103887.0,-0.0019449541328558494
002567,7,-130.704350000002,67193.0,-0.0019452078341494203
688207,2,-35.59114999999955,18277.0,-0.0019473190348525224
688007,3,-54.28480000000109,27867.0,-0.0019479958373704055
002058,2,-37.20009999999793,19036.0,-0.0019541973103592105
300235,1,-18.57845000000172,9482.000000000002,-0.001959338747099949
603898,4,-74.27859999999906,37884.0,-0.001960685249709615
300162,500,-9397.49204999995,4764808.0,-0.001972270876392071
002111,3,-53.73280000000074,27192.0,-0.0019760517799353025
603717,6,-115.65434999999977,58374.0,-0.0019812647754137076
600215,4,-77.01729999999903,38809.0,-0.0019845216315802785
688158,5,-91.94425000000025,46250.0,-0.001987983783783789
600765,81,-1480.517549999998,744514.0,-0.0019885691202583137
002120,6,-113.65580000000068,57092.0,-0.0019907482659567133
000589,8,-154.8067500000008,77319.0,-0.0020021825165871363
301179,6,-111.28605000000195,55557.0,-0.0020030968194827284
002853,1,-19.940999999999743,9936.0,-0.0020069444444444184
300920,1,-19.854599999999742,9828.0,-0.002020207570207544
001267,30,-586.4098999999912,290055.0,-0.0020217196738549284
603666,2,-33.02380000000171,16296.0,-0.0020264972999510127
300017,33,-653.3522000000098,321944.0,-0.002029397037994216
301487,14,-271.8463500000002,133953.0,-0.00202941591453719
002787,1,-19.739399999999744,9684.0,-0.0020383519206939016
603357,20,-389.6587499999981,190944.0,-0.002040696486928095
301227,1,-19.700999999999034,9636.0,-0.0020445205479451053
688182,4,-77.1174500000013,37685.0,-0.002046369908451673
301009,4,-77.0646500000006,37609.0,-0.0020491012789492034
300588,1,-19.672199999999744,9600.0,-0.0020491874999999733
300151,1,-19.657799999999746,9582.0,-0.002051534126487137
301032,1,-19.595399999999742,9492.0,-0.0020644121365360033
000683,2,-39.085200000000555,18876.0,-0.0020706293706294
301511,1,-19.52820000000081,9420.0,-0.00207305732484085
300645,2,-38.79079999999949,18508.0,-0.0020958936676031712
600559,18,-348.8676000000025,166280.0,-0.002098073129660828
300106,6,-122.54659999999845,58305.0,-0.002101819741017039
002403,4,-80.61869999999999,38240.0,-0.00210822960251046
688772,2,-38.64040000000056,18320.0,-0.0021091921397380217
300542,190,-3596.782649999993,1703936.0,-0.002110867221538833
603960,295,-5193.463599999995,2459996.0,-0.0021111674978333277
003000,1,-19.244999999999745,9054.0,-0.0021255798542080566
300246,2,-41.57269999999944,19487.0,-0.002133355570380225
300722,27,-519.0959500000035,242955.0,-0.002136592990471501
601126,3,-55.865250000000145,26095.0,-0.002140841157309835
601918,13,-266.9907999999997,123815.0,-0.002156368775996444
603659,7,-135.0255499999984,62596.0,-0.0021570955013099622
002379,8,-168.15670000000154,77782.0,-0.0021618973541436518
300031,4,-76.15439999999897,35202.0,-0.0021633543548661717
688171,2,-39.67895000000142,18339.0,-0.0021636376029228106
002035,5,-104.65230000000074,48363.0,-0.0021638918181254418
605158,1,-20.593950000000877,9490.0,-0.0021700684931507774
000543,13,-270.50565000000364,124430.0,-0.002173958450534466
601969,1,-20.552350000000878,9438.0,-0.0021776170798899
600422,10,-183.03179999999963,83884.0,-0.002181963187258591
688313,4,-83.61035000000047,38288.0,-0.0021837220539072414
300572,8,-165.4453500000015,75642.0,-0.0021872154358689813
002410,9,-185.68729999999746,84712.0,-0.002191983426196967
603966,5,-103.79710000000057,47278.0,-0.002195463006049337
300592,8,-163.33880000000045,74278.0,-0.0021990198982202057
000657,8,-163.03640000000203,73952.0,-0.0022046246213760553
300465,4,-84.69290000000123,38410.0,-0.0022049700598802714
603306,2,-40.80870000000087,18506.0,-0.0022051604884902663
002036,1,-21.898100000000944,9870.0,-0.002218652482269599
300499,6,-120.23235000000335,54117.0,-0.0022217112922002947
603193,2,-39.062149999998574,17573.0,-0.002222850395493005
600389,7,-140.39749999999344,63065.0,-0.002226234837072757
605188,1,-21.808500000000947,9772.0,-0.0022317335243553977
600071,2,-38.959750000000355,17445.0,-0.002233290341071961
301338,7,-149.289599999998,66693.0,-0.0022384598083756615
603993,184,-3941.6248999999875,1760432.0,-0.002239010027084254
002097,61,-1315.332650000005,586324.0,-0.002243354612807944
300119,4,-83.7865000000017,37277.0,-0.0022476728277490594
301298,2,-43.392999999999404,19292.0,-0.0022492743105950344
603127,7,-147.246250000001,65331.0,-0.002253849627282622
603273,9,-188.38149999999774,83182.0,-0.002264690678271714
600818,38,-770.2997999999992,338567.0,-0.0022751768483047644
600127,1,-21.5508999999997,9436.0,-0.0022839020771513036
002849,2,-42.9953999999994,18767.0,-0.002291010816859349
603569,2,-42.9705999999994,18708.0,-0.0022969104126576547
600785,5,-110.25319999999954,47875.0,-0.002302938903394246
603611,3,-61.20280000000057,26536.0,-0.002306406391317477
600661,11,-246.10015000000155,106506.0,-0.002310669351961406
600988,17,-358.6192500000048,154785.0,-0.0023168863261944297
603607,2,-42.77140000000065,18459.0,-0.0023171027682973426
000682,26,-562.832150000002,242710.0,-0.002318949157430687
603518,4,-86.91814999999878,37435.0,-0.00232184185922262
600201,4,-88.41030000000055,38020.0,-0.002325362966859562
002845,6,-138.4064499999968,59332.0,-0.002332745398772952
300768,1,-21.2820999999997,9100.0,-0.0023386923076922747
002508,1,-18.224999999999746,7791.0,-0.00233923758182515
603613,37,-760.0663499999996,324245.0,-0.002344111243041526
300206,2,-45.48449999999936,19350.0,-0.0023506201550387265
300713,3,-63.57190000000035,27034.0,-0.0023515535991714266
002194,3,-66.63859999999906,28334.0,-0.0023518952495235074
603536,4,-92.25315000000047,39146.0,-0.002356643079752733
300771,2,-45.39649999999936,19240.0,-0.0023594854469854137
300868,3,-63.452699999999105,26850.0,-0.0023632290502792965
300958,2,-42.29540000000065,17892.0,-0.002363928012519598
002539,3,-66.43780000000297,28072.0,-0.0023666927899687576
301518,2,-42.2249999999987,17840.0,-0.002366872197309344
605196,14,-306.50564999999597,129470.0,-0.0023673874256584224
600603,4,-93.31170000000017,39139.0,-0.0023841104780398113
300796,3,-63.15990000000017,26484.0,-0.0023848323516085248
603291,4,-94.5038499999999,39431.0,-0.002396689153204329
301265,2,-46.502249999999336,19392.0,-0.002398012066831649
000555,30,-659.617200000005,274914.0,-0.0023993583447914804
600861,4,-83.9091999999988,34932.0,-0.0024020725981907364
688381,1,-22.458250000000568,9335.0,-0.0024058114622389467
301439,3,-67.23315000000045,27828.0,-0.002416025226390702
605303,7,-161.32499999999982,66684.0,-0.0024192459960410266
000788,2,-47.723200000000745,19664.0,-0.0024269324654190775
688518,4,-93.95504999999865,38682.0,-0.0024289087947882387
000715,3,-71.4824000000004,29392.0,-0.002432035928143726
603626,2,-47.684800000000735,19600.0,-0.002432897959183711
002290,2,-44.665299999999355,18356.0,-0.0024332806711701545
002255,1,-23.78479999999966,9728.0,-0.002444983552631544
300593,4,-93.37185000000044,38016.0,-0.002456119791666678
300251,10,-241.6116499999985,98190.0,-0.002460654343619498
688238,3,-72.55694999999895,29486.0,-0.002460725429017125
000952,32,-758.5801499999945,306923.0,-0.002471565017936077
002802,5,-119.51055000000147,48195.0,-0.002479729225023373
600363,2,-44.253299999999356,17841.0,-0.0024804271061038816
002455,511,-11989.659950000008,4829820.0,-0.0024824237652748982
000960,14,-301.3627499999983,120570.0,-0.0024994837024135217
301197,7,-164.52239999999762,65702.0,-0.0025040698913274726
688225,3,-70.38960000000003,28050.0,-0.002509433155080215
300377,1,-24.958549999999637,9945.0,-0.002509658119658083
600961,11,-258.0944000000005,102734.0,-0.002512258843226201
688310,2,-39.53924999999995,15696.0,-0.002519065366972474
300424,341,-7989.091549999989,3168654.0,-0.002521288708076044
688121,3,-70.25520000000003,27864.0,-0.0025213608957795016
300380,1,-21.906249999998792,8645.0,-0.002533979178715881
600966,1,-24.795349999999637,9758.0,-0.0025410278745644226
301137,3,-69.87600000000111,27384.0,-0.0025517090271691906
603700,2,-46.48799999999932,18136.0,-0.002563299514777201
300399,3,-72.55949999999893,28260.0,-0.0025675690021231047
688320,3,-60.94469999999911,23682.0,-0.002573460856346555
301182,1,-21.730250000000567,8425.0,-0.0025792581602374558
301055,2,-44.90385000000165,17405.0,-0.0025799396725079944
300852,1,-23.16079999999966,8964.0,-0.002583757251227093
688021,3,-72.31790000000035,27920.0,-0.0025901826647564594
002709,11,-254.5799999999998,98260.0,-0.0025908813352330533
603168,3,-73.7212500000007,28432.0,-0.0025928970877884317
605001,1,-24.564149999999636,9469.0,-0.0025941651705565145
300549,3,-69.33840000000005,26700.0,-0.002596943820224721
002518,1,-23.11280000000108,8888.0,-0.002600450045004622
001201,1,-22.98799999999966,8748.0,-0.00262780064014628
601233,25,-611.7567000000038,232446.0,-0.0026318228749903365
300885,2,-51.67260000000137,19620.0,-0.0026336697247707117
300907,2,-47.3425500000009,17967.0,-0.002634972449490783
002572,6,-150.6317500000004,57005.0,-0.0026424304885536427
688226,3,-70.23054999999806,26578.0,-0.0026424317104371308
603214,2,-50.13644999999925,18949.0,-0.002645862578500145
688189,3,-77.23930000000134,29093.0,-0.00265491011583547
002383,4,-102.90440000000096,38647.0,-0.0026626749812404833
300766,19,-458.9258999999969,171727.0,-0.0026724155199822795
001300,28,-717.1108000000092,267155.0,-0.0026842499672475126
688687,3,-72.58844999999945,27027.0,-0.0026857753357753156
300850,1,-22.73520000000108,8432.0,-0.0026962998102468072
601801,3,-78.19624999999883,28998.0,-0.002696608386785255
600552,2,-52.54715000000081,19454.0,-0.0027010974606765095
300196,4,-102.21239999999989,37824.0,-0.0027023159898477127
002917,18,-462.64970000000426,171136.0,-0.002703403725691872
300700,2,-51.1310000000003,18907.0,-0.002704342307082049
300615,1,-25.497899999999618,9387.0,-0.0027162991371044655
688656,1,-21.232650000000213,7803.000000000001,-0.002721088043060388
300749,5,-131.62034999999946,48366.0,-0.0027213404044163143
002319,2,-50.85740000000083,18601.0,-0.002734121821407496
300382,3,-79.1548000000012,28933.0,-0.0027357964953513706
688560,2,-49.43084999999925,18046.0,-0.002739158262218733
300233,18,-462.9452000000054,168965.0,-0.002739888142514754
300531,1,-25.404300000001214,9252.0,-0.002745817120622699
600176,9,-232.55914999999933,84624.0,-0.002748146506901108
000400,35,-845.6076000000043,307485.0,-0.0027500775647592702
688345,1,-22.54640000000108,8196.0,-0.0027509028794535234
300428,2,-45.12479999999931,16400.0,-0.0027515121951219093
300535,2,-49.251650000000495,17843.0,-0.002760278540604186
300694,3,-78.7740000000004,28486.0,-0.00276535842168084
002890,2,-49.15644999999925,17724.0,-0.0027734399684043814
301153,5,-122.19465000000082,43995.0,-0.002777466757586108
600605,1,-25.284300000000684,9102.0,-0.0027778839815425934
300972,1,-21.052650000000213,7578.000000000001,-0.0027781274742676447
600673,4,-108.1283500000003,38874.0,-0.0027815082059988758
688129,1,-25.250700000000684,9078.0,-0.00278152676801065
301056,4,-107.84675000000227,38577.0,-0.0027956230396350744
301318,1,-22.379999999999658,7988.0,-0.002801702553830703
000034,22,-549.1717499999996,195477.0,-0.002809393176690862
300652,5,-134.0496000000008,47596.0,-0.0028164047398941254
603926,1,-27.898999999999575,9890.0,-0.0028209302325580966
603025,3,-79.54535000000003,28165.0,-0.0028242623823894913
300034,13,-334.8120000000002,118525.0,-0.0028248217675595883
300466,2,-55.7876000000003,19741.0,-0.0028259763943062816
300932,2,-55.705200000001994,19664.0,-0.0028328519121237792
688371,3,-77.94760000000024,27480.0,-0.002836521106259106
003012,6,-165.63144999999972,58228.0,-0.002844532699045128
601702,2,-51.40475000000152,18036.0,-0.002850119206032464
600679,1,-27.762999999999575,9720.0,-0.0028562757201645653
600353,3,-81.87685000000133,28644.0,-0.0028584293394777727
600865,2,-54.117050000000326,18928.0,-0.002859100274725292
688321,2,-49.92859999999994,17448.0,-0.002861565795506645
605299,5,-135.8947000000034,47483.0,-0.0028619653349620583
600262,2,-55.45000000000093,19360.0,-0.0028641528925620312
688591,1,-27.730999999999575,9680.0,-0.0028647727272726833
603687,5,-138.55099999999914,48228.0,-0.0028728332089242585
603515,1,-27.68699999999957,9625.0,-0.002876571428571384
688711,2,-55.404400000000564,19248.0,-0.002878449709060711
603931,3,-77.46760000000165,26880.0,-0.002881979166666728
688609,7,-189.4141499999985,65637.0,-0.002885783171077266
300187,4,-110.52719999999971,38224.0,-0.0028915655085809885
301148,1,-27.650999999999573,9560.0,-0.0028923640167363572
603676,2,-55.24599999999914,19080.0,-0.0028954926624737494
300956,128,-3282.0114500000154,1131830.0,-0.002899738874212572
603937,5,-137.87899999999962,47410.0,-0.002908226112634457
601500,18,-516.5818499999893,177003.0,-0.002918492059456559
603577,3,-82.59779999999978,28272.0,-0.002921540747028855
600962,3,-82.56900000000014,28204.0,-0.002927563466175016
600137,1,-28.78154999999955,9744.0,-0.0029537715517240918
300342,86,-2346.982700000002,790635.0,-0.00296847812201585
603032,4,-108.06785000000028,36377.0,-0.002970774115512557
002963,2,-54.71320000000057,18408.0,-0.002972251195132582
300865,3,-79.30869999999912,26683.0,-0.0029722557433571606
002998,2,-57.41749999999911,19306.0,-0.0029740754169687716
301103,3,-80.62805000000105,27083.0,-0.002977072333197986
300948,3,-85.95505000000026,28745.0,-0.002990260914941738
600889,162,-4694.385300000011,1568838.0,-0.00299226899144463
603803,2,-57.23830000000034,19082.0,-0.0029995964783565846
688067,2,-54.50760000000021,18167.0,-0.003000363296086322
003020,3,-87.11360000000005,28940.0,-0.0030101451278507275
688049,2,-53.0282499999997,17543.0,-0.003022758365159876
003036,2,-58.42004999999909,19277.0,-0.003030557140633869
300635,2,-59.71460000000101,19679.0,-0.003034432643935211
688299,6,-169.29075000000248,55465.0,-0.003052208600018074
300349,1,-28.462349999999553,9324.0,-0.003052590090090042
300402,2,-56.83350000000017,18546.0,-0.0030644613393723806
002783,2,-59.42419999999906,19316.0,-0.0030764236902049626
600753,5,-147.17475000000132,47807.0,-0.003078518836153729
603037,9,-269.50600000000287,87130.0,-0.0030931481694020757
600697,5,-152.2673499999992,49176.0,-0.00309637526435658
000544,1,-29.668099999999534,9581.000000000002,-0.003096555683122798
301006,1,-28.283150000000795,9121.0,-0.0031008825786647074
688053,1,-24.204300000000682,7770.000000000001,-0.0031150965250966124
000529,9,-268.76999999999936,86164.0,-0.0031192841557959165
300286,5,-143.81044999999787,46100.0,-0.0031195325379609084
688156,2,-53.682000000000926,17135.0,-0.0031328859060403224
603278,1,-29.518499999999534,9416.0,-0.0031349299065420067
300625,1,-28.199150000000795,8995.0,-0.00313498054474717
301192,3,-88.40190000000072,28056.0,-0.0031509088964927546
605268,1,-29.45689999999953,9339.0,-0.0031541813898703854
300115,2,-60.22115000000064,19018.0,-0.0031665343358923464
603055,2,-56.1518999999991,17724.0,-0.0031681279620852576
000875,252,-7667.229199999968,2416550.0,-0.003172799735159615
301045,2,-60.07874999999815,18870.0,-0.003183823529411667
002248,2,-60.042749999999046,18840.0,-0.0031869824840763824
002561,1,-29.342499999999532,9196.0,-0.0031907894736841595
002242,3,-92.02315000000137,28835.0,-0.003191369863013746
301027,2,-62.659849999999,19602.0,-0.003196604938271554
600645,15,-452.257400000004,140938.0,-0.0032089103009834397
300081,2,-62.56785000000042,19498.0,-0.00320893681403223
300911,1,-31.933199999999488,9936.0,-0.0032138888888888374
301041,12,-377.65220000000176,117316.0,-0.003219102253742045
300214,11,-345.6766000000012,107323.0,-0.0032208995275942827
605318,3,-87.70110000000072,27180.0,-0.003226677704194287
688165,2,-61.122100000001154,18940.0,-0.003227143611404496
688030,2,-59.733949999999226,18454.0,-0.003236910696867846
300042,1,-31.869199999999488,9832.0,-0.003241375101708654
600054,3,-95.53079999999989,29432.0,-0.003245814079913016
300340,2,-63.68400000000111,19596.0,-0.0032498469075322063
601069,30,-939.7167499999989,289020.0,-0.0032513900422116077
688653,3,-91.37034999999995,27974.0,-0.003266259741188244
603655,1,-26.470200000000283,8084.0,-0.003274393864423588
688679,8,-256.54989999999566,78268.0,-0.0032778389635610425
300471,3,-92.5144999999985,28210.0,-0.0032794930875575507
600620,7,-222.01880000000097,67644.0,-0.003282165454437954
688071,2,-55.49670000000017,16908.0,-0.003282274662881486
600522,29,-862.796350000004,262339.0,-0.0032888604058108175
605118,3,-85.81375000000128,26050.0,-0.0032941938579655002
600378,3,-91.11434999999906,27630.0,-0.003297660152008652
688585,5,-158.25000000000142,47910.0,-0.0033030682529743565
002760,2,-63.12719999999898,18948.0,-0.0033316022799239485
301180,2,-64.42414999999896,19320.0,-0.0033345833333332793
300268,2,-64.36895000000074,19251.0,-0.003343667861409835
603599,3,-93.26905000000062,27882.0,-0.00334513485402771
600238,3,-94.5804000000006,28272.0,-0.0033453735144312606
603192,4,-126.03359999999793,37620.0,-0.0033501754385964365
002575,4,-132.54074999999935,39508.0,-0.003354782575680858
300490,4,-129.8852500000018,38588.0,-0.003365949258836991
603595,3,-89.1238000000021,26392.0,-0.0033769248257048386
300578,2,-64.1553500000002,18984.0,-0.0033794432153392436
300626,1,-31.443600000000554,9300.0,-0.0033810322580645757
601155,77,-2508.247549999983,739516.0,-0.003391742098886276
003013,6,-181.74165000000113,53500.0,-0.003397040186915909
688206,1,-31.366800000000552,9228.0,-0.003399089726918135
000962,5,-167.3919999999987,49216.0,-0.003401170351105305
600987,6,-197.2418500000024,57925.0,-0.0034051247302546808
603045,1,-31.325200000000912,9176.0,-0.0034138186573671437
300951,2,-57.44180000000013,16812.0,-0.003416714251724966
002451,2,-66.53885000000042,19465.0,-0.0034183842794760044
688163,2,-62.49839999999898,18162.0,-0.003441162867525547
300404,1,-33.876699999999445,9841.0,-0.0034424042272126255
300560,3,-95.05654999999845,27609.0,-0.0034429551957694394
002098,3,-100.1803499999997,29038.0,-0.0034499741717749057
688081,3,-98.86019999999837,28637.0,-0.003452184237175625
603617,3,-98.84099999999836,28613.0,-0.003454408835144807
300075,28,-882.6249000000016,255480.0,-0.003454771019257874
000951,4,-132.49050000000102,38154.0,-0.0034725192640352523
300599,5,-167.4465500000015,48131.0,-0.0034789750888201266
002858,2,-64.86510000000018,18622.0,-0.003483250993448619
601019,1,-31.11400000000091,8912.0,-0.0034912477558349314
002982,4,-129.49099999999964,36955.0,-0.0035040184007576686
603321,3,-100.98050000000173,28801.0,-0.003506145619943812
300878,2,-64.78350000000071,18470.0,-0.0035074986464537473
300643,1,-34.95284999999942,9963.0,-0.0035082655826557687
603088,4,-137.133500000002,38981.0,-0.003517957466458069
300597,1,-33.647899999999446,9555.0,-0.003521496598639398
002869,3,-96.96324999999928,27500.0,-0.0035259363636363375
300723,1,-30.976400000000908,8740.0,-0.0035442105263158935
300345,5,-171.62314999999944,48387.0,-0.003546885527104376
688107,2,-67.1021999999996,18868.0,-0.003556402374390481
000975,19,-637.6142500000011,178515.0,-0.0035717684788393192
002957,2,-61.86000000000111,17316.0,-0.0035724185724186363
688678,2,-69.52169999999991,19446.0,-0.0035751157050293073
002748,4,-137.56645000000216,38295.0,-0.0035922822822823386
300550,1,-34.664849999999426,9603.0,-0.00360979381443293
301256,1,-35.9673999999994,9954.0,-0.003613361462728491
300669,1,-35.933800000000645,9940.0,-0.003615070422535276
002282,2,-71.91240000000005,19880.0,-0.003617323943661974
300608,1,-34.61444999999942,9540.0,-0.003628349056603713
688255,1,-30.76520000000091,8476.0,-0.0036296838131195035
605003,1,-31.995750000000356,8765.0,-0.0036503993154592533
688143,2,-66.56140000000102,18192.0,-0.0036588280562885344
603075,1,-30.69159999999949,8384.0,-0.0036607347328243664
300561,2,-70.32905000000078,19206.0,-0.0036618270332188264
000096,2,-69.04169999999885,18846.0,-0.003663467048710541
300727,10,-302.8219500000008,82548.0,-0.003668434728885022
688573,1,-30.66919999999949,8356.0,-0.00367032072762081
300562,4,-140.51249999999942,38220.0,-0.003676412872841429
688296,7,-241.42595000000023,65655.0,-0.0036771906176224236
301069,1,-31.951750000000356,8685.0,-0.0036789579735176
300100,1,-34.47764999999943,9369.0,-0.003679971181556135
002669,7,-242.5724999999995,65700.0,-0.0036921232876712252
003018,2,-70.16185000000273,18997.0,-0.0036933121019109717
300568,3,-107.15740000000159,28985.0,-0.0036969949974125097
002868,2,-63.75550000000071,17235.0,-0.003699187699448837
600996,4,-143.96575000000007,38784.0,-0.0037119881910066023
002842,4,-142.71280000000047,38418.0,-0.0037147378832838897
603637,1,-35.6313999999994,9562.0,-0.003726354319180025
300992,4,-134.83429999999848,36129.0,-0.0037320241357357933
002453,3,-110.60825000000126,29581.0,-0.0037391653426186154
300280,124,-4192.365900000007,1120721.0,-0.0037407757149192414
601600,94,-3395.843049999997,906885.0,-0.0037445134168058764
688681,1,-34.312049999999424,9162.0,-0.003745039292730782
002880,1,-34.27844999999996,9120.0,-0.0037586019736842056
300331,5,-163.83855000000096,43569.0,-0.0037604386146113285
301339,3,-105.35485000000233,28011.0,-0.0037611956017279758
300321,3,-96.44980000000052,25624.0,-0.0037640415235716718
001380,1,-30.43240000000091,8060.000000000001,-0.003775732009925671
300307,18,-653.3444500000024,172817.0,-0.003780556600334472
603500,9,-330.76795000000334,87422.0,-0.003783577932328285
600331,4,-146.98859999999877,38844.0,-0.003784074760580753
301267,1,-30.382799999999488,7974.000000000001,-0.003810233258088724
300667,3,-106.13259999999946,27734.0,-0.0038268046441191123
600769,7,-260.25889999999924,67991.0,-0.003827843391037038
688209,3,-111.11079999999954,28936.0,-0.003839881116947731
603298,13,-431.6169000000002,112299.0,-0.003843461651483987
300663,1,-37.85249999999936,9840.0,-0.0038467987804877398
603385,3,-112.25735000000068,29144.0,-0.0038518168405160817
301260,3,-109.70825000000116,28456.0,-0.003855364422265995
688051,3,-107.15675000000084,27750.0,-0.003861504504504535
002625,23,-769.6884499999999,198842.0,-0.0038708544975407603
300191,2,-67.98569999999991,17514.0,-0.003881791709489546
603136,4,-144.669250000002,37220.0,-0.003886868619022085
000404,1,-37.76850000000069,9705.0,-0.0038916537867079537
002198,5,-188.65049999999815,48420.0,-0.003896127633209379
300430,28,-1010.7573999999997,259285.0,-0.0038982486453130716
300701,2,-75.43860000000086,19347.0,-0.003899240192277917
300681,2,-75.32659999999979,19207.0,-0.003921830582600082
688218,1,-37.65650000000114,9595.0,-0.003924596143825027
003006,1,-35.137000000000114,8944.0,-0.003928555456171748
603565,2,-75.28899999999872,19160.0,-0.003929488517745236
002182,20,-752.5420000000014,191130.0,-0.0039373306126720105
300400,2,-73.9424500000014,18691.0,-0.003956045690439324
603351,1,-30.061199999999488,7596.0,-0.00395750394944701
301379,2,-70.06600000000059,17628.0,-0.003974699341956012
300731,1,-37.54529999999936,9426.0,-0.003983163590069951
688663,2,-63.64365000000051,15858.0,-0.004013346575860797
688141,4,-149.5803999999992,37073.0,-0.004034753054783784
300332,4,-154.5385999999987,38274.0,-0.0040376913831843735
002530,4,-155.75634999999954,38547.0,-0.004040686694165552
300575,4,-155.67874999999876,38450.0,-0.0040488621586475615
605500,3,-115.85554999999925,28606.0,-0.004050043697126451
002749,4,-156.97410000000053,38748.0,-0.0040511536079281645
605122,3,-109.52359999999955,26976.0,-0.004060038552787647
300369,2,-79.65120000000006,19616.0,-0.004060522022838502
603041,2,-79.58720000000005,19536.0,-0.0040738738738738765
600481,1,-39.78720000000074,9760.0,-0.004076557377049256
688170,1,-39.76799999999932,9736.0,-0.0040846343467542436
603182,3,-119.2656000000008,29160.0,-0.004090041152263402
002412,4,-159.02080000000154,38880.0,-0.0040900411522634145
300677,14,-454.26290000000034,110614.0,-0.004106739653208458
300564,4,-156.38850000000213,38061.0,-0.004108890990778017
688176,1,-39.71039999999932,9664.0,-0.00410910596026483
300637,94,-3662.551300000011,889988.0,-0.004115281666719114
603779,2,-81.7970999999986,19800.0,-0.0041311666666665955
301158,1,-37.18049999999936,9000.0,-0.0041311666666665955
300706,1,-34.676200000000115,8368.0,-0.004143905353728503
603800,5,-198.14879999999945,47816.0,-0.004143985276894752
300716,2,-81.73229999999975,19719.0,-0.004144850144530643
301126,7,-281.06205000000364,67762.0,-0.0041477826805584785
000603,17,-654.8777499999985,157777.0,-0.004150654087731409
002811,2,-80.37054999999977,19266.0,-0.004171626180836695
001914,20,-792.5513499999992,189568.0,-0.004180828779118834
300539,1,-40.7489499999993,9713.0,-0.004195300113250211
688118,3,-118.49760000000114,28200.0,-0.0042020425531915295
600746,2,-81.45469999999975,19372.0,-0.004204764608713594
300168,1,-41.98829999999928,9979.0,-0.004207666098807424
603878,5,-203.62154999999842,48345.0,-0.0042118430034129364
688388,5,-186.22985000000017,44069.0,-0.0042258696589439326
688108,7,-276.1168000000009,65328.0,-0.0042266225814352335
603583,4,-147.88360000000029,34952.0,-0.0042310482948043114
002054,1,-41.89310000000078,9894.0,-0.0042341924398626215
603386,3,-123.17500000000142,29050.0,-0.004240103270223801
002809,3,-121.82444999999984,28611.0,-0.004257958477508645
688221,4,-166.06424999999845,38940.0,-0.004264618644067757
688325,1,-40.588949999999826,9513.0,-0.004266682434563211
300263,3,-123.02140000000037,28788.0,-0.004273356954286521
600520,86,-3461.818249999993,809040.0,-0.0042789210051418875
688768,1,-33.172049999999956,7737.0,-0.004287456378441251
301246,20,-770.33965,179617.0,-0.004288790314947917
688403,5,-203.98170000000036,47557.0,-0.004289204533507168
603527,2,-81.0226999999986,18799.0,-0.004309947337624267
688216,4,-159.32190000000008,36752.0,-0.004335053874619071
300610,5,-205.93239999999946,47408.0,-0.004343832264596681
002928,3,-128.5597499999991,29535.0,-0.004352793296089355
300084,1,-41.621099999999274,9554.0,-0.004356405693950102
002633,9,-374.5610999999994,85950.0,-0.004357895287958108
300527,4,-165.27864999999952,37893.0,-0.004361719842715
002933,1,-36.70770000000043,8409.0,-0.004365287192294022
603895,1,-42.82125000000014,9805.0,-0.004367287098419189
300787,3,-119.89390000000039,27440.0,-0.00436931122448981
301119,1,-42.79725000000014,9775.0,-0.004378235294117661
002405,2,-85.62329999999974,19516.0,-0.004387338593974162
688382,8,-332.58959999999774,75746.0,-0.004390853642436535
002840,5,-210.13139999999987,47804.0,-0.004395686553426489
300627,2,-80.61389999999966,18321.0,-0.004400081873260174
301588,2,-73.3529999999998,16665.0,-0.00440162016201619
603042,52,-2152.3563000000054,488551.0,-0.004405591841998083
688033,3,-129.39670000000012,29226.0,-0.004427451584205848
300239,19,-807.3320999999966,182293.0,-0.004428760841063544
601798,5,-218.26525000000052,49227.0,-0.004433852357446128
300898,1,-42.66925000000014,9615.0,-0.004437779511180462
688061,5,-181.68154999999985,40899.0,-0.004442200298295798
605255,2,-82.83900000000085,18592.0,-0.004455626075731543
600783,1,-43.83899999999923,9828.0,-0.004460622710622633
300902,1,-38.91360000000074,8668.0,-0.004489340101522929
603059,1,-43.746199999999945,9712.0,-0.0045043451400329435
603090,1,-38.88159999999932,8628.0,-0.004506444135373124
688328,2,-80.16510000000072,17760.0,-0.004513800675675716
300800,1,-43.68060000000083,9630.000000000002,-0.004535887850467375
002836,8,-356.6969000000024,78596.0,-0.0045383594584966465
002921,3,-126.23000000000063,27792.0,-0.004541954519286148
300529,1,-40.04174999999983,8796.0,-0.004552268076398343
603600,3,-122.4399499999991,26882.0,-0.004554718770924749
603076,1,-36.35970000000043,7974.000000000001,-0.004559781790820219
300821,1,-43.656600000000296,9564.0,-0.004564680050188237
600119,4,-179.4357999999994,39280.0,-0.004568121181262714
688651,1,-43.5822000000003,9507.0,-0.0045842221520984855
300555,2,-88.32935000000005,19238.0,-0.004591399833662546
300783,4,-171.61729999999838,37137.0,-0.004621194496055104
301500,8,-333.5902000000019,72112.0,-0.004626001220323967
605319,2,-82.18299999999927,17756.0,-0.0046284636179319254
300154,3,-135.30000000000047,29216.0,-0.0046310240963855585
603727,2,-86.9580000000006,18756.0,-0.004636276391554734
688699,3,-119.52285000000056,25734.0,-0.004644550011657751
001379,1,-43.4022000000003,9282.0,-0.004675953458306432
600288,2,-86.8236000000006,18564.0,-0.0046769877181642204
002043,4,-183.1715999999996,39088.0,-0.00468613385182152
300938,1,-33.70500000000011,7154.000000000001,-0.0047113502935420895
688448,1,-38.51679999999932,8172.0,-0.004713264806656794
002150,1,-43.30619999999923,9162.0,-0.004726719056974376
300935,1,-42.09325000000014,8895.0,-0.004732237211916823
002895,12,-495.457000000002,104564.0,-0.004738313377453062
002446,10,-460.4926499999985,97049.0,-0.0047449499737245975
002899,1,-43.2534000000003,9096.0,-0.004755211081794228
603909,2,-91.23219999999998,19066.0,-0.004785072904647015
300830,2,-91.19380000000103,19054.0,-0.004786071166159391
300528,4,-181.16825000000236,37742.0,-0.004800176196280069
603272,6,-266.2500999999995,55461.0,-0.004800672544671022
002767,2,-91.10740000000105,18898.0,-0.004821007514022703
300889,3,-140.1799500000007,29061.0,-0.004823645091359578
603268,1,-43.1286000000003,8940.0,-0.004824228187919497
002718,5,-227.57649999999865,47125.0,-0.0048292095490715895
002333,2,-93.4021000000011,19316.0,-0.004835478359908941
300995,4,-173.60174999999958,35850.0,-0.004842447698744758
300629,1,-47.90600000000092,9875.0,-0.0048512405063292074
300717,1,-43.0758000000003,8874.0,-0.004854158215010175
603813,4,-181.7955999999996,37368.0,-0.004865007493042165
002123,2,-93.18770000000029,19048.0,-0.0048922564048719175
603326,3,-143.32839999999834,29258.0,-0.00489877640303501
300636,2,-96.72254999999987,19719.0,-0.0049050433591967075
300828,1,-47.75640000000057,9728.0,-0.004909169407894795
300710,3,-131.30050000000298,26715.0,-0.004914860565225641
301008,1,-39.381749999999826,8004.0,-0.004920258620689634
000695,3,-144.37335000000132,29315.0,-0.004924896810506612
688450,1,-47.69880000000057,9656.0,-0.004939809444904781
301331,1,-39.35054999999983,7965.0,-0.004940433145009394
603337,1,-42.9270000000003,8688.0,-0.004940953038674067
688315,2,-91.73395000000085,18431.0,-0.004977155336118542
301161,1,-41.66925000000014,8365.0,-0.004981380753138092
002096,10,-467.7237500000035,93654.0,-0.004994167360710739
300415,4,-153.50174999999882,30666.0,-0.005005600665231815
605488,1,-49.930300000000344,9947.0,-0.005019634060520794
001229,2,-89.09925,17742.0,-0.00502193946567467
688488,5,-223.4713999999981,44474.0,-0.005024765031254173
605388,3,-147.39939999999913,29328.0,-0.005025893344244379
002731,2,-95.0359999999983,18860.0,-0.005039024390243812
300961,7,-345.60524999999944,68493.0,-0.005045847750865044
002543,2,-94.99439999999971,18808.0,-0.005050744364100367
300998,4,-187.60290000000123,37132.0,-0.005052324140902759
688247,4,-192.35069999999848,38070.0,-0.005052553191489322
300271,2,-97.39549999999967,19263.0,-0.005056091989825037
002066,2,-94.96400000000185,18730.0,-0.005070154831820707
300611,1,-47.45399999999915,9350.0,-0.005075294117646968
002829,10,-475.1569499999994,92897.0,-0.005114879382541949
002074,38,-1764.818549999997,344684.0,-0.00512010580705805
603329,1,-49.70630000000035,9667.0,-0.005141853729181788
301365,3,-141.9508000000003,27536.0,-0.005155098779779209
301201,4,-192.87565000000131,37382.0,-0.0051595861644642155
600814,2,-99.3790000000007,19208.0,-0.005173833819242019
600732,13,-640.9381000000047,123756.0,-0.005179046672484605
300203,10,-500.6523999999953,96160.0,-0.005206451747088137
301190,1,-47.21799999999915,9055.0,-0.005214577581446621
301125,1,-49.57750000000035,9506.0,-0.005215390279823306
688045,5,-212.46300000000042,40725.0,-0.005217016574585646
603810,2,-94.43759999999972,18096.0,-0.005218700265251974
603358,1,-46.021049999999704,8808.0,-0.005224914850136206
603031,2,-86.14055000000039,16485.0,-0.005225389748256014
300255,9,-453.04319999999746,86608.0,-0.0052309624976907155
688552,2,-94.40800000000007,17995.0,-0.005246346207279804
600857,1,-49.521500000000344,9436.0,-0.005248145400593508
300937,1,-47.15799999999915,8980.0,-0.005251447661469838
300746,3,-147.33874999999946,28025.0,-0.005257404103479017
300825,1,-47.142000000000564,8960.0,-0.005261383928571492
688517,1,-49.4934999999991,9401.0,-0.005264705882352846
002664,1,-49.459900000000346,9359.0,-0.005284741959611107
300227,7,-360.12590000000114,67934.0,-0.0053011143168369464
000688,1,-49.443099999999106,9296.0,-0.005318749999999903
301040,2,-98.80379999999946,18489.0,-0.005343923413921762
688287,5,-253.70760000000024,47232.0,-0.005371519308943094
603729,1,-52.83474999999993,9830.0,-0.005374847405900298
688619,4,-205.3486500000014,37958.0,-0.005409891195531941
300736,4,-202.82274999999987,37419.0,-0.005420314546086209
605069,6,-305.9639500000011,56417.0,-0.005423258060513694
300655,7,-364.6090500000002,67089.0,-0.005434706881903146
001330,3,-154.6477999999983,28417.0,-0.005442087482844716
300462,3,-153.47485000000114,28134.0,-0.00545513791142394
300605,2,-105.33349999999986,19240.0,-0.00547471413721413
688135,4,-200.21045000000044,36556.0,-0.005476815023525562
600084,6,-320.34909999999843,58125.0,-0.005511382365591371
300709,3,-140.26439999999957,25389.0,-0.005524613021387198
300918,4,-210.26700000000147,37920.0,-0.005545015822784849
605177,1,-42.0726000000003,7584.0,-0.00554754746835447
688391,1,-49.083899999999105,8847.0,-0.005548084096303731
688138,1,-46.690800000000564,8396.0,-0.0055610767031920635
603089,4,-210.06700000000149,37730.0,-0.0055676384839650536
300871,5,-263.6266999999987,47217.0,-0.005583300506173597
002180,2,-94.48094999999986,16917.0,-0.00558497073949281
300456,14,-693.8612500000024,123690.0,-0.005609679440536846
301166,1,-48.94470000000017,8715.0,-0.005616144578313272
600114,2,-97.83179999999928,17358.0,-0.00563612167300376
601869,2,-90.89730000000047,16107.0,-0.005643341404358382
300521,2,-104.75749999999985,18520.0,-0.005656452483801288
002949,1,-55.8600000000004,9864.0,-0.005663017031630211
001332,2,-94.32254999999988,16638.0,-0.005669103858636848
603683,5,-275.7307500000013,48606.0,-0.00567277188001484
300387,6,-326.86615000000063,57332.0,-0.005701286367124828
603977,34,-1842.448150000003,323106.0,-0.005702302495156397
688602,9,-487.0484500000004,85371.0,-0.0057050807651310214
002972,2,-106.87459999999963,18684.0,-0.005720113466067204
300302,3,-156.93704999999872,27396.0,-0.005728465834428337
688616,1,-55.7960000000004,9736.0,-0.0057308956450288
003029,16,-751.2274499999963,130810.0,-0.005742890069566519
002873,3,-160.2127000000017,27878.0,-0.005746922304326052
605133,1,-46.43799999999915,8080.0,-0.005747277227722667
688093,1,-55.70640000000111,9672.0,-0.005759553349876045
688380,4,-210.129550000002,36390.0,-0.005774376202253422
688323,5,-281.8052499999976,48624.0,-0.005795599909509658
300699,1,-45.23385000000077,7785.0,-0.00581038535645482
300881,2,-93.92414999999987,16140.0,-0.005819340148698877
002719,9,-506.3279500000003,86635.0,-0.005844381023835636
301356,1,-55.60080000000004,9492.0,-0.005857648546144126
300689,1,-56.7521500000002,9681.0,-0.005862219812002913
603065,1,-57.86350000000071,9870.000000000002,-0.005862563323201692
688698,3,-149.29455000000098,25449.0,-0.005866421077449054
000739,6,-333.52320000000026,56850.0,-0.005866722955145123
603353,3,-152.72699999999932,26016.0,-0.00587050276752765
300940,3,-166.59120000000013,28248.0,-0.0058974511469838614
002073,13,-729.5378500000005,123662.0,-0.0058994505183484055
002826,1,-57.79149999999893,9780.0,-0.005909151329243245
002541,1,-57.79149999999893,9780.0,-0.005909151329243245
688337,4,-214.95750000000135,36348.0,-0.00591387421591288
688175,1,-55.50799999999897,9376.0,-0.005920221843003303
301139,1,-55.4568000000004,9360.0,-0.005924871794871838
300671,45,-2163.8520000000035,364668.0,-0.005933758925927154
688312,2,-109.72625000000065,18485.0,-0.005935961590478801
301123,13,-710.7106499999991,119593.0,-0.005942744558628006
300204,5,-288.7462999999992,48562.0,-0.005945930974836275
603766,17,-965.1414000000032,162068.0,-0.0059551632648024485
300715,1,-57.711499999998935,9680.0,-0.005961931818181708
603269,7,-380.6942999999994,63630.0,-0.005982937293729363
603551,2,-119.90040000000062,19960.0,-0.0060070340681363035
688260,5,-265.1505000000005,44125.0,-0.006009076487252136
300220,3,-174.14025000000186,28949.0,-0.00601541504024325
002910,1,-59.93260000000004,9958.0,-0.006018537859007837
300930,1,-57.58750000000071,9525.0,-0.006045931758530258
002861,1,-57.63150000000071,9530.0,-0.0060473767051417325
000430,27,-1576.0811999999978,259548.0,-0.006072407415969292
605399,2,-112.84350000000039,18550.0,-0.006083207547169832
300855,1,-48.32790000000017,7944.0,-0.006083572507552892
688110,7,-381.95380000000216,62712.0,-0.006090601479780619
605208,1,-59.80780000000004,9802.0,-0.006101591511936344
300548,34,-1863.1038000000087,305308.0,-0.00610237465117196
688201,8,-449.49865000000113,73441.0,-0.006120540978472531
301092,2,-96.56940000000034,15768.0,-0.006124391171993934
603216,3,-175.78935000000152,28611.0,-0.006144117647058876
688196,1,-51.678749999999575,8385.0,-0.006163237924865781
605580,4,-237.796650000002,38529.0,-0.006171887409483817
300594,1,-51.65874999999993,8360.0,-0.006179276315789465
300616,7,-399.44100000000105,64506.0,-0.006192307692307709
688395,1,-61.93289999999992,9960.0,-0.006218162650602401
688369,1,-57.37549999999894,9210.0,-0.006229695982627463
301181,1,-50.41940000000119,8060.000000000001,-0.006255508684863671
301149,1,-61.877700000000445,9891.0,-0.006255959963603321
603308,1,-55.00080000000004,8790.0,-0.006257201365187718
301225,2,-99.7018500000008,15891.0,-0.006274107985652306
300805,1,-59.55820000000004,9490.0,-0.0062758904109589085
300884,5,-302.15159999999617,47864.0,-0.0063127110145411195
300395,2,-113.28045000000054,17931.0,-0.00631757570687639
688377,1,-61.78409999999992,9774.0,-0.006321270718232036
300686,1,-59.495800000000045,9412.0,-0.006321270718232049
688162,1,-59.4925999999996,9408.0,-0.006323618197278869
301130,3,-147.5737499999999,23322.0,-0.006327662721893487
300665,2,-123.45379999999912,19405.0,-0.006361958258180836
603151,5,-295.9316499999991,46354.0,-0.006384166414980349
688718,3,-182.784,28610.0,-0.006388815099615519
301297,9,-512.1184000000004,80064.0,-0.006396362909672267
688528,5,-301.5804000000002,47113.0,-0.006401214102264773
300912,2,-124.4467499999991,19397.0,-0.006415773057689287
603196,3,-188.37114999999847,29348.0,-0.006418534482758568
000004,7,-421.46895000000086,65606.0,-0.006424243971587977
603991,3,-139.24389999999846,21592.0,-0.006448865320488999
688078,3,-150.68940000000038,23343.0,-0.006455442745148455
002918,1,-63.842000000000226,9848.0,-0.006482737611697829
688109,1,-61.55129999999991,9483.0,-0.006490699145839915
001313,1,-62.690649999998826,9658.0,-0.006491059225512407
688251,2,-125.35649999999943,19285.0,-0.006500207415089418
002227,6,-362.38449999999875,55739.0,-0.006501453201528531
603801,21,-1230.7140000000022,189075.0,-0.0065091312971043355
002645,1,-62.69945000000078,9614.0,-0.0065216819221968775
002343,23,-1430.3140000000014,218913.0,-0.0065337097385719505
688311,1,-51.27074999999957,7830.0,-0.006547988505747072
300313,6,-378.4811499999996,57122.0,-0.00662583855607296
688227,5,-310.1969500000016,46634.0,-0.006651733713599554
603915,1,-61.33289999999992,9210.0,-0.006659381107491848
301503,1,-57.86925000000051,8628.0,-0.006707145340751102
601865,1,-68.00900000000085,10000.0,-0.006800900000000085
603399,3,-199.11040000000068,28979.0,-0.006870851306118247
688038,12,-773.6434000000005,112565.0,-0.00687285923688536
688026,1,-63.305199999998806,9177.0,-0.006898245614034957
002378,12,-806.9719000000014,116235.0,-0.006942589581451382
688085,10,-649.0262499999992,92925.0,-0.006984409470002682
688648,2,-135.38760000000028,19332.0,-0.0070032898820608465
301043,2,-115.06409999999995,16413.0,-0.0070105465180040185
688222,4,-260.6810499999988,37184.0,-0.007010570406626473
002801,1,-63.147600000000224,8980.0,-0.007032026726057931
300417,4,-278.46584999999936,39455.0,-0.007057808896210857
688307,1,-63.086800000000224,8904.0,-0.0070852201257861885
688217,1,-67.55780000000085,9496.0,-0.007114342881213232
688607,3,-196.97265000000124,27608.0,-0.007134622210953392
301309,1,-60.72329999999992,8448.0,-0.00718789062499999
688352,2,-134.91719999999887,18744.0,-0.007197887323943602
605300,2,-141.75489999999976,19656.0,-0.007211787749287738
688265,1,-57.32204999999944,7944.0,-0.007215766616314129
301335,2,-140.49475,19470.0,-0.007215960451977401
301038,2,-134.8740000000017,18690.0,-0.007216372391653381
688103,2,-117.866149999999,16192.0,-0.00727928297924895
688004,3,-199.6490999999994,27191.0,-0.00734246993490491
688273,2,-134.4436000000003,18152.0,-0.007406544733362731
301081,4,-279.47670000000005,37049.0,-0.007543434370698266
300642,2,-141.94624999999942,18779.0,-0.0075587757601575925
601121,2,-150.78824999999978,19755.0,-0.007632915717539852
688115,1,-66.97859999999943,8772.0,-0.007635499316005407
301020,1,-66.9650000000005,8755.0,-0.007648772130211365
300683,11,-712.9702500000009,92979.0,-0.007668078275739692
688020,2,-140.41649999999944,18123.0,-0.0077479721900347315
688575,3,-222.83319999999998,28704.0,-0.007763141025641025
688191,3,-206.04375000000226,26455.0,-0.007788461538461624
688079,2,-149.31050000000027,19126.0,-0.007806676775070599
688360,3,-216.99325000000027,27620.0,-0.007856381245474303
603706,1,-66.7450000000005,8480.0,-0.007870872641509492
300221,54,-4116.1497,520695.0,-0.007905107020424625
603558,5,-373.58639999999855,47256.0,-0.007905586592178741
688357,3,-188.89430000000135,23756.0,-0.007951435426839593
603848,1,-73.32989999999965,9216.0,-0.00795680338541663
301028,1,-77.7704999999985,9770.0,-0.007960133060388792
300426,1,-73.30509999999859,9185.0,-0.007980958083832182
002387,1,-77.79449999999974,9730.0,-0.007995323741007167
688511,1,-75.50780000000069,9440.0,-0.007998707627118717
301051,1,-62.174800000000225,7764.0,-0.008008088614116464
603680,1,-79.9212000000006,9960.0,-0.008024216867469939
300205,1,-77.69369999999975,9674.0,-0.008031186685962347
001331,1,-77.671300000001,9646.0,-0.008052177068214907
688314,1,-71.01120000000006,8816.0,-0.008054809437386576
301386,1,-79.94039999999988,9912.0,-0.008065012106537518
600639,2,-159.7464000000012,19672.0,-0.00812049613664097
301053,1,-66.49540000000086,8168.000000000001,-0.008140964740450642
301539,10,-695.0932499999992,84999.0,-0.008177663854868872
301046,8,-619.2135999999938,74472.0,-0.008314716940595039
301359,1,-82.91125000000106,9950.000000000002,-0.008332788944723724
002605,1,-83.90579999999909,9944.0,-0.008437831858406988
600615,1,-79.47000000000006,9396.0,-0.008457854406130274
300489,1,-70.60800000000006,8312.0,-0.008494706448508188
002331,4,-329.6104500000006,38350.0,-0.008594796610169507
300275,7,-570.7577000000009,66378.0,-0.00859859742685831
688501,5,-395.3882500000021,45667.0,-0.00865807366369593
688150,2,-145.3317999999993,16772.0,-0.008665144288099171
688262,4,-324.8402499999985,37285.0,-0.008712357516427478
603221,10,-801.0628000000003,91920.0,-0.008714782419495215
688512,4,-328.93604999999843,37483.0,-0.008775606274844555
688355,1,-79.16279999999954,9012.0,-0.00878415446071899
688288,4,-329.8369999999993,37324.0,-0.008837128925088396
603228,7,-477.9388500000008,53643.0,-0.008909621945081386
300986,2,-164.63050000000035,18410.0,-0.008942449755567645
688720,1,-78.9708000000006,8772.0,-0.009002599179206634
301112,1,-74.53499999999926,8224.0,-0.009063107976653606
301193,1,-74.51900000000069,8204.0,-0.009083252072160005
688302,1,-82.18965,9048.0,-0.00908373673740053
301037,3,-243.27810000000062,26778.0,-0.00908499887967737
688433,1,-87.70799999999971,9620.0,-0.009117255717255688
000881,11,-957.1069499999985,104879.0,-0.009125820707672637
301107,2,-141.28575000000097,15462.0,-0.009137611563833978
301273,2,-169.73524999999938,18545.0,-0.009152615260177912
300813,5,-392.99785000000105,42789.0,-0.009184553273037488
603819,1,-84.20195000000085,9065.0,-0.009288687258687353
603201,1,-85.2404999999994,9114.0,-0.009352699144173733
002016,3,-275.32500000000147,29361.0,-0.009377235107796107
688090,4,-349.772800000001,37276.0,-0.009383324391029107
300200,21,-1872.7185500000023,199423.0,-0.009390684875866888
688329,2,-163.79449999999858,17365.0,-0.009432450331125745
300606,4,-339.689850000001,35955.0,-0.00944763871506052
688015,3,-248.75660000000119,26131.0,-0.009519597413034372
688597,9,-836.3524999999998,87849.0,-0.00952034172272877
300982,18,-1557.8366000000015,163624.0,-0.009520831907299672
603699,1,-78.5515999999999,8248.0,-0.00952371483996119
301098,5,-455.93790000000087,47762.0,-0.009546038691847093
301399,3,-242.08129999999989,25246.0,-0.009588897251049666
301021,1,-87.19600000000007,9060.0,-0.00962428256070641
002879,1,-84.93330000000047,8730.0,-0.009728900343642665
688308,3,-255.6520499999994,26006.0,-0.009830502576328518
002898,3,-284.1623499999992,28859.0,-0.0098465764579507
300546,1,-97.65270000000127,9639.0,-0.010130999066293316
688236,2,-177.67499999999794,17123.0,-0.010376394323424513
688426,2,-168.83620000000022,16172.0,-0.01044003215434085
002985,1,-87.73214999999988,8400.0,-0.010444303571428558
301270,2,-171.98144999999926,16356.0,-0.010514884446074789
688429,1,-105.9107000000004,9968.0,-0.010625070224719141
688102,6,-616.2239000000002,57955.0,-0.010632799585885604
002951,2,-207.4528000000016,19472.0,-0.010653903040263023
002946,1,-106.85564999999949,9900.0,-0.010793499999999947
603998,1,-98.12005000000055,8974.0,-0.010933814352574164
002723,4,-429.25104999999826,38138.0,-0.011255206093659821
002584,5,-548.8741000000011,48527.0,-0.011310695076967485
002816,1,-103.0608000000008,8904.0,-0.011574663072776369
300980,1,-112.48775000000043,9445.0,-0.01190976707252519
300860,1,-111.3851999999992,9316.0,-0.011956333190210305
300819,4,-463.3401499999996,37953.0,-0.012208261534002571
688646,1,-112.21095000000042,9099.0,-0.012332228816353492
002780,1,-111.0811999999992,8936.0,-0.012430752014323993
688737,2,-240.09774999999962,18960.0,-0.012663383438818546
000752,1,-119.40879999999886,9352.0,-0.01276826347305377
301237,1,-123.28780000000108,9204.0,-0.013395023902651139
300102,3,-393.4139,29268.0,-0.013441776001093345
002286,1,-133.78050000000104,9828.0,-0.013612179487179594
688132,2,-249.3832499999994,18170.0,-0.013724999999999968
688600,1,-139.89180000000144,9972.0,-0.014028459687124092
600501,25,-3370.1142999999975,239133.0,-0.014093054074510827
603677,1,-140.63595000000092,9653.0,-0.014569144307469275
300410,50,-7304.626850000003,484905.0,-0.015064036976314955
001288,1,-159.78920000000102,9860.0,-0.016205801217038643
600599,1,-151.24320000000012,9171.0,-0.016491462217860662
688510,1,-167.88800000000015,9990.0,-0.01680560560560562
603258,1,-152.24174999999957,9025.0,-0.016868891966758955
002653,1,-175.3332000000007,9303.0,-0.01884695259593687
688788,1,-156.5457,8304.0,-0.018851842485549133
301252,7,-1176.713100000004,48178.0,-0.024424282867699033
300341,2,-752.9809499999999,19838.0,-0.03795649511039419
600543,1,-385.73189999999994,9972.0,-0.03868149819494584
