exit_dt,cum_pnl_long,cum_pnl_short,cum_pnl_total
2024-02-02T09:47:17.000000,-46.898008695646496,0.0,-46.898008695646496
2024-02-02T09:47:32.000000,-79.2189999999921,0.0,-79.2189999999921
2024-02-02T09:47:42.000000,-95.92434999999192,0.0,-95.92434999999192
2024-02-02T09:48:12.000000,-119.61826081080005,0.0,-119.61826081080005
2024-02-02T09:48:17.000000,-140.45936621620393,0.0,-140.45936621620393
2024-02-02T09:48:32.000000,-202.95700257984043,0.0,-202.95700257984043
2024-02-02T09:48:32.000000,-223.79810798524431,0.0,-223.79810798524431
2024-02-02T09:48:52.000000,-316.27624434888014,0.0,-316.27624434888014
2024-02-02T09:50:12.000000,-1047.7906328709742,0.0,-1047.7906328709742
2024-02-02T09:50:17.000000,-1679.3700213930665,0.0,-1679.3700213930665
2024-02-02T09:50:52.000000,-2330.9364099151585,0.0,-2330.9364099151585
2024-02-02T09:51:12.000000,-2414.735003608849,0.0,-2414.735003608849
2024-02-02T09:51:37.000000,-2866.431392130942,0.0,-2866.431392130942
2024-02-02T09:51:42.000000,-3378.0887806530336,0.0,-3378.0887806530336
2024-02-02T09:51:47.000000,-3869.7591691751254,0.0,-3869.7591691751254
2024-02-02T09:51:52.000000,-4361.429557697217,0.0,-4361.429557697217
2024-02-02T09:51:57.000000,-4853.0999462193095,0.0,-4853.0999462193095
2024-02-02T09:51:57.000000,-4685.1609819335945,0.0,-4685.1609819335945
2024-02-02T09:52:02.000000,-5114.272551029582,0.0,-5114.272551029582
2024-02-02T09:52:02.000000,-4921.349836743868,0.0,-4921.349836743868
2024-02-02T09:52:07.000000,-4728.4271224581535,0.0,-4728.4271224581535
2024-02-02T09:52:12.000000,-4535.504408172439,0.0,-4535.504408172439
2024-02-02T09:52:17.000000,-4342.581693886725,0.0,-4342.581693886725
2024-02-02T09:52:22.000000,-4241.818315315296,0.0,-4241.818315315296
2024-02-02T09:52:42.000000,-4220.64416936935,0.0,-4220.64416936935
2024-02-02T09:52:47.000000,-4181.481723423404,0.0,-4181.481723423404
2024-02-02T09:52:52.000000,-4124.330977477459,0.0,-4124.330977477459
2024-02-02T09:52:57.000000,-4049.191931531514,0.0,-4049.191931531514
2024-02-02T09:53:02.000000,-4023.7915999999827,0.0,-4023.7915999999827
2024-02-02T09:56:12.000000,-3956.205841573017,0.0,-3956.205841573017
2024-02-02T09:56:17.000000,-3901.611633146051,0.0,-3901.611633146051
2024-02-02T09:56:22.000000,-3834.0258747190856,0.0,-3834.0258747190856
2024-02-02T09:56:27.000000,-3766.44011629212,0.0,-3766.44011629212
2024-02-02T09:56:32.000000,-3685.8628078651523,0.0,-3685.8628078651523
2024-02-02T09:56:37.000000,-3592.293949438185,0.0,-3592.293949438185
2024-02-02T09:56:42.000000,-3513.1202999999814,0.0,-3513.1202999999814
2024-02-02T10:00:37.000000,-3944.321148214265,0.0,-3944.321148214265
2024-02-02T10:00:42.000000,-4375.521996428549,0.0,-4375.521996428549
2024-02-02T10:00:47.000000,-4806.722844642833,0.0,-4806.722844642833
2024-02-02T10:00:52.000000,-4961.955149999974,0.0,-4961.955149999974
2024-02-02T10:04:02.000000,-4961.955149999974,126.28369999999875,-4835.671449999975
2024-02-02T10:04:07.000000,-4961.955149999974,280.57159999999936,-4681.383549999975
2024-02-02T10:04:12.000000,-4961.955149999974,406.8552999999981,-4555.099849999976
2024-02-02T10:04:17.000000,-4961.955149999974,533.1389999999968,-4428.816149999977
2024-02-02T10:04:22.000000,-4961.955149999974,659.4226999999955,-4302.532449999978
2024-02-02T10:04:27.000000,-4961.955149999974,632.8153785714237,-4329.1397714285495
2024-02-02T10:08:12.000000,-4961.955149999974,444.3102496031697,-4517.644900396804
2024-02-02T10:08:17.000000,-4961.955149999974,255.8051206349157,-4706.150029365058
2024-02-02T10:08:22.000000,-4961.955149999974,42.29624166666221,-4919.658908333311
2024-02-02T10:08:27.000000,-4961.955149999974,-171.2126373015913,-5133.167787301564
2024-02-02T10:08:32.000000,-4961.955149999974,-384.72151626984476,-5346.676666269817
2024-02-02T10:08:37.000000,-4961.955149999974,-393.2618714285749,-5355.217021428548
2024-02-02T10:09:12.000000,-4961.955149999974,-745.868171194383,-5707.823321194356
2024-02-02T10:09:17.000000,-4961.955149999974,-1122.4780709601905,-6084.433220960163
2024-02-02T10:09:22.000000,-4961.955149999974,-1122.4067838314777,-6084.36193383145
2024-02-02T10:09:22.000000,-4961.955149999974,-1326.40381287129,-6288.3589628712625
2024-02-02T10:09:27.000000,-4961.955149999974,-1326.3325257425772,-6288.287675742549
2024-02-02T10:09:32.000000,-4961.955149999974,-1326.2612386138644,-6288.216388613836
2024-02-02T10:09:37.000000,-4961.955149999974,-1346.192951485151,-6308.148101485122
2024-02-02T10:09:42.000000,-4961.955149999974,-1366.1246643564377,-6328.079814356409
2024-02-02T10:09:47.000000,-4961.955149999974,-1367.121250000002,-6329.076399999974
2024-02-02T10:10:17.000000,-4961.955149999974,-1385.9820564516117,-6347.937206451584
2024-02-02T10:10:22.000000,-4961.955149999974,-1368.837462903222,-6330.792612903194
2024-02-02T10:10:27.000000,-4961.955149999974,-1333.690169354833,-6295.645319354805
2024-02-02T10:10:32.000000,-4961.955149999974,-1298.5428758064438,-6260.498025806416
2024-02-02T10:10:37.000000,-4961.955149999974,-1263.3955822580547,-6225.350732258027
2024-02-02T10:10:42.000000,-4961.955149999974,-1257.5376999999899,-6219.492849999962
2024-02-02T10:14:32.000000,-4961.955149999974,-953.9408944444353,-5915.896044444408
2024-02-02T10:14:37.000000,-4961.955149999974,-809.3566499999916,-5771.311799999965
2024-02-02T10:21:22.000000,-4961.955149999974,-792.1039841584104,-5754.059134158384
2024-02-02T10:21:27.000000,-4961.955149999974,-774.8513183168292,-5736.806468316803
2024-02-02T10:21:32.000000,-4961.955149999974,-787.6031524752456,-5749.5583024752195
2024-02-02T10:21:37.000000,-4961.955149999974,-800.354986633662,-5762.310136633636
2024-02-02T10:21:42.000000,-4961.955149999974,-793.1038207920787,-5755.058970792053
2024-02-02T10:21:47.000000,-4961.955149999974,-785.8526549504955,-5747.807804950469
2024-02-02T10:21:52.000000,-4961.955149999974,-778.6014891089123,-5740.556639108886
2024-02-02T10:21:57.000000,-4961.955149999974,-771.3503232673291,-5733.305473267303
2024-02-02T10:22:02.000000,-4961.955149999974,-744.0961574257464,-5706.05130742572
2024-02-02T10:22:07.000000,-4961.955149999974,-706.8404915841656,-5668.795641584139
2024-02-02T10:22:12.000000,-4961.955149999974,-659.5833257425833,-5621.538475742556
2024-02-02T10:22:17.000000,-4961.955149999974,-602.324659901003,-5564.279809900976
2024-02-02T10:22:22.000000,-4961.955149999974,-535.0644940594211,-5497.0196440593945
2024-02-02T10:22:27.000000,-4961.955149999974,-467.8043282178392,-5429.759478217813
2024-02-02T10:22:32.000000,-4961.955149999974,-400.5441623762573,-5362.4993123762315
2024-02-02T10:22:37.000000,-4961.955149999974,-323.28249653467384,-5285.237646534648
2024-02-02T10:22:42.000000,-4961.955149999974,-226.0178306930908,-5187.9729806930645
2024-02-02T10:22:47.000000,-4961.955149999974,-128.75316485150773,-5090.708314851481
2024-02-02T10:22:52.000000,-4961.955149999974,-31.488499009924695,-4993.443649009898
2024-02-02T10:22:57.000000,-4961.955149999974,95.78066683165592,-4866.174483168317
2024-02-02T10:23:02.000000,-4961.955149999974,119.23419999997245,-4842.720950000001
2024-02-02T10:24:22.000000,-4961.955149999974,217.63983999997362,-4744.31531
2024-02-02T10:24:27.000000,-4961.955149999974,316.04547999997476,-4645.909669999999
2024-02-02T10:24:32.000000,-4961.955149999974,414.45111999997596,-4547.504029999998
2024-02-02T10:24:37.000000,-4961.955149999974,512.8567599999772,-4449.098389999997
2024-02-02T10:24:42.000000,-4961.955149999974,611.2623999999784,-4350.6927499999965
2024-02-02T10:27:07.000000,-4934.1733615384355,611.2623999999784,-4322.910961538458
2024-02-02T10:29:02.000000,-4970.4611692307435,611.2623999999784,-4359.198769230766
2024-02-02T10:29:07.000000,-5006.7489769230515,611.2623999999784,-4395.486576923074
2024-02-02T10:29:12.000000,-5016.298399999975,611.2623999999784,-4405.035999999997
2024-02-02T10:38:42.000000,-4426.693899999975,611.2623999999784,-3815.4314999999974
2024-02-02T10:40:27.000000,-4426.693899999975,535.7611399999787,-3890.932759999997
2024-02-02T10:40:32.000000,-4426.693899999975,460.25987999997903,-3966.4340199999965
2024-02-02T10:40:37.000000,-4426.693899999975,384.7586199999794,-4041.935279999996
2024-02-02T10:40:42.000000,-4426.693899999975,309.2573599999797,-4117.436539999996
2024-02-02T10:40:47.000000,-4426.693899999975,233.75609999998005,-4192.937799999996
2024-02-02T10:41:17.000000,-4480.93831702125,233.75609999998005,-4247.182217021272
2024-02-02T10:41:22.000000,-4535.182734042526,233.75609999998005,-4301.426634042547
2024-02-02T10:41:27.000000,-4557.339249999973,233.75609999998005,-4323.583149999994
2024-02-02T10:44:57.000000,-4557.339249999973,197.6804470588049,-4359.65880294117
2024-02-02T10:45:02.000000,-4557.339249999973,161.60479411762975,-4395.734455882345
2024-02-02T10:45:07.000000,-4557.339249999973,125.5291411764546,-4431.810108823521
2024-02-02T10:45:12.000000,-4557.339249999973,102.33764999998486,-4455.0015999999905
2024-02-02T10:49:32.000000,-4557.339249999973,87.61482747523218,-4469.724422524743
2024-02-02T10:49:37.000000,-4557.339249999973,53.88915495047989,-4503.450095049496
2024-02-02T10:49:42.000000,-4557.339249999973,20.163482425727608,-4537.175767574248
2024-02-02T10:49:47.000000,-4557.339249999973,-32.565040099024266,-4589.904290099
2024-02-02T10:49:52.000000,-4557.339249999973,-66.29071262377656,-4623.629962623752
2024-02-02T10:49:57.000000,-4557.339249999973,-100.01638514852884,-4657.355635148505
2024-02-02T10:50:02.000000,-4557.339249999973,-133.74205767328112,-4691.0813076732575
2024-02-02T10:50:07.000000,-4557.339249999973,-167.4677301980334,-4724.80698019801
2024-02-02T10:50:12.000000,-4557.339249999973,-239.19910272278486,-4796.538352722761
2024-02-02T10:50:17.000000,-4557.339249999973,-310.9304752475363,-4868.269725247513
2024-02-02T10:50:22.000000,-4557.339249999973,-356.23450000001094,-4913.573749999988
2024-02-02T10:52:07.000000,-4557.339249999973,-139.08120000001,-4696.420449999987
2024-02-02T10:52:12.000000,-4557.339249999973,36.06579999999181,-4521.273449999985
2024-02-02T10:52:17.000000,-4557.339249999973,211.21279999999362,-4346.126449999983
2024-02-02T10:52:22.000000,-4557.339249999973,386.3597999999954,-4170.979449999982
2024-02-02T10:52:27.000000,-4557.339249999973,561.5067999999972,-3995.83244999998
2024-02-02T10:52:32.000000,-4557.339249999973,736.6537999999989,-3820.685449999978
2024-02-02T10:52:37.000000,-4557.339249999973,911.8008000000007,-3645.5384499999764
2024-02-02T10:52:42.000000,-4557.339249999973,1086.9478000000024,-3470.3914499999746
2024-02-02T10:52:47.000000,-4557.339249999973,1262.0948000000042,-3295.244449999973
2024-02-02T10:52:52.000000,-4557.339249999973,1394.218100000003,-3163.121149999974
2024-02-02T10:53:47.000000,-4557.339249999973,1453.4569846153875,-3103.8822653845896
2024-02-02T10:53:52.000000,-4557.339249999973,1465.227750000003,-3092.111499999974
2024-02-02T11:09:22.000000,-4443.023749999973,1465.227750000003,-2977.7959999999744
2024-02-02T11:09:27.000000,-4409.049749999973,1465.227750000003,-2943.821999999974
2024-02-02T11:09:37.000000,-4409.049749999973,1429.8167500000034,-2979.232999999974
2024-02-02T11:09:42.000000,-4409.049749999973,1394.4057500000038,-3014.6439999999734
2024-02-02T11:09:47.000000,-4409.049749999973,1358.9947500000042,-3050.054999999973
2024-02-02T11:09:52.000000,-4409.049749999973,1323.5837500000046,-3085.4659999999726
2024-02-02T11:09:57.000000,-4409.049749999973,1288.172750000005,-3120.876999999972
2024-02-02T11:10:02.000000,-4409.049749999973,1282.861100000005,-3126.1886499999723
2024-02-02T11:16:02.000000,-4355.0392499999725,1282.861100000005,-3072.178149999972
2024-02-02T11:16:07.000000,-4337.432449999972,1282.861100000005,-3054.571349999971
2024-02-02T11:16:47.000000,-4337.432449999972,1255.7952063829828,-3081.6372436169936
2024-02-02T11:16:52.000000,-4337.432449999972,1218.7278127659588,-3118.7046372340174
2024-02-02T11:16:57.000000,-4337.432449999972,1181.6604191489348,-3155.772030851041
2024-02-02T11:17:02.000000,-4337.432449999972,1154.5945255319125,-3182.8379244680636
2024-02-02T11:17:07.000000,-4337.432449999972,1142.6494499999978,-3194.782999999978
2024-02-02T11:19:02.000000,-4337.432449999972,1023.0011291666638,-3314.4313208333124
2024-02-02T11:19:07.000000,-4337.432449999972,903.3528083333297,-3434.0796416666467
2024-02-02T11:19:12.000000,-4337.432449999972,783.7044874999956,-3553.727962499981
2024-02-02T11:19:17.000000,-4337.432449999972,664.0561666666615,-3673.3762833333153
2024-02-02T11:19:22.000000,-4337.432449999972,548.533649999994,-3788.8987999999827
2024-02-02T11:21:32.000000,-4335.419932352912,548.533649999994,-3786.886282352922
2024-02-02T11:21:37.000000,-4333.407414705852,548.533649999994,-3784.8737647058615
2024-02-02T11:21:42.000000,-4323.400097058793,548.533649999994,-3774.866447058803
2024-02-02T11:21:47.000000,-4313.392779411734,548.533649999994,-3764.859129411744
2024-02-02T11:21:52.000000,-4310.89094999997,548.533649999994,-3762.357299999979
2024-02-02T11:25:52.000000,-4310.89094999997,520.1956961538402,-3790.695253846133
2024-02-02T11:25:57.000000,-4310.89094999997,507.6010499999941,-3803.289899999979
2024-02-02T13:00:47.000000,-4310.89094999997,510.38241764705094,-3800.508532352922
2024-02-02T13:00:52.000000,-4310.89094999997,513.1637852941078,-3797.727164705865
2024-02-02T13:00:57.000000,-4310.89094999997,529.9472529411644,-3780.9436970588085
2024-02-02T13:01:02.000000,-4310.89094999997,546.730720588221,-3764.160229411752
2024-02-02T13:01:10.000000,-4310.89094999997,543.1138499999852,-3767.7770999999875
2024-02-02T13:03:02.000000,-4396.916258823501,543.1138499999852,-3853.8024088235193
2024-02-02T13:03:07.000000,-4500.929867647033,543.1138499999852,-3957.8160176470506
2024-02-02T13:03:12.000000,-4604.943476470564,543.1138499999852,-4061.829626470582
2024-02-02T13:03:17.000000,-4685.842949999977,543.1138499999852,-4142.729099999995
2024-02-02T13:05:52.000000,-4685.842949999977,555.0269799999851,-4130.815969999995
2024-02-02T13:05:57.000000,-4685.842949999977,566.940109999985,-4118.902839999995
2024-02-02T13:06:02.000000,-4685.842949999977,578.8532399999849,-4106.989709999995
2024-02-02T13:06:02.000000,-4796.699047560951,578.8532399999849,-4217.845807560969
2024-02-02T13:06:07.000000,-4796.699047560951,608.7690699999844,-4187.929977560969
2024-02-02T13:06:07.000000,-4907.555145121925,608.7690699999844,-4298.786075121943
2024-02-02T13:06:12.000000,-4907.555145121925,656.6875999999835,-4250.867545121944
2024-02-02T13:06:12.000000,-5018.4112426829,656.6875999999835,-4361.723642682919
2024-02-02T13:06:17.000000,-5145.256940243873,656.6875999999835,-4488.569340243892
2024-02-02T13:06:22.000000,-5272.102637804846,656.6875999999835,-4615.415037804865
2024-02-02T13:06:27.000000,-5287.958349999968,656.6875999999835,-4631.270749999987
2024-02-02T13:09:52.000000,-5287.958349999968,640.174680612234,-4647.783669387736
2024-02-02T13:09:57.000000,-5287.958349999968,623.6617612244846,-4664.296588775485
2024-02-02T13:10:02.000000,-5287.958349999968,607.1488418367352,-4680.809508163235
2024-02-02T13:10:07.000000,-5287.958349999968,590.6359224489858,-4697.322427550984
2024-02-02T13:10:12.000000,-5287.958349999968,583.1300500000087,-4704.828299999961
2024-02-02T13:10:22.000000,-5287.958349999968,547.1519071428678,-4740.806442857102
2024-02-02T13:10:27.000000,-5287.958349999968,511.17376428572686,-4776.784585714244
2024-02-02T13:10:32.000000,-5287.958349999968,475.1956214285859,-4812.762728571385
2024-02-02T13:10:37.000000,-5287.958349999968,444.6142000000161,-4843.344149999955
2024-02-02T13:11:07.000000,-5367.371504123679,444.6142000000161,-4922.7573041236665
2024-02-02T13:11:12.000000,-5427.79700824739,444.6142000000161,-4983.182808247378
2024-02-02T13:11:17.000000,-5469.234862371099,444.6142000000161,-5024.620662371086
2024-02-02T13:11:22.000000,-5510.672716494807,444.6142000000161,-5066.058516494794
2024-02-02T13:11:27.000000,-5533.122920618515,444.6142000000161,-5088.508720618503
2024-02-02T13:11:32.000000,-5535.486099999958,444.6142000000161,-5090.8718999999455
2024-02-02T13:16:22.000000,-5529.419599999958,444.6142000000161,-5084.805399999946
2024-02-02T13:16:27.000000,-5523.353099999958,444.6142000000161,-5078.738899999946
2024-02-02T13:16:32.000000,-5506.293749999957,444.6142000000161,-5061.679549999944
2024-02-02T13:16:37.000000,-5489.234399999956,444.6142000000161,-5044.620199999943
2024-02-02T13:16:42.000000,-5483.167899999956,444.6142000000161,-5038.553699999943
2024-02-02T13:18:42.000000,-5459.617002520962,444.6142000000161,-5015.002802520949
2024-02-02T13:18:47.000000,-5409.083655041971,444.6142000000161,-4964.469455041958
2024-02-02T13:18:52.000000,-5349.556157562978,444.6142000000161,-4904.941957562965
2024-02-02T13:18:57.000000,-5299.022810083987,444.6142000000161,-4854.408610083974
2024-02-02T13:19:02.000000,-5248.489462604995,444.6142000000161,-4803.875262604983
2024-02-02T13:19:07.000000,-5188.961965126003,444.6142000000161,-4744.34776512599
2024-02-02T13:19:12.000000,-5138.428617647011,444.6142000000161,-4693.814417646999
2024-02-02T13:19:17.000000,-5105.88357016802,444.6142000000161,-4661.269370168007
2024-02-02T13:19:22.000000,-5082.332672689026,444.6142000000161,-4637.718472689014
2024-02-02T13:19:27.000000,-5058.781775210033,444.6142000000161,-4614.16757521002
2024-02-02T13:19:32.000000,-5044.22502773104,444.6142000000161,-4599.610827731028
2024-02-02T13:19:37.000000,-5029.668280252048,444.6142000000161,-4585.054080252035
2024-02-02T13:19:42.000000,-5006.1173827730545,444.6142000000161,-4561.503182773042
2024-02-02T13:19:47.000000,-5002.882549999945,444.6142000000161,-4558.268349999932
2024-02-02T13:28:57.000000,-5125.1070450819125,444.6142000000161,-4680.4928450819
2024-02-02T13:29:02.000000,-5259.323740163882,444.6142000000161,-4814.709540163869
2024-02-02T13:29:07.000000,-5393.540435245851,444.6142000000161,-4948.926235245838
2024-02-02T13:29:12.000000,-5527.75713032782,444.6142000000161,-5083.142930327807
2024-02-02T13:29:17.000000,-5649.981625409788,444.6142000000161,-5205.367425409775
2024-02-02T13:29:22.000000,-5661.166349999952,444.6142000000161,-5216.5521499999395
2024-02-02T13:31:22.000000,-5755.454760937452,444.6142000000161,-5310.8405609374395
2024-02-02T13:31:27.000000,-5862.734721874952,444.6142000000161,-5418.120521874939
2024-02-02T13:31:32.000000,-5970.014682812452,444.6142000000161,-5525.400482812439
2024-02-02T13:31:37.000000,-6077.294643749951,444.6142000000161,-5632.680443749939
2024-02-02T13:31:42.000000,-6176.322299999952,444.6142000000161,-5731.708099999939
2024-02-02T13:33:02.000000,-6265.622863392809,444.6142000000161,-5821.008663392797
2024-02-02T13:33:07.000000,-6354.923426785667,444.6142000000161,-5910.309226785655
2024-02-02T13:33:12.000000,-6444.223990178525,444.6142000000161,-5999.609790178512
2024-02-02T13:33:17.000000,-6500.546003571384,444.6142000000161,-6055.931803571371
2024-02-02T13:33:22.000000,-6589.846566964242,444.6142000000161,-6145.232366964229
2024-02-02T13:33:27.000000,-6597.964799999956,444.6142000000161,-6153.350599999943
2024-02-02T13:33:47.000000,-6625.2679111110665,444.6142000000161,-6180.653711111054
2024-02-02T13:33:52.000000,-6652.571022222177,444.6142000000161,-6207.956822222164
2024-02-02T13:33:57.000000,-6679.874133333287,444.6142000000161,-6235.259933333275
2024-02-02T13:34:02.000000,-6703.276799999953,444.6142000000161,-6258.6625999999405
2024-02-02T13:34:07.000000,-6703.276799999953,430.15278313254703,-6273.124016867409
2024-02-02T13:34:12.000000,-6703.276799999953,431.6937662650776,-6271.583033734879
2024-02-02T13:34:17.000000,-6703.276799999953,433.2347493976082,-6270.042050602348
2024-02-02T13:34:22.000000,-6703.276799999953,434.7757325301388,-6268.501067469818
2024-02-02T13:34:27.000000,-6703.276799999953,436.31671566266937,-6266.960084337287
2024-02-02T13:34:32.000000,-6703.276799999953,436.60565000001884,-6266.671149999937
2024-02-02T13:44:32.000000,-6703.276799999953,410.9164100000175,-6292.360389999939
2024-02-02T13:44:37.000000,-6703.276799999953,385.22717000001614,-6318.04962999994
2024-02-02T13:44:42.000000,-6703.276799999953,351.5367300000164,-6351.74006999994
2024-02-02T13:44:47.000000,-6703.276799999953,317.84629000001667,-6385.430509999939
2024-02-02T13:44:52.000000,-6703.276799999953,284.1558500000169,-6419.120949999939
2024-02-02T13:47:27.000000,-6718.366215094291,284.1558500000169,-6434.210365094276
2024-02-02T13:47:27.000000,-6718.366215094291,250.25027352942635,-6468.115941564867
2024-02-02T13:47:32.000000,-6733.455630188629,250.25027352942635,-6483.205356659205
2024-02-02T13:47:32.000000,-6733.455630188629,216.34469705883578,-6517.110933129796
2024-02-02T13:47:37.000000,-6748.545045282966,216.34469705883578,-6532.200348224133
2024-02-02T13:47:37.000000,-6748.545045282966,190.44032058824644,-6558.104724694723
2024-02-02T13:47:42.000000,-6763.634460377304,190.44032058824644,-6573.1941397890605
2024-02-02T13:47:42.000000,-6763.634460377304,172.53714411765552,-6591.097316259651
2024-02-02T13:47:47.000000,-6778.723875471642,172.53714411765552,-6606.186731353989
2024-02-02T13:47:47.000000,-6778.723875471642,166.06105000000818,-6612.662825471636
2024-02-02T13:47:52.000000,-6783.250699999943,166.06105000000818,-6617.1896499999375
2024-02-02T13:51:07.000000,-6881.226817073112,166.06105000000818,-6715.1657670731065
2024-02-02T13:51:12.000000,-6979.202934146281,166.06105000000818,-6813.1418841462755
2024-02-02T13:51:17.000000,-7077.17905121945,166.06105000000818,-6911.1180012194445
2024-02-02T13:51:22.000000,-7199.13956829262,166.06105000000818,-7033.078518292615
2024-02-02T13:51:27.000000,-7321.100085365791,166.06105000000818,-7155.039035365785
2024-02-02T13:51:32.000000,-7336.345149999937,166.06105000000818,-7170.284099999932
2024-02-02T13:51:37.000000,-7336.345149999937,65.0517433962324,-7271.293406603708
2024-02-02T13:51:42.000000,-7336.345149999937,-35.95756320754339,-7372.302713207484
2024-02-02T13:51:47.000000,-7336.345149999937,-136.96686981131916,-7473.31201981126
2024-02-02T13:51:52.000000,-7336.345149999937,-216.97302641509165,-7553.318176415032
2024-02-02T13:51:57.000000,-7336.345149999937,-296.97918301886415,-7633.324333018804
2024-02-02T13:52:02.000000,-7336.345149999937,-300.7889999999962,-7637.134149999936
2024-02-02T13:54:52.000000,-7336.345149999937,-316.5754000000001,-7652.92054999994
2024-02-02T13:54:57.000000,-7336.345149999937,-332.36180000000405,-7668.706949999943
2024-02-02T13:55:02.000000,-7336.345149999937,-346.1749000000075,-7682.520049999946
2024-02-02T13:56:47.000000,-7336.345149999937,-343.8709880952472,-7680.216138095187
2024-02-02T13:56:52.000000,-7336.345149999937,-341.5670761904869,-7677.912226190427
2024-02-02T13:56:57.000000,-7336.345149999937,-339.2631642857266,-7675.608314285667
2024-02-02T13:57:02.000000,-7336.345149999937,-336.9592523809663,-7673.304402380907
2024-02-02T13:57:07.000000,-7336.345149999937,-334.655340476206,-7671.000490476147
2024-02-02T13:57:12.000000,-7336.345149999937,-334.4964500000156,-7670.841599999957
2024-02-02T13:57:42.000000,-7336.345149999937,-227.14613000001745,-7563.491279999959
2024-02-02T13:57:47.000000,-7336.345149999937,-119.79581000001929,-7456.1409599999615
2024-02-02T13:57:52.000000,-7336.345149999937,-12.445490000021124,-7348.790639999964
2024-02-02T13:57:57.000000,-7336.345149999937,94.90482999997704,-7241.440319999966
2024-02-02T13:58:02.000000,-7336.345149999937,224.25844999997472,-7112.086699999968
2024-02-02T13:58:02.000000,-7336.345149999937,175.36378157892023,-7160.981368421022
2024-02-02T13:58:07.000000,-7336.345149999937,126.46911315786572,-7209.876036842076
2024-02-02T13:58:12.000000,-7336.345149999937,77.57444473681122,-7258.77070526313
2024-02-02T13:58:17.000000,-7336.345149999937,28.679776315756712,-7307.6653736841845
2024-02-02T13:58:22.000000,-7336.345149999937,-13.213842105296706,-7349.558992105238
2024-02-02T13:58:27.000000,-7336.345149999937,-31.168250000033886,-7367.513399999975
2024-02-02T14:04:52.000000,-7336.345149999937,-73.42445000003578,-7409.769599999977
2024-02-02T14:04:57.000000,-7336.345149999937,-121.64585000003714,-7457.990999999978
2024-02-02T14:11:32.000000,-7336.345149999937,-99.73031562503522,-7436.0754656249765
2024-02-02T14:11:37.000000,-7336.345149999937,-68.81343125003508,-7405.158581249976
2024-02-02T14:11:42.000000,-7336.345149999937,-28.895196875033548,-7365.240346874974
2024-02-02T14:11:47.000000,-7336.345149999937,11.023037499967984,-7325.322112499973
2024-02-02T14:11:52.000000,-7336.345149999937,50.941271874969516,-7285.403878124971
2024-02-02T14:11:57.000000,-7336.345149999937,64.24734999997003,-7272.09779999997
2024-02-02T14:13:57.000000,-7437.4127785713645,64.24734999997003,-7373.165428571398
2024-02-02T14:14:47.000000,-7377.0923664326365,64.24734999997003,-7312.84501643267
2024-02-02T14:14:52.000000,-7316.7719542939085,64.24734999997003,-7252.524604293942
2024-02-02T14:14:57.000000,-7256.4515421551805,64.24734999997003,-7192.204192155214
2024-02-02T14:15:02.000000,-7196.1311300164525,64.24734999997003,-7131.883780016486
2024-02-02T14:15:07.000000,-7135.8107178777245,64.24734999997003,-7071.563367877758
2024-02-02T14:15:12.000000,-7130.488328571366,64.24734999997003,-7066.240978571399
2024-02-02T14:15:37.000000,-7130.488328571366,53.4755499999694,-7077.012778571399
2024-02-02T14:18:17.000000,-7127.733740659276,53.4755499999694,-7074.25819065931
2024-02-02T14:18:22.000000,-7124.979152747186,53.4755499999694,-7071.50360274722
2024-02-02T14:18:27.000000,-7148.097481318615,53.4755499999694,-7094.621931318648
2024-02-02T14:18:32.000000,-7171.215809890044,53.4755499999694,-7117.740259890077
2024-02-02T14:18:37.000000,-7194.334138461472,53.4755499999694,-7140.858588461506
2024-02-02T14:18:42.000000,-7217.452467032901,53.4755499999694,-7163.976917032935
2024-02-02T14:18:47.000000,-7219.230799999934,53.4755499999694,-7165.755249999967
2024-02-02T14:20:17.000000,-7222.577944444377,53.4755499999694,-7169.1023944444105
2024-02-02T14:20:37.000000,-7222.577944444377,109.52668552628313,-7113.051258918097
2024-02-02T14:20:42.000000,-7222.577944444377,156.57647105259866,-7066.0014733917815
2024-02-02T14:20:47.000000,-7222.577944444377,212.62760657891238,-7009.950337865468
2024-02-02T14:20:52.000000,-7222.577944444377,268.6787421052261,-6953.899202339155
2024-02-02T14:20:57.000000,-7222.577944444377,277.13394999996257,-6945.443994444418
2024-02-02T14:22:02.000000,-7249.939744444378,277.13394999996257,-6972.80579444442
2024-02-02T14:22:12.000000,-7294.582984444386,277.13394999996257,-7017.4490344444275
2024-02-02T14:22:17.000000,-7336.3373444443905,277.13394999996257,-7059.203394444432
2024-02-02T14:22:37.000000,-7411.781831457379,277.13394999996257,-7134.64788145742
2024-02-02T14:25:02.000000,-7328.6806529133155,277.13394999996257,-7051.546702913357
2024-02-02T14:25:02.000000,-7327.599898046055,277.13394999996257,-7050.465948046097
2024-02-02T14:25:07.000000,-7220.514319501994,277.13394999996257,-6943.380369502035
2024-02-02T14:25:07.000000,-7197.447864634733,277.13394999996257,-6920.313914634775
2024-02-02T14:25:12.000000,-7090.362286090672,277.13394999996257,-6813.228336090713
2024-02-02T14:25:12.000000,-7045.310131223412,277.13394999996257,-6768.176181223454
2024-02-02T14:25:17.000000,-6930.229752679349,277.13394999996257,-6653.0958026793905
2024-02-02T14:25:17.000000,-6885.1775978120895,277.13394999996257,-6608.043647812131
2024-02-02T14:25:22.000000,-6754.107619268027,277.13394999996257,-6476.973669268068
2024-02-02T14:25:22.000000,-6709.055464400767,277.13394999996257,-6431.9215144008085
2024-02-02T14:25:27.000000,-6569.990685856703,277.13394999996257,-6292.856735856744
2024-02-02T14:25:27.000000,-6560.849160192985,277.13394999996257,-6283.715210193027
2024-02-02T14:25:32.000000,-6397.799981648924,277.13394999996257,-6120.666031648965
2024-02-02T14:25:37.000000,-6355.0389870129075,277.13394999996257,-6077.905037012949
2024-02-02T14:25:37.000000,-6456.541470619463,277.13394999996257,-6179.407520619505
2024-02-02T14:25:42.000000,-6548.050454226021,277.13394999996257,-6270.916504226063
2024-02-02T14:25:47.000000,-6649.552937832577,277.13394999996257,-6372.418987832619
2024-02-02T14:25:52.000000,-6751.055421439133,277.13394999996257,-6473.921471439175
2024-02-02T14:25:57.000000,-6862.55140504569,277.13394999996257,-6585.417455045732
2024-02-02T14:26:02.000000,-6974.047388652248,277.13394999996257,-6696.913438652289
2024-02-02T14:26:07.000000,-6985.196987012903,277.13394999996257,-6708.063037012945
2024-02-02T14:27:07.000000,-6961.061237012903,277.13394999996257,-6683.927287012944
2024-02-02T14:27:17.000000,-5893.475399999924,277.13394999996257,-5616.341449999965
2024-02-02T14:27:22.000000,-5893.475399999924,233.24010853654724,-5660.23529146338
2024-02-02T14:27:37.000000,-5968.805999999925,233.24010853654724,-5735.565891463381
2024-02-02T14:27:42.000000,-6044.136599999926,233.24010853654724,-5810.8964914633825
2024-02-02T14:27:47.000000,-6044.136599999926,209.03202560971715,-5835.104574390212
2024-02-02T14:27:47.000000,-6088.0794499999265,209.03202560971715,-5879.047424390213
2024-02-02T14:28:17.000000,-6088.0794499999265,-20.297232926871743,-6108.376682926802
2024-02-02T14:28:37.000000,-6088.0794499999265,-125.90939146345875,-6213.988841463389
2024-02-02T14:29:17.000000,-6088.0794499999265,-297.20693146345764,-6385.286381463387
2024-02-02T14:29:27.000000,-6088.0794499999265,-435.40889146345637,-6523.488341463386
2024-02-02T14:29:32.000000,-6088.0794499999265,-604.9490414634485,-6693.028491463378
2024-02-02T14:30:17.000000,-5641.415875999927,-604.9490414634485,-6246.364917463378
2024-02-02T14:30:22.000000,-5203.746451999929,-604.9490414634485,-5808.69549346338
2024-02-02T14:30:27.000000,-4784.065327999931,-604.9490414634485,-5389.014369463382
2024-02-02T14:30:32.000000,-4784.065327999931,-657.7083671515218,-5441.773695151455
2024-02-02T14:30:32.000000,-4391.366653999929,-657.7083671515218,-5049.075021151454
2024-02-02T14:30:37.000000,-4043.638729999929,-657.7083671515218,-4701.347097151454
2024-02-02T14:30:42.000000,-3840.4630499999294,-657.7083671515218,-4498.171417151454
2024-02-02T14:30:47.000000,-3840.4630499999294,-659.3079109015227,-4499.7709609014555
2024-02-02T14:30:47.000000,-3840.4630499999294,-810.6132755721778,-4651.07632557211
2024-02-02T14:30:52.000000,-3840.4630499999294,-890.1587298578928,-4730.6217798578255
2024-02-02T14:31:17.000000,-3840.4630499999294,-1260.392162550199,-5100.855212550132
2024-02-02T14:31:22.000000,-3840.4630499999294,-1620.6240952425069,-5461.08714524244
2024-02-02T14:31:27.000000,-3840.4630499999294,-1970.8545279348134,-5811.317577934747
2024-02-02T14:31:32.000000,-3840.4630499999294,-2018.8039820228655,-5859.267032022799
2024-02-02T14:31:32.000000,-3840.4630499999294,-2369.034414715172,-6209.497464715106
2024-02-02T14:31:37.000000,-3840.4630499999294,-2416.9838688032237,-6257.446918803158
2024-02-02T14:31:37.000000,-3840.4630499999294,-2757.2128014955288,-6597.675851495463
2024-02-02T14:31:42.000000,-3840.4630499999294,-2965.018484422357,-6805.481534422291
2024-02-02T14:31:42.000000,-3840.4630499999294,-3026.9700385104084,-6867.433088510343
2024-02-02T14:31:42.000000,-3840.4630499999294,-3089.01492504887,-6929.477975048804
2024-02-02T14:31:47.000000,-3840.4630499999294,-3266.8161079757006,-7107.279157975635
2024-02-02T14:31:47.000000,-3840.4630499999294,-3342.769762063752,-7183.232812063687
2024-02-02T14:31:52.000000,-3840.4630499999294,-3550.57544499058,-7391.038494990515
2024-02-02T14:31:52.000000,-3840.4630499999294,-3626.529099078631,-7466.992149078566
2024-02-02T14:31:57.000000,-3840.4630499999294,-3751.212508834728,-7591.675558834663
2024-02-02T14:31:57.000000,-3840.4630499999294,-3908.257644164066,-7748.720694164001
2024-02-02T14:31:57.000000,-3840.4630499999294,-3984.211298252117,-7824.674348252052
2024-02-02T14:32:02.000000,-3840.4630499999294,-4060.1649523401684,-7900.628002340104
2024-02-02T14:32:07.000000,-3840.4630499999294,-4094.1123064282206,-7934.575356428157
2024-02-02T14:32:12.000000,-3840.4630499999294,-4128.059660516273,-7968.522710516209
2024-02-02T14:32:12.000000,-3840.4630499999294,-4057.7833489778113,-7898.246398977748
2024-02-02T14:32:17.000000,-3840.4630499999294,-4091.7307030658635,-7932.193753065801
2024-02-02T14:32:17.000000,-3840.4630499999294,-4021.454391527402,-7861.917441527339
2024-02-02T14:32:22.000000,-3840.4630499999294,-4194.845013749625,-8035.308063749561
2024-02-02T14:32:22.000000,-3840.4630499999294,-4228.792367837677,-8069.255417837614
2024-02-02T14:32:22.000000,-3840.4630499999294,-4327.249077837679,-8167.712127837615
2024-02-02T14:32:22.000000,-3840.4630499999294,-4256.972766299217,-8097.435816299154
2024-02-02T14:32:27.000000,-3840.4630499999294,-4381.823901783088,-8222.286951783024
2024-02-02T14:32:27.000000,-3840.4630499999294,-4555.2145240053105,-8395.677574005247
2024-02-02T14:32:27.000000,-3840.4630499999294,-4562.337829036758,-8402.800879036695
2024-02-02T14:32:27.000000,-3840.4630499999294,-4660.7945390367595,-8501.257589036697
2024-02-02T14:32:27.000000,-3840.4630499999294,-4590.518227498298,-8430.981277498237
2024-02-02T14:32:32.000000,-3840.4630499999294,-4706.368012982168,-8546.831062982106
2024-02-02T14:32:32.000000,-3840.4630499999294,-4898.76148520439,-8739.224535204328
2024-02-02T14:32:32.000000,-3840.4630499999294,-4997.218195204391,-8837.68124520433
2024-02-02T14:32:32.000000,-3840.4630499999294,-4926.94188366593,-8767.40493366587
2024-02-02T14:32:37.000000,-3840.4630499999294,-4993.53009366593,-8833.99314366587
2024-02-02T14:32:37.000000,-3840.4630499999294,-5100.378529149801,-8940.841579149741
2024-02-02T14:32:37.000000,-3840.4630499999294,-5292.772001372023,-9133.235051371963
2024-02-02T14:32:37.000000,-3840.4630499999294,-5413.232011372023,-9253.695061371964
2024-02-02T14:32:37.000000,-3840.4630499999294,-5369.073519064331,-9209.53656906427
2024-02-02T14:32:42.000000,-3840.4630499999294,-5428.660679064333,-9269.123729064271
2024-02-02T14:32:42.000000,-3840.4630499999294,-5488.15067261272,-9328.61372261266
2024-02-02T14:32:42.000000,-3840.4630499999294,-5680.544144834942,-9521.007194834881
2024-02-02T14:32:42.000000,-3840.4630499999294,-5801.004154834943,-9641.467204834882
2024-02-02T14:32:47.000000,-3840.4630499999294,-5860.591314834945,-9701.054364834883
2024-02-02T14:32:47.000000,-3840.4630499999294,-5905.095803723834,-9745.558853723773
2024-02-02T14:32:52.000000,-3840.4630499999294,-5971.684013723834,-9812.147063723773
2024-02-02T14:32:52.000000,-3840.4630499999294,-5937.278157473835,-9777.741207473773
2024-02-02T14:32:52.000000,-3840.4630499999294,-5939.618657473835,-9780.081707473773
2024-02-02T14:32:57.000000,-3840.4630499999294,-5992.204767473835,-9832.667817473774
2024-02-02T14:33:02.000000,-3840.4630499999294,-6052.303178902407,-9892.766228902346
2024-02-02T14:33:07.000000,-3840.4630499999294,-6104.889288902407,-9945.352338902347
2024-02-02T14:33:07.000000,-3840.4630499999294,-6047.015899540706,-9887.478949540646
2024-02-02T14:33:12.000000,-3840.4630499999294,-6113.604109540706,-9954.067159540646
2024-02-02T14:33:12.000000,-3840.4630499999294,-6055.730720179005,-9896.193770178945
2024-02-02T14:33:17.000000,-3840.4630499999294,-6129.319980179007,-9969.783030178945
2024-02-02T14:33:17.000000,-3840.4630499999294,-6062.445240817305,-9902.908290817244
2024-02-02T14:33:22.000000,-3840.4630499999294,-6093.98349510302,-9934.44654510296
2024-02-02T14:33:22.000000,-3840.4630499999294,-6018.107405741316,-9858.570455741256
2024-02-02T14:33:27.000000,-3840.4630499999294,-5933.229966379615,-9773.693016379553
2024-02-02T14:33:32.000000,-3840.4630499999294,-5914.368313188125,-9754.831363188065
2024-02-02T14:33:47.000000,-3840.4630499999294,-6068.649670330984,-9909.112720330922
2024-02-02T14:33:52.000000,-3840.4630499999294,-6222.931027473843,-10063.39407747378
2024-02-02T14:33:57.000000,-3840.4630499999294,-6377.2123846167015,-10217.675434616638
2024-02-02T14:34:02.000000,-3840.4630499999294,-6556.49749175956,-10396.960541759496
2024-02-02T14:34:07.000000,-3840.4630499999294,-6592.354513188132,-10432.817563188068
2024-02-02T14:34:17.000000,-3840.4630499999294,-6691.09576318813,-10531.558813188067
2024-02-02T14:34:32.000000,-3840.4630499999294,-6764.783263188129,-10605.246313188065
2024-02-02T14:34:52.000000,-3840.4630499999294,-6896.580997133083,-10737.044047133018
2024-02-02T14:34:57.000000,-3840.4630499999294,-7070.385031078035,-10910.848081077971
2024-02-02T14:34:57.000000,-3840.4630499999294,-6965.567918578036,-10806.030968577972
2024-02-02T14:34:57.000000,-3840.4630499999294,-6987.674168578036,-10828.137218577971
2024-02-02T14:35:02.000000,-3840.4630499999294,-7161.478202522989,-11001.941252522924
2024-02-02T14:35:07.000000,-3840.4630499999294,-7271.278970115585,-11111.74202011552
2024-02-02T14:35:07.000000,-3840.4630499999294,-7445.083004060538,-11285.546054060473
2024-02-02T14:35:12.000000,-3840.4630499999294,-7543.882121653136,-11384.34517165307
2024-02-02T14:35:12.000000,-3840.4630499999294,-7613.129460938852,-11453.592510938786
2024-02-02T14:35:12.000000,-3840.4630499999294,-7722.272949470962,-11562.735999470895
2024-02-02T14:35:17.000000,-3840.4630499999294,-7799.068767063561,-11639.531817063495
2024-02-02T14:35:22.000000,-3840.4630499999294,-7875.864584656159,-11716.327634656094
2024-02-02T14:35:27.000000,-3840.4630499999294,-7935.677464285794,-11776.140514285727
2024-02-02T14:35:32.000000,-3840.4630499999294,-8202.644479285795,-12043.10752928573
2024-02-02T14:35:37.000000,-3840.4630499999294,-8469.611494285797,-12310.074544285731
2024-02-02T14:35:37.000000,-3840.4630499999294,-8447.740619285798,-12288.203669285733
2024-02-02T14:35:42.000000,-3840.4630499999294,-8714.7076342858,-12555.170684285735
2024-02-02T14:35:47.000000,-3840.4630499999294,-8981.674649285802,-12822.137699285737
2024-02-02T14:35:52.000000,-3840.4630499999294,-9248.641664285804,-13089.104714285739
2024-02-02T14:35:57.000000,-3840.4630499999294,-9312.205239285804,-13152.668289285739
2024-02-02T14:36:42.000000,-3840.4630499999294,-9304.810111626228,-13145.273161626163
2024-02-02T14:36:47.000000,-3840.4630499999294,-9297.414983966652,-13137.878033966586
2024-02-02T14:36:52.000000,-3840.4630499999294,-9290.019856307075,-13130.48290630701
2024-02-02T14:36:57.000000,-3840.4630499999294,-9282.624728647499,-13123.087778647434
2024-02-02T14:37:02.000000,-3840.4630499999294,-9275.229600987923,-13115.692650987858
2024-02-02T14:37:07.000000,-3840.4630499999294,-9273.586239285794,-13114.04928928573
2024-02-02T14:39:57.000000,-3840.4630499999294,-9470.741465962188,-13311.204515962123
2024-02-02T14:40:02.000000,-3840.4630499999294,-9667.896692638582,-13508.359742638517
2024-02-02T14:40:07.000000,-3840.4630499999294,-9855.050419314974,-13695.513469314908
2024-02-02T14:40:12.000000,-3840.4630499999294,-10062.207145991364,-13902.670195991299
2024-02-02T14:40:17.000000,-3840.4630499999294,-10320.659000000118,-14161.122050000053
2024-02-02T14:40:37.000000,-3840.4630499999294,-10343.357430851182,-14183.820480851116
2024-02-02T14:40:42.000000,-3840.4630499999294,-10366.055861702245,-14206.51891170218
2024-02-02T14:40:42.000000,-3840.4630499999294,-10322.358261702244,-14162.821311702179
2024-02-02T14:40:47.000000,-3840.4630499999294,-10474.100056824196,-14314.563106824131
2024-02-02T14:40:47.000000,-3840.4630499999294,-10496.79848767526,-14337.261537675195
2024-02-02T14:40:47.000000,-3840.4630499999294,-10453.100887675258,-14293.563937675193
2024-02-02T14:40:52.000000,-3840.4630499999294,-10612.843882797211,-14453.306932797146
2024-02-02T14:40:52.000000,-3840.4630499999294,-10626.540963648276,-14467.004013648211
2024-02-02T14:40:52.000000,-3840.4630499999294,-10582.843363648275,-14423.30641364821
2024-02-02T14:40:57.000000,-3840.4630499999294,-10750.587558770227,-14591.050608770161
2024-02-02T14:40:57.000000,-3840.4630499999294,-10737.28058962129,-14577.743639621225
2024-02-02T14:40:57.000000,-3840.4630499999294,-10693.582989621289,-14534.046039621224
2024-02-02T14:41:02.000000,-3840.4630499999294,-10861.32718474324,-14701.790234743175
2024-02-02T14:41:02.000000,-3840.4630499999294,-10856.369780487921,-14696.832830487856
2024-02-02T14:41:02.000000,-3840.4630499999294,-10815.40328048792,-14655.866330487856
2024-02-02T14:41:07.000000,-3840.4630499999294,-10983.147475609872,-14823.610525609807
2024-02-02T14:41:12.000000,-3840.4630499999294,-11004.115500000116,-14844.578550000051
2024-02-05T09:51:22.000000,-3803.2011815788806,-11004.115500000116,-14807.316681579003
2024-02-05T09:51:37.000000,-3885.5480583904755,-11004.115500000116,-14889.663558390597
2024-02-05T09:51:42.000000,-3989.88063520207,-11004.115500000116,-14993.996135202191
2024-02-05T09:51:47.000000,-4072.227512013665,-11004.115500000116,-15076.343012013785
2024-02-05T09:51:52.000000,-4154.57438882526,-11004.115500000116,-15158.68988882538
2024-02-05T09:51:57.000000,-4258.906965636855,-11004.115500000116,-15263.022465636974
2024-02-05T09:52:02.000000,-4363.239542448449,-11004.115500000116,-15367.355042448567
2024-02-05T09:52:07.000000,-4385.697781578884,-11004.115500000116,-15389.813281579003
2024-02-05T09:54:17.000000,-4392.333534968713,-11004.115500000116,-15396.449034968833
2024-02-05T09:54:22.000000,-4352.9991883585435,-11004.115500000116,-15357.114688358663
2024-02-05T09:54:27.000000,-4336.649891748373,-11004.115500000116,-15340.765391748493
2024-02-05T09:54:32.000000,-4343.285645138202,-11004.115500000116,-15347.401145138323
2024-02-05T09:54:37.000000,-4349.921398528031,-11004.115500000116,-15354.036898528153
2024-02-05T09:54:42.000000,-4347.788881578878,-11004.115500000116,-15351.904381579001
2024-02-05T09:56:47.000000,-4003.424665953876,-11004.115500000116,-15007.540165953998
2024-02-05T09:56:52.000000,-3659.0604503288732,-11004.115500000116,-14663.175950328996
2024-02-05T09:56:57.000000,-3296.707934703871,-11004.115500000116,-14300.823434703994
2024-02-05T09:57:02.000000,-2934.355419078869,-11004.115500000116,-13938.470919078993
2024-02-05T09:57:07.000000,-2598.985353453868,-11004.115500000116,-13603.100853453992
2024-02-05T09:57:12.000000,-2502.1855815788676,-11004.115500000116,-13506.301081578993
2024-02-05T10:02:17.000000,-2502.1855815788676,-10864.720380000115,-13366.905961578992
2024-02-05T10:02:22.000000,-2502.1855815788676,-10673.317460000115,-13175.503041578992
2024-02-05T10:02:27.000000,-2502.1855815788676,-10455.910640000115,-12958.096221578991
2024-02-05T10:02:32.000000,-2502.1855815788676,-10212.499920000113,-12714.68550157899
2024-02-05T10:02:37.000000,-2502.1855815788676,-9969.089200000111,-12471.274781578988
2024-02-05T10:04:52.000000,-2502.1855815788676,-9840.621643750106,-12342.807225328983
2024-02-05T10:04:57.000000,-2502.1855815788676,-9782.227300000104,-12284.41288157898
2024-02-05T10:06:02.000000,-2603.7800367070736,-9782.227300000104,-12386.007336707187
2024-02-05T10:06:37.000000,-2603.7800367070736,-9642.248570000103,-12246.028606707187
2024-02-05T10:06:42.000000,-2603.7800367070736,-9502.269840000103,-12106.049876707186
2024-02-05T10:06:47.000000,-2603.7800367070736,-9362.291110000102,-11966.071146707185
2024-02-05T10:06:52.000000,-2603.7800367070736,-9222.312380000101,-11826.092416707184
2024-02-05T10:06:57.000000,-2603.7800367070736,-9082.3336500001,-11686.113686707184
2024-02-05T10:08:12.000000,-2750.809130646468,-9082.3336500001,-11833.142780646578
2024-02-05T10:08:17.000000,-2871.855124585863,-9082.3336500001,-11954.188774585973
2024-02-05T10:08:22.000000,-2992.901118525258,-9082.3336500001,-12075.234768525368
2024-02-05T10:08:27.000000,-3113.947112464653,-9082.3336500001,-12196.280762464763
2024-02-05T10:08:32.000000,-3209.010006404046,-9082.3336500001,-12291.343656404157
2024-02-05T10:08:37.000000,-3216.3225367070763,-9082.3336500001,-12298.656186707187
2024-02-05T10:09:37.000000,-3035.278069725944,-9082.3336500001,-12117.611719726054
2024-02-05T10:09:37.000000,-3010.954424854153,-9082.3336500001,-12093.288074854263
2024-02-05T10:09:42.000000,-2829.9099578730206,-9082.3336500001,-11912.24360787313
2024-02-05T10:09:42.000000,-2784.5999630012298,-9082.3336500001,-11866.933613001338
2024-02-05T10:09:47.000000,-2603.5554960200975,-9082.3336500001,-11685.889146020207
2024-02-05T10:09:47.000000,-2558.2455011483066,-9082.3336500001,-11640.579151148415
2024-02-05T10:09:52.000000,-2377.2010341671744,-9082.3336500001,-11459.534684167284
2024-02-05T10:09:52.000000,-2352.877389295383,-9082.3336500001,-11435.211039295493
2024-02-05T10:09:57.000000,-2192.8192723142506,-9082.3336500001,-11275.15292231436
2024-02-05T10:09:57.000000,-2178.920046673227,-9082.3336500001,-11261.253696673337
2024-02-05T10:10:02.000000,-2171.298231578887,-9082.3336500001,-11253.631881578996
2024-02-05T10:10:17.000000,-2217.1118797931754,-9082.3336500001,-11299.445529793284
2024-02-05T10:10:22.000000,-2253.9313780074617,-9082.3336500001,-11336.26502800757
2024-02-05T10:10:27.000000,-2281.75672622175,-9082.3336500001,-11364.090376221859
2024-02-05T10:10:32.000000,-2288.845831578893,-9082.3336500001,-11371.179481579002
2024-02-05T10:13:47.000000,-2191.622963157842,-9082.3336500001,-11273.95661315795
2024-02-05T10:13:52.000000,-2104.3935947367927,-9082.3336500001,-11186.727244736901
2024-02-05T10:13:57.000000,-2017.1642263157435,-9082.3336500001,-11099.497876315852
2024-02-05T10:14:02.000000,-1949.9218578946936,-9082.3336500001,-11032.255507894803
2024-02-05T10:14:07.000000,-1882.6794894736438,-9082.3336500001,-10965.013139473753
2024-02-05T10:14:17.000000,-1911.8225632236426,-9082.3336500001,-10994.156213223752
2024-02-05T10:14:22.000000,-1933.970186973643,-9082.3336500001,-11016.303836973753
2024-02-05T10:14:27.000000,-1977.1041607236416,-9082.3336500001,-11059.437810723752
2024-02-05T10:14:32.000000,-1999.251784473642,-9082.3336500001,-11081.585434473753
2024-02-05T10:14:37.000000,-2000.4130582236414,-9082.3336500001,-11082.746708223753
2024-02-05T10:14:42.000000,-2008.569781973642,-9082.3336500001,-11090.903431973753
2024-02-05T10:14:47.000000,-2002.7356057236402,-9082.3336500001,-11085.06925572375
2024-02-05T10:14:47.000000,-1955.48023730259,-9082.3336500001,-11037.8138873027
2024-02-05T10:14:52.000000,-1949.6460610525883,-9082.3336500001,-11031.979711052698
2024-02-05T10:14:52.000000,-1912.3841926315397,-9082.3336500001,-10994.71784263165
2024-02-05T10:14:57.000000,-1913.5454663815392,-9082.3336500001,-10995.87911638165
2024-02-05T10:14:57.000000,-1876.2835979604906,-9082.3336500001,-10958.617247960601
2024-02-05T10:15:02.000000,-1870.4494217104889,-9082.3336500001,-10952.783071710599
2024-02-05T10:15:02.000000,-1861.8119874999643,-9082.3336500001,-10944.145637500074
2024-02-05T10:15:09.000000,-1883.9596112499646,-9082.3336500001,-10966.293261250075
2024-02-05T10:15:17.000000,-1911.4397499999643,-9082.3336500001,-10993.773400000075
2024-02-05T10:17:22.000000,-1818.1537321917451,-9082.3336500001,-10900.487382191855
2024-02-05T10:17:27.000000,-1752.8495143835255,-9082.3336500001,-10835.183164383636
2024-02-05T10:17:32.000000,-1687.5452965753059,-9082.3336500001,-10769.878946575416
2024-02-05T10:17:37.000000,-1636.2319787670883,-9082.3336500001,-10718.565628767199
2024-02-05T10:17:42.000000,-1584.9186609588708,-9082.3336500001,-10667.252310958982
2024-02-05T10:17:47.000000,-1576.9209999999669,-9082.3336500001,-10659.254650000079
2024-02-05T10:19:17.000000,-1620.0619999999662,-9082.3336500001,-10702.395650000079
2024-02-05T10:19:32.000000,-1618.4570685713945,-9082.3336500001,-10700.790718571507
2024-02-05T10:19:37.000000,-1621.6628397296954,-9082.3336500001,-10703.996489729807
2024-02-05T10:20:17.000000,-1697.8158997296969,-9082.3336500001,-10780.149549729807
2024-02-05T10:20:22.000000,-1773.9689597296983,-9082.3336500001,-10856.302609729808
2024-02-05T10:20:27.000000,-1850.1220197296998,-9082.3336500001,-10932.455669729809
2024-02-05T10:20:32.000000,-1902.2906797296973,-9082.3336500001,-10984.624329729806
2024-02-05T10:20:37.000000,-1954.4593397296949,-9082.3336500001,-11036.792989729804
2024-02-05T10:20:42.000000,-2006.6279997296924,-9082.3336500001,-11088.961649729801
2024-02-05T10:20:47.000000,-2082.781059729694,-9082.3336500001,-11165.114709729802
2024-02-05T10:20:52.000000,-2120.8575897296946,-9082.3336500001,-11203.191239729802
2024-02-05T10:22:27.000000,-1668.512189729693,-9082.3336500001,-10750.8458397298
2024-02-05T10:22:27.000000,-1697.2821897296938,-9082.3336500001,-10779.6158397298
2024-02-05T10:22:32.000000,-1561.5059897296937,-9082.3336500001,-10643.8396397298
2024-02-05T10:23:07.000000,-1466.5134897296907,-9082.3336500001,-10548.847139729798
2024-02-05T10:23:12.000000,-1341.54048972969,-9082.3336500001,-10423.874139729798
2024-02-05T10:23:17.000000,-1196.5804897296864,-9082.3336500001,-10278.914139729794
2024-02-05T10:23:22.000000,-1031.633489729683,-9082.3336500001,-10113.96713972979
2024-02-05T10:23:27.000000,-856.6929897296818,-9082.3336500001,-9939.02663972979
2024-02-05T10:23:33.000000,-813.2049897296807,-9082.3336500001,-9895.538639729788
2024-02-05T10:23:42.000000,-879.1420999999493,-9082.3336500001,-9961.475750000056
2024-02-05T10:23:57.000000,-879.1420999999493,-9105.008782948078,-9984.150882948034
2024-02-05T10:23:57.000000,-632.9126064515613,-9105.008782948078,-9737.921389399646
2024-02-05T10:24:02.000000,-632.9126064515613,-9150.359048844035,-9783.271655295603
2024-02-05T10:24:02.000000,-400.6740129031754,-9150.359048844035,-9551.033061747217
2024-02-05T10:24:07.000000,-168.4354193547896,-9150.359048844035,-9318.794468198832
2024-02-05T10:24:12.000000,28.82592419359824,-9150.359048844035,-9121.533124650445
2024-02-05T10:24:17.000000,107.37040000004923,-9150.359048844035,-9042.988648843993
2024-02-05T10:24:17.000000,522.4285750000506,-9150.359048844035,-8627.930473843991
2024-02-05T10:24:22.000000,522.4285750000506,-9123.026681792013,-8600.59810679197
2024-02-05T10:24:22.000000,930.4913000000508,-9123.026681792013,-8192.53538179197
2024-02-05T10:24:22.000000,919.2194961538959,-9123.026681792013,-8203.807185638125
2024-02-05T10:24:27.000000,1090.5483461538938,-9123.026681792013,-8032.478335638127
2024-02-05T10:24:27.000000,1477.6247211538957,-9123.026681792013,-7645.401960638124
2024-02-05T10:24:27.000000,1466.3529173077407,-9123.026681792013,-7656.67376448428
2024-02-05T10:24:32.000000,1615.6960673077392,-9123.026681792013,-7507.330614484281
2024-02-05T10:24:32.000000,1671.9920423077392,-9123.026681792013,-7451.034639484281
2024-02-05T10:24:32.000000,1660.7202384615841,-9123.026681792013,-7462.306443330436
2024-02-05T10:24:37.000000,1799.0705384615808,-9123.026681792013,-7323.95614333044
2024-02-05T10:24:37.000000,1791.0192500000414,-9123.026681792013,-7332.007431791979
2024-02-05T10:24:42.000000,1918.3767000000403,-9123.026681792013,-7204.64998179198
2024-02-05T10:24:47.000000,2034.7413000000374,-9123.026681792013,-7088.285381791983
2024-02-05T10:24:52.000000,2151.1059000000346,-9123.026681792013,-6971.920781791986
2024-02-05T10:24:52.000000,2151.1059000000346,-9138.546681792013,-6987.440781791986
2024-02-05T10:24:57.000000,2278.4633500000336,-9138.546681792013,-6860.083331791988
2024-02-05T10:24:57.000000,2278.4633500000336,-9162.067881792014,-6883.604531791989
2024-02-05T10:25:02.000000,2336.353100000033,-9162.067881792014,-6825.7147817919895
2024-02-05T10:25:02.000000,2336.353100000033,-9193.590281792014,-6857.237181791989
2024-02-05T10:25:07.000000,2336.353100000033,-9217.232081792014,-6880.878981791989
2024-02-05T10:26:02.000000,2343.385717647092,-9217.232081792014,-6873.84636414493
2024-02-05T10:26:07.000000,2343.385717647092,-9207.461231191752,-6864.075513544669
2024-02-05T10:26:07.000000,2376.4014352941504,-9207.461231191752,-6831.0597958976105
2024-02-05T10:26:12.000000,2383.4340529412093,-9207.461231191752,-6824.0271782505515
2024-02-05T10:26:17.000000,2392.322900000033,-9207.461231191752,-6815.138331191728
2024-02-05T10:26:32.000000,2392.322900000033,-9237.69638059149,-6845.3734805914655
2024-02-05T10:26:47.000000,2392.322900000033,-9316.011020591488,-6923.688120591465
2024-02-05T10:26:52.000000,2392.322900000033,-9394.325660591487,-7002.002760591465
2024-02-05T10:26:57.000000,2392.322900000033,-9472.640300591485,-7080.317400591464
2024-02-05T10:26:57.000000,2392.322900000033,-9525.66898037872,-7133.346080378698
2024-02-05T10:27:02.000000,2392.322900000033,-9603.983620378718,-7211.660720378698
2024-02-05T10:27:07.000000,2392.322900000033,-9682.298260378717,-7289.975360378698
2024-02-05T10:27:37.000000,2392.322900000033,-9654.799960378718,-7262.477060378698
2024-02-05T10:27:57.000000,2392.322900000033,-9694.931714224871,-7302.608814224853
2024-02-05T10:28:02.000000,2392.322900000033,-9735.063468071025,-7342.740568071007
2024-02-05T10:28:11.000000,2392.322900000033,-9796.19837191718,-7403.875471917162
2024-02-05T10:28:17.000000,2392.322900000033,-9864.334325763337,-7472.011425763319
2024-02-05T10:28:22.000000,2392.322900000033,-9812.874921299048,-7420.552021299029
2024-02-05T10:28:22.000000,2392.322900000033,-9874.009825145204,-7481.6869251451835
2024-02-05T10:28:27.000000,2392.322900000033,-9822.550420680915,-7430.227520680894
2024-02-05T10:28:27.000000,2392.322900000033,-9707.27527755064,-7314.952377550618
2024-02-05T10:28:27.000000,2392.322900000033,-9742.209508319871,-7349.886608319849
2024-02-05T10:28:32.000000,2392.322900000033,-9668.746803855582,-7276.42390385556
2024-02-05T10:28:32.000000,2392.322900000033,-9532.468510725306,-7140.145610725284
2024-02-05T10:28:37.000000,2392.322900000033,-9481.009106261017,-7088.686206260994
2024-02-05T10:28:37.000000,2392.322900000033,-9413.71327356871,-7021.390373568687
2024-02-05T10:28:37.000000,2392.322900000033,-9277.434980438435,-6885.112080438412
2024-02-05T10:28:42.000000,2392.322900000033,-9225.975575974146,-6833.652675974122
2024-02-05T10:28:42.000000,2392.322900000033,-9158.679743281838,-6766.356843281815
2024-02-05T10:28:42.000000,2392.322900000033,-9022.401450151563,-6630.078550151539
2024-02-05T10:28:47.000000,2392.322900000033,-9016.723172472992,-6624.400272472968
2024-02-05T10:28:47.000000,2392.322900000033,-8949.427339780685,-6557.104439780661
2024-02-05T10:28:47.000000,2392.322900000033,-8845.130781710435,-6452.8078817104115
2024-02-05T10:28:52.000000,2392.322900000033,-8756.831799018128,-6364.508899018105
2024-02-05T10:28:57.000000,2392.322900000033,-8652.73452978736,-6260.411629787337
2024-02-05T10:29:07.000000,2392.322900000033,-8740.789189361827,-6348.466289361805
2024-02-05T10:29:12.000000,2392.322900000033,-8828.843848936294,-6436.520948936273
2024-02-05T10:29:17.000000,2392.322900000033,-8818.99496831614,-6426.672068316119
2024-02-05T10:29:17.000000,2392.322900000033,-8907.049627890607,-6514.726727890587
2024-02-05T10:29:22.000000,2392.322900000033,-8897.200747270452,-6504.877847270433
2024-02-05T10:29:22.000000,2392.322900000033,-8931.24730684492,-6538.9244068449025
2024-02-05T10:29:27.000000,2392.322900000033,-8921.398426224765,-6529.0755262247485
2024-02-05T10:29:27.000000,2392.322900000033,-8984.99345813966,-6592.670558139642
2024-02-05T10:29:32.000000,2392.322900000033,-8949.140677519505,-6556.817777519488
2024-02-05T10:29:37.000000,2392.322900000033,-8914.666850000125,-6522.3439500001095
2024-02-05T10:30:22.000000,2392.322900000033,-8787.659450000127,-6395.33655000011
2024-02-05T10:30:27.000000,2392.322900000033,-8636.64845000013,-6244.325550000112
2024-02-05T10:30:32.000000,2392.322900000033,-8517.642250000132,-6125.319350000114
2024-02-05T10:30:37.000000,2392.322900000033,-8454.644450000134,-6062.321550000117
2024-02-05T10:30:42.000000,2392.322900000033,-8391.646650000137,-5999.32375000012
2024-02-05T10:31:52.000000,2392.322900000033,-8488.353655405543,-6096.030755405525
2024-02-05T10:31:57.000000,2392.322900000033,-8571.058560810949,-6178.735660810931
2024-02-05T10:32:02.000000,2392.322900000033,-8667.765566216354,-6275.442666216337
2024-02-05T10:32:07.000000,2392.322900000033,-8764.47257162176,-6372.1496716217425
2024-02-05T10:32:12.000000,2392.322900000033,-8847.177477027166,-6454.8545770271485
2024-02-05T10:32:17.000000,2392.322900000033,-8755.460082796397,-6363.137182796379
2024-02-05T10:32:17.000000,2392.322900000033,-8779.09005576937,-6386.767155769353
2024-02-05T10:32:22.000000,2392.322900000033,-8667.369661538602,-6275.046761538585
2024-02-05T10:32:27.000000,2392.322900000033,-8535.646267307833,-6143.3233673078175
2024-02-05T10:32:32.000000,2392.322900000033,-8403.922873077065,-6011.59997307705
2024-02-05T10:32:32.000000,2392.322900000033,-8383.131473077065,-5990.80857307705
2024-02-05T10:32:37.000000,2392.322900000033,-8231.405078846297,-5839.082178846283
2024-02-05T10:32:42.000000,2392.322900000033,-8203.060100000144,-5810.737200000129
2024-02-05T10:33:37.000000,2392.322900000033,-8048.588200000146,-5656.26530000013
2024-02-05T10:33:42.000000,2392.322900000033,-7886.115100000148,-5493.792200000133
2024-02-05T10:33:47.000000,2392.322900000033,-7715.640800000149,-5323.317900000134
2024-02-05T10:33:52.000000,2392.322900000033,-7545.16650000015,-5152.843600000135
2024-02-05T10:33:57.000000,2392.322900000033,-7366.6910000001535,-4974.368100000138
2024-02-05T10:34:42.000000,2332.025010000032,-7366.6910000001535,-5034.665990000139
2024-02-05T10:34:47.000000,2257.7362200000316,-7366.6910000001535,-5108.954780000139
2024-02-05T10:34:52.000000,2211.4292300000307,-7366.6910000001535,-5155.26177000014
2024-02-05T10:34:57.000000,2151.13134000003,-7366.6910000001535,-5215.559660000141
2024-02-05T10:35:02.000000,2090.833450000029,-7366.6910000001535,-5275.857550000142
2024-02-05T10:36:12.000000,2090.833450000029,-7398.3016000001535,-5307.468150000142
2024-02-05T10:36:57.000000,2090.833450000029,-7403.506552000152,-5312.67310200014
2024-02-05T10:37:02.000000,2090.833450000029,-7408.71150400015,-5317.878054000138
2024-02-05T10:37:07.000000,2090.833450000029,-7413.916456000148,-5323.083006000136
2024-02-05T10:37:12.000000,2090.833450000029,-7437.124108000149,-5346.290658000137
2024-02-05T10:37:17.000000,2090.833450000029,-7460.33176000015,-5369.498310000138
2024-02-05T10:37:22.000000,2090.833450000029,-7473.22490000015,-5382.391450000138
2024-02-05T10:37:27.000000,2090.833450000029,-7340.185167777933,-5249.351717777921
2024-02-05T10:37:32.000000,2090.833450000029,-7207.145435555716,-5116.311985555704
2024-02-05T10:37:37.000000,2090.833450000029,-7085.1073533335,-4994.273903333488
2024-02-05T10:37:42.000000,2090.833450000029,-6963.069271111284,-4872.235821111272
2024-02-05T10:37:47.000000,2090.833450000029,-6950.974750000174,-4860.141300000162
2024-02-05T10:40:27.000000,2045.4349136170513,-6950.974750000174,-4905.53983638314
2024-02-05T10:41:17.000000,2045.4349136170513,-6904.906487500175,-4859.471573883141
2024-02-05T10:41:22.000000,2045.4349136170513,-6900.276250000175,-4854.841336383141
2024-02-05T10:41:27.000000,2146.7757272534136,-6900.276250000175,-4753.500522746779
2024-02-05T10:41:32.000000,2110.1108623885507,-6900.276250000175,-4790.165387611642
2024-02-05T10:41:32.000000,2211.451676024913,-6900.276250000175,-4688.824573975279
2024-02-05T10:41:37.000000,2154.7998111600505,-6900.276250000175,-4745.476438840142
2024-02-05T10:41:37.000000,2256.140624796413,-6900.276250000175,-4644.1356252037795
2024-02-05T10:41:42.000000,2199.4887599315502,-6900.276250000175,-4700.787490068642
2024-02-05T10:41:42.000000,2307.8250235679134,-6900.276250000175,-4592.451226432278
2024-02-05T10:41:47.000000,2268.16871816251,-6900.276250000175,-4632.1075318376825
2024-02-05T10:41:47.000000,2345.551763617055,-6900.276250000175,-4554.724486383137
2024-02-05T10:42:22.000000,2345.551763617055,-6872.521011215125,-4526.969247598087
2024-02-05T10:42:27.000000,2345.551763617055,-6844.765772430075,-4499.214008813037
2024-02-05T10:42:32.000000,2345.551763617055,-6817.010533645025,-4471.458770027987
2024-02-05T10:42:37.000000,2345.551763617055,-6789.255294859975,-4443.703531242937
2024-02-05T10:42:42.000000,2345.551763617055,-6740.496906074925,-4394.945142457887
2024-02-05T10:42:42.000000,2202.788490851098,-6740.496906074925,-4537.708415223844
2024-02-05T10:42:47.000000,2202.788490851098,-6737.853550000159,-4535.065059149078
2024-02-05T10:42:47.000000,2060.0252180851408,-6737.853550000159,-4677.828331915034
2024-02-05T10:42:52.000000,1917.261945319184,-6737.853550000159,-4820.591604680991
2024-02-05T10:42:57.000000,1774.4986725532272,-6737.853550000159,-4963.354877446947
2024-02-05T10:43:02.000000,1605.7522997872709,-6737.853550000159,-5132.101250212903
2024-02-05T10:43:07.000000,1437.0059270213146,-6737.853550000159,-5300.847622978859
2024-02-05T10:43:12.000000,1242.2764542553589,-6737.853550000159,-5495.577095744815
2024-02-05T10:43:17.000000,1047.5469814894032,-6737.853550000159,-5690.30656851077
2024-02-05T10:43:22.000000,928.7017500000427,-6737.853550000159,-5809.151800000131
2024-02-05T10:46:22.000000,752.6913350746702,-6737.853550000159,-5985.162214925504
2024-02-05T10:46:27.000000,576.6809201492977,-6737.853550000159,-6161.172629850877
2024-02-05T10:46:32.000000,400.6705052239251,-6737.853550000159,-6337.1830447762495
2024-02-05T10:46:37.000000,224.66009029855252,-6737.853550000159,-6513.1934597016225
2024-02-05T10:46:42.000000,48.649675373179946,-6737.853550000159,-6689.2038746269955
2024-02-05T10:46:47.000000,21.571150000045705,-6737.853550000159,-6716.28240000013
2024-02-05T10:47:57.000000,21.571150000045705,-6767.635450000159,-6746.06430000013
2024-02-05T10:50:27.000000,-129.50243549613725,-6767.635450000159,-6897.137885496313
2024-02-05T10:50:32.000000,-306.55912099231966,-6767.635450000159,-7074.194570992496
2024-02-05T10:50:37.000000,-509.59890648850387,-6767.635450000159,-7277.23435648868
2024-02-05T10:50:42.000000,-738.6217919846875,-6767.635450000159,-7506.257241984863
2024-02-05T10:50:47.000000,-967.6446774808712,-6767.635450000159,-7735.280127481046
2024-02-05T10:50:52.000000,-977.4525999999552,-6767.635450000159,-7745.08805000013
2024-02-05T10:51:12.000000,-1017.2763499999546,-6767.635450000159,-7784.91180000013
2024-02-05T10:51:22.000000,-1124.415132608647,-6767.635450000159,-7892.050582608822
2024-02-05T10:51:27.000000,-1173.1095999999495,-6767.635450000159,-7940.745050000124
2024-02-05T10:51:37.000000,-1198.5320437499486,-6767.635450000159,-7966.167493750123
2024-02-05T10:51:42.000000,-1210.0876999999482,-6767.635450000159,-7977.723150000123
2024-02-05T10:51:47.000000,-1243.7563999999488,-6767.635450000159,-8011.391850000123
2024-02-05T10:52:02.000000,-1286.8273999999492,-6767.635450000159,-8054.462850000123
2024-02-05T10:52:32.000000,-1284.3831580644649,-6767.635450000159,-8052.018608064638
2024-02-05T10:55:32.000000,-1103.0673229293309,-6767.635450000159,-7870.702772929504
2024-02-05T10:55:37.000000,-907.7605877941972,-6767.635450000159,-7675.39603779437
2024-02-05T10:55:37.000000,-907.7605877941972,-6802.782894444603,-7710.543482238814
2024-02-05T10:55:42.000000,-705.4584026590626,-6802.782894444603,-7508.241297103679
2024-02-05T10:55:42.000000,-705.4584026590626,-6837.930338889047,-7543.388741548123
2024-02-05T10:55:47.000000,-496.1607675239268,-6837.930338889047,-7334.091106412987
2024-02-05T10:55:47.000000,-496.1607675239268,-6873.0777833334905,-7369.238550857431
2024-02-05T10:55:52.000000,-265.87678238879266,-6873.0777833334905,-7138.954565722297
2024-02-05T10:55:52.000000,-265.87678238879266,-6908.225227777934,-7174.102010166741
2024-02-05T10:55:57.000000,-200.08135806446865,-6908.225227777934,-7108.306585842417
2024-02-05T10:55:57.000000,-200.08135806446865,-6941.615300000156,-7141.6966580646385
2024-02-05T10:56:17.000000,-40.80412580640268,-6941.615300000156,-6982.419425806573
2024-02-05T10:56:22.000000,129.46595645166107,-6941.615300000156,-6812.149343548509
2024-02-05T10:56:27.000000,288.74318870972706,-6941.615300000156,-6652.872111290443
2024-02-05T10:56:32.000000,426.03472096779353,-6941.615300000156,-6515.580579032377
2024-02-05T10:56:32.000000,522.5382238524095,-6941.615300000156,-6419.077076147761
2024-02-05T10:56:37.000000,681.8154561104755,-6941.615300000156,-6259.799843889695
2024-02-05T10:56:37.000000,797.306608995091,-6941.615300000156,-6144.30869100508
2024-02-05T10:56:42.000000,956.583841253157,-6941.615300000156,-5985.031458747014
2024-02-05T10:56:42.000000,1041.6825854839262,-6941.615300000156,-5899.932714516244
2024-02-05T10:56:47.000000,1211.95266774199,-6941.615300000156,-5729.662632258181
2024-02-05T10:56:52.000000,1382.2227500000536,-6941.615300000156,-5559.392550000117
2024-02-05T10:56:57.000000,1541.4999822581194,-6941.615300000156,-5400.115317742051
2024-02-05T10:57:02.000000,1711.770064516183,-6941.615300000156,-5229.845235483987
2024-02-05T10:57:07.000000,1851.0819500000534,-6941.615300000156,-5090.533350000117
2024-02-05T10:57:42.000000,1885.8697500000535,-6941.615300000156,-5055.745550000117
2024-02-05T10:58:27.000000,1885.8697500000535,-6970.603000000153,-5084.733250000114
2024-02-05T10:58:32.000000,1885.8697500000535,-7110.010062280853,-5224.140312280814
2024-02-05T10:58:32.000000,1885.8697500000535,-7138.99776228085,-5253.128012280811
2024-02-05T10:58:37.000000,1885.8697500000535,-7267.403174561552,-5381.533424561513
2024-02-05T10:58:37.000000,1885.8697500000535,-7296.390874561549,-5410.52112456151
2024-02-05T10:58:42.000000,1885.8697500000535,-7435.797936842249,-5549.92818684221
2024-02-05T10:58:42.000000,1885.8697500000535,-7464.785636842246,-5578.915886842207
2024-02-05T10:58:47.000000,1885.8697500000535,-7604.192699122947,-5718.322949122908
2024-02-05T10:58:47.000000,1885.8697500000535,-7624.898199122945,-5739.028449122906
2024-02-05T10:58:52.000000,1885.8697500000535,-7764.305261403645,-5878.435511403606
2024-02-05T10:58:57.000000,1885.8697500000535,-7789.652000000136,-5903.782250000097
2024-02-05T11:01:07.000000,1885.8697500000535,-7753.000520000136,-5867.130770000097
2024-02-05T11:01:12.000000,1885.8697500000535,-7728.3508400001365,-5842.4810900000975
2024-02-05T11:01:17.000000,1885.8697500000535,-7703.701160000137,-5817.831410000098
2024-02-05T11:01:22.000000,1885.8697500000535,-7679.051480000137,-5793.1817300000985
2024-02-05T11:01:27.000000,1885.8697500000535,-7924.516525327241,-6038.646775327202
2024-02-05T11:01:27.000000,1885.8697500000535,-8016.849073105016,-6130.979323104977
2024-02-05T11:01:27.000000,1885.8697500000535,-7988.467993105017,-6102.598243104978
2024-02-05T11:01:32.000000,1885.8697500000535,-8254.936188432119,-6369.066438432081
2024-02-05T11:01:32.000000,1885.8697500000535,-8347.268736209895,-6461.398986209856
2024-02-05T11:01:37.000000,1885.8697500000535,-8613.736931536998,-6727.867181536959
2024-02-05T11:01:37.000000,1885.8697500000535,-8706.069479314774,-6820.199729314734
2024-02-05T11:01:42.000000,1885.8697500000535,-8951.534524641876,-7065.6647746418375
2024-02-05T11:01:42.000000,1885.8697500000535,-9043.867072419653,-7157.997322419613
2024-02-05T11:01:47.000000,1885.8697500000535,-9310.335267746756,-7424.465517746716
2024-02-05T11:01:47.000000,1885.8697500000535,-9378.369776635644,-7492.500026635603
2024-02-05T11:01:52.000000,1885.8697500000535,-9401.74740000013,-7515.877650000089
2024-02-05T11:04:32.000000,1885.8697500000535,-9433.99719702983,-7548.1274470297885
2024-02-05T11:04:47.000000,1885.8697500000535,-9766.134026260599,-7880.264276260557
2024-02-05T11:04:52.000000,1885.8697500000535,-10084.268755491368,-8198.399005491327
2024-02-05T11:04:57.000000,1885.8697500000535,-10416.405584722137,-8530.535834722095
2024-02-05T11:04:57.000000,1885.8697500000535,-10599.800530266686,-8713.930780266644
2024-02-05T11:05:02.000000,1885.8697500000535,-10931.937359497455,-9046.067609497413
2024-02-05T11:05:07.000000,1885.8697500000535,-11257.073138728225,-9371.203388728183
2024-02-05T11:05:12.000000,1885.8697500000535,-11561.205767958994,-9675.336017958953
2024-02-05T11:05:17.000000,1885.8697500000535,-11914.345747189764,-10028.475997189722
2024-02-05T11:05:22.000000,1885.8697500000535,-12274.486776420536,-10388.617026420494
2024-02-05T11:05:22.000000,1879.5219500000535,-12274.486776420536,-10394.964826420493
2024-02-05T11:05:27.000000,1879.5219500000535,-12648.629905651307,-10769.107955651265
2024-02-05T11:05:33.000000,1879.5219500000535,-12761.528842574384,-10882.006892574342
2024-02-05T11:05:47.000000,1879.5219500000535,-12813.781639604083,-10934.259689604041
2024-02-05T11:06:22.000000,1879.5219500000535,-12868.743239604084,-10989.221289604042
2024-02-05T11:06:22.000000,1879.5219500000535,-13011.009536633783,-11131.48758663374
2024-02-05T11:07:17.000000,1879.5219500000535,-13472.409869967118,-11592.887919967076
2024-02-05T11:07:22.000000,1879.5219500000535,-13923.808703300452,-12044.28675330041
2024-02-05T11:07:27.000000,1879.5219500000535,-14365.206036633788,-12485.684086633746
2024-02-05T11:07:32.000000,1879.5219500000535,-14431.338435148638,-12551.816485148596
2024-02-05T11:08:02.000000,1879.5219500000535,-14502.471583663488,-12622.949633663446
2024-02-05T11:08:22.000000,1879.5219500000535,-14573.604732178337,-12694.082782178295
2024-02-05T11:09:17.000000,1879.5219500000535,-14695.868029208037,-12816.346079207995
2024-02-05T11:09:22.000000,1879.5219500000535,-14808.129826237739,-12928.607876237696
2024-02-05T11:09:27.000000,1879.5219500000535,-14920.39162326744,-13040.869673267398
2024-02-05T11:09:32.000000,1879.5219500000535,-14881.901220041635,-13002.379270041592
2024-02-05T11:09:32.000000,1879.5219500000535,-14994.163017071336,-13114.641067071294
2024-02-05T11:09:37.000000,1879.5219500000535,-14955.67261384553,-13076.150663845488
2024-02-05T11:09:37.000000,1879.5219500000535,-14963.8983435485,-13084.376393548459
2024-02-05T11:09:42.000000,1879.5219500000535,-14950.411690322693,-13070.889740322651
2024-02-05T11:09:47.000000,1879.5219500000535,-15045.070550144123,-13165.54860014408
2024-02-05T11:09:47.000000,1879.5219500000535,-15056.587646918317,-13177.065696918275
2024-02-05T11:09:52.000000,1879.5219500000535,-15162.248156739744,-13282.726206739702
2024-02-05T11:09:52.000000,1879.5219500000535,-15173.765253513939,-13294.243303513897
2024-02-05T11:09:57.000000,1879.5219500000535,-15290.427413335368,-13410.905463335326
2024-02-05T11:09:57.000000,1879.5219500000535,-15301.944510109563,-13422.42256010952
2024-02-05T11:10:02.000000,1879.5219500000535,-15418.606669930992,-13539.08471993095
2024-02-05T11:10:02.000000,1879.5219500000535,-15455.127516705186,-13575.605566705144
2024-02-05T11:10:07.000000,1879.5219500000535,-15560.788026526614,-13681.266076526572
2024-02-05T11:10:07.000000,1879.5219500000535,-15597.308873300808,-13717.786923300766
2024-02-05T11:10:12.000000,1879.5219500000535,-15608.914674193666,-13729.392724193624
2024-02-05T11:10:12.000000,1879.5219500000535,-15620.43177096786,-13740.909820967818
2024-02-05T11:10:17.000000,1879.5219500000535,-15631.948867742054,-13752.426917742012
2024-02-05T11:10:22.000000,1879.5219500000535,-15643.465964516248,-13763.944014516206
2024-02-05T11:10:27.000000,1879.5219500000535,-15579.971811290443,-13700.4498612904
2024-02-05T11:10:32.000000,1879.5219500000535,-15516.477658064638,-13636.955708064595
2024-02-05T11:10:37.000000,1879.5219500000535,-15475.841400000121,-13596.319450000079
2024-02-05T11:10:57.000000,1879.5219500000535,-15476.690843877672,-13597.16889387763
2024-02-05T11:10:57.000000,1879.5219500000535,-15357.024719839212,-13477.50276983917
2024-02-05T11:11:02.000000,1879.5219500000535,-15357.874163716762,-13478.35221371672
2024-02-05T11:11:02.000000,1879.5219500000535,-15224.2059396783,-13344.683989678259
2024-02-05T11:11:07.000000,1879.5219500000535,-15234.05673355585,-13354.534783555808
2024-02-05T11:11:07.000000,1879.5219500000535,-15093.38745951739,-13213.865509517347
2024-02-05T11:11:12.000000,1879.5219500000535,-14945.717135478928,-13066.195185478886
2024-02-05T11:11:13.000000,1879.5219500000535,-14937.565229356478,-13058.043279356436
2024-02-05T11:11:17.000000,1879.5219500000535,-14796.895955318018,-12917.374005317975
2024-02-05T11:11:17.000000,1879.5219500000535,-14750.999735318019,-12871.477785317977
2024-02-05T11:11:22.000000,1879.5219500000535,-14760.850529195568,-12881.328579195526
2024-02-05T11:11:22.000000,1879.5219500000535,-14641.184405157108,-12761.662455157066
2024-02-05T11:11:22.000000,1879.5219500000535,-14595.28818515711,-12715.766235157067
2024-02-05T11:11:27.000000,1879.5219500000535,-14599.666315769353,-12720.14436576931
2024-02-05T11:11:27.000000,1879.5219500000535,-14508.004391730892,-12628.48244173085
2024-02-05T11:11:27.000000,1879.5219500000535,-14635.962489976508,-12756.440539976466
2024-02-05T11:11:27.000000,1879.5219500000535,-14613.014379976508,-12733.492429976466
2024-02-05T11:11:27.000000,1879.5219500000535,-14591.765278483972,-12712.24332848393
2024-02-05T11:11:32.000000,1879.5219500000535,-14507.10440444551,-12627.582454445468
2024-02-05T11:11:32.000000,1879.5219500000535,-14646.064152691122,-12766.54220269108
2024-02-05T11:11:32.000000,1879.5219500000535,-14611.813101198584,-12732.291151198542
2024-02-05T11:11:37.000000,1879.5219500000535,-14534.153277160123,-12654.631327160081
2024-02-05T11:11:37.000000,1879.5219500000535,-14673.113025405735,-12793.591075405693
2024-02-05T11:11:37.000000,1879.5219500000535,-14638.861973913197,-12759.340023913155
2024-02-05T11:11:42.000000,1879.5219500000535,-14561.202149874736,-12681.680199874694
2024-02-05T11:11:42.000000,1879.5219500000535,-14711.16354812035,-12831.641598120308
2024-02-05T11:11:42.000000,1879.5219500000535,-14676.912496627812,-12797.39054662777
2024-02-05T11:11:47.000000,1879.5219500000535,-14571.248472589352,-12691.72652258931
2024-02-05T11:11:47.000000,1879.5219500000535,-14688.204920834965,-12808.682970834923
2024-02-05T11:11:47.000000,1879.5219500000535,-14653.953869342427,-12774.431919342385
2024-02-05T11:11:52.000000,1879.5219500000535,-14562.291945303967,-12682.769995303925
2024-02-05T11:11:52.000000,1879.5219500000535,-14583.556754075897,-12704.034804075854
2024-02-05T11:11:52.000000,1879.5219500000535,-14578.287361538583,-12698.765411538541
2024-02-05T11:11:57.000000,1879.5219500000535,-14486.625437500123,-12607.10348750008
2024-02-05T11:12:02.000000,1879.5219500000535,-14408.965613461662,-12529.44366346162
2024-02-05T11:12:07.000000,1879.5219500000535,-14348.400950000125,-12468.879000000083
2024-02-05T11:12:57.000000,1879.5219500000535,-14291.050800000125,-12411.528850000082
2024-02-05T11:13:12.000000,1879.5219500000535,-14118.187696875126,-12238.665746875084
2024-02-05T11:13:17.000000,1879.5219500000535,-13945.324593750127,-12065.802643750085
2024-02-05T11:13:22.000000,1879.5219500000535,-13772.461490625128,-11892.939540625086
2024-02-05T11:13:27.000000,1879.5219500000535,-13590.597037500127,-11711.075087500085
2024-02-05T11:13:32.000000,1879.5219500000535,-13399.73123437513,-11520.209284375087
2024-02-05T11:13:37.000000,1879.5219500000535,-13336.10930000013,-11456.587350000087
2024-02-05T11:13:37.000000,1879.5219500000535,-13267.569097663682,-11388.04714766364
2024-02-05T11:13:42.000000,1879.5219500000535,-13199.028895327234,-11319.506945327192
2024-02-05T11:13:47.000000,1879.5219500000535,-13109.485542990786,-11229.963592990744
2024-02-05T11:13:52.000000,1879.5219500000535,-13040.945340654338,-11161.423390654296
2024-02-05T11:13:57.000000,1879.5219500000535,-12972.40513831789,-11092.883188317848
2024-02-05T11:14:02.000000,1879.5219500000535,-12965.877500000133,-11086.355550000091
2024-02-05T11:17:52.000000,1879.5219500000535,-12921.788500000132,-11042.26655000009
2024-02-05T11:17:57.000000,1879.5219500000535,-12877.69950000013,-10998.177550000088
2024-02-05T11:18:02.000000,1879.5219500000535,-12937.063232738228,-11057.541282738186
2024-02-05T11:18:02.000000,1879.5219500000535,-12892.974232738226,-11013.452282738184
2024-02-05T11:18:07.000000,1879.5219500000535,-12974.341265476323,-11094.819315476281
2024-02-05T11:18:07.000000,1879.5219500000535,-12939.070065476322,-11059.54811547628
2024-02-05T11:18:12.000000,1879.5219500000535,-13031.438748214421,-11151.916798214379
2024-02-05T11:18:17.000000,1879.5219500000535,-13123.80743095252,-11244.285480952478
2024-02-05T11:18:22.000000,1879.5219500000535,-13227.177763690617,-11347.655813690575
2024-02-05T11:18:27.000000,1879.5219500000535,-13330.548096428714,-11451.026146428672
2024-02-05T11:18:32.000000,1879.5219500000535,-13444.920079166814,-11565.398129166771
2024-02-05T11:18:37.000000,1879.5219500000535,-13517.70225000015,-11638.180300000107
2024-02-05T11:19:02.000000,1879.5219500000535,-13611.149410000151,-11731.627460000109
2024-02-05T11:19:07.000000,1879.5219500000535,-13728.600170000156,-11849.078220000114
2024-02-05T11:19:12.000000,1879.5219500000535,-13798.043730000158,-11918.521780000116
2024-02-05T11:19:17.000000,1879.5219500000535,-13867.48729000016,-11987.965340000117
2024-02-05T11:19:22.000000,1879.5219500000535,-13936.93085000016,-12057.408900000119
2024-02-05T11:19:37.000000,2066.8627263889434,-13936.93085000016,-11870.068123611229
2024-02-05T11:19:42.000000,2254.2035027778334,-13936.93085000016,-11682.727347222339
2024-02-05T11:19:47.000000,2455.535179166723,-13936.93085000016,-11481.395670833448
2024-02-05T11:19:52.000000,2677.853205555611,-13936.93085000016,-11259.07764444456
2024-02-05T11:19:57.000000,2900.171231944499,-13936.93085000016,-11036.759618055672
2024-02-05T11:20:02.000000,2932.9303000000546,-13936.93085000016,-11004.000550000117
2024-02-05T11:24:27.000000,2932.9303000000546,-13972.15235000016,-11039.222050000117
2024-02-05T11:24:32.000000,2932.9303000000546,-14022.37610000016,-11089.445800000116
2024-02-05T11:24:37.000000,2932.9303000000546,-14072.599850000159,-11139.669550000115
2024-02-05T11:24:42.000000,2932.9303000000546,-14122.823600000158,-11189.893300000114
2024-02-05T11:24:47.000000,2932.9303000000546,-14173.047350000157,-11240.117050000114
2024-02-05T11:24:52.000000,2932.9303000000546,-14186.440350000157,-11253.510050000114
2024-02-05T11:25:47.000000,2932.9303000000546,-14202.165150000159,-11269.234850000115
2024-02-05T11:25:52.000000,2932.9303000000546,-14217.88995000016,-11284.959650000117
2024-02-05T11:25:57.000000,2932.9303000000546,-14233.614750000163,-11300.684450000119
2024-02-05T11:26:02.000000,2932.9303000000546,-14238.453150000163,-11305.52285000012
2024-02-05T13:00:22.000000,2932.9303000000546,-14205.917854762067,-11272.987554762023
2024-02-05T13:00:27.000000,2932.9303000000546,-14171.34910357159,-11238.418803571547
2024-02-05T13:00:32.000000,2932.9303000000546,-14136.780352381114,-11203.85005238107
2024-02-05T13:00:37.000000,2932.9303000000546,-14102.211601190638,-11169.281301190595
2024-02-05T13:00:42.000000,2932.9303000000546,-14067.642850000162,-11134.712550000118
2024-02-05T13:00:42.000000,2958.2461064516674,-14067.642850000162,-11109.396743548505
2024-02-05T13:00:47.000000,2983.5619129032802,-14067.642850000162,-11084.080937096891
2024-02-05T13:00:52.000000,3008.877719354893,-14067.642850000162,-11058.765130645277
2024-02-05T13:00:57.000000,3031.0290500000547,-14067.642850000162,-11036.613800000116
2024-02-05T13:06:47.000000,3031.0290500000547,-13894.918669396713,-10863.889619396667
2024-02-05T13:06:52.000000,3031.0290500000547,-13745.197938793264,-10714.168888793218
2024-02-05T13:06:52.000000,2742.048850000053,-13745.197938793264,-11003.14908879322
2024-02-05T13:06:57.000000,2742.048850000053,-13595.477208189815,-10853.42835818977
2024-02-05T13:07:02.000000,2742.048850000053,-13445.756477586367,-10703.707627586322
2024-02-05T13:07:07.000000,2742.048850000053,-13296.035746982918,-10553.986896982873
2024-02-05T13:07:12.000000,2742.048850000053,-13290.52630000016,-10548.477450000115
2024-02-05T13:09:17.000000,2913.3722571429103,-13290.52630000016,-10377.154042857257
2024-02-05T13:09:22.000000,3084.6956642857676,-13290.52630000016,-10205.8306357144
2024-02-05T13:09:27.000000,3256.019071428625,-13290.52630000016,-10034.507228571541
2024-02-05T13:09:32.000000,3427.3424785714824,-13290.52630000016,-9863.183821428684
2024-02-05T13:09:37.000000,3598.6658857143398,-13290.52630000016,-9691.860414285826
2024-02-05T13:09:42.000000,3769.989292857197,-13290.52630000016,-9520.537007142968
2024-02-05T13:09:47.000000,3941.3127000000545,-13290.52630000016,-9349.21360000011
2024-02-05T13:11:37.000000,3907.9001959460006,-13290.52630000016,-9382.626104054165
2024-02-05T13:11:42.000000,3874.4876918919467,-13290.52630000016,-9416.03860810822
2024-02-05T13:11:47.000000,3862.0615378378934,-13290.52630000016,-9428.464762162273
2024-02-05T13:11:52.000000,3835.6444837838403,-13290.52630000016,-9454.881816216326
2024-02-05T13:11:57.000000,3823.218329729787,-13290.52630000016,-9467.30797027038
2024-02-05T13:12:02.000000,3819.6680000000574,-13290.52630000016,-9470.858300000109
2024-02-05T13:13:27.000000,3819.6680000000574,-13242.86325000016,-9423.19525000011
2024-02-05T13:13:32.000000,3819.6680000000574,-13195.200200000161,-9375.53220000011
2024-02-05T13:13:37.000000,3819.6680000000574,-13139.53595000016,-9319.867950000109
2024-02-05T13:13:42.000000,3819.6680000000574,-13091.87290000016,-9272.20490000011
2024-02-05T13:13:47.000000,3819.6680000000574,-13028.207450000158,-9208.539450000108
2024-02-05T13:13:57.000000,3819.6680000000574,-13327.401450000158,-9507.733450000107
2024-02-05T13:14:52.000000,3819.6680000000574,-13385.622750000157,-9565.954750000106
2024-02-05T13:15:12.000000,3819.6680000000574,-13507.457124193705,-9687.789124193654
2024-02-05T13:15:57.000000,3819.6680000000574,-13530.480424193705,-9710.812424193655
2024-02-05T13:16:57.000000,3819.6680000000574,-13600.623507339773,-9780.955507339722
2024-02-05T13:17:17.000000,3819.6680000000574,-13680.777700888159,-9861.109700888108
2024-02-05T13:17:22.000000,3819.6680000000574,-13829.598287966812,-10009.930287966761
2024-02-05T13:17:22.000000,3819.6680000000574,-13909.752481515197,-10090.084481515147
2024-02-05T13:17:27.000000,3819.6680000000574,-14067.57441859385,-10247.906418593799
2024-02-05T13:17:27.000000,3819.6680000000574,-14147.728612142235,-10328.060612142184
2024-02-05T13:17:32.000000,3819.6680000000574,-14305.550549220887,-10485.882549220836
2024-02-05T13:17:32.000000,3819.6680000000574,-14351.820044382177,-10532.152044382126
2024-02-05T13:17:37.000000,3819.6680000000574,-14518.64333146083,-10698.975331460779
2024-02-05T13:17:42.000000,3819.6680000000574,-14694.46796853948,-10874.79996853943
2024-02-05T13:17:47.000000,3819.6680000000574,-14870.292605618131,-11050.62460561808
2024-02-05T13:17:52.000000,3819.6680000000574,-15091.123992696783,-11271.455992696732
2024-02-05T13:17:57.000000,3819.6680000000574,-15338.959429775436,-11519.291429775385
2024-02-05T13:18:02.000000,3819.6680000000574,-15586.794866854088,-11767.126866854038
2024-02-05T13:18:07.000000,3819.6680000000574,-15716.946950000156,-11897.278950000105
2024-02-05T13:18:47.000000,3819.6680000000574,-15722.104350000156,-11902.436350000105
2024-02-05T13:18:57.000000,3971.7956000000495,-15722.104350000156,-11750.308750000113
2024-02-05T13:19:02.000000,4147.907600000045,-15722.104350000156,-11574.196750000117
2024-02-05T13:19:07.000000,4371.98840000004,-15722.104350000156,-11350.115950000123
2024-02-05T13:19:12.000000,4547.701250000036,-15722.104350000156,-11174.403100000127
2024-02-05T13:19:17.000000,4547.701250000036,-15750.108671795031,-11202.407421795002
2024-02-05T13:19:22.000000,4547.701250000036,-15778.112993589906,-11230.411743589877
2024-02-05T13:19:27.000000,4547.701250000036,-15762.11071538478,-11214.409465384751
2024-02-05T13:19:32.000000,4547.701250000036,-15753.382200000167,-11205.680950000138
2024-02-05T13:20:32.000000,4547.701250000036,-16100.77211184227,-11553.070861842241
2024-02-05T13:20:37.000000,4547.701250000036,-16441.160973684375,-11893.459723684347
2024-02-05T13:20:42.000000,4547.701250000036,-16788.550885526478,-12240.84963552645
2024-02-05T13:20:47.000000,4547.701250000036,-17142.941847368584,-12595.240597368556
2024-02-05T13:20:52.000000,4547.701250000036,-17497.33280921069,-12949.631559210662
2024-02-05T13:20:57.000000,4547.701250000036,-17649.21465000016,-13101.513400000136
2024-02-05T13:21:47.000000,4547.701250000036,-17706.910150000163,-13159.208900000136
2024-02-05T13:22:12.000000,4547.701250000036,-17673.814000000166,-13126.112750000138
2024-02-05T13:22:17.000000,4547.701250000036,-17648.71905000017,-13101.017800000142
2024-02-05T13:22:22.000000,4547.701250000036,-17773.955432978895,-13226.254182978864
2024-02-05T13:23:42.000000,4547.701250000036,-18074.1329638095,-13526.43171380947
2024-02-05T13:23:47.000000,4547.701250000036,-18374.310494640107,-13826.609244640076
2024-02-05T13:23:52.000000,4547.701250000036,-18665.486675470715,-14117.785425470685
2024-02-05T13:23:57.000000,4547.701250000036,-18983.66690630132,-14435.965656301292
2024-02-05T13:24:02.000000,4547.701250000036,-19256.84038713193,-14709.1391371319
2024-02-05T13:24:07.000000,4547.701250000036,-19469.308650000185,-14921.607400000152
2024-02-05T13:24:12.000000,4547.701250000036,-19468.614600000186,-14920.913350000152
2024-02-05T13:26:02.000000,4547.701250000036,-19513.745816666855,-14966.044566666818
2024-02-05T13:26:07.000000,4547.701250000036,-19549.87568333352,-15002.174433333485
2024-02-05T13:26:12.000000,4547.701250000036,-19631.012300000188,-15083.311050000151
2024-02-05T13:26:47.000000,4547.701250000036,-19779.34205000019,-15231.640800000152
2024-02-05T13:26:52.000000,4547.701250000036,-19927.67180000019,-15379.970550000153
2024-02-05T13:26:57.000000,4547.701250000036,-19820.55678134347,-15272.855531343437
2024-02-05T13:26:57.000000,4547.701250000036,-20013.89328134347,-15466.192031343435
2024-02-05T13:27:02.000000,4547.701250000036,-19892.776162686754,-15345.07491268672
2024-02-05T13:27:05.000000,4547.701250000036,-20059.108612686752,-15511.40736268672
2024-02-05T13:27:07.000000,4547.701250000036,-19937.991494030037,-15390.290244030004
2024-02-05T13:27:12.000000,4547.701250000036,-19830.87647537332,-15283.175225373288
2024-02-05T13:27:12.000000,4547.701250000036,-19988.20757537332,-15440.506325373286
2024-02-05T13:27:17.000000,4547.701250000036,-19888.0936067166,-15340.392356716568
2024-02-05T13:27:17.000000,4547.701250000036,-20072.4287567166,-15524.727506716566
2024-02-05T13:27:22.000000,4547.701250000036,-19972.31478805988,-15424.613538059848
2024-02-05T13:27:23.000000,4547.701250000036,-20192.655338059878,-15644.954088059847
2024-02-05T13:27:27.000000,4547.701250000036,-20085.54031940316,-15537.839069403131
2024-02-05T13:27:32.000000,4547.701250000036,-19999.428450746444,-15451.727200746413
2024-02-05T13:27:32.000000,4547.701250000036,-20194.329350746444,-15646.628100746413
2024-02-05T13:27:37.000000,4547.701250000036,-20108.217482089727,-15560.516232089694
2024-02-05T13:27:42.000000,4547.701250000036,-20059.010700000174,-15511.30945000014
2024-02-05T13:28:12.000000,4547.701250000036,-20199.286302000175,-15651.58505200014
2024-02-05T13:28:17.000000,4547.701250000036,-20321.559204000176,-15773.857954000141
2024-02-05T13:28:22.000000,4547.701250000036,-20416.660350000177,-15868.959100000142
2024-02-05T13:28:37.000000,4547.701250000036,-20527.454216666843,-15979.752966666809
2024-02-05T13:28:57.000000,4547.701250000036,-20638.24808333351,-16090.546833333476
2024-02-05T13:29:12.000000,4547.701250000036,-20984.020316666843,-16436.31906666681
2024-02-05T13:29:17.000000,4547.701250000036,-21329.792550000177,-16782.091300000142
2024-02-05T13:29:22.000000,4547.701250000036,-21661.562683333508,-17113.861433333474
2024-02-05T13:29:37.000000,4547.701250000036,-21892.846183333506,-17345.14493333347
2024-02-05T13:29:42.000000,4547.701250000036,-22124.129683333504,-17576.42843333347
2024-02-05T13:29:47.000000,4547.701250000036,-22146.82740000017,-17599.126150000135
2024-02-05T13:30:22.000000,4547.701250000036,-22296.08756000017,-17748.386310000136
2024-02-05T13:32:17.000000,4547.701250000036,-22597.06196000017,-18049.360710000135
2024-02-05T13:32:27.000000,4547.701250000036,-22465.551809056775,-17917.85055905674
2024-02-05T13:32:32.000000,4547.701250000036,-22319.03940811338,-17771.338158113347
2024-02-05T13:32:37.000000,4547.701250000036,-22157.524757169987,-17609.823507169953
2024-02-05T13:32:42.000000,4547.701250000036,-22063.382410000177,-17515.681160000142
2024-02-05T13:32:47.000000,4547.701250000036,-22046.284360000176,-17498.58311000014
2024-02-05T13:33:32.000000,4547.701250000036,-22133.262271764877,-17585.561021764843
2024-02-05T13:33:37.000000,4547.701250000036,-22240.243183529576,-17692.54193352954
2024-02-05T13:33:42.000000,4547.701250000036,-22347.224095294274,-17799.52284529424
2024-02-05T13:33:47.000000,4547.701250000036,-22414.199007058975,-17866.49775705894
2024-02-05T13:33:52.000000,4547.701250000036,-22491.175418823677,-17943.474168823643
2024-02-05T13:33:57.000000,4547.701250000036,-22548.148830588376,-18000.44758058834
2024-02-05T13:34:02.000000,4547.701250000036,-22585.726360000135,-18038.0251100001
2024-02-05T13:35:07.000000,4547.701250000036,-22567.033000000138,-18019.331750000103
2024-02-05T13:35:07.000000,4547.701250000036,-22646.56252857157,-18098.861278571534
2024-02-05T13:35:12.000000,4547.701250000036,-22685.74485000014,-18138.043600000106
2024-02-05T13:37:27.000000,4547.701250000036,-22666.040750000142,-18118.339500000107
2024-02-05T13:40:12.000000,4501.65002391308,-22666.040750000142,-18164.390726087062
2024-02-05T13:40:17.000000,4455.598797826124,-22666.040750000142,-18210.441952174016
2024-02-05T13:40:22.000000,4409.547571739167,-22666.040750000142,-18256.49317826097
2024-02-05T13:40:27.000000,4371.171550000037,-22666.040750000142,-18294.869200000103
2024-02-05T13:43:32.000000,4371.171550000037,-22652.567650000143,-18281.396100000104
2024-02-05T13:49:57.000000,4371.171550000037,-22657.545550000144,-18286.374000000105
2024-02-05T14:01:52.000000,4371.171550000037,-21936.198700000114,-17565.027150000074
2024-02-05T14:03:17.000000,4371.171550000037,-21959.049050000114,-17587.877500000075
2024-02-05T14:04:02.000000,4371.171550000037,-21799.70895416678,-17428.537404166742
2024-02-05T14:04:07.000000,4371.171550000037,-21685.894600000112,-17314.723050000073
2024-02-05T14:10:12.000000,4371.171550000037,-21703.93471408462,-17332.76316408458
2024-02-05T14:10:17.000000,4371.171550000037,-21693.970628169125,-17322.799078169086
2024-02-05T14:10:22.000000,4371.171550000037,-21642.00024225363,-17270.82869225359
2024-02-05T14:10:27.000000,4371.171550000037,-21590.029856338137,-17218.858306338097
2024-02-05T14:10:32.000000,4371.171550000037,-21538.059470422642,-17166.887920422603
2024-02-05T14:10:37.000000,4371.171550000037,-21534.347300000107,-17163.175750000068
2024-02-05T14:21:32.000000,4371.171550000037,-21726.843800000104,-17355.672250000065
2024-02-05T14:21:37.000000,4371.171550000037,-21836.841800000104,-17465.670250000065
2024-02-05T14:24:52.000000,4225.612456521775,-21836.841800000104,-17611.229343478328
2024-02-05T14:24:57.000000,4107.035813043514,-21836.841800000104,-17729.805986956588
2024-02-05T14:25:02.000000,3961.4767195652526,-21836.841800000104,-17875.36508043485
2024-02-05T14:25:07.000000,3815.917626086991,-21836.841800000104,-18020.924173913114
2024-02-05T14:25:12.000000,3661.364382608731,-21836.841800000104,-18175.477417391376
2024-02-05T14:25:17.000000,3644.1918000000355,-21836.841800000104,-18192.65000000007
2024-02-05T14:26:32.000000,3623.9109863636736,-21836.841800000104,-18212.930813636434
2024-02-05T14:26:37.000000,3596.6347227273104,-21836.841800000104,-18240.207077272797
2024-02-05T14:26:42.000000,3562.3630090909487,-21836.841800000104,-18274.478790909157
2024-02-05T14:26:47.000000,3521.0958454545857,-21836.841800000104,-18315.74595454552
2024-02-05T14:26:52.000000,3491.6193000000408,-21836.841800000104,-18345.222500000065
2024-02-05T14:39:12.000000,3491.6193000000408,-21890.205400000104,-18398.586100000066
2024-02-06T09:52:07.000000,3491.6193000000408,-21867.08922432443,-18375.469924324392
2024-02-06T09:52:12.000000,3491.6193000000408,-21857.975148648755,-18366.355848648716
2024-02-06T09:52:17.000000,3491.6193000000408,-21848.86107297308,-18357.24177297304
2024-02-06T09:52:22.000000,3491.6193000000408,-21853.749097297405,-18362.129797297366
2024-02-06T09:52:27.000000,3491.6193000000408,-21844.63502162173,-18353.01572162169
2024-02-06T09:52:32.000000,3491.6193000000408,-21846.031600000108,-18354.41230000007
2024-02-06T09:52:37.000000,3491.6193000000408,-21831.447981603877,-18339.828681603838
2024-02-06T09:52:42.000000,3491.6193000000408,-21858.87066320765,-18367.25136320761
2024-02-06T09:52:47.000000,3491.6193000000408,-21886.293344811424,-18394.674044811385
2024-02-06T09:52:52.000000,3491.6193000000408,-21913.716026415197,-18422.09672641516
2024-02-06T09:52:57.000000,3491.6193000000408,-21941.13870801897,-18449.519408018932
2024-02-06T09:53:02.000000,3491.6193000000408,-21941.444400000102,-18449.825100000064
2024-02-06T09:58:47.000000,3491.6193000000408,-21931.99926864417,-18440.37996864413
2024-02-06T09:58:52.000000,3491.6193000000408,-21889.549187288238,-18397.9298872882
2024-02-06T09:58:57.000000,3491.6193000000408,-21825.095805932306,-18333.476505932267
2024-02-06T09:59:02.000000,3491.6193000000408,-21804.64902457637,-18313.029724576332
2024-02-06T09:59:07.000000,3491.6193000000408,-21740.19564322044,-18248.5763432204
2024-02-06T09:59:12.000000,3491.6193000000408,-21716.7580500001,-18225.13875000006
2024-02-06T09:59:37.000000,3491.6193000000408,-21620.665957539783,-18129.046657539744
2024-02-06T09:59:42.000000,3491.6193000000408,-21501.570415079466,-18009.951115079428
2024-02-06T09:59:47.000000,3491.6193000000408,-21382.47487261915,-17890.85557261911
2024-02-06T09:59:52.000000,3491.6193000000408,-21286.382780158834,-17794.763480158796
2024-02-06T09:59:57.000000,3491.6193000000408,-21190.290687698518,-17698.67138769848
2024-02-06T10:00:02.000000,3491.6193000000408,-21155.335250000106,-17663.715950000067
2024-02-06T10:01:32.000000,3491.6193000000408,-21158.552400934685,-17666.933100934646
2024-02-06T10:01:37.000000,3491.6193000000408,-21161.769551869264,-17670.150251869225
2024-02-06T10:01:42.000000,3491.6193000000408,-21206.993002803843,-17715.373702803805
2024-02-06T10:01:47.000000,3491.6193000000408,-21015.36055042289,-17523.741250422852
2024-02-06T10:01:47.000000,3491.6193000000408,-21060.58400135747,-17568.964701357432
2024-02-06T10:01:52.000000,3491.6193000000408,-20886.95424897652,-17395.33494897648
2024-02-06T10:01:52.000000,3491.6193000000408,-20911.174549911095,-17419.555249911056
2024-02-06T10:01:57.000000,3491.6193000000408,-20737.544797530143,-17245.925497530105
2024-02-06T10:01:57.000000,3491.6193000000408,-20741.851792857247,-17250.23249285721
2024-02-06T10:02:02.000000,3491.6193000000408,-20586.224740476297,-17094.605440476258
2024-02-06T10:02:07.000000,3491.6193000000408,-20460.602188095345,-16968.982888095306
2024-02-06T10:02:12.000000,3491.6193000000408,-20334.979635714393,-16843.360335714355
2024-02-06T10:02:17.000000,3491.6193000000408,-20227.359783333442,-16735.740483333404
2024-02-06T10:02:22.000000,3491.6193000000408,-20095.73633095249,-16604.117030952453
2024-02-06T10:02:27.000000,3491.6193000000408,-19988.11647857154,-16496.497178571502
2024-02-06T10:02:32.000000,3491.6193000000408,-19868.494826190592,-16376.875526190552
2024-02-06T10:02:37.000000,3491.6193000000408,-19808.684000000118,-16317.064700000077
2024-02-06T10:07:42.000000,3360.2717207746878,-19808.684000000118,-16448.41227922543
2024-02-06T10:12:27.000000,3467.6344179577854,-19808.684000000118,-16341.049582042333
2024-02-06T10:12:32.000000,3471.4688000000388,-19808.684000000118,-16337.215200000079
2024-02-06T10:13:47.000000,3471.4688000000388,-19915.78459000012,-16444.31579000008
2024-02-06T10:13:52.000000,3471.4688000000388,-20022.88518000012,-16551.416380000082
2024-02-06T10:13:57.000000,3471.4688000000388,-20109.982770000122,-16638.513970000084
2024-02-06T10:13:57.000000,3471.4688000000388,-20193.17896000012,-16721.710160000082
2024-02-06T10:14:02.000000,3471.4688000000388,-20300.279550000123,-16828.810750000084
2024-02-06T10:14:02.000000,3471.4688000000388,-20335.46854000012,-16863.999740000083
2024-02-06T10:14:07.000000,3471.4688000000388,-20422.566130000123,-16951.097330000084
2024-02-06T10:14:07.000000,3471.4688000000388,-20457.75512000012,-16986.286320000083
2024-02-06T10:14:12.000000,3471.4688000000388,-20468.940510000124,-16997.471710000085
2024-02-06T10:14:17.000000,3471.4688000000388,-20480.125900000126,-17008.657100000088
2024-02-06T10:16:27.000000,3475.8467525641404,-20480.125900000126,-17004.279147435987
2024-02-06T10:16:32.000000,3480.224705128242,-20480.125900000126,-16999.901194871887
2024-02-06T10:16:37.000000,3484.6026576923437,-20480.125900000126,-16995.523242307787
2024-02-06T10:16:42.000000,3488.9806102564453,-20480.125900000126,-16991.145289743687
2024-02-06T10:16:47.000000,3512.338463447933,-20480.125900000126,-16967.7874365522
2024-02-06T10:16:47.000000,3516.7164160120346,-20480.125900000126,-16963.4094839881
2024-02-06T10:16:52.000000,3540.0742692035224,-20480.125900000126,-16940.051630796614
2024-02-06T10:16:52.000000,3540.0742692035224,-20504.23692563038,-16964.162656426866
2024-02-06T10:16:52.000000,3546.5733563830095,-20504.23692563038,-16957.66356924738
2024-02-06T10:16:57.000000,3569.931209574497,-20504.23692563038,-16934.305716055893
2024-02-06T10:16:57.000000,3569.931209574497,-20528.34795126063,-16958.416741686146
2024-02-06T10:17:02.000000,3593.289062765985,-20528.34795126063,-16935.05888849466
2024-02-06T10:17:02.000000,3593.289062765985,-20552.458976890885,-16959.169914124912
2024-02-06T10:17:07.000000,3607.6527659574745,-20552.458976890885,-16944.80621093342
2024-02-06T10:17:07.000000,3607.6527659574745,-20576.570002521137,-16968.917236563673
2024-02-06T10:17:12.000000,3610.844700000028,-20576.570002521137,-16965.72530252112
2024-02-06T10:17:12.000000,3610.844700000028,-20600.68102815139,-16989.836328151374
2024-02-06T10:17:17.000000,3610.844700000028,-20608.87485000013,-16998.030150000115
2024-02-06T10:27:12.000000,3610.844700000028,-20769.043185906172,-17158.198485906156
2024-02-06T10:27:17.000000,3610.844700000028,-20967.21722181221,-17356.372521812194
2024-02-06T10:27:22.000000,3610.844700000028,-21165.39125771825,-17554.546557718233
2024-02-06T10:27:27.000000,3610.844700000028,-21382.56814362429,-17771.723443624272
2024-02-06T10:27:32.000000,3610.844700000028,-21580.742179530327,-17969.89747953031
2024-02-06T10:27:37.000000,3610.844700000028,-21778.916215436366,-18168.07151543635
2024-02-06T10:27:42.000000,3610.844700000028,-21958.087401342407,-18347.24270134239
2024-02-06T10:27:47.000000,3610.844700000028,-22124.970800000126,-18514.12610000011
2024-02-06T10:30:27.000000,3610.844700000028,-22116.826400000125,-18505.98170000011
2024-02-06T10:30:32.000000,3610.844700000028,-22108.682000000124,-18497.83730000011
2024-02-06T10:30:37.000000,3610.844700000028,-22100.537600000123,-18489.692900000107
2024-02-06T10:30:42.000000,3610.844700000028,-22116.396800000122,-18505.552100000106
2024-02-06T10:30:47.000000,3610.844700000028,-22132.25600000012,-18521.411300000105
2024-02-06T10:30:52.000000,3322.4234500000293,-22132.25600000012,-18809.832550000105
2024-02-06T10:30:52.000000,3322.4234500000293,-22132.916800000123,-18810.493350000106
2024-02-06T10:35:27.000000,3322.4234500000293,-22162.724800000124,-18840.301350000107
2024-02-06T10:35:37.000000,3322.4234500000293,-22154.997750000126,-18832.57430000011
2024-02-06T10:36:12.000000,3322.4234500000293,-22153.931950000126,-18831.50850000011
2024-02-06T10:41:37.000000,3322.4234500000293,-22139.8570779071,-18817.433627907085
2024-02-06T10:41:42.000000,3322.4234500000293,-22105.779205814077,-18783.35575581406
2024-02-06T10:41:47.000000,3322.4234500000293,-22071.701333721052,-18749.277883721035
2024-02-06T10:41:52.000000,3322.4234500000293,-22037.623461628027,-18715.20001162801
2024-02-06T10:41:57.000000,3322.4234500000293,-22024.39965000012,-18701.976200000103
2024-02-06T10:42:37.000000,3322.4234500000293,-22048.285893589862,-18725.862443589845
2024-02-06T10:42:42.000000,3322.4234500000293,-22072.172137179605,-18749.748687179588
2024-02-06T10:42:47.000000,3322.4234500000293,-22068.936600000117,-18746.5131500001
2024-02-06T10:42:57.000000,3322.4234500000293,-21984.28130255486,-18661.857852554844
2024-02-06T10:43:02.000000,3322.4234500000293,-21899.626005109603,-18577.202555109587
2024-02-06T10:43:07.000000,3322.4234500000293,-21795.96785766435,-18473.544407664333
2024-02-06T10:43:12.000000,3322.4234500000293,-21711.312560219092,-18388.889110219076
2024-02-06T10:43:17.000000,3322.4234500000293,-21626.657262773835,-18304.23381277382
2024-02-06T10:43:22.000000,3322.4234500000293,-21522.99911532858,-18200.575665328564
2024-02-06T10:43:27.000000,3322.4234500000293,-21438.343817883324,-18115.920367883307
2024-02-06T10:43:32.000000,3322.4234500000293,-21416.521050000112,-18094.097600000096
2024-02-06T10:50:32.000000,3322.4234500000293,-21531.2334264707,-18208.809976470682
2024-02-06T10:51:12.000000,3322.4234500000293,-21706.650079411873,-18384.226629411856
2024-02-06T10:51:17.000000,3322.4234500000293,-21876.065832353048,-18553.64238235303
2024-02-06T10:51:22.000000,3322.4234500000293,-22033.479785294225,-18711.056335294208
2024-02-06T10:51:27.000000,3322.4234500000293,-22190.8937382354,-18868.470288235385
2024-02-06T10:51:32.000000,3322.4234500000293,-22354.308591176577,-19031.88514117656
2024-02-06T10:51:37.000000,3322.4234500000293,-22380.544250000108,-19058.12080000009
2024-02-06T10:53:37.000000,3322.4234500000293,-22578.69305000011,-19256.269600000094
2024-02-06T10:53:42.000000,3322.4234500000293,-22794.84455000011,-19472.421100000094
2024-02-06T10:53:47.000000,3322.4234500000293,-23016.996950000113,-19694.573500000097
2024-02-06T10:53:52.000000,3322.4234500000293,-23239.149350000116,-19916.7259000001
2024-02-06T10:53:57.000000,3322.4234500000293,-23467.302650000118,-20144.8792000001
2024-02-06T10:54:02.000000,3322.4234500000293,-23545.61690000012,-20223.193450000104
2024-02-06T10:54:02.000000,3322.4234500000293,-23659.69355000012,-20337.270100000103
2024-02-06T10:54:07.000000,3322.4234500000293,-23738.007800000123,-20415.584350000106
2024-02-06T10:54:12.000000,3322.4234500000293,-23816.322050000126,-20493.89860000011
2024-02-06T10:54:17.000000,3322.4234500000293,-23894.63630000013,-20572.212850000113
2024-02-06T10:54:22.000000,3322.4234500000293,-23972.950550000132,-20650.527100000116
2024-02-06T10:54:27.000000,3322.4234500000293,-23987.867550000134,-20665.444100000117
2024-02-06T10:56:48.000000,3304.8417250000316,-23987.867550000134,-20683.025825000113
2024-02-06T10:56:57.000000,3257.143975000032,-23987.867550000134,-20730.723575000113
2024-02-06T10:57:02.000000,3201.496600000032,-23987.867550000134,-20786.370950000113
2024-02-06T10:57:17.000000,3114.8175281250315,-23987.867550000134,-20873.050021875115
2024-02-06T10:57:22.000000,3076.527864062532,-23987.867550000134,-20911.339685937615
2024-02-06T10:57:27.000000,3033.241450000032,-23987.867550000134,-20954.626100000114
2024-02-06T10:57:37.000000,3006.6236500000323,-23987.867550000134,-20981.243900000114
2024-02-06T10:57:57.000000,2874.5709108333654,-23987.867550000134,-21113.29663916678
2024-02-06T10:58:02.000000,2821.0137633333666,-23987.867550000134,-21166.85378666678
2024-02-06T10:58:22.000000,2821.0137633333666,-23948.971012500137,-21127.957249166782
2024-02-06T10:58:22.000000,2883.5663498148406,-23948.971012500137,-21065.40466268531
2024-02-06T10:58:27.000000,2883.5663498148406,-23901.073125000137,-21017.50677518531
2024-02-06T10:58:27.000000,2898.665250000024,-23901.073125000137,-21002.407875000124
2024-02-06T10:58:32.000000,2898.665250000024,-23844.17388750014,-20945.508637500126
2024-02-06T10:58:37.000000,2898.665250000024,-23787.27465000014,-20888.60940000013
2024-02-06T10:58:42.000000,2898.665250000024,-23720.695150000145,-20822.029900000132
2024-02-06T10:59:37.000000,2866.1041500000256,-23720.695150000145,-20854.59100000013
2024-02-06T10:59:42.000000,2845.5352500000267,-23720.695150000145,-20875.15990000013
2024-02-06T11:01:17.000000,2695.0091750000274,-23720.695150000145,-21025.685975000128
2024-02-06T11:01:22.000000,2687.0867500000277,-23720.695150000145,-21033.60840000013
2024-02-06T11:05:12.000000,2687.0867500000277,-23855.37715000014,-21168.29040000012
2024-02-06T11:05:17.000000,2687.0867500000277,-23936.186350000135,-21249.099600000118
2024-02-06T11:05:27.000000,2628.9016966346426,-23936.186350000135,-21307.284653365503
2024-02-06T11:05:32.000000,2570.7166432692575,-23936.186350000135,-21365.469706730888
2024-02-06T11:05:37.000000,2512.5315899038724,-23936.186350000135,-21423.654760096273
2024-02-06T11:05:42.000000,2433.3601865384876,-23936.186350000135,-21502.826163461657
2024-02-06T11:05:47.000000,2357.958850000026,-23936.186350000135,-21578.22750000012
2024-02-06T11:06:32.000000,2212.7954400000235,-23936.186350000135,-21723.390910000122
2024-02-06T11:06:37.000000,2067.632030000021,-23936.186350000135,-21868.554320000123
2024-02-06T11:06:42.000000,1946.4530200000224,-23936.186350000135,-21989.733330000123
2024-02-06T11:06:47.000000,1825.2740100000237,-23936.186350000135,-22110.912340000123
2024-02-06T11:06:52.000000,1680.1106000000211,-23936.186350000135,-22256.075750000124
2024-02-06T11:22:37.000000,1467.2372654545688,-23936.186350000135,-22468.949084545577
2024-02-06T11:22:42.000000,1275.3502809091162,-23936.186350000135,-22660.83606909103
2024-02-06T11:22:47.000000,1083.4632963636636,-23936.186350000135,-22852.723053636484
2024-02-06T11:22:52.000000,891.576311818211,-23936.186350000135,-23044.610038181938
2024-02-06T11:22:57.000000,699.6893272727584,-23936.186350000135,-23236.49702272739
2024-02-06T11:23:02.000000,507.8023427273058,-23936.186350000135,-23428.384007272845
2024-02-06T11:23:07.000000,315.9153581818532,-23936.186350000135,-23620.2709918183
2024-02-06T11:23:12.000000,124.02837363640057,-23936.186350000135,-23812.157976363753
2024-02-06T11:23:17.000000,-67.85861090905206,-23936.186350000135,-24004.044960909207
2024-02-06T11:23:22.000000,-259.7455954545047,-23936.186350000135,-24195.93194545466
2024-02-06T11:23:27.000000,-351.12034999995836,-23936.186350000135,-24287.306700000114
2024-02-06T11:29:07.000000,-351.12034999995836,-23867.040690000136,-24218.161040000115
2024-02-06T11:29:12.000000,-351.12034999995836,-23797.895030000138,-24149.015380000117
2024-02-06T11:29:17.000000,-351.12034999995836,-23716.747570000138,-24067.867920000117
2024-02-06T11:29:22.000000,-351.12034999995836,-23635.600110000138,-23986.720460000117
2024-02-06T11:29:27.000000,-351.12034999995836,-23554.452650000138,-23905.573000000117
2024-02-06T13:00:37.000000,-351.12034999995836,-23624.752261111247,-23975.872611111226
2024-02-06T13:00:42.000000,-351.12034999995836,-23695.051872222357,-24046.172222222336
2024-02-06T13:00:47.000000,-351.12034999995836,-23765.351483333467,-24116.471833333446
2024-02-06T13:00:52.000000,-351.12034999995836,-23787.643894444576,-24138.764244444556
2024-02-06T13:00:57.000000,-351.12034999995836,-23804.791000000132,-24155.91135000011
2024-02-06T13:02:52.000000,55.00468354041652,-23804.791000000132,-23749.786316459737
2024-02-06T13:02:57.000000,461.1297170807914,-23804.791000000132,-23343.661282919362
2024-02-06T13:03:02.000000,867.2547506211663,-23804.791000000132,-22937.536249378987
2024-02-06T13:03:07.000000,1273.3797841615412,-23804.791000000132,-22531.411215838612
2024-02-06T13:03:12.000000,1655.5204177019166,-23804.791000000132,-22149.270582298235
2024-02-06T13:03:17.000000,2013.6766512422926,-23804.791000000132,-21791.11434875786
2024-02-06T13:03:22.000000,2267.370650000059,-23804.791000000132,-21537.42035000009
2024-02-06T13:04:37.000000,2267.370650000059,-23809.35295000013,-21541.98230000009
2024-02-06T13:04:42.000000,2165.959875806512,-23809.35295000013,-21643.39307419364
2024-02-06T13:04:47.000000,2064.5491016129654,-23809.35295000013,-21744.803848387186
2024-02-06T13:04:52.000000,1963.1383274194184,-23809.35295000013,-21846.214622580734
2024-02-06T13:04:57.000000,1874.4039000000648,-23809.35295000013,-21934.949050000087
2024-02-06T13:05:02.000000,1874.4039000000648,-23924.61615487818,-22050.212254878134
2024-02-06T13:06:37.000000,1874.4039000000648,-24030.431854878178,-22156.027954878133
2024-02-06T13:06:42.000000,1874.4039000000648,-24136.247554878177,-22261.843654878132
2024-02-06T13:06:47.000000,1874.4039000000648,-24242.063254878176,-22367.65935487813
2024-02-06T13:06:52.000000,1874.4039000000648,-24341.878054878176,-22467.47415487813
2024-02-06T13:06:57.000000,1874.4039000000648,-24441.692854878176,-22567.28895487813
2024-02-06T13:07:02.000000,1874.4039000000648,-24488.599804878177,-22614.195904878132
2024-02-06T13:07:07.000000,1874.4039000000648,-24492.120754878175,-22617.71685487813
2024-02-06T13:07:12.000000,1874.4039000000648,-24580.991354878173,-22706.58745487813
2024-02-06T13:07:57.000000,1874.4039000000648,-25004.30075975622,-23129.896859756176
2024-02-06T13:08:02.000000,1874.4039000000648,-25449.61346463427,-23575.209564634224
2024-02-06T13:08:07.000000,1874.4039000000648,-25789.47965000012,-23915.075750000076
2024-02-06T13:09:02.000000,1874.4039000000648,-25964.093230000122,-24089.689330000077
2024-02-06T13:09:07.000000,1874.4039000000648,-26138.706810000123,-24264.30291000008
2024-02-06T13:09:12.000000,1874.4039000000648,-26313.320390000124,-24438.91649000008
2024-02-06T13:09:17.000000,1874.4039000000648,-26463.930370000122,-24589.526470000077
2024-02-06T13:09:22.000000,1874.4039000000648,-26638.543950000123,-24764.14005000008
2024-02-06T13:10:02.000000,1874.4039000000648,-27018.952237500125,-25144.54833750008
2024-02-06T13:10:07.000000,1874.4039000000648,-27417.363225000125,-25542.95932500008
2024-02-06T13:10:12.000000,1874.4039000000648,-27806.772862500125,-25932.36896250008
2024-02-06T13:10:17.000000,1874.4039000000648,-28169.178450000127,-26294.774550000082
2024-02-06T13:10:22.000000,1874.4039000000648,-28499.317950000128,-26624.914050000083
2024-02-06T13:12:32.000000,1874.4039000000648,-28545.86630769244,-26671.462407692394
2024-02-06T13:12:37.000000,1874.4039000000648,-28592.41466538475,-26718.010765384704
2024-02-06T13:12:42.000000,1874.4039000000648,-28638.96302307706,-26764.559123077015
2024-02-06T13:12:47.000000,1874.4039000000648,-28685.51138076937,-26811.107480769326
2024-02-06T13:12:52.000000,1874.4039000000648,-28701.027500000142,-26826.623600000097
2024-02-06T13:13:02.000000,1874.4039000000648,-28864.941200000143,-26990.5373000001
2024-02-06T13:13:07.000000,1874.4039000000648,-29034.855800000143,-27160.4519000001
2024-02-06T13:13:12.000000,1874.4039000000648,-29192.76860000014,-27318.364700000096
2024-02-06T13:13:17.000000,1874.4039000000648,-29362.68320000014,-27488.279300000097
2024-02-06T13:13:22.000000,1874.4039000000648,-29520.59600000014,-27646.192100000095
2024-02-06T13:13:27.000000,1874.4039000000648,-29613.86940000014,-27739.465500000097
2024-02-06T13:14:47.000000,1874.4039000000648,-29614.969600000142,-27740.565700000097
2024-02-06T13:16:32.000000,1874.4039000000648,-30034.53546666681,-28160.131566666765
2024-02-06T13:16:37.000000,1874.4039000000648,-30454.101333333478,-28579.697433333433
2024-02-06T13:16:42.000000,1874.4039000000648,-30897.67080000014,-29023.266900000097
2024-02-06T13:16:47.000000,1874.4039000000648,-31301.23426666681,-29426.830366666763
2024-02-06T13:16:52.000000,1874.4039000000648,-31503.01600000014,-29628.612100000097
2024-02-06T13:18:52.000000,1874.4039000000648,-31560.71350000014,-29686.309600000095
2024-02-06T13:18:57.000000,1874.4039000000648,-31577.19850000014,-29702.794600000096
2024-02-06T13:24:22.000000,1874.4039000000648,-31546.688519047762,-29672.284619047718
2024-02-06T13:24:27.000000,1874.4039000000648,-31516.178538095384,-29641.77463809534
2024-02-06T13:24:32.000000,1874.4039000000648,-31497.109800000148,-29622.705900000103
2024-02-06T13:28:02.000000,1874.4039000000648,-31552.61980000015,-29678.215900000105
2024-02-06T13:28:07.000000,1874.4039000000648,-31618.13130000015,-29743.727400000105
2024-02-06T13:28:12.000000,1874.4039000000648,-31637.78475000015,-29763.380850000107
2024-02-06T13:39:02.000000,1874.4039000000648,-31478.355359589194,-29603.95145958915
2024-02-06T13:39:07.000000,1874.4039000000648,-31318.925969178235,-29444.52206917819
2024-02-06T13:39:12.000000,1874.4039000000648,-31159.496578767277,-29285.092678767232
2024-02-06T13:39:17.000000,1874.4039000000648,-31000.06718835632,-29125.663288356274
2024-02-06T13:39:22.000000,1874.4039000000648,-30861.895050000156,-28987.49115000011
2024-02-06T13:49:37.000000,1874.4039000000648,-30738.777282258223,-28864.373382258178
2024-02-06T13:49:42.000000,1874.4039000000648,-30615.65951451629,-28741.255614516245
2024-02-06T13:49:47.000000,1874.4039000000648,-30492.541746774357,-28618.137846774312
2024-02-06T13:49:52.000000,1874.4039000000648,-30363.810550000166,-28489.40665000012
2024-02-06T13:52:47.000000,1486.9553000000715,-30363.810550000166,-28876.855250000113
2024-02-06T13:53:17.000000,1419.2228162791416,-30363.810550000166,-28944.587733721044
2024-02-06T13:53:22.000000,1375.4747325582125,-30363.810550000166,-28988.335817441974
2024-02-06T13:53:27.000000,1331.7266488372834,-30363.810550000166,-29032.083901162903
2024-02-06T13:53:32.000000,1303.968165116354,-30363.810550000166,-29059.842384883832
2024-02-06T13:53:37.000000,1268.2148813954234,-30363.810550000166,-29095.59566860476
2024-02-06T13:53:42.000000,1245.8132500000752,-30363.810550000166,-29117.99730000011
2024-02-06T13:57:07.000000,1245.8132500000752,-30746.166550000158,-29500.3533000001
2024-02-06T13:59:42.000000,1210.5906500000758,-30746.166550000158,-29535.5759000001
2024-02-06T13:59:57.000000,1206.2243823233066,-30746.166550000158,-29539.942167676872
2024-02-06T14:01:27.000000,909.2752323233117,-30746.166550000158,-29836.89131767687
2024-02-06T14:01:37.000000,941.9959123233118,-30746.166550000158,-29804.17063767687
2024-02-06T14:01:42.000000,974.7165923233119,-30746.166550000158,-29771.449957676872
2024-02-06T14:01:47.000000,1007.4372723233121,-30746.166550000158,-29738.729277676874
2024-02-06T14:01:52.000000,1040.1579523233122,-30746.166550000158,-29706.008597676875
2024-02-06T14:01:57.000000,1072.8786323233123,-30746.166550000158,-29673.287917676877
2024-02-06T14:04:02.000000,1042.722882323313,-30746.166550000158,-29703.443667676875
2024-02-06T14:04:12.000000,1012.5673702020944,-30746.166550000158,-29733.599179798093
2024-02-06T14:04:17.000000,1003.3982080808792,-30746.166550000158,-29742.76834191931
2024-02-06T14:04:22.000000,973.2426959596606,-30746.166550000158,-29772.923854040528
2024-02-06T14:04:27.000000,943.0871838384421,-30746.166550000158,-29803.079366161746
2024-02-06T14:04:32.000000,933.9180217172269,-30746.166550000158,-29812.248528282962
2024-02-06T14:04:37.000000,924.7488595960117,-30746.166550000158,-29821.417690404178
2024-02-06T14:04:42.000000,957.5523974747956,-30746.166550000158,-29788.614152525395
2024-02-06T14:04:47.000000,990.3559353535795,-30746.166550000158,-29755.810614646613
2024-02-06T14:04:52.000000,1021.5974000000404,-30746.166550000158,-29724.569150000152
2024-02-06T14:28:52.000000,1021.5974000000404,-30900.73155000016,-29879.134150000154
2024-02-06T14:28:57.000000,1021.5974000000404,-31055.296550000163,-30033.699150000157
2024-02-06T14:29:02.000000,1021.5974000000404,-31199.860050000163,-30178.262650000157
2024-02-06T14:29:07.000000,1021.5974000000404,-31344.423550000163,-30322.826150000157
2024-02-07T09:46:12.000000,1021.5974000000404,-31442.886122549186,-30421.28872254918
2024-02-07T09:46:22.000000,1021.5974000000404,-31639.811267647226,-30618.21386764722
2024-02-07T09:46:42.000000,1021.5974000000404,-31823.510526470756,-30801.91312647075
2024-02-07T09:46:47.000000,1021.5974000000404,-31876.742412745265,-30855.14501274526
2024-02-07T09:48:32.000000,1021.5974000000404,-31918.904687030983,-30897.307287030977
2024-02-07T09:50:17.000000,1021.5974000000404,-31951.477475919874,-30929.880075919868
2024-02-07T09:50:22.000000,1021.5974000000404,-31963.047114808764,-30941.449714808758
2024-02-07T09:50:27.000000,1021.5974000000404,-31974.616753697654,-30953.019353697648
2024-02-07T09:50:27.000000,1021.5974000000404,-32057.076926246675,-31035.47952624667
2024-02-07T09:50:27.000000,1021.5974000000404,-32097.420806246675,-31075.82340624667
2024-02-07T09:50:27.000000,1021.5974000000404,-31895.3148904572,-30873.717490457195
2024-02-07T09:50:32.000000,1021.5974000000404,-31927.88767934609,-30906.290279346085
2024-02-07T09:50:32.000000,1021.5974000000404,-31964.811144051975,-30943.21374405197
2024-02-07T09:50:32.000000,1021.5974000000404,-32005.155024051975,-30983.55762405197
2024-02-07T09:50:32.000000,1021.5974000000404,-31827.052708262505,-30805.4553082625
2024-02-07T09:50:37.000000,1021.5974000000404,-31859.625497151395,-30838.02809715139
2024-02-07T09:50:37.000000,1021.5974000000404,-31852.186039704586,-30830.58863970458
2024-02-07T09:50:37.000000,1021.5974000000404,-31882.528419704588,-30860.93101970458
2024-02-07T09:50:37.000000,1021.5974000000404,-31688.423703915112,-30666.826303915106
2024-02-07T09:50:42.000000,1021.5974000000404,-31693.07695947067,-30671.479559470663
2024-02-07T09:50:42.000000,1021.5974000000404,-31748.64695202386,-30727.049552023855
2024-02-07T09:50:42.000000,1021.5974000000404,-31778.989332023863,-30757.391932023856
2024-02-07T09:50:42.000000,1021.5974000000404,-31616.88941623439,-30595.292016234383
2024-02-07T09:50:47.000000,1021.5974000000404,-31699.46345878758,-30677.866058787575
2024-02-07T09:50:47.000000,1021.5974000000404,-31699.80133878758,-30678.203938787574
2024-02-07T09:50:47.000000,1021.5974000000404,-31537.701422998107,-30516.1040229981
2024-02-07T09:50:52.000000,1021.5974000000404,-31602.272765551297,-30580.67536555129
2024-02-07T09:50:52.000000,1021.5974000000404,-31440.172849761824,-30418.575449761818
2024-02-07T09:50:57.000000,1021.5974000000404,-31513.745542315017,-30492.14814231501
2024-02-07T09:50:57.000000,1021.5974000000404,-31343.644426525545,-30322.04702652554
2024-02-07T09:51:02.000000,1021.5974000000404,-31355.993313759587,-30334.39591375958
2024-02-07T09:51:06.000000,1021.5974000000404,-31185.892197970115,-30164.29479797011
2024-02-07T09:51:12.000000,1021.5974000000404,-31055.79708218064,-30034.199682180635
2024-02-07T09:51:17.000000,1021.5974000000404,-31002.751324285906,-29981.1539242859
2024-02-07T09:52:22.000000,1327.200266165455,-31002.751324285906,-29675.551058120484
2024-02-07T09:52:27.000000,1658.7862323308696,-31002.751324285906,-29343.96509195507
2024-02-07T09:52:32.000000,1990.372198496284,-31002.751324285906,-29012.379125789656
2024-02-07T09:52:37.000000,2321.9581646616984,-31002.751324285906,-28680.79315962424
2024-02-07T09:52:42.000000,2653.544130827113,-31002.751324285906,-28349.207193458828
2024-02-07T09:52:47.000000,2688.8060000000455,-31002.751324285906,-28313.945324285894
2024-02-07T09:53:02.000000,2688.8060000000455,-30999.140988285908,-28310.334988285897
2024-02-07T09:53:07.000000,2688.8060000000455,-31003.53185228591,-28314.725852285897
2024-02-07T09:53:12.000000,2688.8060000000455,-30991.920316285912,-28303.1143162859
2024-02-07T09:53:17.000000,2688.8060000000455,-30980.308780285915,-28291.502780285904
2024-02-07T09:53:22.000000,2688.8060000000455,-30976.698444285918,-28287.892444285906
2024-02-07T09:53:27.000000,2688.8060000000455,-30973.08810828592,-28284.282108285908
2024-02-07T09:53:32.000000,2688.8060000000455,-30972.18552428592,-28283.37952428591
2024-02-07T09:53:32.000000,2688.8060000000455,-31081.790769248328,-28392.984769248316
2024-02-07T09:53:37.000000,2688.8060000000455,-31191.396014210735,-28502.590014210724
2024-02-07T09:53:42.000000,2688.8060000000455,-31301.001259173143,-28612.19525917313
2024-02-07T09:53:47.000000,2688.8060000000455,-31316.26835000021,-28627.462350000198
2024-02-07T09:58:22.000000,2688.8060000000455,-31456.092955634012,-28767.286955634
2024-02-07T09:58:27.000000,2688.8060000000455,-31595.917561267815,-28907.111561267804
2024-02-07T09:58:32.000000,2688.8060000000455,-31735.74216690162,-29046.936166901607
2024-02-07T09:58:37.000000,2688.8060000000455,-31889.56887253542,-29200.762872535408
2024-02-07T09:58:42.000000,2688.8060000000455,-32057.39767816922,-29368.59167816921
2024-02-07T09:58:47.000000,2688.8060000000455,-32071.38575000021,-29382.579750000197
2024-02-07T10:04:27.000000,2688.8060000000455,-32181.002201282263,-29492.19620128225
2024-02-07T10:08:42.000000,2688.8060000000455,-32171.80082692329,-29482.994826923277
2024-02-07T10:08:47.000000,2688.8060000000455,-32162.599452564315,-29473.793452564303
2024-02-07T10:08:52.000000,2688.8060000000455,-32154.54825000021,-29465.7422500002
2024-02-07T10:10:57.000000,2688.8060000000455,-32071.92709651184,-29383.12109651183
2024-02-07T10:11:02.000000,2688.8060000000455,-31997.30714302347,-29308.50114302346
2024-02-07T10:11:07.000000,2688.8060000000455,-31930.6883895351,-29241.882389535087
2024-02-07T10:11:12.000000,2688.8060000000455,-31856.068436046728,-29167.262436046716
2024-02-07T10:11:17.000000,2688.8060000000455,-31781.448482558357,-29092.642482558345
2024-02-07T10:11:22.000000,2688.8060000000455,-31750.46555000022,-29061.659550000208
2024-02-07T10:11:42.000000,2647.482809854061,-31750.46555000022,-29102.98274014619
2024-02-07T10:11:52.000000,2520.646841970852,-31750.46555000022,-29229.8187080294
2024-02-07T10:13:22.000000,2549.1690580292457,-31750.46555000022,-29201.296491971007
2024-02-07T10:13:27.000000,2577.691274087639,-31750.46555000022,-29172.774275912612
2024-02-07T10:13:32.000000,2606.2134901460327,-31750.46555000022,-29144.252059854218
2024-02-07T10:13:37.000000,2619.854550000047,-31750.46555000022,-29130.611000000205
2024-02-07T10:14:37.000000,2619.854550000047,-31800.170207894957,-29180.315657894942
2024-02-07T10:17:47.000000,2619.854550000047,-31806.959268421273,-29187.10471842126
2024-02-07T10:17:52.000000,2619.854550000047,-31865.280435087938,-29245.425885087923
2024-02-07T10:17:57.000000,2619.854550000047,-31943.604601754603,-29323.75005175459
2024-02-07T10:18:02.000000,2619.854550000047,-32041.93176842127,-29422.077218421255
2024-02-07T10:18:07.000000,2619.854550000047,-32140.258935087935,-29520.40438508792
2024-02-07T10:18:12.000000,2619.854550000047,-32234.92306842127,-29615.068518421256
2024-02-07T10:18:37.000000,2619.854550000047,-32273.45000000022,-29653.595450000204
2024-02-07T10:20:27.000000,2619.854550000047,-32431.45140000022,-29811.596850000205
2024-02-07T10:20:32.000000,2619.854550000047,-32572.450250000216,-29952.5957000002
2024-02-07T10:20:37.000000,2619.854550000047,-32655.390750000213,-30035.5362000002
2024-02-07T10:22:17.000000,2619.854550000047,-32742.487670000217,-30122.633120000202
2024-02-07T10:22:22.000000,2619.854550000047,-32829.58459000022,-30209.730040000206
2024-02-07T10:22:27.000000,2619.854550000047,-32916.68151000022,-30296.82696000021
2024-02-07T10:22:32.000000,2619.854550000047,-33024.78158000022,-30404.92703000021
2024-02-07T10:22:37.000000,2619.854550000047,-33132.88165000022,-30513.02710000021
2024-02-07T10:26:42.000000,2619.854550000047,-33220.50014468107,-30600.64559468106
2024-02-07T10:26:47.000000,2619.854550000047,-33308.11863936192,-30688.26408936191
2024-02-07T10:26:52.000000,2619.854550000047,-33395.73713404277,-30775.88258404276
2024-02-07T10:26:57.000000,2619.854550000047,-33474.35427872362,-30854.49972872361
2024-02-07T10:27:02.000000,2619.854550000047,-33552.97142340447,-30933.116873404462
2024-02-07T10:27:07.000000,2619.854550000047,-33562.44070000022,-30942.586150000207
2024-02-07T10:30:12.000000,2619.854550000047,-33698.63844000022,-31078.783890000206
2024-02-07T10:30:17.000000,2619.854550000047,-33834.836180000224,-31214.981630000206
2024-02-07T10:30:22.000000,2619.854550000047,-33943.029720000224,-31323.175170000206
2024-02-07T10:30:27.000000,2619.854550000047,-34051.223260000224,-31431.368710000206
2024-02-07T10:30:32.000000,2619.854550000047,-34082.135700000224,-31462.281150000206
2024-02-07T10:32:32.000000,2619.854550000047,-34077.91670000023,-31458.062150000205
2024-02-07T10:32:37.000000,2619.854550000047,-34076.494650000226,-31456.640100000204
2024-02-07T10:48:42.000000,2619.854550000047,-34083.622888028396,-31463.76833802837
2024-02-07T10:48:47.000000,2619.854550000047,-34090.751126056566,-31470.896576056537
2024-02-07T10:48:52.000000,2619.854550000047,-34097.879364084736,-31478.024814084703
2024-02-07T10:48:57.000000,2619.854550000047,-34105.007602112906,-31485.15305211287
2024-02-07T10:49:02.000000,2619.854550000047,-34098.13374014107,-31478.27919014104
2024-02-07T10:49:07.000000,2619.854550000047,-34097.642750000225,-31477.788200000192
2024-02-07T10:55:02.000000,2619.854550000047,-34095.779104386194,-31475.924554386158
2024-02-07T10:55:07.000000,2619.854550000047,-34093.915458772164,-31474.060908772124
2024-02-07T10:55:12.000000,2619.854550000047,-34092.051813158134,-31472.19726315809
2024-02-07T10:55:17.000000,2619.854550000047,-34090.1881675441,-31470.333617544056
2024-02-07T10:55:22.000000,2619.854550000047,-34088.40555000024,-31468.5510000002
2024-02-07T11:18:32.000000,2619.854550000047,-34112.771700000245,-31492.9171500002
2024-02-07T11:18:37.000000,2619.854550000047,-34126.308450000244,-31506.4539000002
2024-02-07T11:21:47.000000,2619.854550000047,-34169.81869146366,-31549.964141463617
2024-02-07T11:21:52.000000,2619.854550000047,-34185.324732927074,-31565.470182927034
2024-02-07T11:21:57.000000,2619.854550000047,-34200.83077439049,-31580.97622439045
2024-02-07T11:22:02.000000,2619.854550000047,-34216.3368158539,-31596.48226585387
2024-02-07T11:22:07.000000,2619.854550000047,-34231.842857317315,-31611.988307317286
2024-02-07T11:22:12.000000,2619.854550000047,-34233.13195000024,-31613.277400000214
2024-02-07T11:23:32.000000,2619.854550000047,-34335.41629912305,-31715.561749123022
2024-02-07T11:26:17.000000,2619.854550000047,-34455.256802631826,-31835.402252631797
2024-02-07T11:26:22.000000,2619.854550000047,-34575.097306140604,-31955.24275614057
2024-02-07T11:26:27.000000,2619.854550000047,-34694.93780964938,-32075.083259649346
2024-02-07T11:26:32.000000,2619.854550000047,-34797.22215877219,-32177.367608772154
2024-02-07T11:26:37.000000,2619.854550000047,-34808.116750000256,-32188.262200000223
2024-02-07T13:06:12.000000,2721.384900000049,-34808.116750000256,-32086.731850000222
2024-02-07T13:06:17.000000,2772.7939000000497,-34808.116750000256,-32035.322850000222
2024-02-07T13:09:12.000000,2772.7939000000497,-35002.964385106636,-32230.170485106606
2024-02-07T13:09:17.000000,2772.7939000000497,-35197.812020213016,-32425.01812021299
2024-02-07T13:09:22.000000,2772.7939000000497,-35392.659655319396,-32619.865755319373
2024-02-07T13:09:27.000000,2772.7939000000497,-35587.507290425776,-32814.71339042576
2024-02-07T13:09:32.000000,2772.7939000000497,-35534.504940425766,-32761.71104042575
2024-02-07T13:09:32.000000,2772.7939000000497,-35720.35122553215,-32947.557325532136
2024-02-07T13:09:37.000000,2772.7939000000497,-35667.34887553214,-32894.554975532126
2024-02-07T13:09:37.000000,2772.7939000000497,-35710.64835000022,-32937.85445000021
2024-02-07T13:09:42.000000,2772.7939000000497,-35657.64600000021,-32884.8521000002
2024-02-07T13:09:47.000000,2772.7939000000497,-35604.6436500002,-32831.84975000019
2024-02-07T13:09:52.000000,2772.7939000000497,-35553.945750000195,-32781.151850000184
2024-02-07T13:15:42.000000,2772.7939000000497,-35569.71085000019,-32796.91695000018
2024-02-07T13:15:57.000000,2772.7939000000497,-35660.62940238114,-32887.83550238113
2024-02-07T13:16:02.000000,2772.7939000000497,-35751.54795476209,-32978.75405476208
2024-02-07T13:16:07.000000,2772.7939000000497,-35808.37205000019,-33035.578150000176
2024-02-07T13:22:42.000000,2788.945791304398,-35808.37205000019,-33019.42625869583
2024-02-07T13:22:47.000000,2805.0976826087463,-35808.37205000019,-33003.27436739148
2024-02-07T13:22:52.000000,2811.2560739130927,-35808.37205000019,-32997.11597608714
2024-02-07T13:22:57.000000,2817.414465217439,-35808.37205000019,-32990.957584782795
2024-02-07T13:23:02.000000,2821.109500000047,-35808.37205000019,-32987.26255000019
2024-02-07T13:29:42.000000,2889.936313461586,-35808.37205000019,-32918.43573653865
2024-02-07T13:29:47.000000,2958.763126923125,-35808.37205000019,-32849.60892307712
2024-02-07T13:29:52.000000,3027.5899403846643,-35808.37205000019,-32780.78210961558
2024-02-07T13:29:57.000000,3096.4167538462034,-35808.37205000019,-32711.955296154043
2024-02-07T13:30:02.000000,3161.96610000005,-35808.37205000019,-32646.405950000197
2024-02-07T13:30:42.000000,3270.064100000049,-35808.37205000019,-32538.3079500002
2024-02-07T13:37:47.000000,3270.064100000049,-35736.45819060169,-32466.3940906017
2024-02-07T13:37:52.000000,3270.064100000049,-35664.54433120319,-32394.480231203204
2024-02-07T13:37:57.000000,3270.064100000049,-35592.630471804696,-32322.566371804707
2024-02-07T13:38:02.000000,3270.064100000049,-35520.7166124062,-32250.65251240621
2024-02-07T13:38:07.000000,3270.064100000049,-35448.8027530077,-32178.738653007713
2024-02-07T13:38:12.000000,3270.064100000049,-35440.50500000018,-32170.440900000194
2024-02-07T13:42:27.000000,3270.064100000049,-35433.3890219514,-32163.324921951415
2024-02-07T13:42:32.000000,3270.064100000049,-35454.27724390262,-32184.213143902634
2024-02-07T13:42:37.000000,3270.064100000049,-35486.67540000018,-32216.611300000197
2024-02-07T13:57:27.000000,3270.064100000049,-35478.154650000186,-32208.090550000197
2024-02-07T14:02:17.000000,3270.064100000049,-35338.94799736861,-32068.883897368618
2024-02-07T14:02:22.000000,3270.064100000049,-35176.73789473703,-31906.673794737042
2024-02-07T14:02:27.000000,3270.064100000049,-35121.162450000185,-31851.0983500002
2024-02-07T14:20:22.000000,3270.064100000049,-35120.10075000019,-31850.0366500002
2024-02-07T14:30:42.000000,3270.064100000049,-35087.43530000019,-31817.371200000198
2024-02-07T14:30:47.000000,3270.064100000049,-35054.769850000186,-31784.705750000197
2024-02-07T14:30:52.000000,3270.064100000049,-35030.105600000184,-31760.041500000196
2024-02-07T14:30:57.000000,3270.064100000049,-35013.44255000018,-31743.378450000197
2024-02-07T14:31:02.000000,3304.5599431034984,-35013.44255000018,-31708.882606896746
2024-02-07T14:31:07.000000,3353.0466862069475,-35013.44255000018,-31660.3958637933
2024-02-07T14:31:12.000000,3394.537979310398,-35013.44255000018,-31618.90457068985
2024-02-07T14:31:17.000000,3443.024722413847,-35013.44255000018,-31570.417827586403
2024-02-07T14:31:22.000000,3449.951400000054,-35013.44255000018,-31563.491150000198
2024-02-07T14:40:52.000000,3449.951400000054,-35094.44960483889,-31644.49820483891
2024-02-07T14:40:57.000000,3449.951400000054,-35211.4620596776,-31761.51065967762
2024-02-07T14:41:02.000000,3449.951400000054,-35346.47721451631,-31896.52581451633
2024-02-07T14:41:07.000000,3449.951400000054,-35481.492369355015,-32031.540969355043
2024-02-07T14:41:12.000000,3449.951400000054,-35616.50752419372,-32166.556124193754
2024-02-07T14:41:17.000000,3449.951400000054,-35639.01005000017,-32189.058650000206
2024-02-08T10:02:42.000000,3449.951400000054,-35564.40015526333,-32114.448755263365
2024-02-08T10:02:47.000000,3449.951400000054,-35489.79026052648,-32039.838860526525
2024-02-08T10:02:52.000000,3449.951400000054,-35452.81020000017,-32002.85880000021
2024-02-08T10:06:27.000000,3449.951400000054,-35480.868392941346,-32030.916992941384
2024-02-08T10:10:17.000000,3449.951400000054,-35540.931385882526,-32090.97998588256
2024-02-08T10:10:22.000000,3449.951400000054,-35616.996778823705,-32167.04537882374
2024-02-08T10:10:27.000000,3449.951400000054,-35709.06457176488,-32259.113171764915
2024-02-08T10:10:32.000000,3449.951400000054,-35801.132364706056,-32351.18096470609
2024-02-08T10:10:37.000000,3449.951400000054,-35834.90430000018,-32384.952900000208
2024-02-08T10:12:02.000000,3449.951400000054,-35953.368766887594,-32503.417366887625
2024-02-08T10:12:07.000000,3449.951400000054,-36071.83323377501,-32621.88183377504
2024-02-08T10:12:12.000000,3449.951400000054,-36190.29770066243,-32740.34630066246
2024-02-08T10:12:17.000000,3449.951400000054,-36308.762167549845,-32858.810767549876
2024-02-08T10:12:22.000000,3449.951400000054,-36427.22663443726,-32977.27523443729
2024-02-08T10:12:27.000000,3449.951400000054,-36431.17545000018,-32981.22405000021
2024-02-08T10:14:02.000000,3449.951400000054,-36549.39311666685,-33099.44171666688
2024-02-08T10:14:07.000000,3449.951400000054,-36641.606883333516,-33191.65548333355
2024-02-08T10:14:12.000000,3449.951400000054,-36733.82065000018,-33283.869250000214
2024-02-08T10:14:17.000000,3449.951400000054,-36826.03441666685,-33376.08301666688
2024-02-08T10:14:22.000000,3449.951400000054,-36931.25013333352,-33481.29873333355
2024-02-08T10:14:27.000000,3449.951400000054,-36963.62420000019,-33513.67280000022
2024-02-08T10:15:12.000000,3449.951400000054,-37049.157350746456,-33599.20595074649
2024-02-08T10:15:17.000000,3449.951400000054,-37134.690501492725,-33684.739101492756
2024-02-08T10:15:22.000000,3449.951400000054,-37220.223652238994,-33770.272252239025
2024-02-08T10:15:27.000000,3449.951400000054,-37305.75680298526,-33855.805402985294
2024-02-08T10:15:32.000000,3449.951400000054,-37391.28995373153,-33941.33855373156
2024-02-08T10:15:37.000000,3449.951400000054,-37404.448900000185,-33954.497500000216
2024-02-08T10:17:57.000000,3449.951400000054,-37536.68260000019,-34086.73120000021
2024-02-08T10:18:02.000000,3449.951400000054,-37668.916300000186,-34218.96490000021
2024-02-08T10:18:07.000000,3449.951400000054,-37825.15360000019,-34375.20220000021
2024-02-08T10:18:12.000000,3449.951400000054,-37973.38970000019,-34523.43830000021
2024-02-08T10:18:32.000000,3449.951400000054,-38116.207316666856,-34666.25591666688
2024-02-08T10:18:37.000000,3449.951400000054,-38273.02703333352,-34823.075633333545
2024-02-08T10:18:42.000000,3449.951400000054,-38436.847800000185,-34986.89640000021
2024-02-08T10:18:47.000000,3449.951400000054,-38614.670666666854,-35164.71926666688
2024-02-08T10:18:47.000000,3449.951400000054,-38663.74256666686,-35213.79116666688
2024-02-08T10:18:52.000000,3449.951400000054,-38855.567533333524,-35405.61613333355
2024-02-08T10:18:57.000000,3449.951400000054,-39061.39460000019,-35611.44320000021
2024-02-08T10:19:02.000000,3449.951400000054,-39288.22481666686,-35838.27341666688
2024-02-08T10:19:07.000000,3449.951400000054,-39536.05818333352,-36086.10678333355
2024-02-08T10:19:12.000000,3449.951400000054,-39776.89050000019,-36326.939100000214
2024-02-08T10:19:17.000000,3449.951400000054,-40066.55593666686,-36616.604536666884
2024-02-08T10:19:17.000000,3449.951400000054,-40278.98453666686,-36829.03313666688
2024-02-08T10:19:52.000000,3449.951400000054,-40347.12778804898,-36897.176388049
2024-02-08T10:19:57.000000,3449.951400000054,-40431.2734394311,-36981.32203943112
2024-02-08T10:20:02.000000,3449.951400000054,-40415.84462276443,-36965.893222764455
2024-02-08T10:20:02.000000,3449.951400000054,-40499.99027414655,-37050.03887414657
2024-02-08T10:20:07.000000,3449.951400000054,-40484.56145747988,-37034.610057479906
2024-02-08T10:20:07.000000,3449.951400000054,-40544.703508861996,-37094.75210886202
2024-02-08T10:20:12.000000,3449.951400000054,-40501.27049219533,-37051.31909219535
2024-02-08T10:20:12.000000,3449.951400000054,-40561.41254357744,-37111.461143577464
2024-02-08T10:20:17.000000,3449.951400000054,-40503.97742691077,-37054.0260269108
2024-02-08T10:20:17.000000,3449.951400000054,-40511.495183333536,-37061.54378333356
2024-02-08T10:20:23.000000,3449.951400000054,-40475.063216666866,-37025.11181666689
2024-02-08T10:20:32.000000,3449.951400000054,-40470.8588000002,-37020.90740000022
2024-02-08T10:21:42.000000,3449.951400000054,-40434.72965321121,-36984.77825321123
2024-02-08T10:21:47.000000,3449.951400000054,-40398.60050642222,-36948.64910642224
2024-02-08T10:21:52.000000,3449.951400000054,-40362.47135963323,-36912.51995963325
2024-02-08T10:21:57.000000,3449.951400000054,-40326.34221284424,-36876.39081284426
2024-02-08T10:22:02.000000,3449.951400000054,-40291.85530000021,-36841.90390000023
2024-02-08T10:22:07.000000,3449.951400000054,-40324.569900000206,-36874.61850000023
2024-02-08T10:24:17.000000,3449.951400000054,-40258.5787000002,-36808.627300000226
2024-02-08T10:24:22.000000,3449.951400000054,-40236.7086000002,-36786.757200000226
2024-02-08T10:25:22.000000,3449.951400000054,-40192.091860000204,-36742.14046000023
2024-02-08T10:25:27.000000,3449.951400000054,-40147.47512000021,-36697.52372000023
2024-02-08T10:25:32.000000,3449.951400000054,-40102.85838000021,-36652.90698000023
2024-02-08T10:25:37.000000,3449.951400000054,-40058.24164000021,-36608.290240000235
2024-02-08T10:25:42.000000,3449.951400000054,-40013.62490000021,-36563.67350000024
2024-02-08T10:26:12.000000,3449.951400000054,-40152.912900000214,-36702.96150000024
2024-02-08T10:26:17.000000,3449.951400000054,-40300.20210000021,-36850.25070000024
2024-02-08T10:26:22.000000,3449.951400000054,-40471.494900000216,-37021.54350000024
2024-02-08T10:26:27.000000,3449.951400000054,-40642.78770000022,-37192.83630000024
2024-02-08T10:26:32.000000,3449.951400000054,-40664.19930000022,-37214.24790000024
2024-02-08T10:31:32.000000,3449.951400000054,-40720.30780000022,-37270.356400000244
2024-02-08T10:31:37.000000,3449.951400000054,-40759.41375000022,-37309.46235000024
2024-02-08T10:31:42.000000,3449.951400000054,-40782.41725000022,-37332.46585000024
2024-02-08T10:32:42.000000,3449.951400000054,-40751.79487184896,-37301.84347184898
2024-02-08T10:32:42.000000,3449.951400000054,-40658.23390549382,-37208.282505493844
2024-02-08T10:33:17.000000,3449.951400000054,-40627.68238913868,-37177.730989138705
2024-02-08T10:33:22.000000,3449.951400000054,-40597.13087278354,-37147.179472783566
2024-02-08T10:33:27.000000,3449.951400000054,-40524.5730564284,-37074.621656428426
2024-02-08T10:33:32.000000,3449.951400000054,-40494.02154007326,-37044.07014007329
2024-02-08T10:33:37.000000,3449.951400000054,-40489.11157184897,-37039.16017184899
2024-02-08T10:34:37.000000,3449.951400000054,-40347.854815546445,-36897.90341554647
2024-02-08T10:34:42.000000,3449.951400000054,-40206.59805924392,-36756.64665924395
2024-02-08T10:34:47.000000,3449.951400000054,-40085.3443029414,-36635.39290294142
2024-02-08T10:34:52.000000,3449.951400000054,-40004.09654663888,-36554.145146638904
2024-02-08T10:34:57.000000,3449.951400000054,-39922.848790336364,-36472.89739033639
2024-02-08T10:35:02.000000,3449.951400000054,-39886.28730000023,-36436.33590000025
2024-02-08T10:37:02.000000,3449.951400000054,-40051.08288333356,-36601.131483333585
2024-02-08T10:37:07.000000,3449.951400000054,-40202.876516666896,-36752.92511666692
2024-02-08T10:37:12.000000,3449.951400000054,-40367.67210000023,-36917.72070000025
2024-02-08T10:37:17.000000,3449.951400000054,-40545.46963333356,-37095.51823333358
2024-02-08T10:37:22.000000,3449.951400000054,-40762.27301666689,-37312.321616666915
2024-02-08T10:37:27.000000,3449.951400000054,-40778.950200000225,-37328.99880000025
2024-02-08T10:39:37.000000,3449.951400000054,-40843.14825981331,-37393.19685981333
2024-02-08T10:40:07.000000,3248.219500000053,-40843.14825981331,-37594.92875981333
2024-02-08T10:40:12.000000,3072.4707000000535,-40843.14825981331,-37770.67755981333
2024-02-08T10:40:17.000000,2844.755700000053,-40843.14825981331,-37998.392559813336
2024-02-08T10:40:22.000000,2643.023800000052,-40843.14825981331,-38200.124459813334
2024-02-08T10:40:27.000000,2519.2412000000513,-40843.14825981331,-38323.90705981333
2024-02-08T10:43:17.000000,2519.2412000000513,-40949.35261962639,-38430.11141962642
2024-02-08T10:43:22.000000,2519.2412000000513,-41034.55382943947,-38515.3126294395
2024-02-08T10:43:27.000000,2519.2412000000513,-41140.758189252556,-38621.51698925258
2024-02-08T10:43:32.000000,2519.2412000000513,-41225.959399065636,-38706.71819906566
2024-02-08T10:43:37.000000,2519.2412000000513,-41234.07380000022,-38714.83260000024
2024-02-08T10:45:02.000000,2519.2412000000513,-41309.46127586229,-38790.220075862315
2024-02-08T10:45:07.000000,2519.2412000000513,-41354.84425172436,-38835.603051724385
2024-02-08T10:45:12.000000,2519.2412000000513,-41430.23172758643,-38910.99052758646
2024-02-08T10:45:17.000000,2519.2412000000513,-41475.614703448504,-38956.37350344853
2024-02-08T10:45:22.000000,2519.2412000000513,-41538.43760000023,-39019.196400000255
2024-02-08T10:48:57.000000,2519.2412000000513,-41688.127985496416,-39168.88678549644
2024-02-08T10:50:22.000000,2519.2412000000513,-41837.8183709926,-39318.57717099263
2024-02-08T10:50:27.000000,2519.2412000000513,-41987.50875648879,-39468.26755648881
2024-02-08T10:50:32.000000,2519.2412000000513,-42137.19914198497,-39617.957941985
2024-02-08T10:50:37.000000,2519.2412000000513,-42286.88952748116,-39767.64832748118
2024-02-08T10:50:42.000000,2519.2412000000513,-42293.647000000245,-39774.40580000027
2024-02-08T10:52:22.000000,2519.2412000000513,-42423.953440000245,-39904.71224000027
2024-02-08T10:52:27.000000,2519.2412000000513,-42554.259880000245,-40035.01868000027
2024-02-08T10:52:32.000000,2519.2412000000513,-42684.566320000245,-40165.32512000027
2024-02-08T10:52:37.000000,2519.2412000000513,-42770.866160000245,-40251.62496000027
2024-02-08T10:52:42.000000,2519.2412000000513,-42879.16930000024,-40359.92810000027
2024-02-08T10:57:52.000000,2519.2412000000513,-42887.04675321125,-40367.80555321128
2024-02-08T10:57:57.000000,2519.2412000000513,-42872.92090642226,-40353.679706422285
2024-02-08T10:58:02.000000,2519.2412000000513,-42858.79505963327,-40339.55385963329
2024-02-08T10:58:07.000000,2519.2412000000513,-42844.669212844274,-40325.4280128443
2024-02-08T10:58:12.000000,2519.2412000000513,-42831.18545000024,-40311.94425000026
2024-02-08T11:05:07.000000,2407.1561914773247,-42831.18545000024,-40424.02925852299
2024-02-08T11:05:12.000000,2261.0932829545986,-42831.18545000024,-40570.09216704572
2024-02-08T11:05:17.000000,2115.0303744318726,-42831.18545000024,-40716.155075568444
2024-02-08T11:05:22.000000,1968.9674659091465,-42831.18545000024,-40862.21798409117
2024-02-08T11:05:27.000000,1805.9156073864208,-42831.18545000024,-41025.269842613896
2024-02-08T11:05:32.000000,1774.1437000000574,-42831.18545000024,-41057.04175000026
2024-02-08T11:10:47.000000,1631.0130307692893,-42831.18545000024,-41200.17241923103
2024-02-08T11:10:55.000000,1466.8960115385205,-42831.18545000024,-41364.2894384618
2024-02-08T11:11:02.000000,1316.7698923077514,-42831.18545000024,-41514.41555769257
2024-02-08T11:11:07.000000,1152.6528730769826,-42831.18545000024,-41678.53257692334
2024-02-08T11:11:12.000000,988.5358538462137,-42831.18545000024,-41842.64959615411
2024-02-08T11:11:17.000000,824.4188346154449,-42831.18545000024,-42006.76661538488
2024-02-08T11:11:22.000000,660.301815384676,-42831.18545000024,-42170.883634615646
2024-02-08T11:11:27.000000,489.1893461539086,-42831.18545000024,-42341.99610384641
2024-02-08T11:11:32.000000,311.0814269231401,-42831.18545000024,-42520.104023077176
2024-02-08T11:11:37.000000,260.19345000006336,-42831.18545000024,-42570.99200000025
2024-02-08T11:11:42.000000,322.3115200000634,-42831.18545000024,-42508.873930000256
2024-02-08T11:11:47.000000,384.42959000006346,-42831.18545000024,-42446.75586000026
2024-02-08T11:11:52.000000,446.5476600000635,-42831.18545000024,-42384.63779000026
2024-02-08T11:11:57.000000,508.66573000006355,-42831.18545000024,-42322.519720000266
2024-02-08T11:12:02.000000,570.7838000000636,-42831.18545000024,-42260.40165000027
2024-02-08T11:18:12.000000,570.7838000000636,-42857.11685000024,-42286.33305000027
2024-02-08T11:18:17.000000,570.7838000000636,-42883.04825000024,-42312.26445000027
2024-02-08T11:18:22.000000,570.7838000000636,-42908.97965000024,-42338.19585000027
2024-02-08T11:18:27.000000,570.7838000000636,-42911.301250000244,-42340.517450000276
2024-02-08T11:23:52.000000,570.7838000000636,-42918.45131250025,-42347.66751250028
2024-02-08T11:23:57.000000,570.7838000000636,-42925.60137500025,-42354.817575000285
2024-02-08T11:24:02.000000,570.7838000000636,-42932.75143750026,-42361.96763750029
2024-02-08T11:24:07.000000,570.7838000000636,-42934.90075000026,-42364.116950000294
2024-02-08T11:24:12.000000,570.7838000000636,-42936.62020000027,-42365.8364000003
2024-02-08T11:25:27.000000,570.7838000000636,-42953.528313580515,-42382.74451358055
2024-02-08T11:25:32.000000,570.7838000000636,-42970.43642716076,-42399.652627160795
2024-02-08T11:25:37.000000,570.7838000000636,-42987.34454074101,-42416.56074074104
2024-02-08T11:25:42.000000,570.7838000000636,-42977.60079074101,-42406.81699074104
2024-02-08T11:25:42.000000,570.7838000000636,-42989.129050000265,-42418.3452500003
2024-02-08T13:03:47.000000,530.2734000000643,-42989.129050000265,-42458.855650000296
2024-02-08T13:06:07.000000,530.2734000000643,-42847.08971750027,-42316.8163175003
2024-02-08T13:06:12.000000,530.2734000000643,-42666.04453500027,-42135.7711350003
2024-02-08T13:06:17.000000,530.2734000000643,-42498.00130250027,-41967.7279025003
2024-02-08T13:06:22.000000,530.2734000000643,-42488.07535000027,-41957.8019500003
2024-02-08T13:13:42.000000,416.8224000000664,-42488.07535000027,-42071.2529500003
2024-02-08T13:13:47.000000,303.37140000006855,-42488.07535000027,-42184.7039500003
2024-02-08T13:13:52.000000,194.91715000006968,-42488.07535000027,-42293.158200000296
2024-02-08T13:13:57.000000,86.46290000007082,-42488.07535000027,-42401.61245000029
2024-02-08T13:14:02.000000,-4.2978999999274805,-42488.07535000027,-42492.37325000029
2024-02-08T13:23:52.000000,19.639300000066754,-42488.07535000027,-42468.436050000295
2024-02-08T13:24:47.000000,19.639300000066754,-42610.06430243929,-42590.42500243932
2024-02-08T13:24:52.000000,19.639300000066754,-42741.054604878314,-42721.41530487834
2024-02-08T13:24:57.000000,19.639300000066754,-42872.04490731734,-42852.40560731736
2024-02-08T13:25:02.000000,19.639300000066754,-43012.036559756365,-42992.39725975639
2024-02-08T13:25:07.000000,19.639300000066754,-43089.80970000027,-43070.170400000294
2024-02-08T13:25:22.000000,33.48211000006644,-43089.80970000027,-43056.32759000029
2024-02-08T13:25:27.000000,35.332720000064256,-43089.80970000027,-43054.47698000029
2024-02-08T13:25:32.000000,37.18333000006207,-43089.80970000027,-43052.62637000029
2024-02-08T13:25:37.000000,39.033940000059886,-43089.80970000027,-43050.77576000029
2024-02-08T13:25:42.000000,40.8845500000577,-43089.80970000027,-43048.92515000029
2024-02-08T13:32:12.000000,-78.77264999994009,-43089.80970000027,-43168.58235000028
2024-02-08T13:32:17.000000,-185.43829999993815,-43089.80970000027,-43275.248000000276
2024-02-08T13:32:22.000000,-292.1039499999362,-43089.80970000027,-43381.91365000027
2024-02-08T13:32:27.000000,-349.53929999993517,-43089.80970000027,-43439.34900000027
2024-02-08T13:35:17.000000,-351.22994999993534,-43089.80970000027,-43441.03965000027
2024-02-08T13:40:17.000000,-351.22994999993534,-43165.06670000027,-43516.29665000027
2024-02-08T13:40:22.000000,-351.22994999993534,-43240.32370000028,-43591.55365000028
2024-02-08T13:40:27.000000,-351.22994999993534,-43315.58070000028,-43666.81065000028
2024-02-08T13:40:32.000000,-351.22994999993534,-43341.920650000284,-43693.150600000285
2024-02-08T13:40:57.000000,-330.6260899999349,-43341.920650000284,-43672.54674000028
2024-02-08T13:41:02.000000,-310.02222999993444,-43341.920650000284,-43651.94288000028
2024-02-08T13:41:07.000000,-273.42876999993433,-43341.920650000284,-43615.349420000275
2024-02-08T13:41:12.000000,-212.85090999993332,-43341.920650000284,-43554.77156000028
2024-02-08T13:41:17.000000,-152.2730499999323,-43341.920650000284,-43494.19370000028
2024-02-08T13:54:12.000000,-152.2730499999323,-43422.24187000028,-43574.51492000028
2024-02-08T13:58:57.000000,-152.2730499999323,-43337.174590000286,-43489.44764000028
2024-02-08T13:59:02.000000,-152.2730499999323,-43294.640950000285,-43446.91400000028
2024-02-08T14:01:12.000000,-152.2730499999323,-43215.64343283611,-43367.9164828361
2024-02-08T14:01:17.000000,-152.2730499999323,-43136.64591567193,-43288.918965671925
2024-02-08T14:01:22.000000,-152.2730499999323,-43044.64644850775,-43196.91949850775
2024-02-08T14:01:27.000000,-152.2730499999323,-42952.646981343576,-43104.92003134357
2024-02-08T14:01:32.000000,-152.2730499999323,-42873.6494641794,-43025.922514179394
2024-02-08T14:01:37.000000,-152.2730499999323,-42861.49600000029,-43013.76905000029
2024-02-08T14:05:37.000000,-132.1861999999318,-42861.49600000029,-42993.68220000029
2024-02-08T14:05:42.000000,-119.0947999999324,-42861.49600000029,-42980.59080000029
2024-02-08T14:05:47.000000,-113.48419999993266,-42861.49600000029,-42974.98020000029
2024-02-08T14:32:12.000000,-136.4048426281397,-42861.49600000029,-42997.90084262849
2024-02-08T14:32:17.000000,-182.31053525634627,-42861.49600000029,-43043.8065352567
2024-02-08T14:32:22.000000,-228.21622788455284,-42861.49600000029,-43089.712227884906
2024-02-08T14:32:27.000000,-251.13687051275988,-42861.49600000029,-43112.63287051311
2024-02-08T14:32:32.000000,-297.0425631409664,-42861.49600000029,-43158.538563141316
2024-02-08T14:32:37.000000,-319.96320576917344,-42861.49600000029,-43181.45920576952
2024-02-08T14:32:42.000000,-342.88384839738046,-42861.49600000029,-43204.37984839772
2024-02-08T14:32:47.000000,-342.8194410255839,-42861.49600000029,-43204.31544102592
2024-02-08T14:32:52.000000,-365.7400836537909,-42861.49600000029,-43227.23608365413
2024-02-08T14:32:57.000000,-388.66072628199794,-42861.49600000029,-43250.15672628233
2024-02-08T14:33:02.000000,-411.58136891020496,-42861.49600000029,-43273.07736891053
2024-02-08T14:33:07.000000,-411.5169615384084,-42861.49600000029,-43273.012961538734
2024-02-08T14:33:12.000000,-411.45255416661183,-42861.49600000029,-43272.948554166935
2024-02-08T14:33:17.000000,-411.4161499999442,-42861.49600000029,-43272.912150000266
2024-02-08T14:41:42.000000,-411.4161499999442,-42821.25196923106,-43232.668119231035
2024-02-08T14:41:47.000000,-411.4161499999442,-42796.09945000029,-43207.51560000027
2024-02-19T09:46:03.000000,-411.4161499999442,-42894.57479179134,-43305.990941791315
2024-02-19T09:51:47.000000,-411.4161499999442,-42770.91202604331,-43182.32817604329
2024-02-19T09:51:52.000000,-411.4161499999442,-42647.249260295284,-43058.66541029526
2024-02-19T09:51:57.000000,-411.4161499999442,-42523.58649454726,-42935.00264454723
2024-02-19T09:52:02.000000,-411.4161499999442,-42399.92372879923,-42811.339878799205
2024-02-19T09:52:07.000000,-411.4161499999442,-42301.2647130512,-42712.68086305117
2024-02-19T09:52:12.000000,-411.4161499999442,-42291.371691791355,-42702.78784179133
2024-02-19T10:01:27.000000,-411.4161499999442,-42341.14343258083,-42752.559582580805
2024-02-19T10:01:37.000000,-411.4161499999442,-42513.1520992475,-42924.56824924747
2024-02-19T10:01:42.000000,-411.4161499999442,-42693.161965914165,-43104.57811591414
2024-02-19T10:01:47.000000,-411.4161499999442,-42849.16823258083,-43260.584382580804
2024-02-19T10:01:47.000000,-411.4161499999442,-42966.69705231767,-43378.11320231765
2024-02-19T10:01:52.000000,-411.4161499999442,-43138.70571898434,-43550.121868984315
2024-02-19T10:01:57.000000,-411.4161499999442,-43310.71438565101,-43722.130535650984
2024-02-19T10:02:02.000000,-411.4161499999442,-43355.71685231767,-43767.13300231765
2024-02-19T10:04:32.000000,-411.4161499999442,-43468.498043107145,-43879.91419310712
2024-02-19T10:04:37.000000,-411.4161499999442,-43485.60979179136,-43897.02594179133
2024-02-19T10:10:07.000000,-411.4161499999442,-43536.26407835852,-43947.6802283585
2024-02-19T10:10:12.000000,-411.4161499999442,-43586.91836492569,-43998.334514925664
2024-02-19T10:10:17.000000,-411.4161499999442,-43614.19375000031,-44025.60990000029
2024-02-19T10:24:57.000000,-411.4161499999442,-43586.83895000031,-43998.255100000286
2024-02-19T10:25:47.000000,-437.0625106060047,-43586.83895000031,-44023.90146060634
2024-02-19T10:25:52.000000,-462.7088712120652,-43586.83895000031,-44049.5478212124
2024-02-19T10:25:57.000000,-501.34678181812546,-43586.83895000031,-44088.18573181846
2024-02-19T10:26:02.000000,-539.9846924241857,-43586.83895000031,-44126.823642424526
2024-02-19T10:26:07.000000,-578.622603030246,-43586.83895000031,-44165.46155303059
2024-02-19T10:26:12.000000,-581.5947499999429,-43586.83895000031,-44168.433700000285
2024-02-19T10:26:47.000000,-581.5947499999429,-43694.059150000314,-44275.65390000029
2024-02-19T10:26:52.000000,-581.5947499999429,-43801.27935000032,-44382.87410000029
2024-02-19T10:26:57.000000,-581.5947499999429,-43908.49955000032,-44490.094300000295
2024-02-19T10:27:02.000000,-581.5947499999429,-43995.71675000032,-44577.311500000294
2024-02-19T10:27:07.000000,-581.5947499999429,-44082.93395000032,-44664.52870000029
2024-02-19T10:27:12.000000,-581.5947499999429,-44099.737500000316,-44681.33225000029
2024-02-19T10:27:52.000000,-626.3322848836659,-44099.737500000316,-44726.069784884014
2024-02-19T10:27:57.000000,-681.0633197673906,-44099.737500000316,-44780.80081976774
2024-02-19T10:28:02.000000,-735.7943546511152,-44099.737500000316,-44835.53185465147
2024-02-19T10:28:07.000000,-800.5188895348379,-44099.737500000316,-44900.25638953519
2024-02-19T10:28:12.000000,-819.9362499999546,-44099.737500000316,-44919.67375000031
2024-02-19T10:33:22.000000,-819.9362499999546,-44127.76896666698,-44947.705216666975
2024-02-19T10:33:27.000000,-819.9362499999546,-44168.80238333365,-44988.73863333364
2024-02-19T10:33:32.000000,-819.9362499999546,-44209.83580000031,-45029.772050000305
2024-02-19T10:33:37.000000,-819.9362499999546,-44250.86921666698,-45070.80546666697
2024-02-19T10:33:42.000000,-819.9362499999546,-44304.90458333364,-45124.840833333634
2024-02-19T10:33:47.000000,-819.9362499999546,-44310.06130000031,-45129.9975500003
2024-02-19T11:15:12.000000,-819.9362499999546,-44373.489853424966,-45193.42610342496
2024-02-19T11:15:17.000000,-819.9362499999546,-44422.91630684962,-45242.85255684961
2024-02-19T11:15:22.000000,-819.9362499999546,-44472.342760274274,-45292.279010274266
2024-02-19T11:15:27.000000,-819.9362499999546,-44521.76921369893,-45341.70546369892
2024-02-19T11:15:32.000000,-819.9362499999546,-44585.19776712359,-45405.13401712358
2024-02-19T11:15:37.000000,-819.9362499999546,-44598.7896000003,-45418.72585000029
2024-02-19T11:15:47.000000,-819.9362499999546,-44565.59021368451,-45385.5264636845
2024-02-19T11:15:52.000000,-819.9362499999546,-44532.39082736872,-45352.32707736871
2024-02-19T11:15:57.000000,-819.9362499999546,-44499.19144105293,-45319.12769105292
2024-02-19T11:16:02.000000,-819.9362499999546,-44465.99205473714,-45285.92830473713
2024-02-19T11:16:07.000000,-819.9362499999546,-44448.60190000029,-45268.538150000284
2024-02-19T11:19:07.000000,-858.9624985293676,-44448.60190000029,-45307.5643985297
2024-02-19T11:19:12.000000,-897.9887470587805,-44448.60190000029,-45346.590647059114
2024-02-19T11:19:17.000000,-937.0149955881934,-44448.60190000029,-45385.61689558853
2024-02-19T11:19:22.000000,-976.0412441176063,-44448.60190000029,-45424.643144117945
2024-02-19T11:19:27.000000,-1015.0674926470192,-44448.60190000029,-45463.66939264736
2024-02-19T11:19:32.000000,-1024.0735499999607,-44448.60190000029,-45472.6754500003
2024-02-19T11:27:22.000000,-1024.0735499999607,-44491.21875277807,-45515.29230277808
2024-02-19T11:27:27.000000,-1024.0735499999607,-44507.60985000029,-45531.6834000003
2024-02-19T13:17:22.000000,-1024.0735499999607,-44597.04252096803,-45621.11607096804
2024-02-19T13:17:27.000000,-1024.0735499999607,-44686.47519193577,-45710.54874193578
2024-02-19T13:17:32.000000,-1024.0735499999607,-44787.90966290351,-45811.98321290352
2024-02-19T13:17:37.000000,-1024.0735499999607,-44889.34413387125,-45913.41768387126
2024-02-19T13:17:42.000000,-1024.0735499999607,-44990.77860483899,-46014.852154839
2024-02-19T13:17:47.000000,-1024.0735499999607,-45007.68435000028,-46031.75790000029
2024-02-19T14:09:42.000000,-1055.2628108695255,-45007.68435000028,-46062.94716086985
2024-02-19T14:09:47.000000,-1086.4520717390903,-45007.68435000028,-46094.136421739415
2024-02-19T14:09:52.000000,-1117.6413326086551,-45007.68435000028,-46125.32568260898
2024-02-19T14:09:57.000000,-1134.4355499999592,-45007.68435000028,-46142.11990000028
2024-02-20T09:50:12.000000,-1134.4355499999592,-44993.98450294146,-46128.42005294146
2024-02-20T09:50:17.000000,-1134.4355499999592,-44996.28705588263,-46130.722605882635
2024-02-20T09:50:22.000000,-1134.4355499999592,-44990.58840882381,-46125.02395882381
2024-02-20T09:50:27.000000,-1134.4355499999592,-44968.88736176499,-46103.32291176499
2024-02-20T09:50:32.000000,-1134.4355499999592,-44939.18511470616,-46073.62066470616
2024-02-20T09:50:37.000000,-1134.4355499999592,-44885.47926764734,-46019.91481764734
2024-02-20T09:50:42.000000,-1134.4355499999592,-44823.772220588515,-45958.20777058852
2024-02-20T09:50:47.000000,-1134.4355499999592,-44746.06277352969,-45880.49832352969
2024-02-20T09:50:52.000000,-1134.4355499999592,-44699.20685000028,-45833.64240000028
2024-02-20T10:00:22.000000,-1194.5237799999593,-44699.20685000028,-45893.73063000028
2024-02-20T10:00:27.000000,-1254.6120099999594,-44699.20685000028,-45953.81886000028
2024-02-20T10:00:32.000000,-1342.6820399999588,-44699.20685000028,-46041.888890000286
2024-02-20T10:00:37.000000,-1402.7702699999588,-44699.20685000028,-46101.97712000029
2024-02-20T10:00:42.000000,-1490.8402999999582,-44699.20685000028,-46190.04715000029
2024-02-20T10:06:32.000000,-1233.6521499999576,-44699.20685000028,-45932.85900000029
2024-02-20T10:15:22.000000,-1233.6521499999576,-44681.02055000028,-45914.67270000029
2024-02-20T10:15:27.000000,-1233.6521499999576,-44662.16068333361,-45895.81283333362
2024-02-20T10:15:32.000000,-1233.6521499999576,-44643.97438333361,-45877.62653333362
2024-02-20T10:15:37.000000,-1233.6521499999576,-44597.11031666694,-45830.76246666695
2024-02-20T10:15:42.000000,-1233.6521499999576,-44550.24625000027,-45783.89840000028
2024-02-20T10:20:17.000000,-1233.6521499999576,-44538.78021634643,-45772.43236634644
2024-02-20T10:20:22.000000,-1233.6521499999576,-44527.314182692586,-45760.966332692595
2024-02-20T10:20:27.000000,-1233.6521499999576,-44515.84814903874,-45749.50029903875
2024-02-20T10:20:32.000000,-1233.6521499999576,-44504.3821153849,-45738.03426538491
2024-02-20T10:20:37.000000,-1233.6521499999576,-44492.916081731055,-45726.568231731064
2024-02-20T10:20:42.000000,-1233.6521499999576,-44481.45004807721,-45715.10219807722
2024-02-20T10:20:47.000000,-1233.6521499999576,-44484.69910000029,-45718.3512500003
2024-02-20T10:21:47.000000,-1233.6521499999576,-44517.76920735323,-45751.42135735324
2024-02-20T10:21:52.000000,-1233.6521499999576,-44550.83931470617,-45784.49146470618
2024-02-20T10:21:57.000000,-1233.6521499999576,-44583.909422059114,-45817.56157205912
2024-02-20T10:22:02.000000,-1233.6521499999576,-44616.979529412056,-45850.631679412065
2024-02-20T10:22:07.000000,-1233.6521499999576,-44650.049636765,-45883.70178676501
2024-02-20T10:22:12.000000,-1233.6521499999576,-44657.68120000029,-45891.3333500003
2024-02-20T10:26:32.000000,-1233.6521499999576,-44679.40178705065,-45913.05393705066
2024-02-20T10:26:37.000000,-1233.6521499999576,-44701.12237410101,-45934.77452410102
2024-02-20T10:26:42.000000,-1233.6521499999576,-44749.847011151374,-45983.49916115138
2024-02-20T10:26:47.000000,-1233.6521499999576,-44798.57164820174,-46032.22379820175
2024-02-20T10:26:52.000000,-1233.6521499999576,-44847.2962852521,-46080.94843525211
2024-02-20T10:26:57.000000,-1233.6521499999576,-44854.5147500003,-46088.16690000031
2024-02-20T10:31:42.000000,-1233.6521499999576,-44831.75581627937,-46065.40796627938
2024-02-20T10:31:47.000000,-1233.6521499999576,-44808.996882558444,-46042.64903255845
2024-02-20T10:31:52.000000,-1233.6521499999576,-44786.237948837515,-46019.890098837524
2024-02-20T10:31:57.000000,-1233.6521499999576,-44779.23520000031,-46012.88735000032
2024-02-20T10:32:47.000000,-1233.6521499999576,-44818.1302920638,-46051.782442063806
2024-02-20T10:33:12.000000,-1233.6521499999576,-44871.908356349515,-46105.560506349524
2024-02-20T10:34:57.000000,-1233.6521499999576,-44871.678320635234,-46105.33047063524
2024-02-20T10:36:47.000000,-1233.6521499999576,-44790.43613492095,-46024.08828492096
2024-02-20T10:36:52.000000,-1233.6521499999576,-44709.19394920667,-45942.846099206676
2024-02-20T10:36:57.000000,-1233.6521499999576,-44694.149100000315,-45927.801250000324
2024-02-20T10:37:52.000000,-1291.3384499999568,-44694.149100000315,-45985.487550000325
2024-02-20T10:37:57.000000,-1349.024749999956,-44694.149100000315,-46043.17385000033
2024-02-20T10:38:02.000000,-1406.711049999955,-44694.149100000315,-46100.86015000033
2024-02-20T10:38:07.000000,-1464.3973499999543,-44694.149100000315,-46158.54645000033
2024-02-20T10:38:12.000000,-1522.0836499999534,-44694.149100000315,-46216.23275000033
2024-02-20T10:41:37.000000,-1494.3121839805353,-44694.149100000315,-46188.46128398091
2024-02-20T10:41:42.000000,-1466.5407179611173,-44694.149100000315,-46160.689817961495
2024-02-20T10:41:47.000000,-1438.7692519416992,-44694.149100000315,-46132.91835194208
2024-02-20T10:41:52.000000,-1410.997785922281,-44694.149100000315,-46105.14688592266
2024-02-20T10:41:57.000000,-1383.226319902863,-44694.149100000315,-46077.37541990324
2024-02-20T10:42:02.000000,-1379.0605999999502,-44694.149100000315,-46073.20970000033
2024-02-20T10:43:32.000000,-1379.0605999999502,-44779.83960000032,-46158.90020000033
2024-02-20T10:43:37.000000,-1379.0605999999502,-44865.530100000324,-46244.590700000335
2024-02-20T10:43:42.000000,-1379.0605999999502,-44937.21850000032,-46316.279100000334
2024-02-20T10:43:47.000000,-1379.0605999999502,-45008.90690000032,-46387.96750000033
2024-02-20T10:43:52.000000,-1379.0605999999502,-45080.59530000032,-46459.65590000033
2024-02-20T10:43:57.000000,-1379.0605999999502,-45085.71590000032,-46464.776500000335
2024-02-20T10:50:17.000000,-1379.0605999999502,-45135.130600000324,-46514.191200000336
2024-02-20T10:50:22.000000,-1379.0605999999502,-45208.54890000033,-46587.60950000034
2024-02-20T10:50:27.000000,-1379.0605999999502,-45245.25805000033,-46624.31865000034
2024-02-20T11:27:17.000000,-1379.0605999999502,-45348.976850000334,-46728.037450000345
2024-02-20T11:27:22.000000,-1379.0605999999502,-45444.69445000034,-46823.75505000035
2024-02-20T11:27:27.000000,-1379.0605999999502,-45548.41325000034,-46927.47385000035
2024-02-20T11:27:32.000000,-1379.0605999999502,-45652.13205000034,-47031.192650000354
2024-02-20T11:27:37.000000,-1379.0605999999502,-45755.850850000345,-47134.911450000356
2024-02-20T13:14:42.000000,-1408.0299999999504,-45755.850850000345,-47163.88085000036
2024-02-20T13:47:12.000000,-1408.0299999999504,-45825.80714736877,-47233.83714736878
2024-02-20T13:50:22.000000,-1408.0299999999504,-45865.75894473719,-47273.7889447372
2024-02-20T13:50:32.000000,-1408.0299999999504,-45965.66553947403,-47373.69553947404
2024-02-20T13:50:37.000000,-1408.0299999999504,-46065.57213421087,-47473.60213421089
2024-02-20T13:50:42.000000,-1408.0299999999504,-46185.481728947714,-47593.51172894773
2024-02-20T13:50:47.000000,-1408.0299999999504,-46285.38832368456,-47693.41832368457
2024-02-20T13:50:52.000000,-1408.0299999999504,-46385.2949184214,-47793.324918421415
2024-02-20T13:50:57.000000,-1408.0299999999504,-46445.19551315824,-47853.22551315826
2024-02-20T13:51:02.000000,-1408.0299999999504,-46465.090107895085,-47873.1201078951
2024-02-20T13:51:07.000000,-1408.0299999999504,-46484.984702631926,-47893.01470263194
2024-02-20T13:51:12.000000,-1408.0299999999504,-46484.930500000344,-47892.96050000036
2024-02-20T13:53:07.000000,-1408.0299999999504,-46619.671951923425,-48027.70195192344
2024-02-20T13:53:12.000000,-1408.0299999999504,-46754.413403846505,-48162.44340384652
2024-02-20T13:53:17.000000,-1408.0299999999504,-46874.15260576958,-48282.182605769594
2024-02-20T13:53:22.000000,-1408.0299999999504,-46993.89180769266,-48401.92180769267
2024-02-20T13:53:27.000000,-1408.0299999999504,-47113.63100961573,-48521.661009615746
2024-02-20T13:53:32.000000,-1408.0299999999504,-47137.57885000035,-48545.60885000036
2024-02-21T10:15:07.000000,-1408.0299999999504,-47251.146890000346,-48659.17689000036
2024-02-21T10:15:12.000000,-1408.0299999999504,-47364.714930000344,-48772.74493000036
2024-02-21T10:15:17.000000,-1408.0299999999504,-47421.49895000034,-48829.52895000036
2024-02-21T10:28:47.000000,-1408.0299999999504,-47448.598667073515,-48856.62866707353
2024-02-21T10:29:22.000000,-1408.0299999999504,-47502.79810121986,-48910.82810121987
2024-02-21T10:29:27.000000,-1408.0299999999504,-47556.9975353662,-48965.027535366215
2024-02-21T10:29:32.000000,-1408.0299999999504,-47611.196969512544,-49019.22696951256
2024-02-21T10:29:37.000000,-1408.0299999999504,-47665.39640365889,-49073.4264036589
2024-02-21T10:29:42.000000,-1408.0299999999504,-47699.27105000035,-49107.301050000366
2024-02-21T10:35:52.000000,-1408.0299999999504,-47769.096572581,-49177.126572581015
2024-02-21T10:35:57.000000,-1408.0299999999504,-47789.46235000036,-49197.49235000037
2024-02-21T10:38:52.000000,-1408.0299999999504,-47809.31473888925,-49217.34473888926
2024-02-21T10:43:37.000000,-1408.0299999999504,-47869.02251666703,-49277.05251666704
2024-02-21T10:43:42.000000,-1408.0299999999504,-47928.73029444481,-49336.76029444482
2024-02-21T10:43:47.000000,-1408.0299999999504,-47988.43807222259,-49396.468072222604
2024-02-21T10:43:52.000000,-1408.0299999999504,-48048.14585000037,-49456.175850000385
2024-02-21T10:43:57.000000,-1408.0299999999504,-48066.01300000037,-49474.04300000038
2024-02-21T11:07:22.000000,-1408.0299999999504,-48137.36161538499,-49545.391615385
2024-02-21T11:07:27.000000,-1408.0299999999504,-48208.710230769604,-49616.74023076962
2024-02-21T11:07:32.000000,-1408.0299999999504,-48280.05884615422,-49688.088846154234
2024-02-21T11:07:37.000000,-1408.0299999999504,-48351.40746153884,-49759.43746153885
2024-02-21T11:07:42.000000,-1408.0299999999504,-48390.64920000038,-49798.67920000039
2024-02-21T11:25:47.000000,-1329.1357799999475,-48390.64920000038,-49719.78498000039
2024-02-21T11:25:52.000000,-1270.2285599999477,-48390.64920000038,-49660.87776000039
2024-02-21T11:25:57.000000,-1211.321339999948,-48390.64920000038,-49601.97054000039
2024-02-21T11:26:02.000000,-1152.414119999948,-48390.64920000038,-49543.06332000039
2024-02-21T11:26:07.000000,-1093.5068999999482,-48390.64920000038,-49484.156100000386
2024-02-21T13:18:27.000000,-1093.5068999999482,-48310.48120000038,-49403.98810000039
2024-02-21T13:18:32.000000,-1093.5068999999482,-48230.31320000038,-49323.82010000039
2024-02-21T13:18:37.000000,-1093.5068999999482,-48175.19770000038,-49268.70460000039
2024-02-21T13:56:37.000000,-2183.656949999959,-48175.19770000038,-50358.8546500004
2024-02-21T14:02:47.000000,-1973.9744499999606,-48175.19770000038,-50149.172150000406
2024-02-21T14:10:57.000000,-1973.9744499999606,-48173.46669210565,-50147.44114210567
2024-02-21T14:11:02.000000,-1973.9744499999606,-48171.735684210915,-50145.71013421094
2024-02-21T14:11:07.000000,-1973.9744499999606,-48170.00467631618,-50143.979126316204
2024-02-21T14:11:12.000000,-1973.9744499999606,-48161.27261842145,-50135.24706842147
2024-02-21T14:11:17.000000,-1973.9744499999606,-48152.540560526715,-50126.51501052674
2024-02-21T14:11:22.000000,-1973.9744499999606,-48148.7982500004,-50122.77270000042
2024-02-21T14:20:52.000000,-1973.9744499999606,-48156.38861923117,-50130.36306923119
2024-02-21T14:20:57.000000,-1973.9744499999606,-48161.1326000004,-50135.10705000042
2024-02-21T14:28:27.000000,-1973.9744499999606,-48145.25293918959,-50119.22738918961
2024-02-21T14:28:32.000000,-1973.9744499999606,-48115.37117837878,-50089.345628378804
2024-02-21T14:28:37.000000,-1973.9744499999606,-48099.49151756797,-50073.465967567994
2024-02-21T14:28:42.000000,-1973.9744499999606,-48069.60975675716,-50043.58420675719
2024-02-21T14:28:47.000000,-1973.9744499999606,-48032.72694594635,-50006.70139594637
2024-02-21T14:28:52.000000,-1973.9744499999606,-48024.189300000406,-49998.16375000043
2024-02-22T09:53:37.000000,-1973.9744499999606,-48053.065282353346,-50027.03973235337
2024-02-22T09:53:42.000000,-1973.9744499999606,-48087.942164706285,-50061.91661470631
2024-02-22T09:53:57.000000,-1973.9744499999606,-48152.379427704385,-50126.35387770441
2024-02-22T09:58:07.000000,-1973.9744499999606,-48064.69734136662,-50038.67179136664
2024-02-22T09:58:12.000000,-1973.9744499999606,-48005.01945502886,-49978.99390502888
2024-02-22T09:58:17.000000,-1973.9744499999606,-47945.341568691096,-49919.31601869112
2024-02-22T09:58:22.000000,-1973.9744499999606,-47892.66473235333,-49866.639182353356
2024-02-22T09:58:27.000000,-1973.9744499999606,-47797.98159601557,-49771.95604601559
2024-02-22T09:58:32.000000,-1973.9744499999606,-47703.298459677804,-49677.27290967783
2024-02-22T09:58:37.000000,-1973.9744499999606,-47587.61217334004,-49561.58662334007
2024-02-22T09:58:42.000000,-1973.9744499999606,-47478.92693700228,-49452.901387002305
2024-02-22T09:58:47.000000,-1973.9744499999606,-47426.346650000385,-49400.32110000041
2024-02-22T10:07:47.000000,-2174.6999949999604,-47426.346650000385,-49601.04664500041
2024-02-22T10:07:52.000000,-2368.430089999961,-47426.346650000385,-49794.77674000041
2024-02-22T10:07:57.000000,-2555.164734999961,-47426.346650000385,-49981.511385000405
2024-02-22T10:08:02.000000,-2727.9084799999614,-47426.346650000385,-50154.255130000405
2024-02-22T10:08:07.000000,-2893.6567749999604,-47426.346650000385,-50320.0034250004
2024-02-22T10:08:12.000000,-3059.4050699999593,-47426.346650000385,-50485.7517200004
2024-02-22T10:08:17.000000,-3211.1624649999585,-47426.346650000385,-50637.5091150004
2024-02-22T10:08:22.000000,-3355.924409999959,-47426.346650000385,-50782.2710600004
2024-02-22T10:08:27.000000,-3493.690904999959,-47426.346650000385,-50920.037555000396
2024-02-22T10:08:32.000000,-3624.4619499999576,-47426.346650000385,-51050.8086000004
2024-02-22T10:12:37.000000,-3732.7045342104834,-47426.346650000385,-51159.051184210926
2024-02-22T10:12:42.000000,-3847.9425684210078,-47426.346650000385,-51274.28921842145
2024-02-22T10:12:47.000000,-3963.180602631532,-47426.346650000385,-51389.527252631975
2024-02-22T10:12:52.000000,-4092.409536842059,-47426.346650000385,-51518.756186842504
2024-02-22T10:12:57.000000,-4207.647571052584,-47426.346650000385,-51633.99422105303
2024-02-22T10:13:02.000000,-4263.031399999953,-47426.346650000385,-51689.3780500004
2024-02-22T10:24:27.000000,-4263.031399999953,-47432.815850000385,-51695.8472500004
2024-02-22T10:24:32.000000,-4263.031399999953,-47439.285050000384,-51702.3164500004
2024-02-22T13:31:47.000000,-4263.031399999953,-47462.83998000038,-51725.8713800004
2024-02-22T13:31:52.000000,-4263.031399999953,-47466.391910000384,-51729.4233100004
2024-02-22T13:31:57.000000,-4263.031399999953,-47469.943840000386,-51732.9752400004
2024-02-22T13:32:02.000000,-4263.031399999953,-47481.927136000384,-51744.9585360004
2024-02-22T13:32:02.000000,-4263.031399999953,-47485.479066000386,-51748.5104660004
2024-02-22T13:32:07.000000,-4263.031399999953,-47473.45876200039,-51736.4901620004
2024-02-22T13:32:07.000000,-4263.031399999953,-47497.013692000386,-51760.0450920004
2024-02-22T13:32:12.000000,-4263.031399999953,-47484.99338800039,-51748.0247880004
2024-02-22T13:32:17.000000,-4263.031399999953,-47496.97668400039,-51760.0080840004
2024-02-22T13:32:22.000000,-4263.031399999953,-47508.959980000385,-51771.9913800004
2024-02-22T13:32:27.000000,-4263.031399999953,-47520.943276000384,-51783.9746760004
2024-02-22T13:32:32.000000,-4263.031399999953,-47523.93910000038,-51786.970500000396
2024-02-22T13:46:02.000000,-4263.031399999953,-47613.83626944483,-51876.867669444844
2024-02-22T13:46:07.000000,-4263.031399999953,-47696.73238888928,-51959.76378888929
2024-02-22T13:46:12.000000,-4263.031399999953,-47779.62850833373,-52042.65990833374
2024-02-22T13:46:17.000000,-4263.031399999953,-47876.526727778175,-52139.55812777819
2024-02-22T13:46:22.000000,-4263.031399999953,-47973.42494722262,-52236.45634722264
2024-02-22T13:46:27.000000,-4263.031399999953,-47988.2677000004,-52251.29910000041
2024-02-23T09:50:02.000000,-4378.491186842059,-47988.2677000004,-52366.758886842515
2024-02-23T09:50:17.000000,-4433.970052631532,-47988.2677000004,-52422.23775263199
2024-02-23T09:52:42.000000,-4484.407990034463,-47988.2677000004,-52472.67569003492
2024-02-23T09:52:47.000000,-4506.864127437395,-47988.2677000004,-52495.13182743785
2024-02-23T09:52:52.000000,-4515.329364840324,-47988.2677000004,-52503.59706484078
2024-02-23T09:52:57.000000,-4516.799152243255,-47988.2677000004,-52505.06685224371
2024-02-23T09:53:02.000000,-4511.273489646185,-47988.2677000004,-52499.54118964664
2024-02-23T09:53:07.000000,-4526.734177049116,-47988.2677000004,-52515.00187704957
2024-02-23T09:53:12.000000,-4500.222164452048,-47988.2677000004,-52488.4898644525
2024-02-23T09:53:17.000000,-4445.7283518549775,-47988.2677000004,-52433.99605185543
2024-02-23T09:53:22.000000,-4406.804199999928,-47988.2677000004,-52395.07190000038
2024-02-23T10:01:42.000000,-4423.145543420982,-47988.2677000004,-52411.41324342143
2024-02-23T10:01:47.000000,-4432.491436842035,-47988.2677000004,-52420.759136842484
2024-02-23T10:01:52.000000,-4448.832780263089,-47988.2677000004,-52437.100480263536
2024-02-23T10:01:57.000000,-4465.1741236841435,-47988.2677000004,-52453.44182368459
2024-02-23T10:02:02.000000,-4495.506367105197,-47988.2677000004,-52483.774067105645
2024-02-23T10:02:07.000000,-4508.505899999934,-47988.2677000004,-52496.773600000386
2024-02-23T10:27:07.000000,-4508.505899999934,-48035.69188666706,-52544.19778666705
2024-02-23T10:27:12.000000,-4508.505899999934,-48077.1880500004,-52585.69395000039
2024-02-23T10:37:22.000000,-4605.3975585365215,-48077.1880500004,-52682.585608536974
2024-02-23T10:37:27.000000,-4702.289217073109,-48077.1880500004,-52779.47726707356
2024-02-23T10:37:32.000000,-4775.196475609698,-48077.1880500004,-52852.38452561015
2024-02-23T10:37:37.000000,-4848.103734146286,-48077.1880500004,-52925.291784146735
2024-02-23T10:37:42.000000,-4921.0109926828745,-48077.1880500004,-52998.19904268332
2024-02-23T10:37:47.000000,-4930.124399999948,-48077.1880500004,-53007.3124500004
2024-02-23T11:27:22.000000,-4930.124399999948,-48060.7416500004,-52990.8660500004
2024-02-23T11:27:27.000000,-4930.124399999948,-48036.2940500004,-52966.4184500004
2024-02-23T11:27:32.000000,-4930.124399999948,-48024.0702500004,-52954.1946500004
2024-02-23T13:03:27.000000,-4930.124399999948,-47943.7614500004,-52873.8858500004
2024-02-23T13:03:32.000000,-4930.124399999948,-47863.4526500004,-52793.5770500004
2024-02-23T13:03:37.000000,-4930.124399999948,-47783.1438500004,-52713.2682500004
2024-02-23T13:03:42.000000,-4930.124399999948,-47702.8350500004,-52632.9594500004
2024-02-23T13:03:47.000000,-4930.124399999948,-47646.52985000041,-52576.65425000041
2024-02-23T13:03:52.000000,-4930.124399999948,-47641.837750000406,-52571.96215000041
2024-02-23T13:24:52.000000,-4959.9719733332795,-47641.837750000406,-52601.80972333374
2024-02-23T13:24:57.000000,-4986.088599999945,-47641.837750000406,-52627.9263500004
2024-02-23T13:44:12.000000,-4986.088599999945,-47671.75505000041,-52657.8436500004
2024-02-23T13:44:17.000000,-4986.088599999945,-47701.67235000041,-52687.760950000404
2024-02-23T13:44:22.000000,-4986.088599999945,-47731.58965000041,-52717.678250000405
2024-02-23T13:44:27.000000,-4986.088599999945,-47761.50695000041,-52747.595550000406
2024-02-23T13:44:32.000000,-4986.088599999945,-47785.01340000041,-52771.10200000041
2024-02-23T13:54:32.000000,-4986.088599999945,-47804.87760000041,-52790.9662000004
2024-02-23T13:54:37.000000,-4986.088599999945,-47842.05460000041,-52828.143200000406
2024-02-23T14:20:12.000000,-4986.088599999945,-47774.850289474096,-52760.93888947409
2024-02-23T14:20:17.000000,-4986.088599999945,-47707.64597894778,-52693.73457894778
2024-02-23T14:20:22.000000,-4986.088599999945,-47626.43956842146,-52612.52816842146
2024-02-23T14:20:27.000000,-4986.088599999945,-47538.23210789514,-52524.32070789514
2024-02-23T14:20:32.000000,-4986.088599999945,-47450.024647368824,-52436.11324736882
2024-02-23T14:20:37.000000,-4986.088599999945,-47409.221000000405,-52395.3096000004
2024-02-26T09:48:42.000000,-5060.6483610737705,-47409.221000000405,-52469.86936107423
2024-02-26T09:48:47.000000,-5175.59465939592,-47409.221000000405,-52584.81565939637
2024-02-26T09:48:52.000000,-5212.874539932833,-47409.221000000405,-52622.09553993329
2024-02-26T09:49:37.000000,-5238.162220469746,-47409.221000000405,-52647.383220470205
2024-02-26T09:51:12.000000,-5305.747579865724,-47409.221000000405,-52714.96857986618
2024-02-26T09:51:22.000000,-5309.071449999953,-47409.221000000405,-52718.29245000041
2024-02-26T10:41:42.000000,-5309.071449999953,-47439.43603414675,-52748.50748414675
2024-02-26T10:41:47.000000,-5309.071449999953,-47469.65106829309,-52778.72251829309
2024-02-26T10:41:52.000000,-5309.071449999953,-47499.86610243943,-52808.937552439435
2024-02-26T10:41:57.000000,-5309.071449999953,-47530.08113658577,-52839.15258658578
2024-02-26T10:42:02.000000,-5309.071449999953,-47560.296170732116,-52869.36762073212
2024-02-26T10:42:07.000000,-5309.071449999953,-47564.07305000041,-52873.14450000041
2024-02-26T13:17:57.000000,-5384.952449999955,-47564.07305000041,-52949.02550000041
2024-02-26T13:18:02.000000,-5460.833449999957,-47564.07305000041,-53024.90650000041
2024-02-26T13:18:07.000000,-5536.7144499999595,-47564.07305000041,-53100.78750000041
2024-02-26T13:18:12.000000,-5622.588949999959,-47564.07305000041,-53186.66200000041
2024-02-26T13:18:17.000000,-5674.113649999959,-47564.07305000041,-53238.18670000041
2024-02-26T14:03:02.000000,-5682.925331818141,-47564.07305000041,-53246.998381818594
2024-02-26T14:07:17.000000,-5723.629773710032,-47564.07305000041,-53287.70282371048
2024-02-26T14:07:22.000000,-5771.329665601923,-47564.07305000041,-53335.40271560237
2024-02-26T14:07:27.000000,-5826.025007493814,-47564.07305000041,-53390.098057494266
2024-02-26T14:07:32.000000,-5873.724899385705,-47564.07305000041,-53437.79794938616
2024-02-26T14:07:37.000000,-5921.424791277595,-47564.07305000041,-53485.49784127805
2024-02-26T14:07:42.000000,-5933.054631818136,-47564.07305000041,-53497.12768181859
2024-02-26T14:07:52.000000,-5926.533840962521,-47564.07305000041,-53490.606890962976
2024-02-26T14:07:57.000000,-5920.013050106906,-47564.07305000041,-53484.086100107364
2024-02-26T14:08:02.000000,-5913.492259251291,-47564.07305000041,-53477.56530925175
2024-02-26T14:08:07.000000,-5906.971468395676,-47564.07305000041,-53471.04451839614
2024-02-26T14:08:12.000000,-5900.450677540061,-47564.07305000041,-53464.52372754053
2024-02-26T14:08:17.000000,-5893.9298866844465,-47564.07305000041,-53458.00293668492
2024-02-26T14:08:22.000000,-5880.413645828831,-47564.07305000041,-53444.486695829306
2024-02-26T14:08:27.000000,-5866.897404973216,-47564.07305000041,-53430.97045497369
2024-02-26T14:08:32.000000,-5853.381164117601,-47564.07305000041,-53417.45421411808
2024-02-26T14:08:37.000000,-5846.860373261986,-47564.07305000041,-53410.93342326247
2024-02-26T14:08:42.000000,-5833.344132406371,-47564.07305000041,-53397.417182406854
2024-02-26T14:08:47.000000,-5812.832441550754,-47564.07305000041,-53376.90549155124
2024-02-26T14:08:52.000000,-5808.902849999952,-47564.07305000041,-53372.975900000434
2024-02-26T14:11:47.000000,-5814.970349999951,-47564.07305000041,-53379.04340000043
2024-02-26T14:24:47.000000,-5814.970349999951,-47505.10180000041,-53320.07215000044
2024-02-27T13:09:17.000000,-5814.970349999951,-47558.97470000041,-53373.94505000044
2024-02-27T13:09:22.000000,-5814.970349999951,-47612.847600000416,-53427.81795000044
2024-02-27T13:09:27.000000,-5814.970349999951,-47666.72050000042,-53481.69085000044
2024-02-27T13:09:32.000000,-5814.970349999951,-47728.59460000042,-53543.564950000444
2024-02-27T13:09:37.000000,-5814.970349999951,-47790.46870000042,-53605.439050000445
2024-02-27T13:19:22.000000,-5814.970349999951,-47816.91943600042,-53631.88978600044
2024-02-27T13:19:27.000000,-5814.970349999951,-47835.36897200042,-53650.339322000444
2024-02-27T13:19:32.000000,-5814.970349999951,-47853.81850800042,-53668.788858000444
2024-02-27T13:19:37.000000,-5814.970349999951,-47872.26804400042,-53687.238394000444
2024-02-27T13:19:42.000000,-5814.970349999951,-47890.71758000042,-53705.687930000444
2024-02-27T13:19:47.000000,-5814.970349999951,-47901.16591600042,-53716.136266000445
2024-02-27T13:19:52.000000,-5814.970349999951,-47903.77800000042,-53718.748350000445
2024-02-27T13:37:42.000000,-5814.970349999951,-47856.28340000042,-53671.25375000045
2024-02-27T13:37:47.000000,-5814.970349999951,-47808.788800000424,-53623.75915000045
2024-02-27T13:37:52.000000,-5814.970349999951,-47761.294200000426,-53576.26455000045
2024-02-27T13:37:57.000000,-5814.970349999951,-47713.79960000043,-53528.76995000045
2024-02-27T13:38:02.000000,-5814.970349999951,-47666.30500000043,-53481.275350000455
2024-02-27T13:38:07.000000,-5814.970349999951,-47642.55770000043,-53457.52805000045
2024-02-27T13:48:37.000000,-5814.970349999951,-47785.336600000424,-53600.30695000045
2024-02-27T13:48:42.000000,-5814.970349999951,-47940.11730000043,-53755.08765000045
2024-02-27T13:48:47.000000,-5814.970349999951,-48100.89890000043,-53915.869250000454
2024-02-27T13:48:52.000000,-5814.970349999951,-48261.68050000043,-54076.65085000046
2024-02-27T13:48:57.000000,-5814.970349999951,-48416.461200000434,-54231.43155000046
2024-02-27T13:49:02.000000,-5814.970349999951,-48502.852900000435,-54317.82325000046
2024-02-27T14:17:27.000000,-5814.970349999951,-48518.61290000044,-54333.58325000046
2024-02-27T14:17:32.000000,-5814.970349999951,-48534.37290000044,-54349.343250000464
2024-02-27T14:17:37.000000,-5814.970349999951,-48550.13290000044,-54365.103250000466
2024-02-27T14:17:42.000000,-5814.970349999951,-48565.89290000044,-54380.86325000047
2024-02-27T14:17:47.000000,-5814.970349999951,-48581.652900000445,-54396.62325000047
2024-02-27T14:17:52.000000,-5814.970349999951,-48582.440900000445,-54397.41125000047
2024-02-27T14:18:27.000000,-5919.994922727225,-48582.440900000445,-54502.43582272774
2024-02-27T14:18:32.000000,-6025.019495454498,-48582.440900000445,-54607.46039545501
2024-02-27T14:18:37.000000,-6130.044068181771,-48582.440900000445,-54712.48496818228
2024-02-27T14:18:42.000000,-6235.068640909044,-48582.440900000445,-54817.50954090955
2024-02-27T14:18:47.000000,-6322.104913636316,-48582.440900000445,-54904.545813636825
2024-02-27T14:18:52.000000,-6365.623049999953,-48582.440900000445,-54948.06395000046
2024-02-28T10:05:57.000000,-6381.993533823482,-48582.440900000445,-54964.43443382399
2024-02-28T10:06:02.000000,-6406.200429411716,-48582.440900000445,-54988.641329412225
2024-02-28T10:10:37.000000,-6374.443724999949,-48582.440900000445,-54956.88462500046
2024-02-28T10:10:42.000000,-6349.682470588184,-48582.440900000445,-54932.12337058869
2024-02-28T10:10:47.000000,-6317.925766176417,-48582.440900000445,-54900.366666176924
2024-02-28T10:10:52.000000,-6307.313799999945,-48582.440900000445,-54889.754700000456
2024-02-28T10:16:27.000000,-6307.313799999945,-48621.360585000446,-54928.67438500046
2024-02-28T10:16:52.000000,-6307.313799999945,-48630.05029000044,-54937.364090000454
2024-02-28T10:19:52.000000,-6307.313799999945,-48646.45451280746,-54953.76831280747
2024-02-28T10:21:22.000000,-6307.313799999945,-48747.846522807464,-55055.160322807475
2024-02-28T10:24:32.000000,-6307.313799999945,-48874.160061403956,-55181.47386140397
2024-02-28T10:24:37.000000,-6307.313799999945,-49046.48050000045,-55353.79430000046
2024-02-28T10:24:42.000000,-6307.313799999945,-49218.80093859694,-55526.11473859695
2024-02-28T10:24:47.000000,-6307.313799999945,-49414.12482719344,-55721.43862719345
2024-02-28T10:24:52.000000,-6307.313799999945,-49518.54225000046,-55825.85605000047
2024-02-28T10:30:37.000000,-6307.313799999945,-49683.63596951265,-55990.94976951266
2024-02-28T10:30:42.000000,-6307.313799999945,-49812.83975000046,-56120.15355000047
2024-02-28T10:42:12.000000,-6384.4742136904215,-49812.83975000046,-56197.31396369095
2024-02-28T10:42:17.000000,-6461.634627380898,-49812.83975000046,-56274.474377381426
2024-02-28T10:42:22.000000,-6481.832091071371,-49812.83975000046,-56294.6718410719
2024-02-28T10:42:27.000000,-6502.029554761844,-49812.83975000046,-56314.86930476237
2024-02-28T10:42:32.000000,-6541.214668452318,-49812.83975000046,-56354.05441845284
2024-02-28T10:42:37.000000,-6561.412132142791,-49812.83975000046,-56374.25188214331
2024-02-28T10:42:42.000000,-6581.609595833264,-49812.83975000046,-56394.44934583378
2024-02-28T10:42:47.000000,-6601.807059523738,-49812.83975000046,-56414.64680952425
2024-02-28T10:42:52.000000,-6603.016873214212,-49812.83975000046,-56415.85662321473
2024-02-28T10:42:57.000000,-6585.239036904686,-49812.83975000046,-56398.0787869052
2024-02-28T10:43:02.000000,-6567.46120059516,-49812.83975000046,-56380.30095059567
2024-02-28T10:43:07.000000,-6568.671014285635,-49812.83975000046,-56381.51076428615
2024-02-28T10:43:12.000000,-6588.868477976108,-49812.83975000046,-56401.70822797662
2024-02-28T10:43:17.000000,-6594.183599999917,-49812.83975000046,-56407.023350000425
2024-02-28T10:44:27.000000,-6619.5234249999185,-49812.83975000046,-56432.36317500043
2024-02-28T10:44:32.000000,-6659.100187499917,-49812.83975000046,-56471.93993750043
2024-02-28T10:44:37.000000,-6717.6645999999155,-49812.83975000046,-56530.504350000425
2024-02-28T10:45:17.000000,-6734.255369013999,-49812.83975000046,-56547.095119014506
2024-02-28T10:45:42.000000,-6688.550440844986,-49812.83975000046,-56501.39019084549
2024-02-28T10:45:47.000000,-6630.817899999916,-49812.83975000046,-56443.65765000042
2024-02-28T10:46:22.000000,-6654.962892307607,-49812.83975000046,-56467.80264230811
2024-02-28T10:46:57.000000,-6692.613045755883,-49812.83975000046,-56505.452795756384
2024-02-28T10:47:17.000000,-6773.467953801859,-49812.83975000046,-56586.30770380236
2024-02-28T10:47:22.000000,-6868.313761847835,-49812.83975000046,-56681.15351184834
2024-02-28T10:47:27.000000,-6970.155019893812,-49812.83975000046,-56782.994769894314
2024-02-28T10:47:32.000000,-7065.000827939788,-49812.83975000046,-56877.84057794029
2024-02-28T10:47:37.000000,-7173.837535985764,-49812.83975000046,-56986.67728598626
2024-02-28T10:47:42.000000,-7282.674244031739,-49812.83975000046,-57095.51399403223
2024-02-28T10:47:47.000000,-7384.5155020777165,-49812.83975000046,-57197.35525207821
2024-02-28T10:47:52.000000,-7500.3476601236935,-49812.83975000046,-57313.187410124185
2024-02-28T10:47:57.000000,-7616.17981816967,-49812.83975000046,-57429.01956817016
2024-02-28T10:48:02.000000,-7718.021076215648,-49812.83975000046,-57530.860826216136
2024-02-28T10:48:07.000000,-7826.857784261623,-49812.83975000046,-57639.69753426211
2024-02-28T10:48:12.000000,-7942.6899423076,-49812.83975000046,-57755.52969230808
2024-02-28T10:51:22.000000,-7812.3174782050355,-49812.83975000046,-57625.15722820552
2024-02-28T10:51:27.000000,-7674.9495641024705,-49812.83975000046,-57487.789314102956
2024-02-28T10:51:32.000000,-7537.5816499999055,-49812.83975000046,-57350.42140000039
2024-02-28T10:54:57.000000,-7537.5816499999055,-49829.71118500046,-57367.29283500039
2024-02-28T10:59:52.000000,-7537.5816499999055,-49870.32312000046,-57407.904770000394
2024-02-28T10:59:57.000000,-7537.5816499999055,-49910.93505500046,-57448.516705000395
2024-02-28T11:00:02.000000,-7537.5816499999055,-49951.54699000046,-57489.128640000396
2024-02-28T11:00:07.000000,-7537.5816499999055,-49963.150400000464,-57500.7320500004
2024-02-28T11:11:12.000000,-7652.052949999907,-49963.150400000464,-57615.203350000396
2024-02-28T11:23:02.000000,-7415.659262142765,-49963.150400000464,-57378.809662143256
2024-02-28T11:23:07.000000,-7179.265574285624,-49963.150400000464,-57142.415974286116
2024-02-28T11:23:12.000000,-6965.856936428482,-49963.150400000464,-56929.00733642897
2024-02-28T11:23:17.000000,-6729.463248571341,-49963.150400000464,-56692.61364857183
2024-02-28T11:23:22.000000,-6493.0695607142,-49963.150400000464,-56456.21996071469
2024-02-28T11:23:27.000000,-6256.6758728570585,-49963.150400000464,-56219.82627285755
2024-02-28T11:23:32.000000,-6238.118599999916,-49963.150400000464,-56201.26900000041
2024-02-28T11:28:42.000000,-6238.118599999916,-49933.9714833338,-56172.090083333744
2024-02-28T11:28:47.000000,-6238.118599999916,-49904.792566667136,-56142.91116666708
2024-02-28T11:28:52.000000,-6238.118599999916,-49896.61680000047,-56134.73540000041
2024-02-28T11:28:57.000000,-6238.118599999916,-49888.4410333338,-56126.559633333745
2024-02-28T11:29:02.000000,-6238.118599999916,-49894.26736666714,-56132.38596666708
2024-02-28T11:29:07.000000,-6238.118599999916,-49895.09970000047,-56133.218300000415
2024-02-28T13:03:47.000000,-6238.118599999916,-49860.70275000047,-56098.82135000041
2024-02-28T13:03:52.000000,-6238.118599999916,-49826.30580000047,-56064.42440000041
2024-02-28T13:03:57.000000,-6238.118599999916,-49810.65100000047,-56048.769600000414
2024-02-28T13:11:32.000000,-6238.118599999916,-49819.064843229644,-56057.18344322959
2024-02-28T13:11:37.000000,-6238.118599999916,-49808.47583645881,-56046.594436458756
2024-02-28T13:11:42.000000,-6238.118599999916,-49797.88682968798,-56036.005429687924
2024-02-28T13:11:47.000000,-6238.118599999916,-49787.29782291715,-56025.41642291709
2024-02-28T13:11:52.000000,-6238.118599999916,-49776.70881614632,-56014.82741614626
2024-02-28T13:11:57.000000,-6238.118599999916,-49776.15150000049,-56014.27010000043
2024-02-28T13:17:47.000000,-6238.118599999916,-49749.9674361116,-55988.08603611154
2024-02-28T13:17:52.000000,-6238.118599999916,-49723.78337222271,-55961.90197222265
2024-02-28T13:17:57.000000,-6238.118599999916,-49697.59930833382,-55935.71790833376
2024-02-28T13:18:02.000000,-6238.118599999916,-49671.41524444493,-55909.53384444487
2024-02-28T13:18:07.000000,-6238.118599999916,-49645.23118055604,-55883.34978055598
2024-02-28T13:18:12.000000,-6238.118599999916,-49641.490600000485,-55879.60920000043
2024-02-28T13:23:22.000000,-6238.118599999916,-49590.20006666715,-55828.318666667095
2024-02-28T13:23:27.000000,-6238.118599999916,-49538.90953333382,-55777.02813333376
2024-02-28T13:23:32.000000,-6238.118599999916,-49487.619000000486,-55725.73760000043
2024-02-29T09:54:42.000000,-6165.140232352856,-49487.619000000486,-55652.75923235337
2024-02-29T09:54:47.000000,-6092.161864705797,-49487.619000000486,-55579.78086470631
2024-02-29T09:54:52.000000,-6019.183497058737,-49487.619000000486,-55506.802497059245
2024-02-29T09:54:57.000000,-5946.205129411677,-49487.619000000486,-55433.82412941218
2024-02-29T09:55:02.000000,-5886.218311764617,-49487.619000000486,-55373.83731176512
2024-02-29T09:55:07.000000,-5878.371299999911,-49487.619000000486,-55365.99030000041
2024-02-29T10:06:57.000000,-5878.371299999911,-49500.816300000486,-55379.18760000041
2024-02-29T10:07:02.000000,-5878.371299999911,-49520.014500000485,-55398.38580000041
2024-02-29T10:07:07.000000,-5878.371299999911,-49521.21000000049,-55399.58130000041
2024-02-29T10:07:12.000000,-5878.371299999911,-49540.408200000486,-55418.77950000041
2024-02-29T10:07:17.000000,-5878.371299999911,-49535.60280000049,-55413.974100000414
2024-02-29T10:07:22.000000,-5878.371299999911,-49533.20010000049,-55411.571400000415
2024-02-29T10:17:02.000000,-5878.371299999911,-49609.70685000049,-55488.078150000416
2024-02-29T10:18:32.000000,-5878.371299999911,-49663.183350000494,-55541.55465000042
2024-02-29T10:20:32.000000,-5878.371299999911,-49525.149525000495,-55403.52082500042
2024-02-29T10:21:22.000000,-5878.371299999911,-49457.666321667166,-55336.03762166709
2024-02-29T10:21:27.000000,-5878.371299999911,-49390.183118333836,-55268.55441833376
2024-02-29T10:21:32.000000,-5878.371299999911,-49387.115700000504,-55265.48700000043
2024-02-29T10:22:57.000000,-5878.371299999911,-49198.09077692358,-55076.462076923504
2024-02-29T10:23:27.000000,-5878.371299999911,-48955.05775384665,-54833.42905384658
2024-02-29T10:23:32.000000,-5878.371299999911,-48913.5521000005,-54791.92340000043
2024-02-29T10:33:42.000000,-5878.371299999911,-48842.58680000051,-54720.95810000043
2024-02-29T10:45:42.000000,-5918.749011111021,-48842.58680000051,-54761.335811111545
2024-02-29T10:45:47.000000,-5959.126722222131,-48842.58680000051,-54801.71352222266
2024-02-29T10:45:52.000000,-5969.221149999909,-48842.58680000051,-54811.80795000043
2024-02-29T11:07:22.000000,-5969.221149999909,-48850.588150000505,-54819.80930000043
2024-02-29T11:07:27.000000,-5969.221149999909,-48857.446450000505,-54826.66760000043
2024-02-29T11:12:17.000000,-5969.221149999909,-48767.75470000051,-54736.97585000043
2024-02-29T11:12:22.000000,-5969.221149999909,-48678.06295000051,-54647.284100000434
2024-02-29T11:12:27.000000,-5969.221149999909,-48588.37120000051,-54557.592350000436
2024-02-29T11:12:32.000000,-5969.221149999909,-48498.67945000051,-54467.90060000044
2024-02-29T11:12:37.000000,-5969.221149999909,-48393.98545000051,-54363.206600000434
2024-02-29T11:12:42.000000,-5969.221149999909,-48376.04710000051,-54345.26825000044
2024-02-29T11:17:37.000000,-6091.896512986922,-48376.04710000051,-54467.94361298745
2024-02-29T11:17:42.000000,-6233.559525973935,-48376.04710000051,-54609.60662597446
2024-02-29T11:17:47.000000,-6375.2225389609475,-48376.04710000051,-54751.26963896147
2024-02-29T11:17:52.000000,-6516.88555194796,-48376.04710000051,-54892.93265194848
2024-02-29T11:17:57.000000,-6658.548564934973,-48376.04710000051,-55034.59566493549
2024-02-29T11:18:02.000000,-6800.211577921986,-48376.04710000051,-55176.2586779225
2024-02-29T11:18:07.000000,-6960.862240908998,-48376.04710000051,-55336.909340909515
2024-02-29T11:18:12.000000,-7121.512903896009,-48376.04710000051,-55497.56000389653
2024-02-29T11:18:17.000000,-7138.423499999905,-48376.04710000051,-55514.47060000042
2024-02-29T11:20:02.000000,-7212.4739124999005,-48376.04710000051,-55588.521012500416
2024-02-29T11:20:12.000000,-7235.455074999899,-48376.04710000051,-55611.502175000416
2024-02-29T11:24:52.000000,-7302.9585124998985,-48376.04710000051,-55679.00561250042
2024-02-29T11:24:57.000000,-7356.250699999899,-48376.04710000051,-55732.29780000042
2024-02-29T11:26:22.000000,-7356.250699999899,-48346.96435000051,-55703.21505000042
2024-02-29T11:26:27.000000,-7356.250699999899,-48317.88160000051,-55674.13230000042
2024-02-29T11:26:32.000000,-7356.250699999899,-48303.80110000051,-55660.05180000042
2024-02-29T11:26:37.000000,-7356.250699999899,-48289.72060000052,-55645.97130000043
2024-02-29T11:26:42.000000,-7356.250699999899,-48275.64010000052,-55631.89080000043
2024-02-29T13:03:57.000000,-7356.250699999899,-48385.51660000052,-55741.76730000043
2024-02-29T13:04:02.000000,-7356.250699999899,-48516.39625000052,-55872.64695000043
2024-02-29T13:39:27.000000,-7356.250699999899,-48500.406873077445,-55856.657573077355
2024-02-29T13:39:32.000000,-7356.250699999899,-48484.41749615437,-55840.66819615428
2024-02-29T13:39:37.000000,-7356.250699999899,-48444.424519231296,-55800.675219231205
2024-02-29T13:39:42.000000,-7356.250699999899,-48404.43154230822,-55760.68224230813
2024-02-29T13:39:47.000000,-7356.250699999899,-48405.10265000053,-55761.35335000044
2024-02-29T14:05:47.000000,-7302.639557692207,-48405.10265000053,-55707.74220769275
2024-02-29T14:05:52.000000,-7249.028415384515,-48405.10265000053,-55654.13106538505
2024-02-29T14:05:57.000000,-7195.417273076823,-48405.10265000053,-55600.51992307736
2024-02-29T14:06:02.000000,-7141.806130769131,-48405.10265000053,-55546.90878076966
2024-02-29T14:06:28.000000,-7131.930549999901,-48405.10265000053,-55537.033200000435
