exit_dt,cum_pnl_long,cum_pnl_short,cum_pnl_total
2025-03-04T09:51:02.000000,0.0,-37.072500000000424,-37.072500000000424
2025-03-04T09:51:17.000000,0.0,-68.15130000000099,-68.15130000000099
2025-03-04T09:51:32.000000,0.0,-120.23565000000056,-120.23565000000056
2025-03-04T09:51:42.000000,0.0,-166.3143000000013,-166.3143000000013
2025-03-04T09:51:42.000000,0.0,-206.39685000000114,-206.39685000000114
2025-03-04T09:51:52.000000,0.0,-252.48030000000085,-252.48030000000085
2025-03-04T09:51:57.000000,0.0,-298.56375000000054,-298.56375000000054
2025-03-04T09:52:22.000000,0.0,-257.99335000000013,-257.99335000000013
2025-03-04T09:52:27.000000,0.0,-209.4281499999999,-209.4281499999999
2025-03-04T09:52:52.000000,0.0,-128.86454999999893,-128.86454999999893
2025-03-04T09:52:57.000000,0.0,-106.7512499999985,-106.7512499999985
2025-03-04T09:52:57.000000,0.0,-58.179649999998276,-58.179649999998276
2025-03-04T09:53:02.000000,0.0,-1.5940499999982194,-1.5940499999982194
2025-03-04T09:53:42.000000,0.0,9.590250000001397,9.590250000001397
2025-03-04T09:54:12.000000,0.0,-2.3463499999992283,-2.3463499999992283
2025-03-04T09:54:17.000000,0.0,-10.28874999999923,-10.28874999999923
2025-03-04T09:54:32.000000,0.0,-26.23234999999906,-26.23234999999906
2025-03-04T09:54:37.000000,0.0,-50.17074999999872,-50.17074999999872
2025-03-04T10:04:47.000000,0.0,33.478900000001815,33.478900000001815
2025-03-04T10:05:17.000000,-39.49279999999932,33.478900000001815,-6.013899999997506
2025-03-04T10:05:17.000000,-174.69919999999945,33.478900000001815,-141.22029999999762
2025-03-04T10:05:22.000000,-174.69919999999945,74.06210000000078,-100.63709999999864
2025-03-04T10:05:42.000000,-214.19839999999877,74.06210000000078,-140.13629999999796
2025-03-04T10:07:52.000000,-181.41159999999962,74.06210000000078,-107.34949999999881
2025-03-04T10:07:57.000000,-132.6287999999994,74.06210000000078,-58.56669999999858
2025-03-04T10:08:02.000000,-75.84479999999934,74.06210000000078,-1.7826999999985276
2025-03-04T10:08:12.000000,4.9428000000016254,74.06210000000078,79.00490000000244
2025-03-04T10:08:17.000000,93.72520000000242,74.06210000000078,167.78730000000323
2025-03-04T10:08:22.000000,182.50120000000322,74.06210000000078,256.563300000004
2025-03-04T10:08:27.000000,255.26840000000294,74.06210000000078,329.3305000000037
2025-03-04T10:08:32.000000,288.0424000000035,74.06210000000078,362.1045000000043
2025-03-04T10:08:37.000000,296.8128000000046,74.06210000000078,370.87490000000537
2025-03-04T10:08:42.000000,281.58600000000473,74.06210000000078,355.6481000000055
2025-03-04T10:08:47.000000,242.368400000004,74.06210000000078,316.43050000000477
2025-03-04T10:10:07.000000,354.37040000000275,74.06210000000078,428.43250000000353
2025-03-04T10:10:12.000000,466.3724000000015,74.06210000000078,540.4345000000023
2025-03-04T10:12:02.000000,534.8556500000016,74.06210000000078,608.9177500000023
2025-03-04T10:13:52.000000,534.8556500000016,81.52835000000046,616.3840000000021
2025-03-04T10:14:22.000000,534.8556500000016,73.99235000000046,608.8480000000021
2025-03-04T10:19:32.000000,534.8556500000016,135.05535000000114,669.9110000000028
2025-03-04T10:20:57.000000,607.6676500000012,135.05535000000114,742.7230000000025
2025-03-04T10:21:02.000000,704.4704500000005,135.05535000000114,839.5258000000017
2025-03-04T10:30:12.000000,704.4704500000005,71.57655000000109,776.0470000000016
2025-03-04T10:31:37.000000,705.3036500000018,71.57655000000109,776.8802000000029
2025-03-04T10:32:47.000000,777.7732500000014,71.57655000000109,849.3498000000026
2025-03-04T10:33:12.000000,862.2542500000015,71.57655000000109,933.8308000000027
2025-03-04T10:33:17.000000,950.7358500000009,71.57655000000109,1022.3124000000021
2025-03-04T10:33:22.000000,1019.2176500000014,71.57655000000109,1090.7942000000025
2025-03-04T10:33:27.000000,1087.6962500000004,71.57655000000109,1159.2728000000016
2025-03-04T10:33:32.000000,1144.1762500000004,71.57655000000109,1215.7528000000016
2025-03-04T10:33:37.000000,1200.6562500000005,71.57655000000109,1272.2328000000016
2025-03-04T10:38:12.000000,1200.6562500000005,52.874900000001325,1253.5311500000018
2025-03-04T10:38:12.000000,1183.666749999999,52.874900000001325,1236.5416500000003
2025-03-04T10:38:52.000000,1183.666749999999,49.863350000001795,1233.5301000000009
2025-03-04T10:38:52.000000,1183.666749999999,52.12485000000158,1235.7916000000007
2025-03-04T10:39:12.000000,1183.666749999999,61.11030000000179,1244.7770500000008
2025-03-04T10:39:17.000000,1183.666749999999,70.09815000000201,1253.764900000001
2025-03-04T10:39:27.000000,1183.666749999999,62.36615000000201,1246.032900000001
2025-03-04T10:39:47.000000,1183.666749999999,71.35160000000222,1255.0183500000012
2025-03-04T10:39:52.000000,1183.666749999999,71.92880000000206,1255.595550000001
2025-03-04T10:40:02.000000,1183.666749999999,83.91710000000273,1267.5838500000016
2025-03-04T10:41:02.000000,1183.666749999999,105.38370000000285,1289.0504500000018
2025-03-04T10:48:02.000000,1183.666749999999,-38.0350999999971,1145.6316500000019
2025-03-04T10:48:17.000000,1183.666749999999,-25.769699999996817,1157.897050000002
2025-03-04T10:48:37.000000,1183.666749999999,-5.509499999996702,1178.1572500000023
2025-03-04T10:48:47.000000,1183.666749999999,10.759700000004205,1194.4264500000031
2025-03-04T10:48:52.000000,1183.666749999999,4.483700000004205,1188.150450000003
2025-03-04T10:48:57.000000,1183.666749999999,4.143150000004057,1187.809900000003
2025-03-04T10:48:57.000000,1183.666749999999,24.40975000000417,1208.076500000003
2025-03-04T10:48:57.000000,1183.666749999999,18.13615000000417,1201.802900000003
2025-03-04T10:49:07.000000,1183.666749999999,20.86150000000451,1204.5282500000035
2025-03-04T10:49:27.000000,1183.666749999999,38.105250000004865,1221.7720000000038
2025-03-04T10:49:32.000000,1183.666749999999,65.342500000005,1249.009250000004
2025-03-04T10:49:37.000000,1183.666749999999,82.58625000000535,1266.2530000000042
2025-03-04T10:49:52.000000,1183.666749999999,119.82100000000528,1303.487750000004
2025-03-04T10:49:57.000000,1183.666749999999,162.05650000000423,1345.723250000003
2025-03-04T10:50:27.000000,1183.666749999999,154.60050000000425,1338.267250000003
2025-03-04T10:50:32.000000,1183.666749999999,205.31145000000464,1388.9782000000034
2025-03-04T10:50:37.000000,1183.666749999999,133.87785000000457,1317.5446000000034
2025-03-04T10:50:42.000000,1183.666749999999,38.45345000000502,1222.1202000000037
2025-03-04T10:50:47.000000,1183.666749999999,-0.9753499999957143,1182.691400000003
2025-03-04T10:50:47.000000,1183.666749999999,13.756600000003305,1197.4233500000018
2025-03-04T10:51:52.000000,1183.666749999999,64.47235000000262,1248.1391000000012
2025-03-04T10:52:02.000000,1183.666749999999,105.0043500000016,1288.6711000000003
2025-03-04T10:52:12.000000,1183.666749999999,131.72370000000143,1315.39045
2025-03-04T10:52:17.000000,1183.666749999999,155.44260000000185,1339.1093500000006
2025-03-04T10:52:22.000000,1183.666749999999,179.15910000000122,1362.82585
2025-03-04T10:52:52.000000,1183.666749999999,190.87380000000084,1374.5405499999995
2025-03-04T10:57:57.000000,1183.666749999999,255.96620000000073,1439.6329499999993
2025-03-04T10:58:02.000000,1183.666749999999,294.6993500000003,1478.3660999999988
2025-03-04T10:58:07.000000,1183.666749999999,333.4348999999999,1517.1016499999985
2025-03-04T10:58:12.000000,1183.666749999999,375.17089999999996,1558.8376499999986
2025-03-04T10:58:17.000000,1183.666749999999,419.9097500000005,1603.576499999999
2025-03-04T10:58:22.000000,1183.666749999999,458.6525000000011,1642.3192499999996
2025-03-04T10:58:27.000000,1183.666749999999,497.39525000000174,1681.0620000000001
2025-03-04T10:58:32.000000,1183.666749999999,539.1408500000018,1722.8076
2025-03-04T10:58:37.000000,1183.666749999999,586.8849500000017,1770.5517
2025-03-04T10:59:37.000000,1183.666749999999,613.6283000000016,1797.2950499999997
2025-03-04T10:59:47.000000,1183.666749999999,634.3755500000016,1818.0422999999996
2025-03-04T11:06:52.000000,1183.666749999999,628.1259500000016,1811.7926999999995
2025-03-04T11:06:57.000000,1183.666749999999,612.8798000000013,1796.5465499999991
2025-03-04T11:12:37.000000,1183.666749999999,646.3194000000004,1829.9861499999984
2025-03-04T11:12:37.000000,1183.666749999999,675.7616000000004,1859.4283499999983
2025-03-04T11:12:37.000000,1183.666749999999,705.2038000000003,1888.8705499999983
2025-03-04T11:12:37.000000,1183.666749999999,730.6485999999996,1914.3153499999976
2025-03-04T11:12:37.000000,1183.666749999999,756.093399999999,1939.7601499999969
2025-03-04T11:19:32.000000,1198.437099999998,756.093399999999,1954.530499999996
2025-03-04T11:19:42.000000,1213.2098499999981,756.093399999999,1969.303249999996
2025-03-04T11:19:47.000000,1230.9830499999987,756.093399999999,1987.0764499999966
2025-03-04T11:19:52.000000,1245.7533999999978,756.093399999999,2001.8467999999957
2025-03-04T11:23:22.000000,1245.7533999999978,781.2277999999983,2026.981199999995
2025-03-04T11:24:02.000000,1245.7533999999978,773.2957999999983,2019.049199999995
2025-03-04T11:26:22.000000,1245.7533999999978,745.5727999999987,1991.3261999999954
2025-03-04T11:26:32.000000,1245.7533999999978,717.8457999999973,1963.599199999994
2025-03-04T11:26:47.000000,1245.7533999999978,680.1172999999962,1925.870699999993
2025-03-04T11:27:02.000000,1245.7533999999978,652.3862999999967,1898.1396999999934
2025-03-04T11:27:02.000000,1245.7533999999978,624.6552999999972,1870.4086999999938
2025-03-04T11:27:57.000000,1245.7533999999978,606.8857999999974,1852.639199999994
2025-03-04T11:28:12.000000,1245.7533999999978,599.1097999999974,1844.8631999999939
2025-03-04T11:28:22.000000,1245.7533999999978,601.3272999999972,1847.0806999999936
2025-03-04T11:28:37.000000,1245.7533999999978,608.5455499999978,1854.2989499999942
2025-03-04T11:28:42.000000,1245.7533999999978,610.7630499999975,1856.516449999994
2025-03-04T11:28:47.000000,1245.7533999999978,617.9812999999981,1863.7346999999945
2025-03-04T11:28:52.000000,1245.7533999999978,620.2027999999979,1865.9561999999944
2025-03-04T11:29:02.000000,1245.7533999999978,617.4275499999986,1863.1809499999952
2025-03-04T13:03:27.000000,1245.7533999999978,504.6438,1750.3971999999965
2025-03-04T13:04:42.000000,1245.7533999999978,500.46825000000047,1746.221649999997
2025-03-04T13:05:52.000000,1245.7533999999978,517.0414499999999,1762.7948499999966
2025-03-04T13:06:07.000000,1245.7533999999978,483.5454,1729.2987999999966
2025-03-04T13:06:42.000000,1245.7533999999978,535.6424000000005,1781.395799999997
2025-03-04T13:06:52.000000,1245.7533999999978,473.8199000000006,1719.573299999997
2025-03-04T13:06:57.000000,1245.7533999999978,470.30915,1716.0625499999965
2025-03-04T13:07:12.000000,1245.7533999999978,460.8022999999995,1706.555699999996
2025-03-04T13:07:27.000000,1245.7533999999978,502.9097999999984,1748.663199999995
2025-03-04T13:09:07.000000,1245.7533999999978,411.06839999999806,1656.8217999999947
2025-03-04T13:09:52.000000,1245.7533999999978,483.1523999999981,1728.9057999999948
2025-03-04T13:09:57.000000,1245.7533999999978,545.2348999999984,1790.988299999995
2025-03-04T13:10:02.000000,1245.7533999999978,496.32619999999827,1742.0795999999948
2025-03-04T13:10:02.000000,1245.7533999999978,563.4054499999993,1809.158849999996
2025-03-04T13:10:12.000000,1245.7533999999978,620.4871999999988,1866.2405999999955
2025-03-04T13:10:17.000000,1245.7533999999978,558.6166999999989,1804.3700999999955
2025-03-04T13:10:17.000000,1245.7533999999978,515.7064999999986,1761.4598999999953
2025-03-04T13:10:22.000000,1245.7533999999978,475.79674999999884,1721.5501499999955
2025-03-04T13:10:27.000000,1245.7533999999978,423.8875999999993,1669.640999999996
2025-03-04T13:10:32.000000,1245.7533999999978,344.0191999999987,1589.7725999999955
2025-03-04T13:10:32.000000,1245.7533999999978,292.11244999999803,1537.865849999995
2025-03-04T13:10:37.000000,1245.7533999999978,212.24404999999746,1457.9974499999944
2025-03-04T13:10:37.000000,1245.7533999999978,163.33534999999728,1409.0887499999942
2025-03-04T13:10:37.000000,1245.7533999999978,153.81409999999786,1399.5674999999949
2025-03-04T13:10:42.000000,1245.7533999999978,98.90689999999782,1344.6602999999948
2025-03-04T13:10:47.000000,1245.7533999999978,19.033699999997225,1264.787099999994
2025-03-04T13:10:52.000000,1245.7533999999978,-0.7057000000025191,1245.0476999999944
2025-03-04T13:10:52.000000,1245.7533999999978,-41.42825000000377,1204.325149999993
2025-03-04T13:10:52.000000,1245.7533999999978,-24.316500000003415,1221.4368999999933
2025-03-04T13:11:07.000000,1245.7533999999978,-58.81670000000353,1186.9366999999932
2025-03-04T13:11:07.000000,1245.7533999999978,-120.68720000000344,1125.0661999999932
2025-03-04T13:11:07.000000,1245.7533999999978,-164.42060000000268,1081.332799999994
2025-03-04T13:11:12.000000,1245.7533999999978,-196.15220000000215,1049.6011999999946
2025-03-04T13:11:17.000000,1245.7533999999978,-226.65500000000307,1019.0983999999937
2025-03-04T13:11:22.000000,1245.7533999999978,-238.19160000000227,1007.5617999999945
2025-03-04T13:12:52.000000,1245.7533999999978,-257.85420000000204,987.8991999999947
2025-03-04T13:13:12.000000,1245.7533999999978,-265.524600000002,980.2287999999947
2025-03-04T13:13:17.000000,1245.7533999999978,-273.195000000002,972.5583999999948
2025-03-04T13:13:22.000000,1245.7533999999978,-280.86540000000196,964.8879999999948
2025-03-04T13:13:27.000000,1245.7533999999978,-288.5358000000019,957.2175999999948
2025-03-04T13:13:32.000000,1245.7533999999978,-296.2062000000019,949.5471999999949
2025-03-04T13:13:37.000000,1245.7533999999978,-303.8766000000019,941.8767999999949
2025-03-04T13:13:42.000000,1245.7533999999978,-311.54700000000184,934.2063999999949
2025-03-04T13:14:02.000000,1245.7533999999978,-307.2252000000021,938.5281999999946
2025-03-04T13:14:22.000000,1245.7533999999978,-307.0704000000022,938.6829999999944
2025-03-04T13:14:32.000000,1245.7533999999978,-329.5912000000019,916.1621999999948
2025-03-04T13:14:32.000000,1245.7533999999978,-293.8417000000017,951.9116999999949
2025-03-04T13:14:32.000000,1245.7533999999978,-277.5277000000022,968.2256999999944
2025-03-04T13:14:37.000000,1245.7533999999978,-273.41710000000245,972.3362999999941
2025-03-04T13:14:37.000000,1245.7533999999978,-234.6671500000029,1011.0862499999937
2025-03-04T13:14:42.000000,1245.7533999999978,-224.5556500000022,1021.1977499999944
2025-03-04T13:14:42.000000,1245.7533999999978,-208.24165000000272,1037.5117499999938
2025-03-04T13:14:47.000000,1245.7533999999978,-192.1292500000011,1053.6241499999953
2025-03-04T13:14:47.000000,1245.7533999999978,-159.37540000000138,1086.377999999995
2025-03-04T13:14:52.000000,1245.7533999999978,-173.8950000000012,1071.858399999995
2025-03-04T13:14:52.000000,1245.7533999999978,-144.13920000000198,1101.6141999999943
2025-03-04T13:15:07.000000,1245.7533999999978,-139.80780000000223,1105.945599999994
2025-03-04T13:15:12.000000,1245.7533999999978,-131.7367500000031,1114.0166499999932
2025-03-04T13:15:37.000000,1245.7533999999978,-102.6649500000028,1143.0884499999936
2025-03-04T13:15:47.000000,1245.7533999999978,-91.59825000000212,1154.1551499999944
2025-03-04T13:15:52.000000,1245.7533999999978,-80.53155000000145,1165.2218499999951
2025-03-04T13:15:52.000000,1245.7533999999978,-77.26509999999973,1168.4882999999968
2025-03-04T13:15:57.000000,1245.7533999999978,-72.18969999999999,1173.5636999999965
2025-03-04T13:16:02.000000,1245.7533999999978,-71.61890000000015,1174.1344999999963
2025-03-04T13:16:02.000000,1245.7533999999978,-69.54875000000088,1176.2046499999956
2025-03-04T13:16:07.000000,1245.7533999999978,-35.44325000000071,1210.3101499999957
2025-03-04T13:16:07.000000,1245.7533999999978,-39.37640000000024,1206.376999999996
2025-03-04T13:16:12.000000,1245.7533999999978,-49.305649999999645,1196.4477499999966
2025-03-04T13:16:17.000000,1245.7533999999978,-62.235349999999514,1183.5180499999967
2025-03-04T13:16:22.000000,1245.7533999999978,-78.16309999999986,1167.5902999999964
2025-03-04T13:16:27.000000,1245.7533999999978,-69.59749999999877,1176.1558999999975
2025-03-04T13:16:27.000000,1245.7533999999978,-88.52329999999851,1157.2300999999977
2025-03-04T13:17:17.000000,1245.7533999999978,-36.234299999998015,1209.5190999999982
2025-03-04T13:17:32.000000,1245.7533999999978,-38.76169999999739,1206.9916999999987
2025-03-04T13:17:32.000000,1245.7533999999978,-35.49524999999567,1210.2581500000003
2025-03-04T13:17:37.000000,1245.7533999999978,-21.22714999999419,1224.526250000002
2025-03-04T13:19:12.000000,1245.7533999999978,-7.761749999993906,1237.9916500000022
2025-03-04T13:19:17.000000,1245.7533999999978,-2.2911499999934506,1243.4622500000028
2025-03-04T13:28:17.000000,1166.536199999998,-2.2911499999934506,1164.245050000003
2025-03-04T13:30:57.000000,1148.7266999999981,-2.2911499999934506,1146.435550000003
2025-03-04T13:31:22.000000,1135.9139499999992,-2.2911499999934506,1133.6228000000042
2025-03-04T13:33:52.000000,1148.6049499999988,-2.2911499999934506,1146.3138000000038
2025-03-04T13:34:02.000000,1166.2966999999992,-2.2911499999934506,1164.0055500000042
2025-03-04T13:35:47.000000,1166.2966999999992,-89.57354999999458,1076.723150000003
2025-03-04T13:36:32.000000,1166.2966999999992,-112.47179999999426,1053.8249000000033
2025-03-04T13:36:42.000000,1166.2966999999992,-112.63649999999438,1053.6602000000032
2025-03-04T13:38:42.000000,1166.2966999999992,-95.9800999999949,1070.3166000000026
2025-03-04T13:39:02.000000,1166.2966999999992,-47.338099999994675,1118.958600000003
2025-03-04T13:39:02.000000,1166.2966999999992,-56.50894999999408,1109.7877500000036
2025-03-04T13:39:12.000000,1166.2966999999992,16.11745000000706,1182.4141500000048
2025-03-04T13:39:17.000000,1166.2966999999992,3.948550000007188,1170.245250000005
2025-03-04T13:39:22.000000,1166.2966999999992,52.58415000000599,1218.8808500000036
2025-03-04T13:39:22.000000,1166.2966999999992,40.41525000000612,1206.7119500000038
2025-03-04T13:39:27.000000,1166.2966999999992,89.05725000000635,1255.353950000004
2025-03-04T13:39:27.000000,1166.2966999999992,73.88790000000601,1240.1846000000037
2025-03-04T13:39:32.000000,1166.2966999999992,114.53510000000641,1280.831800000004
2025-03-04T13:39:37.000000,1166.2966999999992,139.18630000000573,1305.4830000000034
2025-03-04T13:39:42.000000,1166.2966999999992,132.25990000000573,1298.5566000000033
2025-03-04T13:39:42.000000,1166.2966999999992,124.92550000000573,1291.2222000000033
2025-03-04T13:39:47.000000,1166.2966999999992,133.5935000000068,1299.8902000000044
2025-03-04T13:40:07.000000,1166.2966999999992,129.6627500000062,1295.9594500000037
2025-03-04T13:44:02.000000,1166.2966999999992,107.44130000000706,1273.7380000000046
2025-03-04T13:44:07.000000,1166.2966999999992,73.2276500000071,1239.5243500000047
2025-03-04T13:45:12.000000,1166.2966999999992,97.83405000000784,1264.1307500000055
2025-03-04T13:47:17.000000,1166.2966999999992,126.17865000000813,1292.4753500000058
2025-03-04T13:47:27.000000,1166.2966999999992,-43.722449999991625,1122.574250000006
2025-03-04T13:47:32.000000,1166.2966999999992,-201.62654999999162,964.6701500000061
2025-03-04T13:47:52.000000,1166.2966999999992,-184.57334999999108,981.7233500000066
2025-03-04T13:48:02.000000,1166.2966999999992,-209.12564999999177,957.171050000006
2025-03-04T13:48:07.000000,1166.2966999999992,-239.67644999999126,926.6202500000064
2025-03-04T13:48:12.000000,1166.2966999999992,-273.2276999999912,893.0690000000064
2025-03-04T13:48:22.000000,1166.2966999999992,-264.50849999999014,901.7882000000075
2025-03-04T13:48:22.000000,1166.2966999999992,-304.05584999998996,862.2408500000076
2025-03-04T13:48:27.000000,1166.2966999999992,-396.0124499999903,770.2842500000073
2025-03-04T13:48:32.000000,1166.2966999999992,-487.97384999999065,678.322850000007
2025-03-04T13:48:32.000000,1166.2966999999992,-524.527949999991,641.7687500000065
2025-03-04T13:48:37.000000,1166.2966999999992,-599.1269499999918,567.1697500000058
2025-03-04T13:48:37.000000,1166.2966999999992,-709.0766499999907,457.22005000000695
2025-03-04T13:49:02.000000,1166.2966999999992,-767.6764499999903,398.62025000000733
2025-03-04T13:49:12.000000,1166.2966999999992,-858.2778499999906,308.018850000007
2025-03-04T13:49:12.000000,1166.2966999999992,-952.8766499999901,213.42005000000745
2025-03-04T13:49:17.000000,1166.2966999999992,-1039.4710499999899,126.82565000000773
2025-03-04T13:49:22.000000,1166.2966999999992,-1130.0660499999901,36.23065000000739
2025-03-04T13:49:32.000000,1166.2966999999992,-1130.6483499999902,35.648350000007255
2025-03-04T13:49:47.000000,1166.2966999999992,-1125.2273499999894,41.069350000008065
2025-03-04T13:49:52.000000,1166.2966999999992,-1113.80784999999,52.48885000000768
2025-03-04T13:50:17.000000,1166.2966999999992,-1055.5100999999886,110.78660000000896
2025-03-04T13:50:17.000000,1182.6426999999987,-1055.5100999999886,127.13260000000845
2025-03-04T13:50:22.000000,1182.6426999999987,-1007.2058499999871,175.43685000000994
2025-03-04T13:50:32.000000,1182.6426999999987,-983.8893499999878,198.7533500000093
2025-03-04T13:51:32.000000,1182.6426999999987,-975.5590999999872,207.08360000000988
2025-03-04T13:52:47.000000,1182.6426999999987,-1019.2732999999886,163.3694000000085
2025-03-04T13:54:22.000000,1182.6426999999987,-990.9360499999884,191.70665000000866
2025-03-04T13:54:37.000000,1182.6426999999987,-976.5112999999883,206.13140000000874
2025-03-04T13:54:37.000000,1182.6426999999987,-971.0806999999885,211.56200000000848
2025-03-04T13:54:47.000000,1182.6426999999987,-928.7651999999878,253.8775000000092
2025-03-04T13:54:52.000000,1182.6426999999987,-881.448949999988,301.1937500000089
2025-03-04T13:55:17.000000,1182.6426999999987,-916.0963499999881,266.5463500000088
2025-03-04T13:56:12.000000,1182.6426999999987,-907.2476999999878,275.39500000000896
2025-03-04T13:56:17.000000,1182.6426999999987,-895.3985999999883,287.2441000000086
2025-03-04T13:56:22.000000,1182.6426999999987,-886.5475499999891,296.0951500000077
2025-03-04T13:57:12.000000,1182.6426999999987,-854.5208999999883,328.1218000000085
2025-03-04T13:57:17.000000,1182.6426999999987,-828.4903499999874,354.1523500000094
2025-03-04T13:57:22.000000,1182.6426999999987,-805.460249999987,377.1824500000098
2025-03-04T13:57:27.000000,1182.6426999999987,-788.4262499999875,394.2164500000093
2025-03-04T13:57:32.000000,1182.6426999999987,-777.3907499999868,405.25195000000997
2025-03-04T13:57:37.000000,1182.6426999999987,-760.3519499999874,422.29075000000944
2025-03-04T13:57:42.000000,1182.6426999999987,-746.3111999999873,436.3315000000095
2025-03-04T13:57:52.000000,1182.6426999999987,-735.2660999999865,447.37660000001017
2025-03-04T13:59:57.000000,1182.6426999999987,-728.1958499999869,454.4468500000099
2025-03-04T14:00:12.000000,1182.6426999999987,-736.1158499999868,446.52685000000986
2025-03-04T14:00:27.000000,1182.6426999999987,-744.0358499999868,438.60685000000984
2025-03-04T14:00:37.000000,1182.6426999999987,-751.9558499999868,430.6868500000098
2025-03-04T14:01:02.000000,1182.6426999999987,-774.5300999999864,408.11260000001016
2025-03-04T14:04:12.000000,1182.6426999999987,-782.4500999999864,400.19260000001015
2025-03-04T14:04:57.000000,1182.6426999999987,-757.696499999987,424.94620000000947
2025-03-04T14:15:22.000000,1182.6426999999987,-731.3155499999872,451.3271500000093
2025-03-04T14:15:27.000000,1182.6426999999987,-707.9326499999878,474.71005000000866
2025-03-04T14:16:32.000000,1182.6426999999987,-730.8428999999888,451.7998000000076
2025-03-04T14:24:52.000000,1182.6426999999987,-698.5282499999892,484.1144500000073
2025-03-04T14:24:57.000000,1182.6426999999987,-684.2018999999891,498.4408000000074
2025-03-04T14:25:27.000000,1182.6426999999987,-678.8720999999894,503.77060000000716
2025-03-04T14:25:57.000000,1182.6426999999987,-658.5496499999894,524.0930500000071
2025-03-04T14:26:27.000000,1182.6426999999987,-653.2150499999896,529.4276500000069
2025-03-04T14:27:37.000000,1182.6426999999987,-644.908799999989,537.7339000000075
2025-03-04T14:27:42.000000,1182.6426999999987,-651.596799999989,531.0459000000075
2025-03-04T14:27:47.000000,1182.6426999999987,-663.281549999988,519.3611500000085
2025-03-04T14:27:52.000000,1182.6426999999987,-664.968799999989,517.6739000000075
2025-03-04T14:28:12.000000,1182.6426999999987,-912.2815999999881,270.3611000000084
2025-03-04T14:30:37.000000,1182.6426999999987,-911.5571999999869,271.08550000000963
2025-03-04T14:30:42.000000,1182.6426999999987,-910.8327999999857,271.8099000000109
2025-03-04T14:30:47.000000,1182.6426999999987,-910.1083999999845,272.53430000001214
2025-03-04T14:30:52.000000,1182.6426999999987,-909.3839999999833,273.2587000000134
2025-03-04T14:30:57.000000,1182.6426999999987,-908.6595999999821,273.98310000001464
2025-03-04T14:31:07.000000,1182.6426999999987,-907.9351999999809,274.7075000000159
2025-03-04T14:31:12.000000,1182.6426999999987,-907.2107999999797,275.43190000001715
2025-03-04T14:31:37.000000,1182.6426999999987,-906.4863999999785,276.1563000000184
2025-03-04T14:31:42.000000,1182.6426999999987,-905.7619999999773,276.88070000001966
2025-03-04T14:31:47.000000,1182.6426999999987,-913.0323999999773,269.61030000001966
2025-03-04T14:31:57.000000,1182.6426999999987,-920.3027999999773,262.33990000001967
2025-03-04T14:32:12.000000,1182.6426999999987,-920.9594999999764,261.68320000002063
2025-03-04T14:33:07.000000,1182.6426999999987,-915.1256999999766,267.5170000000204
2025-03-04T14:33:17.000000,1182.6426999999987,-918.7804499999762,263.8622500000209
2025-03-04T14:33:32.000000,1182.6426999999987,-1526.2432499999763,-343.60054999997914
2025-03-04T14:34:22.000000,1182.6426999999987,-1579.2299999999755,-396.5872999999782
2025-03-04T14:34:27.000000,1182.6426999999987,-1632.2167499999746,-449.57404999997726
2025-03-04T14:34:47.000000,1182.6426999999987,-1700.1937499999733,-517.5510499999759
2025-03-04T14:35:12.000000,1182.6426999999987,-1712.8704999999723,-530.227799999975
2025-03-04T14:35:22.000000,1182.6426999999987,-1730.5439999999721,-547.9012999999748
2025-03-04T14:36:02.000000,1182.6426999999987,-1780.0094999999724,-597.3667999999751
2025-03-04T14:36:12.000000,1182.6426999999987,-1818.017999999973,-635.3752999999758
2025-03-04T14:36:12.000000,1182.6426999999987,-2129.8587999999736,-947.2160999999764
2025-03-04T14:36:22.000000,1182.6426999999987,-2151.3312999999735,-968.6885999999762
2025-03-04T14:36:22.000000,1182.6426999999987,-2134.783699999974,-952.1409999999767
2025-03-04T14:36:22.000000,1182.6426999999987,-2382.6852999999733,-1200.042599999976
2025-03-04T14:36:27.000000,1182.6426999999987,-2366.137699999974,-1183.4949999999765
2025-03-04T14:36:27.000000,1182.6426999999987,-2363.992199999974,-1181.3494999999766
2025-03-04T14:36:32.000000,1182.6426999999987,-2402.000699999975,-1219.3579999999772
2025-03-04T14:36:32.000000,1182.6426999999987,-2385.4530999999756,-1202.8103999999778
2025-03-04T14:36:32.000000,1182.6426999999987,-2393.309099999976,-1210.6663999999778
2025-03-04T14:36:37.000000,1182.6426999999987,-2442.774599999976,-1260.131899999978
2025-03-04T14:36:37.000000,1182.6426999999987,-2426.2269999999767,-1243.5842999999786
2025-03-04T14:36:37.000000,1182.6426999999987,-2450.2101999999763,-1267.5674999999783
2025-03-04T14:36:37.000000,1182.6426999999987,-2443.071949999976,-1260.4292499999776
2025-03-04T14:36:42.000000,1182.6426999999987,-2478.5465499999764,-1295.9038499999783
2025-03-04T14:36:42.000000,1182.6426999999987,-2469.993749999977,-1287.3510499999786
2025-03-04T14:36:47.000000,1182.6426999999987,-2453.4461499999775,-1270.8034499999792
2025-03-04T14:36:47.000000,1182.6426999999987,-2573.366949999978,-1390.7242499999797
2025-03-04T14:36:52.000000,1182.6426999999987,-2626.365699999978,-1443.7229999999802
2025-03-04T14:36:52.000000,1182.6426999999987,-2601.8232999999786,-1419.1805999999808
2025-03-04T14:36:52.000000,1182.6426999999987,-2597.3574999999782,-1414.7147999999804
2025-03-04T14:36:57.000000,1182.6426999999987,-2572.815099999979,-1390.172399999981
2025-03-04T14:36:57.000000,1182.6426999999987,-2572.3498999999792,-1389.7071999999812
2025-03-04T14:36:57.000000,1182.6426999999987,-2772.212299999979,-1589.5695999999814
2025-03-04T14:37:02.000000,1182.6426999999987,-2855.203549999979,-1672.5608499999812
2025-03-04T14:37:02.000000,1182.6426999999987,-2838.6559499999794,-1656.0132499999818
2025-03-04T14:37:02.000000,1182.6426999999987,-2834.1933499999805,-1651.5506499999829
2025-03-04T14:37:02.000000,1182.6426999999987,-3058.03374999998,-1875.3910499999824
2025-03-04T14:37:07.000000,1182.6426999999987,-3141.0249999999796,-1958.3822999999823
2025-03-04T14:37:07.000000,1182.6426999999987,-3124.47739999998,-1941.8346999999828
2025-03-04T14:37:12.000000,1182.6426999999987,-3207.46864999998,-2024.8259499999826
2025-03-04T14:37:12.000000,1182.6426999999987,-3215.0014499999797,-2032.3587499999826
2025-03-04T14:37:17.000000,1182.6426999999987,-3230.5322499999797,-2047.8895499999824
2025-03-04T14:37:22.000000,1182.6426999999987,-3246.0598499999796,-2063.417149999982
2025-03-04T14:37:27.000000,1182.6426999999987,-3265.584849999979,-2082.942149999981
2025-03-04T14:38:12.000000,1182.6426999999987,-3287.0573499999787,-2104.414649999981
2025-03-04T14:38:22.000000,1182.6426999999987,-3322.520749999978,-2139.8780499999802
2025-03-04T14:38:27.000000,1182.6426999999987,-3343.9932499999777,-2161.35054999998
2025-03-04T14:38:32.000000,1182.6426999999987,-3365.4657499999776,-2182.82304999998
2025-03-04T14:38:32.000000,1182.6426999999987,-3381.3197499999787,-2198.677049999981
2025-03-04T14:38:32.000000,1182.6426999999987,-3421.1581499999793,-2238.5154499999817
2025-03-04T14:38:42.000000,1182.6426999999987,-3442.630649999979,-2259.9879499999815
2025-03-04T14:38:47.000000,1182.6426999999987,-3450.112249999979,-2267.4695499999816
2025-03-04T14:40:02.000000,1182.6426999999987,-3479.8507499999787,-2297.208049999981
2025-03-04T14:40:22.000000,1182.6426999999987,-3359.8251499999787,-2177.182449999981
2025-03-04T14:40:27.000000,1182.6426999999987,-3263.783949999978,-2081.1412499999806
2025-03-04T14:41:32.000000,1182.6426999999987,-3271.545549999978,-2088.9028499999804
2025-03-04T14:41:42.000000,1182.6426999999987,-3279.307149999978,-2096.66444999998
2025-03-04T14:41:47.000000,1182.6426999999987,-3287.0687499999776,-2104.42604999998
2025-03-04T14:41:52.000000,1182.6426999999987,-3319.040349999977,-2136.3976499999794
2025-03-04T14:41:57.000000,1182.6426999999987,-3326.801949999977,-2144.1592499999792
2025-03-04T14:42:02.000000,1182.6426999999987,-3334.5635499999767,-2151.920849999979
2025-03-04T14:42:07.000000,1182.6426999999987,-3342.3251499999765,-2159.682449999979
2025-03-04T14:42:07.000000,1182.6426999999987,-3366.301949999976,-2183.6592499999783
2025-03-04T14:42:37.000000,1182.6426999999987,-3374.0635499999757,-2191.420849999978
2025-03-04T14:42:37.000000,1182.6426999999987,-3361.5901499999754,-2178.947449999978
2025-03-04T14:42:42.000000,1182.6426999999987,-3369.3517499999753,-2186.7090499999777
2025-03-04T14:42:42.000000,1182.6426999999987,-3360.8789499999757,-2178.236249999978
2025-03-04T14:42:52.000000,1182.6426999999987,-3368.6405499999755,-2185.997849999978
2025-03-04T14:44:42.000000,1182.6426999999987,-3291.644749999975,-2109.0020499999773
2025-03-04T14:44:47.000000,1182.6426999999987,-3214.6489499999743,-2032.0062499999767
2025-03-04T14:45:02.000000,1182.6426999999987,-3236.1326499999755,-2053.489949999978
2025-03-04T14:45:02.000000,1182.6426999999987,-3257.6163499999766,-2074.973649999979
2025-03-04T14:45:02.000000,1182.6426999999987,-3279.1000499999777,-2096.45734999998
2025-03-04T14:45:02.000000,1182.6426999999987,-3300.583749999979,-2117.9410499999813
2025-03-04T14:45:02.000000,1182.6426999999987,-3320.3423499999785,-2137.699649999981
2025-03-04T14:45:02.000000,1182.6426999999987,-3312.3015499999788,-2129.658849999981
2025-03-04T14:45:02.000000,1182.6426999999987,-3312.255549999979,-2129.6128499999813
2025-03-04T14:45:02.000000,1182.6426999999987,-3352.1835499999784,-2169.5408499999808
2025-03-04T14:45:02.000000,1182.6426999999987,-3312.163549999978,-2129.5208499999803
2025-03-04T14:45:02.000000,1182.6426999999987,-3272.1435499999775,-2089.50084999998
2025-03-05T09:55:37.000000,1182.6426999999987,-3195.218149999977,-2012.5754499999796
2025-03-05T10:02:17.000000,1094.9954999999977,-3195.218149999977,-2100.2226499999806
2025-03-05T10:02:22.000000,975.3626999999973,-3195.218149999977,-2219.855449999981
2025-03-05T10:04:37.000000,983.7554999999969,-3195.218149999977,-2211.4626499999813
2025-03-05T10:06:12.000000,984.1470999999967,-3195.218149999977,-2211.0710499999814
2025-03-05T10:06:22.000000,1000.5474999999976,-3195.218149999977,-2194.6706499999805
2025-03-05T10:06:27.000000,1024.9490999999985,-3195.218149999977,-2170.26904999998
2025-03-05T10:06:32.000000,1041.3430999999994,-3195.218149999977,-2153.875049999979
2025-03-05T10:06:37.000000,1041.7346999999993,-3195.218149999977,-2153.4834499999793
2025-03-05T10:06:42.000000,1034.1250999999993,-3195.218149999977,-2161.0930499999795
2025-03-05T10:06:47.000000,1018.5142999999995,-3195.218149999977,-2176.7038499999794
2025-03-05T10:06:52.000000,1018.8994999999993,-3195.218149999977,-2176.3186499999797
2025-03-05T10:07:27.000000,985.9637500000007,-3195.218149999977,-2209.2543999999784
2025-03-05T10:07:37.000000,954.5937499999998,-3195.218149999977,-2240.6243999999792
2025-03-05T10:07:38.000000,922.7693500000003,-3195.218149999977,-2272.4487999999787
2025-03-05T10:07:42.000000,899.3941499999992,-3195.218149999977,-2295.8239999999796
2025-03-05T10:08:12.000000,912.0115499999995,-3195.218149999977,-2283.2065999999795
2025-03-05T10:08:17.000000,936.4323499999988,-3195.218149999977,-2258.78579999998
2025-03-05T10:08:27.000000,960.8467499999981,-3195.218149999977,-2234.371399999981
2025-03-05T10:08:42.000000,953.2563499999981,-3195.218149999977,-2241.961799999981
2025-03-05T10:08:52.000000,930.3020999999975,-3195.218149999977,-2264.9160499999816
2025-03-05T10:16:02.000000,918.9446999999983,-3195.218149999977,-2276.273449999981
2025-03-05T10:16:17.000000,907.5904999999976,-3195.218149999977,-2287.6276499999817
2025-03-05T10:16:22.000000,900.2336999999976,-3195.218149999977,-2294.9844499999817
2025-03-05T10:16:32.000000,901.5884999999975,-3195.218149999977,-2293.629649999982
2025-03-05T10:18:23.000000,901.5884999999975,-3171.027749999976,-2269.4392499999813
2025-03-05T10:18:33.000000,901.5884999999975,-3158.832749999976,-2257.244249999981
2025-03-05T10:19:38.000000,901.5884999999975,-3146.6281499999754,-2245.0396499999806
2025-03-05T10:19:47.000000,901.5884999999975,-3215.7959999999757,-2314.207499999981
2025-03-05T10:19:57.000000,901.5884999999975,-3278.965349999975,-2377.37684999998
2025-03-05T10:20:02.000000,901.5884999999975,-3345.137549999975,-2443.54904999998
2025-03-05T10:22:12.000000,901.5884999999975,-3322.9330499999755,-2421.3445499999807
2025-03-05T10:22:12.000000,901.5884999999975,-3389.1196499999755,-2487.5311499999807
2025-03-05T10:22:22.000000,901.5884999999975,-3434.3054999999754,-2532.7169999999805
2025-03-05T10:22:42.000000,901.5884999999975,-3461.4982499999755,-2559.9097499999807
2025-03-05T10:22:52.000000,901.5884999999975,-3469.2862499999756,-2567.6977499999807
2025-03-05T10:23:17.000000,901.5884999999975,-3487.4968499999754,-2585.9083499999806
2025-03-05T10:23:27.000000,901.5884999999975,-3505.7074499999753,-2604.1189499999805
2025-03-05T10:23:32.000000,901.5884999999975,-3543.4279499999766,-2641.8394499999818
2025-03-05T10:23:37.000000,901.5884999999975,-3567.629849999976,-2666.0413499999813
2025-03-05T10:23:42.000000,901.5884999999975,-3588.8360999999763,-2687.2475999999815
2025-03-05T10:23:47.000000,901.5884999999975,-3641.410849999976,-2739.8223499999813
2025-03-05T10:23:47.000000,901.5884999999975,-3656.6185999999766,-2755.0300999999818
2025-03-05T10:23:52.000000,901.5884999999975,-3704.1885999999777,-2802.600099999983
2025-03-05T10:23:52.000000,901.5884999999975,-3722.3943999999774,-2820.8058999999826
2025-03-05T10:23:57.000000,901.5884999999975,-3740.5977999999773,-2839.0092999999824
2025-03-05T10:24:02.000000,901.5884999999975,-3761.8016499999776,-2860.2131499999828
2025-03-05T10:24:07.000000,901.5884999999975,-3780.002649999977,-2878.4141499999823
2025-03-05T10:24:12.000000,901.5884999999975,-3798.2036499999767,-2896.615149999982
2025-03-05T10:24:42.000000,901.5884999999975,-3790.953399999978,-2889.364899999983
2025-03-05T10:24:52.000000,901.5884999999975,-3783.7031499999794,-2882.1146499999845
2025-03-05T10:24:57.000000,901.5884999999975,-3786.450399999979,-2884.861899999984
2025-03-05T10:25:02.000000,901.5884999999975,-3774.2033999999794,-2872.6148999999846
2025-03-05T10:25:02.000000,901.5884999999975,-3777.406949999979,-2875.8184499999843
2025-03-05T10:25:12.000000,901.5884999999975,-3775.1534499999793,-2873.5649499999845
2025-03-05T10:25:17.000000,901.5884999999975,-3777.8966999999802,-2876.3081999999854
2025-03-05T10:25:22.000000,901.5884999999975,-3785.63669999998,-2884.048199999985
2025-03-05T10:25:27.000000,901.5884999999975,-3841.544699999979,-2939.956199999984
2025-03-05T10:25:27.000000,901.5884999999975,-3849.284699999979,-2947.696199999984
2025-03-05T10:25:32.000000,901.5884999999975,-3857.0206999999787,-2955.432199999984
2025-03-05T10:25:32.000000,901.5884999999975,-3842.2311499999787,-2940.642649999984
2025-03-05T10:25:37.000000,901.5884999999975,-3844.96639999998,-2943.377899999985
2025-03-05T10:25:47.000000,901.5884999999975,-3830.1792499999797,-2928.590749999985
2025-03-05T10:25:52.000000,901.5884999999975,-3837.9112499999796,-2936.322749999985
2025-03-05T10:25:52.000000,901.5884999999975,-3823.1240999999795,-2921.5355999999847
2025-03-05T10:26:42.000000,901.5884999999975,-3772.34834999998,-2870.7598499999854
2025-03-05T10:26:47.000000,901.5884999999975,-3727.5686999999807,-2825.980199999986
2025-03-05T10:27:12.000000,901.5884999999975,-3676.79054999998,-2775.2020499999853
2025-03-05T10:27:17.000000,901.5884999999975,-3644.0006999999796,-2742.4121999999848
2025-03-05T10:27:22.000000,901.5884999999975,-3620.204999999979,-2718.616499999984
2025-03-05T10:27:37.000000,901.5884999999975,-3635.8221999999787,-2734.233699999984
2025-03-05T10:28:57.000000,901.5884999999975,-3618.024999999979,-2716.4364999999843
2025-03-05T10:29:27.000000,901.5884999999975,-3594.9612999999786,-2693.3727999999837
2025-03-05T10:29:37.000000,901.5884999999975,-3574.8956499999786,-2673.3071499999837
2025-03-05T10:30:02.000000,901.5884999999975,-3519.1885999999786,-2617.6000999999837
2025-03-05T10:34:07.000000,901.5884999999975,-3543.0245999999784,-2641.4360999999835
2025-03-05T10:36:32.000000,901.5884999999975,-3570.8675999999787,-2669.279099999984
2025-03-05T10:37:42.000000,901.5884999999975,-3582.711399999978,-2681.122899999983
2025-03-05T10:37:52.000000,901.5884999999975,-3590.564199999978,-2688.975699999983
2025-03-05T10:38:37.000000,901.5884999999975,-3592.478499999977,-2690.889999999982
2025-03-05T10:38:37.000000,901.5884999999975,-3600.334499999977,-2698.7459999999824
2025-03-05T10:38:47.000000,901.5884999999975,-3612.1846999999766,-2710.5961999999818
2025-03-05T10:39:32.000000,901.5884999999975,-3642.895499999976,-2741.306999999981
2025-03-05T10:39:42.000000,901.5884999999975,-3652.1143499999766,-2750.525849999982
2025-03-05T10:40:32.000000,901.5884999999975,-3661.337999999977,-2759.749499999982
2025-03-05T10:40:42.000000,901.5884999999975,-3676.560149999976,-2774.9716499999813
2025-03-05T10:43:07.000000,890.2438999999969,-3676.560149999976,-2786.316249999982
2025-03-05T10:44:17.000000,890.2438999999969,-3684.297749999976,-2794.053849999982
2025-03-05T10:45:27.000000,890.2438999999969,-3639.0451499999763,-2748.8012499999822
2025-03-05T10:45:32.000000,890.2438999999969,-3601.7905499999765,-2711.5466499999825
2025-03-05T10:45:37.000000,890.2438999999969,-3572.5307499999767,-2682.2868499999827
2025-03-05T10:45:42.000000,890.2438999999969,-3547.271549999976,-2657.027649999982
2025-03-05T10:45:47.000000,890.2438999999969,-3522.0091499999767,-2631.7652499999826
2025-03-05T10:47:12.000000,890.2438999999969,-3520.7535499999753,-2630.5096499999813
2025-03-05T10:47:17.000000,890.2438999999969,-3519.497949999974,-2629.25404999998
2025-03-05T10:47:22.000000,890.2438999999969,-3518.2423499999727,-2627.9984499999787
2025-03-05T10:47:27.000000,890.2438999999969,-3524.987949999973,-2634.744049999979
2025-03-05T10:47:32.000000,890.2438999999969,-3539.734749999973,-2649.4908499999788
2025-03-05T10:47:37.000000,890.2438999999969,-3550.480949999972,-2660.237049999978
2025-03-05T10:47:42.000000,890.2438999999969,-3569.2251499999725,-2678.9812499999784
2025-03-05T10:47:47.000000,890.2438999999969,-3583.9655499999735,-2693.7216499999795
2025-03-05T10:47:52.000000,890.2438999999969,-3598.7059499999746,-2708.4620499999805
2025-03-05T10:49:52.000000,890.2438999999969,-3558.365949999974,-2668.12204999998
2025-03-05T10:50:42.000000,890.2438999999969,-3502.055549999974,-2611.81164999998
2025-03-05T10:51:02.000000,890.2438999999969,-3453.759149999974,-2563.51524999998
2025-03-05T10:51:07.000000,890.2438999999969,-3437.4419499999744,-2547.1980499999804
2025-03-05T10:51:17.000000,890.2438999999969,-3461.092349999974,-2570.84844999998
2025-03-05T10:51:22.000000,890.2438999999969,-3484.7427499999735,-2594.4988499999795
2025-03-05T10:52:32.000000,890.2438999999969,-3516.733549999973,-2626.489649999979
2025-03-05T10:52:52.000000,890.2438999999969,-3548.7339499999725,-2658.4900499999785
2025-03-05T10:53:22.000000,890.2438999999969,-3545.080299999973,-2654.8363999999788
2025-03-05T10:53:27.000000,890.2438999999969,-3541.426649999973,-2651.182749999979
2025-03-05T10:53:37.000000,890.2438999999969,-3552.169649999974,-2661.92574999998
2025-03-05T10:53:37.000000,890.2438999999969,-3537.5231499999745,-2647.2792499999805
2025-03-05T10:53:42.000000,890.2438999999969,-3556.260949999975,-2666.017049999981
2025-03-05T10:54:02.000000,890.2438999999969,-3541.6144499999755,-2651.3705499999814
2025-03-05T10:54:12.000000,890.2438999999969,-3537.9607999999757,-2647.7168999999817
2025-03-05T10:56:32.000000,890.2438999999969,-3609.387999999976,-2719.144099999982
2025-03-05T10:58:12.000000,890.2438999999969,-3582.639849999976,-2692.395949999982
2025-03-05T10:58:13.000000,890.2438999999969,-3570.3616499999757,-2680.1177499999817
2025-03-05T10:58:17.000000,890.2438999999969,-3577.817649999976,-2687.573749999982
2025-03-05T10:58:17.000000,890.2438999999969,-3563.0688999999757,-2672.8249999999816
2025-03-05T10:58:57.000000,890.2438999999969,-3501.970699999975,-2611.726799999981
2025-03-05T10:59:12.000000,890.2438999999969,-3448.8704999999754,-2558.6265999999814
2025-03-05T10:59:17.000000,890.2438999999969,-3403.7682999999743,-2513.5243999999802
2025-03-05T10:59:22.000000,890.2438999999969,-3374.6556999999743,-2484.4117999999803
2025-03-05T11:00:12.000000,890.2438999999969,-3414.3404999999752,-2524.096599999981
2025-03-05T11:01:27.000000,890.2438999999969,-3385.383899999975,-2495.139999999981
2025-03-05T11:01:32.000000,890.2438999999969,-3353.429249999975,-2463.185349999981
2025-03-05T11:01:42.000000,890.2438999999969,-3327.473099999975,-2437.229199999981
2025-03-05T11:01:42.000000,890.2438999999969,-3255.421099999975,-2365.177199999981
2025-03-05T11:01:47.000000,890.2438999999969,-3235.461049999975,-2345.217149999981
2025-03-05T11:01:57.000000,890.2438999999969,-3221.4946999999747,-2331.2507999999807
2025-03-05T11:02:02.000000,890.2438999999969,-3207.5307499999744,-2317.2868499999804
2025-03-05T11:02:07.000000,890.2438999999969,-3230.3929999999755,-2340.1490999999814
2025-03-05T11:02:12.000000,890.2438999999969,-3253.2552499999765,-2363.0113499999825
2025-03-05T11:04:12.000000,890.2438999999969,-3244.9392499999767,-2354.6953499999827
2025-03-05T11:04:22.000000,890.2438999999969,-3236.623249999977,-2346.379349999983
2025-03-05T11:05:22.000000,890.2438999999969,-3188.3140499999768,-2298.0701499999827
2025-03-05T11:05:27.000000,890.2438999999969,-3156.0008499999776,-2265.7569499999836
2025-03-05T11:06:57.000000,890.2438999999969,-3171.4292499999774,-2281.1853499999834
2025-03-05T11:07:02.000000,890.2438999999969,-3194.8556499999786,-2304.6117499999846
2025-03-05T11:07:02.000000,890.2438999999969,-3202.5356499999784,-2312.2917499999844
2025-03-05T11:07:12.000000,890.2438999999969,-3210.2156499999783,-2319.9717499999842
2025-03-05T11:09:17.000000,890.2438999999969,-3201.8804499999787,-2311.6365499999847
2025-03-05T11:10:17.000000,890.2438999999969,-3202.0859499999788,-2311.8420499999847
2025-03-05T11:13:27.000000,890.2438999999969,-3209.7531499999786,-2319.5092499999846
2025-03-05T11:13:32.000000,890.2438999999969,-3232.6153999999797,-2342.3714999999856
2025-03-05T11:13:47.000000,890.2438999999969,-3255.4776499999807,-2365.2337499999867
2025-03-05T11:14:17.000000,890.2438999999969,-3263.337649999981,-2373.093749999987
2025-03-05T11:16:47.000000,890.2438999999969,-3274.05504999998,-2383.811149999986
2025-03-05T11:17:37.000000,890.2438999999969,-3256.7842499999806,-2366.5403499999866
2025-03-05T11:18:02.000000,890.2438999999969,-3247.514649999981,-2357.270749999987
2025-03-05T11:18:17.000000,890.2438999999969,-3242.057649999981,-2351.813749999987
2025-03-05T11:18:47.000000,890.2438999999969,-3249.756849999981,-2359.512949999987
2025-03-05T11:18:52.000000,890.2438999999969,-3247.674699999981,-2357.430799999987
2025-03-05T11:19:12.000000,890.2438999999969,-3191.332299999981,-2301.088399999987
2025-03-05T11:19:17.000000,890.2438999999969,-3199.031499999981,-2308.787599999987
2025-03-05T11:19:32.000000,890.2438999999969,-3202.5662499999803,-2312.3223499999863
2025-03-05T13:03:37.000000,890.2438999999969,-3194.1734499999807,-2303.9295499999866
2025-03-05T13:04:17.000000,890.2438999999969,-3232.0379499999813,-2341.7940499999872
2025-03-05T13:05:12.000000,890.2438999999969,-3224.8956999999814,-2334.6517999999874
2025-03-05T13:05:52.000000,890.2438999999969,-3183.624499999981,-2293.3805999999868
2025-03-05T13:05:57.000000,890.2438999999969,-3138.3526999999813,-2248.1087999999872
2025-03-05T13:06:02.000000,890.2438999999969,-3097.0782999999824,-2206.8343999999884
2025-03-05T13:06:02.000000,890.2438999999969,-3080.745099999982,-2190.501199999988
2025-03-05T13:06:32.000000,890.2438999999969,-3035.4700999999823,-2145.2261999999882
2025-03-05T13:06:37.000000,890.2438999999969,-2986.1944999999832,-2095.950599999989
2025-03-05T13:06:42.000000,890.2438999999969,-2940.9162999999835,-2050.6723999999895
2025-03-05T13:06:47.000000,890.2438999999969,-2891.6374999999834,-2001.3935999999892
2025-03-05T13:06:52.000000,890.2438999999969,-2846.356099999984,-1956.1121999999896
2025-03-05T13:06:57.000000,890.2438999999969,-2801.0746999999847,-1910.83079999999
2025-03-05T13:07:02.000000,890.2438999999969,-2755.790099999984,-1865.5461999999889
2025-03-05T13:07:12.000000,890.2438999999969,-2706.5048999999835,-1816.2609999999886
2025-03-05T13:07:17.000000,890.2438999999969,-2661.217099999984,-1770.973199999989
2025-03-05T13:15:42.000000,890.2438999999969,-2654.0268499999843,-1763.7829499999893
2025-03-05T13:17:12.000000,890.2438999999969,-2631.534349999985,-1741.29044999999
2025-03-05T13:17:52.000000,890.2438999999969,-2623.531949999985,-1733.2880499999903
2025-03-05T13:17:57.000000,890.2438999999969,-2615.529549999985,-1725.2856499999907
2025-03-05T13:18:12.000000,890.2438999999969,-2623.516749999985,-1733.2728499999907
2025-03-05T13:18:27.000000,890.2438999999969,-2571.1589499999855,-1680.915049999991
2025-03-05T13:25:27.000000,890.2438999999969,-2553.8273499999846,-1663.58344999999
2025-03-05T13:25:32.000000,890.2438999999969,-2532.4951499999843,-1642.25124999999
2025-03-05T13:26:27.000000,890.2438999999969,-2620.508099999984,-1730.2641999999898
2025-03-05T13:27:12.000000,890.2438999999969,-2619.7132999999844,-1729.46939999999
2025-03-05T13:27:17.000000,890.2438999999969,-2626.9068999999845,-1736.66299999999
2025-03-05T13:27:27.000000,890.2438999999969,-2622.786699999983,-1732.5427999999881
2025-03-05T13:27:32.000000,890.2438999999969,-2702.208699999983,-1811.964799999988
2025-03-05T13:27:37.000000,890.2438999999969,-2648.871699999982,-1758.627799999987
2025-03-05T13:27:42.000000,890.2438999999969,-2655.0372999999818,-1764.793399999987
2025-03-05T13:28:17.000000,890.2438999999969,-2686.7336999999825,-1796.489799999988
2025-03-05T13:28:17.000000,890.2438999999969,-2726.424899999983,-1836.1809999999887
2025-03-05T13:28:22.000000,890.2438999999969,-2689.2381499999833,-1798.9942499999888
2025-03-05T13:28:32.000000,890.2438999999969,-2688.4433499999836,-1798.199449999989
2025-03-05T13:28:42.000000,890.2438999999969,-2679.916149999984,-1789.6722499999892
2025-03-05T13:28:52.000000,890.2438999999969,-2679.3773499999843,-1789.1334499999894
2025-03-05T13:28:52.000000,890.2438999999969,-2647.195349999985,-1756.9514499999902
2025-03-05T13:28:52.000000,890.2438999999969,-2615.0133499999856,-1724.7694499999911
2025-03-05T13:29:52.000000,890.2438999999969,-2606.383749999986,-1716.1398499999914
2025-03-05T13:29:52.000000,890.2438999999969,-2597.5638999999856,-1707.319999999991
2025-03-05T13:32:27.000000,891.6210999999967,-2597.5638999999856,-1705.9427999999912
2025-03-05T13:32:32.000000,884.9970999999966,-2597.5638999999856,-1712.5667999999912
2025-03-05T13:32:32.000000,884.9970999999966,-2597.8036499999857,-1712.8065499999914
2025-03-05T13:39:47.000000,884.9970999999966,-2669.3524499999858,-1784.3553499999914
2025-03-05T13:39:52.000000,884.9970999999966,-2740.907649999986,-1855.9105499999914
2025-03-05T13:39:57.000000,884.9970999999966,-2796.4796499999866,-1911.4825499999918
2025-03-05T13:40:02.000000,884.9970999999966,-2852.051649999987,-1967.054549999992
2025-03-05T13:40:07.000000,884.9970999999966,-2891.634049999988,-2006.6369499999928
2025-03-05T13:40:17.000000,884.9970999999966,-2987.1992499999874,-2102.2021499999923
2025-03-05T13:40:27.000000,884.9970999999966,-3090.772049999987,-2205.774949999992
2025-03-05T13:40:32.000000,884.9970999999966,-3202.333249999986,-2317.336149999991
2025-03-05T13:40:42.000000,884.9970999999966,-3297.879249999987,-2412.882149999992
2025-03-05T13:41:22.000000,884.9970999999966,-3401.8616499999866,-2516.8645499999916
2025-03-05T13:41:37.000000,884.9970999999966,-3553.8384499999866,-2668.8413499999915
2025-03-05T13:41:42.000000,884.9970999999966,-3665.438049999987,-2780.440949999992
2025-03-05T13:41:42.000000,884.9970999999966,-3881.386049999987,-2996.388949999992
2025-03-05T13:41:52.000000,884.9970999999966,-4016.976449999987,-3131.979349999992
2025-03-05T13:42:02.000000,884.9970999999966,-4036.3958499999876,-3151.3987499999926
2025-03-05T13:42:07.000000,884.9970999999966,-4155.990249999988,-3270.993149999993
2025-03-05T13:42:07.000000,884.9970999999966,-4179.407049999988,-3294.4099499999925
2025-03-05T13:42:07.000000,884.9970999999966,-4179.284249999988,-3294.287149999993
2025-03-05T13:42:12.000000,884.9970999999966,-4298.885049999988,-3413.8879499999935
2025-03-05T13:42:17.000000,884.9970999999966,-4318.301249999987,-3433.3041499999927
2025-03-05T13:42:22.000000,884.9970999999966,-4365.558449999988,-3480.561349999993
2025-03-05T13:42:32.000000,884.9970999999966,-4373.430449999988,-3488.433349999993
2025-03-05T13:42:37.000000,884.9970999999966,-4381.299249999988,-3496.302149999993
2025-03-05T13:42:37.000000,884.9970999999966,-4412.554049999988,-3527.556949999993
2025-03-05T13:42:42.000000,884.9970999999966,-4516.139649999988,-3631.1425499999937
2025-03-05T13:43:22.000000,884.9970999999966,-4547.7656499999875,-3662.768549999993
2025-03-05T13:43:37.000000,884.9970999999966,-4555.680849999988,-3670.683749999993
2025-03-05T13:43:42.000000,884.9970999999966,-4587.300449999987,-3702.3033499999924
2025-03-05T13:43:52.000000,884.9970999999966,-4634.909649999986,-3749.9125499999914
2025-03-05T13:43:52.000000,884.9970999999966,-4634.172449999986,-3749.1753499999913
2025-03-05T13:43:57.000000,884.9970999999966,-4689.789249999987,-3804.7921499999916
2025-03-05T13:44:07.000000,884.9970999999966,-4777.385249999988,-3892.3881499999925
2025-03-05T13:44:12.000000,884.9970999999966,-4795.218749999988,-3910.221649999992
2025-03-05T13:44:22.000000,884.9970999999966,-4828.046499999989,-3943.0493999999926
2025-03-05T13:45:27.000000,884.9970999999966,-4856.2112499999885,-3971.2141499999925
2025-03-05T13:45:37.000000,884.9970999999966,-4895.832049999988,-4010.8349499999917
2025-03-05T13:45:52.000000,884.9970999999966,-4889.770749999989,-4004.773649999992
2025-03-05T13:45:52.000000,884.9970999999966,-4897.250749999988,-4012.253649999992
2025-03-05T13:45:52.000000,884.9970999999966,-4945.10074999999,-4060.1036499999927
2025-03-05T13:45:57.000000,884.9970999999966,-4931.28799999999,-4046.2908999999927
2025-03-05T13:45:57.000000,884.9970999999966,-4946.15704999999,-4061.1599499999925
2025-03-05T13:46:02.000000,884.9970999999966,-4920.34489999999,-4035.3477999999927
2025-03-05T13:46:07.000000,884.9970999999966,-4903.522099999989,-4018.5249999999924
2025-03-05T13:46:07.000000,884.9970999999966,-4936.69894999999,-4051.7018499999936
2025-03-05T13:46:12.000000,884.9970999999966,-4909.6400999999905,-4024.642999999994
2025-03-05T13:46:27.000000,884.9970999999966,-4893.575699999991,-4008.578599999995
2025-03-05T13:46:57.000000,884.9970999999966,-4845.234499999991,-3960.2373999999945
2025-03-05T13:47:02.000000,884.9970999999966,-4780.897299999991,-3895.9001999999946
2025-03-05T13:47:22.000000,884.9970999999966,-4724.5420999999915,-3839.5449999999946
2025-03-05T13:47:27.000000,884.9970999999966,-4674.699949999992,-3789.702849999995
2025-03-05T13:47:37.000000,884.9970999999966,-4610.33714999999,-3725.340049999994
2025-03-05T13:47:42.000000,884.9970999999966,-4561.96394999999,-3676.9668499999934
2025-03-05T13:47:57.000000,884.9970999999966,-4513.60354999999,-3628.6064499999934
2025-03-05T13:49:22.000000,884.9970999999966,-4514.78824999999,-3629.7911499999936
2025-03-05T13:49:27.000000,884.9970999999966,-4479.809949999989,-3594.8128499999934
2025-03-05T13:49:32.000000,884.9970999999966,-4451.832699999988,-3566.835599999993
2025-03-05T13:50:02.000000,884.9970999999966,-4635.5198999999875,-3750.522799999992
2025-03-05T13:50:07.000000,884.9970999999966,-4835.196699999986,-3950.199599999991
2025-03-05T13:50:12.000000,884.9970999999966,-5058.8642999999865,-4173.8671999999915
2025-03-05T13:50:17.000000,884.9970999999966,-5298.540699999987,-4413.543599999992
2025-03-05T13:50:17.000000,884.9970999999966,-5294.078099999988,-4409.080999999993
2025-03-05T13:50:27.000000,884.9970999999966,-5285.618099999988,-4400.620999999993
2025-03-05T13:50:47.000000,884.9970999999966,-5305.155899999988,-4420.158799999993
2025-03-05T13:51:17.000000,884.9970999999966,-5463.038399999987,-4578.041299999992
2025-03-05T13:51:42.000000,884.9970999999966,-5469.235199999986,-4584.238099999991
2025-03-05T13:51:47.000000,884.9970999999966,-5472.431549999987,-4587.434449999992
2025-03-05T13:51:52.000000,884.9970999999966,-5472.627449999986,-4587.630349999991
2025-03-05T13:51:57.000000,884.9970999999966,-5478.821849999987,-4593.824749999992
2025-03-05T13:52:02.000000,884.9970999999966,-5479.020149999987,-4594.023049999992
2025-03-05T13:52:07.000000,884.9970999999966,-5482.216499999987,-4597.219399999992
2025-03-05T13:52:12.000000,884.9970999999966,-5488.4132999999865,-4603.4161999999915
2025-03-05T13:52:17.000000,884.9970999999966,-5494.610099999986,-4609.612999999991
2025-03-05T13:52:22.000000,884.9970999999966,-5512.803899999986,-4627.806799999991
2025-03-05T13:52:27.000000,884.9970999999966,-5484.832249999986,-4599.835149999991
2025-03-05T13:52:27.000000,884.9970999999966,-5503.026049999986,-4618.028949999991
2025-03-05T13:52:32.000000,884.9970999999966,-5454.062449999986,-4569.065349999991
2025-03-05T13:52:32.000000,884.9970999999966,-5472.256249999986,-4587.259149999991
2025-03-05T13:52:37.000000,884.9970999999966,-5496.448549999986,-4611.451449999991
2025-03-05T13:52:42.000000,884.9970999999966,-5523.641299999987,-4638.6441999999915
2025-03-05T13:52:47.000000,884.9970999999966,-5530.646899999987,-4645.649799999992
2025-03-05T13:52:47.000000,884.9970999999966,-5557.837249999987,-4672.840149999992
2025-03-05T13:52:52.000000,884.9970999999966,-5571.838299999987,-4686.841199999992
2025-03-05T13:52:57.000000,884.9970999999966,-5595.840699999986,-4710.843599999991
2025-03-05T13:52:57.000000,884.9970999999966,-5629.031949999986,-4744.034849999991
2025-03-05T13:53:02.000000,884.9970999999966,-5636.037549999986,-4751.040449999991
2025-03-05T13:53:02.000000,884.9970999999966,-5663.227899999986,-4778.230799999991
2025-03-05T13:53:07.000000,884.9970999999966,-5695.218699999986,-4810.221599999991
2025-03-05T13:53:07.000000,884.9970999999966,-5722.409049999986,-4837.411949999991
2025-03-05T13:53:12.000000,884.9970999999966,-5715.326799999984,-4830.329699999989
2025-03-05T13:53:12.000000,884.9970999999966,-5763.313599999983,-4878.316499999988
2025-03-05T13:53:17.000000,884.9970999999966,-5906.221849999984,-5021.224749999989
2025-03-05T13:53:27.000000,884.9970999999966,-6024.134349999984,-5139.137249999989
2025-03-05T13:53:32.000000,884.9970999999966,-6137.042099999984,-5252.044999999989
2025-03-05T13:53:52.000000,884.9970999999966,-6234.951599999984,-5349.954499999989
2025-03-05T13:53:57.000000,884.9970999999966,-6322.863599999984,-5437.866499999989
2025-03-05T13:54:02.000000,884.9970999999966,-6410.771599999985,-5525.7744999999895
2025-03-05T13:54:07.000000,884.9970999999966,-6498.679599999985,-5613.68249999999
2025-03-05T13:54:57.000000,884.9970999999966,-6449.699199999985,-5564.7020999999895
2025-03-05T13:55:07.000000,884.9970999999966,-6414.704099999985,-5529.70699999999
2025-03-05T13:55:17.000000,884.9970999999966,-6407.701999999986,-5522.704899999991
2025-03-05T13:55:22.000000,884.9970999999966,-6295.504799999985,-5410.50769999999
2025-03-05T13:55:22.000000,884.9970999999966,-6279.501199999986,-5394.504099999991
2025-03-05T13:55:27.000000,884.9970999999966,-6265.503649999987,-5380.506549999992
2025-03-05T13:55:32.000000,884.9970999999966,-6145.318049999987,-5260.320949999992
2025-03-05T13:55:52.000000,884.9970999999966,-6145.086449999987,-5260.089349999992
2025-03-05T13:55:52.000000,884.9970999999966,-6159.440299999987,-5274.4431999999915
2025-03-05T13:55:57.000000,884.9970999999966,-6199.195499999987,-5314.198399999992
2025-03-05T13:55:57.000000,884.9970999999966,-6220.550399999986,-5335.553299999991
2025-03-05T13:56:02.000000,884.9970999999966,-6292.303999999986,-5407.306899999991
2025-03-05T13:56:07.000000,884.9970999999966,-6395.2422499999875,-5510.2451499999925
2025-03-05T13:56:37.000000,884.9970999999966,-6423.221249999987,-5538.224149999992
2025-03-05T13:56:37.000000,884.9970999999966,-6429.418049999987,-5544.4209499999915
2025-03-05T13:56:42.000000,884.9970999999966,-6435.614849999986,-5550.617749999991
2025-03-05T13:56:42.000000,884.9970999999966,-6455.277449999986,-5570.280349999991
2025-03-05T13:57:02.000000,884.9970999999966,-6599.099449999986,-5714.102349999991
2025-03-05T13:57:32.000000,884.9970999999966,-6561.5088499999865,-5676.5117499999915
2025-03-05T13:57:37.000000,884.9970999999966,-6531.9130499999865,-5646.915949999991
2025-03-05T13:57:47.000000,884.9970999999966,-6514.315849999987,-5629.318749999992
2025-03-05T13:57:52.000000,884.9970999999966,-6496.728249999987,-5611.731149999992
2025-03-05T13:58:12.000000,884.9970999999966,-6505.930299999988,-5620.933199999993
2025-03-05T13:58:17.000000,884.9970999999966,-6518.130399999988,-5633.133299999993
2025-03-05T13:58:32.000000,884.9970999999966,-6539.329449999988,-5654.332349999993
2025-03-05T13:58:37.000000,884.9970999999966,-6554.529999999988,-5669.532899999993
2025-03-05T14:01:42.000000,884.9970999999966,-6592.488099999989,-5707.490999999994
2025-03-05T14:01:42.000000,884.9970999999966,-6605.476849999989,-5720.479749999994
2025-03-05T14:02:07.000000,884.9970999999966,-6635.224149999988,-5750.227049999993
2025-03-05T14:02:22.000000,884.9970999999966,-6818.578549999987,-5933.581449999992
2025-03-05T14:02:27.000000,884.9970999999966,-6848.3258499999865,-5963.3287499999915
2025-03-05T14:02:27.000000,884.9970999999966,-7047.676249999987,-6162.679149999992
2025-03-05T14:02:32.000000,884.9970999999966,-7255.0214499999865,-6370.0243499999915
2025-03-05T14:02:37.000000,884.9970999999966,-7206.897849999987,-6321.900749999992
2025-03-05T14:02:37.000000,884.9970999999966,-7422.244249999986,-6537.247149999991
2025-03-05T14:02:42.000000,884.9970999999966,-7451.991549999985,-6566.99444999999
2025-03-05T14:02:42.000000,884.9970999999966,-7659.343149999985,-6774.34604999999
2025-03-05T14:02:47.000000,884.9970999999966,-7882.690749999986,-6997.693649999991
2025-03-05T14:02:52.000000,884.9970999999966,-8106.044749999987,-7221.047649999992
2025-03-05T14:03:12.000000,884.9970999999966,-8074.361299999987,-7189.364199999992
2025-03-05T14:03:12.000000,884.9970999999966,-8321.718899999987,-7436.721799999992
2025-03-05T14:03:17.000000,884.9970999999966,-8302.030049999987,-7417.0329499999925
2025-03-05T14:03:22.000000,884.9970999999966,-8285.336849999987,-7400.339749999992
2025-03-05T14:03:27.000000,884.9970999999966,-8286.627149999988,-7401.6300499999925
2025-03-05T14:03:27.000000,884.9970999999966,-8307.836449999988,-7422.839349999992
2025-03-05T14:03:32.000000,884.9970999999966,-8357.021949999988,-7472.0248499999925
2025-03-05T14:03:37.000000,884.9970999999966,-8349.313299999987,-7464.316199999992
2025-03-05T14:03:37.000000,884.9970999999966,-8405.488649999987,-7520.4915499999925
2025-03-05T14:04:07.000000,884.9970999999966,-8349.376649999987,-7464.379549999992
2025-03-05T14:04:27.000000,884.9970999999966,-8325.243849999986,-7440.246749999992
2025-03-05T14:04:32.000000,884.9970999999966,-8269.125449999987,-7384.128349999992
2025-03-05T14:04:37.000000,884.9970999999966,-8213.007049999987,-7328.0099499999915
2025-03-05T14:04:37.000000,884.9970999999966,-8108.236649999989,-7223.239549999993
2025-03-05T14:04:37.000000,884.9970999999966,-7989.475349999989,-7104.478249999993
2025-03-05T14:04:42.000000,884.9970999999966,-7933.350549999988,-7048.353449999992
2025-03-05T14:04:52.000000,884.9970999999966,-7814.6060499999885,-6929.608949999993
2025-03-05T14:04:52.000000,884.9970999999966,-7796.832849999988,-6911.835749999992
2025-03-05T14:04:57.000000,884.9970999999966,-7740.701649999988,-6855.704549999992
2025-03-05T14:04:57.000000,884.9970999999966,-7628.952599999988,-6743.955499999992
2025-03-05T14:04:57.000000,884.9970999999966,-7611.179399999987,-6726.182299999991
2025-03-05T14:05:02.000000,884.9970999999966,-7593.406199999987,-6708.409099999991
2025-03-05T14:05:07.000000,884.9970999999966,-7594.346099999987,-6709.348999999991
2025-03-05T14:05:07.000000,884.9970999999966,-7496.604749999987,-6611.607649999991
2025-03-05T14:05:17.000000,884.9970999999966,-7426.861999999987,-6541.864899999991
2025-03-05T14:05:22.000000,884.9970999999966,-7385.112249999987,-6500.115149999991
2025-03-05T14:05:27.000000,884.9970999999966,-7350.357949999987,-6465.360849999991
2025-03-05T14:05:47.000000,884.9970999999966,-7297.020949999986,-6412.0238499999905
2025-03-05T14:05:52.000000,884.9970999999966,-7213.187449999986,-6328.19034999999
2025-03-05T14:05:52.000000,884.9970999999966,-7176.960049999987,-6291.962949999991
2025-03-05T14:05:57.000000,884.9970999999966,-7135.361499999986,-6250.36439999999
2025-03-05T14:06:02.000000,884.9970999999966,-7077.023749999987,-6192.026649999991
2025-03-05T14:06:07.000000,884.9970999999966,-7029.884449999987,-6144.887349999991
2025-03-05T14:06:07.000000,884.9970999999966,-7003.832299999987,-6118.835199999991
2025-03-05T14:06:42.000000,884.9970999999966,-6981.827799999988,-6096.830699999992
2025-03-05T14:08:22.000000,884.9970999999966,-6967.405449999988,-6082.408349999992
2025-03-05T14:09:07.000000,884.9970999999966,-6975.325449999988,-6090.3283499999925
2025-03-05T14:10:37.000000,884.9970999999966,-6849.523899999989,-5964.526799999993
2025-03-05T14:10:52.000000,884.9970999999966,-6751.7041499999905,-5866.7070499999945
2025-03-05T14:11:02.000000,884.9970999999966,-6681.871799999991,-5796.874699999995
2025-03-05T14:18:42.000000,884.9970999999966,-6697.7897999999905,-5812.7926999999945
2025-03-05T14:18:47.000000,884.9970999999966,-6705.712999999991,-5820.715899999995
2025-03-05T14:18:57.000000,884.9970999999966,-6717.633599999991,-5832.636499999995
2025-03-05T14:19:02.000000,884.9970999999966,-6725.556799999991,-5840.559699999995
2025-03-05T14:19:07.000000,884.9970999999966,-6733.479999999991,-5848.482899999995
2025-03-05T14:19:17.000000,884.9970999999966,-6745.403799999991,-5860.406699999995
2025-03-05T14:19:22.000000,884.9970999999966,-6753.326999999991,-5868.329899999995
2025-03-05T14:19:27.000000,884.9970999999966,-6769.251399999991,-5884.254299999995
2025-03-05T14:19:32.000000,884.9970999999966,-6754.4114499999905,-5869.414349999995
2025-03-05T14:19:32.000000,884.9970999999966,-6770.3390499999905,-5885.3419499999945
2025-03-05T14:19:37.000000,884.9970999999966,-6790.26404999999,-5905.266949999994
2025-03-05T14:19:42.000000,884.9970999999966,-6810.189049999989,-5925.191949999993
2025-03-05T14:19:47.000000,884.9970999999966,-6830.114049999988,-5945.116949999992
2025-03-05T14:19:52.000000,884.9970999999966,-6842.041049999989,-5957.043949999993
2025-03-05T14:19:57.000000,884.9970999999966,-6861.969249999989,-5976.972149999993
2025-03-05T14:20:02.000000,884.9970999999966,-6881.8974499999895,-5996.9003499999935
2025-03-05T14:20:07.000000,884.9970999999966,-6897.8250499999895,-6012.8279499999935
2025-03-05T14:20:12.000000,884.9970999999966,-6905.75144999999,-6020.754349999994
2025-03-05T14:20:22.000000,884.9970999999966,-6925.67324999999,-6040.676149999994
2025-03-05T14:20:27.000000,884.9970999999966,-6953.593049999989,-6068.595949999993
2025-03-05T14:20:42.000000,884.9970999999966,-6990.845549999989,-6105.848449999993
2025-03-05T14:20:52.000000,884.9970999999966,-7019.094299999989,-6134.097199999993
2025-03-05T14:20:57.000000,884.9970999999966,-7050.338699999988,-6165.3415999999925
2025-03-05T14:21:02.000000,884.9970999999966,-7081.583099999988,-6196.585999999992
2025-03-05T14:21:07.000000,884.9970999999966,-7106.828999999989,-6221.831899999993
2025-03-05T14:21:22.000000,884.9970999999966,-7120.073099999989,-6235.075999999993
2025-03-05T14:22:07.000000,884.9970999999966,-7061.318399999989,-6176.321299999993
2025-03-05T14:22:12.000000,884.9970999999966,-6989.4722999999885,-6104.475199999993
2025-03-05T14:22:52.000000,884.9970999999966,-6972.716699999989,-6087.719599999993
2025-03-05T14:22:52.000000,884.9970999999966,-6961.95719999999,-6076.960099999994
2025-03-05T14:22:52.000000,884.9970999999966,-6948.19964999999,-6063.202549999994
2025-03-05T14:25:57.000000,884.9970999999966,-6907.45244999999,-6022.455349999994
2025-03-05T14:26:27.000000,884.9970999999966,-6906.97764999999,-6021.980549999994
2025-03-05T14:28:17.000000,909.6162999999974,-6906.97764999999,-5997.361349999993
2025-03-05T14:28:22.000000,926.2342999999984,-6906.97764999999,-5980.743349999992
2025-03-05T14:28:27.000000,942.8522999999993,-6906.97764999999,-5964.12534999999
2025-03-05T14:35:47.000000,942.8522999999993,-6809.10189999999,-5866.24959999999
2025-03-05T14:36:12.000000,942.8522999999993,-6774.20759999999,-5831.35529999999
2025-03-05T14:36:22.000000,942.8522999999993,-6746.303149999991,-5803.450849999991
2025-03-05T14:37:07.000000,942.8522999999993,-6749.559499999991,-5806.707199999992
2025-03-05T14:37:12.000000,942.8522999999993,-6755.813899999991,-5812.961599999991
2025-03-05T14:37:17.000000,942.8522999999993,-6765.066349999992,-5822.214049999992
2025-03-05T14:37:22.000000,942.8522999999993,-6774.316399999992,-5831.464099999993
2025-03-05T14:37:32.000000,942.8522999999993,-6792.942199999993,-5850.089899999994
2025-03-05T14:37:37.000000,942.8522999999993,-6811.567999999994,-5868.715699999994
2025-03-05T14:37:42.000000,942.8522999999993,-6830.193799999995,-5887.341499999995
2025-03-05T14:37:47.000000,942.8522999999993,-6848.819599999995,-5905.967299999996
2025-03-05T14:38:07.000000,942.8522999999993,-6850.762699999995,-5907.910399999995
2025-03-05T14:38:12.000000,942.8522999999993,-6865.387899999994,-5922.535599999995
2025-03-05T14:38:22.000000,942.8522999999993,-6855.333999999995,-5912.481699999996
2025-03-05T14:38:27.000000,942.8522999999993,-6839.283999999996,-5896.431699999996
2025-03-05T14:38:32.000000,942.8522999999993,-6853.9091999999955,-5911.056899999996
2025-03-05T14:38:37.000000,942.8522999999993,-6849.856199999996,-5907.003899999996
2025-03-05T14:38:47.000000,942.8522999999993,-6864.481399999995,-5921.629099999996
2025-03-05T14:38:52.000000,942.8522999999993,-6841.741699999996,-5898.889399999996
2025-03-05T14:39:07.000000,942.8522999999993,-6830.996599999995,-5888.144299999995
2025-03-05T14:39:07.000000,942.8522999999993,-6833.805599999994,-5890.953299999995
2025-03-05T14:39:12.000000,942.8522999999993,-6823.756499999993,-5880.904199999994
2025-03-05T14:39:12.000000,942.8522999999993,-6819.007499999993,-5876.155199999994
2025-03-05T14:39:17.000000,942.8522999999993,-6808.958399999992,-5866.106099999993
2025-03-05T14:41:07.000000,942.8522999999993,-6821.959149999993,-5879.106849999994
2025-03-05T14:41:12.000000,942.8522999999993,-6834.959899999994,-5892.107599999995
2025-03-05T14:41:27.000000,942.8522999999993,-6837.365699999995,-5894.513399999995
2025-03-05T14:41:32.000000,942.8522999999993,-6835.774099999995,-5892.9217999999955
2025-03-05T14:41:37.000000,942.8522999999993,-6842.180499999995,-5899.328199999995
2025-03-05T14:41:42.000000,942.8522999999993,-6844.589499999995,-5901.737199999995
2025-03-05T14:41:57.000000,942.8522999999993,-6683.625899999995,-5740.773599999996
2025-03-05T14:42:32.000000,942.8522999999993,-6662.050499999996,-5719.198199999996
2025-03-05T14:42:52.000000,942.8522999999993,-6640.475099999996,-5697.6227999999965
2025-03-05T14:42:57.000000,942.8522999999993,-6626.897699999996,-5684.045399999996
2025-03-05T14:43:02.000000,942.8522999999993,-6613.317099999996,-5670.464799999996
2025-03-05T14:43:07.000000,942.8522999999993,-6603.737099999996,-5660.884799999996
2025-03-05T14:43:17.000000,942.8522999999993,-6598.154499999997,-5655.302199999997
2025-03-05T14:43:27.000000,942.8522999999993,-6608.558299999996,-5665.7059999999965
2025-03-05T14:44:47.000000,942.8522999999993,-6611.181699999996,-5668.329399999997
2025-03-05T14:45:02.000000,950.8803000000004,-6611.181699999996,-5660.301399999996
2025-03-05T14:45:02.000000,982.911900000001,-6611.181699999996,-5628.2697999999955
2025-03-05T14:45:02.000000,1030.9459000000013,-6611.181699999996,-5580.235799999995
2025-03-05T14:45:02.000000,1086.9811000000013,-6611.181699999996,-5524.200599999995
2025-03-05T14:45:02.000000,1151.0175000000013,-6611.181699999996,-5460.164199999995
2025-03-05T14:45:02.000000,1223.0551000000023,-6611.181699999996,-5388.126599999993
2025-03-05T14:59:55.000000,1223.0551000000023,-7108.518399999996,-5885.463299999993
2025-03-06T09:50:47.000000,1223.0551000000023,-7177.945449999996,-5954.890349999992
2025-03-06T09:51:07.000000,1223.0551000000023,-7225.484249999996,-6002.429149999993
2025-03-06T09:52:12.000000,1223.0551000000023,-7217.117999999996,-5994.062899999993
2025-03-06T09:52:27.000000,1223.0551000000023,-7247.2535999999955,-6024.198499999992
2025-03-06T09:52:27.000000,1223.0551000000023,-7229.888399999996,-6006.833299999993
2025-03-06T09:52:32.000000,1223.0551000000023,-7215.521249999996,-5992.466149999993
2025-03-06T09:52:52.000000,1223.0551000000023,-7198.004849999996,-5974.9497499999925
2025-03-06T09:52:57.000000,1223.0551000000023,-7180.913099999995,-5957.857999999992
2025-03-06T09:53:02.000000,1223.0551000000023,-7143.830349999996,-5920.775249999992
2025-03-06T09:53:07.000000,1223.0551000000023,-7116.745099999996,-5893.689999999992
2025-03-06T09:53:22.000000,1223.0551000000023,-7124.665099999996,-5901.609999999992
2025-03-06T09:54:07.000000,1223.0551000000023,-7119.176899999996,-5896.121799999993
2025-03-06T09:54:32.000000,1223.0551000000023,-7173.3376999999955,-5950.282599999992
2025-03-06T09:54:47.000000,1223.0551000000023,-7187.797949999996,-5964.742849999992
2025-03-06T09:54:52.000000,1223.0551000000023,-7188.841049999995,-5965.785949999992
2025-03-06T09:55:52.000000,1223.0551000000023,-7189.299199999996,-5966.244099999993
2025-03-06T09:55:57.000000,1223.0551000000023,-7141.788549999997,-5918.733449999993
2025-03-06T09:58:12.000000,1223.0551000000023,-7006.3350999999975,-5783.279999999994
2025-03-06T09:58:17.000000,1223.0551000000023,-6892.867349999998,-5669.8122499999945
2025-03-06T09:58:27.000000,1223.0551000000023,-6812.378149999998,-5589.3230499999945
2025-03-06T10:00:02.000000,1223.0551000000023,-6842.393749999997,-5619.338649999994
2025-03-06T10:00:07.000000,1223.0551000000023,-6861.480349999998,-5638.425249999995
2025-03-06T10:00:12.000000,1223.0551000000023,-6904.5561499999985,-5681.501049999995
2025-03-06T10:00:27.000000,1223.0551000000023,-6913.762999999999,-5690.707899999996
2025-03-06T10:00:32.000000,1223.0551000000023,-6922.972249999998,-5699.917149999995
2025-03-06T10:00:32.000000,1223.0551000000023,-6935.909149999998,-5712.8540499999945
2025-03-06T10:00:47.000000,1223.0551000000023,-6951.121699999998,-5728.066599999995
2025-03-06T10:03:12.000000,1223.0551000000023,-6930.750299999997,-5707.695199999994
2025-03-06T10:04:07.000000,1223.0551000000023,-6901.248899999997,-5678.193799999994
2025-03-06T10:04:12.000000,1223.0551000000023,-6877.748399999997,-5654.6932999999935
2025-03-06T10:04:27.000000,1223.0551000000023,-6854.250299999997,-5631.195199999994
2025-03-06T10:04:32.000000,1223.0551000000023,-6833.750249999997,-5610.695149999994
2025-03-06T10:04:37.000000,1223.0551000000023,-6911.384749999997,-5688.329649999994
2025-03-06T10:04:52.000000,1223.0551000000023,-6893.885149999996,-5670.830049999993
2025-03-06T10:04:57.000000,1223.0551000000023,-6885.382099999996,-5662.326999999993
2025-03-06T10:05:02.000000,1223.0551000000023,-6885.875599999995,-5662.820499999992
2025-03-06T10:05:07.000000,1223.0551000000023,-6886.3690999999935,-5663.31399999999
2025-03-06T10:05:22.000000,1223.0551000000023,-6877.868449999994,-5654.81334999999
2025-03-06T10:05:27.000000,1223.0551000000023,-6955.494949999995,-5732.439849999992
2025-03-06T10:05:47.000000,1223.0551000000023,-6934.994899999995,-5711.939799999992
2025-03-06T10:05:57.000000,1223.0551000000023,-6963.647649999994,-5740.592549999991
2025-03-06T10:05:57.000000,1223.0551000000023,-6960.689499999995,-5737.634399999992
2025-03-06T10:05:57.000000,1223.0551000000023,-6937.191399999995,-5714.136299999992
2025-03-06T10:05:57.000000,1223.0551000000023,-6913.693299999995,-5690.638199999992
2025-03-06T10:06:02.000000,1223.0551000000023,-6890.195199999996,-5667.140099999992
2025-03-06T10:06:07.000000,1223.0551000000023,-6869.697549999995,-5646.642449999992
2025-03-06T10:06:12.000000,1223.0551000000023,-6852.197949999994,-5629.142849999991
2025-03-06T10:06:17.000000,1223.0551000000023,-6825.701799999994,-5602.646699999991
2025-03-06T10:06:22.000000,1223.0551000000023,-6799.205649999994,-5576.150549999991
2025-03-06T10:06:27.000000,1223.0551000000023,-6784.260099999994,-5561.204999999991
2025-03-06T10:06:32.000000,1223.0551000000023,-6760.761999999994,-5537.706899999991
2025-03-06T10:06:37.000000,1223.0551000000023,-6734.263449999994,-5511.208349999991
2025-03-06T10:06:42.000000,1223.0551000000023,-6741.913049999994,-5518.8579499999905
2025-03-06T10:06:42.000000,1223.0551000000023,-6721.410599999994,-5498.355499999991
2025-03-06T10:06:57.000000,1223.0551000000023,-6706.909049999994,-5483.853949999991
2025-03-06T10:07:02.000000,1223.0551000000023,-6689.407049999994,-5466.351949999991
2025-03-06T10:07:07.000000,1223.0551000000023,-6674.903099999994,-5451.847999999991
2025-03-06T10:07:17.000000,1223.0551000000023,-6669.395699999994,-5446.34059999999
2025-03-06T10:09:22.000000,1223.0551000000023,-6672.102949999995,-5449.047849999992
2025-03-06T10:09:27.000000,1223.0551000000023,-6674.8061999999945,-5451.751099999991
2025-03-06T10:10:07.000000,1223.0551000000023,-6752.352699999995,-5529.297599999992
2025-03-06T10:10:32.000000,1223.0551000000023,-6829.8911999999955,-5606.836099999992
2025-03-06T10:11:12.000000,1223.0551000000023,-6824.110199999995,-5601.055099999991
2025-03-06T10:12:37.000000,1223.0551000000023,-6781.838699999996,-5558.7835999999925
2025-03-06T10:12:47.000000,1223.0551000000023,-6729.577699999995,-5506.522599999992
2025-03-06T10:12:52.000000,1223.0551000000023,-6737.137699999996,-5514.082599999992
2025-03-06T10:12:57.000000,1223.0551000000023,-6754.6911999999975,-5531.636099999994
2025-03-06T10:13:02.000000,1223.0551000000023,-6748.316299999997,-5525.261199999994
2025-03-06T10:13:02.000000,1223.0551000000023,-6755.868299999996,-5532.813199999993
2025-03-06T10:13:12.000000,1223.0551000000023,-6688.609049999997,-5465.553949999994
2025-03-06T10:13:17.000000,1223.0551000000023,-6641.344799999997,-5418.289699999994
2025-03-06T10:13:22.000000,1223.0551000000023,-6599.077299999996,-5376.022199999993
2025-03-06T10:13:22.000000,1223.0551000000023,-6596.635799999995,-5373.580699999991
2025-03-06T10:13:32.000000,1223.0551000000023,-6549.355549999995,-5326.3004499999915
2025-03-06T10:13:57.000000,1223.0551000000023,-6526.919049999994,-5303.863949999991
2025-03-06T10:14:02.000000,1223.0551000000023,-6492.136749999993,-5269.08164999999
2025-03-06T10:14:02.000000,1223.0551000000023,-6453.643599999994,-5230.588499999991
2025-03-06T10:14:07.000000,1223.0551000000023,-6409.151949999993,-5186.09684999999
2025-03-06T10:14:12.000000,1223.0551000000023,-6364.657899999993,-5141.60279999999
2025-03-06T10:14:17.000000,1223.0551000000023,-6399.835699999992,-5176.780599999989
2025-03-06T10:14:17.000000,1223.0551000000023,-6352.343599999991,-5129.288499999988
2025-03-06T10:14:22.000000,1223.0551000000023,-6309.9120999999905,-5086.856999999987
2025-03-06T10:14:22.000000,1223.0551000000023,-6352.096549999991,-5129.041449999988
2025-03-06T10:14:27.000000,1223.0551000000023,-6298.60354999999,-5075.548449999987
2025-03-06T10:14:32.000000,1223.0551000000023,-6236.177049999989,-5013.121949999986
2025-03-06T10:14:32.000000,1223.0551000000023,-6182.679249999989,-4959.624149999986
2025-03-06T10:14:37.000000,1223.0551000000023,-6135.182349999989,-4912.127249999986
2025-03-06T10:14:47.000000,1223.0551000000023,-6084.682599999989,-4861.627499999986
2025-03-06T10:14:52.000000,1223.0551000000023,-6042.893649999989,-4819.838549999986
2025-03-06T10:14:52.000000,1223.0551000000023,-5989.398249999989,-4766.343149999986
2025-03-06T10:14:57.000000,1223.0551000000023,-5938.90089999999,-4715.845799999986
2025-03-06T10:15:02.000000,1223.0551000000023,-5885.4030999999895,-4662.347999999986
2025-03-06T10:15:07.000000,1223.0551000000023,-5837.906199999989,-4614.851099999986
2025-03-06T10:15:17.000000,1223.0551000000023,-5815.4776999999885,-4592.422599999985
2025-03-06T10:15:17.000000,1223.0551000000023,-5770.981249999989,-4547.926149999986
2025-03-06T10:15:32.000000,1223.0551000000023,-5694.181449999988,-4471.126349999985
2025-03-06T10:15:37.000000,1223.0551000000023,-5652.370099999989,-4429.314999999986
2025-03-06T10:16:27.000000,1223.0551000000023,-5605.329849999987,-4382.274749999984
2025-03-06T10:19:37.000000,1222.8664000000022,-5605.329849999987,-4382.463449999984
2025-03-06T10:21:37.000000,1222.8664000000022,-5556.500649999987,-4333.634249999984
2025-03-06T10:22:12.000000,1222.8664000000022,-5521.662349999987,-4298.795949999983
2025-03-06T10:22:27.000000,1222.8664000000022,-5564.7813499999875,-4341.914949999984
2025-03-06T10:23:32.000000,1207.281850000002,-5564.7813499999875,-4357.499499999984
2025-03-06T10:23:37.000000,1194.697750000002,-5564.7813499999875,-4370.0835999999845
2025-03-06T10:27:17.000000,1187.5633500000022,-5564.7813499999875,-4377.217999999984
2025-03-06T10:27:42.000000,1184.8855500000027,-5564.7813499999875,-4379.895799999984
2025-03-06T10:29:42.000000,1184.8855500000027,-5711.947949999988,-4527.062399999984
2025-03-06T10:30:02.000000,1184.8855500000027,-5745.3215999999875,-4560.436049999984
2025-03-06T10:30:02.000000,1184.8855500000027,-5864.517599999987,-4679.632049999984
2025-03-06T10:30:07.000000,1184.8855500000027,-5872.043999999987,-4687.1584499999835
2025-03-06T10:30:12.000000,1184.8855500000027,-5879.570399999987,-4694.684849999983
2025-03-06T10:30:12.000000,1184.8855500000027,-6012.762899999987,-4827.877349999983
2025-03-06T10:30:17.000000,1184.8855500000027,-6173.948399999987,-4989.062849999983
2025-03-06T10:30:32.000000,1184.8855500000027,-6321.148599999986,-5136.263049999982
2025-03-06T10:33:37.000000,1184.8855500000027,-6316.298799999986,-5131.413249999982
2025-03-06T10:35:02.000000,1198.3399000000022,-6316.298799999986,-5117.958899999982
2025-03-06T10:35:07.000000,1211.7942500000017,-6316.298799999986,-5104.504549999982
2025-03-06T10:35:07.000000,1259.8986500000005,-6316.298799999986,-5056.400149999983
2025-03-06T10:36:52.000000,1262.4296000000008,-6316.298799999986,-5053.869199999983
2025-03-06T10:38:42.000000,1289.8804500000012,-6316.298799999986,-5026.418349999983
2025-03-06T10:41:37.000000,1289.8804500000012,-6419.724399999986,-5129.843949999983
2025-03-06T10:41:47.000000,1289.8804500000012,-6531.151199999987,-5241.270749999983
2025-03-06T10:43:57.000000,1366.2714500000006,-6531.151199999987,-5164.879749999984
2025-03-06T10:44:12.000000,1366.2714500000006,-6634.797599999986,-5268.526149999983
2025-03-06T10:44:27.000000,1366.2714500000006,-6667.931249999986,-5301.659799999983
2025-03-06T10:44:32.000000,1366.2714500000006,-6667.712449999986,-5301.440999999983
2025-03-06T10:44:32.000000,1366.2714500000006,-6666.399249999985,-5300.127799999982
2025-03-06T10:44:32.000000,1366.2714500000006,-6702.530949999984,-5336.259499999981
2025-03-06T10:44:42.000000,1366.2714500000006,-6738.662649999983,-5372.39119999998
2025-03-06T10:44:52.000000,1366.2714500000006,-6771.793899999983,-5405.52244999998
2025-03-06T10:44:57.000000,1366.2714500000006,-6821.326599999984,-5455.055149999981
2025-03-06T10:47:07.000000,1366.2714500000006,-6804.810999999983,-5438.53954999998
2025-03-06T10:48:22.000000,1366.2714500000006,-6882.359099999983,-5516.08764999998
2025-03-06T10:48:27.000000,1366.2714500000006,-6973.909299999983,-5607.63784999998
2025-03-06T10:48:42.000000,1366.2714500000006,-6941.049849999983,-5574.77839999998
2025-03-06T10:48:52.000000,1366.2714500000006,-6902.194299999984,-5535.922849999981
2025-03-06T10:49:02.000000,1366.2714500000006,-6866.336799999984,-5500.065349999981
2025-03-06T10:49:07.000000,1366.2714500000006,-6827.478849999983,-5461.20739999998
2025-03-06T10:49:12.000000,1366.2714500000006,-6788.620899999983,-5422.34944999998
2025-03-06T10:49:17.000000,1366.2714500000006,-6749.762949999982,-5383.491499999979
2025-03-06T10:50:17.000000,1366.2714500000006,-6883.330649999982,-5517.059199999979
2025-03-06T10:50:22.000000,1366.2714500000006,-7030.900449999981,-5664.628999999978
2025-03-06T10:50:32.000000,1366.2714500000006,-7206.485649999981,-5840.2141999999785
2025-03-06T10:51:07.000000,1366.2714500000006,-7424.065949999982,-6057.794499999979
2025-03-06T10:52:22.000000,1366.2714500000006,-7571.658149999983,-6205.38669999998
2025-03-06T10:52:32.000000,1366.2714500000006,-7691.257349999983,-6324.98589999998
2025-03-06T10:56:12.000000,1366.2714500000006,-7699.234949999983,-6332.96349999998
2025-03-06T10:56:22.000000,1366.2714500000006,-7715.204149999982,-6348.932699999979
2025-03-06T10:56:27.000000,1366.2714500000006,-7764.882449999981,-6398.610999999978
2025-03-06T10:56:27.000000,1366.2714500000006,-7772.850449999981,-6406.578999999978
2025-03-06T10:56:27.000000,1366.2714500000006,-7857.88934999998,-6491.617899999977
2025-03-06T10:56:32.000000,1366.2714500000006,-7857.856149999979,-6491.584699999976
2025-03-06T10:56:37.000000,1366.2714500000006,-7857.822949999977,-6491.551499999974
2025-03-06T10:56:42.000000,1366.2714500000006,-7865.784549999977,-6499.513099999974
2025-03-06T10:56:47.000000,1366.2714500000006,-7857.7565499999755,-6491.485099999973
2025-03-06T10:56:52.000000,1366.2714500000006,-7857.729749999976,-6491.458299999973
2025-03-06T10:56:57.000000,1366.2714500000006,-7849.701749999975,-6483.430299999972
2025-03-06T10:57:02.000000,1366.2714500000006,-7841.673749999974,-6475.402299999971
2025-03-06T10:57:07.000000,1366.2714500000006,-7841.646949999974,-6475.375499999971
2025-03-06T10:57:17.000000,1366.2714500000006,-7836.397149999973,-6470.1256999999705
2025-03-06T10:57:17.000000,1366.2714500000006,-7836.608899999974,-6470.337449999971
2025-03-06T10:57:22.000000,1366.2714500000006,-7822.0977499999735,-6455.826299999971
2025-03-06T10:57:27.000000,1366.2714500000006,-7836.300399999975,-6470.028949999972
2025-03-06T10:57:32.000000,1366.2714500000006,-7871.489399999975,-6505.217949999972
2025-03-06T10:57:57.000000,1366.2714500000006,-7969.983199999975,-6603.711749999972
2025-03-06T10:58:47.000000,1366.2714500000006,-8027.590699999976,-6661.319249999973
2025-03-06T10:59:02.000000,1366.2714500000006,-8075.196699999977,-6708.925249999974
2025-03-06T10:59:07.000000,1366.2714500000006,-8192.805199999977,-6826.533749999973
2025-03-06T10:59:12.000000,1366.2714500000006,-8310.413699999977,-6944.142249999973
2025-03-06T10:59:17.000000,1366.2714500000006,-8458.026699999979,-7091.755249999973
2025-03-06T10:59:22.000000,1366.2714500000006,-8615.641199999978,-7249.3697499999735
2025-03-06T11:00:12.000000,1366.2714500000006,-8639.105999999978,-7272.834549999973
2025-03-06T11:03:42.000000,1366.2714500000006,-8976.787499999979,-7610.516049999973
2025-03-06T11:03:57.000000,1366.2714500000006,-9314.46099999998,-7948.189549999973
2025-03-06T11:04:07.000000,1366.2714500000006,-9632.13149999998,-8265.860049999974
2025-03-06T11:04:42.000000,1366.2714500000006,-9799.86749999998,-8433.596049999975
2025-03-06T11:04:47.000000,1366.2714500000006,-9957.60999999998,-8591.338549999975
2025-03-06T11:04:52.000000,1366.2714500000006,-10105.35099999998,-8739.079549999975
2025-03-06T11:04:57.000000,1366.2714500000006,-10126.38109999998,-8760.109649999975
2025-03-06T11:04:57.000000,1366.2714500000006,-10254.135099999981,-8887.863649999976
2025-03-06T11:05:07.000000,1366.2714500000006,-10361.894099999981,-8995.622649999976
2025-03-06T11:05:17.000000,1366.2714500000006,-10559.65859999998,-9193.387149999975
2025-03-06T11:05:22.000000,1366.2714500000006,-10747.42959999998,-9381.158149999974
2025-03-06T11:05:27.000000,1366.2714500000006,-10955.195599999981,-9588.924149999975
2025-03-06T11:05:32.000000,1366.2714500000006,-11132.957099999981,-9766.685649999976
2025-03-06T11:05:37.000000,1366.2714500000006,-11320.72009999998,-9954.448649999975
2025-03-06T11:05:57.000000,1366.2714500000006,-11308.59709999998,-9942.325649999975
2025-03-06T11:06:02.000000,1366.2714500000006,-11296.490099999979,-9930.218649999973
2025-03-06T11:06:22.000000,1366.2714500000006,-11268.54084999998,-9902.269399999974
2025-03-06T11:06:22.000000,1366.2714500000006,-11236.438849999979,-9870.167399999973
2025-03-06T11:06:27.000000,1366.2714500000006,-11208.489599999979,-9842.218149999973
2025-03-06T11:06:27.000000,1366.2714500000006,-11186.373099999979,-9820.101649999973
2025-03-06T11:06:32.000000,1366.2714500000006,-11194.245099999978,-9827.973649999973
2025-03-06T11:06:32.000000,1366.2714500000006,-11191.339749999977,-9825.068299999972
2025-03-06T11:06:37.000000,1366.2714500000006,-11209.205249999977,-9842.933799999972
2025-03-06T11:07:42.000000,1366.2714500000006,-11247.065749999976,-9880.79429999997
2025-03-06T11:07:47.000000,1366.2714500000006,-11276.496249999978,-9910.224799999973
2025-03-06T11:08:27.000000,1366.2714500000006,-11276.980149999978,-9910.708699999972
2025-03-06T11:08:47.000000,1366.2714500000006,-11289.456249999977,-9923.184799999972
2025-03-06T11:12:02.000000,1366.2714500000006,-11319.939849999979,-9953.668399999973
2025-03-06T11:12:07.000000,1366.2714500000006,-11353.421499999979,-9987.150049999973
2025-03-06T11:12:17.000000,1366.2714500000006,-11389.903599999978,-10023.632149999972
2025-03-06T11:12:47.000000,1366.2714500000006,-11355.42369999998,-9989.152249999974
2025-03-06T11:13:22.000000,1366.2714500000006,-11347.93344999998,-9981.661999999975
2025-03-06T11:13:27.000000,1366.2714500000006,-11355.43344999998,-9989.161999999975
2025-03-06T11:13:32.000000,1366.2714500000006,-11451.838149999981,-10085.566699999976
2025-03-06T11:13:47.000000,1366.2714500000006,-11530.24254999998,-10163.971099999975
2025-03-06T11:15:22.000000,1366.2714500000006,-11584.674549999982,-10218.403099999976
2025-03-06T11:15:57.000000,1366.2714500000006,-11621.120649999983,-10254.849199999977
2025-03-06T11:16:02.000000,1366.2714500000006,-11648.567799999983,-10282.296349999977
2025-03-06T11:16:07.000000,1366.2714500000006,-11691.005199999983,-10324.733749999978
2025-03-06T11:16:17.000000,1366.2714500000006,-11727.432099999982,-10361.160649999976
2025-03-06T11:16:22.000000,1366.2714500000006,-11760.860949999982,-10394.589499999976
2025-03-06T11:16:27.000000,1366.2714500000006,-11782.292799999983,-10416.021349999977
2025-03-06T11:16:37.000000,1366.2714500000006,-11794.725699999983,-10428.454249999977
2025-03-06T11:16:42.000000,1366.2714500000006,-11806.770449999984,-10440.498999999978
2025-03-06T11:16:47.000000,1366.2714500000006,-11819.205749999983,-10452.934299999977
2025-03-06T11:16:57.000000,1366.2714500000006,-11828.645399999983,-10462.373949999977
2025-03-06T11:17:12.000000,1366.2714500000006,-11847.144649999982,-10480.873199999976
2025-03-06T11:17:17.000000,1366.2714500000006,-11865.643899999981,-10499.372449999975
2025-03-06T11:17:32.000000,1366.2714500000006,-11884.14314999998,-10517.871699999974
2025-03-06T11:17:37.000000,1366.2714500000006,-11902.596149999981,-10536.324699999976
2025-03-06T11:17:37.000000,1366.2714500000006,-11912.093399999982,-10545.821949999976
2025-03-06T11:17:42.000000,1366.2714500000006,-11918.592599999982,-10552.321149999976
2025-03-06T11:17:47.000000,1366.2714500000006,-11928.092249999982,-10561.820799999976
2025-03-06T11:17:52.000000,1366.2714500000006,-11937.553499999982,-10571.282049999976
2025-03-06T11:17:57.000000,1366.2714500000006,-11956.047299999982,-10589.775849999976
2025-03-06T11:18:07.000000,1366.2714500000006,-11962.546499999982,-10596.275049999977
2025-03-06T11:18:12.000000,1366.2714500000006,-11992.047399999983,-10625.775949999977
2025-03-06T11:18:12.000000,1366.2714500000006,-12007.545549999983,-10641.274099999977
2025-03-06T11:18:17.000000,1366.2714500000006,-12017.045199999982,-10650.773749999977
2025-03-06T11:18:22.000000,1366.2714500000006,-12029.506899999982,-10663.235449999976
2025-03-06T11:18:22.000000,1366.2714500000006,-12042.004599999982,-10675.733149999976
2025-03-06T11:18:27.000000,1366.2714500000006,-12063.462849999982,-10697.191399999976
2025-03-06T11:18:27.000000,1366.2714500000006,-12075.960549999982,-10709.689099999976
2025-03-06T11:18:32.000000,1366.2714500000006,-12146.699749999982,-10780.428299999976
2025-03-06T11:18:37.000000,1366.2714500000006,-12168.160399999982,-10801.888949999977
2025-03-06T11:18:37.000000,1366.2714500000006,-12214.915199999983,-10848.643749999977
2025-03-06T11:18:37.000000,1366.2714500000006,-12227.415299999982,-10861.143849999977
2025-03-06T11:18:42.000000,1366.2714500000006,-12248.873549999982,-10882.602099999976
2025-03-06T11:18:47.000000,1366.2714500000006,-12267.331349999982,-10901.059899999977
2025-03-06T11:18:52.000000,1366.2714500000006,-12326.081549999983,-10959.810099999977
2025-03-06T11:18:57.000000,1366.2714500000006,-12392.829749999983,-11026.558299999977
2025-03-06T11:19:07.000000,1366.2714500000006,-12475.573949999984,-11109.302499999978
2025-03-06T11:19:12.000000,1366.2714500000006,-12566.319349999983,-11200.047899999978
2025-03-06T11:19:37.000000,1366.2714500000006,-12764.291849999985,-11398.02039999998
2025-03-06T11:19:42.000000,1366.2714500000006,-12827.569049999986,-11461.29759999998
2025-03-06T11:19:42.000000,1366.2714500000006,-12843.071999999986,-11476.80054999998
2025-03-06T11:19:57.000000,1366.2714500000006,-12878.350599999987,-11512.079149999981
2025-03-06T11:20:07.000000,1366.2714500000006,-12893.853549999987,-11527.582099999981
2025-03-06T11:20:12.000000,1366.2714500000006,-12912.354549999987,-11546.083099999982
2025-03-06T11:20:17.000000,1366.2714500000006,-12927.855099999986,-11561.58364999998
2025-03-06T11:21:52.000000,1366.2714500000006,-13014.606299999987,-11648.334849999981
2025-03-06T11:21:57.000000,1366.2714500000006,-13035.989199999987,-11669.717749999982
2025-03-06T11:21:57.000000,1366.2714500000006,-13050.37664999999,-11684.105199999984
2025-03-06T11:22:12.000000,1366.2714500000006,-13050.73959999999,-11684.468149999984
2025-03-06T11:22:17.000000,1366.2714500000006,-13079.078749999991,-11712.807299999986
2025-03-06T11:22:22.000000,1366.2714500000006,-13114.39654999999,-11748.125099999985
2025-03-06T11:22:27.000000,1366.2714500000006,-13177.71294999999,-11811.441499999984
2025-03-06T11:22:32.000000,1366.2714500000006,-13262.02129999999,-11895.749849999984
2025-03-06T11:23:12.000000,1366.2714500000006,-13304.79469999999,-11938.523249999984
2025-03-06T11:23:17.000000,1366.2714500000006,-13363.570499999989,-11997.299049999983
2025-03-06T11:23:22.000000,1366.2714500000006,-13361.62034999999,-11995.348899999984
2025-03-06T11:23:32.000000,1366.2714500000006,-13362.670649999991,-11996.399199999985
2025-03-06T11:23:37.000000,1366.2714500000006,-13363.720949999992,-11997.449499999986
2025-03-06T11:23:47.000000,1366.2714500000006,-13361.770799999993,-11995.499349999987
2025-03-06T11:23:57.000000,1366.2714500000006,-13362.821099999994,-11996.549649999988
2025-03-06T11:24:17.000000,1366.2714500000006,-13418.890049999995,-12052.618599999989
2025-03-06T11:24:27.000000,1366.2714500000006,-13448.417349999994,-12082.145899999989
2025-03-06T11:24:27.000000,1366.2714500000006,-13483.208749999994,-12116.937299999989
2025-03-06T11:24:47.000000,1366.2714500000006,-13582.729099999995,-12216.45764999999
2025-03-06T11:24:57.000000,1366.2714500000006,-13589.529099999994,-12223.257649999989
2025-03-06T11:25:02.000000,1366.2714500000006,-13680.048099999995,-12313.776649999989
2025-03-06T11:25:07.000000,1366.2714500000006,-13773.565149999995,-12407.29369999999
2025-03-06T11:25:17.000000,1366.2714500000006,-13776.358149999995,-12410.086699999989
2025-03-06T11:25:17.000000,1366.2714500000006,-13775.153749999994,-12408.882299999988
2025-03-06T11:25:17.000000,1366.2714500000006,-13777.946749999994,-12411.675299999988
2025-03-06T11:25:27.000000,1366.2714500000006,-13784.743549999994,-12418.472099999988
2025-03-06T11:25:42.000000,1366.2714500000006,-13814.279649999993,-12448.008199999987
2025-03-06T11:25:52.000000,1366.2714500000006,-13843.815749999992,-12477.544299999987
2025-03-06T11:26:22.000000,1366.2714500000006,-13865.445049999993,-12499.173599999987
2025-03-06T11:26:27.000000,1366.2714500000006,-13880.078899999993,-12513.807449999988
2025-03-06T11:26:37.000000,1366.2714500000006,-13894.712749999993,-12528.441299999988
2025-03-06T11:26:37.000000,1366.2714500000006,-13727.117699999993,-12360.846249999988
2025-03-06T11:26:42.000000,1366.2714500000006,-13587.526849999995,-12221.25539999999
2025-03-06T11:26:52.000000,1366.2714500000006,-13475.923399999994,-12109.651949999989
2025-03-06T11:27:02.000000,1366.2714500000006,-13399.297199999995,-12033.02574999999
2025-03-06T11:27:07.000000,1366.2714500000006,-13357.653849999995,-11991.38239999999
2025-03-06T11:27:07.000000,1366.2714500000006,-13352.240049999995,-11985.96859999999
2025-03-06T11:27:12.000000,1366.2714500000006,-13310.596699999995,-11944.325249999989
2025-03-06T11:27:12.000000,1366.2714500000006,-13314.174649999995,-11947.90319999999
2025-03-06T11:27:17.000000,1366.2714500000006,-13302.335149999995,-11936.06369999999
2025-03-06T11:27:17.000000,1366.2714500000006,-13314.909649999996,-11948.63819999999
2025-03-06T11:27:17.000000,1366.2714500000006,-13330.482049999995,-11964.21059999999
2025-03-06T11:27:22.000000,1366.2714500000006,-13343.051749999995,-11976.78029999999
2025-03-06T11:27:22.000000,1366.2714500000006,-13366.618949999995,-12000.347499999989
2025-03-06T11:27:27.000000,1366.2714500000006,-13385.187149999996,-12018.91569999999
2025-03-06T11:27:32.000000,1366.2714500000006,-13406.753399999996,-12040.48194999999
2025-03-06T11:27:52.000000,1366.2714500000006,-13401.551599999995,-12035.28014999999
2025-03-06T11:28:07.000000,1366.2714500000006,-13419.541099999997,-12053.269649999991
2025-03-06T11:29:42.000000,1366.2714500000006,-13421.943699999996,-12055.67224999999
2025-03-06T11:35:07.000000,1366.2714500000006,-13432.021749999996,-12065.75029999999
2025-03-06T13:00:32.000000,1366.2714500000006,-13417.551249999997,-12051.279799999991
2025-03-06T13:00:52.000000,1366.2714500000006,-13413.437449999996,-12047.16599999999
2025-03-06T13:01:02.000000,1366.2714500000006,-13405.326249999996,-12039.05479999999
2025-03-06T13:01:07.000000,1366.2714500000006,-13417.205249999995,-12050.93379999999
2025-03-06T13:02:02.000000,1366.2714500000006,-13336.742449999996,-11970.47099999999
2025-03-06T13:02:07.000000,1366.2714500000006,-13245.277999999997,-11879.006549999991
2025-03-06T13:02:12.000000,1366.2714500000006,-13262.111499999997,-11895.840049999992
2025-03-06T13:02:12.000000,1366.2714500000006,-13159.654199999997,-11793.382749999992
2025-03-06T13:02:17.000000,1366.2714500000006,-13182.204449999997,-11815.932999999992
2025-03-06T13:02:22.000000,1366.2714500000006,-13194.037199999997,-11827.765749999991
2025-03-06T13:02:22.000000,1366.2714500000006,-13102.572749999998,-11736.301299999992
2025-03-06T13:02:37.000000,1366.2714500000006,-13133.634749999997,-11767.363299999992
2025-03-06T13:02:42.000000,1366.2714500000006,-13164.696749999997,-11798.425299999992
2025-03-06T13:03:32.000000,1366.2714500000006,-13136.390549999998,-11770.119099999993
2025-03-06T13:03:37.000000,1366.2714500000006,-13108.08435,-11741.812899999994
2025-03-06T13:03:42.000000,1366.2714500000006,-13091.77995,-11725.508499999994
2025-03-06T13:03:47.000000,1366.2714500000006,-13118.59575,-11752.324299999995
2025-03-06T13:04:32.000000,1366.2714500000006,-13137.413550000001,-11771.142099999995
2025-03-06T13:05:02.000000,1366.2714500000006,-13138.49025,-11772.218799999995
2025-03-06T13:05:42.000000,1366.2714500000006,-13121.2945,-11755.023049999994
2025-03-06T13:05:52.000000,1366.2714500000006,-13114.07625,-11747.804799999994
2025-03-06T13:05:57.000000,1366.2714500000006,-13090.91175,-11724.640299999994
2025-03-06T13:05:57.000000,1366.2714500000006,-13057.76975,-11691.498299999994
2025-03-06T13:05:57.000000,1366.2714500000006,-13028.62515,-11662.353699999994
2025-03-06T13:06:02.000000,1366.2714500000006,-13105.792449999999,-11739.520999999993
2025-03-06T13:06:02.000000,1366.2714500000006,-13103.57095,-11737.299499999994
2025-03-06T13:06:02.000000,1366.2714500000006,-13070.432149999999,-11704.160699999993
2025-03-06T13:06:02.000000,1366.2714500000006,-13063.682049999998,-11697.410599999992
2025-03-06T13:06:07.000000,1366.2714500000006,-13140.849349999997,-11774.577899999991
2025-03-06T13:06:07.000000,1366.2714500000006,-13095.715149999996,-11729.44369999999
2025-03-06T13:06:07.000000,1366.2714500000006,-13095.960499999997,-11729.689049999992
2025-03-06T13:06:17.000000,1366.2714500000006,-13042.818699999996,-11676.54724999999
2025-03-06T13:06:27.000000,1366.2714500000006,-13064.386399999998,-11698.114949999992
2025-03-06T13:06:37.000000,1366.2714500000006,-13007.253599999998,-11640.982149999993
2025-03-06T13:06:37.000000,1366.2714500000006,-13000.503499999997,-11634.232049999991
2025-03-06T13:06:42.000000,1366.2714500000006,-12935.369499999995,-11569.09804999999
2025-03-06T13:06:47.000000,1366.2714500000006,-12949.611349999996,-11583.33989999999
2025-03-06T13:07:07.000000,1366.2714500000006,-12864.487149999995,-11498.21569999999
2025-03-06T13:07:12.000000,1366.2714500000006,-12939.274949999995,-11573.00349999999
2025-03-06T13:07:12.000000,1366.2714500000006,-12854.150749999995,-11487.87929999999
2025-03-06T13:07:17.000000,1366.2714500000006,-12781.018749999996,-11414.74729999999
2025-03-06T13:09:32.000000,1366.2714500000006,-12811.063149999994,-11444.791699999989
2025-03-06T13:11:12.000000,1366.2714500000006,-12874.278749999994,-11508.007299999988
2025-03-06T13:11:22.000000,1366.2714500000006,-12923.492249999994,-11557.220799999988
2025-03-06T13:11:27.000000,1366.2714500000006,-12979.701199999994,-11613.429749999988
2025-03-06T13:11:37.000000,1366.2714500000006,-13042.899999999994,-11676.628549999989
2025-03-06T13:11:37.000000,1366.2714500000006,-13009.722799999996,-11643.45134999999
2025-03-06T13:11:42.000000,1366.2714500000006,-13072.915999999996,-11706.64454999999
2025-03-06T13:11:42.000000,1366.2714500000006,-13043.736199999996,-11677.46474999999
2025-03-06T13:11:47.000000,1366.2714500000006,-13099.933949999995,-11733.66249999999
2025-03-06T13:11:52.000000,1366.2714500000006,-13070.754149999995,-11704.48269999999
2025-03-06T13:11:57.000000,1366.2714500000006,-13033.576349999996,-11667.30489999999
2025-03-06T13:12:02.000000,1366.2714500000006,-12992.404349999997,-11626.132899999991
2025-03-06T13:12:07.000000,1366.2714500000006,-12951.229149999997,-11584.957699999992
2025-03-06T13:12:12.000000,1366.2714500000006,-12910.053949999998,-11543.782499999992
2025-03-06T13:12:17.000000,1366.2714500000006,-12939.41405,-11573.142599999994
2025-03-06T13:12:32.000000,1366.2714500000006,-12947.15885,-11580.887399999994
2025-03-06T13:13:37.000000,1366.2714500000006,-12912.41015,-11546.138699999994
2025-03-06T13:13:42.000000,1366.2714500000006,-12870.666,-11504.394549999994
2025-03-06T13:13:47.000000,1366.2714500000006,-12842.918349999998,-11476.646899999992
2025-03-06T13:13:47.000000,1366.2714500000006,-12829.671199999999,-11463.399749999993
2025-03-06T13:13:52.000000,1366.2714500000006,-12801.923549999998,-11435.652099999992
2025-03-06T13:14:02.000000,1366.2714500000006,-12795.671849999999,-11429.400399999993
2025-03-06T13:14:17.000000,1366.2714500000006,-12774.930849999999,-11408.659399999993
2025-03-06T13:14:17.000000,1366.2714500000006,-12750.974349999999,-11384.702899999993
2025-03-06T13:14:27.000000,1366.2714500000006,-12728.064249999998,-11361.792799999992
2025-03-06T13:14:32.000000,1366.2714500000006,-12707.317649999997,-11341.046199999992
2025-03-06T13:14:32.000000,1366.2714500000006,-12734.495999999997,-11368.224549999992
2025-03-06T13:14:32.000000,1366.2714500000006,-12707.548649999997,-11341.277199999991
2025-03-06T13:15:27.000000,1366.2714500000006,-12686.807649999997,-11320.536199999991
2025-03-06T13:15:37.000000,1366.2714500000006,-12666.066649999997,-11299.795199999991
2025-03-06T13:16:12.000000,1366.2714500000006,-12705.009049999997,-11338.737599999991
2025-03-06T13:16:17.000000,1366.2714500000006,-12700.173649999997,-11333.902199999991
2025-03-06T13:16:27.000000,1366.2714500000006,-12678.966249999998,-11312.694799999992
2025-03-06T13:16:32.000000,1366.2714500000006,-12669.629449999997,-11303.357999999991
2025-03-06T13:16:32.000000,1366.2714500000006,-12648.422049999997,-11282.150599999992
2025-03-06T13:16:32.000000,1366.2714500000006,-12627.681049999997,-11261.409599999992
2025-03-06T13:16:37.000000,1366.2714500000006,-12594.883999999998,-11228.612549999993
2025-03-06T13:16:42.000000,1366.2714500000006,-12562.089349999998,-11195.817899999993
2025-03-06T13:16:47.000000,1366.2714500000006,-12603.922599999998,-11237.651149999992
2025-03-06T13:16:47.000000,1366.2714500000006,-12625.652699999997,-11259.381249999991
2025-03-06T13:16:47.000000,1366.2714500000006,-12595.856099999997,-11229.584649999992
2025-03-06T13:16:52.000000,1366.2714500000006,-12627.691849999996,-11261.42039999999
2025-03-06T13:16:52.000000,1366.2714500000006,-12591.896749999996,-11225.62529999999
2025-03-06T13:16:57.000000,1366.2714500000006,-12633.725999999997,-11267.454549999991
2025-03-06T13:16:57.000000,1366.2714500000006,-12641.453999999996,-11275.18254999999
2025-03-06T13:17:02.000000,1366.2714500000006,-12678.290499999996,-11312.01904999999
2025-03-06T13:17:07.000000,1366.2714500000006,-12720.123749999995,-11353.85229999999
2025-03-06T13:17:07.000000,1366.2714500000006,-12685.727849999996,-11319.45639999999
2025-03-06T13:17:07.000000,1366.2714500000006,-12652.928399999995,-11286.65694999999
2025-03-06T13:17:12.000000,1366.2714500000006,-12623.126999999995,-11256.85554999999
2025-03-06T13:17:17.000000,1366.2714500000006,-12602.721999999996,-11236.45054999999
2025-03-06T13:17:17.000000,1366.2714500000006,-12578.919099999997,-11212.647649999992
2025-03-06T13:17:22.000000,1366.2714500000006,-12615.755599999997,-11249.484149999991
2025-03-06T13:17:22.000000,1366.2714500000006,-12623.472399999997,-11257.200949999991
2025-03-06T13:17:22.000000,1366.2714500000006,-12596.669049999997,-11230.397599999991
2025-03-06T13:17:27.000000,1366.2714500000006,-12604.385849999997,-11238.114399999991
2025-03-06T13:17:32.000000,1366.2714500000006,-12646.223099999997,-11279.951649999992
2025-03-06T13:17:32.000000,1366.2714500000006,-12667.941999999997,-11301.670549999992
2025-03-06T13:17:42.000000,1366.2714500000006,-12674.898799999997,-11308.627349999992
2025-03-06T13:17:42.000000,1366.2714500000006,-12682.615599999997,-11316.344149999992
2025-03-06T13:17:47.000000,1366.2714500000006,-12714.455349999998,-11348.183899999993
2025-03-06T13:18:07.000000,1366.2714500000006,-12714.835099999998,-11348.563649999993
2025-03-06T13:18:12.000000,1366.2714500000006,-12709.780499999997,-11343.509049999991
2025-03-06T13:18:12.000000,1366.2714500000006,-12724.151149999998,-11357.879699999992
2025-03-06T13:18:22.000000,1366.2714500000006,-12726.0024,-11359.730949999994
2025-03-06T13:18:22.000000,1366.2714500000006,-12761.3594,-11395.087949999994
2025-03-06T13:18:57.000000,1366.2714500000006,-12748.2204,-11381.948949999995
2025-03-06T13:19:02.000000,1366.2714500000006,-12735.077399999998,-11368.805949999993
2025-03-06T13:19:12.000000,1366.2714500000006,-12721.934399999996,-11355.66294999999
2025-03-06T13:19:17.000000,1366.2714500000006,-12723.789649999995,-11357.51819999999
2025-03-06T13:19:22.000000,1366.2714500000006,-12720.644149999995,-11354.372699999989
2025-03-06T13:19:27.000000,1366.2714500000006,-12717.498649999994,-11351.227199999988
2025-03-06T13:19:32.000000,1366.2714500000006,-12719.349899999996,-11353.07844999999
2025-03-06T13:21:37.000000,1365.7251500000004,-12719.349899999996,-11353.62474999999
2025-03-06T13:21:47.000000,1368.1793000000007,-12719.349899999996,-11351.17059999999
2025-03-06T13:22:37.000000,1368.1793000000007,-12694.954699999995,-11326.77539999999
2025-03-06T13:22:52.000000,1368.1793000000007,-12662.558299999993,-11294.378999999988
2025-03-06T13:25:32.000000,1368.1793000000007,-12630.116449999992,-11261.937149999987
2025-03-06T13:25:52.000000,1368.1793000000007,-12606.671149999991,-11238.491849999986
2025-03-06T13:26:22.000000,1368.1793000000007,-12603.03509999999,-11234.855799999985
2025-03-06T13:26:52.000000,1368.1793000000007,-12588.397399999989,-11220.218099999984
2025-03-06T13:28:07.000000,1368.0795500000006,-12588.397399999989,-11220.317849999983
2025-03-06T13:28:17.000000,1367.9742000000006,-12588.397399999989,-11220.423199999983
2025-03-06T13:28:17.000000,1357.2280000000014,-12588.397399999989,-11231.169399999982
2025-03-06T13:28:22.000000,1343.1261500000016,-12588.397399999989,-11245.271249999982
2025-03-06T13:28:27.000000,1329.0243000000019,-12588.397399999989,-11259.37309999998
2025-03-06T13:28:32.000000,1307.9214000000009,-12588.397399999989,-11280.475999999982
2025-03-06T13:28:32.000000,1297.1752000000017,-12588.397399999989,-11291.222199999982
2025-03-06T13:28:37.000000,1272.738100000002,-12588.397399999989,-11315.659299999981
2025-03-06T13:28:37.000000,1237.6331000000014,-12588.397399999989,-11350.764299999983
2025-03-06T13:28:37.000000,1226.8837000000008,-12588.397399999989,-11361.513699999983
2025-03-06T13:28:42.000000,1212.1369000000009,-12588.397399999989,-11376.260499999982
2025-03-06T13:28:52.000000,1205.3881000000008,-12588.397399999989,-11383.009299999982
2025-03-06T13:28:57.000000,1190.641300000001,-12588.397399999989,-11397.75609999998
2025-03-06T13:29:02.000000,1175.894500000001,-12588.397399999989,-11412.50289999998
2025-03-06T13:29:17.000000,1175.894500000001,-12591.92974999999,-11416.03524999998
2025-03-06T13:30:37.000000,1119.6239500000008,-12591.92974999999,-11472.305799999982
2025-03-06T13:32:42.000000,1119.6239500000008,-12585.65564999999,-11466.031699999981
2025-03-06T13:32:47.000000,1119.6239500000008,-12565.37944999999,-11445.755499999981
2025-03-06T13:33:32.000000,1112.3831500000008,-12565.37944999999,-11452.99629999998
2025-03-06T13:34:02.000000,1112.3831500000008,-12545.10324999999,-11432.72009999998
2025-03-06T13:36:22.000000,1112.3831500000008,-12536.932999999988,-11424.54984999998
2025-03-06T13:36:27.000000,1112.3831500000008,-12528.762749999987,-11416.379599999978
2025-03-06T13:36:32.000000,1112.3831500000008,-12520.592499999986,-11408.209349999977
2025-03-06T13:36:42.000000,1112.3831500000008,-12517.418999999987,-11405.035849999978
2025-03-06T13:36:52.000000,1112.3831500000008,-12519.242249999988,-11406.85909999998
2025-03-06T13:37:02.000000,1112.3831500000008,-12521.06549999999,-11408.682349999981
2025-03-06T13:37:17.000000,1112.3831500000008,-12527.88549999999,-11415.50234999998
2025-03-06T13:37:32.000000,1112.3831500000008,-12544.702999999989,-11432.31984999998
2025-03-06T13:41:12.000000,1112.3831500000008,-12523.84294999999,-11411.45979999998
2025-03-06T13:41:17.000000,1112.3831500000008,-12502.98289999999,-11390.599749999981
2025-03-06T13:41:27.000000,1112.3831500000008,-12494.67329999999,-11382.29014999998
2025-03-06T13:41:27.000000,1112.3831500000008,-12476.81129999999,-11364.428149999982
2025-03-06T13:41:32.000000,1112.3831500000008,-12461.94974999999,-11349.566599999982
2025-03-06T13:41:37.000000,1112.3831500000008,-12447.088199999991,-11334.705049999982
2025-03-06T13:41:42.000000,1112.3831500000008,-12432.22424999999,-11319.841099999981
2025-03-06T13:41:47.000000,1112.3831500000008,-12420.358349999991,-11307.975199999983
2025-03-06T13:41:52.000000,1112.3831500000008,-12417.491399999992,-11305.108249999983
2025-03-06T13:42:12.000000,1112.3831500000008,-12418.025699999991,-11305.642549999982
2025-03-06T13:43:37.000000,1112.3831500000008,-12271.26019999999,-11158.877049999981
2025-03-06T13:43:42.000000,1112.3831500000008,-12117.49364999999,-11005.11049999998
2025-03-06T13:44:22.000000,1112.3831500000008,-12140.04389999999,-11027.66074999998
2025-03-06T13:44:27.000000,1112.3831500000008,-12133.74739999999,-11021.36424999998
2025-03-06T13:45:12.000000,1056.3478000000007,-12133.74739999999,-11077.39959999998
2025-03-06T13:45:22.000000,1056.3478000000007,-12099.457899999989,-11043.11009999998
2025-03-06T13:45:37.000000,986.3159500000008,-12099.457899999989,-11113.14194999998
2025-03-06T13:47:17.000000,938.8219500000017,-12099.457899999989,-11160.635949999978
2025-03-06T13:47:32.000000,891.3279500000026,-12099.457899999989,-11208.129949999977
2025-03-06T13:48:47.000000,891.3279500000026,-12107.00589999999,-11215.677949999977
2025-03-06T13:48:57.000000,933.1729000000028,-12107.00589999999,-11173.832999999977
2025-03-06T13:49:12.000000,968.0056000000031,-12107.00589999999,-11139.000299999976
2025-03-06T13:50:32.000000,988.9594000000026,-12107.00589999999,-11118.046499999977
2025-03-06T13:50:37.000000,1009.913200000002,-12107.00589999999,-11097.092699999977
2025-03-06T13:50:42.000000,1037.8624500000012,-12107.00589999999,-11069.143449999978
2025-03-06T13:50:42.000000,1019.3782500000015,-12107.00589999999,-11087.627649999977
2025-03-06T13:50:47.000000,1006.8949500000016,-12107.00589999999,-11100.110949999977
2025-03-06T13:51:02.000000,1003.405800000001,-12107.00589999999,-11103.600099999978
2025-03-06T13:51:07.000000,1052.3525999999997,-12107.00589999999,-11054.65329999998
2025-03-06T13:51:12.000000,1108.2948499999995,-12107.00589999999,-10998.71104999998
2025-03-06T13:51:17.000000,1107.8085499999995,-12107.00589999999,-10999.19734999998
2025-03-06T13:51:27.000000,1170.7462499999992,-12107.00589999999,-10936.25964999998
2025-03-06T13:51:32.000000,1233.683949999999,-12107.00589999999,-10873.32194999998
2025-03-06T13:51:37.000000,1275.6184999999991,-12107.00589999999,-10831.38739999998
2025-03-06T13:51:47.000000,1331.543949999999,-12107.00589999999,-10775.461949999979
2025-03-06T13:52:12.000000,1348.0403499999986,-12107.00589999999,-10758.965549999979
2025-03-06T13:52:47.000000,1385.7030999999993,-12107.00589999999,-10721.302799999978
2025-03-06T13:53:32.000000,1394.2229499999994,-12107.00589999999,-10712.782949999977
2025-03-06T13:54:02.000000,1394.2229499999994,-12202.763099999991,-10808.540149999979
2025-03-06T13:54:07.000000,1394.2229499999994,-12204.54634999999,-10810.323399999977
2025-03-06T13:54:07.000000,1394.2229499999994,-12268.30194999999,-10874.078999999978
2025-03-06T13:54:12.000000,1394.2229499999994,-12275.08594999999,-10880.862999999978
2025-03-06T13:54:12.000000,1394.2229499999994,-12330.84354999999,-10936.620599999978
2025-03-06T13:54:17.000000,1394.2229499999994,-12337.62754999999,-10943.404599999978
2025-03-06T13:54:17.000000,1394.2229499999994,-12401.37994999999,-11007.156999999977
2025-03-06T13:54:22.000000,1394.2229499999994,-12465.132349999989,-11070.909399999977
2025-03-06T13:55:02.000000,1394.2229499999994,-12463.51819999999,-11069.295249999977
2025-03-06T13:55:12.000000,1394.2229499999994,-12452.90989999999,-11058.686949999978
2025-03-06T13:55:22.000000,1394.2229499999994,-12442.29439999999,-11048.071449999978
2025-03-06T13:55:22.000000,1394.2229499999994,-12414.485149999991,-11020.26219999998
2025-03-06T13:55:32.000000,1394.2229499999994,-12421.27714999999,-11027.054199999979
2025-03-06T13:55:47.000000,1394.2229499999994,-12423.07239999999,-11028.849449999978
2025-03-06T13:56:02.000000,1394.2229499999994,-12429.86439999999,-11035.641449999977
2025-03-06T13:56:12.000000,1394.2229499999994,-12436.656399999989,-11042.433449999977
2025-03-06T13:56:12.000000,1394.2229499999994,-12499.371999999988,-11105.149049999976
2025-03-06T13:56:22.000000,1394.2229499999994,-12574.092599999989,-11179.869649999977
2025-03-06T13:56:32.000000,1394.2229499999994,-12676.81099999999,-11282.588049999978
2025-03-06T13:56:37.000000,1394.2229499999994,-12783.52999999999,-11389.307049999978
2025-03-06T13:57:22.000000,1394.2229499999994,-12797.62064999999,-11403.397699999978
2025-03-06T13:57:27.000000,1394.2229499999994,-12816.04069999999,-11421.817749999978
2025-03-06T13:57:32.000000,1394.2229499999994,-12834.460749999991,-11440.237799999979
2025-03-06T13:57:37.000000,1394.2229499999994,-12973.18774999999,-11578.964799999978
2025-03-06T13:57:42.000000,1394.2229499999994,-12987.27839999999,-11593.055449999978
2025-03-06T13:57:42.000000,1394.2229499999994,-13122.00799999999,-11727.785049999979
2025-03-06T13:58:47.000000,1394.2229499999994,-13144.775199999991,-11750.552249999979
2025-03-06T13:58:52.000000,1394.2229499999994,-13167.542399999991,-11773.319449999979
2025-03-06T13:59:02.000000,1394.2229499999994,-13139.35139999999,-11745.128449999978
2025-03-06T13:59:07.000000,1394.2229499999994,-13111.15719999999,-11716.934249999978
2025-03-06T13:59:07.000000,1394.2229499999994,-13117.93479999999,-11723.711849999978
2025-03-06T13:59:12.000000,1394.2229499999994,-13109.72439999999,-11715.501449999978
2025-03-06T13:59:17.000000,1394.2229499999994,-13116.50839999999,-11722.285449999978
2025-03-06T13:59:22.000000,1394.2229499999994,-13123.29239999999,-11729.069449999977
2025-03-06T13:59:27.000000,1394.2229499999994,-13138.080799999989,-11743.857849999977
2025-03-06T13:59:32.000000,1394.2229499999994,-13156.86979999999,-11762.646849999977
2025-03-06T13:59:42.000000,1394.2229499999994,-13179.66259999999,-11785.439649999978
2025-03-06T13:59:42.000000,1394.2229499999994,-13198.457999999991,-11804.23504999998
2025-03-06T13:59:47.000000,1394.2229499999994,-13225.251399999992,-11831.02844999998
2025-03-06T13:59:52.000000,1394.2229499999994,-13260.042799999992,-11865.81984999998
2025-03-06T13:59:57.000000,1394.2229499999994,-13294.834199999992,-11900.61124999998
2025-03-06T14:00:07.000000,1394.2229499999994,-13333.622999999992,-11939.40004999998
2025-03-06T14:00:12.000000,1394.2229499999994,-13384.407199999992,-11990.18424999998
2025-03-06T14:00:17.000000,1394.2229499999994,-13387.139399999993,-11992.91644999998
2025-03-06T14:00:17.000000,1394.2229499999994,-13445.911999999993,-12051.68904999998
2025-03-06T14:00:22.000000,1394.2229499999994,-13448.644199999993,-12054.421249999981
2025-03-06T14:00:57.000000,1394.2229499999994,-13443.378399999992,-12049.15544999998
2025-03-06T14:01:12.000000,1394.2229499999994,-13438.112599999991,-12043.88964999998
2025-03-06T14:01:22.000000,1394.2229499999994,-13445.539799999991,-12051.31684999998
2025-03-06T14:01:27.000000,1394.2229499999994,-13454.665049999992,-12060.44209999998
2025-03-06T14:01:32.000000,1394.2229499999994,-13469.788799999991,-12075.565849999979
2025-03-06T14:02:07.000000,1394.2229499999994,-13609.34139999999,-12215.118449999978
2025-03-06T14:02:07.000000,1394.2229499999994,-13682.93689999999,-12288.713949999978
2025-03-06T14:02:07.000000,1394.2229499999994,-13734.546699999988,-12340.323749999976
2025-03-06T14:02:07.000000,1394.2229499999994,-13698.213699999988,-12303.990749999975
2025-03-06T14:02:07.000000,1394.2229499999994,-13661.880699999987,-12267.657749999975
2025-03-06T14:02:37.000000,1394.2229499999994,-13676.691499999986,-12282.468549999974
2025-03-06T14:02:42.000000,1394.2229499999994,-13691.502299999986,-12297.279349999973
2025-03-06T14:02:47.000000,1394.2229499999994,-13706.313099999985,-12312.090149999973
2025-03-06T14:02:52.000000,1394.2229499999994,-13725.121299999986,-12330.898349999974
2025-03-06T14:02:57.000000,1394.2229499999994,-13743.932699999985,-12349.709749999973
2025-03-06T14:03:02.000000,1394.2229499999994,-13770.742099999985,-12376.519149999973
2025-03-06T14:03:12.000000,1394.2229499999994,-13809.546899999985,-12415.323949999973
2025-03-06T14:04:22.000000,1394.2229499999994,-13801.320499999985,-12407.097549999973
2025-03-06T14:04:27.000000,1394.2229499999994,-13819.740549999986,-12425.517599999974
2025-03-06T14:04:37.000000,1394.2229499999994,-13826.975749999985,-12432.752799999973
2025-03-06T14:04:47.000000,1394.2229499999994,-13841.200799999984,-12446.977849999972
2025-03-06T14:05:27.000000,1394.2229499999994,-13848.003999999984,-12453.781049999972
2025-03-06T14:05:27.000000,1394.2229499999994,-13854.807199999985,-12460.584249999973
2025-03-06T14:05:32.000000,1394.2229499999994,-13873.612199999983,-12479.389249999971
2025-03-06T14:05:37.000000,1394.2229499999994,-13900.411999999982,-12506.18904999997
2025-03-06T14:06:57.000000,1394.2229499999994,-13904.462749999982,-12510.23979999997
2025-03-06T14:07:07.000000,1394.2229499999994,-13908.513499999983,-12514.29054999997
2025-03-06T14:08:52.000000,1394.2229499999994,-13929.700399999983,-12535.477449999971
2025-03-06T14:08:57.000000,1394.2229499999994,-13944.514399999984,-12550.291449999972
2025-03-06T14:09:02.000000,1394.2229499999994,-13908.940099999983,-12514.717149999971
2025-03-06T14:09:02.000000,1394.2229499999994,-13876.363849999983,-12482.140899999971
2025-03-06T14:09:07.000000,1394.2229499999994,-13890.549699999983,-12496.326749999971
2025-03-06T14:09:12.000000,1394.2229499999994,-13854.970599999982,-12460.74764999997
2025-03-06T14:09:17.000000,1394.2229499999994,-13869.156449999982,-12474.93349999997
2025-03-06T14:09:22.000000,1394.2229499999994,-13841.386399999983,-12447.16344999997
2025-03-06T14:09:22.000000,1394.2229499999994,-13848.576799999983,-12454.35384999997
2025-03-06T14:09:27.000000,1394.2229499999994,-13840.094399999984,-12445.871449999971
2025-03-06T14:09:32.000000,1394.2229499999994,-13819.319799999985,-12425.096849999973
2025-03-06T14:09:37.000000,1394.2229499999994,-13798.545199999986,-12404.322249999974
2025-03-06T14:09:37.000000,1394.2229499999994,-13782.067999999987,-12387.845049999974
2025-03-06T14:09:42.000000,1394.2229499999994,-13765.590799999987,-12371.367849999975
2025-03-06T14:09:47.000000,1394.2229499999994,-13749.113599999988,-12354.890649999976
2025-03-06T14:09:52.000000,1394.2229499999994,-13732.636399999988,-12338.413449999976
2025-03-06T14:10:02.000000,1394.2229499999994,-13716.15919999999,-12321.936249999977
2025-03-06T14:10:12.000000,1394.2229499999994,-13723.57759999999,-12329.354649999977
2025-03-06T14:10:12.000000,1394.2229499999994,-13699.10559999999,-12304.882649999978
2025-03-06T14:10:17.000000,1394.2229499999994,-13674.63359999999,-12280.410649999978
2025-03-06T14:10:22.000000,1394.2229499999994,-13650.16159999999,-12255.938649999978
2025-03-06T14:10:27.000000,1394.2229499999994,-13625.68959999999,-12231.466649999978
2025-03-06T14:10:32.000000,1394.2229499999994,-13601.21759999999,-12206.994649999979
2025-03-06T14:10:37.000000,1394.2229499999994,-13576.745599999991,-12182.522649999979
2025-03-06T14:10:42.000000,1394.2229499999994,-13552.273599999991,-12158.05064999998
2025-03-06T14:10:47.000000,1394.2229499999994,-13527.801599999992,-12133.57864999998
2025-03-06T14:10:52.000000,1394.2229499999994,-13503.329599999992,-12109.10664999998
2025-03-06T14:10:57.000000,1394.2229499999994,-13496.523499999992,-12102.30054999998
2025-03-06T14:10:57.000000,1394.2229499999994,-13472.051499999992,-12077.82854999998
2025-03-06T14:11:02.000000,1394.2229499999994,-13447.579499999993,-12053.35654999998
2025-03-06T14:11:07.000000,1394.2229499999994,-13423.107499999993,-12028.88454999998
2025-03-06T14:11:12.000000,1394.2229499999994,-13414.631499999992,-12020.40854999998
2025-03-06T14:11:17.000000,1394.2229499999994,-13398.154299999993,-12003.93134999998
2025-03-06T14:11:22.000000,1394.2229499999994,-13381.677099999994,-11987.454149999981
2025-03-06T14:11:27.000000,1394.2229499999994,-13365.199899999994,-11970.976949999982
2025-03-06T14:11:32.000000,1394.2229499999994,-13340.727899999994,-11946.504949999982
2025-03-06T14:11:37.000000,1394.2229499999994,-13324.250699999995,-11930.027749999983
2025-03-06T14:11:42.000000,1394.2229499999994,-13307.773499999996,-11913.550549999984
2025-03-06T14:11:47.000000,1394.2229499999994,-13291.296299999996,-11897.073349999984
2025-03-06T14:11:52.000000,1394.2229499999994,-13274.819099999997,-11880.596149999985
2025-03-06T14:11:57.000000,1394.2229499999994,-13258.341899999998,-11864.118949999985
2025-03-06T14:12:02.000000,1394.2229499999994,-13241.864699999998,-11847.641749999986
2025-03-06T14:12:07.000000,1394.2229499999994,-13233.388699999998,-11839.165749999986
2025-03-06T14:12:12.000000,1394.2229499999994,-13224.912699999997,-11830.689749999985
2025-03-06T14:12:17.000000,1394.2229499999994,-13216.436699999997,-11822.213749999984
2025-03-06T14:12:22.000000,1394.2229499999994,-13199.300299999997,-11805.077349999985
2025-03-06T14:12:22.000000,1394.2229499999994,-13190.824299999997,-11796.601349999984
2025-03-06T14:12:27.000000,1394.2229499999994,-13182.348299999996,-11788.125349999984
2025-03-06T14:12:32.000000,1394.2229499999994,-13173.872299999995,-11779.649349999983
2025-03-06T14:12:37.000000,1394.2229499999994,-13157.395099999996,-11763.172149999984
2025-03-06T14:12:42.000000,1394.2229499999994,-13140.917899999997,-11746.694949999985
2025-03-06T14:12:47.000000,1394.2229499999994,-13124.440699999997,-11730.217749999985
2025-03-06T14:12:52.000000,1394.2229499999994,-13119.296499999999,-11725.073549999986
2025-03-06T14:12:52.000000,1394.2229499999994,-13102.8193,-11708.596349999987
2025-03-06T14:12:57.000000,1394.2229499999994,-13102.338099999999,-11708.115149999987
2025-03-06T14:13:02.000000,1394.2229499999994,-13093.862099999998,-11699.639149999986
2025-03-06T14:13:12.000000,1394.2229499999994,-13085.386099999998,-11691.163149999986
2025-03-06T14:13:17.000000,1394.2229499999994,-13084.904899999998,-11690.681949999986
2025-03-06T14:13:22.000000,1394.2229499999994,-13084.423699999998,-11690.200749999985
2025-03-06T14:13:27.000000,1394.2229499999994,-13075.947699999997,-11681.724749999985
2025-03-06T14:13:32.000000,1394.2229499999994,-13075.466499999997,-11681.243549999985
2025-03-06T14:13:37.000000,1394.2229499999994,-13074.985299999997,-11680.762349999985
2025-03-06T14:13:42.000000,1394.2229499999994,-13074.504099999996,-11680.281149999984
2025-03-06T14:13:47.000000,1394.2229499999994,-13082.017699999997,-11687.794749999985
2025-03-06T14:13:52.000000,1394.2229499999994,-13089.531299999997,-11695.308349999985
2025-03-06T14:15:12.000000,1386.5509499999994,-13089.531299999997,-11702.980349999985
2025-03-06T14:15:42.000000,1386.5509499999994,-13121.214899999997,-11734.663949999986
2025-03-06T14:16:12.000000,1386.5509499999994,-13152.898499999998,-11766.347549999986
2025-03-06T14:17:32.000000,1386.5509499999994,-13135.350899999998,-11748.799949999986
2025-03-06T14:17:42.000000,1386.5509499999994,-13120.880549999998,-11734.329599999986
2025-03-06T14:17:52.000000,1386.5509499999994,-13106.410199999998,-11719.859249999987
2025-03-06T14:18:07.000000,1386.5509499999994,-13081.250199999999,-11694.699249999987
2025-03-06T14:18:17.000000,1386.5509499999994,-13056.087,-11669.536049999988
2025-03-06T14:18:22.000000,1386.5509499999994,-13041.621449999999,-11655.070499999987
2025-03-06T14:18:27.000000,1386.5509499999994,-13021.157399999998,-11634.606449999987
2025-03-06T14:18:47.000000,1386.5509499999994,-13012.695149999998,-11626.144199999986
2025-03-06T14:19:02.000000,1386.5509499999994,-12998.764799999999,-11612.213849999987
2025-03-06T14:19:07.000000,1386.5509499999994,-13006.259999999998,-11619.709049999987
2025-03-06T14:19:12.000000,1386.5509499999994,-12992.32965,-11605.778699999988
2025-03-06T14:19:17.000000,1386.5509499999994,-12975.39885,-11588.847899999988
2025-03-06T14:19:17.000000,1386.5509499999994,-12973.8927,-11587.341749999989
2025-03-06T14:19:22.000000,1386.5509499999994,-12956.9619,-11570.410949999989
2025-03-06T14:19:22.000000,1386.5509499999994,-12946.4544,-11559.903449999989
2025-03-06T14:19:27.000000,1386.5509499999994,-12926.94555,-11540.394599999989
2025-03-06T14:19:32.000000,1386.5509499999994,-12921.574150000002,-11535.02319999999
2025-03-06T14:19:37.000000,1386.5509499999994,-12910.639450000002,-11524.08849999999
2025-03-06T14:19:37.000000,1386.5509499999994,-12905.184850000003,-11518.633899999992
2025-03-06T14:19:42.000000,1386.5509499999994,-12894.247750000002,-11507.69679999999
2025-03-06T14:19:42.000000,1386.5509499999994,-12891.791200000003,-11505.240249999992
2025-03-06T14:19:47.000000,1386.5509499999994,-12877.853650000003,-11491.302699999991
2025-03-06T14:19:47.000000,1386.5509499999994,-12875.394700000003,-11488.84374999999
2025-03-06T14:19:52.000000,1386.5509499999994,-12875.936200000002,-11489.38524999999
2025-03-06T14:19:57.000000,1386.5509499999994,-12873.477250000002,-11486.92629999999
2025-03-06T14:23:52.000000,1386.5509499999994,-12866.187000000002,-11479.63604999999
2025-03-06T14:26:07.000000,1386.5509499999994,-12859.285700000002,-11472.73474999999
2025-03-06T14:26:12.000000,1386.5509499999994,-12853.056400000001,-11466.50544999999
2025-03-06T14:26:17.000000,1386.5509499999994,-12846.8271,-11460.276149999989
2025-03-06T14:26:17.000000,1386.5509499999994,-12839.9258,-11453.37484999999
2025-03-06T14:26:22.000000,1386.5509499999994,-12833.6965,-11447.145549999988
2025-03-06T14:26:27.000000,1386.5509499999994,-12827.4672,-11440.916249999987
2025-03-06T14:26:32.000000,1386.5509499999994,-12821.237899999998,-11434.686949999987
2025-03-06T14:26:37.000000,1386.5509499999994,-12801.017699999999,-11414.466749999987
2025-03-06T14:26:42.000000,1386.5509499999994,-12780.797499999999,-11394.246549999987
2025-03-06T14:26:47.000000,1386.5509499999994,-12760.577299999999,-11374.026349999987
2025-03-06T14:26:52.000000,1386.5509499999994,-12740.3571,-11353.806149999988
2025-03-06T14:26:57.000000,1386.5509499999994,-12720.1369,-11333.585949999988
2025-03-06T14:27:02.000000,1386.5509499999994,-12685.925799999999,-11299.374849999987
2025-03-06T14:27:07.000000,1386.5509499999994,-12693.6986,-11307.147649999988
2025-03-06T14:27:12.000000,1386.5509499999994,-12715.4511,-11328.900149999989
2025-03-06T14:27:17.000000,1386.5509499999994,-12751.2057,-11364.654749999989
2025-03-06T14:27:22.000000,1386.5509499999994,-12786.9603,-11400.409349999989
2025-03-06T14:27:27.000000,1386.5509499999994,-12836.705800000002,-11450.15484999999
2025-03-06T14:27:37.000000,1386.5509499999994,-12900.453400000002,-11513.90244999999
2025-03-06T14:27:42.000000,1386.5509499999994,-12950.210100000002,-11563.65914999999
2025-03-06T14:27:52.000000,1386.5509499999994,-12999.966800000002,-11613.41584999999
2025-03-06T14:27:57.000000,1386.5509499999994,-13049.723500000002,-11663.17254999999
2025-03-06T14:28:02.000000,1386.5509499999994,-13085.478100000002,-11698.92714999999
2025-03-06T14:28:07.000000,1386.5509499999994,-13121.232700000002,-11734.68174999999
2025-03-06T14:28:12.000000,1386.5509499999994,-13156.987300000003,-11770.43634999999
2025-03-06T14:28:27.000000,1386.5509499999994,-13220.746100000002,-11834.19514999999
2025-03-06T14:28:42.000000,1386.5509499999994,-13270.514000000003,-11883.963049999991
2025-03-06T14:28:52.000000,1386.5509499999994,-13306.279800000004,-11919.728849999992
2025-03-06T14:28:52.000000,1386.5509499999994,-13303.823250000005,-11917.272299999993
2025-03-06T14:29:02.000000,1386.5509499999994,-13311.596050000006,-11925.045099999994
2025-03-06T14:29:07.000000,1386.5509499999994,-13347.361850000007,-11960.810899999995
2025-03-06T14:29:17.000000,1386.5509499999994,-13397.118550000007,-12010.567599999995
2025-03-06T14:29:22.000000,1386.5509499999994,-13446.875250000006,-12060.324299999995
2025-03-06T14:29:42.000000,1386.5509499999994,-13482.641050000007,-12096.090099999996
2025-03-06T14:29:47.000000,1386.5509499999994,-13504.404750000009,-12117.853799999997
2025-03-06T14:29:57.000000,1386.5509499999994,-13540.17055000001,-12153.619599999998
2025-03-06T14:30:07.000000,1386.5509499999994,-13589.92725000001,-12203.376299999998
2025-03-06T14:30:17.000000,1386.5509499999994,-13587.47550000001,-12200.924549999998
2025-03-06T14:30:22.000000,1386.5509499999994,-13637.23220000001,-12250.681249999998
2025-03-06T14:30:27.000000,1386.5509499999994,-13686.98890000001,-12300.437949999998
2025-03-06T14:30:27.000000,1386.5509499999994,-13687.53520000001,-12300.984249999998
2025-03-06T14:30:32.000000,1386.5509499999994,-13737.29190000001,-12350.740949999998
2025-03-06T14:30:32.000000,1386.5509499999994,-13737.840600000009,-12351.289649999997
2025-03-06T14:30:37.000000,1386.5509499999994,-13801.58820000001,-12415.037249999998
2025-03-06T14:30:37.000000,1386.5509499999994,-13805.134950000009,-12418.583999999997
2025-03-06T14:30:42.000000,1386.5509499999994,-13805.681250000009,-12419.130299999997
2025-03-06T14:30:47.000000,1386.5509499999994,-13809.228000000008,-12422.677049999997
2025-03-06T14:30:52.000000,1386.5509499999994,-13872.975600000009,-12486.424649999997
2025-03-06T14:30:57.000000,1386.5509499999994,-13936.72320000001,-12550.172249999998
2025-03-06T14:31:02.000000,1386.5509499999994,-13972.47780000001,-12585.926849999998
2025-03-06T14:31:12.000000,1386.5509499999994,-14022.22330000001,-12635.672349999999
2025-03-06T14:32:02.000000,1386.5509499999994,-14057.97790000001,-12671.42695
2025-03-06T14:32:12.000000,1386.5509499999994,-14079.741600000012,-12693.19065
2025-03-06T14:32:52.000000,1386.5509499999994,-14087.514400000013,-12700.963450000001
2025-03-06T14:32:57.000000,1386.5509499999994,-14095.287200000013,-12708.736250000002
2025-03-06T14:33:07.000000,1386.5509499999994,-14117.050900000015,-12730.499950000003
2025-03-06T14:33:17.000000,1386.5509499999994,-14138.814600000016,-12752.263650000004
2025-03-06T14:33:22.000000,1386.5509499999994,-14160.578300000017,-12774.027350000006
2025-03-06T14:34:22.000000,1386.5509499999994,-14182.353200000018,-12795.802250000006
2025-03-06T14:35:27.000000,1386.5509499999994,-14190.126000000018,-12803.575050000007
2025-03-06T14:36:12.000000,1386.5509499999994,-14172.960800000017,-12786.409850000005
2025-03-06T14:36:17.000000,1386.5509499999994,-14159.793000000016,-12773.242050000004
2025-03-06T14:36:22.000000,1386.5509499999994,-14150.622600000015,-12764.071650000004
2025-03-06T14:36:27.000000,1386.5509499999994,-14141.452200000014,-12754.901250000003
2025-03-06T14:36:32.000000,1386.5509499999994,-14124.283800000016,-12737.732850000004
2025-03-06T14:37:22.000000,1386.5509499999994,-14083.118200000017,-12696.567250000006
2025-03-06T14:39:47.000000,1386.5509499999994,-14059.937700000019,-12673.386750000007
2025-03-06T14:39:52.000000,1386.5509499999994,-14031.75645000002,-12645.20550000001
2025-03-06T14:39:57.000000,1386.5509499999994,-14003.575200000023,-12617.024250000011
2025-03-06T14:40:02.000000,1386.5509499999994,-13975.393950000025,-12588.843000000013
2025-03-06T14:40:07.000000,1386.5509499999994,-13957.210200000025,-12570.659250000013
2025-03-06T14:40:12.000000,1386.5509499999994,-13939.026450000025,-12552.475500000013
2025-03-06T14:40:17.000000,1386.5509499999994,-13920.842700000025,-12534.291750000013
2025-03-06T14:40:22.000000,1386.5509499999994,-13902.658950000025,-12516.108000000013
2025-03-06T14:40:22.000000,1337.443849999999,-13902.658950000025,-12565.215100000014
2025-03-06T14:40:27.000000,1337.443849999999,-13884.475200000024,-12547.031350000014
2025-03-06T14:40:27.000000,1295.3321999999985,-13884.475200000024,-12589.143000000015
2025-03-06T14:40:32.000000,1295.3321999999985,-13866.291450000024,-12570.959250000014
2025-03-06T14:40:37.000000,1246.219499999998,-13866.291450000024,-12620.071950000014
2025-03-06T14:40:47.000000,1246.219499999998,-13830.841950000024,-12584.622450000013
2025-03-06T14:40:57.000000,1204.1022499999988,-13830.841950000024,-12626.739700000013
2025-03-06T14:40:57.000000,1204.1022499999988,-13795.394850000024,-12591.292600000013
2025-03-06T14:41:07.000000,1204.1022499999988,-13759.945350000024,-12555.843100000013
2025-03-06T14:41:12.000000,1204.1022499999988,-13727.496300000024,-12523.394050000014
2025-03-06T14:41:17.000000,1204.1022499999988,-13701.045750000023,-12496.943500000012
2025-03-06T14:41:22.000000,1204.1022499999988,-13677.593250000022,-12473.49100000001
2025-03-06T14:44:17.000000,1176.099099999998,-13677.593250000022,-12501.494150000011
2025-03-06T14:44:27.000000,1155.0969999999984,-13677.593250000022,-12522.496250000011
2025-03-06T14:44:32.000000,1134.0948999999987,-13677.593250000022,-12543.49835000001
2025-03-06T14:44:37.000000,1106.091749999998,-13677.593250000022,-12571.501500000011
2025-03-06T14:44:42.000000,1078.0885999999973,-13677.593250000022,-12599.504650000012
2025-03-06T14:44:57.000000,1043.0843999999968,-13677.593250000022,-12634.508850000013
2025-03-06T14:45:02.000000,1043.0843999999968,-13659.73845000002,-12616.654050000012
2025-03-06T14:59:55.000000,1043.0843999999968,-13834.92525000002,-12791.840850000011
2025-03-06T14:59:55.000000,1043.0843999999968,-13992.123750000019,-12949.03935000001
2025-03-07T09:52:07.000000,1043.0843999999968,-14058.862350000018,-13015.777950000009
2025-03-07T09:53:02.000000,1043.0843999999968,-14069.630950000017,-13026.546550000008
2025-03-07T09:53:02.000000,1043.0843999999968,-14044.396400000018,-13001.312000000009
2025-03-07T09:53:12.000000,1043.0843999999968,-14051.170800000018,-13008.08640000001
2025-03-07T09:53:22.000000,1043.0843999999968,-14053.94140000002,-13010.85700000001
2025-03-07T09:53:22.000000,1043.0843999999968,-14013.40940000002,-12970.325000000012
2025-03-07T09:53:27.000000,1043.0843999999968,-14065.15120000002,-13022.066800000011
2025-03-07T09:53:37.000000,1043.0843999999968,-13980.14540000002,-12937.06100000001
2025-03-07T09:53:37.000000,1043.0843999999968,-13931.61220000002,-12888.52780000001
2025-03-07T09:53:47.000000,1043.0843999999968,-13875.07780000002,-12831.99340000001
2025-03-07T09:53:52.000000,1043.0843999999968,-13926.81080000002,-12883.72640000001
2025-03-07T09:54:12.000000,1043.0843999999968,-14011.51355000002,-12968.42915000001
2025-03-07T09:54:17.000000,1043.0843999999968,-14074.23940000002,-13031.155000000012
2025-03-07T09:54:27.000000,1043.0843999999968,-14001.69620000002,-12958.611800000011
2025-03-07T09:56:42.000000,1043.0843999999968,-13960.46660000002,-12917.382200000011
2025-03-07T09:57:52.000000,1043.0843999999968,-13903.21860000002,-12860.134200000011
2025-03-07T09:59:52.000000,1061.0471999999972,-13903.21860000002,-12842.17140000001
2025-03-07T10:04:42.000000,1061.0471999999972,-13924.650450000021,-12863.603250000011
2025-03-07T10:05:17.000000,1169.9935499999979,-13924.650450000021,-12754.65690000001
2025-03-07T10:05:32.000000,1305.951149999998,-13924.650450000021,-12618.699300000011
2025-03-07T10:06:32.000000,1266.3175499999973,-13924.650450000021,-12658.332900000012
2025-03-07T10:07:17.000000,1266.3175499999973,-13998.096350000022,-12731.778800000013
2025-03-07T10:07:22.000000,1266.3175499999973,-14060.540600000022,-12794.223050000013
2025-03-07T10:07:22.000000,1266.3175499999973,-14075.62115000002,-12809.303600000012
2025-03-07T10:07:27.000000,1266.3175499999973,-14084.703200000022,-12818.385650000013
2025-03-07T10:07:32.000000,1266.3175499999973,-14090.787200000022,-12824.469650000014
2025-03-07T10:07:47.000000,1266.3175499999973,-14090.870300000022,-12824.552750000013
2025-03-07T10:08:02.000000,1266.3175499999973,-14090.948600000023,-12824.631050000015
2025-03-07T10:08:07.000000,1266.3175499999973,-14131.398350000023,-12865.080800000014
2025-03-07T10:10:22.000000,1266.3175499999973,-14106.567950000022,-12840.250400000014
2025-03-07T10:10:27.000000,1266.3175499999973,-14081.737550000022,-12815.420000000013
2025-03-07T10:10:28.000000,1266.3175499999973,-14056.238350000021,-12789.920800000013
2025-03-07T10:10:32.000000,1266.3175499999973,-14032.33465000002,-12766.017100000012
2025-03-07T10:10:42.000000,1266.3175499999973,-14023.50025000002,-12757.18270000001
2025-03-07T10:11:02.000000,1266.3175499999973,-13993.94365000002,-12727.62610000001
2025-03-07T10:11:07.000000,1266.3175499999973,-13977.10165000002,-12710.784100000012
2025-03-07T10:11:12.000000,1266.3175499999973,-13968.25445000002,-12701.936900000012
2025-03-07T10:11:12.000000,1266.3175499999973,-13941.69830000002,-12675.380750000011
2025-03-07T10:11:17.000000,1266.3175499999973,-13949.26950000002,-12682.951950000011
2025-03-07T10:11:17.000000,1266.3175499999973,-13919.715300000022,-12653.397750000013
2025-03-07T10:11:27.000000,1266.3175499999973,-13899.155250000022,-12632.837700000013
2025-03-07T10:11:32.000000,1266.3175499999973,-13875.597150000021,-12609.279600000013
2025-03-07T10:11:37.000000,1266.3175499999973,-13779.50475000002,-12513.187200000011
2025-03-07T10:11:37.000000,1266.3175499999973,-13749.604950000019,-12483.28740000001
2025-03-07T10:11:37.000000,1266.3175499999973,-13737.693450000019,-12471.37590000001
2025-03-07T10:11:37.000000,1266.3175499999973,-13722.783900000019,-12456.46635000001
2025-03-07T10:11:42.000000,1266.3175499999973,-13634.686300000018,-12368.368750000009
2025-03-07T10:11:42.000000,1266.3175499999973,-13605.132100000019,-12338.81455000001
2025-03-07T10:11:52.000000,1266.3175499999973,-13525.02930000002,-12258.711750000011
2025-03-07T10:11:57.000000,1266.3175499999973,-13501.47120000002,-12235.153650000011
2025-03-07T10:12:02.000000,1266.3175499999973,-13421.362000000021,-12155.044450000012
2025-03-07T10:13:47.000000,1266.3175499999973,-13444.519600000021,-12178.202050000013
2025-03-07T10:13:52.000000,1266.3175499999973,-13459.682400000023,-12193.364850000014
2025-03-07T10:14:12.000000,1280.6208499999968,-13459.682400000023,-12179.061550000015
2025-03-07T10:14:12.000000,1280.6208499999968,-13467.087200000024,-12186.466350000015
2025-03-07T10:17:42.000000,1280.6208499999968,-13474.819200000024,-12194.198350000015
2025-03-07T10:18:22.000000,1280.6208499999968,-13485.370200000025,-12204.749350000016
2025-03-07T10:18:32.000000,1280.6208499999968,-13499.921800000026,-12219.300950000017
2025-03-07T10:19:07.000000,1280.6208499999968,-13472.688550000026,-12192.067700000018
2025-03-07T10:19:22.000000,1280.6208499999968,-13460.441550000027,-12179.820700000018
2025-03-07T10:19:27.000000,1280.6208499999968,-13453.191300000028,-12172.57045000002
2025-03-07T10:19:32.000000,1280.6208499999968,-13459.628100000027,-12179.007250000019
2025-03-07T10:19:37.000000,1280.6208499999968,-13462.371350000029,-12181.75050000002
2025-03-07T10:21:27.000000,1280.6208499999968,-13514.310100000028,-12233.68925000002
2025-03-07T10:22:22.000000,1280.6208499999968,-13528.395150000028,-12247.77430000002
2025-03-07T10:24:17.000000,1280.6208499999968,-13511.629950000026,-12231.009100000017
2025-03-07T10:24:22.000000,1280.6208499999968,-13494.864750000024,-12214.243900000016
2025-03-07T10:24:27.000000,1280.6208499999968,-13486.094350000023,-12205.473500000015
2025-03-07T10:24:32.000000,1280.6208499999968,-13485.325150000022,-12204.704300000014
2025-03-07T10:24:37.000000,1280.6208499999968,-13500.545550000024,-12219.924700000016
2025-03-07T10:24:42.000000,1280.6208499999968,-13515.765950000026,-12235.145100000018
2025-03-07T10:24:52.000000,1280.6208499999968,-13572.478900000027,-12291.858050000019
2025-03-07T10:24:52.000000,1280.6208499999968,-13595.694100000028,-12315.07325000002
2025-03-07T10:24:57.000000,1280.6208499999968,-13652.407050000029,-12371.78620000002
2025-03-07T10:24:57.000000,1280.6208499999968,-13675.62225000003,-12395.001400000021
2025-03-07T10:25:02.000000,1280.6208499999968,-13706.83225000003,-12426.211400000022
2025-03-07T10:25:12.000000,1280.6208499999968,-13754.26865000003,-12473.647800000022
2025-03-07T10:26:42.000000,1280.6208499999968,-13817.496250000031,-12536.875400000023
2025-03-07T10:28:12.000000,1280.6208499999968,-13845.521800000031,-12564.900950000023
2025-03-07T10:28:17.000000,1280.6208499999968,-13861.459000000032,-12580.838150000023
2025-03-07T10:28:22.000000,1280.6208499999968,-13869.401400000032,-12588.780550000023
2025-03-07T10:28:27.000000,1280.6208499999968,-13893.33980000003,-12612.718950000022
2025-03-07T10:28:37.000000,1280.6208499999968,-13925.27300000003,-12644.652150000022
2025-03-07T10:29:12.000000,1280.6208499999968,-13940.03005000003,-12659.409200000022
2025-03-07T10:30:02.000000,1280.6208499999968,-13894.65905000003,-12614.03820000002
2025-03-07T10:30:02.000000,1280.6208499999968,-13867.79570000003,-12587.174850000021
2025-03-07T10:30:02.000000,1280.6208499999968,-13880.26220000003,-12599.641350000022
2025-03-07T10:30:07.000000,1280.6208499999968,-13844.40470000003,-12563.783850000022
2025-03-07T10:30:07.000000,1280.6208499999968,-13853.87315000003,-12573.252300000022
2025-03-07T10:30:12.000000,1280.6208499999968,-13812.496350000032,-12531.875500000024
2025-03-07T10:30:17.000000,1280.6208499999968,-13779.632100000032,-12499.011250000023
2025-03-07T10:30:22.000000,1280.6208499999968,-13749.763500000032,-12469.142650000023
2025-03-07T10:30:27.000000,1280.6208499999968,-13713.894000000031,-12433.273150000023
2025-03-07T10:30:32.000000,1280.6208499999968,-13678.02450000003,-12397.403650000022
2025-03-07T10:30:52.000000,1280.6208499999968,-13648.50630000003,-12367.885450000022
2025-03-07T10:30:57.000000,1280.6208499999968,-13612.99200000003,-12332.37115000002
2025-03-07T10:31:02.000000,1280.6208499999968,-13577.477700000029,-12296.85685000002
2025-03-07T10:31:07.000000,1280.6208499999968,-13532.964450000029,-12252.34360000002
2025-03-07T10:31:12.000000,1280.6208499999968,-13491.451650000028,-12210.83080000002
2025-03-07T10:31:17.000000,1280.6208499999968,-13446.943200000027,-12166.322350000019
2025-03-07T10:31:22.000000,1280.6208499999968,-13408.430850000026,-12127.810000000018
2025-03-07T10:31:27.000000,1280.6208499999968,-13366.918050000026,-12086.297200000017
2025-03-07T10:31:32.000000,1280.6208499999968,-13328.403300000025,-12047.782450000017
2025-03-07T10:31:37.000000,1280.6208499999968,-13286.888100000026,-12006.267250000017
2025-03-07T10:31:42.000000,1280.6208499999968,-13254.367050000026,-11973.746200000018
2025-03-07T10:32:12.000000,1280.6208499999968,-13253.636250000027,-11973.015400000018
2025-03-07T10:32:17.000000,1280.6208499999968,-13212.116250000026,-11931.495400000018
2025-03-07T10:32:22.000000,1280.6208499999968,-13261.917750000026,-11981.296900000018
2025-03-07T10:32:27.000000,1280.6208499999968,-13217.397300000026,-11936.776450000018
2025-03-07T10:32:37.000000,1280.6208499999968,-13225.237300000026,-11944.616450000018
2025-03-07T10:32:42.000000,1280.6208499999968,-13205.084300000026,-11924.463450000017
2025-03-07T10:32:52.000000,1280.6208499999968,-13186.832550000026,-11906.211700000018
2025-03-07T10:32:52.000000,1280.6208499999968,-13180.670450000027,-11900.049600000018
2025-03-07T10:32:57.000000,1280.6208499999968,-13157.421950000027,-11876.801100000019
2025-03-07T10:32:57.000000,1280.6208499999968,-13179.252850000026,-11898.632000000018
2025-03-07T10:33:02.000000,1280.6208499999968,-13151.003600000025,-11870.382750000017
2025-03-07T10:33:02.000000,1280.6208499999968,-13158.832400000025,-11878.211550000016
2025-03-07T10:33:07.000000,1280.6208499999968,-13140.580650000025,-11859.959800000017
2025-03-07T10:33:12.000000,1280.6208499999968,-13067.871050000025,-11787.250200000017
2025-03-07T10:33:17.000000,1280.6208499999968,-13089.690750000025,-11809.069900000017
2025-03-07T10:33:22.000000,1280.6208499999968,-13032.977150000024,-11752.356300000016
2025-03-07T10:33:27.000000,1280.6208499999968,-13021.452050000024,-11740.831200000015
2025-03-07T10:33:32.000000,1280.6208499999968,-13018.202550000024,-11737.581700000015
2025-03-07T10:33:32.000000,1280.6208499999968,-13003.679400000023,-11723.058550000014
2025-03-07T10:33:47.000000,1280.6208499999968,-13001.153250000023,-11720.532400000015
2025-03-07T10:37:42.000000,1280.6208499999968,-12910.967350000023,-11630.346500000014
2025-03-07T10:37:52.000000,1273.5984499999968,-12910.967350000023,-11637.368900000014
2025-03-07T10:44:07.000000,1273.5984499999968,-12910.230150000023,-11636.631700000014
2025-03-07T10:45:07.000000,1273.5984499999968,-12946.091150000022,-11672.492700000013
2025-03-07T10:45:17.000000,1273.5984499999968,-13002.949700000023,-11729.351250000014
2025-03-07T10:46:52.000000,1273.5984499999968,-12898.929700000022,-11625.331250000014
2025-03-07T10:49:07.000000,1273.5984499999968,-12912.981150000021,-11639.382700000013
2025-03-07T10:49:12.000000,1273.5984499999968,-12913.036100000021,-11639.437650000013
2025-03-07T10:49:17.000000,1273.5984499999968,-12913.091050000021,-11639.492600000012
2025-03-07T10:49:27.000000,1273.5984499999968,-12913.14600000002,-11639.547550000012
2025-03-07T10:49:37.000000,1273.5984499999968,-12906.199900000021,-11632.601450000013
2025-03-07T10:49:47.000000,1273.5984499999968,-12906.254850000021,-11632.656400000013
2025-03-07T10:49:52.000000,1273.5984499999968,-12906.309800000021,-11632.711350000012
2025-03-07T10:50:12.000000,1273.5984499999968,-12861.36760000002,-11587.769150000011
2025-03-07T10:50:17.000000,1273.5984499999968,-12812.424800000019,-11538.82635000001
2025-03-07T10:50:27.000000,1273.5984499999968,-12779.47800000002,-11505.87955000001
2025-03-07T10:52:07.000000,1273.5984499999968,-12822.407250000018,-11548.80880000001
2025-03-07T10:53:47.000000,1273.5984499999968,-12795.913500000019,-11522.31505000001
2025-03-07T10:53:47.000000,1273.5984499999968,-12769.41975000002,-11495.82130000001
2025-03-07T10:53:47.000000,1273.5984499999968,-12739.92795000002,-11466.32950000001
2025-03-07T10:53:47.000000,1273.5984499999968,-12713.43420000002,-11439.835750000011
2025-03-07T10:53:47.000000,1273.5984499999968,-12686.94045000002,-11413.342000000011
2025-03-07T10:53:47.000000,1273.5984499999968,-12660.44670000002,-11386.848250000012
2025-03-07T10:53:47.000000,1273.5984499999968,-12636.95100000002,-11363.35255000001
2025-03-07T10:53:52.000000,1273.5984499999968,-12616.45335000002,-11342.854900000011
2025-03-07T10:54:07.000000,1273.5984499999968,-12581.508650000022,-11307.910200000013
2025-03-07T10:54:17.000000,1273.5984499999968,-12553.559400000022,-11279.960950000013
2025-03-07T10:54:22.000000,1273.5984499999968,-12518.614700000024,-11245.016250000015
2025-03-07T10:54:27.000000,1273.5984499999968,-12483.670000000024,-11210.071550000015
2025-03-07T10:54:32.000000,1273.5984499999968,-12448.725300000024,-11175.126850000015
2025-03-07T10:54:37.000000,1273.5984499999968,-12413.775000000025,-11140.176550000017
2025-03-07T10:54:42.000000,1273.5984499999968,-12378.824700000026,-11105.226250000018
2025-03-07T10:54:47.000000,1273.5984499999968,-12343.874400000028,-11070.27595000002
2025-03-07T10:55:17.000000,1273.5984499999968,-12315.919550000028,-11042.32110000002
2025-03-07T10:59:12.000000,1273.5984499999968,-12312.503500000026,-11038.905050000018
2025-03-07T11:06:32.000000,1273.5984499999968,-12363.978250000027,-11090.379800000019
2025-03-07T11:06:42.000000,1273.5984499999968,-12415.453000000029,-11141.85455000002
2025-03-07T11:06:57.000000,1273.5984499999968,-12460.926850000029,-11187.32840000002
2025-03-07T11:07:57.000000,1273.5984499999968,-12451.478050000029,-11177.87960000002
2025-03-07T11:08:42.000000,1273.5984499999968,-12436.99330000003,-11163.39485000002
2025-03-07T11:08:47.000000,1273.5984499999968,-12460.15090000003,-11186.552450000021
2025-03-07T11:08:52.000000,1273.5984499999968,-12448.669000000029,-11175.07055000002
2025-03-07T11:08:57.000000,1273.5984499999968,-12428.188150000029,-11154.58970000002
2025-03-07T11:09:02.000000,1273.5984499999968,-12410.707750000029,-11137.10930000002
2025-03-07T11:09:07.000000,1273.5984499999968,-12393.227350000028,-11119.62890000002
2025-03-07T11:09:12.000000,1273.5984499999968,-12375.744550000029,-11102.14610000002
2025-03-07T11:09:22.000000,1273.5984499999968,-12370.25395000003,-11096.65550000002
2025-03-07T11:09:32.000000,1273.5984499999968,-12394.748650000029,-11121.15020000002
2025-03-07T11:11:07.000000,1273.5984499999968,-12353.922250000029,-11080.32380000002
2025-03-07T11:12:47.000000,1273.5984499999968,-12329.80225000003,-11056.203800000021
2025-03-07T11:12:57.000000,1273.5984499999968,-12313.677050000031,-11040.078600000023
2025-03-07T11:13:02.000000,1273.5984499999968,-12289.557050000032,-11015.958600000024
2025-03-07T11:13:07.000000,1273.5984499999968,-12257.43585000003,-10983.837400000022
2025-03-07T11:13:17.000000,1241.6332499999958,-12257.43585000003,-11015.802600000023
2025-03-07T11:13:47.000000,1241.6332499999958,-12169.33825000003,-10927.705000000022
2025-03-07T11:13:57.000000,1241.6332499999958,-12081.22785000003,-10839.594600000022
2025-03-07T11:14:12.000000,1241.6332499999958,-12017.12105000003,-10775.487800000023
2025-03-07T11:14:17.000000,1241.6332499999958,-11961.009050000031,-10719.375800000023
2025-03-07T11:14:32.000000,1241.6332499999958,-11920.886650000031,-10679.253400000023
2025-03-07T11:16:57.000000,1241.6332499999958,-11863.99705000003,-10622.363800000023
2025-03-07T11:19:12.000000,1220.0039499999962,-11863.99705000003,-10643.993100000023
2025-03-07T11:20:37.000000,1158.0542499999958,-11863.99705000003,-10705.942800000024
2025-03-07T11:22:27.000000,1158.0542499999958,-11871.75385000003,-10713.699600000024
2025-03-07T11:23:22.000000,1158.0542499999958,-11879.52185000003,-10721.467600000024
2025-03-07T11:28:22.000000,1158.0542499999958,-11869.503950000031,-10711.449700000025
2025-03-07T11:28:32.000000,1158.0542499999958,-11841.490550000031,-10683.436300000025
2025-03-07T11:29:07.000000,1158.0542499999958,-11831.465450000032,-10673.411200000026
2025-03-07T11:29:57.000000,1158.0542499999958,-11775.455850000033,-10617.401600000027
2025-03-07T11:30:02.000000,1158.0542499999958,-11727.441050000032,-10569.386800000026
2025-03-07T13:00:37.000000,1158.0542499999958,-11727.886550000032,-10569.832300000025
2025-03-07T13:00:42.000000,1158.0542499999958,-11744.894300000033,-10586.840050000026
2025-03-07T13:00:47.000000,1158.0542499999958,-11770.896200000034,-10612.841950000027
2025-03-07T13:05:27.000000,1158.0542499999958,-11754.732600000034,-10596.678350000027
2025-03-07T13:07:07.000000,1158.0542499999958,-11705.879400000034,-10547.825150000028
2025-03-07T13:07:12.000000,1158.0542499999958,-11665.021000000033,-10506.966750000027
2025-03-07T13:07:17.000000,1158.0542499999958,-11624.149800000034,-10466.095550000027
2025-03-07T13:10:07.000000,1158.0542499999958,-11607.295000000035,-10449.240750000028
2025-03-07T13:10:12.000000,1158.0542499999958,-11582.432600000035,-10424.378350000028
2025-03-07T13:11:02.000000,1158.0542499999958,-11576.718800000035,-10418.664550000029
2025-03-07T13:11:32.000000,1158.0542499999958,-11536.570800000034,-10378.516550000028
2025-03-07T13:11:47.000000,1158.0542499999958,-11488.421600000034,-10330.367350000028
2025-03-07T13:11:52.000000,1158.0542499999958,-11440.278800000035,-10282.224550000028
2025-03-07T13:12:02.000000,1158.0542499999958,-11408.132000000034,-10250.077750000028
2025-03-07T13:12:07.000000,1158.0542499999958,-11375.985200000034,-10217.930950000027
2025-03-07T13:12:17.000000,1158.0542499999958,-11388.437300000034,-10230.383050000028
2025-03-07T13:12:22.000000,1158.0542499999958,-11348.289300000033,-10190.235050000027
2025-03-07T13:15:32.000000,1158.0542499999958,-11360.338200000033,-10202.283950000026
2025-03-07T13:15:32.000000,1158.0542499999958,-11375.385150000033,-10217.330900000026
2025-03-07T13:16:02.000000,1158.0542499999958,-11343.327950000034,-10185.273700000027
2025-03-07T13:19:47.000000,1158.0542499999958,-11343.629450000033,-10185.575200000027
2025-03-07T13:23:12.000000,1158.0542499999958,-11342.297050000034,-10184.242800000027
2025-03-07T13:23:52.000000,1158.0542499999958,-11320.974450000034,-10162.920200000028
2025-03-07T13:24:37.000000,1158.0542499999958,-11303.649250000033,-10145.595000000027
2025-03-07T13:24:42.000000,1158.0542499999958,-11290.321450000032,-10132.267200000026
2025-03-07T13:24:52.000000,1158.0542499999958,-11276.990450000032,-10118.936200000026
2025-03-07T13:24:57.000000,1158.0542499999958,-11259.65885000003,-10101.604600000024
2025-03-07T13:25:07.000000,1158.0542499999958,-11242.32725000003,-10084.273000000023
2025-03-07T13:26:12.000000,1158.0542499999958,-11459.50995000003,-10301.455700000024
2025-03-07T13:26:12.000000,1158.0542499999958,-11460.34890000003,-10302.294650000023
2025-03-07T13:26:12.000000,1158.0542499999958,-11584.12485000003,-10426.070600000023
2025-03-07T13:26:17.000000,1158.0542499999958,-11633.21115000003,-10475.156900000024
2025-03-07T13:26:22.000000,1158.0542499999958,-11688.29835000003,-10530.244100000024
2025-03-07T13:26:27.000000,1158.0542499999958,-11696.13835000003,-10538.084100000024
2025-03-07T13:26:32.000000,1158.0542499999958,-11751.22075000003,-10593.166500000023
2025-03-07T13:26:32.000000,1158.0542499999958,-11759.05515000003,-10601.000900000023
2025-03-07T13:26:32.000000,1158.0542499999958,-11765.695150000029,-10607.640900000022
2025-03-07T13:26:37.000000,1158.0542499999958,-11905.933500000028,-10747.879250000022
2025-03-07T13:26:37.000000,1158.0542499999958,-11955.015000000029,-10796.960750000022
2025-03-07T13:26:42.000000,1158.0542499999958,-12010.092600000029,-10852.038350000023
2025-03-07T13:26:47.000000,1158.0542499999958,-12101.351600000029,-10943.297350000023
2025-03-07T13:26:47.000000,1158.0542499999958,-12123.182500000028,-10965.128250000022
2025-03-07T13:26:52.000000,1158.0542499999958,-12193.443950000028,-11035.389700000022
2025-03-07T13:26:52.000000,1158.0542499999958,-12208.072350000028,-11050.018100000021
2025-03-07T13:26:57.000000,1158.0542499999958,-12250.335200000027,-11092.28095000002
2025-03-07T13:26:57.000000,1158.0542499999958,-12287.414900000027,-11129.36065000002
2025-03-07T13:27:12.000000,1158.0542499999958,-12385.624550000028,-11227.570300000021
2025-03-07T13:27:12.000000,1158.0542499999958,-12410.702450000028,-11252.648200000021
2025-03-07T13:27:22.000000,1158.0542499999958,-12557.885850000028,-11399.831600000021
2025-03-07T13:27:37.000000,1158.0542499999958,-12588.964650000029,-11430.910400000022
2025-03-07T13:28:02.000000,1158.0542499999958,-12602.050350000029,-11443.996100000022
2025-03-07T13:28:02.000000,1158.0542499999958,-12569.986750000027,-11411.93250000002
2025-03-07T13:28:07.000000,1158.0542499999958,-12545.917950000026,-11387.86370000002
2025-03-07T13:28:12.000000,1158.0542499999958,-12529.837550000026,-11371.78330000002
2025-03-07T13:28:17.000000,1158.0542499999958,-12518.948450000025,-11360.894200000019
2025-03-07T13:28:17.000000,1158.0542499999958,-12518.864050000024,-11360.809800000017
2025-03-07T13:28:27.000000,1158.0542499999958,-12575.084200000025,-11417.029950000018
2025-03-07T13:28:27.000000,1158.0542499999958,-12564.195100000024,-11406.140850000018
2025-03-07T13:28:32.000000,1158.0542499999958,-12534.756100000026,-11376.70185000002
2025-03-07T13:28:32.000000,1158.0542499999958,-12511.870000000026,-11353.81575000002
2025-03-07T13:28:37.000000,1158.0542499999958,-12488.983900000027,-11330.92965000002
2025-03-07T13:28:47.000000,1158.0542499999958,-12460.106500000027,-11302.05225000002
2025-03-07T13:28:52.000000,1158.0542499999958,-12425.228200000029,-11267.173950000022
2025-03-07T13:28:57.000000,1158.0542499999958,-12402.342100000029,-11244.287850000022
2025-03-07T13:29:07.000000,1158.0542499999958,-12397.439500000028,-11239.385250000021
2025-03-07T13:29:12.000000,1158.0542499999958,-12348.554300000027,-11190.50005000002
2025-03-07T13:29:17.000000,1158.0542499999958,-12348.816450000028,-11190.762200000021
2025-03-07T13:29:17.000000,1158.0542499999958,-12343.918650000027,-11185.86440000002
2025-03-07T13:29:22.000000,1158.0542499999958,-12125.576100000028,-10967.521850000021
2025-03-07T13:29:32.000000,1158.0542499999958,-12084.685700000027,-10926.63145000002
2025-03-07T13:29:42.000000,1158.0542499999958,-11968.262450000027,-10810.208200000021
2025-03-07T13:29:47.000000,1158.0542499999958,-11911.369650000028,-10753.315400000021
2025-03-07T13:29:52.000000,1158.0542499999958,-11820.354000000028,-10662.299750000022
2025-03-07T13:30:17.000000,1158.0542499999958,-11828.014800000028,-10669.960550000022
2025-03-07T13:30:17.000000,1158.0542499999958,-11709.320700000028,-10551.266450000021
2025-03-07T13:30:22.000000,1158.0542499999958,-11611.612950000028,-10453.558700000021
2025-03-07T13:30:27.000000,1158.0542499999958,-11541.887000000028,-10383.832750000021
2025-03-07T13:30:32.000000,1158.0542499999958,-11479.156500000028,-10321.102250000022
2025-03-07T13:30:37.000000,1158.0542499999958,-11409.41935000003,-10251.365100000023
2025-03-07T13:30:37.000000,1158.0542499999958,-11386.51885000003,-10228.464600000023
2025-03-07T13:30:42.000000,1158.0542499999958,-11316.78170000003,-10158.727450000024
2025-03-07T13:30:42.000000,1158.0542499999958,-11282.61540000003,-10124.561150000023
2025-03-07T13:30:47.000000,1158.0542499999958,-11219.86810000003,-10061.813850000024
2025-03-07T13:30:47.000000,1158.0542499999958,-11206.70495000003,-10048.650700000024
2025-03-07T13:30:52.000000,1158.0542499999958,-11171.81225000003,-10013.758000000023
2025-03-07T13:30:52.000000,1158.0542499999958,-11172.64000000003,-10014.585750000024
2025-03-07T13:30:57.000000,1158.0542499999958,-11137.74730000003,-9979.693050000024
2025-03-07T13:30:57.000000,1158.0542499999958,-11131.57400000003,-9973.519750000023
2025-03-07T13:31:32.000000,1158.0542499999958,-11120.675300000028,-9962.621050000022
2025-03-07T13:31:42.000000,1158.0542499999958,-10966.970350000029,-9808.91610000002
2025-03-07T13:31:47.000000,1158.0542499999958,-10820.260850000028,-9662.20660000002
2025-03-07T13:31:52.000000,1158.0542499999958,-10680.546800000027,-9522.492550000019
2025-03-07T13:33:17.000000,1158.0542499999958,-10663.426400000028,-9505.37215000002
2025-03-07T13:34:12.000000,1158.0542499999958,-10643.094200000027,-9485.039950000019
2025-03-07T13:34:22.000000,1158.0542499999958,-10622.762000000026,-9464.707750000018
2025-03-07T13:34:52.000000,1158.0542499999958,-10880.579500000025,-9722.525250000017
2025-03-07T13:35:17.000000,1158.0542499999958,-11153.395250000023,-9995.341000000015
2025-03-07T13:36:37.000000,1192.8477499999963,-11153.395250000023,-9960.547500000015
2025-03-07T13:36:42.000000,1227.6356499999965,-11153.395250000023,-9925.759600000014
2025-03-07T13:36:47.000000,1255.422499999997,-11153.395250000023,-9897.972750000014
2025-03-07T13:36:57.000000,1283.2093499999974,-11153.395250000023,-9870.185900000013
2025-03-07T13:37:12.000000,1283.2093499999974,-11191.311750000023,-9908.102400000012
2025-03-07T13:37:17.000000,1283.2093499999974,-11224.223500000024,-9941.014150000014
2025-03-07T13:37:27.000000,1283.2093499999974,-11277.118250000023,-9993.908900000013
2025-03-07T13:37:37.000000,1283.2093499999974,-11325.000250000023,-10041.790900000013
2025-03-07T13:37:42.000000,1283.2093499999974,-11387.872500000023,-10104.663150000013
2025-03-07T13:39:22.000000,1283.2093499999974,-11280.839250000023,-9997.629900000013
2025-03-07T13:39:27.000000,1283.2093499999974,-11168.809250000024,-9885.599900000014
2025-03-07T13:39:32.000000,1283.2093499999974,-11076.770250000025,-9793.560900000015
2025-03-07T13:39:37.000000,1283.2093499999974,-10984.731250000026,-9701.521900000016
2025-03-07T13:39:47.000000,1283.2093499999974,-10897.681000000026,-9614.471650000016
2025-03-07T13:39:57.000000,1283.2093499999974,-10835.504900000025,-9552.295550000015
2025-03-07T13:40:12.000000,1283.2093499999974,-10718.466150000026,-9435.256800000016
2025-03-07T13:40:27.000000,1283.2093499999974,-10601.423400000025,-9318.214050000015
2025-03-07T13:40:32.000000,1283.2093499999974,-10479.387900000025,-9196.178550000015
2025-03-07T13:40:42.000000,1283.2093499999974,-10377.335400000025,-9094.126050000015
2025-03-07T13:40:47.000000,1283.2093499999974,-10270.282150000025,-8987.072800000014
2025-03-07T13:40:52.000000,1283.2093499999974,-10168.225650000024,-8885.016300000014
2025-03-07T13:44:42.000000,1275.3397499999974,-10168.225650000024,-8892.885900000014
2025-03-07T13:45:17.000000,1195.4737499999974,-10168.225650000024,-8972.751900000014
2025-03-07T13:45:22.000000,1160.3799499999968,-10168.225650000024,-9007.845700000014
2025-03-07T13:45:27.000000,1118.2906999999964,-10168.225650000024,-9049.934950000015
2025-03-07T13:45:32.000000,1069.200399999996,-10168.225650000024,-9099.025250000015
2025-03-07T13:45:47.000000,992.1114999999963,-10168.225650000024,-9176.114150000016
2025-03-07T13:45:52.000000,949.664499999996,-10168.225650000024,-9218.561150000016
2025-03-07T13:45:52.000000,905.7102999999946,-10168.225650000024,-9262.515350000018
2025-03-07T13:45:57.000000,854.273949999994,-10168.225650000024,-9313.951700000018
2025-03-07T13:46:02.000000,814.8369999999942,-10168.225650000024,-9353.388650000017
2025-03-07T13:47:17.000000,765.2482999999951,-10168.225650000024,-9402.977350000016
2025-03-07T13:47:52.000000,765.2482999999951,-9867.885050000024,-9102.636750000016
2025-03-07T13:48:07.000000,765.154149999995,-9867.885050000024,-9102.730900000017
2025-03-07T13:48:32.000000,737.0725999999954,-9867.885050000024,-9130.812450000016
2025-03-07T13:48:42.000000,694.9945499999961,-9867.885050000024,-9172.890500000016
2025-03-07T13:48:52.000000,694.9945499999961,-9765.736550000023,-9070.742000000015
2025-03-07T13:48:57.000000,694.9945499999961,-9668.584800000022,-8973.590250000014
2025-03-07T13:49:37.000000,664.5877499999956,-9668.584800000022,-9003.997050000014
2025-03-07T13:50:17.000000,631.8079999999952,-9668.584800000022,-9036.776800000014
2025-03-07T13:50:32.000000,609.0297499999964,-9668.584800000022,-9059.555050000014
2025-03-07T13:50:32.000000,646.4827499999961,-9668.584800000022,-9022.102050000014
2025-03-07T13:50:37.000000,638.7771499999961,-9668.584800000022,-9029.807650000013
2025-03-07T13:50:37.000000,676.2301499999959,-9668.584800000022,-8992.354650000014
2025-03-07T13:50:42.000000,628.4481499999968,-9668.584800000022,-9040.136650000013
2025-03-07T13:50:42.000000,665.897949999998,-9668.584800000022,-9002.686850000013
2025-03-07T13:50:52.000000,662.4521499999972,-9668.584800000022,-9006.132650000014
2025-03-07T13:50:57.000000,683.9091499999973,-9668.584800000022,-8984.675650000014
2025-03-07T13:51:02.000000,713.3609499999973,-9668.584800000022,-8955.223850000013
2025-03-07T13:51:07.000000,746.8101499999979,-9668.584800000022,-8921.774650000012
2025-03-07T13:51:17.000000,788.2573499999983,-9668.584800000022,-8880.327450000012
2025-03-07T13:51:22.000000,809.1551499999977,-9668.584800000022,-8859.429650000013
2025-03-07T13:55:42.000000,809.1551499999977,-9751.149800000023,-8941.994650000013
2025-03-07T13:55:47.000000,809.1551499999977,-9716.681100000023,-8907.525950000014
2025-03-07T13:55:57.000000,809.1551499999977,-9743.260100000023,-8934.104950000014
2025-03-07T13:56:02.000000,809.1551499999977,-9759.258100000023,-8950.102950000013
2025-03-07T13:56:07.000000,809.1551499999977,-9740.188450000023,-8931.033300000014
2025-03-07T13:56:12.000000,809.1551499999977,-9730.120150000024,-8920.965000000015
2025-03-07T13:56:17.000000,809.1551499999977,-9729.046000000024,-8919.890850000014
2025-03-07T13:56:22.000000,809.1551499999977,-9736.966000000024,-8927.810850000014
2025-03-07T13:57:17.000000,809.1551499999977,-9773.745700000025,-8964.590550000015
2025-03-07T13:57:42.000000,809.1551499999977,-9752.887100000025,-8943.731950000016
2025-03-07T13:57:47.000000,809.1551499999977,-9725.033050000025,-8915.877900000016
2025-03-07T13:57:57.000000,809.1551499999977,-9683.176900000026,-8874.021750000016
2025-03-07T13:58:02.000000,809.1551499999977,-9641.320750000026,-8832.165600000017
2025-03-07T13:58:07.000000,809.1551499999977,-9599.459000000026,-8790.303850000017
2025-03-07T13:58:12.000000,809.1551499999977,-9557.597250000026,-8748.442100000017
2025-03-07T13:58:17.000000,809.1551499999977,-9515.735500000026,-8706.580350000017
2025-03-07T13:58:22.000000,809.1551499999977,-9473.873750000026,-8664.718600000017
2025-03-07T13:58:22.000000,809.1551499999977,-9474.664850000026,-8665.509700000017
2025-03-07T13:58:22.000000,809.1551499999977,-9532.078100000026,-8722.922950000016
2025-03-07T13:58:27.000000,809.1551499999977,-9497.211800000026,-8688.056650000017
2025-03-07T13:58:32.000000,809.1551499999977,-9462.345500000027,-8653.190350000017
2025-03-07T13:58:37.000000,809.1551499999977,-9434.474650000026,-8625.319500000016
2025-03-07T13:58:37.000000,809.1551499999977,-9429.264850000025,-8620.109700000015
2025-03-07T13:58:42.000000,809.1551499999977,-9408.389450000024,-8599.234300000015
2025-03-07T13:58:47.000000,809.1551499999977,-9394.509500000024,-8585.354350000014
2025-03-07T13:58:52.000000,809.1551499999977,-9450.055900000025,-8640.900750000015
2025-03-07T14:00:57.000000,809.1551499999977,-9411.531550000023,-8602.376400000014
2025-03-07T14:01:07.000000,809.1551499999977,-9364.008250000023,-8554.853100000013
2025-03-07T14:01:07.000000,809.1551499999977,-9296.881000000021,-8487.725850000012
2025-03-07T14:01:12.000000,809.1551499999977,-9306.311050000022,-8497.155900000012
2025-03-07T14:01:17.000000,809.1551499999977,-9261.783400000022,-8452.628250000012
2025-03-07T14:01:32.000000,809.1551499999977,-9268.213000000022,-8459.057850000012
2025-03-07T14:01:37.000000,809.1551499999977,-9265.442050000021,-8456.286900000012
2025-03-07T14:02:12.000000,809.1551499999977,-9193.23805000002,-8384.08290000001
2025-03-07T14:02:17.000000,809.1551499999977,-9121.034050000018,-8311.878900000009
2025-03-07T14:02:22.000000,809.1551499999977,-9106.462900000019,-8297.307750000009
2025-03-07T14:02:32.000000,809.1551499999977,-9097.782100000019,-8288.626950000009
2025-03-07T14:02:47.000000,711.3056499999982,-9097.782100000019,-8386.47645000001
2025-03-07T14:02:52.000000,643.4606499999982,-9097.782100000019,-8454.321450000009
2025-03-07T14:02:57.000000,643.4606499999982,-9071.21395000002,-8427.75330000001
2025-03-07T14:03:02.000000,560.6373999999971,-9071.21395000002,-8510.57655000001
2025-03-07T14:03:02.000000,560.6373999999971,-9035.649250000019,-8475.01185000001
2025-03-07T14:03:12.000000,447.8216499999967,-9035.649250000019,-8587.82760000001
2025-03-07T14:03:12.000000,447.8216499999967,-8994.083650000019,-8546.26200000001
2025-03-07T14:03:22.000000,447.8216499999967,-8955.516100000019,-8507.69445000001
2025-03-07T14:03:32.000000,447.8216499999967,-8907.949600000018,-8460.12795000001
2025-03-07T14:03:52.000000,447.8216499999967,-8866.381600000019,-8418.55995000001
2025-03-07T14:03:57.000000,447.8216499999967,-8827.814050000019,-8379.99240000001
2025-03-07T14:04:32.000000,447.8216499999967,-8415.719050000018,-7967.89740000001
2025-03-07T14:06:17.000000,447.8216499999967,-8363.654050000017,-7915.83240000001
2025-03-07T14:08:32.000000,447.8216499999967,-8347.052050000018,-7899.23040000001
2025-03-07T14:08:57.000000,485.040399999997,-8347.052050000018,-7862.01165000001
2025-03-07T14:09:02.000000,537.2613999999971,-8347.052050000018,-7809.79065000001
2025-03-07T14:09:02.000000,537.2613999999971,-8342.442250000018,-7805.18085000001
2025-03-07T14:09:07.000000,634.4891499999976,-8342.442250000018,-7707.95310000001
2025-03-07T14:09:12.000000,731.7168999999981,-8342.442250000018,-7610.72535000001
2025-03-07T14:09:17.000000,828.9566499999985,-8342.442250000018,-7513.485600000009
2025-03-07T14:09:22.000000,926.2083999999976,-8342.442250000018,-7416.23385000001
2025-03-07T14:09:27.000000,1068.4548999999984,-8342.442250000018,-7273.9873500000085
2025-03-07T14:09:32.000000,1210.7133999999978,-8342.442250000018,-7131.728850000009
2025-03-07T14:09:37.000000,1382.964399999998,-8342.442250000018,-6959.477850000008
2025-03-07T14:09:42.000000,1570.229649999998,-8342.442250000018,-6772.212600000009
2025-03-07T14:09:47.000000,1787.4993999999972,-8342.442250000018,-6554.9428500000095
2025-03-07T14:09:52.000000,2019.771399999996,-8342.442250000018,-6322.67085000001
2025-03-07T14:10:02.000000,2267.045649999996,-8342.442250000018,-6075.396600000011
2025-03-07T14:10:07.000000,2514.319899999996,-8342.442250000018,-5828.1223500000115
2025-03-07T14:10:12.000000,2701.585149999996,-8342.442250000018,-5640.857100000012
2025-03-07T14:10:17.000000,2828.8533999999954,-8342.442250000018,-5513.588850000012
2025-03-07T14:10:47.000000,2832.954399999995,-8342.442250000018,-5509.487850000012
2025-03-07T14:11:07.000000,2832.954399999995,-8417.867800000018,-5584.913400000012
2025-03-07T14:11:47.000000,2937.8703999999952,-8417.867800000018,-5479.997400000012
2025-03-07T14:11:52.000000,3035.7909499999955,-8417.867800000018,-5382.076850000012
2025-03-07T14:11:57.000000,3133.711499999996,-8417.867800000018,-5284.156300000012
2025-03-07T14:12:02.000000,3217.635549999995,-8417.867800000018,-5200.232250000013
2025-03-07T14:12:17.000000,3301.559599999994,-8417.867800000018,-5116.308200000013
2025-03-07T14:14:22.000000,3301.559599999994,-8340.524000000018,-5038.964400000013
2025-03-07T14:14:32.000000,3301.559599999994,-8275.169200000018,-4973.6096000000125
2025-03-07T14:14:37.000000,3301.559599999994,-8209.811200000018,-4908.251600000012
2025-03-07T14:14:42.000000,3308.789849999993,-8209.811200000018,-4901.021350000014
2025-03-07T14:14:42.000000,3308.789849999993,-8140.455800000018,-4831.665950000013
2025-03-07T14:15:37.000000,3318.2546499999926,-8140.455800000018,-4822.2011500000135
2025-03-07T14:15:37.000000,3323.7188499999916,-8140.455800000018,-4816.736950000014
2025-03-07T14:15:47.000000,3325.1824499999916,-8140.455800000018,-4815.273350000014
2025-03-07T14:17:17.000000,3325.1824499999916,-8126.547850000018,-4801.365400000014
2025-03-07T14:17:27.000000,3325.1824499999916,-8112.634300000019,-4787.451850000015
2025-03-07T14:18:32.000000,3325.1824499999916,-8085.323450000018,-4760.141000000014
2025-03-07T14:20:22.000000,3286.656049999991,-8085.323450000018,-4798.667400000015
2025-03-07T14:20:52.000000,3286.656049999991,-8093.272250000018,-4806.616200000015
2025-03-07T14:23:22.000000,3300.1374499999897,-8093.272250000018,-4793.134800000016
2025-03-07T14:23:32.000000,3313.62204999999,-8093.272250000018,-4779.6502000000155
2025-03-07T14:27:12.000000,3313.62204999999,-8022.114950000017,-4708.492900000015
2025-03-07T14:27:42.000000,3313.62204999999,-7968.8955500000175,-4655.273500000015
2025-03-07T14:27:52.000000,3313.62204999999,-7951.669550000017,-4638.047500000014
2025-03-07T14:28:27.000000,3313.62204999999,-7940.487650000016,-4626.865600000014
2025-03-07T14:28:57.000000,3313.62204999999,-7931.413250000015,-4617.791200000012
2025-03-07T14:29:02.000000,3313.62204999999,-7918.341450000014,-4604.719400000012
2025-03-07T14:29:02.000000,3313.62204999999,-7895.1985500000155,-4581.576500000013
2025-03-07T14:29:17.000000,3313.62204999999,-7886.120950000016,-4572.498900000013
2025-03-07T14:29:17.000000,3313.62204999999,-7838.967250000015,-4525.3452000000125
2025-03-07T14:29:27.000000,3313.62204999999,-7809.787450000015,-4496.165400000013
2025-03-07T14:29:42.000000,3313.62204999999,-7777.600000000016,-4463.977950000013
2025-03-07T14:31:17.000000,3290.963799999989,-7777.600000000016,-4486.6362000000145
2025-03-07T14:31:22.000000,3290.963799999989,-7727.4458500000155,-4436.482050000014
2025-03-07T14:31:32.000000,3290.963799999989,-7698.273250000017,-4407.309450000015
2025-03-07T14:31:37.000000,3290.963799999989,-7678.094800000016,-4387.131000000015
2025-03-07T14:31:42.000000,3290.963799999989,-7669.908550000016,-4378.944750000014
2025-03-07T14:31:47.000000,3328.3265499999893,-7669.908550000016,-4341.582000000014
2025-03-07T14:31:47.000000,3328.3265499999893,-7670.721250000016,-4342.394700000014
2025-03-07T14:31:52.000000,3350.6870499999886,-7670.721250000016,-4320.034200000015
2025-03-07T14:31:52.000000,3350.6870499999886,-7683.530950000016,-4332.843900000014
2025-03-07T14:31:57.000000,3388.049799999989,-7683.530950000016,-4295.481150000014
2025-03-07T14:32:02.000000,3425.4245499999893,-7683.530950000016,-4258.106400000014
2025-03-07T14:32:02.000000,3425.4245499999893,-7705.332400000015,-4279.907850000013
2025-03-07T14:32:07.000000,3425.4245499999893,-7736.128000000014,-4310.703450000013
2025-03-07T14:32:22.000000,3425.4245499999893,-7781.916250000014,-4356.491700000012
2025-03-07T14:32:27.000000,3411.4010999999896,-7781.916250000014,-4370.515150000012
2025-03-07T14:32:57.000000,3372.0865499999886,-7781.916250000014,-4409.829700000013
2025-03-07T14:32:57.000000,3444.6297499999882,-7781.916250000014,-4337.286500000013
2025-03-07T14:33:07.000000,3437.6185499999883,-7781.916250000014,-4344.297700000013
2025-03-07T14:33:07.000000,3550.1613499999885,-7781.916250000014,-4231.754900000013
2025-03-07T14:33:12.000000,3670.705349999989,-7781.916250000014,-4111.210900000013
2025-03-07T14:33:22.000000,3711.230949999988,-7781.916250000014,-4070.6853000000137
2025-03-07T14:33:57.000000,3711.230949999988,-7833.753400000013,-4122.522450000013
2025-03-07T14:34:07.000000,3656.9381499999877,-7833.753400000013,-4176.815250000013
2025-03-07T14:34:22.000000,3656.9381499999877,-7841.4590000000135,-4184.5208500000135
2025-03-07T14:34:42.000000,3611.781099999987,-7841.4590000000135,-4229.677900000014
2025-03-07T14:35:57.000000,3478.840599999986,-7841.4590000000135,-4362.618400000016
2025-03-07T14:36:17.000000,3478.840599999986,-8238.331100000014,-4759.490500000016
2025-03-07T14:36:37.000000,3478.840599999986,-8527.179800000014,-5048.339200000017
2025-03-07T14:36:37.000000,3478.840599999986,-8819.026550000015,-5340.185950000016
2025-03-07T14:38:12.000000,3479.4593999999856,-8819.026550000015,-5339.567150000016
2025-03-07T14:38:17.000000,3457.908499999986,-8819.026550000015,-5361.1180500000155
2025-03-07T14:38:22.000000,3462.5278999999864,-8819.026550000015,-5356.498650000015
2025-03-07T14:38:32.000000,3474.636499999987,-8819.026550000015,-5344.3900500000145
2025-03-07T14:38:37.000000,3453.085599999987,-8819.026550000015,-5365.940950000014
2025-03-07T14:38:42.000000,3460.371849999986,-8819.026550000015,-5358.654700000015
2025-03-07T14:38:57.000000,3460.9938499999857,-8819.026550000015,-5358.032700000015
2025-03-07T14:39:12.000000,3439.442949999986,-8819.026550000015,-5379.5836000000145
2025-03-07T14:39:12.000000,3529.802449999985,-8819.026550000015,-5289.224100000015
2025-03-07T14:39:17.000000,3547.2844499999846,-8819.026550000015,-5271.742100000016
2025-03-07T14:39:32.000000,3560.772249999985,-8819.026550000015,-5258.254300000016
2025-03-07T14:39:47.000000,3578.2606499999843,-8819.026550000015,-5240.765900000017
2025-03-07T14:39:52.000000,3595.7490499999835,-8819.026550000015,-5223.277500000017
2025-03-07T14:40:02.000000,3609.240049999984,-8819.026550000015,-5209.786500000017
2025-03-07T14:40:22.000000,3961.386049999983,-8819.026550000015,-4857.640500000019
2025-03-07T14:40:27.000000,4041.399249999982,-8819.026550000015,-4777.627300000019
2025-03-07T14:40:42.000000,4137.414849999981,-8819.026550000015,-4681.61170000002
2025-03-07T14:40:47.000000,4639.475349999981,-8819.026550000015,-4179.551200000021
2025-03-07T14:40:47.000000,4624.97494999998,-8819.026550000015,-4194.051600000022
2025-03-07T14:40:57.000000,4624.97494999998,-8562.134150000016,-3937.159200000022
2025-03-07T14:41:02.000000,4705.00094999998,-8562.134150000016,-3857.1332000000225
2025-03-07T14:41:02.000000,4705.00094999998,-8281.252550000016,-3576.2516000000223
2025-03-07T14:41:07.000000,4705.00094999998,-7991.3768000000155,-3286.3758500000217
2025-03-07T14:41:17.000000,4761.0233499999795,-7991.3768000000155,-3230.353450000022
2025-03-07T14:41:17.000000,5338.03509999998,-7991.3768000000155,-2653.341700000021
2025-03-07T14:41:22.000000,5386.06269999998,-7991.3768000000155,-2605.3141000000205
2025-03-07T14:41:27.000000,5442.08509999998,-7991.3768000000155,-2549.2917000000207
2025-03-07T14:41:32.000000,5794.25509999998,-7991.3768000000155,-2197.12170000002
2025-03-07T14:41:57.000000,5996.49859999998,-7991.3768000000155,-1994.8782000000206
2025-03-07T14:42:12.000000,5960.956799999981,-7991.3768000000155,-2030.42000000002
2025-03-07T14:42:12.000000,6193.18079999998,-7991.3768000000155,-1798.1960000000213
2025-03-07T14:42:17.000000,6425.3927999999805,-7991.3768000000155,-1565.984000000021
2025-03-07T14:42:27.000000,6717.565799999981,-7991.3768000000155,-1273.8110000000208
2025-03-07T14:43:02.000000,6979.734299999982,-7991.3768000000155,-1011.6425000000199
2025-03-07T14:43:22.000000,7136.947049999981,-7991.3768000000155,-854.4297500000208
2025-03-07T14:43:27.000000,7136.947049999981,-7963.272200000014,-826.3251500000194
2025-03-07T14:43:32.000000,7136.947049999981,-7935.172400000015,-798.2253500000202
2025-03-07T14:43:37.000000,7136.947049999981,-7913.068700000014,-776.1216500000197
2025-03-07T14:43:42.000000,7136.947049999981,-7896.961100000015,-760.0140500000202
2025-03-07T14:43:42.000000,7136.947049999981,-7745.007650000015,-608.0606000000199
2025-03-07T14:43:47.000000,7136.947049999981,-7716.9030500000135,-579.9560000000185
2025-03-07T14:43:52.000000,7136.947049999981,-7694.794550000013,-557.8475000000182
2025-03-07T14:43:57.000000,7136.947049999981,-7672.690850000013,-535.7438000000177
2025-03-07T14:43:57.000000,7136.947049999981,-7651.714650000012,-514.7676000000171
2025-03-07T14:44:02.000000,7136.947049999981,-7629.610950000011,-492.66390000001667
2025-03-07T14:44:02.000000,7136.947049999981,-7608.640350000011,-471.693300000016
2025-03-07T14:44:07.000000,7136.947049999981,-7586.53665000001,-449.5896000000156
2025-03-07T14:44:07.000000,7136.947049999981,-7401.58785000001,-264.6408000000154
2025-03-07T14:44:12.000000,7136.947049999981,-7373.488050000011,-236.5410000000162
2025-03-07T14:44:12.000000,7136.947049999981,-7253.14245000001,-116.19540000001608
2025-03-07T14:44:17.000000,7136.947049999981,-7231.03875000001,-94.09170000001565
2025-03-07T14:44:17.000000,7136.947049999981,-7217.07480000001,-80.12775000001609
2025-03-07T14:44:17.000000,7136.947049999981,-7238.73210000001,-101.78505000001579
2025-03-07T14:44:22.000000,7136.947049999981,-7222.624500000011,-85.67745000001631
2025-03-07T14:44:22.000000,7136.947049999981,-7094.284100000011,42.662949999983624
2025-03-07T14:44:22.000000,7136.947049999981,-6939.306200000011,197.64084999998337
2025-03-07T14:44:27.000000,7136.947049999981,-6917.20250000001,219.7445499999838
2025-03-07T14:44:27.000000,7136.947049999981,-6928.089500000011,208.85754999998318
2025-03-07T14:44:27.000000,7136.947049999981,-6928.122050000011,208.82499999998302
2025-03-07T14:44:27.000000,7136.947049999981,-6807.7828500000105,329.1641999999831
2025-03-07T14:44:32.000000,7136.947049999981,-6703.43325000001,433.5137999999836
2025-03-07T14:44:37.000000,7136.947049999981,-6687.325650000011,449.62139999998305
2025-03-07T14:44:37.000000,7136.947049999981,-6698.212650000011,438.73439999998243
2025-03-07T14:44:37.000000,7136.947049999981,-6593.85025000001,543.0967999999829
2025-03-07T14:44:42.000000,7136.947049999981,-6505.477450000011,631.4695999999823
2025-03-07T14:44:47.000000,7136.947049999981,-6498.503350000012,638.443699999982
2025-03-07T14:44:52.000000,7136.947049999981,-6505.525750000012,631.421299999982
2025-03-07T14:44:52.000000,7136.947049999981,-6465.121750000011,671.8252999999825
2025-03-07T14:44:57.000000,7136.947049999981,-6472.144150000011,664.8028999999825
2025-03-07T14:44:57.000000,7136.947049999981,-6431.727350000012,705.2196999999815
2025-03-07T14:45:02.000000,7115.407349999981,-6431.727350000012,683.6799999999818
2025-03-07T14:45:02.000000,7115.407349999981,-6445.745200000012,669.6621499999819
2025-03-07T14:45:02.000000,7115.407349999981,-6393.620200000012,721.7871499999819
2025-03-07T14:45:02.000000,7115.407349999981,-6356.485450000012,758.9218999999823
2025-03-07T14:48:32.000000,7115.407349999981,-6432.331000000012,683.0763499999822
2025-03-10T09:50:32.000000,7115.407349999981,-6384.0538000000115,731.3535499999824
2025-03-10T09:50:37.000000,7115.407349999981,-6375.763400000012,739.643949999982
2025-03-10T09:50:52.000000,7115.407349999981,-6399.445800000011,715.9615499999824
2025-03-10T09:57:42.000000,7115.407349999981,-6377.089300000011,738.3180499999835
2025-03-10T10:00:02.000000,7115.407349999981,-6296.167300000011,819.2400499999831
2025-03-10T10:00:59.000000,7115.407349999981,-6278.826100000011,836.5812499999826
2025-03-10T10:03:17.000000,7115.407349999981,-6356.687800000012,758.7195499999816
2025-03-10T10:06:12.000000,7227.777349999981,-6356.687800000012,871.089549999982
2025-03-10T10:06:22.000000,7284.151749999981,-6356.687800000012,927.463949999982
2025-03-10T10:06:32.000000,7273.719149999982,-6356.687800000012,917.0313499999828
2025-03-10T10:06:47.000000,7267.290349999982,-6356.687800000012,910.6025499999828
2025-03-10T10:06:57.000000,7267.290349999982,-6294.584500000012,972.7058499999838
2025-03-10T10:06:57.000000,7256.864149999983,-6294.584500000012,962.2796499999846
2025-03-10T10:07:02.000000,7250.4385499999835,-6294.584500000012,955.8540499999846
2025-03-10T10:07:22.000000,7250.4385499999835,-6246.483300000012,1003.9552499999846
2025-03-10T10:07:27.000000,7250.4385499999835,-6212.384200000011,1038.0543499999849
2025-03-10T10:07:37.000000,7250.4385499999835,-6164.283000000011,1086.155549999985
2025-03-10T10:07:37.000000,7227.255349999984,-6164.283000000011,1062.9723499999852
2025-03-10T10:07:42.000000,7227.255349999984,-6116.181800000011,1111.0735499999853
2025-03-10T10:07:47.000000,7227.255349999984,-6068.091800000011,1159.1635499999854
2025-03-10T10:07:57.000000,7227.255349999984,-6047.99480000001,1179.260549999986
2025-03-10T10:08:02.000000,7227.255349999984,-5999.89360000001,1227.3617499999862
2025-03-10T10:08:12.000000,7227.255349999984,-5979.785400000011,1247.4699499999856
2025-03-10T10:08:12.000000,7294.574599999984,-5979.785400000011,1314.7891999999854
2025-03-10T10:08:22.000000,7294.574599999984,-5945.675100000011,1348.8994999999845
2025-03-10T10:08:27.000000,7294.574599999984,-5939.557800000011,1355.0167999999842
2025-03-10T10:08:32.000000,7294.574599999984,-5933.4405000000115,1361.1340999999838
2025-03-10T10:08:52.000000,7331.8773499999825,-5933.4405000000115,1398.4368499999828
2025-03-10T10:09:32.000000,7331.8773499999825,-5913.2644500000115,1418.6128999999828
2025-03-10T10:09:37.000000,7331.8773499999825,-5890.090350000011,1441.7869999999832
2025-03-10T10:10:17.000000,7331.8773499999825,-5893.901100000012,1437.9762499999827
2025-03-10T10:11:42.000000,7331.8773499999825,-5901.312300000011,1430.5650499999826
2025-03-10T10:12:07.000000,7324.396549999982,-5901.312300000011,1423.0842499999826
2025-03-10T10:13:12.000000,7262.900449999982,-5901.312300000011,1361.588149999982
2025-03-10T10:13:17.000000,7183.401649999982,-5901.312300000011,1282.089349999982
2025-03-10T10:14:27.000000,7175.877649999981,-5901.312300000011,1274.5653499999821
2025-03-10T10:15:12.000000,7177.369399999981,-5901.312300000011,1276.057099999982
2025-03-10T10:15:17.000000,7178.868349999982,-5901.312300000011,1277.556049999982
2025-03-10T10:15:52.000000,7216.365499999981,-5901.312300000011,1315.053199999981
2025-03-10T10:16:07.000000,7244.86849999998,-5901.312300000011,1343.5561999999802
2025-03-10T10:16:22.000000,7255.368799999979,-5901.312300000011,1354.05649999998
2025-03-10T10:16:32.000000,7265.876299999979,-5901.312300000011,1364.5639999999796
2025-03-10T10:16:37.000000,7267.389649999979,-5901.312300000011,1366.0773499999793
2025-03-10T10:16:42.000000,7250.900299999979,-5901.312300000011,1349.5879999999795
2025-03-10T10:16:47.000000,7225.41679999998,-5901.312300000011,1324.10449999998
2025-03-10T10:17:17.000000,7208.92744999998,-5901.312300000011,1307.61514999998
2025-03-10T10:17:22.000000,7192.43809999998,-5901.312300000011,1291.1257999999802
2025-03-10T10:17:42.000000,7175.9487499999805,-5901.312300000011,1274.6364499999804
2025-03-10T10:20:57.000000,7175.9487499999805,-5866.155600000012,1309.7931499999795
2025-03-10T10:20:57.000000,7175.9487499999805,-5833.9969500000125,1341.9517999999791
2025-03-10T10:21:02.000000,7175.9487499999805,-5786.843250000012,1389.10549999998
2025-03-10T10:21:07.000000,7175.9487499999805,-5742.692400000013,1433.2563499999796
2025-03-10T10:21:12.000000,7175.9487499999805,-5698.541550000014,1477.4071999999792
2025-03-10T10:21:17.000000,7175.9487499999805,-5684.371200000014,1491.5775499999781
2025-03-10T10:22:17.000000,7182.14444999998,-5684.371200000014,1497.773249999978
2025-03-10T10:22:22.000000,7188.340149999979,-5684.371200000014,1503.9689499999777
2025-03-10T10:24:32.000000,7205.363899999978,-5684.371200000014,1520.9926999999761
2025-03-10T10:24:42.000000,7243.6626499999775,-5684.371200000014,1559.2914499999756
2025-03-10T10:26:47.000000,7243.6626499999775,-5799.203400000014,1444.4592499999758
2025-03-10T10:27:32.000000,7243.6626499999775,-5762.140650000014,1481.521999999976
2025-03-10T10:27:37.000000,7243.6626499999775,-5710.087650000014,1533.5749999999762
2025-03-10T10:28:07.000000,7271.410299999978,-5710.087650000014,1561.3226499999766
2025-03-10T10:28:12.000000,7299.157949999978,-5710.087650000014,1589.0702999999771
2025-03-10T10:28:12.000000,7299.157949999978,-5699.198550000015,1599.9593999999768
2025-03-10T10:28:17.000000,7326.905599999978,-5699.198550000015,1627.7070499999772
2025-03-10T10:28:17.000000,7326.905599999978,-5787.069900000014,1539.8356999999774
2025-03-10T10:28:22.000000,7333.655699999979,-5787.069900000014,1546.5857999999782
2025-03-10T10:28:22.000000,7333.655699999979,-5770.177500000014,1563.4781999999777
2025-03-10T10:28:27.000000,7333.655699999979,-5762.286450000015,1571.3692499999768
2025-03-10T10:28:32.000000,7333.655699999979,-5757.393450000015,1576.2622499999766
2025-03-10T10:28:37.000000,7333.404749999981,-5757.393450000015,1576.0112999999776
2025-03-10T10:28:52.000000,7333.404749999981,-5857.2666000000145,1476.138149999978
2025-03-10T10:28:57.000000,7333.404749999981,-5942.139900000015,1391.2648499999775
2025-03-10T10:29:12.000000,7333.404749999981,-5939.848950000014,1393.5557999999778
2025-03-10T10:29:22.000000,7333.404749999981,-5952.553050000014,1380.8516999999779
2025-03-10T10:29:27.000000,7333.404749999981,-6073.441350000015,1259.9633999999771
2025-03-10T10:29:27.000000,7333.404749999981,-6209.319900000015,1124.0848499999772
2025-03-10T10:29:27.000000,7333.404749999981,-6219.025950000015,1114.378799999978
2025-03-10T10:29:32.000000,7333.404749999981,-6222.733500000016,1110.6712499999774
2025-03-10T10:29:37.000000,7333.404749999981,-6232.441950000016,1100.9627999999768
2025-03-10T10:29:42.000000,7333.404749999981,-6245.150850000015,1088.253899999977
2025-03-10T10:29:47.000000,7333.404749999981,-6396.034050000016,937.3706999999769
2025-03-10T10:29:47.000000,7333.404749999981,-6408.742950000015,924.661799999977
2025-03-10T10:29:52.000000,7333.404749999981,-6416.560550000016,916.844199999977
2025-03-10T10:29:52.000000,7333.404749999981,-6426.269000000016,907.1357499999766
2025-03-10T10:30:02.000000,7333.404749999981,-6601.148600000015,732.256149999977
2025-03-10T10:30:02.000000,7333.404749999981,-6613.857500000015,719.5472499999771
2025-03-10T10:30:07.000000,7333.404749999981,-6782.736200000014,550.6685499999774
2025-03-10T10:32:02.000000,7333.404749999981,-6975.666500000013,357.73824999997817
2025-03-10T10:32:02.000000,7333.404749999981,-7168.596800000012,164.80794999997894
2025-03-10T10:32:07.000000,7333.404749999981,-7379.513000000012,-46.10825000002097
2025-03-10T10:32:12.000000,7333.404749999981,-7575.426950000012,-242.0222000000207
2025-03-10T10:32:42.000000,7333.404749999981,-7735.349900000012,-401.94515000002116
2025-03-10T10:32:42.000000,7333.404749999981,-7895.272850000012,-561.8681000000216
2025-03-10T10:32:47.000000,7333.404749999981,-8058.196250000012,-724.7915000000215
2025-03-10T10:32:52.000000,7333.404749999981,-8224.120100000013,-890.7153500000219
2025-03-10T10:33:17.000000,7520.39399999998,-8224.120100000013,-703.726100000022
2025-03-10T10:33:32.000000,7752.35399999998,-8224.120100000013,-471.76610000002177
2025-03-10T10:33:42.000000,8029.260749999981,-8224.120100000013,-194.8593500000212
2025-03-10T10:33:47.000000,8029.260749999981,-8285.064200000013,-255.80345000002112
2025-03-10T10:33:52.000000,8029.260749999981,-8364.001400000014,-334.74065000002173
2025-03-10T10:34:22.000000,8029.260749999981,-8445.934250000013,-416.6735000000217
2025-03-10T10:34:22.000000,8029.260749999981,-8521.871000000014,-492.61025000002184
2025-03-10T10:34:22.000000,8029.260749999981,-8582.817500000014,-553.5567500000218
2025-03-10T10:34:22.000000,8029.260749999981,-8637.767900000013,-608.5071500000219
2025-03-10T10:34:37.000000,8029.260749999981,-8683.721750000013,-654.4610000000226
2025-03-10T10:34:57.000000,8029.260749999981,-8693.696600000012,-664.435850000022
2025-03-10T10:35:02.000000,8029.260749999981,-8700.675800000012,-671.415050000022
2025-03-10T10:35:07.000000,8029.260749999981,-8701.661300000012,-672.4005500000221
2025-03-10T10:35:12.000000,8029.260749999981,-8708.640500000012,-679.3797500000221
2025-03-10T10:35:32.000000,8029.260749999981,-8730.626750000012,-701.3660000000223
2025-03-10T10:35:32.000000,8029.260749999981,-8758.609100000012,-729.3483500000224
2025-03-10T10:35:32.000000,8029.260749999981,-8795.585600000013,-766.3248500000228
2025-03-10T10:35:32.000000,8029.260749999981,-8838.558200000014,-809.2974500000231
2025-03-10T10:35:37.000000,8216.201999999981,-8838.558200000014,-622.3562000000233
2025-03-10T10:35:37.000000,8216.201999999981,-8896.525850000015,-680.3238500000238
2025-03-10T10:35:42.000000,8216.201999999981,-8966.490500000014,-750.288500000024
2025-03-10T10:35:57.000000,8216.201999999981,-9060.449150000015,-844.2471500000238
2025-03-10T10:35:57.000000,8216.201999999981,-9052.178900000015,-835.9769000000235
2025-03-10T10:36:07.000000,8216.201999999981,-9043.906250000016,-827.7042500000243
2025-03-10T10:36:17.000000,8216.201999999981,-9029.635100000016,-813.4331000000243
2025-03-10T10:36:27.000000,8216.201999999981,-9015.363950000015,-799.1619500000243
2025-03-10T10:36:32.000000,8216.201999999981,-9001.090400000016,-784.8884000000241
2025-03-10T10:36:42.000000,8216.201999999981,-8992.815350000015,-776.613350000024
2025-03-10T10:36:57.000000,8216.201999999981,-8979.103400000016,-762.9014000000244
2025-03-10T10:36:57.000000,8216.201999999981,-8905.142450000016,-688.9404500000245
2025-03-10T10:37:02.000000,8216.201999999981,-8877.439600000016,-661.237600000024
2025-03-10T10:37:07.000000,8216.201999999981,-8849.736750000016,-633.5347500000236
2025-03-10T10:37:07.000000,8216.201999999981,-8775.763800000017,-559.5618000000237
2025-03-10T10:37:12.000000,8216.201999999981,-8748.055350000017,-531.8533500000232
2025-03-10T10:37:17.000000,8216.201999999981,-8720.346900000017,-504.1449000000227
2025-03-10T10:37:17.000000,8216.201999999981,-8751.729700000018,-535.5277000000236
2025-03-10T10:37:27.000000,8216.201999999981,-8724.01565000002,-507.8136500000244
2025-03-10T10:37:32.000000,8216.201999999981,-8686.01930000002,-469.81730000002483
2025-03-10T10:38:02.000000,8216.201999999981,-8658.31085000002,-442.10885000002435
2025-03-10T10:38:12.000000,8216.201999999981,-8623.601350000019,-407.399350000024
2025-03-10T10:38:17.000000,8216.201999999981,-8595.88730000002,-379.68530000002477
2025-03-10T10:38:22.000000,8216.201999999981,-8568.173250000022,-351.9712500000255
2025-03-10T10:38:32.000000,8216.201999999981,-8547.454650000022,-331.2526500000261
2025-03-10T10:38:37.000000,8216.201999999981,-8533.731500000022,-317.52950000002653
2025-03-10T10:39:12.000000,8216.201999999981,-8429.364300000021,-213.16230000002645
2025-03-10T10:40:42.000000,8216.201999999981,-8282.890000000021,-66.688000000026
2025-03-10T10:41:17.000000,8216.201999999981,-8409.855200000022,-193.6532000000263
2025-03-10T10:41:22.000000,8216.201999999981,-8417.317600000022,-201.1156000000263
2025-03-10T10:43:02.000000,8216.201999999981,-8382.876100000021,-166.67410000002613
2025-03-10T10:43:02.000000,8216.201999999981,-8093.996500000022,122.20549999997323
2025-03-10T10:43:07.000000,8216.201999999981,-7801.119500000022,415.08249999997327
2025-03-10T10:43:12.000000,8216.201999999981,-7508.239300000022,707.9626999999732
2025-03-10T10:45:27.000000,8216.201999999981,-7407.295100000022,808.906899999973
2025-03-10T10:45:52.000000,8328.19199999998,-7407.295100000022,920.8968999999731
2025-03-10T10:45:57.000000,8380.18499999998,-7407.295100000022,972.8898999999718
2025-03-10T10:45:57.000000,8380.18499999998,-7294.339500000022,1085.8454999999722
2025-03-10T10:46:02.000000,8380.18499999998,-7181.377500000021,1198.8074999999724
2025-03-10T10:48:12.000000,8380.18499999998,-7174.868200000021,1205.3167999999732
2025-03-10T10:48:17.000000,8353.27319999998,-7174.868200000021,1178.404999999973
2025-03-10T10:48:47.000000,8354.36239999998,-7174.868200000021,1179.4941999999728
2025-03-10T10:49:52.000000,8354.36239999998,-7175.191950000021,1179.1704499999726
2025-03-10T10:50:27.000000,8354.36239999998,-7140.656050000022,1213.7063499999717
2025-03-10T10:50:42.000000,8354.36239999998,-7108.112450000021,1246.2499499999724
2025-03-10T10:52:22.000000,8354.36239999998,-7031.208650000021,1323.1537499999727
2025-03-10T10:52:47.000000,8354.36239999998,-7008.257750000021,1346.1046499999732
2025-03-10T10:54:32.000000,8354.36239999998,-6958.322000000021,1396.0403999999726
2025-03-10T10:56:07.000000,8354.36239999998,-6909.565600000021,1444.7967999999726
2025-03-10T10:56:17.000000,8354.36239999998,-6835.628650000021,1518.7337499999724
2025-03-10T10:56:32.000000,8354.36239999998,-6752.6951500000205,1601.6672499999727
2025-03-10T10:56:37.000000,8259.55239999998,-6752.6951500000205,1506.8572499999732
2025-03-10T10:56:37.000000,8259.55239999998,-6672.757300000021,1586.795099999973
2025-03-10T10:56:42.000000,8259.55239999998,-6598.815550000021,1660.736849999973
2025-03-10T10:56:47.000000,8251.66839999998,-6598.815550000021,1652.852849999973
2025-03-10T10:56:57.000000,8258.78664999998,-6598.815550000021,1659.9710999999727
2025-03-10T10:57:02.000000,8265.90489999998,-6598.815550000021,1667.0893499999725
2025-03-10T10:57:12.000000,8273.023149999979,-6598.815550000021,1674.2075999999722
2025-03-10T10:57:17.000000,8277.309749999979,-6598.815550000021,1678.4941999999712
2025-03-10T10:57:17.000000,8269.425749999979,-6598.815550000021,1670.6101999999712
2025-03-10T10:57:22.000000,8246.539499999979,-6598.815550000021,1647.7239499999714
2025-03-10T10:57:22.000000,8183.727899999979,-6598.815550000021,1584.9123499999712
2025-03-10T10:57:27.000000,8145.83939999998,-6598.815550000021,1547.0238499999718
2025-03-10T10:57:32.000000,8095.02319999998,-6598.815550000021,1496.207649999972
2025-03-10T10:58:12.000000,8116.18259999998,-6598.815550000021,1517.367049999972
2025-03-10T10:58:17.000000,8125.34019999998,-6598.815550000021,1526.5246499999716
2025-03-10T10:58:22.000000,8138.49199999998,-6598.815550000021,1539.676449999972
2025-03-10T10:58:27.000000,8147.6431999999795,-6598.815550000021,1548.8276499999715
2025-03-10T10:58:32.000000,8152.79379999998,-6598.815550000021,1553.978249999972
2025-03-10T10:58:37.000000,8161.93859999998,-6598.815550000021,1563.1230499999715
2025-03-10T10:59:37.000000,8161.93859999998,-6662.58075000002,1499.3578499999726
2025-03-10T11:03:22.000000,8187.9451499999805,-6662.58075000002,1525.3643999999724
2025-03-10T11:03:27.000000,8222.755449999979,-6662.58075000002,1560.1746999999716
2025-03-10T11:03:27.000000,8239.758249999979,-6662.58075000002,1577.1774999999723
2025-03-10T11:03:32.000000,8274.568549999978,-6662.58075000002,1611.9877999999715
2025-03-10T11:03:32.000000,8291.568949999977,-6662.58075000002,1628.988199999971
2025-03-10T11:03:37.000000,8333.374699999977,-6662.58075000002,1670.7939499999698
2025-03-10T11:03:42.000000,8382.181499999975,-6662.58075000002,1719.6007499999685
2025-03-10T11:03:47.000000,8458.975699999975,-6662.58075000002,1796.3949499999692
2025-03-10T11:03:52.000000,8535.769899999976,-6662.58075000002,1873.18914999997
2025-03-10T11:03:57.000000,8612.564099999976,-6662.58075000002,1949.9833499999706
2025-03-10T11:04:02.000000,8696.359349999977,-6662.58075000002,2033.7785999999712
2025-03-10T11:04:07.000000,8766.146899999976,-6662.58075000002,2103.566149999971
2025-03-10T11:04:12.000000,8828.938999999977,-6662.58075000002,2166.3582499999707
2025-03-10T11:04:17.000000,8884.730049999976,-6662.58075000002,2222.1492999999705
2025-03-10T11:04:22.000000,8940.515499999976,-6662.58075000002,2277.9347499999703
2025-03-10T11:04:27.000000,8989.299899999976,-6662.58075000002,2326.7191499999703
2025-03-10T11:05:17.000000,8989.299899999976,-6613.49715000002,2375.8027499999707
2025-03-10T11:05:22.000000,8989.299899999976,-6568.41095000002,2420.8889499999705
2025-03-10T11:05:22.000000,8989.299899999976,-6596.44130000002,2392.8585999999705
2025-03-10T11:05:27.000000,8989.299899999976,-6555.35250000002,2433.947399999971
2025-03-10T11:05:32.000000,8989.299899999976,-6518.261100000021,2471.0387999999707
2025-03-10T11:05:37.000000,8989.299899999976,-6549.8919000000205,2439.4079999999713
2025-03-10T11:05:37.000000,8989.299899999976,-6512.797300000021,2476.502599999971
2025-03-10T11:06:07.000000,8989.299899999976,-6537.81040000002,2451.4894999999715
2025-03-10T11:06:52.000000,8986.420499999975,-6537.81040000002,2448.6100999999708
2025-03-10T11:09:42.000000,8986.420499999975,-6574.834900000021,2411.5855999999703
2025-03-10T11:09:52.000000,8986.420499999975,-6519.060650000021,2467.3598499999703
2025-03-10T11:10:07.000000,8986.420499999975,-6456.290950000021,2530.12954999997
2025-03-10T11:10:17.000000,8986.420499999975,-6386.525800000022,2599.89469999997
2025-03-10T11:10:22.000000,8986.420499999975,-6394.298600000022,2592.1218999999696
2025-03-10T11:10:22.000000,8986.420499999975,-6324.533450000023,2661.8870499999693
2025-03-10T11:10:27.000000,8986.420499999975,-6332.306250000022,2654.114249999969
2025-03-10T11:10:27.000000,8986.420499999975,-6269.542150000023,2716.878349999969
2025-03-10T11:10:27.000000,8986.420499999975,-6276.5837500000225,2709.836749999969
2025-03-10T11:10:32.000000,8986.420499999975,-6220.820700000023,2765.599799999969
2025-03-10T11:10:37.000000,8986.420499999975,-6165.057650000023,2821.362849999969
2025-03-10T11:10:37.000000,8986.420499999975,-6172.099250000023,2814.321249999969
2025-03-10T11:10:42.000000,8986.420499999975,-6193.862950000024,2792.557549999968
2025-03-10T11:10:42.000000,8986.420499999975,-6145.100950000025,2841.3195499999683
2025-03-10T11:10:47.000000,8986.420499999975,-6096.338950000025,2890.0815499999685
2025-03-10T11:10:52.000000,8986.420499999975,-6059.423550000025,2926.9969499999684
2025-03-10T11:10:52.000000,8986.420499999975,-6003.660500000025,2982.7599999999684
2025-03-10T11:10:57.000000,8986.420499999975,-5954.904100000025,3031.5163999999686
2025-03-10T11:10:57.000000,8986.420499999975,-5982.934450000025,3003.4860499999686
2025-03-10T11:11:02.000000,8986.420499999975,-6004.686950000025,2981.733549999969
2025-03-10T11:11:02.000000,8986.420499999975,-5962.926000000026,3023.494499999968
2025-03-10T11:11:02.000000,8986.420499999975,-5993.956800000025,2992.4636999999684
2025-03-10T11:11:07.000000,8986.420499999975,-6015.709300000025,2970.711199999969
2025-03-10T11:11:07.000000,8986.420499999975,-5980.9438000000255,3005.476699999968
2025-03-10T11:11:07.000000,8986.420499999975,-6014.972650000025,2971.4478499999677
2025-03-10T11:11:12.000000,8986.420499999975,-5987.2082000000255,2999.212299999967
2025-03-10T11:11:17.000000,8986.420499999975,-5970.865400000025,3015.5550999999673
2025-03-10T11:11:17.000000,8986.420499999975,-5943.106550000026,3043.3139499999666
2025-03-10T11:11:17.000000,8986.420499999975,-6001.134200000027,2985.286299999966
2025-03-10T11:11:20.000000,8986.420499999975,-6053.160950000028,2933.2595499999657
2025-03-10T11:11:22.000000,8986.420499999975,-6040.233150000027,2946.187349999966
2025-03-10T11:11:22.000000,8986.420499999975,-6047.994750000027,2938.4257499999662
2025-03-10T11:11:22.000000,8986.420499999975,-6034.232400000027,2952.1880999999657
2025-03-10T11:11:22.000000,8986.420499999975,-6095.258100000027,2891.1623999999656
2025-03-10T11:11:27.000000,8986.420499999975,-6162.282300000027,2824.1381999999658
2025-03-10T11:11:32.000000,8986.420499999975,-6145.934700000026,2840.4857999999663
2025-03-10T11:11:37.000000,8986.420499999975,-6146.168850000026,2840.251649999966
2025-03-10T11:11:42.000000,8986.420499999975,-6129.821250000025,2856.5992499999666
2025-03-10T11:11:42.000000,8986.420499999975,-6137.0564500000255,2849.3640499999665
2025-03-10T11:11:47.000000,8986.420499999975,-6120.7088500000245,2865.711649999967
2025-03-10T11:11:47.000000,8986.420499999975,-6128.470450000024,2857.950049999967
2025-03-10T11:11:52.000000,8986.420499999975,-6118.118950000025,2868.301549999967
2025-03-10T11:11:52.000000,8986.420499999975,-6118.358700000024,2868.0617999999668
2025-03-10T11:11:57.000000,8986.420499999975,-6102.011100000023,2884.4093999999673
2025-03-10T11:12:02.000000,8986.420499999975,-6091.659600000024,2894.760899999967
2025-03-10T11:12:07.000000,8986.420499999975,-6075.312000000023,2911.1084999999675
2025-03-10T11:12:12.000000,8986.420499999975,-6058.964400000022,2927.456099999968
2025-03-10T11:12:17.000000,8986.420499999975,-6048.612900000022,2937.807599999968
2025-03-10T11:12:22.000000,8986.420499999975,-6032.260500000022,2954.159999999967
2025-03-10T11:13:07.000000,8986.420499999975,-6081.306000000021,2905.114499999968
2025-03-10T11:13:12.000000,8986.420499999975,-6124.35540000002,2862.0650999999684
2025-03-10T11:13:42.000000,8986.420499999975,-6107.427000000021,2878.9934999999678
2025-03-10T11:13:47.000000,8986.420499999975,-6087.49815000002,2898.9223499999675
2025-03-10T11:13:52.000000,8986.420499999975,-6067.56930000002,2918.8511999999673
2025-03-10T11:13:57.000000,8986.420499999975,-6047.6380500000205,2938.7824499999674
2025-03-10T11:14:02.000000,8986.420499999975,-6024.70875000002,2961.7117499999677
2025-03-10T11:14:07.000000,8959.607899999974,-6024.70875000002,2934.8991499999674
2025-03-10T11:14:07.000000,8959.607899999974,-6001.777050000021,2957.8308499999666
2025-03-10T11:14:32.000000,8959.607899999974,-6005.827800000021,2953.780099999966
2025-03-10T11:14:37.000000,8959.607899999974,-6015.874650000022,2943.733249999965
2025-03-10T11:14:42.000000,8959.607899999974,-6028.919550000021,2930.6883499999653
2025-03-10T11:14:47.000000,8959.607899999974,-6044.9625000000215,2914.645399999965
2025-03-10T11:14:57.000000,8959.607899999974,-6064.003500000022,2895.604399999965
2025-03-10T11:15:02.000000,8959.607899999974,-6083.0421000000215,2876.5657999999653
2025-03-10T11:16:52.000000,8959.607899999974,-6066.092100000022,2893.5157999999647
2025-03-10T11:16:57.000000,8959.607899999974,-6052.140150000023,2907.467749999964
2025-03-10T11:17:07.000000,8959.607899999974,-6038.185800000023,2921.422099999964
2025-03-10T11:17:22.000000,8959.607899999974,-5988.247650000023,2971.3602499999643
2025-03-10T11:17:47.000000,8959.607899999974,-5953.4821500000235,3006.1257499999633
2025-03-10T11:18:02.000000,8959.607899999974,-5888.544150000024,3071.063749999963
2025-03-10T11:18:07.000000,8959.607899999974,-5839.770950000025,3119.836949999963
2025-03-10T11:18:12.000000,8959.607899999974,-5804.999850000025,3154.6080499999634
2025-03-10T11:18:17.000000,8959.607899999974,-5770.228750000025,3189.379149999964
2025-03-10T11:18:42.000000,8959.607899999974,-5749.442950000024,3210.1649499999644
2025-03-10T11:19:22.000000,8959.607899999974,-5729.189150000025,3230.418749999964
2025-03-10T11:20:07.000000,8959.607899999974,-5708.935350000025,3250.6725499999634
2025-03-10T11:21:27.000000,9008.790699999974,-5708.935350000025,3299.8553499999634
2025-03-10T11:21:32.000000,9057.973499999975,-5708.935350000025,3349.0381499999635
2025-03-10T11:21:37.000000,9099.161499999973,-5708.935350000025,3390.2261499999627
2025-03-10T11:21:52.000000,9132.357899999974,-5708.935350000025,3423.4225499999634
2025-03-10T11:21:57.000000,9169.554899999974,-5708.935350000025,3460.619549999963
2025-03-10T11:22:02.000000,9198.757099999973,-5708.935350000025,3489.821749999963
2025-03-10T11:22:07.000000,9227.962499999974,-5708.935350000025,3519.0271499999626
2025-03-10T11:22:12.000000,9265.162699999973,-5708.935350000025,3556.2273499999624
2025-03-10T11:22:17.000000,9306.363499999972,-5708.935350000025,3597.4281499999615
2025-03-10T11:22:22.000000,9335.572099999972,-5708.935350000025,3626.6367499999615
2025-03-10T11:22:37.000000,9356.789099999973,-5708.935350000025,3647.8537499999616
2025-03-10T11:22:37.000000,9374.005499999972,-5708.935350000025,3665.070149999961
2025-03-10T11:22:37.000000,9391.221899999971,-5708.935350000025,3682.2865499999602
2025-03-10T11:22:42.000000,9404.437699999971,-5708.935350000025,3695.5023499999606
2025-03-10T11:22:47.000000,9409.65549999997,-5708.935350000025,3700.7201499999596
2025-03-10T11:22:52.000000,9414.870099999971,-5708.935350000025,3705.93474999996
2025-03-10T11:22:57.000000,9416.084099999971,-5708.935350000025,3707.14874999996
2025-03-10T11:25:17.000000,9416.084099999971,-5643.798150000025,3772.2859499999595
2025-03-10T11:25:22.000000,9416.084099999971,-5582.658350000026,3833.425749999959
2025-03-10T11:25:37.000000,9416.084099999971,-5529.513350000027,3886.5707499999585
2025-03-10T11:26:37.000000,9416.084099999971,-5567.413850000027,3848.670249999958
2025-03-10T11:26:47.000000,9416.084099999971,-5590.3121000000265,3825.771999999958
2025-03-10T11:29:37.000000,9416.084099999971,-5553.237350000026,3862.8467499999583
2025-03-10T11:29:42.000000,9416.084099999971,-5602.971650000025,3813.112449999959
2025-03-10T11:29:47.000000,9416.084099999971,-5565.908900000025,3850.1751999999597
2025-03-10T11:29:52.000000,9416.084099999971,-5543.836400000024,3872.2476999999603
2025-03-10T11:29:57.000000,9416.084099999971,-5506.773650000024,3909.310449999961
2025-03-10T11:30:02.000000,9416.084099999971,-5484.701150000023,3931.3829499999615
2025-03-10T13:00:12.000000,9416.084099999971,-5462.640650000023,3953.4434499999606
2025-03-10T13:00:17.000000,9416.084099999971,-5440.580150000023,3975.50394999996
2025-03-10T13:00:22.000000,9416.084099999971,-5433.509900000024,3982.5741999999595
2025-03-10T13:00:37.000000,9416.084099999971,-5426.427650000022,3989.6564499999604
2025-03-10T13:02:27.000000,9406.10204999997,-5426.427650000022,3979.67439999996
2025-03-10T13:03:22.000000,9406.10204999997,-5337.552450000023,4068.5495999999594
2025-03-10T13:03:32.000000,9406.10204999997,-5248.674050000022,4157.42799999996
2025-03-10T13:03:37.000000,9406.10204999997,-5151.794450000022,4254.30759999996
2025-03-10T13:03:42.000000,9406.10204999997,-5058.912250000022,4347.18979999996
2025-03-10T13:03:47.000000,9406.10204999997,-4962.029450000023,4444.0725999999595
2025-03-10T13:04:52.000000,9406.10204999997,-5089.7658500000225,4316.33619999996
2025-03-10T13:05:12.000000,9406.10204999997,-5041.563850000022,4364.53819999996
2025-03-10T13:05:17.000000,9406.10204999997,-5007.341550000022,4398.76049999996
2025-03-10T13:05:22.000000,9406.10204999997,-4973.119250000022,4432.982799999961
2025-03-10T13:05:27.000000,9406.10204999997,-4952.899050000021,4453.202999999961
2025-03-10T13:05:32.000000,9406.10204999997,-4932.66765000002,4473.434399999962
2025-03-10T13:05:37.000000,9406.10204999997,-4925.87275000002,4480.229299999963
2025-03-10T13:05:37.000000,9406.10204999997,-4828.76500000002,4577.337049999962
2025-03-10T13:05:42.000000,9406.10204999997,-4814.974650000019,4591.127399999963
2025-03-10T13:05:47.000000,9406.10204999997,-4766.761450000019,4639.340599999963
2025-03-10T13:05:47.000000,9406.10204999997,-4681.608450000019,4724.493599999963
2025-03-10T13:05:52.000000,9406.10204999997,-4633.395250000019,4772.706799999964
2025-03-10T13:05:52.000000,9406.10204999997,-4612.609450000018,4793.492599999964
2025-03-10T13:06:02.000000,9406.10204999997,-4530.491950000019,4875.6100999999635
2025-03-10T13:06:07.000000,9406.10204999997,-4482.278750000019,4923.823299999964
2025-03-10T13:06:17.000000,9406.10204999997,-4366.2803000000185,5039.821749999964
2025-03-10T13:06:22.000000,9406.10204999997,-4331.492400000018,5074.609649999964
2025-03-10T13:06:27.000000,9406.10204999997,-4297.270100000018,5108.831949999964
2025-03-10T13:06:32.000000,9406.10204999997,-4263.047800000018,5143.054249999965
2025-03-10T13:06:37.000000,9406.10204999997,-4228.825500000017,5177.276549999965
2025-03-10T13:06:42.000000,9406.10204999997,-4194.603200000017,5211.498849999965
2025-03-10T13:06:52.000000,9406.10204999997,-4160.3809000000165,5245.721149999966
2025-03-10T13:06:57.000000,9406.10204999997,-4140.149500000016,5265.952549999966
2025-03-10T13:07:02.000000,9406.10204999997,-4119.918100000015,5286.183949999967
2025-03-10T13:07:07.000000,9406.10204999997,-4085.695800000015,5320.406249999967
2025-03-10T13:07:12.000000,9406.10204999997,-4051.4735000000146,5354.628549999968
2025-03-10T13:07:22.000000,9406.10204999997,-3969.3560000000152,5436.746049999967
2025-03-10T13:07:32.000000,9406.10204999997,-3963.1155000000153,5442.986549999967
2025-03-10T13:07:37.000000,9406.10204999997,-3970.8659000000152,5435.236149999967
2025-03-10T13:07:37.000000,9406.10204999997,-3903.7506500000154,5502.351399999967
2025-03-10T13:07:52.000000,9406.10204999997,-3911.5010500000153,5494.600999999967
2025-03-10T13:07:52.000000,9406.10204999997,-3859.3760500000153,5546.725999999967
2025-03-10T13:07:57.000000,9406.10204999997,-3881.117350000015,5524.984699999967
2025-03-10T13:07:57.000000,9406.10204999997,-3843.9946000000145,5562.107449999968
2025-03-10T13:08:07.000000,9406.10204999997,-3791.8696000000145,5614.232449999968
2025-03-10T13:08:12.000000,9406.10204999997,-3847.2784000000147,5558.8236499999675
2025-03-10T13:08:57.000000,9406.10204999997,-3878.693200000015,5527.408849999967
2025-03-10T13:09:02.000000,9406.10204999997,-3970.4914000000153,5435.610649999967
2025-03-10T13:09:22.000000,9406.10204999997,-3992.232700000015,5413.869349999967
2025-03-10T13:10:57.000000,9406.10204999997,-3984.230300000015,5421.871749999967
2025-03-10T13:11:02.000000,9406.10204999997,-3972.227300000015,5433.874749999967
2025-03-10T13:11:22.000000,9406.10204999997,-3992.2291000000155,5413.872949999967
2025-03-10T13:12:17.000000,9406.10204999997,-3975.6559000000148,5430.446149999968
2025-03-10T13:12:22.000000,9406.10204999997,-3967.151100000015,5438.950949999968
2025-03-10T13:12:22.000000,9406.10204999997,-3950.5779000000143,5455.524149999968
2025-03-10T13:12:32.000000,9406.10204999997,-3934.0047000000136,5472.097349999969
2025-03-10T13:12:37.000000,9474.15329999997,-3934.0047000000136,5540.1485999999695
2025-03-10T13:12:37.000000,9551.205899999972,-3934.0047000000136,5617.2011999999695
2025-03-10T13:12:42.000000,9634.256999999972,-3934.0047000000136,5700.25229999997
2025-03-10T13:12:52.000000,9729.307499999972,-3934.0047000000136,5795.30279999997
2025-03-10T13:12:57.000000,9821.355149999972,-3934.0047000000136,5887.350449999971
2025-03-10T13:14:22.000000,9821.355149999972,-3881.8917000000138,5939.463449999971
2025-03-10T13:14:32.000000,9821.355149999972,-3844.7809500000135,5976.574199999972
2025-03-10T13:14:37.000000,9821.355149999972,-3822.6604500000126,5998.694699999973
2025-03-10T13:14:37.000000,9821.355149999972,-3889.6222500000135,5931.732899999972
2025-03-10T13:14:42.000000,9821.355149999972,-3956.5816500000133,5864.773499999972
2025-03-10T13:14:47.000000,9821.355149999972,-3964.4416500000134,5856.913499999972
2025-03-10T13:14:47.000000,9821.355149999972,-4022.4045000000137,5798.950649999972
2025-03-10T13:14:52.000000,9821.355149999972,-4086.358650000013,5734.996499999972
2025-03-10T13:14:57.000000,9821.355149999972,-4144.311900000012,5677.043249999972
2025-03-10T13:15:07.000000,9821.355149999972,-4122.1914000000115,5699.163749999973
2025-03-10T13:15:12.000000,9821.355149999972,-4100.070900000011,5721.284249999974
2025-03-10T13:15:22.000000,9821.355149999972,-4092.9406500000096,5728.414499999975
2025-03-10T13:15:32.000000,9821.355149999972,-4070.8201500000087,5750.534999999976
2025-03-10T13:15:37.000000,9821.355149999972,-4063.6899000000076,5757.665249999977
2025-03-10T13:15:57.000000,9821.355149999972,-4046.479900000008,5774.875249999976
2025-03-10T13:16:02.000000,9821.355149999972,-4054.339900000008,5767.015249999977
2025-03-10T13:16:07.000000,9821.355149999972,-4032.2074000000075,5789.147749999977
2025-03-10T13:16:07.000000,9821.355149999972,-4006.999400000007,5814.355749999978
2025-03-10T13:16:17.000000,9821.355149999972,-4084.805100000007,5736.550049999978
2025-03-10T13:16:17.000000,9821.355149999972,-4120.122900000007,5701.232249999978
2025-03-10T13:16:22.000000,9821.355149999972,-4127.982900000006,5693.3722499999785
2025-03-10T13:16:27.000000,9821.355149999972,-4191.7865000000065,5629.568649999978
2025-03-10T13:16:27.000000,9821.355149999972,-4184.6562500000055,5636.698899999979
2025-03-10T13:16:32.000000,9821.355149999972,-4177.526000000004,5643.8291499999805
2025-03-10T13:16:37.000000,9821.355149999972,-4213.336600000005,5608.01854999998
2025-03-10T13:16:37.000000,9821.355149999972,-4206.206350000004,5615.148799999981
2025-03-10T13:16:37.000000,9821.355149999972,-4246.442500000005,5574.91264999998
2025-03-10T13:16:42.000000,9821.355149999972,-4296.244000000005,5525.11114999998
2025-03-10T13:16:47.000000,9821.355149999972,-4346.045500000006,5475.309649999979
2025-03-10T13:16:52.000000,9821.355149999972,-4308.838900000006,5512.516249999979
2025-03-10T13:16:52.000000,9821.355149999972,-4292.547300000006,5528.807849999979
2025-03-10T13:16:57.000000,9821.355149999972,-4300.364900000006,5520.990249999979
2025-03-10T13:17:02.000000,9821.355149999972,-4308.182500000006,5513.172649999979
2025-03-10T13:17:02.000000,9821.355149999972,-4266.978500000006,5554.376649999979
2025-03-10T13:17:02.000000,9821.355149999972,-4250.686900000005,5570.66824999998
2025-03-10T13:17:07.000000,9821.355149999972,-4244.502400000004,5576.852749999981
2025-03-10T13:17:07.000000,9821.355149999972,-4188.856950000004,5632.498199999981
2025-03-10T13:17:07.000000,9821.355149999972,-4172.5653500000035,5648.789799999981
2025-03-10T13:17:07.000000,9821.355149999972,-4204.392950000003,5616.962199999982
2025-03-10T13:17:12.000000,9821.355149999972,-4148.741900000004,5672.613249999981
2025-03-10T13:17:17.000000,9821.355149999972,-4121.072650000005,5700.28249999998
2025-03-10T13:17:22.000000,9821.355149999972,-4093.397800000005,5727.95734999998
2025-03-10T13:17:27.000000,9821.355149999972,-4093.7103500000053,5727.644799999979
2025-03-10T13:17:32.000000,9821.355149999972,-4094.0117000000055,5727.343449999979
2025-03-10T13:17:37.000000,9821.355149999972,-4115.299400000006,5706.055749999979
2025-03-10T13:17:42.000000,9821.355149999972,-4109.137300000007,5712.217849999978
2025-03-10T13:17:47.000000,9821.355149999972,-4116.977300000007,5704.377849999978
2025-03-10T13:17:52.000000,9821.355149999972,-4096.8243000000075,5724.530849999977
2025-03-10T13:17:52.000000,9821.355149999972,-4104.684300000007,5716.670849999978
2025-03-10T13:17:57.000000,9821.355149999972,-4084.531300000008,5736.823849999977
2025-03-10T13:18:12.000000,9821.355149999972,-4078.380400000008,5742.974749999977
2025-03-10T13:18:12.000000,9821.355149999972,-4084.8380000000084,5736.517149999977
2025-03-10T13:18:17.000000,9821.355149999972,-4064.6962000000076,5756.658949999977
2025-03-10T13:18:22.000000,9821.355149999972,-4044.554400000007,5776.800749999978
2025-03-10T13:18:27.000000,9821.355149999972,-4024.412600000006,5796.942549999978
2025-03-10T13:18:32.000000,9821.355149999972,-4018.2617000000064,5803.093449999978
2025-03-10T13:18:37.000000,9821.355149999972,-4012.1108000000067,5809.244349999977
2025-03-10T13:18:42.000000,9821.355149999972,-4005.959900000007,5815.395249999977
2025-03-10T13:18:47.000000,9821.355149999972,-3999.8090000000075,5821.5461499999765
2025-03-10T13:18:52.000000,9821.355149999972,-4007.6602000000075,5813.694949999976
2025-03-10T13:18:52.000000,9821.355149999972,-3969.925450000008,5851.429699999976
2025-03-10T13:18:57.000000,9821.355149999972,-3977.765450000008,5843.589699999976
2025-03-10T13:18:57.000000,9821.355149999972,-3894.0990000000074,5927.2561499999765
2025-03-10T13:18:57.000000,9821.355149999972,-3844.3552500000083,5976.999899999976
2025-03-10T13:19:02.000000,9821.355149999972,-3767.684250000009,6053.6708999999755
2025-03-10T13:19:02.000000,9821.355149999972,-3735.674400000008,6085.680749999976
2025-03-10T13:19:02.000000,9821.355149999972,-3697.6684500000074,6123.686699999977
2025-03-10T13:19:02.000000,9821.355149999972,-3656.6644500000075,6164.6906999999765
2025-03-10T13:19:02.000000,9821.355149999972,-3612.662400000007,6208.6927499999765
2025-03-10T13:19:02.000000,9821.355149999972,-3565.6623000000072,6255.692849999977
2025-03-10T13:19:12.000000,9821.355149999972,-3573.5135000000073,6247.841649999977
2025-03-10T13:19:17.000000,9821.355149999972,-3581.3647000000074,6239.990449999977
2025-03-10T13:19:22.000000,9821.355149999972,-3534.3694000000073,6286.985749999976
2025-03-10T13:19:22.000000,9821.355149999972,-3484.376050000007,6336.979099999977
2025-03-10T13:19:22.000000,9821.355149999972,-3434.382700000007,6386.9724499999775
2025-03-10T13:19:22.000000,9821.355149999972,-3384.3893500000067,6436.965799999978
2025-03-10T13:19:27.000000,9821.355149999972,-3340.3921000000064,6480.9630499999785
2025-03-10T13:19:32.000000,9821.355149999972,-3302.388550000007,6518.966599999978
2025-03-10T13:19:37.000000,9821.355149999972,-3270.3811000000073,6550.974049999978
2025-03-10T13:19:42.000000,9821.355149999972,-3238.3736500000077,6582.981499999978
2025-03-10T13:19:47.000000,9821.355149999972,-3218.231850000007,6603.123299999978
2025-03-10T13:19:47.000000,9821.355149999972,-3189.2224500000066,6632.132699999978
2025-03-10T13:20:12.000000,9821.355149999972,-3169.080650000006,6652.274499999979
2025-03-10T13:20:37.000000,9821.355149999972,-3148.9276500000065,6672.427499999978
2025-03-10T13:20:42.000000,9821.355149999972,-3128.774650000007,6692.580499999977
2025-03-10T13:20:47.000000,9821.355149999972,-3122.6125500000076,6698.742599999977
2025-03-10T13:20:52.000000,9821.355149999972,-3102.459550000008,6718.895599999976
2025-03-10T13:20:57.000000,9821.355149999972,-3082.306550000009,6739.0485999999755
2025-03-10T13:21:02.000000,9821.355149999972,-3062.1535500000095,6759.201599999975
2025-03-10T13:21:17.000000,9821.355149999972,-3055.99145000001,6765.363699999974
2025-03-10T13:21:52.000000,9821.355149999972,-3032.9805500000098,6788.374599999975
2025-03-10T13:22:12.000000,9821.355149999972,-3018.97340000001,6802.381749999975
2025-03-10T13:22:17.000000,9821.355149999972,-3074.67340000001,6746.681749999974
2025-03-10T13:22:17.000000,9821.355149999972,-3063.6643000000104,6757.690849999974
2025-03-10T13:22:32.000000,9821.355149999972,-3055.65805000001,6765.697099999974
2025-03-10T13:22:37.000000,9821.355149999972,-3047.6518000000096,6773.703349999974
2025-03-10T13:22:42.000000,9821.355149999972,-3048.6421000000096,6772.713049999974
2025-03-10T13:22:47.000000,9821.355149999972,-3052.630450000009,6768.724699999974
2025-03-10T13:22:52.000000,9821.355149999972,-3135.4897000000087,6685.865449999975
2025-03-10T13:23:07.000000,9821.355149999972,-3163.472050000009,6657.883099999975
2025-03-10T13:23:22.000000,9821.355149999972,-3185.3029500000084,6636.052199999975
2025-03-10T13:27:32.000000,9821.355149999972,-3178.6312500000085,6642.7238999999745
2025-03-10T13:27:32.000000,9821.355149999972,-3179.6119500000086,6641.743199999974
2025-03-10T13:27:37.000000,9821.355149999972,-3179.9357000000086,6641.419449999974
2025-03-10T13:27:52.000000,9821.355149999972,-3187.666900000009,6633.688249999974
2025-03-10T13:27:57.000000,9821.355149999972,-3201.3238000000088,6620.031349999974
2025-03-10T13:27:57.000000,9821.355149999972,-3244.100400000009,6577.254749999974
2025-03-10T13:28:02.000000,9821.355149999972,-3258.403850000009,6562.951299999974
2025-03-10T13:28:02.000000,9821.355149999972,-3253.388450000009,6567.966699999974
2025-03-10T13:28:07.000000,9821.355149999972,-3231.29195000001,6590.063199999973
2025-03-10T13:28:12.000000,9821.355149999972,-3209.1954500000106,6612.159699999973
2025-03-10T13:28:12.000000,9821.355149999972,-3216.926650000011,6604.428499999973
2025-03-10T13:28:17.000000,9821.355149999972,-3194.8301500000116,6626.524999999972
2025-03-10T13:28:17.000000,9821.355149999972,-3180.8182000000124,6640.5369499999715
2025-03-10T13:28:22.000000,9821.355149999972,-3163.808200000013,6657.546949999971
2025-03-10T13:28:27.000000,9821.355149999972,-3155.792350000014,6665.56279999997
2025-03-10T13:28:32.000000,9821.355149999972,-3133.6958500000146,6687.659299999969
2025-03-10T13:28:32.000000,9821.355149999972,-3119.6863000000144,6701.668849999969
2025-03-10T13:28:37.000000,9821.355149999972,-3097.589800000015,6723.765349999969
2025-03-10T13:28:37.000000,9821.355149999972,-3083.580250000015,6737.7748999999685
2025-03-10T13:28:42.000000,9821.355149999972,-3061.483750000016,6759.871399999968
2025-03-10T13:28:47.000000,9821.355149999972,-3039.3872500000166,6781.967899999968
2025-03-10T13:28:52.000000,9821.355149999972,-3032.281000000017,6789.074149999968
2025-03-10T13:28:57.000000,9821.355149999972,-3025.174750000017,6796.180399999967
2025-03-10T13:29:02.000000,9821.355149999972,-3033.070750000017,6788.284399999968
2025-03-10T13:29:02.000000,9821.355149999972,-3022.0616500000174,6799.293499999967
2025-03-10T13:29:07.000000,9821.355149999972,-3029.9576500000176,6791.397499999967
2025-03-10T13:29:12.000000,9821.355149999972,-3012.952450000018,6808.402699999967
2025-03-10T13:29:17.000000,9821.355149999972,-3020.848450000018,6800.506699999967
2025-03-10T13:29:17.000000,9821.355149999972,-3006.843700000018,6814.511449999967
2025-03-10T13:29:27.000000,9821.355149999972,-2999.7374500000183,6821.617699999967
2025-03-10T13:29:27.000000,9821.355149999972,-2985.735100000018,6835.620049999967
2025-03-10T13:29:32.000000,9821.355149999972,-2977.7288500000177,6843.626299999967
2025-03-10T13:29:37.000000,9821.355149999972,-2985.624850000018,6835.730299999967
2025-03-10T13:29:42.000000,9821.355149999972,-2974.6205500000183,6846.734599999967
2025-03-10T13:29:47.000000,9821.355149999972,-2966.614300000018,6854.740849999967
2025-03-10T13:29:52.000000,9821.355149999972,-2955.6100000000183,6865.745149999967
2025-03-10T13:29:57.000000,9821.355149999972,-2941.6052500000183,6879.749899999967
2025-03-10T13:30:02.000000,9821.355149999972,-2927.600500000018,6893.754649999967
2025-03-10T13:30:07.000000,9821.355149999972,-2916.5938000000174,6904.761349999968
2025-03-10T13:30:12.000000,9821.355149999972,-2908.587550000017,6912.767599999968
2025-03-10T13:30:22.000000,9821.355149999972,-2906.577400000018,6914.777749999967
2025-03-10T13:30:47.000000,9821.355149999972,-2929.4756500000176,6891.879499999968
2025-03-10T13:30:52.000000,9821.355149999972,-2937.1364500000177,6884.2186999999685
2025-03-10T13:30:52.000000,9821.355149999972,-2960.0347000000174,6861.320449999969
2025-03-10T13:33:12.000000,9821.355149999972,-2951.565100000018,6869.790049999969
2025-03-10T13:33:17.000000,9821.355149999972,-3029.4492000000178,6791.905949999969
2025-03-10T13:33:32.000000,9821.355149999972,-3028.961600000018,6792.393549999969
2025-03-10T13:33:47.000000,9821.355149999972,-3012.4844000000185,6808.870749999968
2025-03-10T13:33:52.000000,9821.355149999972,-2987.273200000019,6834.081949999968
2025-03-10T13:34:32.000000,9821.355149999972,-3009.204900000019,6812.150249999968
2025-03-10T13:34:47.000000,9821.355149999972,-3017.1457000000187,6804.209449999968
2025-03-10T13:34:52.000000,9821.355149999972,-3039.0774000000183,6782.277749999967
2025-03-10T13:34:57.000000,9821.355149999972,-3047.018200000018,6774.336949999967
2025-03-10T13:35:02.000000,9821.355149999972,-3054.959000000018,6766.396149999967
2025-03-10T13:35:07.000000,9821.355149999972,-3076.8907000000177,6744.464449999967
2025-03-10T13:35:12.000000,9821.355149999972,-3112.813300000017,6708.541849999968
2025-03-10T13:35:17.000000,9821.355149999972,-3134.7450000000167,6686.610149999968
2025-03-10T13:35:22.000000,9821.355149999972,-3170.667600000016,6650.687549999969
2025-03-10T13:35:27.000000,9821.355149999972,-3220.5811000000153,6600.77404999997
2025-03-10T13:35:32.000000,9821.355149999972,-3270.4946000000145,6550.860549999971
2025-03-10T13:35:37.000000,9821.355149999972,-3320.4081000000137,6500.9470499999725
2025-03-10T13:35:42.000000,9821.355149999972,-3384.3125000000136,6437.042649999972
2025-03-10T13:35:47.000000,9821.355149999972,-3448.2169000000135,6373.138249999972
2025-03-10T13:35:57.000000,9821.355149999972,-3512.1213000000134,6309.233849999971
2025-03-10T13:36:07.000000,9821.355149999972,-3562.0124000000137,6259.342749999971
2025-03-10T13:37:47.000000,9821.355149999972,-3524.9016500000134,6296.453499999971
2025-03-10T13:37:52.000000,9821.355149999972,-3502.7811500000125,6318.573999999972
2025-03-10T13:38:02.000000,9821.355149999972,-3480.6606500000116,6340.694499999973
2025-03-10T13:38:12.000000,9821.355149999972,-3458.5401500000107,6362.814999999974
2025-03-10T13:38:17.000000,9821.355149999972,-3421.4294000000104,6399.925749999975
2025-03-10T13:38:22.000000,9821.355149999972,-3415.3457000000108,6406.009449999975
2025-03-10T13:38:22.000000,9821.355149999972,-3378.2349500000105,6443.120199999976
2025-03-10T13:38:32.000000,9821.355149999972,-3371.116700000011,6450.238449999975
2025-03-10T13:38:42.000000,9821.355149999972,-3351.03090000001,6470.324249999976
2025-03-10T13:38:47.000000,9821.355149999972,-3330.9451000000095,6490.410049999977
2025-03-10T13:38:47.000000,9821.355149999972,-3308.8246000000086,6512.530549999978
2025-03-10T13:39:32.000000,9821.355149999972,-3316.7086000000086,6504.646549999978
2025-03-10T13:40:42.000000,9889.384799999973,-3316.7086000000086,6572.676199999978
2025-03-10T13:40:52.000000,9889.384799999973,-3383.6776000000095,6505.707199999977
2025-03-10T13:40:57.000000,9889.384799999973,-3363.60300000001,6525.781799999976
2025-03-10T13:41:02.000000,9889.384799999973,-3329.5263000000095,6559.858499999977
2025-03-10T13:41:02.000000,9889.384799999973,-3397.3833000000095,6492.001499999977
2025-03-10T13:41:12.000000,9889.384799999973,-3405.2905000000096,6484.094299999977
2025-03-10T13:41:17.000000,9889.384799999973,-3399.1956000000087,6490.189199999978
2025-03-10T13:41:22.000000,9889.384799999973,-3379.109800000008,6510.274999999979
2025-03-10T13:43:02.000000,9889.384799999973,-3410.4222000000086,6478.962599999978
2025-03-10T13:43:12.000000,9889.384799999973,-3425.7386000000083,6463.646199999978
2025-03-10T13:43:17.000000,9889.384799999973,-3433.0602000000085,6456.324599999978
2025-03-10T13:43:27.000000,9889.384799999973,-3456.371400000008,6433.013399999978
2025-03-10T13:43:52.000000,9889.384799999973,-3471.687800000008,6417.696999999978
2025-03-10T13:44:12.000000,9889.384799999973,-3467.380400000008,6422.004399999978
2025-03-10T13:44:17.000000,9889.384799999973,-3498.3760000000075,6391.008799999979
2025-03-10T13:44:22.000000,9889.384799999973,-3500.0695000000064,6389.315299999979
2025-03-10T13:44:22.000000,9889.384799999973,-3491.8367000000067,6397.548099999979
2025-03-10T13:44:32.000000,9889.384799999973,-3530.833500000006,6358.55129999998
2025-03-10T13:44:37.000000,9889.384799999973,-3506.611100000007,6382.77369999998
2025-03-10T13:44:37.000000,9889.384799999973,-3495.5708000000063,6393.81399999998
2025-03-10T13:44:47.000000,9889.384799999973,-3455.352400000006,6434.032399999981
2025-03-10T13:44:52.000000,9889.384799999973,-3498.346600000006,6391.038199999981
2025-03-10T13:44:52.000000,9889.384799999973,-3478.3145500000064,6411.070249999981
2025-03-10T13:44:57.000000,9889.384799999973,-3438.1025500000073,6451.282249999979
2025-03-10T13:45:02.000000,9889.384799999973,-3405.8917500000084,6483.493049999978
2025-03-10T13:45:02.000000,9889.384799999973,-3382.861650000008,6506.523149999979
2025-03-10T13:45:07.000000,9889.384799999973,-3413.8604500000088,6475.524349999978
2025-03-10T13:45:07.000000,9889.384799999973,-3389.6444500000093,6499.740349999977
2025-03-10T13:45:12.000000,9889.384799999973,-3373.42325000001,6515.961549999976
2025-03-10T13:45:17.000000,9889.384799999973,-3357.2020500000103,6532.182749999975
2025-03-10T13:45:17.000000,9889.384799999973,-3337.1748000000102,6552.2099999999755
2025-03-10T13:45:22.000000,9889.384799999973,-3314.14950000001,6575.235299999976
2025-03-10T13:45:27.000000,9889.384799999973,-3329.92670000001,6559.458099999976
2025-03-10T13:45:27.000000,9889.384799999973,-3312.9023000000093,6576.482499999976
2025-03-10T13:45:32.000000,9889.384799999973,-3295.8779000000086,6593.506899999977
2025-03-10T13:45:37.000000,9889.384799999973,-3278.853500000008,6610.531299999977
2025-03-10T13:45:42.000000,9889.384799999973,-3264.8295500000077,6624.555249999977
2025-03-10T13:45:47.000000,9889.384799999973,-3250.8080000000077,6638.576799999977
2025-03-10T13:45:52.000000,9889.384799999973,-3239.784500000007,6649.600299999977
2025-03-10T13:45:57.000000,9889.384799999973,-3219.0995000000075,6670.285299999977
2025-03-10T13:45:57.000000,9889.384799999973,-3211.0764500000073,6678.308349999977
2025-03-10T13:46:02.000000,9889.384799999973,-3188.9559500000064,6700.4288499999775
2025-03-10T13:46:02.000000,9889.384799999973,-3180.932900000006,6708.451899999977
2025-03-10T13:46:07.000000,9889.384799999973,-3153.269250000007,6736.115549999977
2025-03-10T13:46:07.000000,9889.384799999973,-3142.2457500000064,6747.139049999977
2025-03-10T13:46:12.000000,9889.384799999973,-3119.222850000007,6770.161949999976
2025-03-10T13:46:17.000000,9889.384799999973,-3091.5312000000063,6797.853599999977
2025-03-10T13:46:22.000000,9889.384799999973,-3068.505900000006,6820.878899999977
2025-03-10T13:46:22.000000,9889.384799999973,-3042.482550000006,6846.902249999976
2025-03-10T13:46:27.000000,9889.384799999973,-3021.7919500000053,6867.592849999977
2025-03-10T13:46:27.000000,9889.384799999973,-3001.1013500000045,6888.283449999978
2025-03-10T13:46:32.000000,9889.384799999973,-2980.4107500000036,6908.974049999979
2025-03-10T13:46:32.000000,9889.384799999973,-2942.385600000004,6946.999199999978
2025-03-10T13:46:32.000000,9889.384799999973,-2904.3604500000047,6985.024349999978
2025-03-10T13:46:37.000000,9889.384799999973,-2866.335300000005,7023.049499999977
2025-03-10T13:46:42.000000,9889.384799999973,-2831.310600000005,7058.074199999977
2025-03-10T13:46:47.000000,9889.384799999973,-2796.2859000000044,7093.098899999977
2025-03-10T13:46:52.000000,9889.384799999973,-2761.258800000004,7128.1259999999775
2025-03-10T13:46:57.000000,9889.384799999973,-2726.231700000004,7163.153099999978
2025-03-10T13:47:02.000000,9889.384799999973,-2694.2026500000043,7195.182149999978
2025-03-10T13:47:07.000000,9889.384799999973,-2665.171650000004,7224.213149999978
2025-03-10T13:47:12.000000,9889.384799999973,-2633.140200000003,7256.244599999978
2025-03-10T13:47:17.000000,9889.384799999973,-2584.4662000000026,7304.918599999978
2025-03-10T13:47:42.000000,9889.384799999973,-2575.254200000003,7314.130599999978
2025-03-10T13:47:57.000000,9889.384799999973,-2564.6963000000032,7324.6884999999775
2025-03-10T13:48:02.000000,9889.384799999973,-2542.5638000000026,7346.820999999978
2025-03-10T13:48:12.000000,9889.384799999973,-2523.0117500000033,7366.373049999977
2025-03-10T13:49:12.000000,9889.384799999973,-2505.8017500000037,7383.5830499999765
2025-03-10T13:49:17.000000,9889.384799999973,-2513.6353500000037,7375.749449999977
2025-03-10T13:53:47.000000,9889.384799999973,-2533.4707500000036,7355.914049999977
2025-03-10T13:54:27.000000,9881.947199999973,-2533.4707500000036,7348.4764499999765
2025-03-10T13:59:02.000000,9994.225199999973,-2533.4707500000036,7460.754449999977
2025-03-10T13:59:17.000000,10076.486699999972,-2533.4707500000036,7543.015949999976
2025-03-10T14:00:07.000000,10076.486699999972,-2541.3043500000035,7535.182349999976
2025-03-10T14:01:12.000000,10076.486699999972,-2541.6001000000024,7534.886599999977
2025-03-10T14:01:37.000000,10076.486699999972,-2541.8958500000012,7534.590849999978
2025-03-10T14:01:42.000000,10076.486699999972,-2504.617100000001,7571.869599999978
2025-03-10T14:02:57.000000,10076.486699999972,-2484.5754500000007,7591.911249999978
2025-03-10T14:03:07.000000,10076.486699999972,-2449.5411500000005,7626.9455499999785
2025-03-10T14:03:17.000000,10076.486699999972,-2432.497550000001,7643.989149999978
2025-03-10T14:03:22.000000,10076.486699999972,-2415.4539500000014,7661.032749999977
2025-03-10T14:03:27.000000,10076.486699999972,-2419.401500000002,7657.085199999976
2025-03-10T14:03:32.000000,10076.486699999972,-2429.3427500000016,7647.143949999976
2025-03-10T14:03:37.000000,10076.486699999972,-2439.284000000001,7637.202699999976
2025-03-10T14:03:52.000000,10076.486699999972,-2417.031500000002,7659.455199999976
2025-03-10T14:03:57.000000,10076.486699999972,-2394.7790000000027,7681.707699999975
2025-03-10T14:05:07.000000,10076.486699999972,-2402.619000000003,7673.867699999975
2025-03-10T14:05:32.000000,10076.486699999972,-2455.353750000002,7621.1329499999765
2025-03-10T14:06:32.000000,10076.486699999972,-2465.2878000000023,7611.198899999976
2025-03-10T14:07:07.000000,10076.486699999972,-2484.2208000000032,7592.265899999975
2025-03-10T14:09:22.000000,10076.486699999972,-2542.220300000004,7534.266399999974
2025-03-10T14:10:22.000000,10076.486699999972,-2489.963300000004,7586.523399999974
2025-03-10T14:10:27.000000,10076.486699999972,-2437.706300000004,7638.780399999973
2025-03-10T14:10:37.000000,10076.486699999972,-2385.449300000004,7691.037399999973
2025-03-10T14:15:37.000000,10113.753449999973,-2385.449300000004,7728.304149999974
2025-03-10T14:15:42.000000,10151.020199999974,-2385.449300000004,7765.570899999974
2025-03-10T14:16:02.000000,10151.020199999974,-2398.3838000000037,7752.636399999974
2025-03-10T14:16:07.000000,10188.274949999974,-2398.3838000000037,7789.891149999974
2025-03-10T14:17:27.000000,10188.274949999974,-2496.1133000000045,7692.161649999974
2025-03-10T14:17:52.000000,10188.274949999974,-2447.9641000000042,7740.3108499999735
2025-03-10T14:18:12.000000,10188.274949999974,-2423.805700000005,7764.469249999973
2025-03-10T14:18:17.000000,10188.274949999974,-2407.6421000000055,7780.632849999973
2025-03-10T14:18:22.000000,10188.274949999974,-2391.472100000006,7796.802849999972
2025-03-10T14:18:27.000000,10188.274949999974,-2383.296900000006,7804.9780499999715
2025-03-10T14:18:32.000000,10188.274949999974,-2386.758700000006,7801.516249999972
2025-03-10T14:18:37.000000,10188.274949999974,-2382.2225000000053,7806.052449999973
2025-03-10T14:18:42.000000,10188.274949999974,-2381.6837000000055,7806.591249999973
2025-03-10T14:18:47.000000,10188.274949999974,-2381.1449000000057,7807.130049999973
2025-03-10T14:18:57.000000,10188.274949999974,-2384.6035000000065,7803.6714499999725
2025-03-10T14:19:12.000000,10188.274949999974,-2437.0262500000053,7751.248699999974
2025-03-10T14:19:57.000000,10188.274949999974,-2458.845950000005,7729.428999999974
2025-03-10T14:21:07.000000,10188.274949999974,-2466.597950000005,7721.676999999973
2025-03-10T14:21:07.000000,10188.274949999974,-2481.440750000006,7706.834199999972
2025-03-10T14:21:27.000000,10188.274949999974,-2489.192750000006,7699.082199999972
2025-03-10T14:21:32.000000,10188.274949999974,-2481.954500000006,7706.320449999971
2025-03-10T14:21:37.000000,10188.274949999974,-2474.7162500000063,7713.5586999999705
2025-03-10T14:21:37.000000,10188.274949999974,-2465.574650000007,7722.70029999997
2025-03-10T14:21:42.000000,10188.274949999974,-2452.4324500000066,7735.842499999971
2025-03-10T14:21:47.000000,10188.274949999974,-2445.1942000000067,7743.08074999997
2025-03-10T14:21:47.000000,10188.274949999974,-2432.055200000008,7756.219749999969
2025-03-10T14:21:52.000000,10188.274949999974,-2424.816950000008,7763.457999999969
2025-03-10T14:21:52.000000,10188.274949999974,-2407.6773500000086,7780.597599999968
2025-03-10T14:21:57.000000,10188.274949999974,-2400.4391000000087,7787.835849999968
2025-03-10T14:21:57.000000,10188.274949999974,-2383.3027000000093,7804.972249999967
2025-03-10T14:22:02.000000,10188.274949999974,-2376.0644500000094,7812.2104999999665
2025-03-10T14:22:02.000000,10188.274949999974,-2358.92805000001,7829.346899999966
2025-03-10T14:22:07.000000,10188.274949999974,-2337.7942500000113,7850.480699999965
2025-03-10T14:22:12.000000,10188.274949999974,-2330.5560000000114,7857.718949999964
2025-03-10T14:22:12.000000,10188.274949999974,-2305.421600000012,7882.853349999963
2025-03-10T14:22:17.000000,10188.274949999974,-2283.1931000000113,7905.081849999964
2025-03-10T14:22:17.000000,10188.274949999974,-2254.061300000011,7934.213649999964
2025-03-10T14:22:22.000000,10188.274949999974,-2246.8230500000113,7941.451899999964
2025-03-10T14:22:22.000000,10188.274949999974,-2217.6880500000116,7970.586899999964
2025-03-10T14:22:27.000000,10188.274949999974,-2195.459550000011,7992.815399999965
2025-03-10T14:22:27.000000,10188.274949999974,-2166.324550000011,8021.950399999965
2025-03-10T14:22:32.000000,10188.274949999974,-2144.0960500000106,8044.178899999966
2025-03-10T14:22:37.000000,10188.274949999974,-2121.86755000001,8066.407399999967
2025-03-10T14:22:37.000000,10188.274949999974,-2088.7351500000095,8099.539799999968
2025-03-10T14:22:42.000000,10188.274949999974,-2066.506650000009,8121.768299999969
2025-03-10T14:22:42.000000,10188.274949999974,-2041.3722500000097,8146.902699999968
2025-03-10T14:22:47.000000,10188.274949999974,-2019.143750000009,8169.131199999969
2025-03-10T14:22:47.000000,10188.274949999974,-1998.0067500000089,8190.268199999969
2025-03-10T14:22:52.000000,10188.274949999974,-1990.7685000000092,8197.506449999968
2025-03-10T14:22:52.000000,10188.274949999974,-1961.6335000000092,8226.641449999968
2025-03-10T14:22:57.000000,10188.274949999974,-1939.3930000000098,8248.881949999968
2025-03-10T14:22:57.000000,10188.274949999974,-1918.2560000000096,8270.018949999969
2025-03-10T14:23:02.000000,10188.274949999974,-1896.0155000000102,8292.259449999969
2025-03-10T14:23:02.000000,10188.274949999974,-1874.8753000000102,8313.399649999968
2025-03-10T14:23:07.000000,10188.274949999974,-1868.7020000000105,8319.572949999969
2025-03-10T14:23:07.000000,10188.274949999974,-1846.461500000011,8341.813449999969
2025-03-10T14:23:07.000000,10188.274949999974,-1825.321300000011,8362.953649999969
2025-03-10T14:23:12.000000,10188.274949999974,-1803.0808000000115,8385.194149999968
2025-03-10T14:23:12.000000,10188.274949999974,-1781.9406000000115,8406.334349999968
2025-03-10T14:23:17.000000,10188.274949999974,-1759.700100000012,8428.574849999968
2025-03-10T14:23:17.000000,10188.274949999974,-1742.557300000011,8445.71764999997
2025-03-10T14:23:17.000000,10188.274949999974,-1818.5324500000113,8369.74249999997
2025-03-10T14:23:17.000000,10188.274949999974,-1891.509550000011,8296.76539999997
2025-03-10T14:23:22.000000,10188.274949999974,-1884.2593000000113,8304.015649999968
2025-03-10T14:23:22.000000,10188.274949999974,-1867.1165000000103,8321.15844999997
2025-03-10T14:23:27.000000,10188.274949999974,-1874.8685000000103,8313.40644999997
2025-03-10T14:23:27.000000,10188.274949999974,-1853.7251000000101,8334.54984999997
2025-03-10T14:23:27.000000,10188.274949999974,-1923.7041500000105,8264.57079999997
2025-03-10T14:23:32.000000,10188.274949999974,-1981.6862000000099,8206.588749999972
2025-03-10T14:23:42.000000,10188.274949999974,-2018.6699000000092,8169.605049999972
2025-03-10T14:23:52.000000,10188.274949999974,-2046.6522500000092,8141.622699999972
2025-03-10T14:23:57.000000,10188.274949999974,-2071.6365500000097,8116.638399999971
2025-03-10T14:24:02.000000,10188.274949999974,-2090.6199500000093,8097.654999999971
2025-03-10T14:24:07.000000,10188.274949999974,-2103.6024500000094,8084.672499999971
2025-03-10T14:24:12.000000,10188.274949999974,-2107.590800000009,8080.684149999971
2025-03-10T14:24:52.000000,10188.274949999974,-2107.892150000009,8080.382799999971
2025-03-10T14:24:52.000000,10188.274949999974,-2072.889050000009,8115.385899999971
2025-03-10T14:24:57.000000,10188.274949999974,-2092.6348500000095,8095.6400999999705
2025-03-10T14:24:57.000000,10188.274949999974,-2048.63520000001,8139.63974999997
2025-03-10T14:25:02.000000,10188.274949999974,-2010.6388500000105,8177.63609999997
2025-03-10T14:25:07.000000,10188.274949999974,-2022.3866500000097,8165.8882999999705
2025-03-10T14:25:07.000000,10188.274949999974,-1984.39270000001,8203.88224999997
2025-03-10T14:25:12.000000,10188.274949999974,-1943.4007000000101,8244.87424999997
2025-03-10T14:25:17.000000,10188.274949999974,-1941.8513500000104,8246.42359999997
2025-03-10T14:25:17.000000,10188.274949999974,-1906.8626500000103,8281.412299999969
2025-03-10T14:25:22.000000,10188.274949999974,-1874.8720000000105,8313.402949999969
2025-03-10T14:25:27.000000,10188.274949999974,-1839.8857000000103,8348.38924999997
2025-03-10T14:25:32.000000,10188.274949999974,-1823.5765000000097,8364.698449999969
2025-03-10T14:25:32.000000,10188.274949999974,-1794.5887000000093,8393.68624999997
2025-03-10T14:25:37.000000,10188.274949999974,-1778.2795000000087,8409.99544999997
2025-03-10T14:25:37.000000,10188.274949999974,-1758.7346500000094,8429.54029999997
2025-03-10T14:25:37.000000,10188.274949999974,-1723.7507500000092,8464.524199999969
2025-03-10T14:25:42.000000,10188.274949999974,-1691.7673000000084,8496.50764999997
2025-03-10T14:25:47.000000,10188.274949999974,-1665.7847500000087,8522.490199999971
2025-03-10T14:25:52.000000,10188.274949999974,-1636.8041500000095,8551.47079999997
2025-03-10T14:25:57.000000,10188.274949999974,-1607.821150000009,8580.45379999997
2025-03-10T14:26:02.000000,10188.274949999974,-1558.6607500000089,8629.61419999997
2025-03-10T14:26:02.000000,10188.274949999974,-1532.675800000009,8655.59914999997
2025-03-10T14:26:07.000000,10188.274949999974,-1483.5154000000089,8704.759549999972
2025-03-10T14:26:07.000000,10188.274949999974,-1466.5222000000083,8721.752749999972
2025-03-10T14:26:12.000000,10188.274949999974,-1413.3580000000088,8774.916949999972
2025-03-10T14:26:12.000000,10188.274949999974,-1405.3589500000087,8782.915999999972
2025-03-10T14:26:17.000000,10188.274949999974,-1400.3531500000079,8787.921799999973
2025-03-10T14:26:22.000000,10188.274949999974,-1347.1889500000084,8841.085999999972
2025-03-10T14:26:42.000000,10188.274949999974,-1312.4906500000081,8875.784299999972
2025-03-10T14:26:52.000000,10188.274949999974,-1270.791300000008,8917.483649999973
2025-03-10T14:27:07.000000,10188.274949999974,-1243.0940500000077,8945.180899999974
2025-03-10T14:27:17.000000,10188.274949999974,-1223.5492000000083,8964.725749999974
2025-03-10T14:27:22.000000,10188.274949999974,-1181.8498500000082,9006.425099999975
2025-03-10T14:27:32.000000,10188.274949999974,-1140.1505000000082,9048.124449999976
2025-03-10T14:27:42.000000,10188.274949999974,-1098.451150000008,9089.823799999976
2025-03-10T14:27:52.000000,10188.274949999974,-1042.7497000000083,9145.525249999977
2025-03-10T14:27:52.000000,10188.274949999974,-1004.7533500000087,9183.521599999976
2025-03-10T14:27:57.000000,10188.274949999974,-949.0519000000088,9239.223049999977
2025-03-10T14:28:02.000000,10188.274949999974,-893.3504500000089,9294.924499999977
2025-03-10T14:28:07.000000,10188.274949999974,-830.6479500000091,9357.626999999977
2025-03-10T14:28:12.000000,10188.274949999974,-777.6589500000093,9410.615999999976
2025-03-10T14:28:17.000000,10188.274949999974,-700.9543500000086,9487.320599999977
2025-03-10T14:28:22.000000,10188.274949999974,-631.2508000000078,9557.024149999977
2025-03-10T14:28:22.000000,10188.274949999974,-578.259400000007,9610.015549999978
2025-03-10T14:28:27.000000,10188.274949999974,-528.2660500000065,9660.008899999979
2025-03-10T14:28:32.000000,10188.274949999974,-451.56145000000583,9736.71349999998
2025-03-10T14:28:32.000000,10188.274949999974,-395.5696000000056,9792.70534999998
2025-03-10T14:28:42.000000,10188.274949999974,-304.8629000000052,9883.41204999998
2025-03-10T14:28:42.000000,10188.274949999974,-260.85845000000575,9927.41649999998
2025-03-10T14:28:47.000000,10188.274949999974,-177.1472000000052,10011.12774999998
2025-03-10T14:28:47.000000,10188.274949999974,-139.13885000000562,10049.13609999998
2025-03-10T14:28:52.000000,10188.274949999974,-55.42760000000507,10132.84734999998
2025-03-10T14:28:57.000000,10188.274949999974,28.283649999995475,10216.55859999998
2025-03-10T14:29:02.000000,10188.274949999974,104.99384999999617,10293.268799999982
2025-03-10T14:31:07.000000,10188.274949999974,116.01014999999579,10304.285099999981
2025-03-10T14:31:12.000000,10188.274949999974,130.02689999999586,10318.301849999982
2025-03-10T14:31:22.000000,10188.274949999974,138.04514999999608,10326.320099999983
2025-03-10T14:31:32.000000,10188.274949999974,149.0614499999957,10337.336399999982
2025-03-10T14:31:37.000000,10188.274949999974,160.08014999999637,10348.355099999982
2025-03-10T14:32:17.000000,10188.274949999974,153.10094999999637,10341.375899999983
2025-03-10T14:36:12.000000,10210.611449999975,153.10094999999637,10363.712399999984
2025-03-10T14:36:22.000000,10247.950199999976,153.10094999999637,10401.051149999985
2025-03-10T14:36:27.000000,10285.288949999976,153.10094999999637,10438.389899999986
2025-03-10T14:36:37.000000,10285.288949999976,187.8328499999967,10473.121799999986
2025-03-10T14:36:37.000000,10322.639699999976,187.8328499999967,10510.472549999986
2025-03-10T14:36:47.000000,10374.980699999976,187.8328499999967,10562.813549999986
2025-03-10T14:36:52.000000,10374.980699999976,215.5636999999972,10590.544399999986
2025-03-10T14:36:52.000000,10427.321699999977,215.5636999999972,10642.885399999986
2025-03-10T14:36:57.000000,10427.321699999977,229.309249999998,10656.630949999988
2025-03-10T14:36:57.000000,10479.662699999977,229.309249999998,10708.971949999988
2025-03-10T14:37:07.000000,10532.003699999977,229.309249999998,10761.312949999989
2025-03-10T14:37:12.000000,10569.342449999978,229.309249999998,10798.65169999999
2025-03-10T14:37:17.000000,10606.681199999979,229.309249999998,10835.99044999999
2025-03-10T14:37:22.000000,10629.01769999998,229.309249999998,10858.326949999991
2025-03-10T14:38:07.000000,10629.01769999998,213.32149999999766,10842.339199999991
2025-03-10T14:38:12.000000,10629.01769999998,203.33224999999825,10832.349949999993
2025-03-10T14:38:17.000000,10629.01769999998,196.90024999999827,10825.917949999992
2025-03-10T14:38:17.000000,10629.01769999998,177.91684999999853,10806.934549999993
2025-03-10T14:38:22.000000,10629.01769999998,171.48484999999854,10800.502549999992
2025-03-10T14:38:22.000000,10629.01769999998,149.5033999999994,10778.521099999993
2025-03-10T14:38:27.000000,10629.01769999998,127.52195000000026,10756.539649999993
2025-03-10T14:40:17.000000,10629.01769999998,89.86144999999956,10718.879149999993
2025-03-10T14:40:37.000000,10629.01769999998,127.04245000000076,10756.060149999994
2025-03-10T14:40:42.000000,10629.01769999998,168.22085000000115,10797.238549999995
2025-03-10T14:40:47.000000,10629.01769999998,209.39925000000153,10838.416949999995
2025-03-10T14:41:02.000000,10629.01769999998,254.57505000000256,10883.592749999996
2025-03-10T14:41:07.000000,10629.01769999998,291.75605000000377,10920.773749999997
2025-03-10T14:41:12.000000,10629.01769999998,332.9344500000042,10961.952149999997
2025-03-10T14:41:17.000000,10629.01769999998,370.11545000000535,10999.133149999998
2025-03-10T14:41:22.000000,10629.01769999998,380.43335000000604,11009.451049999998
2025-03-10T14:41:22.000000,10629.01769999998,417.6143500000072,11046.632049999998
2025-03-10T14:41:27.000000,10629.01769999998,454.798550000007,11083.816249999998
2025-03-10T14:41:57.000000,10629.01769999998,441.70325000000713,11070.720949999999
2025-03-10T14:42:12.000000,10629.01769999998,445.2337000000069,11074.2514
2025-03-10T14:43:07.000000,10629.01769999998,408.13960000000645,11037.157299999999
2025-03-10T14:43:22.000000,10629.01769999998,467.1607000000061,11096.178399999999
2025-03-10T14:43:27.000000,10629.01769999998,459.5047000000061,11088.522399999998
2025-03-10T14:45:02.000000,10629.01769999998,460.0147000000059,11089.032399999998
2025-03-10T14:45:02.000000,10629.01769999998,456.52730000000656,11085.544999999998
2025-03-10T14:45:02.000000,10629.01769999998,449.04250000000656,11078.060199999998
2025-03-10T14:45:02.000000,10629.01769999998,437.56030000000595,11066.577999999998
2025-03-11T09:51:27.000000,10629.01769999998,461.57150000000524,11090.589199999997
2025-03-11T09:51:32.000000,10629.01769999998,477.5879000000047,11106.605599999995
2025-03-11T09:51:47.000000,10629.01769999998,526.5627000000047,11155.580399999995
2025-03-11T09:54:42.000000,10629.01769999998,537.7302000000043,11166.747899999995
2025-03-11T09:56:12.000000,10629.01769999998,566.8908000000035,11195.908499999994
2025-03-11T09:56:22.000000,10629.01769999998,593.0581500000044,11222.075849999996
2025-03-11T09:56:22.000000,10629.01769999998,616.2274500000049,11245.245149999995
2025-03-11T09:56:32.000000,10629.01769999998,648.3933000000046,11277.410999999995
2025-03-11T09:59:07.000000,10629.01769999998,625.7829000000049,11254.800599999995
2025-03-11T09:59:12.000000,10629.01769999998,603.1661000000053,11232.183799999995
2025-03-11T09:59:17.000000,10629.01769999998,572.5513000000058,11201.568999999996
2025-03-11T09:59:22.000000,10629.01769999998,533.9449000000051,11162.962599999995
2025-03-11T10:00:12.000000,10629.01769999998,470.936500000005,11099.954199999995
2025-03-11T10:03:47.000000,10629.01769999998,478.0147500000038,11107.032449999993
2025-03-11T10:04:17.000000,10629.01769999998,516.2055000000045,11145.223199999993
2025-03-11T10:04:22.000000,10629.01769999998,554.3962500000051,11183.413949999993
2025-03-11T10:04:27.000000,10629.01769999998,592.5894000000047,11221.607099999992
2025-03-11T10:04:32.000000,10629.01769999998,639.7839000000047,11268.801599999992
2025-03-11T10:04:42.000000,10629.01769999998,689.981250000004,11318.99894999999
2025-03-11T10:05:52.000000,10600.30334999998,689.981250000004,11290.28459999999
2025-03-11T10:05:57.000000,10557.58689999998,689.981250000004,11247.56814999999
2025-03-11T10:06:12.000000,10557.58689999998,663.3446500000038,11220.93154999999
2025-03-11T10:06:37.000000,10557.58689999998,640.695850000004,11198.282749999991
2025-03-11T10:07:27.000000,10557.58689999998,642.0474500000039,11199.634349999991
2025-03-11T10:08:22.000000,10557.58689999998,619.3922500000028,11176.97914999999
2025-03-11T10:08:27.000000,10557.58689999998,588.7390500000033,11146.325949999991
2025-03-11T10:10:32.000000,10557.58689999998,350.6260000000033,10908.212899999991
2025-03-11T10:11:07.000000,10563.97299999998,350.6260000000033,10914.598999999991
2025-03-11T10:13:22.000000,10570.37029999998,350.6260000000033,10920.996299999992
2025-03-11T10:14:07.000000,10570.37029999998,431.05360000000337,11001.423899999992
2025-03-11T10:14:27.000000,10570.37029999998,385.2629500000026,10955.633249999992
2025-03-11T10:15:42.000000,10570.37029999998,384.4502500000025,10954.820549999991
2025-03-11T10:15:52.000000,10570.37029999998,371.6429500000026,10942.01324999999
2025-03-11T10:15:57.000000,10570.37029999998,358.8356500000027,10929.20594999999
2025-03-11T10:16:07.000000,10570.37029999998,340.03465000000296,10910.404949999991
2025-03-11T10:18:17.000000,10570.37029999998,367.6199000000022,10937.990199999991
2025-03-11T10:18:17.000000,10570.37029999998,412.09170000000177,10982.46199999999
2025-03-11T10:18:22.000000,10570.37029999998,425.6804500000013,10996.05074999999
2025-03-11T10:18:22.000000,10570.37029999998,470.1490500000009,11040.51934999999
2025-03-11T10:18:27.000000,10570.37029999998,476.7367500000006,11047.10704999999
2025-03-11T10:18:27.000000,10570.37029999998,525.2059499999993,11095.57624999999
2025-03-11T10:18:32.000000,10570.37029999998,524.7981999999992,11095.168499999989
2025-03-11T10:18:32.000000,10570.37029999998,514.9745499999987,11085.344849999989
2025-03-11T10:18:37.000000,10570.37029999998,514.5667999999985,11084.937099999988
2025-03-11T10:18:42.000000,10570.37029999998,514.1590499999983,11084.529349999988
2025-03-11T10:18:42.000000,10570.37029999998,546.6354499999989,11117.00574999999
2025-03-11T10:18:47.000000,10570.37029999998,542.8078999999983,11113.17819999999
2025-03-11T10:19:17.000000,10570.37029999998,550.9845499999985,11121.354849999989
2025-03-11T10:20:12.000000,10570.37029999998,559.2237499999997,11129.59404999999
2025-03-11T10:20:27.000000,10570.37029999998,575.3425499999992,11145.71284999999
2025-03-11T10:20:52.000000,10570.37029999998,599.4625499999985,11169.83284999999
2025-03-11T10:25:07.000000,10544.80759999998,599.4625499999985,11144.27014999999
2025-03-11T10:26:12.000000,10544.80759999998,560.7889499999977,11105.59654999999
2025-03-11T10:26:17.000000,10544.80759999998,493.0295499999969,11037.837149999988
2025-03-11T10:26:17.000000,10544.80759999998,466.3481499999966,11011.155749999989
2025-03-11T10:26:27.000000,10544.80759999998,423.6707499999967,10968.478349999988
2025-03-11T10:26:32.000000,10544.80759999998,372.99534999999696,10917.802949999988
2025-03-11T10:27:37.000000,10544.80759999998,354.1103499999972,10898.917949999988
2025-03-11T10:27:42.000000,10544.80759999998,335.22294999999747,10880.030549999989
2025-03-11T10:27:42.000000,10544.80759999998,296.02774999999673,10840.835349999988
2025-03-11T10:28:07.000000,10544.80759999998,317.5391499999968,10862.346749999988
2025-03-11T10:31:12.000000,10544.80759999998,361.75174999999643,10906.559349999987
2025-03-11T10:31:12.000000,10544.80759999998,400.252099999996,10945.059699999987
2025-03-11T10:31:17.000000,10544.80759999998,429.3598999999963,10974.167499999987
2025-03-11T10:31:17.000000,10544.80759999998,473.5724999999959,11018.380099999986
2025-03-11T10:31:17.000000,10544.80759999998,509.07239999999604,11053.879999999986
2025-03-11T10:31:27.000000,10544.80759999998,553.2849999999956,11098.092599999985
2025-03-11T10:31:27.000000,10544.80759999998,597.7862499999951,11142.593849999985
2025-03-11T10:31:42.000000,10544.80759999998,645.287949999995,11190.095549999985
2025-03-11T10:31:47.000000,10544.80759999998,692.7896499999949,11237.597249999986
2025-03-11T10:31:52.000000,10544.80759999998,740.2913499999948,11285.098949999987
2025-03-11T10:31:57.000000,10544.80759999998,784.7949999999954,11329.602599999987
2025-03-11T10:32:07.000000,10544.80759999998,832.2966999999953,11377.104299999988
2025-03-11T10:32:52.000000,10544.80759999998,864.800949999995,11409.608549999988
2025-03-11T10:32:57.000000,10544.80759999998,894.3047499999954,11439.112349999989
2025-03-11T10:33:17.000000,10544.80759999998,905.8154499999949,11450.623049999987
2025-03-11T10:35:27.000000,10530.72814999998,905.8154499999949,11436.543599999988
2025-03-11T10:35:37.000000,10530.650799999981,905.8154499999949,11436.466249999989
2025-03-11T10:35:47.000000,10509.575899999982,905.8154499999949,11415.391349999989
2025-03-11T10:35:52.000000,10488.500999999982,905.8154499999949,11394.31644999999
2025-03-11T10:35:57.000000,10460.425049999982,905.8154499999949,11366.240499999989
2025-03-11T10:36:12.000000,10435.704749999983,905.8154499999949,11341.52019999999
2025-03-11T10:36:17.000000,10400.151749999983,905.8154499999949,11305.96719999999
2025-03-11T10:36:17.000000,10372.428599999983,905.8154499999949,11278.24404999999
2025-03-11T10:36:57.000000,10350.877699999983,905.8154499999949,11256.69314999999
2025-03-11T10:37:07.000000,10329.326799999983,905.8154499999949,11235.14224999999
2025-03-11T10:37:27.000000,10307.775899999982,905.8154499999949,11213.59134999999
2025-03-11T10:37:32.000000,10265.245699999983,905.8154499999949,11171.06114999999
2025-03-11T10:37:37.000000,10229.703899999984,905.8154499999949,11135.519349999991
2025-03-11T10:38:07.000000,10208.017649999983,905.8154499999949,11113.83309999999
2025-03-11T10:42:32.000000,10208.017649999983,883.1571999999944,11091.17484999999
2025-03-11T10:47:52.000000,10205.525449999983,883.1571999999944,11088.68264999999
2025-03-11T10:47:57.000000,10142.608249999983,883.1571999999944,11025.76544999999
2025-03-11T10:48:07.000000,10144.119849999983,883.1571999999944,11027.27704999999
2025-03-11T10:48:12.000000,10125.628449999984,883.1571999999944,11008.78564999999
2025-03-11T10:48:17.000000,10132.137749999985,883.1571999999944,11015.294949999992
2025-03-11T10:48:17.000000,10111.130049999985,883.1571999999944,10994.287249999992
2025-03-11T10:48:37.000000,10090.122349999985,883.1571999999944,10973.279549999992
2025-03-11T10:48:37.000000,10090.122349999985,987.3899999999945,11077.512349999992
2025-03-11T10:48:42.000000,10090.122349999985,1105.6248999999943,11195.747249999991
2025-03-11T10:48:52.000000,10076.115699999986,1105.6248999999943,11181.740599999992
2025-03-11T10:49:02.000000,10055.107999999986,1105.6248999999943,11160.732899999992
2025-03-11T10:49:12.000000,10048.476799999986,1105.6248999999943,11154.101699999992
2025-03-11T10:49:32.000000,10005.852199999987,1105.6248999999943,11111.477099999993
2025-03-11T10:50:12.000000,9977.893199999988,1105.6248999999943,11083.518099999994
2025-03-11T10:50:17.000000,9977.893199999988,1065.139949999995,11043.033149999994
2025-03-11T10:50:22.000000,9934.935949999988,1065.139949999995,11000.075899999994
2025-03-11T10:51:17.000000,9967.30579999999,1065.139949999995,11032.445749999995
2025-03-11T10:54:12.000000,10015.653399999988,1065.139949999995,11080.793349999994
2025-03-11T10:55:27.000000,10068.529599999987,1065.139949999995,11133.669549999993
2025-03-11T10:55:37.000000,10068.529599999987,1057.445549999995,11125.975149999993
2025-03-11T10:55:47.000000,10070.563099999987,1057.445549999995,11128.008649999992
2025-03-11T10:58:07.000000,10070.563099999987,1008.2936499999946,11078.856749999992
2025-03-11T10:58:12.000000,10070.563099999987,953.6336499999945,11024.196749999992
2025-03-11T10:58:22.000000,10070.563099999987,895.977999999994,10966.541099999991
2025-03-11T10:58:27.000000,10070.563099999987,838.3223499999935,10908.88544999999
2025-03-11T10:58:42.000000,10070.563099999987,827.7297499999944,10898.29284999999
2025-03-11T10:58:47.000000,10070.563099999987,834.6702499999941,10905.233349999991
2025-03-11T10:59:17.000000,10070.563099999987,876.5991999999943,10947.16229999999
2025-03-11T10:59:27.000000,10070.563099999987,932.5246499999942,11003.087749999992
2025-03-11T10:59:32.000000,10070.563099999987,988.4500999999941,11059.013199999992
2025-03-11T10:59:37.000000,10070.563099999987,1037.3800999999942,11107.943199999992
2025-03-11T10:59:42.000000,10070.563099999987,1100.300999999994,11170.864099999992
2025-03-11T10:59:47.000000,10070.563099999987,1156.226449999994,11226.789549999992
2025-03-11T10:59:52.000000,10070.563099999987,1219.1529499999938,11289.716049999992
2025-03-11T10:59:57.000000,10070.563099999987,1275.0839999999937,11345.647099999991
2025-03-11T11:00:07.000000,10070.563099999987,1317.0185499999939,11387.581649999991
2025-03-11T11:00:37.000000,10070.563099999987,1274.8284999999933,11345.39159999999
2025-03-11T11:00:37.000000,10070.563099999987,1310.1507999999935,11380.71389999999
2025-03-11T11:00:42.000000,10070.563099999987,1345.4730999999938,11416.03619999999
2025-03-11T11:00:47.000000,10070.563099999987,1383.7934499999933,11454.35654999999
2025-03-11T11:01:22.000000,10070.563099999987,1413.1940499999932,11483.75714999999
2025-03-11T11:01:22.000000,10070.563099999987,1460.5037499999933,11531.06684999999
2025-03-11T11:01:27.000000,10070.563099999987,1493.9049499999937,11564.46804999999
2025-03-11T11:01:37.000000,10070.563099999987,1556.207299999994,11626.77039999999
2025-03-11T11:01:52.000000,10070.563099999987,1621.5052999999934,11692.06839999999
2025-03-11T11:01:57.000000,10070.563099999987,1689.8037499999934,11760.36684999999
2025-03-11T11:02:02.000000,10070.563099999987,1758.1021999999934,11828.66529999999
2025-03-11T11:02:17.000000,10070.563099999987,1820.4021499999935,11890.96524999999
2025-03-11T11:02:27.000000,10070.563099999987,1879.7040499999932,11950.26714999999
2025-03-11T11:02:32.000000,10070.563099999987,1936.0078999999935,12006.57099999999
2025-03-11T11:02:37.000000,10070.563099999987,1989.3112999999933,12059.87439999999
2025-03-11T11:02:42.000000,10070.563099999987,2036.6185999999932,12107.18169999999
2025-03-11T11:03:07.000000,10070.563099999987,2068.9332499999928,12139.49634999999
2025-03-11T11:03:27.000000,10076.881999999987,2068.9332499999928,12145.81524999999
2025-03-11T11:03:37.000000,10069.209999999986,2068.9332499999928,12138.14324999999
2025-03-11T11:03:42.000000,10061.537999999986,2068.9332499999928,12130.47124999999
2025-03-11T11:06:07.000000,10061.537999999986,2089.9038499999933,12151.44184999999
2025-03-11T11:06:32.000000,10061.537999999986,2117.8754999999937,12179.413499999991
2025-03-11T11:07:07.000000,10061.537999999986,2145.858349999994,12207.396349999992
2025-03-11T11:07:52.000000,10061.537999999986,2273.419399999993,12334.95739999999
2025-03-11T11:07:57.000000,10061.537999999986,2391.986299999992,12453.52429999999
2025-03-11T11:08:02.000000,10061.537999999986,2510.5531999999907,12572.09119999999
2025-03-11T11:08:12.000000,10061.537999999986,2620.1403499999915,12681.678349999991
2025-03-11T11:12:17.000000,10026.085799999986,2620.1403499999915,12646.226149999991
2025-03-11T11:13:02.000000,10026.085799999986,2616.668949999992,12642.754749999993
2025-03-11T11:14:12.000000,10019.256999999987,2616.668949999992,12635.925949999993
2025-03-11T11:15:12.000000,10042.673499999986,2616.668949999992,12659.342449999993
2025-03-11T11:16:12.000000,10042.673499999986,2609.512149999992,12652.185649999992
2025-03-11T11:16:27.000000,10042.673499999986,2595.359899999991,12638.033399999991
2025-03-11T11:19:42.000000,10042.673499999986,2539.330149999992,12582.003649999991
2025-03-11T11:19:47.000000,10042.673499999986,2483.3003999999933,12525.973899999992
2025-03-11T11:19:57.000000,10042.673499999986,2434.2660999999944,12476.939599999992
2025-03-11T11:20:17.000000,10042.673499999986,2399.2282999999948,12441.901799999992
2025-03-11T11:20:27.000000,10042.673499999986,2357.1950499999957,12399.868549999994
2025-03-11T11:20:32.000000,10042.673499999986,2322.157249999996,12364.830749999994
2025-03-11T11:20:37.000000,10042.673499999986,2280.123999999997,12322.797499999995
2025-03-11T11:21:12.000000,10042.673499999986,2252.0816499999974,12294.755149999995
2025-03-11T11:21:17.000000,10042.673499999986,2224.0392999999976,12266.712799999996
2025-03-11T11:21:22.000000,10042.673499999986,2195.996949999998,12238.670449999996
2025-03-11T11:21:27.000000,10042.673499999986,2167.954599999998,12210.628099999996
2025-03-11T11:21:32.000000,10042.673499999986,2146.9076999999984,12189.581199999997
2025-03-11T11:21:47.000000,10042.673499999986,2132.8618499999984,12175.535349999996
2025-03-11T11:21:57.000000,10042.673499999986,2125.8114499999983,12168.484949999996
2025-03-11T11:22:02.000000,10042.673499999986,2128.1959999999985,12170.869499999997
2025-03-11T11:22:17.000000,10042.673499999986,2136.579049999999,12179.252549999997
2025-03-11T11:22:22.000000,10042.673499999986,2147.9601499999985,12190.633649999998
2025-03-11T11:22:42.000000,10042.673499999986,2159.3460499999983,12202.019549999997
2025-03-11T11:22:47.000000,10042.673499999986,2170.734349999999,12213.407849999998
2025-03-11T11:23:12.000000,10042.673499999986,2198.6723999999995,12241.345899999998
2025-03-11T11:23:17.000000,10042.673499999986,2219.614999999999,12262.288499999999
2025-03-11T11:23:27.000000,10042.673499999986,2240.5575999999983,12283.231099999997
2025-03-11T11:23:37.000000,10042.673499999986,2247.503699999998,12290.177199999996
2025-03-11T11:23:42.000000,10042.673499999986,2254.4497999999976,12297.123299999996
2025-03-11T11:23:52.000000,10042.673499999986,2261.3958999999973,12304.069399999995
2025-03-11T11:24:02.000000,10042.673499999986,2275.337449999997,12318.010949999994
2025-03-11T11:25:27.000000,10042.673499999986,2317.143199999996,12359.816699999994
2025-03-11T11:25:42.000000,10042.673499999986,2365.9443999999958,12408.617899999994
2025-03-11T11:25:52.000000,10042.673499999986,2421.7410499999955,12464.414549999994
2025-03-11T11:25:57.000000,10042.673499999986,2484.538749999995,12527.212249999993
2025-03-11T11:26:22.000000,10042.673499999986,2518.8506499999953,12561.524149999994
2025-03-11T11:26:22.000000,10042.673499999986,2548.2368499999957,12590.910349999995
2025-03-11T11:26:27.000000,10042.673499999986,2583.626349999996,12626.299849999994
2025-03-11T11:26:42.000000,10042.673499999986,2607.791149999995,12650.464649999993
2025-03-11T11:26:47.000000,10042.673499999986,2635.956549999995,12678.630049999992
2025-03-11T11:26:52.000000,10042.673499999986,2664.1219499999947,12706.795449999992
2025-03-11T11:27:22.000000,10042.673499999986,2678.522699999995,12721.196199999993
2025-03-11T13:00:27.000000,10042.673499999986,2608.457249999995,12651.130749999993
2025-03-11T13:05:12.000000,10042.673499999986,2611.9964999999947,12654.669999999993
2025-03-11T13:06:52.000000,10042.673499999986,2604.0044999999946,12646.677999999993
2025-03-11T13:06:57.000000,10042.673499999986,2568.261099999995,12610.934599999993
2025-03-11T13:07:37.000000,10042.673499999986,2610.0892499999954,12652.762749999993
2025-03-11T13:07:37.000000,10042.673499999986,2636.477399999995,12679.150899999993
2025-03-11T13:07:37.000000,10042.673499999986,2665.8635999999956,12708.537099999994
2025-03-11T13:07:57.000000,10042.673499999986,2695.249799999996,12737.923299999995
2025-03-11T13:08:07.000000,10042.673499999986,2724.638399999996,12767.311899999995
2025-03-11T13:08:22.000000,10042.673499999986,2660.9243999999962,12703.597899999995
2025-03-11T13:08:22.000000,10042.673499999986,2681.311649999996,12723.985149999995
2025-03-11T13:08:37.000000,10042.673499999986,2631.5885499999968,12674.262049999996
2025-03-11T13:08:47.000000,10042.673499999986,2638.4394499999967,12681.112949999995
2025-03-11T13:09:17.000000,10042.673499999986,2637.8307499999964,12680.504249999994
2025-03-11T13:09:17.000000,10042.673499999986,2634.223999999997,12676.897499999995
2025-03-11T13:09:17.000000,10042.673499999986,2624.6211499999977,12667.294649999996
2025-03-11T13:09:17.000000,10042.673499999986,2612.0202499999978,12654.693749999997
2025-03-11T13:11:27.000000,10042.673499999986,2534.304149999998,12576.977649999997
2025-03-11T13:13:02.000000,10042.673499999986,2551.1941499999975,12593.867649999997
2025-03-11T13:13:07.000000,10042.673499999986,2568.084149999997,12610.757649999996
2025-03-11T13:15:52.000000,10042.673499999986,2515.726199999998,12558.399699999996
2025-03-11T13:15:57.000000,10042.673499999986,2454.366899999999,12497.040399999998
2025-03-11T13:16:02.000000,10042.673499999986,2456.392399999999,12499.065899999998
2025-03-11T13:16:02.000000,10042.673499999986,2386.03895,12428.712449999999
2025-03-11T13:16:07.000000,10042.673499999986,2388.06445,12430.737949999999
2025-03-11T13:16:07.000000,10042.673499999986,2344.7078500000007,12387.38135
2025-03-11T13:16:12.000000,10042.673499999986,2301.3512500000015,12344.02475
2025-03-11T13:16:17.000000,10042.673499999986,2298.3800000000006,12341.0535
2025-03-11T13:16:17.000000,10042.673499999986,2255.0306000000014,12297.7041
2025-03-11T13:16:22.000000,10042.673499999986,2202.6798500000023,12245.353350000001
2025-03-11T13:16:27.000000,10042.673499999986,2202.5969000000023,12245.270400000001
2025-03-11T13:16:27.000000,10042.673499999986,2141.2520000000018,12183.925500000001
2025-03-11T13:16:32.000000,10042.673499999986,2107.631150000002,12150.304650000002
2025-03-11T13:16:37.000000,10042.673499999986,2062.0157000000013,12104.6892
2025-03-11T13:16:47.000000,10042.673499999986,2018.6663000000021,12061.339800000002
2025-03-11T13:17:37.000000,10042.673499999986,1997.5074000000025,12040.180900000001
2025-03-11T13:18:27.000000,10042.673499999986,1997.3236500000023,12039.997150000001
2025-03-11T13:18:37.000000,10042.673499999986,1983.1434000000024,12025.816900000002
2025-03-11T13:18:42.000000,10042.673499999986,1968.9631500000025,12011.636650000002
2025-03-11T13:18:47.000000,10042.673499999986,1954.7829000000027,11997.456400000003
2025-03-11T13:19:02.000000,10042.673499999986,1940.6026500000028,11983.276150000003
2025-03-11T13:19:07.000000,10042.673499999986,1919.421350000003,11962.094850000003
2025-03-11T13:21:27.000000,10042.673499999986,1905.3475000000033,11948.021000000002
2025-03-11T13:22:22.000000,10042.673499999986,1877.7131500000032,11920.386650000002
2025-03-11T13:22:22.000000,10042.673499999986,1850.0788000000032,11892.752300000002
2025-03-11T13:23:22.000000,10042.673499999986,1887.6767500000037,11930.350250000003
2025-03-11T13:23:22.000000,10042.673499999986,1842.030100000004,11884.703600000003
2025-03-11T13:23:27.000000,10042.673499999986,1796.3834500000044,11839.056950000002
2025-03-11T13:23:37.000000,10042.673499999986,1824.9872500000035,11867.660750000001
2025-03-11T13:23:42.000000,10042.673499999986,1776.3377500000033,11819.011250000001
2025-03-11T13:23:57.000000,10042.673499999986,1727.688250000003,11770.361750000002
2025-03-11T13:25:27.000000,10042.673499999986,1727.493300000003,11770.1668
2025-03-11T13:25:32.000000,10042.673499999986,1727.1583500000029,11769.83185
2025-03-11T13:25:52.000000,10042.673499999986,1719.385550000003,11762.05905
2025-03-11T13:28:02.000000,10042.673499999986,1747.1500000000021,11789.823499999999
2025-03-11T13:28:12.000000,10042.673499999986,1767.9190000000015,11810.592499999999
2025-03-11T13:28:22.000000,10042.673499999986,1806.258550000002,11848.93205
2025-03-11T13:28:32.000000,10042.673499999986,1847.5961500000021,11890.26965
2025-03-11T13:28:42.000000,10042.673499999986,1891.9318000000026,11934.605300000001
2025-03-11T13:28:52.000000,10042.673499999986,1936.269850000002,11978.943350000001
2025-03-11T13:28:57.000000,10042.673499999986,1980.6079000000013,12023.281400000002
2025-03-11T13:29:02.000000,10042.673499999986,2027.9416000000024,12070.615100000003
2025-03-11T13:32:17.000000,10042.673499999986,2009.3807500000025,12052.054250000003
2025-03-11T13:32:32.000000,10042.673499999986,1990.8199000000027,12033.493400000003
2025-03-11T13:33:22.000000,10042.673499999986,2018.6235500000018,12061.297050000003
2025-03-11T13:39:42.000000,10042.673499999986,2036.0055500000012,12078.679050000002
2025-03-11T13:40:17.000000,10042.673499999986,2083.410600000002,12126.084100000004
2025-03-11T13:40:22.000000,10042.673499999986,2119.822800000003,12162.496300000004
2025-03-11T13:40:27.000000,10042.673499999986,2098.0703000000035,12140.743800000004
2025-03-11T13:40:37.000000,10042.673499999986,2145.4753500000043,12188.148850000005
2025-03-11T13:40:47.000000,10042.673499999986,2214.8749000000043,12257.548400000005
2025-03-11T13:42:27.000000,10042.673499999986,2263.1105000000043,12305.784000000005
2025-03-11T13:47:52.000000,10026.685099999986,2263.1105000000043,12289.795600000005
2025-03-11T13:48:17.000000,10026.585349999987,2263.1105000000043,12289.695850000006
2025-03-11T13:48:22.000000,10026.468799999986,2263.1105000000043,12289.579300000005
2025-03-11T13:50:42.000000,10026.468799999986,2307.8639000000053,12334.332700000006
2025-03-11T13:51:17.000000,10026.468799999986,2356.721100000005,12383.189900000007
2025-03-11T13:51:22.000000,10026.468799999986,2398.5828500000052,12425.051650000007
2025-03-11T13:51:42.000000,10026.468799999986,2362.839450000006,12389.308250000007
2025-03-11T13:51:47.000000,10026.468799999986,2411.696650000006,12438.165450000008
2025-03-11T13:51:57.000000,10026.468799999986,2474.5559500000054,12501.024750000008
2025-03-11T13:52:02.000000,10026.468799999986,2530.414200000005,12556.883000000007
2025-03-11T13:52:17.000000,10026.468799999986,2579.282600000005,12605.751400000006
2025-03-11T13:52:22.000000,10026.468799999986,2621.1555500000054,12647.624350000007
2025-03-11T13:52:27.000000,10026.468799999986,2642.036550000006,12668.505350000009
2025-03-11T13:52:52.000000,10026.468799999986,2592.2910500000057,12618.759850000008
2025-03-11T13:55:07.000000,10026.468799999986,2637.0604500000054,12663.529250000007
2025-03-11T13:56:52.000000,10026.468799999986,2654.471250000005,12680.940050000007
2025-03-11T13:56:52.000000,10026.468799999986,2668.884000000005,12695.352800000006
2025-03-11T13:56:52.000000,10026.468799999986,2686.2948000000047,12712.763600000006
2025-03-11T13:56:52.000000,10026.468799999986,2703.7056000000043,12730.174400000005
2025-03-11T13:56:52.000000,10026.468799999986,2721.116400000004,12747.585200000005
2025-03-11T13:57:22.000000,10026.468799999986,2744.5257000000042,12770.994500000006
2025-03-11T13:57:22.000000,10026.468799999986,2767.9350000000045,12794.403800000007
2025-03-11T13:57:22.000000,10026.468799999986,2791.3443000000048,12817.813100000008
2025-03-11T13:57:27.000000,10026.468799999986,2808.7551000000044,12835.223900000008
2025-03-11T13:57:37.000000,10026.468799999986,2820.167400000004,12846.636200000008
2025-03-11T13:57:42.000000,10026.468799999986,2825.578800000004,12852.047600000007
2025-03-11T13:57:47.000000,10026.468799999986,2821.9960500000034,12848.464850000006
2025-03-11T13:57:52.000000,10026.468799999986,2815.4128500000033,12841.881650000007
2025-03-11T13:57:57.000000,10026.468799999986,2815.4027000000033,12841.871500000007
2025-03-11T13:58:02.000000,10026.468799999986,2811.8223500000036,12838.291150000006
2025-03-11T13:58:12.000000,10026.468799999986,2825.808700000004,12852.277500000007
2025-03-11T13:58:17.000000,10026.468799999986,2839.7950500000047,12866.263850000008
2025-03-11T13:58:52.000000,10026.468799999986,2846.7803500000055,12873.249150000009
2025-03-11T13:58:57.000000,10026.468799999986,2860.761100000006,12887.22990000001
2025-03-11T13:59:07.000000,10026.468799999986,2874.7418500000067,12901.21065000001
2025-03-11T13:59:17.000000,10026.468799999986,2902.724700000007,12929.19350000001
2025-03-11T13:59:22.000000,10026.468799999986,2930.7075500000074,12957.17635000001
2025-03-11T14:00:32.000000,10026.468799999986,2965.6802500000076,12992.14905000001
2025-03-11T14:00:37.000000,10026.468799999986,3000.652950000008,13027.121750000011
2025-03-11T14:00:42.000000,10026.468799999986,3035.620050000008,13062.088850000011
2025-03-11T14:00:47.000000,10026.468799999986,3056.5962500000087,13083.065050000012
2025-03-11T14:00:52.000000,10026.468799999986,3084.573500000009,13111.042300000012
2025-03-11T14:00:57.000000,10026.468799999986,3112.5451500000095,13139.013950000013
2025-03-11T14:01:02.000000,10026.468799999986,3126.52590000001,13152.994700000014
2025-03-11T14:01:07.000000,10026.468799999986,3115.1013000000094,13141.570100000014
2025-03-11T14:01:12.000000,10026.468799999986,3091.6813000000097,13118.150100000013
2025-03-11T14:01:17.000000,10026.468799999986,3098.6610000000105,13125.129800000015
2025-03-11T14:03:52.000000,10026.468799999986,3062.070900000011,13088.539700000016
2025-03-11T14:04:02.000000,10026.468799999986,3054.942100000011,13081.410900000015
2025-03-11T14:04:12.000000,10026.468799999986,3040.8122500000113,13067.281050000016
2025-03-11T14:04:27.000000,10026.468799999986,3019.6813500000117,13046.150150000016
2025-03-11T14:04:37.000000,10026.468799999986,3005.545900000012,13032.014700000016
2025-03-11T14:05:12.000000,10026.468799999986,2977.4139500000124,13003.882750000017
2025-03-11T14:05:22.000000,10026.468799999986,2942.280950000013,12968.749750000017
2025-03-11T14:06:57.000000,10026.468799999986,2916.6894500000135,12943.158250000017
2025-03-11T14:07:12.000000,10026.468799999986,2891.097950000014,12917.566750000016
2025-03-11T14:07:17.000000,10026.468799999986,2854.4838500000137,12880.952650000016
2025-03-11T14:07:27.000000,10026.468799999986,2823.8658500000142,12850.334650000015
2025-03-11T14:07:32.000000,10026.468799999986,2750.2351500000136,12776.703950000016
2025-03-11T14:07:32.000000,10026.468799999986,2719.617150000014,12746.085950000015
2025-03-11T14:07:42.000000,10026.468799999986,2688.9967500000134,12715.465550000015
2025-03-11T14:07:47.000000,10026.468799999986,2655.3783000000135,12681.847100000015
2025-03-11T14:07:52.000000,10026.468799999986,2618.759400000014,12645.228200000016
2025-03-11T14:07:57.000000,10026.468799999986,2579.140050000014,12605.608850000017
2025-03-11T14:08:02.000000,10026.468799999986,2536.522650000014,12562.991450000016
2025-03-11T14:08:07.000000,10026.468799999986,2493.905250000014,12520.374050000015
2025-03-11T14:08:17.000000,10026.468799999986,2451.285450000015,12477.754250000016
2025-03-11T14:08:22.000000,10026.468799999986,2411.666100000015,12438.134900000017
2025-03-11T14:08:27.000000,10026.468799999986,2369.046300000016,12395.515100000019
2025-03-11T14:08:32.000000,10026.468799999986,2326.428900000016,12352.897700000018
2025-03-11T14:08:37.000000,10026.468799999986,2283.8139000000156,12310.282700000018
2025-03-11T14:08:42.000000,10026.468799999986,2241.1989000000153,12267.667700000018
2025-03-11T14:08:47.000000,10026.468799999986,2201.5843500000146,12228.053150000018
2025-03-11T14:08:52.000000,10026.468799999986,2178.602100000015,12205.070900000019
2025-03-11T14:11:27.000000,10026.468799999986,2185.4250000000147,12211.893800000018
2025-03-11T14:11:32.000000,10026.468799999986,2192.2479000000144,12218.716700000017
2025-03-11T14:11:32.000000,10026.468799999986,2206.6270500000146,12233.095850000018
2025-03-11T14:11:37.000000,10026.468799999986,2206.4545000000144,12232.923300000019
2025-03-11T14:11:42.000000,10026.468799999986,2199.2865000000143,12225.755300000019
2025-03-11T14:11:47.000000,10026.468799999986,2199.119550000014,12225.588350000018
2025-03-11T14:11:57.000000,10026.468799999986,2198.9526000000137,12225.421400000017
2025-03-11T14:12:02.000000,10026.468799999986,2180.9751000000138,12207.443900000018
2025-03-11T14:12:02.000000,10026.468799999986,2180.8081500000135,12207.276950000018
2025-03-11T14:12:02.000000,10026.468799999986,2195.1849000000134,12221.653700000017
2025-03-11T14:12:12.000000,10026.468799999986,2187.2049000000134,12213.673700000018
2025-03-11T14:12:17.000000,10026.468799999986,2169.2274000000134,12195.696200000019
2025-03-11T14:12:47.000000,10026.468799999986,2183.174550000013,12209.643350000018
2025-03-11T14:12:52.000000,10026.468799999986,2184.058950000014,12210.52775000002
2025-03-11T14:12:57.000000,10026.468799999986,2191.010650000014,12217.479450000019
2025-03-11T14:13:02.000000,10026.468799999986,2190.9669000000135,12217.435700000018
2025-03-11T14:13:07.000000,10026.468799999986,2197.918600000013,12224.387400000018
2025-03-11T14:13:17.000000,10026.468799999986,2183.878350000013,12210.347150000018
2025-03-11T14:13:22.000000,10026.468799999986,2176.7615500000134,12203.230350000018
2025-03-11T14:13:37.000000,10026.468799999986,2152.1204500000135,12178.58925000002
2025-03-11T14:13:47.000000,10026.468799999986,2118.4804000000136,12144.94920000002
2025-03-11T14:13:52.000000,10026.468799999986,2075.8414000000134,12102.310200000018
2025-03-11T14:13:57.000000,10026.468799999986,2030.2019500000138,12056.670750000018
2025-03-11T14:14:02.000000,10026.468799999986,1972.5631000000133,11999.031900000016
2025-03-11T14:17:02.000000,10026.468799999986,1949.5688500000135,11976.037650000017
2025-03-11T14:17:07.000000,10026.468799999986,1926.5746000000138,11953.043400000017
2025-03-11T14:17:22.000000,10026.468799999986,1903.580350000014,11930.049150000017
2025-03-11T14:18:32.000000,10026.468799999986,1900.957100000013,11927.425900000017
2025-03-11T14:19:22.000000,10026.468799999986,1897.2831500000136,11923.751950000016
2025-03-11T14:19:27.000000,10026.468799999986,1896.6072500000134,11923.076050000016
2025-03-11T14:19:32.000000,10026.468799999986,1901.9298500000143,11928.398650000017
2025-03-11T14:19:37.000000,10026.468799999986,1899.2866000000133,11925.755400000016
2025-03-11T14:19:42.000000,10026.468799999986,1916.6038000000128,11943.072600000016
2025-03-11T14:19:47.000000,10026.468799999986,1936.9214500000128,11963.390250000015
2025-03-11T14:19:52.000000,10026.468799999986,1960.239550000012,11986.708350000014
2025-03-11T14:19:57.000000,10026.468799999986,1981.1653500000127,12007.634150000014
2025-03-11T14:19:57.000000,10026.468799999986,1995.489300000013,12021.958100000014
2025-03-11T14:20:02.000000,10026.468799999986,2015.809350000013,12042.278150000015
2025-03-11T14:20:07.000000,10026.468799999986,2029.7341000000138,12056.202900000015
2025-03-11T14:20:07.000000,10026.468799999986,2050.0541500000136,12076.522950000015
2025-03-11T14:20:12.000000,10026.468799999986,2070.3766000000137,12096.845400000015
2025-03-11T14:20:17.000000,10026.468799999986,2090.6966500000135,12117.165450000015
2025-03-11T14:20:22.000000,10026.468799999986,2111.0191000000136,12137.487900000015
2025-03-11T14:20:27.000000,10026.468799999986,2134.342000000013,12160.810800000014
2025-03-11T14:20:32.000000,10026.468799999986,2148.272350000014,12174.741150000014
2025-03-11T14:20:32.000000,10026.468799999986,2171.595250000013,12198.064050000014
2025-03-11T14:20:37.000000,10026.468799999986,2192.5210500000135,12218.989850000014
2025-03-11T14:20:37.000000,10026.468799999986,2212.8483000000133,12239.317100000015
2025-03-11T14:20:42.000000,10026.468799999986,2233.1779500000143,12259.646750000016
2025-03-11T14:20:47.000000,10026.468799999986,2247.102700000015,12273.571500000016
2025-03-11T14:20:52.000000,10026.468799999986,2254.032000000016,12280.500800000018
2025-03-11T14:20:57.000000,10026.468799999986,2268.3655500000164,12294.834350000017
2025-03-11T14:21:02.000000,10026.468799999986,2276.7030000000163,12303.171800000018
2025-03-11T14:21:17.000000,10026.468799999986,2253.7087500000166,12280.177550000019
2025-03-11T14:21:47.000000,10026.468799999986,2288.625450000017,12315.094250000018
2025-03-11T14:21:52.000000,10026.468799999986,2316.546700000017,12343.01550000002
2025-03-11T14:22:07.000000,10026.468799999986,2351.4634000000174,12377.93220000002
2025-03-11T14:22:12.000000,10026.468799999986,2379.3846500000177,12405.85345000002
2025-03-11T14:22:17.000000,10026.468799999986,2407.305900000018,12433.774700000022
2025-03-11T14:22:22.000000,10026.468799999986,2435.2271500000184,12461.695950000023
2025-03-11T14:22:27.000000,10026.468799999986,2463.1484000000187,12489.617200000024
2025-03-11T14:22:32.000000,10026.468799999986,2491.069650000019,12517.538450000025
2025-03-11T14:22:37.000000,10026.468799999986,2518.9909000000193,12545.459700000027
2025-03-11T14:22:47.000000,10026.468799999986,2546.9121500000197,12573.380950000028
2025-03-11T14:22:57.000000,10026.468799999986,2581.83445000002,12608.303250000028
2025-03-11T14:23:37.000000,10026.468799999986,2602.1617000000197,12628.630500000028
2025-03-11T14:24:07.000000,10026.468799999986,2559.56845000002,12586.037250000029
2025-03-11T14:31:02.000000,10026.468799999986,2580.4942500000207,12606.96305000003
2025-03-11T14:31:07.000000,10026.468799999986,2507.4973000000195,12533.966100000029
2025-03-11T14:31:27.000000,10026.468799999986,2421.498400000019,12447.967200000028
2025-03-11T14:31:32.000000,10026.468799999986,2322.507950000019,12348.976750000027
2025-03-11T14:31:47.000000,10026.468799999986,2322.4362000000187,12348.905000000026
2025-03-11T14:33:07.000000,10026.468799999986,2345.6199000000192,12372.088700000026
2025-03-11T14:33:17.000000,10026.468799999986,2380.793400000018,12407.262200000025
2025-03-11T14:33:17.000000,10026.468799999986,2361.3804000000173,12387.849200000024
2025-03-11T14:33:32.000000,10026.468799999986,2357.886600000018,12384.355400000024
2025-03-11T14:33:32.000000,10026.468799999986,2342.098050000018,12368.566850000023
2025-03-11T14:33:37.000000,10026.468799999986,2330.6094500000186,12357.078250000024
2025-03-11T14:33:37.000000,10026.468799999986,2305.826750000018,12332.295550000023
2025-03-11T14:33:42.000000,10026.468799999986,2298.335550000018,12324.804350000022
2025-03-11T14:33:42.000000,10026.468799999986,2200.159500000019,12226.628300000022
2025-03-11T14:33:47.000000,10026.468799999986,2180.6761000000183,12207.144900000021
2025-03-11T14:33:47.000000,10026.468799999986,2089.501100000019,12115.969900000022
2025-03-11T14:33:47.000000,10026.468799999986,2034.737900000019,12061.206700000022
2025-03-11T14:33:52.000000,10026.468799999986,2015.2577000000185,12041.726500000022
2025-03-11T14:33:52.000000,10026.468799999986,1931.0837500000189,11957.552550000022
2025-03-11T14:33:57.000000,10026.468799999986,1907.6061500000178,11934.07495000002
2025-03-11T14:33:57.000000,10026.468799999986,1830.433250000018,11856.90205000002
2025-03-11T14:34:07.000000,10026.468799999986,1814.9504500000166,11841.419250000019
2025-03-11T14:34:07.000000,10026.468799999986,1737.7831500000168,11764.25195000002
2025-03-11T14:34:12.000000,10026.468799999986,1667.6169000000168,11694.08570000002
2025-03-11T14:35:02.000000,10026.468799999986,1660.1289000000168,11686.59770000002
2025-03-11T14:35:07.000000,10026.468799999986,1652.6409000000167,11679.10970000002
2025-03-11T14:35:12.000000,10026.468799999986,1649.1535000000174,11675.622300000021
2025-03-11T14:35:17.000000,10026.468799999986,1641.6687000000175,11668.13750000002
2025-03-11T14:35:17.000000,10026.468799999986,1661.8879500000173,11688.35675000002
2025-03-11T14:35:32.000000,10026.468799999986,1646.4083500000174,11672.87715000002
2025-03-11T14:36:07.000000,10026.468799999986,1624.9358500000178,11651.40465000002
2025-03-11T14:36:27.000000,10026.468799999986,1687.144600000018,11713.61340000002
2025-03-11T14:37:12.000000,10026.468799999986,1644.585600000018,11671.05440000002
2025-03-11T14:37:37.000000,10026.468799999986,1669.6144000000188,11696.083200000021
2025-03-11T14:37:42.000000,10026.468799999986,1694.646400000018,11721.11520000002
2025-03-11T14:37:47.000000,10026.468799999986,1719.6784000000173,11746.14720000002
2025-03-11T14:37:52.000000,10026.468799999986,1724.0626000000182,11750.53140000002
2025-03-11T14:37:52.000000,10026.468799999986,1753.092000000018,11779.56080000002
2025-03-11T14:38:27.000000,10026.468799999986,1808.8550500000179,11835.323850000019
2025-03-11T14:38:37.000000,10026.468799999986,1801.303050000018,11827.77185000002
2025-03-11T14:38:37.000000,10026.468799999986,1850.070650000018,11876.539450000018
2025-03-11T14:38:42.000000,10026.468799999986,1898.8438500000182,11925.312650000018
2025-03-11T14:38:42.000000,10026.468799999986,1907.0190500000178,11933.487850000018
2025-03-11T14:38:47.000000,10026.468799999986,1896.4456500000172,11922.914450000017
2025-03-11T14:38:47.000000,10026.468799999986,1931.2223500000175,11957.691150000017
2025-03-11T14:38:52.000000,10026.468799999986,1920.6489500000168,11947.117750000016
2025-03-11T14:38:57.000000,10026.468799999986,1946.2089500000175,11972.677750000017
2025-03-11T14:38:57.000000,10026.468799999986,1931.6381500000177,11958.106950000018
2025-03-11T14:39:02.000000,10026.468799999986,1826.5282500000174,11852.997050000016
2025-03-11T14:39:02.000000,10026.468799999986,1852.088250000018,11878.557050000018
2025-03-11T14:39:07.000000,10026.468799999986,1877.6482500000186,11904.117050000019
2025-03-11T14:39:07.000000,10026.468799999986,1867.074850000018,11893.543650000018
2025-03-11T14:39:12.000000,10026.468799999986,1877.4503500000176,11903.919150000018
2025-03-11T14:39:12.000000,10026.468799999986,1899.0129500000178,11925.481750000017
2025-03-11T14:39:17.000000,10026.468799999986,1909.3884500000174,11935.857250000017
2025-03-11T14:39:17.000000,10026.468799999986,1926.9504500000169,11953.419250000017
2025-03-11T14:39:22.000000,10026.468799999986,1943.3220500000164,11969.790850000016
2025-03-11T14:39:22.000000,10026.468799999986,1960.8840500000158,11987.352850000016
2025-03-11T14:39:27.000000,10026.468799999986,1993.9044500000164,12020.373250000017
2025-03-11T14:39:27.000000,10026.468799999986,2011.4664500000158,12037.935250000017
2025-03-11T14:39:32.000000,10026.468799999986,2021.8371500000155,12048.305950000016
2025-03-11T14:39:32.000000,10026.468799999986,2039.399150000015,12065.867950000016
2025-03-11T14:39:37.000000,10026.468799999986,2049.7698500000147,12076.238650000016
2025-03-11T14:39:37.000000,10026.468799999986,2067.331850000014,12093.800650000016
2025-03-11T14:39:42.000000,10026.468799999986,2077.7025500000136,12104.171350000015
2025-03-11T14:39:42.000000,10026.468799999986,2028.5730500000132,12055.041850000014
2025-03-11T14:39:47.000000,10026.468799999986,2035.6793000000137,12062.148100000015
2025-03-11T14:39:47.000000,10026.468799999986,2000.5463000000143,12027.015100000015
2025-03-11T14:39:47.000000,10026.468799999986,2010.110300000014,12036.579100000015
2025-03-11T14:39:52.000000,10026.468799999986,1981.9727500000145,12008.441550000016
2025-03-11T14:39:57.000000,10026.468799999986,1986.347350000014,12012.816150000015
2025-03-11T14:39:57.000000,10026.468799999986,1965.2052500000143,11991.674050000016
2025-03-11T14:40:02.000000,10026.468799999986,1969.579850000014,11996.048650000015
2025-03-11T14:40:07.000000,10026.468799999986,1979.9505500000137,12006.419350000015
2025-03-11T14:40:12.000000,10026.468799999986,1990.3212500000134,12016.790050000014
2025-03-11T14:40:12.000000,10026.468799999986,1962.183700000014,11988.652500000015
2025-03-11T14:40:17.000000,10026.468799999986,1972.5544000000136,11999.023200000014
2025-03-11T14:40:17.000000,10026.468799999986,1944.4168500000142,11970.885650000015
2025-03-11T14:40:22.000000,10026.468799999986,1954.7875500000139,11981.256350000014
2025-03-11T14:40:22.000000,10026.468799999986,1919.6545500000145,11946.123350000014
2025-03-11T14:40:27.000000,10026.468799999986,1884.5215500000152,11910.990350000015
2025-03-11T14:40:37.000000,10026.468799999986,1877.3703500000152,11903.839150000014
2025-03-11T14:40:42.000000,10026.468799999986,1881.7401500000149,11908.208950000015
2025-03-11T14:40:42.000000,10026.468799999986,1881.5844000000159,11908.053200000017
2025-03-11T14:40:47.000000,10026.468799999986,1888.4297000000167,11914.898500000018
2025-03-11T14:41:07.000000,10026.468799999986,1923.2568000000172,11949.725600000018
2025-03-11T14:41:07.000000,10026.468799999986,1924.7012000000184,11951.17000000002
2025-03-11T14:41:12.000000,10026.468799999986,1959.5283000000188,11985.99710000002
2025-03-11T14:41:12.000000,10026.468799999986,1964.9733000000192,11991.44210000002
2025-03-11T14:41:17.000000,10026.468799999986,2006.8014500000195,12033.27025000002
2025-03-11T14:41:22.000000,10026.468799999986,2041.6341500000199,12068.10295000002
2025-03-11T14:41:22.000000,10026.468799999986,2051.073350000021,12077.542150000021
2025-03-11T14:41:27.000000,10026.468799999986,2071.9151500000216,12098.383950000021
2025-03-11T14:41:27.000000,10026.468799999986,2077.356950000022,12103.825750000022
2025-03-11T14:41:32.000000,10026.468799999986,2105.1998000000226,12131.668600000023
2025-03-11T14:41:32.000000,10026.468799999986,2118.6396000000227,12145.108400000023
2025-03-11T14:41:37.000000,10026.468799999986,2136.076800000022,12162.545600000023
2025-03-11T14:41:42.000000,10026.468799999986,2153.5140000000215,12179.982800000023
2025-03-11T14:41:47.000000,10026.468799999986,2166.9538000000216,12193.422600000024
2025-03-11T14:41:52.000000,10026.468799999986,2194.2550500000216,12220.723850000024
2025-03-11T14:41:52.000000,10026.468799999986,2211.692250000021,12238.161050000024
2025-03-11T14:41:57.000000,10026.468799999986,2229.1294500000204,12255.598250000025
2025-03-11T14:42:02.000000,10026.468799999986,2238.5686500000215,12265.037450000025
2025-03-11T14:42:07.000000,10026.468799999986,2244.007250000022,12270.476050000027
2025-03-11T14:42:12.000000,10026.468799999986,2233.4530500000214,12259.921850000026
2025-03-11T14:42:17.000000,10026.468799999986,2214.897650000021,12241.366450000025
2025-03-11T14:42:22.000000,10026.468799999986,2188.3442500000206,12214.813050000024
2025-03-11T14:44:42.000000,10054.272449999986,2188.3442500000206,12242.616700000024
2025-03-11T14:44:47.000000,10082.076099999986,2188.3442500000206,12270.420350000024
2025-03-11T14:44:52.000000,10082.076099999986,2149.77305000002,12231.849150000024
2025-03-11T14:44:57.000000,10082.076099999986,2115.20245000002,12197.278550000023
2025-03-11T14:45:02.000000,10082.076099999986,2072.6338500000197,12154.709950000022
2025-03-12T09:51:57.000000,10082.076099999986,2085.78565000002,12167.861750000022
2025-03-12T09:52:12.000000,10082.076099999986,2102.931650000019,12185.00775000002
2025-03-12T09:52:17.000000,10082.076099999986,2128.0788500000185,12210.15495000002
2025-03-12T09:52:22.000000,10082.076099999986,2153.226050000018,12235.30215000002
2025-03-12T09:52:27.000000,10082.076099999986,2174.375850000018,12256.451950000019
2025-03-12T09:52:32.000000,10082.076099999986,2203.530050000018,12285.606150000018
2025-03-12T09:54:02.000000,10082.076099999986,2110.773300000017,12192.849400000017
2025-03-12T09:55:12.000000,10082.076099999986,2048.017050000017,12130.093150000017
2025-03-12T09:55:22.000000,10082.076099999986,2036.0324500000165,12118.108550000017
2025-03-12T09:55:27.000000,10082.076099999986,2008.0582500000162,12090.134350000017
2025-03-12T09:55:27.000000,10082.076099999986,1945.3060000000164,12027.382100000017
2025-03-12T09:55:37.000000,10082.076099999986,1901.3358000000164,11983.411900000017
2025-03-12T09:55:52.000000,10082.076099999986,1885.3602000000167,11967.436300000018
2025-03-12T09:56:37.000000,10082.076099999986,1850.6809500000172,11932.757050000018
2025-03-12T09:56:57.000000,10082.076099999986,1889.6829000000168,11971.759000000018
2025-03-12T09:58:52.000000,10082.076099999986,1839.8198000000177,11921.89590000002
2025-03-12T09:58:52.000000,10082.076099999986,1855.8394000000171,11937.91550000002
2025-03-12T09:59:07.000000,10082.076099999986,1833.0291500000164,11915.105250000019
2025-03-12T09:59:17.000000,10082.076099999986,1805.2221500000169,11887.29825000002
2025-03-12T09:59:27.000000,10082.076099999986,1777.4151500000173,11859.491250000021
2025-03-12T09:59:32.000000,10082.076099999986,1769.5191500000174,11851.59525000002
2025-03-12T09:59:32.000000,10082.076099999986,1821.5313500000182,11903.607450000021
2025-03-12T09:59:32.000000,10082.076099999986,1788.727600000018,11870.80370000002
2025-03-12T09:59:37.000000,10082.076099999986,1787.8326500000178,11869.90875000002
2025-03-12T09:59:42.000000,10082.076099999986,1755.0329000000193,11837.109000000022
2025-03-12T09:59:47.000000,10082.076099999986,1761.139000000019,11843.215100000021
2025-03-12T09:59:47.000000,10082.076099999986,1728.3432500000185,11810.41935000002
2025-03-12T09:59:52.000000,10082.076099999986,1734.4493500000183,11816.52545000002
2025-03-12T09:59:57.000000,10082.076099999986,1747.550900000018,11829.627000000019
2025-03-12T09:59:57.000000,10082.076099999986,1799.5695000000173,11881.645600000018
2025-03-12T09:59:57.000000,10082.076099999986,1766.777750000017,11848.853850000018
2025-03-12T10:00:07.000000,10082.076099999986,1814.802150000016,11896.878250000016
2025-03-12T10:00:27.000000,10082.076099999986,1828.2285000000168,11910.304600000018
2025-03-12T10:00:42.000000,10082.076099999986,1862.6356000000171,11944.711700000018
2025-03-12T10:00:57.000000,10082.076099999986,1841.4207000000174,11923.496800000019
2025-03-12T10:00:57.000000,10082.076099999986,1816.5636000000177,11898.63970000002
2025-03-12T10:01:02.000000,10082.076099999986,1854.6079500000183,11936.68405000002
2025-03-12T10:01:17.000000,10082.076099999986,1833.0290500000185,11915.10515000002
2025-03-12T10:01:17.000000,10082.076099999986,1809.061850000019,11891.13795000002
2025-03-12T10:01:22.000000,10082.076099999986,1759.5011500000185,11841.57725000002
2025-03-12T10:01:27.000000,10082.076099999986,1692.3929500000186,11774.46905000002
2025-03-12T10:01:32.000000,10082.076099999986,1533.060400000018,11615.136500000019
2025-03-12T10:01:37.000000,10082.076099999986,1483.9453000000178,11566.021400000018
2025-03-12T10:01:47.000000,10082.076099999986,1440.8407000000186,11522.916800000019
2025-03-12T10:02:12.000000,10082.076099999986,1445.0617000000184,11527.137800000019
2025-03-12T10:02:17.000000,10082.076099999986,1437.2417000000185,11519.317800000019
2025-03-12T10:02:22.000000,10082.076099999986,1435.4618000000194,11517.53790000002
2025-03-12T10:02:27.000000,10082.076099999986,1433.6867000000182,11515.762800000019
2025-03-12T10:02:27.000000,10082.076099999986,1430.2767500000186,11512.35285000002
2025-03-12T10:02:42.000000,10082.076099999986,1441.8570500000194,11523.93315000002
2025-03-12T10:02:42.000000,10082.076099999986,1453.4373500000202,11535.513450000022
2025-03-12T10:02:42.000000,10082.076099999986,1460.6076000000207,11542.683700000023
2025-03-12T10:02:47.000000,10082.076099999986,1493.1766500000203,11575.252750000023
2025-03-12T10:02:47.000000,10082.076099999986,1495.3501500000202,11577.426250000022
2025-03-12T10:02:57.000000,10082.076099999986,1533.917700000021,11615.993800000022
2025-03-12T10:02:57.000000,10082.076099999986,1540.6790000000206,11622.755100000022
2025-03-12T10:02:57.000000,10082.076099999986,1610.1137500000214,11692.189850000022
2025-03-12T10:03:02.000000,10082.076099999986,1616.875050000021,11698.951150000023
2025-03-12T10:03:07.000000,10082.076099999986,1616.6409000000208,11698.717000000022
2025-03-12T10:03:12.000000,10082.076099999986,1637.2153500000209,11719.291450000022
2025-03-12T10:03:37.000000,10082.076099999986,1522.841550000021,11604.917650000023
2025-03-12T10:04:42.000000,10082.076099999986,1542.9609500000204,11625.037050000023
2025-03-12T10:04:47.000000,10082.076099999986,1570.0814000000196,11652.157500000021
2025-03-12T10:04:52.000000,10082.076099999986,1583.205350000019,11665.28145000002
2025-03-12T10:05:47.000000,10123.355449999986,1583.205350000019,11706.560800000021
2025-03-12T10:05:52.000000,10150.632699999987,1583.205350000019,11733.838050000022
2025-03-12T10:10:17.000000,10066.167549999987,1583.205350000019,11649.372900000022
2025-03-12T10:10:32.000000,10068.189049999986,1583.205350000019,11651.394400000021
2025-03-12T10:11:07.000000,10085.212799999985,1583.205350000019,11668.41815000002
2025-03-12T10:11:47.000000,10077.725599999985,1583.205350000019,11660.93095000002
2025-03-12T10:12:27.000000,10014.269199999984,1583.205350000019,11597.474550000019
2025-03-12T10:12:47.000000,9950.812799999983,1583.205350000019,11534.018150000018
2025-03-12T10:12:52.000000,9880.360949999984,1583.205350000019,11463.566300000019
2025-03-12T10:13:17.000000,9844.516749999982,1583.205350000019,11427.722100000017
2025-03-12T10:13:27.000000,9808.672549999981,1583.205350000019,11391.877900000016
2025-03-12T10:13:42.000000,9814.812249999983,1583.205350000019,11398.017600000017
2025-03-12T10:13:52.000000,9862.947049999982,1583.205350000019,11446.152400000017
2025-03-12T10:13:57.000000,9911.081849999982,1583.205350000019,11494.287200000017
2025-03-12T10:14:02.000000,9959.239049999982,1583.205350000019,11542.444400000017
2025-03-12T10:14:07.000000,10021.398349999981,1583.205350000019,11604.603700000016
2025-03-12T10:14:12.000000,10055.542249999982,1583.205350000019,11638.747600000017
2025-03-12T10:14:17.000000,10047.691049999983,1583.205350000019,11630.896400000018
2025-03-12T10:15:17.000000,10039.851049999983,1583.205350000019,11623.056400000018
2025-03-12T10:15:22.000000,10032.945449999983,1583.205350000019,11616.150800000018
2025-03-12T10:15:52.000000,10018.507599999983,1583.205350000019,11601.712950000017
2025-03-12T10:15:57.000000,9990.062049999982,1583.205350000019,11573.267400000017
2025-03-12T10:16:22.000000,9968.600749999983,1583.205350000019,11551.806100000018
2025-03-12T10:16:47.000000,9968.600749999983,1491.5703500000186,11460.171100000018
2025-03-12T10:16:47.000000,9968.600749999983,1391.9405500000184,11360.541300000017
2025-03-12T10:16:52.000000,10016.757949999983,1391.9405500000184,11408.698500000017
2025-03-12T10:16:57.000000,10064.915149999983,1391.9405500000184,11456.855700000016
2025-03-12T10:17:17.000000,10085.079349999982,1391.9405500000184,11477.019900000016
2025-03-12T10:17:32.000000,10105.243549999981,1391.9405500000184,11497.184100000015
2025-03-12T10:18:12.000000,10105.243549999981,1352.1885500000192,11457.432100000016
2025-03-12T10:20:22.000000,10069.410549999982,1352.1885500000192,11421.599100000018
2025-03-12T10:20:47.000000,9908.062649999982,1352.1885500000192,11260.251200000017
2025-03-12T10:20:57.000000,9795.682899999982,1352.1885500000192,11147.871450000017
2025-03-12T10:21:07.000000,9718.280399999981,1352.1885500000192,11070.468950000017
2025-03-12T10:21:12.000000,9640.877899999981,1352.1885500000192,10993.066450000017
2025-03-12T10:21:37.000000,9514.490449999981,1352.1885500000192,10866.679000000016
2025-03-12T10:21:47.000000,9402.093899999982,1352.1885500000192,10754.282450000017
2025-03-12T10:22:27.000000,9296.69279999998,1352.1885500000192,10648.881350000016
2025-03-12T10:22:32.000000,9184.296249999981,1352.1885500000192,10536.484800000017
2025-03-12T10:23:12.000000,9109.476449999982,1352.1885500000192,10461.665000000017
2025-03-12T10:23:37.000000,8976.121549999982,1352.1885500000192,10328.310100000017
2025-03-12T10:23:42.000000,8835.771199999981,1352.1885500000192,10187.959750000016
2025-03-12T10:23:47.000000,8688.430999999982,1352.1885500000192,10040.619550000018
2025-03-12T10:23:52.000000,8693.597599999981,1352.1885500000192,10045.786150000016
2025-03-12T10:24:17.000000,8726.758799999981,1352.1885500000192,10078.947350000017
2025-03-12T10:24:17.000000,8628.397949999982,1352.1885500000192,9980.586500000018
2025-03-12T10:24:22.000000,8690.557249999982,1352.1885500000192,10042.745800000017
2025-03-12T10:24:22.000000,8613.188349999982,1352.1885500000192,9965.376900000017
2025-03-12T10:24:27.000000,8549.815949999982,1352.1885500000192,9902.004500000017
2025-03-12T10:24:32.000000,8500.440049999981,1352.1885500000192,9852.628600000016
2025-03-12T10:24:42.000000,8517.602049999981,1352.1885500000192,9869.790600000017
2025-03-12T10:24:42.000000,8468.23174999998,1352.1885500000192,9820.420300000016
2025-03-12T10:24:52.000000,8530.39104999998,1352.1885500000192,9882.579600000015
2025-03-12T10:24:52.000000,8495.022849999981,1352.1885500000192,9847.211400000017
2025-03-12T10:24:57.000000,8480.646599999982,1352.1885500000192,9832.835150000017
2025-03-12T10:25:02.000000,8528.814999999982,1352.1885500000192,9881.003550000018
2025-03-12T10:25:02.000000,8521.439799999982,1352.1885500000192,9873.628350000017
2025-03-12T10:25:07.000000,8555.606099999983,1352.1885500000192,9907.794650000018
2025-03-12T10:25:07.000000,8555.231949999983,1352.1885500000192,9907.420500000018
2025-03-12T10:25:12.000000,8575.860949999982,1352.1885500000192,9928.049500000017
2025-03-12T10:25:17.000000,8603.490999999982,1352.1885500000192,9955.679550000017
2025-03-12T10:25:22.000000,8609.641899999982,1352.1885500000192,9961.830450000018
2025-03-12T10:25:22.000000,8644.272999999983,1352.1885500000192,9996.461550000018
2025-03-12T10:25:27.000000,8685.905149999982,1352.1885500000192,10038.093700000018
2025-03-12T10:25:32.000000,8734.538349999983,1352.1885500000192,10086.726900000018
2025-03-12T10:25:37.000000,8790.172599999982,1352.1885500000192,10142.361150000017
2025-03-12T10:25:42.000000,8852.807899999982,1352.1885500000192,10204.996450000017
2025-03-12T10:25:47.000000,8915.443199999982,1352.1885500000192,10267.631750000017
2025-03-12T10:25:52.000000,8957.075349999981,1352.1885500000192,10309.263900000016
2025-03-12T10:25:57.000000,8977.70434999998,1352.1885500000192,10329.892900000015
2025-03-12T10:26:02.000000,8984.325649999979,1352.1885500000192,10336.514200000014
2025-03-12T10:26:07.000000,8962.942749999978,1352.1885500000192,10315.131300000014
2025-03-12T10:26:12.000000,8934.558799999977,1352.1885500000192,10286.747350000012
2025-03-12T10:27:12.000000,9007.716399999978,1352.1885500000192,10359.904950000013
2025-03-12T10:27:27.000000,9064.871599999977,1352.1885500000192,10417.060150000012
2025-03-12T10:29:02.000000,9197.450199999977,1352.1885500000192,10549.638750000013
2025-03-12T10:29:07.000000,9316.026699999979,1352.1885500000192,10668.215250000014
2025-03-12T10:29:17.000000,9420.606699999978,1352.1885500000192,10772.795250000014
2025-03-12T10:29:22.000000,9497.188099999978,1352.1885500000192,10849.376650000013
2025-03-12T10:32:52.000000,9497.188099999978,1261.3343500000187,10758.522450000013
2025-03-12T10:33:32.000000,9497.188099999978,1253.4831500000187,10750.671250000014
2025-03-12T10:34:12.000000,9497.188099999978,1270.3347500000193,10767.522850000014
2025-03-12T10:34:17.000000,9497.188099999978,1281.19025000002,10778.378350000015
2025-03-12T10:34:27.000000,9497.188099999978,1292.0505500000206,10789.238650000016
2025-03-12T10:37:07.000000,9497.188099999978,1284.2441500000207,10781.432250000016
2025-03-12T10:37:32.000000,9497.188099999978,1283.4332000000218,10780.621300000017
2025-03-12T10:37:37.000000,9497.188099999978,1275.6268000000218,10772.814900000018
2025-03-12T10:37:42.000000,9497.188099999978,1267.820400000022,10765.008500000018
2025-03-12T10:37:52.000000,9497.188099999978,1264.0864500000223,10761.274550000018
2025-03-12T10:37:57.000000,9497.188099999978,1260.3525000000227,10757.540600000018
2025-03-12T10:38:02.000000,9497.188099999978,1265.6175000000223,10762.805600000018
2025-03-12T10:38:12.000000,9497.188099999978,1241.5548000000217,10738.742900000017
2025-03-12T10:38:12.000000,9497.188099999978,1233.8492000000217,10731.037300000018
2025-03-12T10:38:12.000000,9497.188099999978,1218.9392000000219,10716.127300000018
2025-03-12T10:38:12.000000,9497.188099999978,1221.2061500000223,10718.39425000002
2025-03-12T10:38:17.000000,9497.188099999978,1199.5096500000225,10696.69775000002
2025-03-12T10:38:17.000000,9497.188099999978,1192.7824500000224,10689.97055000002
2025-03-12T10:38:22.000000,9497.188099999978,1165.7193000000223,10662.90740000002
2025-03-12T10:38:22.000000,9497.188099999978,1130.026300000023,10627.21440000002
2025-03-12T10:38:22.000000,9497.188099999978,1117.3054000000232,10614.49350000002
2025-03-12T10:38:27.000000,9497.188099999978,1094.3942000000236,10591.58230000002
2025-03-12T10:38:32.000000,9497.188099999978,1075.4772000000232,10572.665300000019
2025-03-12T10:38:37.000000,9497.188099999978,1048.565400000023,10545.753500000019
2025-03-12T10:38:42.000000,9497.188099999978,1017.6562000000234,10514.844300000019
2025-03-12T10:38:47.000000,9497.188099999978,986.747000000024,10483.935100000019
2025-03-12T10:38:57.000000,9497.188099999978,959.8384000000251,10457.02650000002
2025-03-12T10:38:57.000000,9497.188099999978,936.9272000000254,10434.11530000002
2025-03-12T10:39:02.000000,9497.188099999978,914.0192000000258,10411.20730000002
2025-03-12T10:39:07.000000,9497.188099999978,887.1106000000269,10384.298700000021
2025-03-12T10:40:17.000000,9497.188099999978,879.6130000000269,10376.80110000002
2025-03-12T10:40:27.000000,9497.188099999978,837.3949500000276,10334.583050000021
2025-03-12T10:40:32.000000,9497.188099999978,788.1814500000285,10285.369550000021
2025-03-12T10:40:37.000000,9497.188099999978,745.9690000000292,10243.157100000022
2025-03-12T10:40:42.000000,9497.188099999978,710.7576000000297,10207.945700000022
2025-03-12T10:40:47.000000,9497.188099999978,682.5416500000301,10179.729750000022
2025-03-12T10:40:52.000000,9497.188099999978,654.3257000000306,10151.513800000022
2025-03-12T10:40:57.000000,9497.188099999978,626.109750000031,10123.297850000023
2025-03-12T10:41:02.000000,9497.188099999978,597.8994000000314,10095.087500000023
2025-03-12T10:41:07.000000,9497.188099999978,562.6936000000308,10059.881700000022
2025-03-12T10:41:12.000000,9497.188099999978,534.48885000003,10031.676950000021
2025-03-12T10:41:42.000000,9497.188099999978,542.7591000000302,10039.94720000002
2025-03-12T10:41:47.000000,9497.188099999978,554.0298000000298,10051.21790000002
2025-03-12T10:41:57.000000,9497.188099999978,568.3009500000298,10065.48905000002
2025-03-12T10:42:02.000000,9497.188099999978,582.5721000000299,10079.76020000002
2025-03-12T10:42:07.000000,9497.188099999978,599.8437000000305,10097.03180000002
2025-03-12T10:43:27.000000,9497.188099999978,600.9265000000303,10098.11460000002
2025-03-12T10:43:37.000000,9497.188099999978,602.0125000000301,10099.20060000002
2025-03-12T10:43:57.000000,9497.188099999978,607.1023000000305,10104.29040000002
2025-03-12T10:44:07.000000,9497.188099999978,623.3651000000314,10120.55320000002
2025-03-12T10:44:12.000000,9497.188099999978,640.636700000032,10137.82480000002
2025-03-12T10:44:12.000000,9497.188099999978,657.9083000000326,10155.09640000002
2025-03-12T10:44:12.000000,9497.188099999978,675.1799000000332,10172.36800000002
2025-03-12T10:44:12.000000,9497.188099999978,692.4515000000338,10189.63960000002
2025-03-12T10:44:12.000000,9497.188099999978,706.7250500000339,10203.91315000002
2025-03-12T10:44:12.000000,9497.188099999978,720.998600000034,10218.18670000002
2025-03-12T10:44:12.000000,9497.188099999978,735.2721500000341,10232.46025000002
2025-03-12T10:44:22.000000,9497.188099999978,747.5375500000343,10244.72565000002
2025-03-12T10:44:27.000000,9497.188099999978,736.6281500000338,10233.81625000002
2025-03-12T10:44:32.000000,9497.188099999978,748.8935500000341,10246.08165000002
2025-03-12T10:44:52.000000,9497.188099999978,747.9920500000339,10245.18015000002
2025-03-12T10:45:02.000000,9497.188099999978,747.0857500000338,10244.27385000002
2025-03-12T10:45:32.000000,9497.188099999978,767.8547500000333,10265.04285000002
2025-03-12T10:46:22.000000,9497.188099999978,773.1341500000341,10270.322250000021
2025-03-12T10:46:27.000000,9497.188099999978,772.415050000034,10269.60315000002
2025-03-12T10:55:42.000000,9489.336899999978,772.415050000034,10261.751950000022
2025-03-12T10:57:47.000000,9489.336899999978,761.4512500000347,10250.788150000022
2025-03-12T11:00:17.000000,9489.336899999978,754.2128500000348,10243.549750000022
2025-03-12T11:00:22.000000,9489.336899999978,746.9744500000348,10236.311350000022
2025-03-12T11:00:32.000000,9489.336899999978,774.547700000035,10263.884600000021
2025-03-12T11:00:32.000000,9489.336899999978,767.309300000035,10256.646200000021
2025-03-12T11:00:37.000000,9489.336899999978,784.3369000000345,10273.67380000002
2025-03-12T11:00:42.000000,9489.336899999978,777.0985000000345,10266.43540000002
2025-03-12T11:00:47.000000,9489.336899999978,786.1249000000341,10275.46180000002
2025-03-12T11:00:52.000000,9489.336899999978,803.1493000000336,10292.48620000002
2025-03-12T11:01:17.000000,9489.336899999978,816.1795000000325,10305.516400000019
2025-03-12T11:04:57.000000,9449.78009999998,816.1795000000325,10265.95960000002
2025-03-12T11:05:52.000000,9449.78009999998,831.1394500000325,10280.91955000002
2025-03-12T11:05:57.000000,9449.78009999998,843.0989500000321,10292.87905000002
2025-03-12T11:06:02.000000,9449.78009999998,861.0569500000327,10310.83705000002
2025-03-12T11:06:07.000000,9449.78009999998,873.0188500000334,10322.79895000002
2025-03-12T11:06:12.000000,9449.78009999998,890.9768500000339,10340.75695000002
2025-03-12T11:06:32.000000,9449.78009999998,908.9324500000333,10358.71255000002
2025-03-12T11:07:02.000000,9449.78009999998,923.8852000000334,10373.66530000002
2025-03-12T11:07:17.000000,9449.78009999998,941.8360000000329,10391.61610000002
2025-03-12T11:09:32.000000,9449.78009999998,899.0243500000324,10348.80445000002
2025-03-12T11:09:37.000000,9449.78009999998,849.2172500000321,10298.99735000002
2025-03-12T11:09:42.000000,9449.78009999998,792.4147000000319,10242.19480000002
2025-03-12T11:09:47.000000,9449.78009999998,756.6041000000312,10206.384200000019
2025-03-12T11:09:57.000000,9449.78009999998,720.7935000000305,10170.573600000018
2025-03-12T11:09:57.000000,9449.78009999998,677.98745000003,10127.767550000017
2025-03-12T11:10:02.000000,9449.78009999998,642.1824500000293,10091.962550000017
2025-03-12T11:10:07.000000,9449.78009999998,585.3799000000291,10035.160000000016
2025-03-12T11:10:12.000000,9449.78009999998,528.5773500000289,9978.357450000016
2025-03-12T11:10:17.000000,9449.78009999998,464.7737500000288,9914.553850000017
2025-03-12T11:10:22.000000,9449.78009999998,400.97015000002875,9850.750250000017
2025-03-12T11:10:27.000000,9449.78009999998,337.1721500000287,9786.952250000017
2025-03-12T11:12:47.000000,9449.78009999998,385.35175000002874,9835.131850000016
2025-03-12T11:12:52.000000,9449.78009999998,433.5313500000288,9883.311450000016
2025-03-12T11:13:07.000000,9449.78009999998,551.5926500000286,10001.372750000015
2025-03-12T11:13:17.000000,9449.78009999998,592.7768000000287,10042.556900000016
2025-03-12T11:13:32.000000,9449.78009999998,703.8538500000287,10153.633950000016
2025-03-12T11:13:32.000000,9449.78009999998,745.043600000029,10194.823700000015
2025-03-12T11:17:02.000000,9497.87009999998,745.043600000029,10242.913700000016
2025-03-12T11:17:32.000000,9573.94189999998,745.043600000029,10318.985500000015
2025-03-12T11:18:02.000000,9583.02269999998,745.043600000029,10328.066300000015
2025-03-12T11:18:42.000000,9604.08929999998,745.043600000029,10349.132900000015
2025-03-12T11:18:42.000000,9621.155299999979,745.043600000029,10366.198900000014
2025-03-12T11:18:42.000000,9638.221299999977,745.043600000029,10383.264900000013
2025-03-12T11:23:17.000000,9638.221299999977,793.144800000029,10431.366100000012
2025-03-12T11:25:07.000000,9638.221299999977,838.18940000003,10476.410700000013
2025-03-12T11:27:27.000000,9638.221299999977,814.9294000000303,10453.150700000013
2025-03-12T13:03:37.000000,9638.221299999977,695.3022000000302,10333.523500000012
2025-03-12T13:03:37.000000,9638.221299999977,554.6886500000305,10192.909950000012
2025-03-12T13:05:12.000000,9638.221299999977,522.9378500000311,10161.159150000012
2025-03-12T13:05:32.000000,9638.221299999977,497.18315000003037,10135.404450000011
2025-03-12T13:05:42.000000,9638.221299999977,471.42845000002967,10109.64975000001
2025-03-12T13:05:47.000000,9638.221299999977,400.7582000000298,10038.97950000001
2025-03-12T13:05:52.000000,9638.221299999977,397.78295000003055,10036.00425000001
2025-03-12T13:06:07.000000,9638.221299999977,411.0973000000301,10049.31860000001
2025-03-12T13:06:17.000000,9638.221299999977,415.32790000002984,10053.549200000009
2025-03-12T13:06:17.000000,9638.221299999977,421.65800000003077,10059.87930000001
2025-03-12T13:06:22.000000,9638.221299999977,448.99125000003124,10087.21255000001
2025-03-12T13:06:27.000000,9638.221299999977,433.6851000000309,10071.906400000009
2025-03-12T13:06:27.000000,9638.221299999977,406.3867500000308,10044.608050000008
2025-03-12T13:06:27.000000,9638.221299999977,454.7175500000309,10092.938850000008
2025-03-12T13:06:32.000000,9638.221299999977,470.94515000003037,10109.166450000008
2025-03-12T13:06:37.000000,9638.221299999977,512.5971500000304,10150.818450000008
2025-03-12T13:06:47.000000,9638.221299999977,578.23835000003,10216.459650000008
2025-03-12T13:06:47.000000,9638.221299999977,619.2567500000304,10257.478050000009
2025-03-12T13:06:52.000000,9638.221299999977,629.488250000031,10267.709550000009
2025-03-12T13:06:57.000000,9638.221299999977,666.5092500000322,10304.73055000001
2025-03-12T13:07:02.000000,9638.221299999977,676.745550000033,10314.96685000001
2025-03-12T13:07:07.000000,9638.221299999977,717.7671500000333,10355.98845000001
2025-03-12T13:07:52.000000,9638.221299999977,746.8917500000337,10385.11305000001
2025-03-12T13:08:02.000000,9638.221299999977,772.4869500000344,10410.708250000012
2025-03-12T13:08:07.000000,9638.221299999977,798.0821500000352,10436.303450000014
2025-03-12T13:08:17.000000,9638.221299999977,811.6819500000355,10449.903250000014
2025-03-12T13:08:17.000000,9638.221299999977,845.7474500000346,10483.968750000013
2025-03-12T13:08:22.000000,9638.221299999977,880.0537500000349,10518.275050000013
2025-03-12T13:08:37.000000,9638.221299999977,858.1444500000352,10496.365750000014
2025-03-12T13:08:42.000000,9638.221299999977,850.2260500000352,10488.447350000013
2025-03-12T13:09:02.000000,9638.221299999977,918.8389000000352,10557.060200000013
2025-03-12T13:09:32.000000,9638.221299999977,1009.1312000000356,10647.352500000014
2025-03-12T13:09:37.000000,9638.221299999977,1078.4371500000352,10716.658450000014
2025-03-12T13:09:47.000000,9638.221299999977,1126.7623500000352,10764.983650000013
2025-03-12T13:09:57.000000,9638.221299999977,1217.0826500000355,10855.303950000014
2025-03-12T13:10:02.000000,9638.221299999977,1314.4040000000357,10952.625300000014
2025-03-12T13:10:37.000000,9638.221299999977,1250.8372000000354,10889.058500000014
2025-03-12T13:12:57.000000,9638.221299999977,1256.9433000000352,10895.164600000013
2025-03-12T13:13:42.000000,9638.221299999977,1291.0424000000355,10929.263700000012
2025-03-12T13:13:47.000000,9638.221299999977,1277.2703000000367,10915.491600000014
2025-03-12T13:13:52.000000,9638.221299999977,1311.369400000037,10949.590700000013
2025-03-12T13:14:22.000000,9638.221299999977,1331.4664000000378,10969.687700000013
2025-03-12T13:14:22.000000,9638.221299999977,1351.5634000000384,10989.784700000013
2025-03-12T13:14:32.000000,9638.221299999977,1343.6562000000383,10981.877500000013
2025-03-12T13:15:17.000000,9638.221299999977,1358.6233500000385,10996.844650000014
2025-03-12T13:15:52.000000,9638.221299999977,1348.926900000039,10987.148200000014
2025-03-12T13:16:07.000000,9638.221299999977,1342.228500000039,10980.449800000015
2025-03-12T13:16:32.000000,9638.221299999977,1350.5251500000393,10988.746450000015
2025-03-12T13:16:37.000000,9638.221299999977,1357.5834000000389,10995.804700000015
2025-03-12T13:16:47.000000,9638.221299999977,1371.876150000039,11010.097450000016
2025-03-12T13:16:52.000000,9638.221299999977,1167.9395500000394,10806.160850000017
2025-03-12T13:16:57.000000,9638.221299999977,950.0008500000401,10588.222150000018
2025-03-12T13:16:57.000000,9638.221299999977,982.2867000000399,10620.508000000018
2025-03-12T13:17:02.000000,9638.221299999977,1017.5682000000401,10655.789500000019
2025-03-12T13:17:07.000000,9638.221299999977,757.6232000000405,10395.84450000002
2025-03-12T13:17:07.000000,9638.221299999977,792.9047000000406,10431.12600000002
2025-03-12T13:17:17.000000,9638.221299999977,630.9744000000414,10269.19570000002
2025-03-12T13:17:22.000000,9638.221299999977,675.254850000042,10313.47615000002
2025-03-12T13:17:27.000000,9638.221299999977,527.3378500000413,10165.55915000002
2025-03-12T13:17:27.000000,9638.221299999977,559.628500000041,10197.849800000018
2025-03-12T13:17:32.000000,9638.221299999977,383.70730000004085,10021.928600000017
2025-03-12T13:17:32.000000,9638.221299999977,418.996000000041,10057.217300000018
2025-03-12T13:17:37.000000,9638.221299999977,229.07270000004115,9867.294000000018
2025-03-12T13:17:37.000000,9638.221299999977,267.35945000004074,9905.580750000017
2025-03-12T13:17:42.000000,9638.221299999977,299.6501000000404,9937.871400000016
2025-03-12T13:17:52.000000,9638.221299999977,334.94120000004057,9973.162500000017
2025-03-12T13:17:57.000000,9638.221299999977,367.23185000004025,10005.453150000016
2025-03-12T13:20:47.000000,9638.221299999977,261.28755000003986,9899.508850000015
2025-03-12T13:20:52.000000,9638.221299999977,155.34325000003946,9793.564550000014
2025-03-12T13:21:27.000000,9638.221299999977,130.6493500000388,9768.870650000013
2025-03-12T13:21:42.000000,9638.221299999977,162.2088000000391,9800.430100000014
2025-03-12T13:21:47.000000,9638.221299999977,193.75785000003827,9831.979150000014
2025-03-12T13:21:52.000000,9638.221299999977,238.29845000003718,9876.519750000012
2025-03-12T13:22:12.000000,9638.221299999977,386.8026500000373,10025.023950000012
2025-03-12T13:22:17.000000,9638.221299999977,470.3491000000365,10108.570400000011
2025-03-12T13:22:22.000000,9638.221299999977,514.9209000000366,10153.142200000011
2025-03-12T13:22:27.000000,9638.221299999977,520.9486000000363,10159.169900000012
2025-03-12T13:22:32.000000,9638.221299999977,540.956000000037,10179.177300000012
2025-03-12T13:23:07.000000,9638.221299999977,624.5128500000362,10262.734150000011
2025-03-12T13:23:22.000000,9638.221299999977,682.0970000000372,10320.318300000012
2025-03-12T13:23:57.000000,9638.221299999977,730.1086000000372,10368.329900000012
2025-03-12T13:24:02.000000,9638.221299999977,787.682350000037,10425.903650000011
2025-03-12T13:24:17.000000,9638.221299999977,779.730350000037,10417.951650000012
2025-03-12T13:24:32.000000,9638.221299999977,739.0518000000377,10377.273100000013
2025-03-12T13:24:52.000000,9638.221299999977,724.1827500000378,10362.404050000014
2025-03-12T13:25:12.000000,9638.221299999977,724.8751500000376,10363.096450000014
2025-03-12T13:25:22.000000,9638.221299999977,758.8958500000367,10397.117150000013
2025-03-12T13:25:52.000000,9638.221299999977,737.003350000037,10375.224650000013
2025-03-12T13:25:57.000000,9638.221299999977,727.1077000000365,10365.329000000012
2025-03-12T13:26:02.000000,9638.221299999977,713.3260000000378,10351.547300000013
2025-03-12T13:26:02.000000,9638.221299999977,677.4370000000371,10315.658300000012
2025-03-12T13:26:07.000000,9638.221299999977,670.5394000000371,10308.760700000012
2025-03-12T13:26:12.000000,9638.221299999977,660.6437500000366,10298.865050000011
2025-03-12T13:26:17.000000,9638.221299999977,562.8494500000375,10201.070750000012
2025-03-12T13:26:17.000000,9638.221299999977,552.953800000037,10191.175100000011
2025-03-12T13:26:22.000000,9638.221299999977,543.0581500000364,10181.279450000011
2025-03-12T13:26:22.000000,9638.221299999977,567.3605500000358,10205.58185000001
2025-03-12T13:26:32.000000,9638.221299999977,481.5680500000364,10119.78935000001
2025-03-12T13:26:37.000000,9638.221299999977,488.2677500000374,10126.489050000011
2025-03-12T13:26:37.000000,9638.221299999977,494.4914500000371,10132.712750000012
2025-03-12T13:26:42.000000,9638.221299999977,484.59580000003666,10122.817100000011
2025-03-12T13:26:47.000000,9638.221299999977,471.7021000000357,10109.92340000001
2025-03-12T13:27:02.000000,9638.221299999977,458.80600000003585,10097.02730000001
2025-03-12T13:27:07.000000,9638.221299999977,461.45950000003563,10099.680800000011
2025-03-12T13:27:12.000000,9638.221299999977,448.56340000003576,10086.784700000011
2025-03-12T13:27:17.000000,9638.221299999977,332.7664000000359,9970.98770000001
2025-03-12T13:27:17.000000,9638.221299999977,316.87225000003554,9955.09355000001
2025-03-12T13:27:22.000000,9638.221299999977,324.5265000000361,9962.747800000012
2025-03-12T13:27:27.000000,9638.221299999977,332.18075000003665,9970.402050000013
2025-03-12T13:27:32.000000,9638.221299999977,343.0506500000363,9981.271950000013
2025-03-12T13:27:42.000000,9638.221299999977,347.91965000003603,9986.140950000014
2025-03-12T13:27:52.000000,9638.221299999977,370.5681500000354,10008.789450000013
2025-03-12T13:27:57.000000,9638.221299999977,369.44105000003526,10007.662350000013
2025-03-12T13:28:22.000000,9638.221299999977,310.99165000003427,9949.212950000012
2025-03-12T13:28:27.000000,9638.221299999977,309.8645500000341,9948.085850000012
2025-03-12T13:29:07.000000,9638.221299999977,329.92795000003355,9968.149250000011
2025-03-12T13:29:07.000000,9638.221299999977,385.22620000003343,10023.447500000011
2025-03-12T13:29:17.000000,9638.221299999977,426.5279500000336,10064.749250000012
2025-03-12T13:29:22.000000,9638.221299999977,453.8388000000341,10092.060100000012
2025-03-12T13:29:27.000000,9638.221299999977,467.15315000003363,10105.37445000001
2025-03-12T13:29:37.000000,9638.221299999977,473.22565000003334,10111.44695000001
2025-03-12T13:29:42.000000,9638.221299999977,479.29815000003305,10117.51945000001
2025-03-12T13:30:27.000000,9638.221299999977,493.5861000000331,10131.80740000001
2025-03-12T13:30:37.000000,9638.221299999977,504.8760000000327,10143.09730000001
2025-03-12T13:30:47.000000,9638.221299999977,513.1654500000319,10151.386750000009
2025-03-12T13:30:52.000000,9638.221299999977,518.4544500000317,10156.675750000008
2025-03-12T13:31:47.000000,9638.221299999977,499.7616000000319,10137.982900000008
2025-03-12T13:31:57.000000,9638.221299999977,485.9031000000331,10124.12440000001
2025-03-12T13:32:02.000000,9638.221299999977,472.0446000000343,10110.265900000011
2025-03-12T13:32:12.000000,9638.221299999977,470.1783000000352,10108.399600000012
2025-03-12T13:32:27.000000,9638.221299999977,456.3150000000343,10094.53630000001
2025-03-12T13:32:32.000000,9638.221299999977,420.38120000003363,10058.60250000001
2025-03-12T13:32:37.000000,9638.221299999977,424.5110000000334,10062.73230000001
2025-03-12T13:32:42.000000,9638.221299999977,422.64470000003433,10060.86600000001
2025-03-12T13:32:47.000000,9638.221299999977,438.7715000000338,10076.99280000001
2025-03-12T13:32:52.000000,9638.221299999977,448.9070000000345,10087.128300000011
2025-03-12T13:32:57.000000,9638.221299999977,453.0464000000342,10091.267700000011
2025-03-12T13:33:02.000000,9638.221299999977,463.1819000000349,10101.403200000012
2025-03-12T13:33:07.000000,9638.221299999977,467.3213000000346,10105.542600000012
2025-03-12T13:33:12.000000,9638.221299999977,471.46070000003436,10109.682000000012
2025-03-12T13:33:17.000000,9638.221299999977,475.6049000000341,10113.826200000012
2025-03-12T13:33:32.000000,9638.221299999977,435.69515000003423,10073.916450000012
2025-03-12T13:33:37.000000,9638.221299999977,398.7858500000338,10037.00715000001
2025-03-12T13:33:42.000000,9638.221299999977,364.87700000003383,10003.09830000001
2025-03-12T13:33:47.000000,9638.221299999977,330.96815000003386,9969.18945000001
2025-03-12T13:33:52.000000,9638.221299999977,168.47115000003362,9806.692450000011
2025-03-12T13:33:52.000000,9638.221299999977,134.56230000003364,9772.783600000012
2025-03-12T13:33:52.000000,9638.221299999977,189.59175000003353,9827.813050000012
2025-03-12T13:33:57.000000,9638.221299999977,31.09215000003394,9669.313450000012
2025-03-12T13:34:02.000000,9638.221299999977,-2.816699999966019,9635.404600000013
2025-03-12T13:34:07.000000,9638.221299999977,-39.72599999996645,9598.495300000011
2025-03-12T13:34:22.000000,9667.746699999978,-39.72599999996645,9628.020700000012
2025-03-12T13:34:22.000000,9667.746699999978,-82.63619999996675,9585.110500000012
2025-03-12T13:34:22.000000,9667.746699999978,-103.86404999996697,9563.882650000012
2025-03-12T13:34:27.000000,9667.746699999978,-152.77274999996712,9514.973950000012
2025-03-12T13:34:27.000000,9667.746699999978,-173.99819999996734,9493.748500000012
2025-03-12T13:34:37.000000,9667.746699999978,-152.97959999996723,9514.767100000012
2025-03-12T13:34:42.000000,9667.746699999978,-131.96099999996713,9535.785700000011
2025-03-12T13:34:47.000000,9667.746699999978,-110.94239999996702,9556.80430000001
2025-03-12T13:34:52.000000,9667.746699999978,-97.92179999996674,9569.82490000001
2025-03-12T13:34:57.000000,9667.746699999978,-84.90119999996645,9582.84550000001
2025-03-12T13:35:02.000000,9667.746699999978,-67.88319999996554,9599.86350000001
2025-03-12T13:35:07.000000,9667.746699999978,-50.86199999996605,9616.88470000001
2025-03-12T13:35:37.000000,9667.746699999978,-29.84339999996594,9637.903300000009
2025-03-12T13:35:52.000000,9667.746699999978,7.548800000035257,9675.295500000011
2025-03-12T13:36:32.000000,9667.746699999978,-14.379849999964954,9653.366850000011
2025-03-12T13:36:42.000000,9667.746699999978,-30.312399999965294,9637.434300000012
2025-03-12T13:36:47.000000,9667.746699999978,-43.246899999965166,9624.499800000012
2025-03-12T13:37:07.000000,9667.746699999978,-41.19114999996482,9626.555550000012
2025-03-12T13:37:17.000000,9667.746699999978,-39.13539999996448,9628.611300000011
2025-03-12T13:37:22.000000,9667.746699999978,-46.07379999996448,9621.672900000012
2025-03-12T13:37:27.000000,9667.746699999978,-47.01369999996461,9620.733000000013
2025-03-12T13:37:32.000000,9667.746699999978,-50.951649999965205,9616.795050000012
2025-03-12T13:37:37.000000,9667.746699999978,-54.8895999999658,9612.85710000001
2025-03-12T13:37:42.000000,9667.746699999978,-55.82709999996593,9611.91960000001
2025-03-12T13:37:42.000000,9667.746699999978,-63.77909999996593,9603.96760000001
2025-03-12T13:37:47.000000,9667.746699999978,-67.71464999996546,9600.03205000001
2025-03-12T13:38:12.000000,9667.746699999978,-67.77374999996559,9599.97295000001
2025-03-12T13:39:02.000000,9667.746699999978,-48.32969999996617,9619.41700000001
2025-03-12T13:40:32.000000,9667.746699999978,-37.26779999996548,9630.478900000011
2025-03-12T13:40:32.000000,9667.746699999978,-25.152799999965907,9642.59390000001
2025-03-12T13:40:37.000000,9667.746699999978,-14.090899999965226,9653.655800000011
2025-03-12T13:40:42.000000,9667.746699999978,-9.027499999965482,9658.71920000001
2025-03-12T13:40:42.000000,9667.746699999978,-16.72749999996548,9651.01920000001
2025-03-12T13:40:47.000000,9667.746699999978,-8.663649999965267,9659.08305000001
2025-03-12T13:45:57.000000,9660.108299999978,-8.663649999965267,9651.44465000001
2025-03-12T13:46:02.000000,9665.418899999977,-8.663649999965267,9656.75525000001
2025-03-12T13:46:12.000000,9670.729499999976,-8.663649999965267,9662.065850000008
2025-03-12T13:46:17.000000,9676.040099999975,-8.663649999965267,9667.376450000007
2025-03-12T13:51:27.000000,9676.040099999975,-12.351999999964798,9663.688100000007
2025-03-12T13:53:47.000000,9703.440549999974,-12.351999999964798,9691.088550000006
2025-03-12T14:00:18.000000,9720.586549999973,-12.351999999964798,9708.234550000005
2025-03-12T14:01:42.000000,9720.586549999973,-27.01384999996465,9693.572700000004
2025-03-12T14:02:02.000000,9720.586549999973,-26.663849999964818,9693.922700000005
2025-03-12T14:02:12.000000,9720.586549999973,-20.328149999965117,9700.258400000004
2025-03-12T14:02:17.000000,9720.586549999973,-20.982299999965264,9699.604250000004
2025-03-12T14:02:37.000000,9720.586549999973,-49.62384999996482,9670.962700000004
2025-03-12T14:02:42.000000,9720.586549999973,-57.271849999964815,9663.314700000004
2025-03-12T14:03:02.000000,9720.586549999973,-64.91984999996481,9655.666700000005
2025-03-12T14:03:07.000000,9720.586549999973,-68.56724999996419,9652.019300000005
2025-03-12T14:03:12.000000,9720.586549999973,-80.21264999996481,9640.373900000004
2025-03-12T14:03:17.000000,9720.586549999973,-91.85804999996543,9628.728500000003
2025-03-12T14:03:22.000000,9720.586549999973,-99.50284999996543,9621.083700000003
2025-03-12T14:05:17.000000,9720.586549999973,-88.20094999996475,9632.385600000003
2025-03-12T14:13:42.000000,9720.586549999973,-83.85354999996429,9636.733000000004
2025-03-12T14:13:52.000000,9720.586549999973,-83.50674999996446,9637.079800000003
2025-03-12T14:13:57.000000,9720.586549999973,-83.15994999996462,9637.426600000003
2025-03-12T14:14:22.000000,9720.586549999973,-82.81314999996479,9637.773400000002
2025-03-12T14:14:27.000000,9720.586549999973,-86.46694999996417,9634.119600000002
2025-03-12T14:16:12.000000,9720.586549999973,-94.45494999996417,9626.131600000002
2025-03-12T14:16:17.000000,9720.586549999973,-97.44219999996517,9623.144350000002
2025-03-12T14:16:22.000000,9720.586549999973,-100.42944999996617,9620.157100000002
2025-03-12T14:16:32.000000,9720.586549999973,-103.41669999996716,9617.169850000002
2025-03-12T14:17:12.000000,9720.586549999973,-96.4064499999666,9624.180100000003
2025-03-12T14:17:32.000000,9720.586549999973,-89.39619999996603,9631.190350000004
2025-03-12T14:18:27.000000,9720.586549999973,-82.38194999996723,9638.204600000003
2025-03-12T14:19:27.000000,9720.586549999973,-90.18834999996723,9630.398200000003
2025-03-12T14:19:32.000000,9720.586549999973,-73.73034999996668,9646.856200000004
2025-03-12T14:19:42.000000,9720.586549999973,-57.272349999966124,9663.314200000004
2025-03-12T14:19:47.000000,9720.586549999973,-40.81434999996557,9679.772200000005
2025-03-12T14:20:07.000000,9720.586549999973,-6.032049999965224,9714.554500000006
2025-03-12T14:20:12.000000,9720.586549999973,22.418150000035073,9743.004700000007
2025-03-12T14:20:27.000000,9720.586549999973,38.87615000003562,9759.462700000007
2025-03-12T14:20:32.000000,9720.586549999973,55.334150000036175,9775.920700000008
2025-03-12T14:20:37.000000,9720.586549999973,71.79215000003673,9792.378700000008
2025-03-12T14:20:42.000000,9720.586549999973,88.25015000003728,9808.836700000009
2025-03-12T14:20:47.000000,9720.586549999973,104.70815000003783,9825.29470000001
2025-03-12T14:20:52.000000,9720.586549999973,133.16795000003813,9853.75450000001
2025-03-12T14:20:57.000000,9720.586549999973,161.62775000003842,9882.21430000001
2025-03-12T14:21:02.000000,9720.586549999973,190.08755000003873,9910.674100000011
2025-03-12T14:21:07.000000,9720.586549999973,217.86880000003924,9938.455350000011
2025-03-12T14:21:07.000000,9720.586549999973,234.3364000000398,9954.922950000011
2025-03-12T14:21:17.000000,9720.586549999973,262.11765000004027,9982.704200000011
2025-03-12T14:21:27.000000,9720.586549999973,275.90240000004104,9996.488950000012
2025-03-12T14:22:32.000000,9720.586549999973,289.6927500000418,10010.279300000013
2025-03-12T14:26:22.000000,9720.586549999973,340.22130000004114,10060.807850000012
2025-03-12T14:27:22.000000,9673.767749999972,340.22130000004114,10013.989050000011
2025-03-12T14:27:42.000000,9614.963149999972,340.22130000004114,9955.184450000012
2025-03-12T14:27:57.000000,9552.164349999972,340.22130000004114,9892.385650000011
2025-03-12T14:28:12.000000,9489.371949999972,340.22130000004114,9829.59325000001
2025-03-12T14:28:22.000000,9430.58014999997,340.22130000004114,9770.80145000001
2025-03-12T14:28:27.000000,9375.792149999972,340.22130000004114,9716.013450000011
2025-03-12T14:28:37.000000,9309.008749999972,340.22130000004114,9649.230050000011
2025-03-12T14:28:42.000000,9295.966249999972,340.22130000004114,9636.187550000011
2025-03-12T14:28:42.000000,9233.183449999973,340.22130000004114,9573.404750000012
2025-03-12T14:28:47.000000,9169.774099999973,340.22130000004114,9509.995400000013
2025-03-12T14:28:47.000000,9102.993899999974,340.22130000004114,9443.215200000013
2025-03-12T14:28:52.000000,9040.217499999975,340.22130000004114,9380.438800000014
2025-03-12T14:28:57.000000,8977.441099999976,340.22130000004114,9317.662400000016
2025-03-12T14:29:02.000000,8962.950299999977,340.22130000004114,9303.171600000016
2025-03-12T14:29:02.000000,8904.171299999976,340.22130000004114,9244.392600000016
2025-03-12T14:29:07.000000,8855.759399999975,340.22130000004114,9195.980700000015
2025-03-12T14:29:12.000000,8808.975799999975,340.22130000004114,9149.197100000014
2025-03-12T14:29:17.000000,8774.184399999975,340.22130000004114,9114.405700000014
2025-03-12T14:29:22.000000,8734.766649999974,340.22130000004114,9074.987950000013
2025-03-12T14:29:27.000000,8695.346499999974,340.22130000004114,9035.567800000013
2025-03-12T14:29:27.000000,8680.545299999974,340.22130000004114,9020.766600000014
2025-03-12T14:29:27.000000,8669.744699999974,340.22130000004114,9009.966000000013
2025-03-12T14:29:32.000000,8663.255099999973,340.22130000004114,9003.476400000012
2025-03-12T14:29:32.000000,8629.828649999972,340.22130000004114,8970.049950000011
2025-03-12T14:29:37.000000,8627.336449999972,340.22130000004114,8967.55775000001
2025-03-12T14:29:37.000000,8591.615449999972,340.22130000004114,8931.836750000011
2025-03-12T14:29:42.000000,8580.814849999972,340.22130000004114,8921.03615000001
2025-03-12T14:29:42.000000,8570.014249999971,340.22130000004114,8910.23555000001
2025-03-12T14:29:42.000000,8563.214249999972,340.22130000004114,8903.435550000011
2025-03-12T14:29:47.000000,8560.722049999971,340.22130000004114,8900.94335000001
2025-03-12T14:29:47.000000,8561.920049999972,340.22130000004114,8902.14135000001
2025-03-12T14:29:52.000000,8559.427849999971,340.22130000004114,8899.64915000001
2025-03-12T14:29:52.000000,8564.62644999997,340.22130000004114,8904.84775000001
2025-03-12T14:29:57.000000,8569.82184999997,340.22130000004114,8910.043150000009
2025-03-12T14:30:02.000000,8576.129549999969,340.22130000004114,8916.350850000008
2025-03-12T14:30:02.000000,8593.32354999997,340.22130000004114,8933.54485000001
2025-03-12T14:30:07.000000,8606.51694999997,340.22130000004114,8946.73825000001
2025-03-12T14:30:12.000000,8619.70714999997,340.22130000004114,8959.928450000009
2025-03-12T14:30:17.000000,8636.89794999997,340.22130000004114,8977.119250000009
2025-03-12T14:30:22.000000,8629.16994999997,340.22130000004114,8969.39125000001
2025-03-12T14:30:22.000000,8646.35754999997,340.22130000004114,8986.578850000009
2025-03-12T14:30:27.000000,8663.54194999997,340.22130000004114,9003.763250000009
2025-03-12T14:30:32.000000,8697.80904999997,340.22130000004114,9038.03035000001
2025-03-12T14:30:32.000000,8706.995449999971,340.22130000004114,9047.21675000001
2025-03-12T14:30:37.000000,8704.183249999971,340.22130000004114,9044.40455000001
2025-03-12T14:30:52.000000,8724.42584999997,340.22130000004114,9064.64715000001
2025-03-12T14:30:57.000000,8744.657249999971,340.22130000004114,9084.87855000001
2025-03-12T14:33:27.000000,8751.859499999971,340.22130000004114,9092.08080000001
2025-03-12T14:33:32.000000,8751.449999999972,340.22130000004114,9091.67130000001
2025-03-12T14:33:32.000000,8758.652249999972,340.22130000004114,9098.873550000011
2025-03-12T14:33:42.000000,8764.243649999971,340.22130000004114,9104.46495000001
2025-03-12T14:34:12.000000,8805.40924999997,340.22130000004114,9145.630550000009
2025-03-12T14:34:17.000000,8842.57744999997,340.22130000004114,9182.798750000009
2025-03-12T14:35:57.000000,8842.57744999997,248.58630000004186,9091.16375000001
2025-03-12T14:36:17.000000,8842.57744999997,216.92190000004237,9059.499350000011
2025-03-12T14:36:27.000000,8842.57744999997,167.18760000004326,9009.765050000013
2025-03-12T14:36:27.000000,8842.57744999997,148.5306000000435,8991.108050000013
2025-03-12T14:36:32.000000,8842.57744999997,104.87400000004321,8947.451450000013
2025-03-12T14:36:37.000000,8842.57744999997,97.13480000004321,8939.712250000013
2025-03-12T14:36:37.000000,8842.57744999997,-8.551899999955936,8834.025550000015
2025-03-12T14:36:42.000000,8842.57744999997,-114.23859999995508,8728.338850000016
2025-03-12T14:36:52.000000,8842.57744999997,-135.8960499999553,8706.681400000016
2025-03-12T14:37:37.000000,8842.57744999997,-142.5656499999553,8700.011800000017
2025-03-12T14:37:47.000000,8842.57744999997,-152.23569999995576,8690.341750000016
2025-03-12T14:37:57.000000,8842.57744999997,-164.90379999995562,8677.673650000015
2025-03-12T14:38:02.000000,8842.57744999997,-130.67029999995526,8711.907150000015
2025-03-12T14:38:12.000000,8842.57744999997,-96.42559999995615,8746.151850000015
2025-03-12T14:38:17.000000,8842.57744999997,-62.1920999999558,8780.385350000015
2025-03-12T14:38:17.000000,8842.57744999997,-68.8616999999558,8773.715750000016
2025-03-12T14:38:22.000000,8842.57744999997,-34.628199999955456,8807.949250000016
2025-03-12T14:38:27.000000,8842.57744999997,-0.3946999999551082,8842.182750000016
2025-03-12T14:38:32.000000,8842.57744999997,5.845800000044594,8848.423250000016
2025-03-12T14:38:32.000000,8842.57744999997,-9.817949999954681,8832.759500000016
2025-03-12T14:38:37.000000,8842.57744999997,-19.48319999995515,8823.094250000016
2025-03-12T14:38:47.000000,8842.57744999997,-13.242699999955448,8829.334750000016
2025-03-12T14:38:57.000000,8842.57744999997,6.988700000045199,8849.566150000017
2025-03-12T14:39:12.000000,8842.57744999997,13.229200000044901,8855.806650000017
2025-03-12T14:39:17.000000,8842.57744999997,19.469700000044604,8862.047150000017
2025-03-12T14:39:22.000000,8842.57744999997,39.70110000004525,8882.278550000017
2025-03-12T14:39:57.000000,8842.57744999997,73.9234000000456,8916.500850000017
2025-03-12T14:40:07.000000,8842.57744999997,108.14570000004595,8950.723150000016
2025-03-12T14:40:12.000000,8842.57744999997,128.3771000000466,8970.954550000017
2025-03-12T14:40:22.000000,8842.57744999997,113.59765000004674,8956.175100000017
2025-03-12T14:40:22.000000,8842.57744999997,118.92505000004755,8961.502500000017
2025-03-12T14:40:27.000000,8842.57744999997,167.1494500000476,9009.726900000016
2025-03-12T14:40:27.000000,8842.57744999997,175.47490000004782,9018.052350000016
2025-03-12T14:40:32.000000,8842.57744999997,137.65840000004712,8980.235850000015
2025-03-12T14:40:32.000000,8842.57744999997,137.46345000004698,8980.040900000015
2025-03-12T14:40:32.000000,8842.57744999997,117.47765000004652,8960.055100000014
2025-03-12T14:40:32.000000,8842.57744999997,122.80505000004733,8965.382500000014
2025-03-12T14:40:37.000000,8842.57744999997,122.61010000004718,8965.187550000013
2025-03-12T14:40:42.000000,8842.57744999997,122.41515000004703,8964.992600000012
2025-03-12T14:40:42.000000,8842.57744999997,142.64655000004768,8985.224000000013
2025-03-12T14:40:42.000000,8842.57744999997,176.85765000004804,9019.435100000013
2025-03-12T14:40:47.000000,8842.57744999997,183.65815000004773,9026.235600000013
2025-03-12T14:40:47.000000,8842.57744999997,203.88955000004836,9046.467000000013
2025-03-12T14:40:52.000000,8842.57744999997,210.69005000004807,9053.267500000013
2025-03-12T14:40:52.000000,8842.57744999997,265.893100000048,9108.470550000013
2025-03-12T14:40:52.000000,8842.57744999997,268.2224500000483,9110.799900000013
2025-03-12T14:40:57.000000,8842.57744999997,275.022950000048,9117.600400000012
2025-03-12T14:41:02.000000,8842.57744999997,281.8234500000477,9124.400900000011
2025-03-12T14:41:07.000000,8842.57744999997,295.61940000004853,9138.196850000013
2025-03-12T14:41:12.000000,8842.57744999997,309.41535000004933,9151.992800000015
2025-03-12T14:41:12.000000,8842.57744999997,399.61245000004976,9242.189900000016
2025-03-12T14:41:12.000000,8842.57744999997,396.1929000000492,9238.770350000015
2025-03-12T14:41:17.000000,8842.57744999997,416.9843000000498,9259.561750000015
2025-03-12T14:41:17.000000,8842.57744999997,451.21780000005015,9293.795250000016
2025-03-12T14:41:22.000000,8842.57744999997,472.0092000000508,9314.586650000016
2025-03-12T14:41:27.000000,8842.57744999997,492.8006000000514,9335.378050000016
2025-03-12T14:41:32.000000,8842.57744999997,513.592000000052,9356.169450000016
2025-03-12T14:41:32.000000,8842.57744999997,491.86750000005236,9334.444950000016
2025-03-12T14:41:37.000000,8842.57744999997,505.66345000005316,9348.240900000017
2025-03-12T14:41:37.000000,8842.57744999997,502.2439000000526,9344.821350000017
2025-03-12T14:41:42.000000,8842.57744999997,516.0398500000533,9358.617300000018
2025-03-12T14:41:47.000000,8842.57744999997,529.8358000000541,9372.41325000002
2025-03-12T14:41:52.000000,8842.57744999997,550.6328000000547,9393.21025000002
2025-03-12T14:41:57.000000,8842.57744999997,571.4298000000553,9414.00725000002
2025-03-12T14:42:02.000000,8842.57744999997,592.2268000000558,9434.804250000021
2025-03-12T14:42:07.000000,8842.57744999997,613.0238000000564,9455.601250000022
2025-03-12T14:42:12.000000,8842.57744999997,590.2095500000554,9432.78700000002
2025-03-12T14:42:12.000000,8842.57744999997,611.006550000056,9453.58400000002
2025-03-12T14:42:17.000000,8842.57744999997,588.192300000055,9430.76975000002
2025-03-12T14:42:17.000000,8842.57744999997,601.9938500000545,9444.57130000002
2025-03-12T14:42:22.000000,8842.57744999997,615.7954000000541,9458.37285000002
2025-03-12T14:42:27.000000,8842.57744999997,629.5969500000537,9472.17440000002
2025-03-12T14:42:32.000000,8842.57744999997,643.3985000000532,9485.97595000002
2025-03-12T14:42:37.000000,8842.57744999997,650.2046000000529,9492.78205000002
2025-03-12T14:42:42.000000,8842.57744999997,627.3903500000519,9469.967800000019
2025-03-12T14:42:42.000000,8842.57744999997,634.1964500000515,9476.773900000018
2025-03-12T14:42:52.000000,8842.57744999997,634.0071000000514,9476.584550000018
2025-03-12T14:44:27.000000,8808.150199999971,634.0071000000514,9442.157300000019
2025-03-12T14:44:52.000000,8808.150199999971,647.819850000051,9455.970050000018
2025-03-12T14:45:02.000000,8808.150199999971,654.6371500000507,9462.787350000017
2025-03-12T14:45:02.000000,8808.150199999971,661.4544500000504,9469.604650000016
2025-03-12T14:45:02.000000,8808.150199999971,668.2717500000501,9476.421950000014
2025-03-12T14:45:02.000000,8808.150199999971,702.5388500000505,9510.689050000015
2025-03-12T14:45:02.000000,8808.150199999971,736.8059500000509,9544.956150000016
2025-03-12T14:45:02.000000,8808.150199999971,757.0821500000516,9565.232350000017
2025-03-12T14:45:02.000000,8808.150199999971,777.3583500000523,9585.508550000017
2025-03-12T14:45:02.000000,8808.150199999971,797.634550000053,9605.784750000017
2025-03-12T14:45:02.000000,8808.150199999971,803.9198500000539,9612.070050000018
2025-03-12T14:45:02.000000,8808.150199999971,810.2051500000548,9618.35535000002
2025-03-12T14:54:57.000000,8808.150199999971,764.774500000054,9572.92470000002
2025-03-12T14:54:57.000000,8808.150199999971,770.3107000000538,9578.46090000002
2025-03-12T14:54:57.000000,8808.150199999971,775.8469000000536,9583.99710000002
2025-03-12T14:54:57.000000,8808.150199999971,781.3831000000533,9589.533300000021
2025-03-12T14:54:57.000000,8808.150199999971,786.9193000000531,9595.069500000021
2025-03-12T14:54:57.000000,8808.150199999971,792.4555000000529,9600.605700000022
2025-03-12T14:54:57.000000,8808.150199999971,797.9917000000527,9606.141900000022
2025-03-12T14:54:57.000000,8808.150199999971,803.5279000000525,9611.678100000023
2025-03-13T09:50:37.000000,8808.150199999971,956.6336500000527,9764.783850000023
2025-03-13T09:50:47.000000,8808.150199999971,965.621500000053,9773.771700000023
2025-03-13T09:50:52.000000,8808.150199999971,1034.7314500000525,9842.881650000023
2025-03-13T09:50:52.000000,8808.150199999971,1043.7217000000528,9851.871900000024
2025-03-13T09:52:02.000000,8808.150199999971,1161.7774000000527,9969.927600000023
2025-03-13T09:52:07.000000,8808.150199999971,1218.1678000000513,10026.318000000021
2025-03-13T09:52:07.000000,8808.150199999971,1343.213350000051,10151.36355000002
2025-03-13T09:52:17.000000,8808.150199999971,1468.281300000052,10276.43150000002
2025-03-13T09:52:22.000000,8808.150199999971,1530.3958000000516,10338.54600000002
2025-03-13T09:52:27.000000,8808.150199999971,1599.5113500000512,10407.66155000002
2025-03-13T09:52:47.000000,8808.150199999971,1647.6629500000513,10455.81315000002
2025-03-13T09:53:17.000000,8770.42969999997,1647.6629500000513,10418.092650000019
2025-03-13T09:53:32.000000,8770.42969999997,1660.770100000051,10431.199800000019
2025-03-13T09:53:42.000000,8770.42969999997,1666.8818000000506,10437.311500000018
2025-03-13T09:53:57.000000,8770.42969999997,1645.5315500000504,10415.961250000018
2025-03-13T09:54:07.000000,8770.42969999997,1644.6366000000503,10415.066300000019
2025-03-13T09:54:12.000000,8770.42969999997,1657.7437500000499,10428.173450000018
2025-03-13T09:54:17.000000,8770.42969999997,1677.8519500000493,10448.281650000017
2025-03-13T09:54:32.000000,8770.42969999997,1711.9678500000484,10482.397550000016
2025-03-13T09:54:37.000000,8770.42969999997,1746.0837500000475,10516.513450000015
2025-03-13T09:54:52.000000,8770.42969999997,1726.4115500000478,10496.841250000016
2025-03-13T09:56:42.000000,8770.42969999997,1746.5141500000473,10516.943850000016
2025-03-13T09:56:47.000000,8770.42969999997,1737.177700000048,10507.607400000017
2025-03-13T09:56:52.000000,8770.42969999997,1715.3020000000483,10485.731700000017
2025-03-13T09:57:07.000000,8770.42969999997,1665.4389000000492,10435.868600000018
2025-03-13T09:59:12.000000,8770.42969999997,1692.4721500000494,10462.901850000018
2025-03-13T09:59:22.000000,8770.42969999997,1719.5054000000496,10489.935100000019
2025-03-13T09:59:22.000000,8770.42969999997,1791.16190000005,10561.59160000002
2025-03-13T09:59:27.000000,8770.42969999997,1847.8257500000504,10618.25545000002
2025-03-13T09:59:32.000000,8770.42969999997,1913.48855000005,10683.91825000002
2025-03-13T09:59:37.000000,8770.42969999997,1982.1518000000501,10752.58150000002
2025-03-13T09:59:57.000000,8770.42969999997,2074.8138500000496,10845.24355000002
2025-03-13T10:00:02.000000,8770.42969999997,2167.480700000049,10937.910400000019
2025-03-13T10:00:07.000000,8770.42969999997,2257.1519000000494,11027.58160000002
2025-03-13T10:00:12.000000,8770.42969999997,2343.827450000049,11114.25715000002
2025-03-13T10:00:17.000000,8770.42969999997,2391.957450000049,11162.38715000002
2025-03-13T10:00:17.000000,8770.42969999997,2478.6354000000497,11249.065100000022
2025-03-13T10:00:32.000000,8770.42969999997,2522.7744000000494,11293.20410000002
2025-03-13T10:00:37.000000,8770.42969999997,2570.91400000005,11341.343700000021
2025-03-13T10:00:57.000000,8770.42969999997,2627.0484000000497,11397.478100000022
2025-03-13T10:01:02.000000,8770.42969999997,2646.4780500000493,11416.907750000022
2025-03-13T10:01:02.000000,8770.42969999997,2694.6144500000496,11465.044150000022
2025-03-13T10:02:12.000000,8770.42969999997,2784.74435000005,11555.174050000021
2025-03-13T10:02:17.000000,8770.42969999997,2881.87530000005,11652.305000000022
2025-03-13T10:02:22.000000,8770.42969999997,2894.0127000000502,11664.442400000022
2025-03-13T10:02:27.000000,8770.42969999997,2910.150700000051,11680.580400000023
2025-03-13T10:02:37.000000,8770.42969999997,3014.293900000051,11784.723600000023
2025-03-13T10:02:37.000000,8770.42969999997,3014.439100000051,11784.868800000022
2025-03-13T10:02:42.000000,8770.42969999997,3039.56390000005,11809.993600000022
2025-03-13T10:02:42.000000,8770.42969999997,3136.71165000005,11907.141350000022
2025-03-13T10:02:42.000000,8770.42969999997,3136.8600500000503,11907.289750000022
2025-03-13T10:02:52.000000,8770.42969999997,3177.9904500000507,11948.420150000022
2025-03-13T10:03:32.000000,8770.42969999997,3235.120050000051,12005.549750000022
2025-03-13T10:03:57.000000,8770.42969999997,3276.2536500000515,12046.683350000023
2025-03-13T10:04:07.000000,8770.42969999997,3313.393050000051,12083.822750000023
2025-03-13T10:05:42.000000,8812.144099999969,3313.393050000051,12125.537150000022
2025-03-13T10:07:17.000000,8812.144099999969,3269.8780500000503,12082.02215000002
2025-03-13T10:07:57.000000,8804.427299999968,3269.8780500000503,12074.30535000002
2025-03-13T10:10:32.000000,8804.427299999968,3193.899850000051,11998.327150000021
2025-03-13T10:10:42.000000,8804.427299999968,3186.680650000051,11991.107950000021
2025-03-13T10:11:57.000000,8804.427299999968,3287.1368500000503,12091.56415000002
2025-03-13T10:12:12.000000,8804.427299999968,3298.82755000005,12103.25485000002
2025-03-13T10:12:27.000000,8804.427299999968,3277.05265000005,12081.479950000019
2025-03-13T10:13:27.000000,8804.427299999968,3261.7561000000496,12066.183400000018
2025-03-13T10:14:17.000000,8804.427299999968,3246.4523500000505,12050.879650000019
2025-03-13T10:14:42.000000,8804.427299999968,3225.1477000000505,12029.575000000019
2025-03-13T10:15:22.000000,8804.427299999968,3179.8442500000506,11984.27155000002
2025-03-13T10:15:27.000000,8804.427299999968,3131.5427500000505,11935.97005000002
2025-03-13T10:17:57.000000,8804.427299999968,3122.244700000051,11926.67200000002
2025-03-13T10:18:32.000000,8845.717849999968,3122.244700000051,11967.96255000002
2025-03-13T10:18:47.000000,8929.014699999969,3122.244700000051,12051.25940000002
2025-03-13T10:20:17.000000,8929.014699999969,3150.7909000000504,12079.80560000002
2025-03-13T10:20:42.000000,8929.014699999969,3201.4730500000496,12130.487750000018
2025-03-13T10:20:42.000000,8929.014699999969,3249.1571500000496,12178.171850000019
2025-03-13T10:20:57.000000,8929.014699999969,3305.8402000000488,12234.854900000018
2025-03-13T10:21:07.000000,8929.014699999969,3362.525650000049,12291.54035000002
2025-03-13T10:21:12.000000,8929.014699999969,3425.212000000049,12354.22670000002
2025-03-13T10:21:17.000000,8929.014699999969,3472.908100000049,12401.922800000018
2025-03-13T10:22:42.000000,8861.40969999997,3472.908100000049,12334.317800000019
2025-03-13T10:24:22.000000,8853.801699999969,3472.908100000049,12326.709800000019
2025-03-13T10:24:42.000000,8861.18394999997,3472.908100000049,12334.09205000002
2025-03-13T10:25:07.000000,8883.556449999971,3472.908100000049,12356.46455000002
2025-03-13T10:25:12.000000,8905.928949999972,3472.908100000049,12378.837050000022
2025-03-13T10:28:27.000000,8882.227349999972,3472.908100000049,12355.135450000022
2025-03-13T10:29:17.000000,9000.479049999973,3472.908100000049,12473.387150000022
2025-03-13T10:30:57.000000,9000.479049999973,3510.2588500000484,12510.737900000022
2025-03-13T10:39:12.000000,9000.479049999973,3550.5284500000475,12551.007500000022
2025-03-13T10:39:27.000000,8947.900299999974,3550.5284500000475,12498.428750000023
2025-03-13T10:42:02.000000,8925.302049999975,3550.5284500000475,12475.830500000024
2025-03-13T10:44:47.000000,8932.708299999975,3550.5284500000475,12483.236750000024
2025-03-13T10:45:22.000000,8932.708299999975,3514.740250000048,12447.448550000025
2025-03-13T10:45:52.000000,8932.708299999975,3525.2477500000477,12457.956050000024
2025-03-13T10:46:02.000000,8932.708299999975,3413.929750000047,12346.638050000023
2025-03-13T10:46:07.000000,8932.708299999975,3318.6077500000474,12251.316050000023
2025-03-13T10:46:12.000000,8932.708299999975,3215.290950000048,12147.999250000024
2025-03-13T10:46:22.000000,8932.708299999975,3261.7822500000466,12194.490550000024
2025-03-13T10:46:27.000000,8932.708299999975,3299.279400000046,12231.987700000023
2025-03-13T10:46:37.000000,8932.708299999975,3300.7855500000455,12233.493850000023
2025-03-13T10:46:42.000000,8932.708299999975,3284.2962000000457,12217.004500000023
2025-03-13T10:46:47.000000,8932.708299999975,3240.8172000000463,12173.525500000023
2025-03-13T10:47:02.000000,8925.112299999975,3240.8172000000463,12165.929500000024
2025-03-13T10:47:22.000000,8925.112299999975,3253.3866000000467,12178.498900000024
2025-03-13T10:47:22.000000,8925.112299999975,3245.5970000000466,12170.709300000024
2025-03-13T10:47:37.000000,8925.112299999975,3242.173600000046,12167.285900000023
2025-03-13T10:47:42.000000,8925.112299999975,3242.7508000000457,12167.863100000022
2025-03-13T10:48:02.000000,8925.112299999975,3280.2335500000463,12205.345850000023
2025-03-13T10:48:07.000000,8925.112299999975,3308.7221500000455,12233.834450000022
2025-03-13T10:48:32.000000,8925.112299999975,3337.2035500000466,12262.315850000023
2025-03-13T10:48:37.000000,8925.112299999975,3317.660950000047,12242.773250000024
2025-03-13T10:48:37.000000,8925.112299999975,3346.142350000048,12271.254650000024
2025-03-13T10:48:42.000000,8925.112299999975,3326.599750000048,12251.712050000026
2025-03-13T10:49:37.000000,8925.112299999975,3334.8645500000475,12259.976850000025
2025-03-13T10:50:02.000000,8925.112299999975,3362.0578000000482,12287.170100000025
2025-03-13T10:50:12.000000,8925.112299999975,3382.2556000000477,12307.367900000025
2025-03-13T10:50:17.000000,8925.112299999975,3402.453400000047,12327.565700000025
2025-03-13T10:50:22.000000,8925.112299999975,3401.659250000047,12326.771550000025
2025-03-13T10:50:27.000000,8925.112299999975,3407.8605500000467,12332.972850000024
2025-03-13T10:50:32.000000,8925.112299999975,3393.069900000047,12318.182200000025
2025-03-13T10:50:57.000000,8925.112299999975,3241.656300000047,12166.768600000025
2025-03-13T10:51:07.000000,8925.112299999975,3058.2507000000464,11983.363000000025
2025-03-13T10:51:12.000000,8925.112299999975,2874.851500000046,11799.963800000025
2025-03-13T10:53:32.000000,8925.112299999975,2839.0521000000454,11764.164400000025
2025-03-13T10:53:57.000000,8925.112299999975,2911.550500000045,11836.662800000026
2025-03-13T10:54:07.000000,8925.112299999975,2878.318450000045,11803.430750000025
2025-03-13T10:54:12.000000,8925.112299999975,2966.819250000044,11891.931550000025
2025-03-13T10:54:17.000000,8925.112299999975,3047.3252500000435,11972.437550000024
2025-03-13T10:54:22.000000,8925.112299999975,3127.8376500000445,12052.949950000026
2025-03-13T10:54:27.000000,8925.112299999975,3208.3500500000455,12133.462350000027
2025-03-13T10:54:32.000000,8925.112299999975,3272.8728500000466,12197.985150000028
2025-03-13T10:54:37.000000,8925.112299999975,3337.4020500000465,12262.514350000027
2025-03-13T10:54:42.000000,8925.112299999975,3401.9376500000462,12327.049950000026
2025-03-13T10:54:47.000000,8925.112299999975,3458.4784500000465,12383.590750000027
2025-03-13T10:54:52.000000,8925.112299999975,3507.0244500000467,12432.136750000027
2025-03-13T10:54:57.000000,8925.112299999975,3539.5744500000474,12464.686750000028
2025-03-13T10:55:52.000000,8925.112299999975,3460.1172500000475,12385.229550000027
2025-03-13T10:55:57.000000,8925.112299999975,3388.6612500000474,12313.773550000027
2025-03-13T10:56:02.000000,8925.112299999975,3374.2794000000476,12299.391700000027
2025-03-13T10:56:02.000000,8925.112299999975,3306.820800000048,12231.933100000027
2025-03-13T10:56:02.000000,8925.112299999975,3379.332000000048,12304.444300000026
2025-03-13T10:56:07.000000,8925.112299999975,3371.945600000048,12297.057900000027
2025-03-13T10:56:07.000000,8925.112299999975,3296.4890000000473,12221.601300000026
2025-03-13T10:56:07.000000,8925.112299999975,3368.993800000047,12294.106100000026
2025-03-13T10:56:17.000000,8925.112299999975,3333.6200000000463,12258.732300000025
2025-03-13T10:56:17.000000,8925.112299999975,3398.1236000000463,12323.235900000025
2025-03-13T10:56:22.000000,8925.112299999975,3384.5579000000466,12309.670200000026
2025-03-13T10:56:22.000000,8925.112299999975,3356.1795500000458,12281.291850000025
2025-03-13T10:56:22.000000,8925.112299999975,3228.718350000047,12153.830650000025
2025-03-13T10:56:22.000000,8925.112299999975,3097.2597500000475,12022.372050000025
2025-03-13T10:56:22.000000,8925.112299999975,3137.7789500000476,12062.891250000026
2025-03-13T10:56:32.000000,8925.112299999975,3170.303350000047,12095.415650000024
2025-03-13T10:56:37.000000,8925.112299999975,3137.052100000047,12062.164400000025
2025-03-13T10:56:37.000000,8925.112299999975,3153.580500000047,12078.692800000024
2025-03-13T10:56:42.000000,8925.112299999975,3111.3303000000465,12036.442600000024
2025-03-13T10:56:47.000000,8925.112299999975,3069.0825000000473,11994.194800000025
2025-03-13T10:56:47.000000,8925.112299999975,3077.616100000047,12002.728400000024
2025-03-13T10:56:52.000000,8925.112299999975,3086.149700000047,12011.262000000022
2025-03-13T10:56:57.000000,8925.112299999975,3086.6885000000466,12011.800800000023
2025-03-13T10:57:07.000000,8925.112299999975,3038.7505000000474,11963.862800000024
2025-03-13T10:57:07.000000,8925.112299999975,2993.5022500000478,11918.614550000024
2025-03-13T10:57:37.000000,8925.112299999975,2964.6815000000483,11889.793800000025
2025-03-13T10:58:37.000000,8925.112299999975,2922.295450000048,11847.407750000024
2025-03-13T10:58:47.000000,8925.112299999975,2882.5210500000485,11807.633350000026
2025-03-13T10:58:52.000000,8925.112299999975,2842.746650000049,11767.858950000027
2025-03-13T10:59:02.000000,8925.112299999975,2810.9670500000498,11736.079350000027
2025-03-13T10:59:07.000000,8925.112299999975,2763.1914500000507,11688.303750000028
2025-03-13T10:59:12.000000,8925.112299999975,2731.4118500000513,11656.524150000028
2025-03-13T11:00:57.000000,8925.112299999975,2731.6242500000512,11656.736550000029
2025-03-13T11:01:12.000000,8925.112299999975,2740.129050000051,11665.241350000028
2025-03-13T11:02:12.000000,8925.112299999975,2733.857850000051,11658.970150000028
2025-03-13T11:02:22.000000,8925.112299999975,2747.4690000000514,11672.581300000029
2025-03-13T11:02:42.000000,8925.112299999975,2759.190900000052,11684.30320000003
2025-03-13T11:02:47.000000,8925.112299999975,2765.8010000000527,11690.913300000031
2025-03-13T11:02:47.000000,8925.112299999975,2774.524850000053,11699.637150000031
2025-03-13T11:02:52.000000,8925.112299999975,2780.2506500000536,11705.362950000032
2025-03-13T11:02:57.000000,8925.112299999975,2782.978400000054,11708.090700000032
2025-03-13T11:03:17.000000,8925.112299999975,2803.5906000000546,11728.702900000033
2025-03-13T11:03:17.000000,8925.112299999975,2824.3186500000547,11749.430950000033
2025-03-13T11:03:22.000000,8925.112299999975,2845.046700000055,11770.159000000032
2025-03-13T11:03:52.000000,8925.112299999975,2879.655400000055,11804.767700000033
2025-03-13T11:04:17.000000,8925.112299999975,2893.272150000055,11818.384450000032
2025-03-13T11:04:27.000000,8925.112299999975,2937.9894000000554,11863.101700000032
2025-03-13T11:04:37.000000,8925.112299999975,2958.601600000056,11883.713900000033
2025-03-13T11:04:37.000000,8925.112299999975,3006.3193000000556,11931.431600000033
2025-03-13T11:04:42.000000,8925.112299999975,3051.038950000055,11976.151250000032
2025-03-13T11:04:47.000000,8925.112299999975,3095.7586000000547,12020.87090000003
2025-03-13T11:04:52.000000,8925.112299999975,3140.4782500000542,12065.59055000003
2025-03-13T11:04:57.000000,8925.112299999975,3185.197900000054,12110.310200000029
2025-03-13T11:05:02.000000,8925.112299999975,3240.3225500000535,12165.434850000029
2025-03-13T11:05:02.000000,8925.112299999975,3282.0441500000534,12207.15645000003
2025-03-13T11:05:07.000000,8925.112299999975,3332.762300000054,12257.87460000003
2025-03-13T11:05:12.000000,8925.112299999975,3377.4843500000543,12302.59665000003
2025-03-13T11:05:17.000000,8925.112299999975,3419.213150000054,12344.325450000031
2025-03-13T11:05:22.000000,8925.112299999975,3457.943900000055,12383.056200000032
2025-03-13T11:05:27.000000,8925.112299999975,3499.675100000055,12424.787400000032
2025-03-13T11:05:32.000000,8925.112299999975,3541.406300000055,12466.518600000032
2025-03-13T11:05:37.000000,8925.112299999975,3580.1394500000547,12505.251750000032
2025-03-13T11:05:47.000000,8925.112299999975,3618.875000000054,12543.987300000032
2025-03-13T11:05:57.000000,8925.112299999975,3660.6134000000543,12585.725700000032
2025-03-13T11:06:02.000000,8925.112299999975,3702.3518000000545,12627.464100000032
2025-03-13T11:09:22.000000,8925.112299999975,3705.855850000054,12630.968150000032
2025-03-13T11:10:07.000000,8925.112299999975,3697.878250000054,12622.990550000031
2025-03-13T11:10:42.000000,8925.112299999975,3701.8928500000534,12627.005150000032
2025-03-13T11:11:12.000000,8925.112299999975,3706.310650000053,12631.422950000031
2025-03-13T11:11:58.000000,8925.112299999975,3670.8416500000526,12595.95395000003
2025-03-13T11:15:52.000000,8887.535799999976,3670.8416500000526,12558.37745000003
2025-03-13T11:17:17.000000,8849.959299999977,3670.8416500000526,12520.800950000032
2025-03-13T11:24:22.000000,8849.959299999977,3667.611700000053,12517.571000000033
2025-03-13T11:25:02.000000,8849.959299999977,3659.9605000000533,12509.919800000032
2025-03-13T11:25:12.000000,8849.959299999977,3676.3033000000537,12526.262600000033
2025-03-13T11:26:12.000000,8797.392549999977,3676.3033000000537,12473.695850000033
2025-03-13T13:00:27.000000,8797.392549999977,3684.939300000053,12482.331850000033
2025-03-13T13:00:37.000000,8797.392549999977,3693.581700000053,12490.974250000032
2025-03-13T13:02:12.000000,8797.392549999977,3846.793850000053,12644.186400000031
2025-03-13T13:02:17.000000,8797.392549999977,3972.001800000054,12769.394350000033
2025-03-13T13:02:22.000000,8797.392549999977,4097.204150000055,12894.596700000035
2025-03-13T13:05:27.000000,8797.392549999977,4104.646400000055,12902.038950000035
2025-03-13T13:05:32.000000,8797.392549999977,4127.090900000055,12924.483450000034
2025-03-13T13:05:42.000000,8797.392549999977,4149.535400000054,12946.927950000034
2025-03-13T13:06:52.000000,8744.897799999977,4149.535400000054,12894.433200000034
2025-03-13T13:07:02.000000,8692.415049999978,4149.535400000054,12841.950450000035
2025-03-13T13:07:32.000000,8669.888799999979,4149.535400000054,12819.424200000036
2025-03-13T13:07:37.000000,8662.36479999998,4149.535400000054,12811.900200000036
2025-03-13T13:07:47.000000,8639.83854999998,4149.535400000054,12789.373950000037
2025-03-13T13:08:27.000000,8639.83854999998,4204.828050000056,12844.666600000039
2025-03-13T13:08:57.000000,8639.83854999998,4257.277050000055,12897.11560000004
2025-03-13T13:09:07.000000,8639.83854999998,4309.738050000055,12949.576600000039
2025-03-13T13:10:52.000000,8639.83854999998,4366.406850000056,13006.245400000038
2025-03-13T13:10:57.000000,8639.83854999998,4423.075650000056,13062.914200000037
2025-03-13T13:11:02.000000,8639.83854999998,4479.7444500000565,13119.583000000037
2025-03-13T13:11:12.000000,8608.21894999998,4479.7444500000565,13087.963400000037
2025-03-13T13:11:17.000000,8608.21894999998,4544.414450000057,13152.633400000037
2025-03-13T13:11:22.000000,8608.21894999998,4617.085650000056,13225.304600000036
2025-03-13T13:11:37.000000,8608.21894999998,4689.756850000056,13297.975800000035
2025-03-13T13:11:42.000000,8608.21894999998,4754.433250000056,13362.652200000035
2025-03-13T13:11:47.000000,8608.21894999998,4827.110850000057,13435.329800000036
2025-03-13T13:11:52.000000,8608.21894999998,4891.787250000058,13500.006200000036
2025-03-13T13:12:02.000000,8616.22134999998,4891.787250000058,13508.008600000036
2025-03-13T13:12:07.000000,8616.22134999998,4956.470050000059,13572.691400000036
2025-03-13T13:18:17.000000,8616.22134999998,4947.277600000059,13563.498950000036
2025-03-13T13:18:22.000000,8616.22134999998,4904.350600000058,13520.571950000036
2025-03-13T13:19:32.000000,8616.22134999998,4905.935950000057,13522.157300000035
2025-03-13T13:19:37.000000,8616.22134999998,4898.519950000057,13514.741300000036
2025-03-13T13:19:47.000000,8616.22134999998,4891.103950000057,13507.325300000037
2025-03-13T13:19:52.000000,8616.22134999998,4883.687950000057,13499.909300000038
2025-03-13T13:19:57.000000,8616.22134999998,4867.277800000057,13483.499150000038
2025-03-13T13:20:07.000000,8616.22134999998,4850.867650000057,13467.089000000038
2025-03-13T13:20:12.000000,8616.22134999998,4834.457500000058,13450.678850000038
2025-03-13T13:20:17.000000,8616.22134999998,4835.130700000059,13451.35205000004
2025-03-13T13:20:22.000000,8616.22134999998,4835.80390000006,13452.02525000004
2025-03-13T13:20:27.000000,8616.22134999998,4819.39375000006,13435.615100000041
2025-03-13T13:20:27.000000,8616.22134999998,4820.066950000061,13436.288300000042
2025-03-13T13:20:32.000000,8616.22134999998,4794.66265000006,13410.88400000004
2025-03-13T13:20:32.000000,8616.22134999998,4787.34105000006,13403.56240000004
2025-03-13T13:20:37.000000,8616.22134999998,4772.02465000006,13388.246000000041
2025-03-13T13:20:42.000000,8616.22134999998,4756.708250000061,13372.929600000041
2025-03-13T13:20:47.000000,8616.22134999998,4741.391850000061,13357.613200000042
2025-03-13T13:20:52.000000,8616.22134999998,4726.075450000061,13342.296800000042
2025-03-13T13:20:57.000000,8616.22134999998,4718.753850000061,13334.975200000043
2025-03-13T13:21:02.000000,8616.22134999998,4710.901850000061,13327.123200000042
2025-03-13T13:21:02.000000,8616.22134999998,4703.580250000061,13319.801600000043
2025-03-13T13:21:07.000000,8616.22134999998,4703.914250000061,13320.135600000041
2025-03-13T13:21:07.000000,8616.22134999998,4696.5926500000605,13312.814000000042
2025-03-13T13:21:12.000000,8616.22134999998,4702.85555000006,13319.076900000042
2025-03-13T13:21:12.000000,8616.22134999998,4695.53395000006,13311.755300000043
2025-03-13T13:21:17.000000,8616.22134999998,4688.21235000006,13304.433700000043
2025-03-13T13:21:22.000000,8616.22134999998,4680.89075000006,13297.112100000044
2025-03-13T13:21:27.000000,8616.22134999998,4665.57435000006,13281.795700000044
2025-03-13T13:21:32.000000,8616.22134999998,4647.93685000006,13264.158200000045
2025-03-13T13:21:32.000000,8616.22134999998,4644.74050000006,13260.961850000045
2025-03-13T13:21:32.000000,8616.22134999998,4637.41890000006,13253.640250000046
2025-03-13T13:21:37.000000,8616.22134999998,4622.10250000006,13238.323850000046
2025-03-13T13:21:42.000000,8616.22134999998,4606.78610000006,13223.007450000046
2025-03-13T13:21:47.000000,8616.22134999998,4641.05320000006,13257.274550000047
2025-03-13T13:21:47.000000,8616.22134999998,4668.324850000061,13284.546200000048
2025-03-13T13:22:02.000000,8616.22134999998,4659.13240000006,13275.353750000048
2025-03-13T13:22:07.000000,8616.22134999998,4646.93950000006,13263.160850000048
2025-03-13T13:24:47.000000,8616.22134999998,4688.23565000006,13304.457000000046
2025-03-13T13:26:07.000000,8616.22134999998,4680.675650000059,13296.897000000046
2025-03-13T13:29:22.000000,8616.22134999998,4614.14585000006,13230.367200000046
2025-03-13T13:34:27.000000,8616.22134999998,4622.581700000059,13238.803050000046
2025-03-13T13:34:52.000000,8616.22134999998,4669.0946000000595,13285.315950000046
2025-03-13T13:34:57.000000,8616.22134999998,4676.5368500000595,13292.758200000046
2025-03-13T13:34:57.000000,8616.22134999998,4741.045250000059,13357.266600000046
2025-03-13T13:35:07.000000,8616.22134999998,4814.555000000059,13430.776350000046
2025-03-13T13:35:17.000000,8616.22134999998,4870.06925000006,13486.290600000046
2025-03-13T13:35:22.000000,8616.22134999998,4907.516000000059,13523.737350000045
2025-03-13T13:38:47.000000,8616.22134999998,4948.214400000059,13564.435750000046
2025-03-13T13:38:52.000000,8616.22134999998,4988.912800000059,13605.134150000047
2025-03-13T13:39:02.000000,8616.22134999998,5029.611200000059,13645.832550000048
2025-03-13T13:39:07.000000,8616.22134999998,5062.31480000006,13678.536150000049
2025-03-13T13:39:27.000000,8616.22134999998,5095.018400000061,13711.23975000005
2025-03-13T13:39:32.000000,8616.22134999998,5127.722000000062,13743.94335000005
2025-03-13T13:39:37.000000,8616.22134999998,5160.425600000062,13776.646950000051
2025-03-13T13:40:22.000000,8616.22134999998,5185.128000000062,13801.349350000051
2025-03-13T13:40:27.000000,8616.22134999998,5153.94040000006,13770.16175000005
2025-03-13T13:40:37.000000,8616.22134999998,5170.64800000006,13786.86935000005
2025-03-13T13:42:12.000000,8616.22134999998,5181.15550000006,13797.37685000005
2025-03-13T13:42:27.000000,8616.22134999998,5191.67020000006,13807.89155000005
2025-03-13T13:42:32.000000,8616.22134999998,5202.184900000059,13818.40625000005
2025-03-13T13:42:37.000000,8616.22134999998,5203.7054500000595,13819.926800000048
2025-03-13T13:42:42.000000,8616.22134999998,5196.231850000059,13812.453200000049
2025-03-13T13:46:32.000000,8616.22134999998,5076.610250000059,13692.831600000049
2025-03-13T13:46:42.000000,8616.22134999998,4928.984450000058,13545.205800000047
2025-03-13T13:47:02.000000,8616.22134999998,4753.371250000058,13369.592600000047
2025-03-13T13:49:12.000000,8616.22134999998,4619.629950000059,13235.851300000048
2025-03-13T13:50:37.000000,8616.22134999998,4415.922950000059,13032.144300000047
2025-03-13T13:50:57.000000,8616.22134999998,4114.2180500000595,12730.439400000047
2025-03-13T13:52:17.000000,8616.22134999998,3903.487600000059,12519.708950000046
2025-03-13T13:52:22.000000,8616.22134999998,3692.7627500000585,12308.984100000045
2025-03-13T13:52:27.000000,8616.22134999998,3496.0400000000586,12112.261350000046
2025-03-13T13:52:32.000000,8616.22134999998,3299.3172500000587,11915.538600000047
2025-03-13T13:52:37.000000,8616.22134999998,3095.5990500000594,11711.820400000048
2025-03-13T13:52:47.000000,8616.22134999998,2912.872800000059,11529.094150000048
2025-03-13T13:52:52.000000,8616.22134999998,2744.143050000059,11360.364400000048
2025-03-13T13:54:57.000000,8616.22134999998,2728.9377000000595,11345.159050000048
2025-03-13T13:55:12.000000,8616.22134999998,2847.0606000000594,11463.281950000048
2025-03-13T13:55:22.000000,8616.22134999998,2888.2335500000595,11504.454900000048
2025-03-13T13:55:22.000000,8616.22134999998,2908.42015000006,11524.641500000049
2025-03-13T13:55:27.000000,8616.22134999998,2900.62495000006,11516.846300000048
2025-03-13T13:55:42.000000,8616.22134999998,2913.197550000059,11529.418900000048
2025-03-13T13:55:52.000000,8616.22134999998,2929.7675500000587,11545.988900000048
2025-03-13T13:55:52.000000,8616.22134999998,2893.9513500000594,11510.172700000048
2025-03-13T13:55:52.000000,8616.22134999998,2879.1215000000593,11495.342850000048
2025-03-13T13:56:32.000000,8616.22134999998,2881.90685000006,11498.128200000048
2025-03-13T13:56:37.000000,8616.22134999998,2881.69415000006,11497.915500000048
2025-03-13T13:56:42.000000,8616.22134999998,2894.862900000059,11511.084250000047
2025-03-13T13:56:42.000000,8616.22134999998,2894.650200000059,11510.871550000047
2025-03-13T13:56:47.000000,8616.22134999998,2894.437500000059,11510.658850000047
2025-03-13T13:56:57.000000,8616.22134999998,2894.224800000059,11510.446150000047
2025-03-13T13:57:07.000000,8616.22134999998,2970.3582000000583,11586.579550000046
2025-03-13T13:57:22.000000,8616.22134999998,2995.028600000059,11611.249950000047
2025-03-13T13:57:27.000000,8616.22134999998,3019.69260000006,11635.913950000047
2025-03-13T13:57:32.000000,8616.22134999998,3067.86100000006,11684.082350000048
2025-03-13T13:57:37.000000,8616.22134999998,3116.02940000006,11732.250750000048
2025-03-13T13:57:37.000000,8616.22134999998,3140.6934000000606,11756.914750000049
2025-03-13T13:57:42.000000,8616.22134999998,3181.8607500000608,11798.082100000049
2025-03-13T13:57:42.000000,8616.22134999998,3206.5247500000614,11822.74610000005
2025-03-13T13:57:47.000000,8616.22134999998,3240.6966500000617,11856.91800000005
2025-03-13T13:57:47.000000,8616.22134999998,3273.361850000062,11889.583200000052
2025-03-13T13:57:52.000000,8616.22134999998,3300.5327000000625,11916.754050000052
2025-03-13T13:57:52.000000,8616.22134999998,3325.196700000063,11941.418050000053
2025-03-13T13:57:57.000000,8616.22134999998,3349.860700000064,11966.082050000054
2025-03-13T13:58:02.000000,8616.22134999998,3363.0350500000636,11979.256400000053
2025-03-13T13:58:02.000000,8616.22134999998,3395.700250000064,12011.921600000054
2025-03-13T13:58:07.000000,8616.22134999998,3428.3654500000644,12044.586800000056
2025-03-13T13:58:12.000000,8616.22134999998,3461.0306500000647,12077.252000000057
2025-03-13T13:58:17.000000,8616.22134999998,3485.7010500000656,12101.922400000058
2025-03-13T13:58:22.000000,8616.22134999998,3510.3714500000665,12126.592800000059
2025-03-13T13:58:27.000000,8616.22134999998,3535.0418500000674,12151.26320000006
2025-03-13T13:58:32.000000,8616.22134999998,3559.7122500000683,12175.93360000006
2025-03-13T13:58:37.000000,8616.22134999998,3584.382650000069,12200.604000000061
2025-03-13T13:58:42.000000,8616.22134999998,3617.0542500000697,12233.27560000006
2025-03-13T13:58:47.000000,8616.22134999998,3641.7310500000704,12257.952400000062
2025-03-13T13:58:57.000000,8616.22134999998,3473.0515500000706,12089.272900000062
2025-03-13T13:59:07.000000,8616.22134999998,3500.222400000071,12116.443750000062
2025-03-13T13:59:17.000000,8616.22134999998,3507.6886500000705,12123.910000000062
2025-03-13T13:59:27.000000,8616.22134999998,3534.876300000071,12151.097650000062
2025-03-13T13:59:37.000000,8616.22134999998,3264.176700000071,11880.398050000062
2025-03-13T13:59:37.000000,8616.22134999998,3264.401900000071,11880.62325000006
2025-03-13T14:00:42.000000,8616.22134999998,3256.8899000000706,11873.11125000006
2025-03-13T14:04:37.000000,8616.22134999998,3196.1258000000707,11812.34715000006
2025-03-13T14:05:17.000000,8616.22134999998,3237.2642000000706,11853.48555000006
2025-03-13T14:05:17.000000,8616.22134999998,3377.3382500000703,11993.559600000059
2025-03-13T14:05:27.000000,8616.22134999998,3508.4109500000695,12124.632300000058
2025-03-13T14:05:57.000000,8616.22134999998,3600.509000000069,12216.730350000056
2025-03-13T14:05:57.000000,8616.22134999998,3647.6363000000692,12263.857650000056
2025-03-13T14:05:57.000000,8616.22134999998,3673.777250000069,12289.998600000055
2025-03-13T14:06:02.000000,8616.22134999998,3711.92960000007,12328.150950000056
2025-03-13T14:06:12.000000,8616.22134999998,3750.0867500000695,12366.308100000055
2025-03-13T14:06:17.000000,8616.22134999998,3788.2463000000703,12404.467650000055
2025-03-13T14:06:57.000000,8616.22134999998,3925.4135000000706,12541.634850000055
2025-03-13T14:06:57.000000,8616.22134999998,4068.5768000000708,12684.798150000055
2025-03-13T14:07:12.000000,8616.22134999998,4244.728250000072,12860.949600000056
2025-03-13T14:07:47.000000,8616.22134999998,4471.875350000071,13088.096700000056
2025-03-13T14:07:47.000000,8616.22134999998,4737.997100000071,13354.218450000057
2025-03-13T14:08:42.000000,8616.22134999998,4956.121250000071,13572.342600000056
2025-03-13T14:10:57.000000,8616.22134999998,5105.307050000072,13721.528400000057
2025-03-13T14:15:27.000000,8616.22134999998,5089.965050000073,13706.186400000057
2025-03-13T14:15:42.000000,8616.22134999998,5082.617850000072,13698.839200000057
2025-03-13T14:15:47.000000,8616.22134999998,5067.275850000073,13683.497200000056
2025-03-13T14:15:52.000000,8616.22134999998,5051.933850000073,13668.155200000056
2025-03-13T14:15:57.000000,8616.22134999998,5036.5918500000735,13652.813200000055
2025-03-13T14:16:02.000000,8616.22134999998,5021.249850000074,13637.471200000055
2025-03-13T14:16:07.000000,8616.22134999998,5005.907850000074,13622.129200000054
2025-03-13T14:16:12.000000,8616.22134999998,4990.5658500000745,13606.787200000053
2025-03-13T14:16:17.000000,8616.22134999998,4975.223850000075,13591.445200000053
2025-03-13T14:16:22.000000,8616.22134999998,4918.021800000075,13534.243150000053
2025-03-13T14:16:22.000000,8616.22134999998,4902.679800000075,13518.901150000052
2025-03-13T14:16:27.000000,8616.22134999998,4879.343000000075,13495.564350000053
2025-03-13T14:16:32.000000,8616.22134999998,4856.006200000075,13472.227550000054
2025-03-13T14:16:37.000000,8616.22134999998,4832.669400000075,13448.890750000055
2025-03-13T14:16:42.000000,8616.22134999998,4809.332600000075,13425.553950000056
2025-03-13T14:16:47.000000,8616.22134999998,4785.995800000075,13402.217150000057
2025-03-13T14:16:52.000000,8616.22134999998,4762.659000000075,13378.880350000058
2025-03-13T14:16:57.000000,8616.22134999998,4731.327400000076,13347.548750000058
2025-03-13T14:17:02.000000,8616.22134999998,4699.995800000076,13316.217150000059
2025-03-13T14:19:27.000000,8616.22134999998,4708.158200000075,13324.379550000058
2025-03-13T14:19:32.000000,8616.22134999998,4672.818000000075,13289.039350000057
2025-03-13T14:19:52.000000,8616.22134999998,4650.329200000075,13266.550550000058
2025-03-13T14:19:57.000000,8616.22134999998,4619.845600000075,13236.066950000059
2025-03-13T14:20:02.000000,8616.22134999998,4593.362600000075,13209.583950000058
2025-03-13T14:20:07.000000,8616.22134999998,4562.8822000000755,13179.103550000058
2025-03-13T14:20:12.000000,8616.22134999998,4532.401800000076,13148.623150000058
2025-03-13T14:20:22.000000,8616.22134999998,4518.951300000075,13135.172650000057
2025-03-13T14:20:22.000000,8616.22134999998,4481.434800000075,13097.656150000055
2025-03-13T14:20:27.000000,8616.22134999998,4443.918300000074,13060.139650000054
2025-03-13T14:20:32.000000,8616.22134999998,4421.404050000073,13037.625400000054
2025-03-13T14:20:32.000000,8616.22134999998,4417.980650000072,13034.202000000052
2025-03-13T14:20:32.000000,8616.22134999998,4414.557250000072,13030.77860000005
2025-03-13T14:20:32.000000,8616.22134999998,4411.133850000071,13027.355200000049
2025-03-13T14:20:32.000000,8616.22134999998,4407.7104500000705,13023.931800000048
2025-03-13T14:21:02.000000,8616.22134999998,4376.07165000007,12992.293000000047
2025-03-13T14:21:32.000000,8616.22134999998,4336.83630000007,12953.057650000048
2025-03-13T14:21:37.000000,8616.22134999998,4299.319800000069,12915.541150000046
2025-03-13T14:21:37.000000,8616.22134999998,4263.084900000069,12879.306250000045
2025-03-13T14:21:42.000000,8616.22134999998,4240.558650000069,12856.780000000046
2025-03-13T14:21:42.000000,8616.22134999998,4281.6868000000695,12897.908150000047
2025-03-13T14:21:42.000000,8616.22134999998,4242.45145000007,12858.672800000048
2025-03-13T14:21:47.000000,8616.22134999998,4219.92520000007,12836.146550000049
2025-03-13T14:21:47.000000,8616.22134999998,4247.06245000007,12863.283800000048
2025-03-13T14:21:47.000000,8616.22134999998,4204.82665000007,12821.048000000048
2025-03-13T14:21:52.000000,8616.22134999998,4196.98665000007,12813.208000000048
2025-03-13T14:22:32.000000,8616.22134999998,4174.38840000007,12790.609750000049
2025-03-13T14:22:47.000000,8616.22134999998,4195.017400000069,12811.238750000048
2025-03-13T14:22:52.000000,8616.22134999998,4215.646400000068,12831.867750000047
2025-03-13T14:22:57.000000,8616.22134999998,4236.275400000067,12852.496750000046
2025-03-13T14:23:02.000000,8616.22134999998,4242.913500000067,12859.134850000046
2025-03-13T14:23:07.000000,8616.22134999998,4270.543550000066,12886.764900000046
2025-03-13T14:23:17.000000,8616.22134999998,4291.178150000065,12907.399500000045
2025-03-13T14:23:22.000000,8616.22134999998,4283.570150000065,12899.791500000045
2025-03-13T14:23:22.000000,8616.22134999998,4297.209300000065,12913.430650000044
2025-03-13T14:23:22.000000,8616.22134999998,4296.370350000065,12912.591700000045
2025-03-13T14:23:22.000000,8616.22134999998,4314.1099500000655,12930.331300000045
2025-03-13T14:23:27.000000,8616.22134999998,4292.019700000065,12908.241050000044
2025-03-13T14:23:27.000000,8616.22134999998,4305.658850000065,12921.880200000043
2025-03-13T14:23:27.000000,8616.22134999998,4326.398900000066,12942.620250000044
2025-03-13T14:23:32.000000,8616.22134999998,4314.310150000065,12930.531500000043
2025-03-13T14:23:32.000000,8616.22134999998,4276.721650000066,12892.943000000043
2025-03-13T14:23:32.000000,8616.22134999998,4290.366400000066,12906.587750000044
2025-03-13T14:23:37.000000,8616.22134999998,4305.112750000067,12921.334100000044
2025-03-13T14:27:27.000000,8594.623899999979,4305.112750000067,12899.736650000043
2025-03-13T14:30:57.000000,8594.623899999979,4281.788750000065,12876.412650000042
2025-03-13T14:32:27.000000,8634.60549999998,4281.788750000065,12916.394250000043
2025-03-13T14:33:07.000000,8634.60549999998,4234.467550000065,12869.073050000043
2025-03-13T14:34:22.000000,8634.60549999998,4059.6967500000655,12694.302250000044
2025-03-13T14:34:27.000000,8634.60549999998,4022.213850000065,12656.819350000043
2025-03-13T14:34:57.000000,8634.60549999998,3875.367250000066,12509.972750000044
2025-03-13T14:35:02.000000,8634.60549999998,3867.9080500000664,12502.513550000045
2025-03-13T14:35:42.000000,8634.60549999998,3649.0538500000657,12283.659350000045
2025-03-13T14:35:57.000000,8634.60549999998,3621.378850000066,12255.984350000046
2025-03-13T14:36:02.000000,8634.60549999998,3577.8886500000663,12212.494150000046
2025-03-13T14:36:07.000000,8634.60549999998,3540.396150000066,12175.001650000046
2025-03-13T14:36:12.000000,8634.60549999998,3517.7219000000655,12152.327400000046
2025-03-13T14:36:12.000000,8634.60549999998,3480.1574000000646,12114.762900000045
2025-03-13T14:36:12.000000,8634.60549999998,3401.827400000065,12036.432900000045
2025-03-13T14:36:17.000000,8634.60549999998,3329.4959000000645,11964.101400000045
2025-03-13T14:36:22.000000,8634.60549999998,3261.938900000064,11896.544400000044
2025-03-13T14:36:22.000000,8634.60549999998,3198.606350000065,11833.211850000045
2025-03-13T14:36:22.000000,8634.60549999998,3167.2683500000658,11801.873850000045
2025-03-13T14:36:27.000000,8634.60549999998,2964.3909500000664,11598.996450000046
2025-03-13T14:36:27.000000,8634.60549999998,2945.5299500000665,11580.135450000047
2025-03-13T14:36:27.000000,8634.60549999998,2894.1968000000657,11528.802300000047
2025-03-13T14:36:37.000000,8634.60549999998,2683.315000000065,11317.920500000046
2025-03-13T14:36:37.000000,8634.60549999998,2679.6194500000656,11314.224950000045
2025-03-13T14:36:42.000000,8634.60549999998,2678.9243500000666,11313.529850000046
2025-03-13T14:36:47.000000,8634.60549999998,2678.2292500000676,11312.834750000047
2025-03-13T14:36:52.000000,8634.60549999998,2677.5365500000676,11312.142050000048
2025-03-13T14:36:57.000000,8634.60549999998,2679.841900000068,11314.447400000048
2025-03-13T14:37:07.000000,8634.60549999998,2652.505150000068,11287.110650000048
2025-03-13T14:37:07.000000,8634.60549999998,2628.1664500000684,11262.771950000048
2025-03-13T14:37:07.000000,8634.60549999998,2606.8258000000683,11241.431300000047
2025-03-13T14:37:07.000000,8634.60549999998,2588.4832000000683,11223.088700000048
2025-03-13T14:37:07.000000,8634.60549999998,2570.1406000000684,11204.746100000048
2025-03-13T14:37:07.000000,8634.60549999998,2554.796050000068,11189.401550000048
2025-03-13T14:37:12.000000,8634.60549999998,2283.902050000068,10918.507550000048
2025-03-13T14:37:12.000000,8634.60549999998,2259.556150000067,10894.161650000047
2025-03-13T14:37:17.000000,8634.60549999998,1988.6621500000672,10623.267650000047
2025-03-13T14:37:17.000000,8634.60549999998,1961.313400000067,10595.918900000048
2025-03-13T14:37:22.000000,8634.60549999998,1924.1609000000676,10558.766400000048
2025-03-13T14:37:22.000000,8634.60549999998,1893.809300000067,10528.414800000048
2025-03-13T14:37:27.000000,8634.60549999998,1614.9173000000671,10249.522800000048
2025-03-13T14:37:27.000000,8634.60549999998,1575.5643500000663,10210.169850000048
2025-03-13T14:37:32.000000,8634.60549999998,1628.6853500000661,10263.290850000047
2025-03-13T14:37:32.000000,8634.60549999998,1577.3354000000654,10211.940900000047
2025-03-13T14:37:37.000000,8634.60549999998,1510.9904000000656,10145.595900000048
2025-03-13T14:37:42.000000,8634.60549999998,1435.6488500000655,10070.254350000047
2025-03-13T14:37:47.000000,8634.60549999998,1413.810600000065,10048.416100000046
2025-03-13T14:37:47.000000,8634.60549999998,1328.8750500000654,9963.480550000046
2025-03-13T14:37:47.000000,8634.60549999998,1235.5428000000657,9870.148300000046
2025-03-13T14:37:52.000000,8634.60549999998,1133.2140000000666,9767.819500000047
2025-03-13T14:37:57.000000,8634.60549999998,1021.8862500000662,9656.491750000047
2025-03-13T14:38:02.000000,8634.60549999998,904.5600000000659,9539.165500000046
2025-03-13T14:38:07.000000,8634.60549999998,784.2357000000662,9418.841200000046
2025-03-13T14:38:12.000000,8634.60549999998,657.9129000000656,9292.518400000046
2025-03-13T14:39:12.000000,8634.60549999998,663.0315000000654,9297.637000000046
2025-03-13T14:39:27.000000,8634.60549999998,722.6190000000662,9357.224500000048
2025-03-13T14:39:32.000000,8634.60549999998,733.7241000000669,9368.329600000048
2025-03-13T14:39:32.000000,8634.60549999998,802.3081500000669,9436.913650000048
2025-03-13T14:39:32.000000,8634.60549999998,786.966150000067,9421.571650000047
2025-03-13T14:39:37.000000,8634.60549999998,855.5526000000671,9490.158100000048
2025-03-13T14:39:42.000000,8634.60549999998,906.1507500000674,9540.756250000048
2025-03-13T14:39:42.000000,8634.60549999998,890.8087500000676,9525.414250000047
2025-03-13T14:39:47.000000,8634.60549999998,913.906050000068,9548.511550000048
2025-03-13T14:39:52.000000,8634.60549999998,906.558850000068,9541.164350000048
2025-03-13T14:39:57.000000,8634.60549999998,947.649250000068,9582.254750000047
2025-03-13T14:40:02.000000,8634.60549999998,928.9916000000683,9563.597100000048
2025-03-13T14:40:02.000000,8634.60549999998,976.0829000000682,9610.688400000048
2025-03-13T14:40:02.000000,8634.60549999998,1002.699050000068,9637.304550000048
2025-03-13T14:40:02.000000,8634.60549999998,995.3582500000681,9629.963750000048
2025-03-13T14:40:07.000000,8634.60549999998,1018.4699500000675,9653.075450000048
2025-03-13T14:40:07.000000,8634.60549999998,1048.0889500000667,9682.694450000046
2025-03-13T14:40:12.000000,8634.60549999998,1065.2093500000663,9699.814850000046
2025-03-13T14:40:12.000000,8634.60549999998,1091.832700000066,9726.438200000046
2025-03-13T14:40:17.000000,8634.60549999998,1100.8751000000657,9735.480600000046
2025-03-13T14:40:17.000000,8634.60549999998,1130.498900000066,9765.104400000046
2025-03-13T14:40:22.000000,8634.60549999998,1207.909900000065,9842.515400000044
2025-03-13T14:40:22.000000,8634.60549999998,1206.914150000066,9841.519650000046
2025-03-13T14:40:22.000000,8634.60549999998,1248.532550000066,9883.138050000045
2025-03-13T14:40:27.000000,8634.60549999998,1277.6691500000663,9912.274650000045
2025-03-13T14:40:27.000000,8634.60549999998,1286.324350000066,9920.929850000044
2025-03-13T14:40:32.000000,8634.60549999998,1327.3555500000664,9961.961050000045
2025-03-13T14:40:32.000000,8634.60549999998,1365.980700000066,10000.586200000045
2025-03-13T14:40:37.000000,8634.60549999998,1374.6359000000657,10009.241400000044
2025-03-13T14:40:42.000000,8634.60549999998,1382.0061500000654,10016.611650000044
2025-03-13T14:40:42.000000,8634.60549999998,1430.4913500000657,10065.096850000045
2025-03-13T14:40:42.000000,8634.60549999998,1439.1465500000654,10073.752050000045
2025-03-13T14:40:47.000000,8634.60549999998,1471.2005500000646,10105.806050000043
2025-03-13T14:40:47.000000,8634.60549999998,1548.3251500000638,10182.930650000042
2025-03-13T14:40:52.000000,8634.60549999998,1631.450650000063,10266.05615000004
2025-03-13T14:40:57.000000,8634.60549999998,1663.768650000062,10298.37415000004
2025-03-13T14:40:57.000000,8634.60549999998,1684.1664500000622,10318.77195000004
2025-03-13T14:41:02.000000,8634.60549999998,1709.1856500000629,10343.791150000041
2025-03-13T14:41:02.000000,8634.60549999998,1786.310250000062,10420.91575000004
2025-03-13T14:41:07.000000,8634.60549999998,1857.4387500000614,10492.044250000039
2025-03-13T14:41:12.000000,8634.60549999998,1885.9369500000614,10520.542450000039
2025-03-13T14:41:17.000000,8634.60549999998,1897.2460500000611,10531.85155000004
2025-03-13T14:41:22.000000,8634.60549999998,1913.640050000062,10548.24555000004
2025-03-13T14:41:27.000000,8634.60549999998,1936.0605500000627,10570.66605000004
2025-03-13T14:41:27.000000,8634.60549999998,1956.4583500000629,10591.06385000004
2025-03-13T14:41:32.000000,8634.60549999998,2017.479750000062,10652.08525000004
2025-03-13T14:41:32.000000,8634.60549999998,2066.508950000061,10701.11445000004
2025-03-13T14:41:32.000000,8634.60549999998,2115.5381500000594,10750.143650000038
2025-03-13T14:41:47.000000,8634.60549999998,2204.534950000059,10839.140450000037
2025-03-13T14:41:47.000000,8634.60549999998,2188.060000000059,10822.665500000037
2025-03-13T14:41:52.000000,8634.60549999998,2153.596750000058,10788.202250000037
2025-03-13T14:41:57.000000,8634.60549999998,2262.5869500000576,10897.192450000037
2025-03-13T14:42:17.000000,8634.60549999998,2387.5507500000585,11022.156250000038
2025-03-13T14:42:52.000000,8634.60549999998,2472.5085500000587,11107.114050000038
2025-03-13T14:42:57.000000,8634.60549999998,2492.773550000058,11127.379050000038
2025-03-13T14:43:02.000000,8634.60549999998,2521.2765500000573,11155.882050000037
2025-03-13T14:43:07.000000,8634.60549999998,2541.5415500000568,11176.147050000036
2025-03-13T14:43:07.000000,8634.60549999998,2634.5005500000566,11269.106050000037
2025-03-13T14:43:07.000000,8634.60549999998,2723.4621500000558,11358.067650000035
2025-03-13T14:43:07.000000,8634.60549999998,2757.5388500000563,11392.144350000035
2025-03-13T14:43:17.000000,8634.60549999998,2784.620100000057,11419.225600000036
2025-03-13T14:43:22.000000,8634.60549999998,2821.5867000000567,11456.192200000036
2025-03-13T14:43:22.000000,8634.60549999998,2833.9769000000556,11468.582400000034
2025-03-13T14:43:27.000000,8634.60549999998,2842.369700000055,11476.975200000034
2025-03-13T14:43:27.000000,8634.60549999998,2876.4520000000557,11511.057500000034
2025-03-13T14:43:27.000000,8634.60549999998,2912.0743000000557,11546.679800000034
2025-03-13T14:43:32.000000,8634.60549999998,2920.4671000000553,11555.072600000034
2025-03-13T14:43:32.000000,8634.60549999998,2948.9701000000546,11583.575600000033
2025-03-13T14:43:32.000000,8634.60549999998,2981.596750000055,11616.202250000033
2025-03-13T14:43:37.000000,8634.60549999998,3001.0984000000544,11635.703900000033
2025-03-13T14:43:37.000000,8634.60549999998,3039.723550000054,11674.329050000033
2025-03-13T14:43:42.000000,8634.60549999998,3059.232400000053,11693.837900000033
2025-03-13T14:43:47.000000,8634.60549999998,3096.6431500000535,11731.248650000034
2025-03-13T14:43:47.000000,8634.60549999998,3116.152000000053,11750.757500000034
2025-03-13T14:43:47.000000,8634.60549999998,3127.2859000000526,11761.891400000033
2025-03-13T14:43:52.000000,8634.60549999998,3137.7934000000523,11772.398900000033
2025-03-13T14:43:52.000000,8634.60549999998,3148.932100000053,11783.537600000034
2025-03-13T14:43:57.000000,8634.60549999998,3159.446800000053,11794.052300000034
2025-03-13T14:43:57.000000,8634.60549999998,3158.5885000000526,11793.194000000034
2025-03-13T14:44:02.000000,8634.60549999998,3160.1018500000523,11794.707350000033
2025-03-13T14:44:07.000000,8634.60549999998,3161.615200000052,11796.220700000033
2025-03-13T14:44:17.000000,8634.60549999998,3154.0056000000523,11788.611100000033
2025-03-13T14:44:22.000000,8634.60549999998,3146.399200000052,11781.004700000032
2025-03-13T14:44:27.000000,8634.60549999998,3142.7934000000514,11777.398900000031
2025-03-13T14:44:47.000000,8634.60549999998,3120.1711500000515,11754.77665000003
2025-03-13T14:44:47.000000,8634.60549999998,3125.8105500000524,11760.41605000003
2025-03-13T14:44:52.000000,8634.60549999998,3103.1883000000525,11737.79380000003
2025-03-13T14:44:52.000000,8634.60549999998,3105.827250000053,11740.43275000003
2025-03-13T14:44:57.000000,8634.60549999998,3134.9542500000534,11769.559750000031
2025-03-13T14:44:57.000000,8634.60549999998,3137.5956000000538,11772.201100000031
2025-03-13T14:45:02.000000,8634.60549999998,3160.731300000054,11795.336800000032
2025-03-13T14:45:02.000000,8634.60549999998,3177.8709000000545,11812.476400000032
2025-03-13T14:45:02.000000,8634.60549999998,3177.0222000000545,11811.627700000032
2025-03-13T14:45:02.000000,8634.60549999998,3169.0366000000545,11803.642100000032
2025-03-13T14:45:02.000000,8634.60549999998,3171.677950000055,11806.283450000032
2025-03-13T14:45:02.000000,8634.60549999998,3174.319300000055,11808.924800000032
2025-03-13T14:45:02.000000,8634.60549999998,3170.9645500000556,11805.570050000031
2025-03-13T14:45:02.000000,8634.60549999998,3158.6156500000557,11793.221150000032
2025-03-13T14:45:02.000000,8634.60549999998,3125.2804000000556,11759.885900000032
2025-03-14T09:51:17.000000,8634.60549999998,3085.2986500000557,11719.904150000033
2025-03-14T09:53:17.000000,8634.60549999998,3049.085350000056,11683.690850000034
2025-03-14T09:53:32.000000,8634.60549999998,3012.8744500000557,11647.479950000034
2025-03-14T09:57:52.000000,8634.60549999998,3017.2250500000555,11651.830550000033
2025-03-14T09:58:02.000000,8634.60549999998,2992.9967500000557,11627.602250000034
2025-03-14T09:58:07.000000,8634.60549999998,2968.766050000055,11603.371550000034
2025-03-14T09:58:17.000000,8634.60549999998,2935.5364000000554,11570.141900000035
2025-03-14T09:58:22.000000,8634.60549999998,2908.3028500000555,11542.908350000034
2025-03-14T09:58:27.000000,8634.60549999998,2878.068850000056,11512.674350000034
2025-03-14T09:58:32.000000,8634.60549999998,2847.8348500000566,11482.440350000034
2025-03-14T09:58:37.000000,8634.60549999998,2817.603250000056,11452.208750000033
2025-03-14T09:58:42.000000,8634.60549999998,2781.3683500000557,11415.973850000031
2025-03-14T09:59:12.000000,8634.60549999998,2702.1071500000558,11336.71265000003
2025-03-14T09:59:17.000000,8634.60549999998,2604.8504500000563,11239.45595000003
2025-03-14T09:59:32.000000,8634.60549999998,2543.591950000056,11178.19745000003
2025-03-14T10:01:07.000000,8634.60549999998,2536.312750000056,11170.91825000003
2025-03-14T10:01:12.000000,8634.60549999998,2520.039400000056,11154.64490000003
2025-03-14T10:02:17.000000,8634.60549999998,2530.544500000057,11165.15000000003
2025-03-14T10:02:27.000000,8634.60549999998,2542.2496000000574,11176.855100000032
2025-03-14T10:04:12.000000,8634.60549999998,2539.2863500000562,11173.89185000003
2025-03-14T10:04:22.000000,8634.60549999998,2557.0379500000568,11191.643450000032
2025-03-14T10:04:27.000000,8634.60549999998,2574.7895500000573,11209.395050000034
2025-03-14T10:07:07.000000,8634.60549999998,2642.072800000057,11276.678300000034
2025-03-14T10:07:17.000000,8634.60549999998,2694.377800000057,11328.983300000034
2025-03-14T10:07:42.000000,8634.60549999998,2746.694800000057,11381.300300000035
2025-03-14T10:07:52.000000,8634.60549999998,2799.011800000057,11433.617300000036
2025-03-14T10:10:47.000000,8634.60549999998,2780.446000000057,11415.051500000036
2025-03-14T10:12:57.000000,8634.60549999998,2765.190250000058,11399.795750000038
2025-03-14T10:17:42.000000,8611.995249999978,2765.190250000058,11377.185500000036
2025-03-14T10:17:57.000000,8589.384999999977,2765.190250000058,11354.575250000034
2025-03-14T10:18:07.000000,8566.786749999977,2765.190250000058,11331.977000000035
2025-03-14T10:18:12.000000,8529.186249999977,2765.190250000058,11294.376500000035
2025-03-14T10:18:37.000000,8461.605249999977,2765.190250000058,11226.795500000035
2025-03-14T10:19:07.000000,8394.024249999977,2765.190250000058,11159.214500000035
2025-03-14T10:20:37.000000,8326.431249999976,2765.190250000058,11091.621500000034
2025-03-14T10:20:42.000000,8258.838249999975,2765.190250000058,11024.028500000033
2025-03-14T10:20:47.000000,8206.247499999974,2765.190250000058,10971.437750000032
2025-03-14T10:21:02.000000,8206.247499999974,2764.2057000000577,10970.45320000003
2025-03-14T10:21:12.000000,8153.656749999974,2764.2057000000577,10917.86245000003
2025-03-14T10:21:17.000000,8101.065999999973,2764.2057000000577,10865.271700000028
2025-03-14T10:21:22.000000,8101.065999999973,2748.588500000058,10849.654500000028
2025-03-14T10:21:22.000000,8048.475249999973,2748.588500000058,10797.063750000027
2025-03-14T10:21:27.000000,7995.884499999973,2748.588500000058,10744.473000000025
2025-03-14T10:21:37.000000,7995.884499999973,2735.599750000057,10731.484250000025
2025-03-14T10:21:37.000000,7995.884499999973,2717.6142500000574,10713.498750000024
2025-03-14T10:21:37.000000,7995.884499999973,2699.6287500000576,10695.513250000024
2025-03-14T10:21:42.000000,7995.884499999973,2676.0103500000578,10671.894850000024
2025-03-14T10:21:52.000000,7943.2937499999725,2676.0103500000578,10619.304100000023
2025-03-14T10:21:52.000000,7943.2937499999725,2663.711850000058,10607.005600000024
2025-03-14T10:21:57.000000,7943.2937499999725,2645.4172500000573,10588.711000000023
2025-03-14T10:22:07.000000,7943.2937499999725,2621.1217500000566,10564.415500000023
2025-03-14T10:22:27.000000,7943.2937499999725,2701.4325500000564,10644.726300000022
2025-03-14T10:22:57.000000,7943.2937499999725,2701.1358500000574,10644.429600000023
2025-03-14T10:23:02.000000,7943.2937499999725,2694.8430500000572,10638.136800000024
2025-03-14T10:23:07.000000,7943.2937499999725,2676.8575500000575,10620.151300000023
2025-03-14T10:23:32.000000,7943.2937499999725,2664.5662500000576,10607.860000000022
2025-03-14T10:24:07.000000,7943.2937499999725,2641.9440000000577,10585.237750000022
2025-03-14T10:24:12.000000,7935.709749999973,2641.9440000000577,10577.653750000021
2025-03-14T10:24:17.000000,7928.125749999973,2641.9440000000577,10570.06975000002
2025-03-14T10:24:27.000000,7920.541749999973,2641.9440000000577,10562.48575000002
2025-03-14T10:24:32.000000,7912.957749999973,2641.9440000000577,10554.90175000002
2025-03-14T10:24:37.000000,7905.373749999973,2641.9440000000577,10547.317750000018
2025-03-14T10:24:42.000000,7897.7897499999735,2641.9440000000577,10539.733750000018
2025-03-14T10:24:42.000000,7846.012749999973,2641.9440000000577,10487.956750000016
2025-03-14T10:24:47.000000,7823.426499999973,2641.9440000000577,10465.370500000015
2025-03-14T10:24:52.000000,7800.840249999974,2641.9440000000577,10442.784250000015
2025-03-14T10:24:57.000000,7778.253999999974,2641.9440000000577,10420.198000000015
2025-03-14T10:25:02.000000,7740.677499999975,2641.9440000000577,10382.621500000016
2025-03-14T10:25:12.000000,7688.110749999975,2641.9440000000577,10330.054750000016
2025-03-14T10:25:17.000000,7635.543999999975,2641.9440000000577,10277.488000000016
2025-03-14T10:25:32.000000,7582.977249999975,2641.9440000000577,10224.921250000016
2025-03-14T10:25:57.000000,7530.410499999975,2641.9440000000577,10172.354500000016
2025-03-14T10:26:07.000000,7477.843749999975,2641.9440000000577,10119.787750000016
2025-03-14T10:26:12.000000,7425.2769999999755,2641.9440000000577,10067.221000000016
2025-03-14T10:26:17.000000,7372.7102499999755,2641.9440000000577,10014.654250000016
2025-03-14T10:26:22.000000,7320.143499999976,2641.9440000000577,9962.087500000016
2025-03-14T10:27:12.000000,7320.143499999976,2677.645500000058,9997.789000000017
2025-03-14T10:27:17.000000,7320.143499999976,2710.3489500000587,10030.492450000018
2025-03-14T10:27:22.000000,7320.143499999976,2740.051950000059,10060.195450000017
2025-03-14T10:27:27.000000,7320.143499999976,2769.7549500000596,10089.898450000017
2025-03-14T10:27:32.000000,7320.143499999976,2796.4599000000594,10116.603400000016
2025-03-14T10:27:37.000000,7320.143499999976,2823.1648500000592,10143.308350000016
2025-03-14T10:27:42.000000,7320.143499999976,2846.87175000006,10167.015250000017
2025-03-14T10:27:47.000000,7320.143499999976,2870.5786500000604,10190.722150000018
2025-03-14T10:28:27.000000,7320.143499999976,2876.83035000006,10196.973850000017
2025-03-14T10:30:17.000000,7320.143499999976,2857.1965500000606,10177.340050000017
2025-03-14T10:30:22.000000,7320.143499999976,2837.562750000061,10157.706250000017
2025-03-14T10:32:22.000000,7320.541499999976,2837.562750000061,10158.104250000017
2025-03-14T10:33:27.000000,7342.961999999977,2837.562750000061,10180.524750000017
2025-03-14T10:37:32.000000,7342.961999999977,2769.945750000061,10112.907750000017
2025-03-14T10:39:02.000000,7342.961999999977,2760.62370000006,10103.585700000016
2025-03-14T10:39:12.000000,7342.961999999977,2757.5267000000595,10100.488700000014
2025-03-14T10:39:17.000000,7342.961999999977,2754.429700000059,10097.391700000013
2025-03-14T10:39:27.000000,7342.961999999977,2630.770700000058,9973.732700000011
2025-03-14T10:39:37.000000,7342.961999999977,2651.648500000058,9994.610500000012
2025-03-14T10:40:07.000000,7342.961999999977,2614.588000000059,9957.550000000012
2025-03-14T10:40:17.000000,7342.961999999977,2559.529600000059,9902.491600000012
2025-03-14T10:41:02.000000,7342.961999999977,2468.4898000000585,9811.451800000012
2025-03-14T10:43:52.000000,7342.961999999977,2475.836050000058,9818.798050000012
2025-03-14T10:43:52.000000,7342.961999999977,2487.5195500000586,9830.481550000013
2025-03-14T10:44:27.000000,7342.961999999977,2490.4610500000604,9833.423050000014
2025-03-14T10:44:47.000000,7342.961999999977,2483.4050500000603,9826.367050000013
2025-03-14T10:45:17.000000,7342.961999999977,2499.74145000006,9842.703450000014
2025-03-14T10:45:27.000000,7342.961999999977,2516.084250000061,9859.046250000014
2025-03-14T10:45:47.000000,7342.961999999977,2526.7717500000604,9869.733750000014
2025-03-14T10:45:52.000000,7342.961999999977,2537.45925000006,9880.421250000014
2025-03-14T10:46:22.000000,7342.961999999977,2586.21005000006,9929.172050000014
2025-03-14T10:46:27.000000,7342.961999999977,2623.5848000000606,9966.546800000015
2025-03-14T10:47:07.000000,7342.961999999977,2658.8303000000606,10001.792300000016
2025-03-14T10:56:22.000000,7342.961999999977,2659.2251000000606,10002.187100000016
2025-03-14T10:56:57.000000,7342.961999999977,2655.61930000006,9998.581300000014
2025-03-14T11:02:27.000000,7342.961999999977,2632.9850500000603,9975.947050000015
2025-03-14T11:04:27.000000,7342.961999999977,2661.3744500000603,10004.336450000015
2025-03-14T11:04:32.000000,7342.961999999977,2689.7638500000603,10032.725850000015
2025-03-14T11:04:37.000000,7342.961999999977,2714.152650000061,10057.114650000016
2025-03-14T11:04:47.000000,7342.961999999977,2730.5466500000616,10073.508650000016
2025-03-14T11:04:57.000000,7342.961999999977,2692.9101500000625,10035.872150000017
2025-03-14T11:07:37.000000,7342.961999999977,2677.124000000062,10020.086000000018
2025-03-14T11:09:47.000000,7342.961999999977,2652.7661000000626,9995.728100000018
2025-03-14T11:09:57.000000,7342.961999999977,2634.4091000000626,9977.371100000018
2025-03-14T11:10:57.000000,7342.961999999977,2601.4213500000624,9944.383350000018
2025-03-14T11:11:12.000000,7342.961999999977,2619.031350000062,9961.993350000017
2025-03-14T11:11:17.000000,7342.961999999977,2627.6448000000623,9970.606800000018
2025-03-14T11:11:22.000000,7342.961999999977,2630.2597500000616,9973.221750000017
2025-03-14T11:11:27.000000,7342.961999999977,2629.8766500000615,9972.838650000016
2025-03-14T11:11:32.000000,7342.961999999977,2626.495500000061,9969.457500000015
2025-03-14T11:11:37.000000,7342.961999999977,2620.116300000061,9963.078300000016
2025-03-14T11:13:07.000000,7342.961999999977,2607.12755000006,9950.089550000015
2025-03-14T11:13:42.000000,7342.961999999977,2583.8355500000607,9926.797550000016
2025-03-14T11:13:52.000000,7342.961999999977,2552.5487500000613,9895.510750000016
2025-03-14T11:15:27.000000,7342.961999999977,2461.667350000061,9804.629350000016
2025-03-14T11:15:42.000000,7342.961999999977,2370.7811500000607,9713.743150000015
2025-03-14T11:15:47.000000,7342.961999999977,2267.8979500000605,9610.859950000015
2025-03-14T11:16:02.000000,7342.961999999977,2120.8089500000615,9463.770950000016
2025-03-14T11:16:57.000000,7342.961999999977,2113.6857500000615,9456.647750000016
2025-03-14T11:17:07.000000,7342.961999999977,2028.762050000061,9371.724050000015
2025-03-14T11:17:17.000000,7342.961999999977,2014.6602000000612,9357.622200000016
2025-03-14T11:17:22.000000,7342.961999999977,1959.7410000000611,9302.703000000016
2025-03-14T11:17:22.000000,7342.961999999977,1952.4322000000611,9295.394200000015
2025-03-14T11:17:27.000000,7342.961999999977,1952.326850000061,9295.288850000015
2025-03-14T11:17:32.000000,7342.961999999977,1937.0232500000614,9279.985250000016
2025-03-14T11:17:32.000000,7342.961999999977,1929.9224500000614,9272.884450000016
2025-03-14T11:18:42.000000,7342.961999999977,1950.803450000062,9293.765450000017
2025-03-14T11:18:47.000000,7342.961999999977,1877.8767500000622,9220.838750000017
2025-03-14T11:19:07.000000,7342.961999999977,1905.7588000000626,9248.720800000017
2025-03-14T11:19:12.000000,7342.961999999977,1912.6489000000636,9255.610900000018
2025-03-14T11:19:22.000000,7342.961999999977,1889.9906500000625,9232.952650000017
2025-03-14T11:20:17.000000,7342.961999999977,1867.3444000000627,9210.306400000018
2025-03-14T11:20:32.000000,7342.961999999977,1859.7004000000627,9202.662400000017
2025-03-14T11:20:42.000000,7342.961999999977,1852.0564000000627,9195.018400000017
2025-03-14T11:20:57.000000,7342.961999999977,1629.083200000063,8972.045200000017
2025-03-14T11:21:57.000000,7342.961999999977,1606.424950000062,8949.386950000016
2025-03-14T11:22:12.000000,7342.961999999977,1581.0494500000623,8924.011450000016
2025-03-14T11:22:17.000000,7342.961999999977,1568.3207000000616,8911.282700000016
2025-03-14T11:22:22.000000,7342.961999999977,1524.9569000000624,8867.918900000017
2025-03-14T13:06:22.000000,7342.961999999977,1461.5499500000622,8804.511950000016
2025-03-14T13:06:42.000000,7342.961999999977,1437.1080500000626,8780.070050000017
2025-03-14T13:06:52.000000,7342.961999999977,1412.666150000063,8755.628150000017
2025-03-14T13:07:02.000000,7342.961999999977,1370.2335500000627,8713.195550000017
2025-03-14T13:07:07.000000,7342.961999999977,1339.793150000062,8682.755150000015
2025-03-14T13:07:12.000000,7342.961999999977,1300.3586000000612,8643.320600000014
2025-03-14T13:07:17.000000,7342.961999999977,1254.9255500000615,8597.887550000014
2025-03-14T13:07:47.000000,7342.961999999977,1347.1677500000615,8690.129750000015
2025-03-14T13:07:52.000000,7342.961999999977,1431.4183500000615,8774.380350000014
2025-03-14T13:08:02.000000,7342.961999999977,1453.766850000061,8796.728850000014
2025-03-14T13:08:02.000000,7342.961999999977,1518.036850000061,8860.998850000014
2025-03-14T13:08:07.000000,7342.961999999977,1540.3853500000603,8883.347350000015
2025-03-14T13:08:12.000000,7342.961999999977,1547.74360000006,8890.705600000014
2025-03-14T13:08:22.000000,7342.961999999977,1570.0921000000594,8913.054100000014
2025-03-14T13:08:27.000000,7342.961999999977,1592.4406000000588,8935.402600000014
2025-03-14T13:08:32.000000,7342.961999999977,1614.7891000000582,8957.751100000014
2025-03-14T13:08:42.000000,7342.961999999977,1637.1376000000575,8980.099600000014
2025-03-14T13:08:47.000000,7342.961999999977,1659.486100000057,9002.448100000014
2025-03-14T13:08:57.000000,7342.961999999977,1666.8443500000567,9009.806350000013
2025-03-14T13:09:17.000000,7342.961999999977,1689.204850000056,9032.166850000012
2025-03-14T13:09:57.000000,7342.961999999977,1697.5144500000556,9040.476450000013
2025-03-14T13:10:02.000000,7342.961999999977,1704.7407000000562,9047.702700000013
2025-03-14T13:10:07.000000,7342.961999999977,1733.6901000000562,9076.652100000012
2025-03-14T13:10:12.000000,7342.961999999977,1749.9177000000557,9092.879700000012
2025-03-14T13:10:42.000000,7342.961999999977,1802.7347000000561,9145.696700000013
2025-03-14T13:11:02.000000,7342.961999999977,1811.0443000000557,9154.006300000014
2025-03-14T13:11:02.000000,7342.961999999977,1858.8725500000555,9201.834550000014
2025-03-14T13:11:07.000000,7342.961999999977,1875.1769500000564,9218.138950000015
2025-03-14T13:11:12.000000,7342.961999999977,1930.7704000000567,9273.732400000015
2025-03-14T13:11:47.000000,7342.961999999977,1959.7102000000566,9302.672200000015
2025-03-14T13:11:47.000000,7342.961999999977,1996.6448000000564,9339.606800000016
2025-03-14T13:11:52.000000,7342.961999999977,2026.1990000000555,9369.161000000015
2025-03-14T13:11:57.000000,7342.961999999977,2049.754700000056,9392.716700000015
2025-03-14T13:12:02.000000,7342.961999999977,2064.306650000055,9407.268650000015
2025-03-14T13:12:22.000000,7342.961999999977,2051.8497500000553,9394.811750000015
2025-03-14T13:12:32.000000,7342.961999999977,2036.390000000055,9379.352000000015
2025-03-14T13:12:37.000000,7342.961999999977,2029.931600000055,9372.893600000016
2025-03-14T13:12:42.000000,7342.961999999977,2005.4729000000552,9348.434900000017
2025-03-14T13:12:47.000000,7342.961999999977,1981.0118000000557,9323.973800000016
2025-03-14T13:12:52.000000,7342.961999999977,1962.546800000056,9305.508800000016
2025-03-14T13:12:57.000000,7342.961999999977,1944.0842000000562,9287.046200000017
2025-03-14T13:13:02.000000,7342.961999999977,1928.6172500000569,9271.579250000017
2025-03-14T13:13:07.000000,7342.961999999977,1916.148350000057,9259.110350000017
2025-03-14T13:13:12.000000,7342.961999999977,1906.6799000000565,9249.641900000017
2025-03-14T13:13:17.000000,7342.961999999977,1891.215350000056,9234.177350000016
2025-03-14T13:13:22.000000,7342.961999999977,1866.7566500000564,9209.718650000017
2025-03-14T13:13:27.000000,7342.961999999977,1842.3003500000568,9185.262350000017
2025-03-14T13:13:32.000000,7342.961999999977,1814.8460000000568,9157.808000000017
2025-03-14T13:13:52.000000,7342.961999999977,1775.406650000057,9118.368650000017
2025-03-14T13:14:12.000000,7342.961999999977,1767.786650000057,9110.748650000016
2025-03-14T13:15:22.000000,7342.961999999977,1728.3449000000574,9071.306900000016
2025-03-14T13:18:52.000000,7350.344249999977,1728.3449000000574,9078.689150000017
2025-03-14T13:19:07.000000,7350.344249999977,1645.2519000000568,8995.596150000016
2025-03-14T13:19:42.000000,7350.344249999977,1602.1457000000569,8952.489950000016
2025-03-14T13:20:02.000000,7350.344249999977,1595.0417000000568,8945.385950000016
2025-03-14T13:20:12.000000,7327.733999999977,1595.0417000000568,8922.775700000015
2025-03-14T13:20:17.000000,7327.733999999977,1571.9417000000572,8899.675700000014
2025-03-14T13:20:52.000000,7327.733999999977,1549.3194500000575,8877.053450000014
2025-03-14T13:20:57.000000,7327.733999999977,1590.197050000058,8917.931050000014
2025-03-14T13:21:02.000000,7327.733999999977,1631.077850000057,8958.811850000013
2025-03-14T13:21:07.000000,7327.733999999977,1663.9606500000575,8991.694650000014
2025-03-14T13:21:12.000000,7327.733999999977,1684.8512500000577,9012.585250000015
2025-03-14T13:22:27.000000,7327.733999999977,1754.0396000000585,9081.773600000015
2025-03-14T13:22:32.000000,7327.733999999977,1823.2279500000593,9150.961950000015
2025-03-14T13:23:27.000000,7327.733999999977,1824.1091500000591,9151.843150000015
2025-03-14T13:23:32.000000,7327.733999999977,1824.987150000059,9152.721150000016
2025-03-14T13:23:52.000000,7327.733999999977,1830.4849500000587,9158.218950000015
2025-03-14T13:24:27.000000,7327.733999999977,1844.033550000059,9171.767550000015
2025-03-14T13:24:32.000000,7327.733999999977,1832.9065500000584,9160.640550000015
2025-03-14T13:24:32.000000,7327.733999999977,1846.4551500000587,9174.189150000015
2025-03-14T13:24:37.000000,7327.733999999977,1864.0011500000583,9191.735150000015
2025-03-14T13:24:42.000000,7327.733999999977,1881.550350000059,9209.284350000016
2025-03-14T13:24:47.000000,7327.733999999977,1891.1047500000602,9218.838750000017
2025-03-14T13:24:52.000000,7327.733999999977,1904.6597500000605,9232.393750000017
2025-03-14T13:25:32.000000,7327.733999999977,1926.0943500000606,9253.828350000018
2025-03-14T13:25:52.000000,7327.733999999977,1955.5269500000604,9283.260950000018
2025-03-14T13:25:57.000000,7327.733999999977,1984.9627500000604,9312.696750000017
2025-03-14T13:26:02.000000,7327.733999999977,2006.4037500000604,9334.137750000018
2025-03-14T13:26:07.000000,7327.733999999977,2015.85255000006,9343.586550000018
2025-03-14T13:38:22.000000,7327.733999999977,1936.6545500000602,9264.388550000018
2025-03-14T13:38:32.000000,7327.733999999977,1858.1541500000596,9185.888150000017
2025-03-14T13:39:42.000000,7327.733999999977,1862.9367500000587,9190.670750000016
2025-03-14T13:39:42.000000,7327.733999999977,1863.2739500000587,9191.007950000016
2025-03-14T13:39:52.000000,7327.733999999977,1876.054550000059,9203.788550000016
2025-03-14T13:39:57.000000,7327.733999999977,1896.833150000059,9224.567150000015
2025-03-14T13:40:27.000000,7327.733999999977,1901.1613500000594,9228.895350000015
2025-03-14T13:40:32.000000,7327.733999999977,1913.9451500000582,9241.679150000014
2025-03-14T13:40:52.000000,7327.733999999977,1888.548050000057,9216.282050000013
2025-03-14T13:40:57.000000,7327.733999999977,1849.228050000056,9176.962050000011
2025-03-14T13:41:12.000000,7327.733999999977,1917.9722500000566,9245.706250000012
2025-03-14T13:41:37.000000,7327.733999999977,1934.2958500000561,9262.029850000012
2025-03-14T13:41:47.000000,7327.733999999977,1946.6188500000565,9274.352850000012
2025-03-14T13:41:52.000000,7327.733999999977,1958.9450500000567,9286.679050000012
2025-03-14T13:41:57.000000,7327.733999999977,1971.2712500000569,9299.005250000011
2025-03-14T13:42:32.000000,7327.733999999977,1985.7272000000569,9313.46120000001
2025-03-14T13:42:37.000000,7327.733999999977,2007.245000000057,9334.97900000001
2025-03-14T13:42:37.000000,7327.733999999977,2024.7014000000574,9352.435400000011
2025-03-14T13:42:42.000000,7327.733999999977,2050.2198000000567,9377.95380000001
2025-03-14T13:42:47.000000,7327.733999999977,2071.740800000057,9399.47480000001
2025-03-14T13:42:52.000000,7327.733999999977,2021.126200000057,9348.860200000012
2025-03-14T13:43:17.000000,7327.733999999977,2073.8936000000563,9401.62760000001
2025-03-14T13:43:22.000000,7327.733999999977,2112.3483500000557,9440.08235000001
2025-03-14T13:43:27.000000,7327.733999999977,2147.805050000055,9475.539050000009
2025-03-14T13:43:32.000000,7327.733999999977,2183.264150000055,9510.998150000009
2025-03-14T13:43:37.000000,7327.733999999977,2218.7256500000553,9546.459650000008
2025-03-14T13:43:47.000000,7327.733999999977,2245.1906000000554,9572.924600000008
2025-03-14T13:43:52.000000,7365.096749999977,2245.1906000000554,9610.287350000008
2025-03-14T13:43:52.000000,7365.096749999977,2265.6618500000554,9630.758600000008
2025-03-14T13:43:57.000000,7365.096749999977,2235.0406500000545,9600.137400000007
2025-03-14T13:44:02.000000,7402.459499999977,2235.0406500000545,9637.500150000007
2025-03-14T13:45:12.000000,7402.459499999977,2242.362900000054,9644.822400000006
2025-03-14T13:45:17.000000,7402.459499999977,2249.685150000054,9652.144650000006
2025-03-14T13:45:27.000000,7402.459499999977,2286.9999000000544,9689.459400000005
2025-03-14T13:45:37.000000,7402.459499999977,2309.324400000055,9711.783900000006
2025-03-14T13:45:42.000000,7402.459499999977,2331.6489000000556,9734.108400000006
2025-03-14T13:45:47.000000,7402.459499999977,2353.9734000000562,9756.432900000007
2025-03-14T13:45:52.000000,7402.459499999977,2376.297900000057,9778.757400000008
2025-03-14T13:45:57.000000,7402.459499999977,2368.641900000057,9771.101400000007
2025-03-14T13:46:02.000000,7402.459499999977,2354.010300000056,9756.469800000006
2025-03-14T13:46:07.000000,7402.459499999977,2341.107000000056,9743.566500000006
2025-03-14T13:46:07.000000,7402.459499999977,2333.451000000056,9735.910500000005
2025-03-14T13:46:12.000000,7402.459499999977,2314.8188000000555,9717.278300000005
2025-03-14T13:46:37.000000,7402.459499999977,2325.698300000055,9728.157800000004
2025-03-14T13:46:37.000000,7402.459499999977,2331.164900000055,9733.624400000004
2025-03-14T13:46:42.000000,7402.459499999977,2327.3445500000553,9729.804050000004
2025-03-14T13:46:42.000000,7402.459499999977,2334.678800000056,9737.138300000006
2025-03-14T13:46:42.000000,7402.459499999977,2340.143000000057,9742.602500000006
2025-03-14T13:46:47.000000,7402.459499999977,2336.3226500000574,9738.782150000006
2025-03-14T13:46:47.000000,7402.459499999977,2335.2099500000572,9737.669450000007
2025-03-14T13:46:47.000000,7402.459499999977,2334.6780500000573,9737.137550000007
2025-03-14T13:46:52.000000,7402.459499999977,2333.8581500000573,9736.317650000006
2025-03-14T13:46:57.000000,7402.459499999977,2336.0363000000566,9738.495800000006
2025-03-14T13:46:57.000000,7402.459499999977,2329.5035000000566,9731.963000000005
2025-03-14T13:47:02.000000,7402.459499999977,2325.683150000057,9728.142650000005
2025-03-14T13:47:07.000000,7402.459499999977,2321.8604000000564,9724.319900000004
2025-03-14T13:47:07.000000,7402.459499999977,2315.3276000000565,9717.787100000003
2025-03-14T13:47:12.000000,7402.459499999977,2308.5068000000565,9710.966300000004
2025-03-14T13:47:12.000000,7402.459499999977,2294.024150000055,9696.483650000002
2025-03-14T13:47:17.000000,7402.459499999977,2263.1277500000547,9665.58725
2025-03-14T13:47:17.000000,7402.459499999977,2262.3030500000546,9664.76255
2025-03-14T13:47:22.000000,7402.459499999977,2255.4822500000546,9657.94175
2025-03-14T13:47:22.000000,7402.459499999977,2224.125050000055,9626.58455
2025-03-14T13:47:32.000000,7402.459499999977,2220.3023000000544,9622.761799999998
2025-03-14T13:47:37.000000,7402.459499999977,2219.480000000054,9621.939499999999
2025-03-14T13:48:07.000000,7402.459499999977,2209.6587500000546,9612.11825
2025-03-14T13:52:12.000000,7402.459499999977,2206.128800000055,9608.5883
2025-03-14T13:52:17.000000,7402.459499999977,2202.5988500000553,9605.05835
2025-03-14T13:52:32.000000,7402.459499999977,2193.072800000056,9595.5323
2025-03-14T13:52:47.000000,7402.459499999977,2183.5467500000564,9586.006250000002
2025-03-14T13:53:02.000000,7402.459499999977,2168.024600000057,9570.484100000003
2025-03-14T13:53:07.000000,7402.459499999977,2152.5024500000577,9554.961950000004
2025-03-14T13:53:07.000000,7402.459499999977,2177.1024500000585,9579.561950000005
2025-03-14T13:53:17.000000,7402.459499999977,2201.708850000059,9604.168350000005
2025-03-14T13:53:22.000000,7402.459499999977,2210.3256500000603,9612.785150000007
2025-03-14T13:53:27.000000,7402.459499999977,2218.9424500000614,9621.401950000009
2025-03-14T13:53:42.000000,7402.459499999977,2199.3710500000607,9601.830550000008
2025-03-14T13:53:42.000000,7402.459499999977,2183.5489000000616,9586.008400000008
2025-03-14T13:54:52.000000,7402.459499999977,2169.9736000000617,9572.433100000007
2025-03-14T13:55:17.000000,7402.459499999977,2168.4049000000614,9570.864400000008
2025-03-14T13:56:07.000000,7402.459499999977,2172.837100000061,9575.296600000007
2025-03-14T13:57:42.000000,7402.459499999977,2214.16270000006,9616.622200000005
2025-03-14T13:58:02.000000,7402.459499999977,2255.58205000006,9658.041550000005
2025-03-14T13:58:07.000000,7402.459499999977,2297.00700000006,9699.466500000006
2025-03-14T13:58:17.000000,7402.459499999977,2331.4309000000603,9733.890400000006
2025-03-14T13:58:22.000000,7402.459499999977,2376.74750000006,9779.207000000006
2025-03-14T13:58:27.000000,7402.459499999977,2397.1749000000605,9799.634400000006
2025-03-14T13:58:27.000000,7402.459499999977,2438.4909000000607,9840.950400000007
2025-03-14T13:58:32.000000,7402.459499999977,2451.9228500000604,9854.382350000007
2025-03-14T13:58:32.000000,7402.459499999977,2489.2382500000604,9891.697750000007
2025-03-14T13:58:37.000000,7402.459499999977,2495.67475000006,9898.134250000006
2025-03-14T13:58:37.000000,7402.459499999977,2528.992750000061,9931.452250000008
2025-03-14T13:58:42.000000,7402.459499999977,2528.4282000000608,9930.887700000007
2025-03-14T14:07:07.000000,7402.459499999977,2505.805950000061,9908.265450000006
2025-03-14T14:10:52.000000,7402.459499999977,2498.173950000061,9900.633450000007
2025-03-14T14:10:52.000000,7402.459499999977,2521.021650000061,9923.481150000007
2025-03-14T14:11:02.000000,7402.459499999977,2543.8693500000613,9946.328850000007
2025-03-14T14:15:32.000000,7399.842499999976,2543.8693500000613,9943.711850000007
2025-03-14T14:15:57.000000,7417.222099999975,2543.8693500000613,9961.091450000007
2025-03-14T14:18:12.000000,7404.765199999975,2543.8693500000613,9948.634550000008
2025-03-14T14:18:17.000000,7389.307849999976,2543.8693500000613,9933.17720000001
2025-03-14T14:18:27.000000,7382.844649999975,2543.8693500000613,9926.714000000009
2025-03-14T14:18:47.000000,7379.379499999976,2543.8693500000613,9923.248850000009
2025-03-14T14:18:57.000000,7412.767899999975,2543.8693500000613,9956.637250000009
2025-03-14T14:19:02.000000,7434.157699999975,2543.8693500000613,9978.02705000001
2025-03-14T14:19:12.000000,7467.549299999976,2543.8693500000613,10011.41865000001
2025-03-14T14:19:17.000000,7480.9442999999765,2543.8693500000613,10024.813650000011
2025-03-14T14:23:52.000000,7480.9442999999765,2552.710150000061,10033.654450000011
2025-03-14T14:27:27.000000,7522.447499999977,2552.710150000061,10075.15765000001
2025-03-14T14:30:42.000000,7522.447499999977,2549.2066000000614,10071.65410000001
2025-03-14T14:30:52.000000,7522.447499999977,2545.6982500000618,10068.14575000001
2025-03-14T14:31:02.000000,7522.447499999977,2542.1875000000614,10064.63500000001
2025-03-14T14:31:07.000000,7522.447499999977,2541.674800000061,10064.12230000001
2025-03-14T14:31:12.000000,7522.447499999977,2544.1625500000614,10066.61005000001
2025-03-14T14:31:17.000000,7522.447499999977,2546.6503000000616,10069.09780000001
2025-03-14T14:31:27.000000,7522.447499999977,2549.138050000062,10071.58555000001
2025-03-14T14:31:32.000000,7522.447499999977,2551.625800000062,10074.073300000011
2025-03-14T14:31:37.000000,7522.447499999977,2554.1135500000623,10076.561050000011
2025-03-14T14:31:47.000000,7522.447499999977,2559.599350000063,10082.046850000012
2025-03-14T14:31:52.000000,7522.447499999977,2580.054750000064,10102.502250000012
2025-03-14T14:31:52.000000,7522.447499999977,2591.5390500000635,10113.986550000012
2025-03-14T14:31:57.000000,7522.447499999977,2597.0272500000633,10119.474750000012
2025-03-14T14:32:02.000000,7522.447499999977,2605.5159000000635,10127.963400000011
2025-03-14T14:32:07.000000,7522.447499999977,2614.004550000064,10136.45205000001
2025-03-14T14:32:12.000000,7522.447499999977,2622.493200000064,10144.94070000001
2025-03-14T14:32:17.000000,7522.447499999977,2630.984250000063,10153.431750000009
2025-03-14T14:32:22.000000,7522.447499999977,2639.4753000000624,10161.922800000008
2025-03-14T14:32:27.000000,7522.447499999977,2636.3143000000614,10158.761800000007
2025-03-14T14:32:27.000000,7522.447499999977,2644.807750000062,10167.255250000007
2025-03-14T14:33:22.000000,7522.447499999977,2637.211750000062,10159.659250000008
2025-03-14T14:33:37.000000,7522.447499999977,2614.6135000000622,10137.061000000009
2025-03-14T14:34:02.000000,7522.447499999977,2607.0175000000622,10129.46500000001
2025-03-14T14:34:07.000000,7522.447499999977,2599.421500000062,10121.86900000001
2025-03-14T14:34:22.000000,7522.447499999977,2591.825500000062,10114.27300000001
2025-03-14T14:34:27.000000,7522.447499999977,2584.229500000062,10106.67700000001
2025-03-14T14:34:32.000000,7522.447499999977,2576.633500000062,10099.081000000011
2025-03-14T14:34:37.000000,7522.447499999977,2569.037500000062,10091.485000000011
2025-03-14T14:34:42.000000,7522.447499999977,2561.441500000062,10083.889000000012
2025-03-14T14:34:47.000000,7522.447499999977,2553.845500000062,10076.293000000012
2025-03-14T14:34:52.000000,7522.447499999977,2546.249500000062,10068.697000000013
2025-03-14T14:35:02.000000,7522.447499999977,2538.653500000062,10061.101000000013
2025-03-14T14:35:07.000000,7522.447499999977,2531.057500000062,10053.505000000014
2025-03-14T14:35:12.000000,7522.447499999977,2523.461500000062,10045.909000000014
2025-03-14T14:36:32.000000,7522.447499999977,2515.865500000062,10038.313000000015
2025-03-14T14:36:37.000000,7522.447499999977,2508.269500000062,10030.717000000015
2025-03-14T14:36:47.000000,7522.447499999977,2515.543750000063,10037.991250000015
2025-03-14T14:36:52.000000,7522.447499999977,2507.947750000063,10030.395250000016
2025-03-14T14:36:57.000000,7522.447499999977,2515.222000000064,10037.669500000016
2025-03-14T14:37:02.000000,7522.447499999977,2522.4962500000647,10044.943750000017
2025-03-14T14:37:02.000000,7522.447499999977,2514.9002500000647,10037.347750000017
2025-03-14T14:37:07.000000,7522.447499999977,2507.3042500000647,10029.751750000018
2025-03-14T14:37:42.000000,7522.447499999977,2514.7105000000643,10037.158000000018
2025-03-14T14:37:52.000000,7522.447499999977,2522.116750000064,10044.564250000018
2025-03-14T14:38:02.000000,7522.447499999977,2529.5230000000633,10051.970500000018
2025-03-14T14:38:07.000000,7522.447499999977,2536.929250000063,10059.376750000018
2025-03-14T14:45:02.000000,7536.898649999976,2536.929250000063,10073.827900000018
2025-03-17T09:50:17.000000,7536.898649999976,2505.1208500000635,10042.019500000019
2025-03-17T09:50:27.000000,7536.898649999976,2461.3202500000634,9998.218900000018
2025-03-17T09:50:32.000000,7536.898649999976,2397.529450000063,9934.428100000017
2025-03-17T09:51:32.000000,7536.898649999976,2489.740450000065,10026.639100000019
2025-03-17T09:51:37.000000,7536.898649999976,2571.9619500000645,10108.860600000018
2025-03-17T09:52:17.000000,7536.898649999976,2580.930750000064,10117.829400000019
2025-03-17T09:53:52.000000,7536.898649999976,2650.550300000065,10187.44895000002
2025-03-17T09:53:57.000000,7536.898649999976,2706.178950000065,10243.07760000002
2025-03-17T09:54:22.000000,7536.898649999976,2666.353350000066,10203.25200000002
2025-03-17T09:54:27.000000,7536.898649999976,2626.5277500000666,10163.42640000002
2025-03-17T09:54:32.000000,7536.898649999976,2586.7021500000674,10123.60080000002
2025-03-17T09:54:37.000000,7536.898649999976,2538.881750000068,10075.780400000021
2025-03-17T09:54:52.000000,7536.898649999976,2503.050350000068,10039.94900000002
2025-03-17T10:02:22.000000,7536.898649999976,2483.9381500000677,10020.836800000021
2025-03-17T10:03:12.000000,7536.898649999976,2480.8219500000682,10017.720600000022
2025-03-17T10:03:17.000000,7536.898649999976,2473.708350000068,10010.607000000022
2025-03-17T10:06:22.000000,7536.898649999976,2424.967650000069,9961.866300000023
2025-03-17T10:06:32.000000,7536.898649999976,2358.241050000069,9895.139700000023
2025-03-17T10:06:32.000000,7536.898649999976,2297.510550000069,9834.409200000024
2025-03-17T10:07:02.000000,7536.898649999976,2263.7721000000693,9800.670750000023
2025-03-17T10:07:17.000000,7536.898649999976,2185.0509000000698,9721.949550000023
2025-03-17T10:07:22.000000,7704.684099999977,2185.0509000000698,9889.735000000022
2025-03-17T10:07:27.000000,7837.469899999976,2185.0509000000698,10022.520800000022
2025-03-17T10:07:47.000000,7872.696199999977,2185.0509000000698,10057.747100000022
2025-03-17T10:07:57.000000,7898.9283499999765,2185.0509000000698,10083.979250000022
2025-03-17T10:08:17.000000,7907.164999999976,2185.0509000000698,10092.215900000023
2025-03-17T10:08:22.000000,7907.164999999976,2192.4811500000706,10099.646150000024
2025-03-17T10:08:22.000000,7907.164999999976,2179.96440000007,10087.129400000023
2025-03-17T10:08:22.000000,7918.397299999976,2179.96440000007,10098.361700000023
2025-03-17T10:08:27.000000,7918.397299999976,2187.3946500000707,10105.791950000024
2025-03-17T10:08:32.000000,7918.397299999976,2194.8249000000715,10113.222200000026
2025-03-17T10:08:37.000000,7918.397299999976,2187.2649000000715,10105.662200000026
2025-03-17T10:09:57.000000,7918.397299999976,2209.5334000000707,10127.930700000026
2025-03-17T10:10:17.000000,7918.397299999976,2170.43740000007,10088.834700000025
2025-03-17T10:10:37.000000,7918.191149999977,2170.43740000007,10088.628550000027
2025-03-17T10:11:02.000000,7929.421049999976,2170.43740000007,10099.858450000027
2025-03-17T10:11:22.000000,7958.118449999977,2170.43740000007,10128.555850000028
2025-03-17T10:11:32.000000,7986.808649999976,2170.43740000007,10157.246050000027
2025-03-17T10:12:42.000000,7986.808649999976,2135.31960000007,10122.128250000027
2025-03-17T10:15:02.000000,7986.808649999976,2134.53810000007,10121.346750000026
2025-03-17T10:15:17.000000,7986.808649999976,2094.914100000069,10081.722750000024
2025-03-17T10:15:27.000000,7986.808649999976,1919.2665000000684,9906.075150000024
2025-03-17T10:17:07.000000,7986.808649999976,1872.1245000000679,9858.933150000024
2025-03-17T10:17:17.000000,7986.808649999976,1750.6194000000671,9737.428050000024
2025-03-17T10:18:02.000000,7986.808649999976,1750.870200000067,9737.678850000024
2025-03-17T10:19:22.000000,7986.808649999976,1663.1044500000671,9649.913100000023
2025-03-17T10:19:27.000000,7986.808649999976,1563.3465000000674,9550.155150000024
2025-03-17T10:20:12.000000,8133.579749999977,1563.3465000000674,9696.926250000024
2025-03-17T10:20:17.000000,8301.348399999977,1563.3465000000674,9864.694900000024
2025-03-17T10:20:22.000000,8301.348399999977,1495.7655000000673,9797.113900000024
2025-03-17T10:20:42.000000,8301.348399999977,1317.9478500000673,9619.296250000023
2025-03-17T10:20:47.000000,8497.121249999978,1317.9478500000673,9815.069100000024
2025-03-17T10:21:02.000000,8657.900049999977,1317.9478500000673,9975.847900000022
2025-03-17T10:21:22.000000,8657.900049999977,1089.1321500000677,9747.032200000023
2025-03-17T10:23:17.000000,8657.900049999977,1039.6890500000686,9697.589100000025
2025-03-17T10:23:22.000000,8657.900049999977,983.2505000000684,9641.150550000024
2025-03-17T10:23:32.000000,8657.900049999977,930.6477500000681,9588.547800000024
2025-03-17T10:23:42.000000,8657.900049999977,926.8466000000675,9584.746650000023
2025-03-17T10:23:52.000000,8657.900049999977,893.0409500000676,9550.941000000023
2025-03-17T10:25:02.000000,8657.900049999977,894.6911000000674,9552.591150000022
2025-03-17T10:25:32.000000,8657.900049999977,894.4289500000673,9552.329000000022
2025-03-17T10:25:37.000000,8657.900049999977,908.1633000000668,9566.06335000002
2025-03-17T10:25:42.000000,8657.900049999977,885.5530500000658,9543.453100000019
2025-03-17T10:25:47.000000,8657.900049999977,847.9525500000651,9505.852600000018
2025-03-17T10:25:52.000000,8657.900049999977,861.6981000000659,9519.59815000002
2025-03-17T10:26:12.000000,8657.900049999977,860.8926000000657,9518.79265000002
2025-03-17T10:26:17.000000,8657.900049999977,793.2516000000657,9451.15165000002
2025-03-17T10:26:22.000000,8657.900049999977,756.1335000000652,9414.03355000002
2025-03-17T10:26:32.000000,8657.900049999977,797.8832500000653,9455.783300000021
2025-03-17T10:26:37.000000,8657.900049999977,748.7585500000652,9406.65860000002
2025-03-17T10:26:37.000000,8657.900049999977,750.9559000000655,9408.855950000021
2025-03-17T10:26:42.000000,8657.900049999977,695.8351000000655,9353.73515000002
2025-03-17T10:26:52.000000,8657.900049999977,697.4780500000653,9355.37810000002
2025-03-17T10:27:02.000000,8657.900049999977,690.1268500000654,9348.02690000002
2025-03-17T10:27:57.000000,8657.900049999977,667.4566000000657,9325.356650000022
2025-03-17T10:28:12.000000,8657.900049999977,629.796100000065,9287.696150000022
2025-03-17T10:28:17.000000,8657.900049999977,592.1356000000644,9250.035650000022
2025-03-17T10:28:27.000000,8657.900049999977,554.4751000000638,9212.375150000022
2025-03-17T10:29:12.000000,8605.813299999976,554.4751000000638,9160.288400000021
2025-03-17T10:30:42.000000,8605.813299999976,636.974200000064,9242.787500000022
2025-03-17T10:30:47.000000,8605.813299999976,644.2964500000637,9250.109750000021
2025-03-17T10:35:37.000000,8605.813299999976,706.9765500000634,9312.789850000021
2025-03-17T10:38:02.000000,8598.741299999976,706.9765500000634,9305.717850000021
2025-03-17T10:39:12.000000,8633.422799999977,706.9765500000634,9340.399350000022
2025-03-17T10:39:12.000000,8638.658999999976,706.9765500000634,9345.63555000002
2025-03-17T10:41:17.000000,8638.658999999976,744.3353000000634,9382.99430000002
2025-03-17T10:43:37.000000,8638.658999999976,710.4912500000635,9349.15025000002
2025-03-17T10:43:52.000000,8638.658999999976,676.6472000000635,9315.30620000002
2025-03-17T10:43:57.000000,8638.658999999976,739.3441000000632,9378.00310000002
2025-03-17T10:44:02.000000,8638.658999999976,809.0364500000628,9447.69545000002
2025-03-17T10:44:07.000000,8638.658999999976,878.7344000000625,9517.393400000019
2025-03-17T10:44:42.000000,8638.658999999976,955.4166000000619,9594.075600000018
2025-03-17T10:45:02.000000,8638.658999999976,932.8063500000609,9571.465350000017
2025-03-17T10:49:17.000000,8638.658999999976,961.6453500000601,9600.304350000017
2025-03-17T10:54:27.000000,8654.982599999976,961.6453500000601,9616.627950000016
2025-03-17T10:54:57.000000,8647.308999999976,961.6453500000601,9608.954350000016
2025-03-17T11:04:57.000000,8647.308999999976,966.8935500000599,9614.202550000016
2025-03-17T11:05:02.000000,8647.308999999976,975.1398000000602,9622.448800000016
2025-03-17T11:05:07.000000,8647.308999999976,986.3841000000598,9633.693100000017
2025-03-17T11:05:12.000000,8647.308999999976,991.6323000000596,9638.941300000017
2025-03-17T11:05:17.000000,8647.308999999976,996.8805000000593,9644.189500000017
2025-03-17T11:05:22.000000,8647.308999999976,1005.1291500000596,9652.438150000016
2025-03-17T11:05:27.000000,8647.308999999976,1013.3778000000598,9660.686800000016
2025-03-17T11:05:32.000000,8647.308999999976,1015.6303500000602,9662.939350000017
2025-03-17T11:05:37.000000,8647.308999999976,1017.8829000000605,9665.191900000018
2025-03-17T11:05:42.000000,8647.308999999976,1023.1359000000602,9670.444900000019
2025-03-17T11:05:47.000000,8647.308999999976,1028.38890000006,9675.69790000002
2025-03-17T11:05:52.000000,8647.308999999976,1030.6438500000593,9677.952850000018
2025-03-17T11:05:57.000000,8647.308999999976,1029.9007500000591,9677.209750000018
2025-03-17T11:07:02.000000,8647.308999999976,1064.6494500000595,9711.958450000018
2025-03-17T11:07:32.000000,8647.308999999976,1092.40270000006,9739.711700000018
2025-03-17T11:08:42.000000,8647.308999999976,1100.6931000000595,9748.002100000018
2025-03-17T11:08:47.000000,8647.308999999976,1108.9835000000592,9756.292500000018
2025-03-17T11:08:52.000000,8647.308999999976,1117.2739000000588,9764.582900000018
2025-03-17T11:09:02.000000,8647.308999999976,1125.5643000000584,9772.873300000017
2025-03-17T11:09:07.000000,8647.308999999976,1133.854700000058,9781.163700000017
2025-03-17T11:09:12.000000,8647.308999999976,1142.1451000000577,9789.454100000017
2025-03-17T11:09:17.000000,8647.308999999976,1150.4355000000573,9797.744500000017
2025-03-17T11:09:22.000000,8647.308999999976,1150.7311000000573,9798.040100000017
2025-03-17T11:09:27.000000,8647.308999999976,1151.0267000000572,9798.335700000016
2025-03-17T11:09:32.000000,8647.308999999976,1159.3171000000568,9806.626100000016
2025-03-17T11:09:37.000000,8647.308999999976,1159.6127000000567,9806.921700000015
2025-03-17T11:09:42.000000,8647.308999999976,1159.9083000000567,9807.217300000015
2025-03-17T11:09:47.000000,8647.308999999976,1160.2039000000566,9807.512900000014
2025-03-17T11:09:52.000000,8647.308999999976,1160.4995000000565,9807.808500000014
2025-03-17T11:09:57.000000,8647.308999999976,1152.8003000000565,9800.109300000015
2025-03-17T11:10:07.000000,8647.308999999976,1137.1063000000552,9784.415300000013
2025-03-17T11:10:12.000000,8647.308999999976,1121.4123000000538,9768.721300000012
2025-03-17T11:10:22.000000,8647.308999999976,1113.7131000000538,9761.022100000013
2025-03-17T11:10:47.000000,8647.308999999976,1114.015100000055,9761.324100000014
2025-03-17T11:11:02.000000,8647.308999999976,1114.3171000000564,9761.626100000016
2025-03-17T11:11:07.000000,8647.308999999976,1114.6191000000576,9761.928100000017
2025-03-17T11:11:17.000000,8647.308999999976,1114.921100000059,9762.230100000019
2025-03-17T11:15:02.000000,8682.152899999975,1114.921100000059,9797.074000000019
2025-03-17T11:15:12.000000,8723.997849999976,1114.921100000059,9838.91895000002
2025-03-17T11:15:17.000000,8772.838249999977,1114.921100000059,9887.75935000002
2025-03-17T11:25:32.000000,8765.290249999976,1114.921100000059,9880.21135000002
2025-03-17T11:25:37.000000,8757.742249999976,1114.921100000059,9872.663350000019
2025-03-17T11:27:32.000000,8757.742249999976,1051.2519000000586,9808.994150000019
2025-03-17T11:27:52.000000,8757.742249999976,1093.1192500000589,9850.861500000019
2025-03-17T11:35:07.000000,8757.742249999976,1076.5723000000592,9834.31455000002
2025-03-17T13:02:32.000000,8757.742249999976,1028.86710000006,9786.60935000002
2025-03-17T13:02:42.000000,8757.742249999976,981.1619000000608,9738.904150000022
2025-03-17T13:03:02.000000,8757.742249999976,933.4567000000616,9691.198950000024
2025-03-17T13:03:07.000000,8757.742249999976,885.7515000000624,9643.493750000025
2025-03-17T13:03:47.000000,8757.742249999976,608.3454000000634,9366.087650000027
2025-03-17T13:03:57.000000,8757.742249999976,330.93930000006435,9088.681550000028
2025-03-17T13:04:02.000000,8757.742249999976,53.533200000065335,8811.27545000003
2025-03-17T13:04:07.000000,8757.742249999976,21.824000000065848,8779.56625000003
2025-03-17T13:04:47.000000,8757.742249999976,-84.71484999993363,8673.027400000032
2025-03-17T13:04:52.000000,8720.201749999977,-84.71484999993363,8635.486900000033
2025-03-17T13:04:52.000000,8720.201749999977,-155.2698999999339,8564.931850000032
2025-03-17T13:04:57.000000,8682.661249999977,-155.2698999999339,8527.391350000033
2025-03-17T13:05:02.000000,8682.661249999977,-288.8415999999344,8393.819650000032
2025-03-17T13:05:02.000000,8682.661249999977,-431.40744999993467,8251.253800000031
2025-03-17T13:05:37.000000,8682.661249999977,-479.1382499999352,8203.52300000003
2025-03-17T13:05:47.000000,8682.661249999977,-526.8754499999358,8155.78580000003
2025-03-17T13:05:52.000000,8682.661249999977,-582.6138499999362,8100.0474000000295
2025-03-17T13:05:57.000000,8682.661249999977,-638.3522499999366,8044.309000000029
2025-03-17T13:06:02.000000,8682.661249999977,-596.5184999999364,8086.142750000029
2025-03-17T13:06:02.000000,8682.661249999977,-660.2580999999366,8022.403150000029
2025-03-17T13:06:07.000000,8682.661249999977,-723.9976999999368,7958.663550000029
2025-03-17T13:06:12.000000,8682.661249999977,-787.737299999937,7894.923950000029
2025-03-17T13:06:17.000000,8682.661249999977,-859.4716999999371,7823.189550000029
2025-03-17T13:06:22.000000,8682.661249999977,-923.2112999999373,7759.449950000029
2025-03-17T13:06:27.000000,8682.661249999977,-994.9456999999373,7687.715550000029
2025-03-17T13:06:32.000000,8682.661249999977,-1066.6800999999373,7615.981150000029
2025-03-17T13:06:37.000000,8682.661249999977,-1138.4144999999373,7544.246750000028
2025-03-17T13:06:42.000000,8682.661249999977,-1218.1436999999373,7464.517550000029
2025-03-17T13:06:47.000000,8682.661249999977,-1297.8728999999373,7384.788350000029
2025-03-17T13:06:52.000000,8682.661249999977,-1395.5183999999385,7287.1428500000275
2025-03-17T13:06:52.000000,8682.661249999977,-1459.2515999999387,7223.409650000027
2025-03-17T13:06:57.000000,8682.661249999977,-1530.9795999999387,7151.681650000027
2025-03-17T13:07:02.000000,8682.661249999977,-1602.7075999999388,7079.953650000027
2025-03-17T13:07:07.000000,8682.661249999977,-1691.3661499999387,6991.295100000027
2025-03-17T13:07:07.000000,8682.661249999977,-1755.0929499999388,6927.568300000026
2025-03-17T13:07:12.000000,8682.661249999977,-1818.819749999939,6863.841500000026
2025-03-17T13:07:17.000000,8682.661249999977,-1874.5453499999394,6808.115900000025
2025-03-17T13:07:22.000000,8682.661249999977,-1930.2709499999398,6752.390300000025
2025-03-17T13:07:27.000000,8682.661249999977,-1977.995349999939,6704.665900000025
2025-03-17T13:07:32.000000,8682.661249999977,-2025.7197499999381,6656.941500000026
2025-03-17T13:07:37.000000,8682.661249999977,-2065.4493499999376,6617.211900000027
2025-03-17T13:07:42.000000,8682.661249999977,-2105.172549999937,6577.488700000027
2025-03-17T13:07:47.000000,8682.661249999977,-2128.899749999937,6553.761500000028
2025-03-17T13:07:52.000000,8682.661249999977,-2152.6269499999366,6530.034300000028
2025-03-17T13:07:57.000000,8682.661249999977,-2176.3541499999365,6506.307100000029
2025-03-17T13:08:02.000000,8682.661249999977,-2200.0813499999363,6482.57990000003
2025-03-17T13:08:07.000000,8682.661249999977,-2223.808549999936,6458.85270000003
2025-03-17T13:08:12.000000,8682.661249999977,-2247.535749999936,6435.125500000031
2025-03-17T13:08:17.000000,8682.661249999977,-2263.2617499999355,6419.399500000031
2025-03-17T13:08:22.000000,8682.661249999977,-2278.987749999935,6403.673500000032
2025-03-17T13:08:27.000000,8682.661249999977,-2294.713749999935,6387.947500000032
2025-03-17T13:08:32.000000,8682.661249999977,-2310.4397499999345,6372.221500000032
2025-03-17T13:08:37.000000,8682.661249999977,-2326.165749999934,6356.495500000033
2025-03-17T13:08:47.000000,8682.661249999977,-2341.891749999934,6340.769500000033
2025-03-17T13:08:52.000000,8682.661249999977,-2357.6177499999335,6325.043500000033
2025-03-17T13:08:57.000000,8682.661249999977,-2381.3449499999333,6301.316300000034
2025-03-17T13:09:02.000000,8682.661249999977,-2405.065749999933,6277.595500000034
2025-03-17T13:09:07.000000,8682.661249999977,-2436.787749999932,6245.873500000034
2025-03-17T13:09:12.000000,8682.661249999977,-2460.508549999932,6222.152700000034
2025-03-17T13:09:17.000000,8682.661249999977,-2476.2345499999315,6206.4267000000345
2025-03-17T13:09:22.000000,8682.661249999977,-2491.960549999931,6190.700700000035
2025-03-17T13:09:27.000000,8682.661249999977,-2507.686549999931,6174.974700000035
2025-03-17T13:09:32.000000,8682.661249999977,-2523.4125499999304,6159.248700000036
2025-03-17T13:09:37.000000,8682.661249999977,-2539.13854999993,6143.522700000036
2025-03-17T13:09:42.000000,8682.661249999977,-2554.8645499999297,6127.796700000036
2025-03-17T13:09:47.000000,8682.661249999977,-2546.60934999993,6136.051900000036
2025-03-17T13:09:47.000000,8682.661249999977,-2570.33654999993,6112.3247000000365
2025-03-17T13:09:52.000000,8682.661249999977,-2546.0821499999306,6136.579100000035
2025-03-17T13:09:52.000000,8682.661249999977,-2569.8093499999304,6112.851900000036
2025-03-17T13:09:57.000000,8682.661249999977,-2585.5417499999303,6097.119500000036
2025-03-17T13:10:07.000000,8682.661249999977,-2585.2781499999305,6097.383100000036
2025-03-17T13:10:22.000000,8682.661249999977,-2585.0209499999305,6097.640300000036
2025-03-17T13:10:27.000000,8682.661249999977,-2576.762549999931,6105.898700000036
2025-03-17T13:10:32.000000,8682.661249999977,-2568.5105499999313,6114.150700000036
2025-03-17T13:10:42.000000,8682.661249999977,-2560.258549999932,6122.402700000035
2025-03-17T13:10:47.000000,8682.661249999977,-2544.011749999931,6138.649500000036
2025-03-17T13:10:52.000000,8682.661249999977,-2470.710799999931,6211.950450000036
2025-03-17T13:10:52.000000,8682.661249999977,-2454.4639999999304,6228.197250000037
2025-03-17T13:10:57.000000,8682.661249999977,-2430.2223999999296,6252.438850000037
2025-03-17T13:11:02.000000,8682.661249999977,-2405.980799999929,6276.680450000037
2025-03-17T13:11:07.000000,8682.661249999977,-2373.744399999928,6308.916850000038
2025-03-17T13:11:12.000000,8682.661249999977,-2341.5079999999275,6341.1532500000385
2025-03-17T13:11:17.000000,8682.661249999977,-2309.271599999927,6373.389650000039
2025-03-17T13:11:22.000000,8682.661249999977,-2289.921149999926,6392.74010000004
2025-03-17T13:11:22.000000,8682.661249999977,-2257.6847499999253,6424.976500000041
2025-03-17T13:11:27.000000,8682.661249999977,-2229.3329499999245,6453.328300000042
2025-03-17T13:11:27.000000,8682.661249999977,-2197.096549999924,6485.564700000043
2025-03-17T13:11:32.000000,8682.661249999977,-2164.860149999923,6517.801100000043
2025-03-17T13:11:37.000000,8682.661249999977,-2132.6237499999224,6550.037500000044
2025-03-17T13:11:42.000000,8682.661249999977,-2100.3873499999218,6582.273900000045
2025-03-17T13:11:47.000000,8682.661249999977,-2131.264549999921,6551.396700000045
2025-03-17T13:11:47.000000,8682.661249999977,-2116.9524499999216,6565.708800000044
2025-03-17T13:11:47.000000,8682.661249999977,-2084.716049999921,6597.945200000045
2025-03-17T13:11:52.000000,8682.661249999977,-2052.47964999992,6630.181600000045
2025-03-17T13:11:57.000000,8682.661249999977,-2020.2368499999195,6662.424400000046
2025-03-17T13:12:02.000000,8682.661249999977,-1910.9232999999188,6771.737950000047
2025-03-17T13:12:02.000000,8682.661249999977,-1878.680499999918,6803.980750000048
2025-03-17T13:12:07.000000,8682.661249999977,-1846.4376999999174,6836.223550000049
2025-03-17T13:12:12.000000,8682.661249999977,-1764.1209999999178,6918.540250000048
2025-03-17T13:12:12.000000,8682.661249999977,-1739.872999999917,6942.788250000049
2025-03-17T13:12:17.000000,8682.661249999977,-1715.6249999999163,6967.036250000049
2025-03-17T13:12:22.000000,8682.661249999977,-1699.371799999917,6983.289450000048
2025-03-17T13:12:27.000000,8682.661249999977,-1683.1185999999175,6999.542650000048
2025-03-17T13:12:32.000000,8682.661249999977,-1674.8601999999178,7007.801050000047
2025-03-17T13:12:37.000000,8682.661249999977,-1666.601799999918,7016.059450000047
2025-03-17T13:12:47.000000,8682.661249999977,-1666.3381999999183,7016.323050000047
2025-03-17T13:13:02.000000,8682.661249999977,-1674.0693999999182,7008.591850000047
2025-03-17T13:13:07.000000,8682.661249999977,-1681.8005999999182,7000.860650000047
2025-03-17T13:16:07.000000,8682.661249999977,-1649.4715499999186,7033.189700000046
2025-03-17T13:16:12.000000,8682.661249999977,-1635.3539999999184,7047.307250000046
2025-03-17T13:16:22.000000,8682.661249999977,-1603.0273499999175,7079.633900000047
2025-03-17T13:16:27.000000,8682.661249999977,-1564.7021999999179,7117.959050000047
2025-03-17T13:16:32.000000,8682.661249999977,-1529.3750999999177,7153.286150000047
2025-03-17T13:16:37.000000,8682.661249999977,-1494.0503999999175,7188.610850000047
2025-03-17T13:16:42.000000,8682.661249999977,-1526.7781499999178,7155.883100000047
2025-03-17T13:16:47.000000,8682.661249999977,-1491.4534499999177,7191.207800000047
2025-03-17T13:19:07.000000,8682.661249999977,-1483.987199999918,7198.674050000047
2025-03-17T13:20:22.000000,8682.661249999977,-1455.6353999999171,7227.025850000048
2025-03-17T13:20:27.000000,8682.661249999977,-1427.2835999999163,7255.3776500000495
2025-03-17T13:20:42.000000,8682.661249999977,-1380.936299999916,7301.72495000005
2025-03-17T13:21:22.000000,8682.661249999977,-1343.5759499999153,7339.085300000051
2025-03-17T13:21:27.000000,8682.661249999977,-1306.2155999999147,7376.4456500000515
2025-03-17T13:21:37.000000,8682.661249999977,-1277.8493999999155,7404.811850000051
2025-03-17T13:23:32.000000,8682.661249999977,-1272.5003999999158,7410.160850000051
2025-03-17T13:24:27.000000,8682.661249999977,-1264.2099999999161,7418.451250000051
2025-03-17T13:25:02.000000,8682.661249999977,-1255.9195999999165,7426.741650000051
2025-03-17T13:25:07.000000,8682.661249999977,-1247.6291999999169,7435.032050000051
2025-03-17T13:25:17.000000,8682.661249999977,-1247.333599999917,7435.32765000005
2025-03-17T13:25:22.000000,8682.661249999977,-1247.037999999917,7435.62325000005
2025-03-17T13:25:27.000000,8682.661249999977,-1246.742399999917,7435.918850000049
2025-03-17T13:26:22.000000,8682.661249999977,-1254.7295999999171,7427.93165000005
2025-03-17T13:27:27.000000,8682.661249999977,-1366.7957499999175,7315.865500000049
2025-03-17T13:27:47.000000,8682.661249999977,-1471.8552499999178,7210.806000000049
2025-03-17T13:29:17.000000,8682.661249999977,-1479.8424499999178,7202.818800000049
2025-03-17T13:29:27.000000,8682.661249999977,-1503.8192499999175,7178.84200000005
2025-03-17T13:29:37.000000,8682.661249999977,-1527.7960499999172,7154.86520000005
2025-03-17T13:29:52.000000,8682.661249999977,-1551.7728499999168,7130.888400000051
2025-03-17T13:29:57.000000,8682.661249999977,-1541.4165499999156,7141.244700000052
2025-03-17T13:30:02.000000,8682.661249999977,-1522.0660999999145,7160.595150000053
2025-03-17T13:30:07.000000,8682.661249999977,-1511.7097999999132,7170.951450000054
2025-03-17T13:30:17.000000,8682.661249999977,-1501.353499999912,7181.307750000055
2025-03-17T13:30:32.000000,8682.661249999977,-1490.9899999999122,7191.671250000055
2025-03-17T13:32:27.000000,8682.661249999977,-1428.1026999999126,7254.558550000054
2025-03-17T13:32:47.000000,8682.661249999977,-1405.0533999999122,7277.607850000055
2025-03-17T13:32:52.000000,8682.661249999977,-1376.005599999912,7306.655650000055
2025-03-17T13:32:52.000000,8682.661249999977,-1313.112699999911,7369.548550000056
2025-03-17T13:32:57.000000,8682.661249999977,-1271.2061499999108,7411.4551000000565
2025-03-17T13:33:02.000000,8682.661249999977,-1243.2904999999103,7439.370750000057
2025-03-17T13:35:27.000000,8682.661249999977,-1256.2792499999111,7426.382000000057
2025-03-17T13:35:57.000000,8682.661249999977,-1271.9501999999115,7410.711050000056
2025-03-17T13:36:02.000000,8682.661249999977,-1278.6269999999115,7404.034250000056
2025-03-17T13:36:07.000000,8682.661249999977,-1285.3037999999115,7397.357450000056
2025-03-17T13:36:17.000000,8682.661249999977,-1279.9835999999118,7402.677650000056
2025-03-17T13:36:22.000000,8665.679749999978,-1279.9835999999118,7385.696150000056
2025-03-17T13:36:32.000000,8665.679749999978,-1277.6662499999115,7388.013500000056
2025-03-17T13:36:37.000000,8665.679749999978,-1281.3449999999111,7384.334750000057
2025-03-17T13:36:42.000000,8665.679749999978,-1291.0198499999105,7374.659900000058
2025-03-17T13:37:32.000000,8665.679749999978,-1312.6964999999097,7352.983250000058
2025-03-17T13:38:02.000000,8665.679749999978,-1352.3710499999106,7313.308700000058
2025-03-17T13:39:07.000000,8665.679749999978,-1488.1022499999108,7177.577500000058
2025-03-17T13:39:12.000000,8665.679749999978,-1615.832249999911,7049.847500000057
2025-03-17T13:39:57.000000,8665.679749999978,-1735.5674499999116,6930.112300000057
2025-03-17T13:40:07.000000,8665.679749999978,-1847.3014499999108,6818.378300000058
2025-03-17T13:40:22.000000,8665.679749999978,-1951.0342499999101,6714.645500000058
2025-03-17T13:40:27.000000,8665.679749999978,-2046.7722499999097,6618.9075000000585
2025-03-17T13:40:32.000000,8665.679749999978,-2142.5102499999093,6523.169500000059
2025-03-17T13:40:42.000000,8665.679749999978,-2238.2482499999087,6427.43150000006
2025-03-17T13:40:52.000000,8665.679749999978,-2333.986249999908,6331.69350000006
2025-03-17T13:41:32.000000,8665.679749999978,-2381.7482499999073,6283.9315000000615
2025-03-17T13:41:32.000000,8665.679749999978,-2357.5578499999065,6308.121900000062
2025-03-17T13:41:42.000000,8665.679749999978,-2325.372649999906,6340.307100000063
2025-03-17T13:41:52.000000,8665.679749999978,-2332.908649999906,6332.771100000063
2025-03-17T13:41:57.000000,8665.679749999978,-2355.434899999906,6310.244850000063
2025-03-17T13:42:02.000000,8665.679749999978,-2323.2496999999057,6342.430050000064
2025-03-17T13:42:07.000000,8665.679749999978,-2345.7759499999056,6319.903800000064
2025-03-17T13:42:07.000000,8665.679749999978,-2313.5907499999053,6352.0890000000645
2025-03-17T13:42:12.000000,8665.679749999978,-2336.116999999905,6329.562750000065
2025-03-17T13:42:12.000000,8665.679749999978,-2303.931799999905,6361.747950000065
2025-03-17T13:42:17.000000,8665.679749999978,-2326.4580499999047,6339.2217000000655
2025-03-17T13:42:17.000000,8665.679749999978,-2310.268849999904,6355.410900000066
2025-03-17T13:42:22.000000,8665.679749999978,-2347.7853499999046,6317.894400000066
2025-03-17T13:42:22.000000,8665.679749999978,-2331.5897499999037,6334.0900000000665
2025-03-17T13:42:27.000000,8665.679749999978,-2345.1698499999034,6320.509900000066
2025-03-17T13:42:27.000000,8665.679749999978,-2382.686349999904,6282.993400000066
2025-03-17T13:42:27.000000,8665.679749999978,-2382.486749999904,6283.193000000066
2025-03-17T13:42:32.000000,8665.679749999978,-2420.0032499999047,6245.676500000065
2025-03-17T13:42:32.000000,8665.679749999978,-2419.797249999905,6245.882500000065
2025-03-17T13:42:37.000000,8665.679749999978,-2457.3137499999057,6208.366000000065
2025-03-17T13:42:37.000000,8665.679749999978,-2443.467399999905,6222.212350000065
2025-03-17T13:42:42.000000,8665.679749999978,-2429.615449999905,6236.064300000065
2025-03-17T13:42:47.000000,8665.679749999978,-2467.131949999906,6198.547800000064
2025-03-17T13:42:47.000000,8665.679749999978,-2460.281049999906,6205.398700000063
2025-03-17T13:42:52.000000,8665.679749999978,-2460.425599999906,6205.254150000063
2025-03-17T13:42:57.000000,8665.679749999978,-2497.9420999999065,6167.737650000063
2025-03-17T13:42:57.000000,8665.679749999978,-2505.0820999999064,6160.5976500000625
2025-03-17T13:43:02.000000,8665.679749999978,-2519.217549999906,6146.462200000063
2025-03-17T13:43:37.000000,8665.679749999978,-2540.9253999999064,6124.754350000063
2025-03-17T13:43:47.000000,8665.679749999978,-2550.6386499999066,6115.041100000062
2025-03-17T13:43:52.000000,8665.679749999978,-2558.1626499999065,6107.517100000062
2025-03-17T13:43:57.000000,8665.679749999978,-2565.6866499999064,6099.9931000000615
2025-03-17T13:43:57.000000,8665.679749999978,-2572.3970499999064,6093.282700000062
2025-03-17T13:44:02.000000,8665.679749999978,-2588.1039999999057,6077.575750000063
2025-03-17T13:44:07.000000,8665.679749999978,-2603.810949999905,6061.868800000064
2025-03-17T13:44:12.000000,8665.679749999978,-2619.5154999999054,6046.1642500000635
2025-03-17T13:44:17.000000,8665.679749999978,-2612.0372499999044,6053.6425000000645
2025-03-17T13:44:17.000000,8665.679749999978,-2627.7417999999047,6037.937950000064
2025-03-17T13:44:22.000000,8665.679749999978,-2620.2635499999037,6045.416200000065
2025-03-17T13:44:22.000000,8665.679749999978,-2635.965699999903,6029.714050000066
2025-03-17T13:44:27.000000,8665.679749999978,-2628.487449999902,6037.192300000067
2025-03-17T13:44:27.000000,8665.679749999978,-2641.189149999902,6024.490600000067
2025-03-17T13:44:27.000000,8665.679749999978,-2648.9907499999017,6016.689000000068
2025-03-17T13:44:32.000000,8665.679749999978,-2641.5124999999007,6024.167250000069
2025-03-17T13:44:32.000000,8665.679749999978,-2657.2146499999,6008.4651000000695
2025-03-17T13:44:32.000000,8665.679749999978,-2665.0162499998996,6000.66350000007
2025-03-17T13:44:37.000000,8665.679749999978,-2672.8178499998994,5992.86190000007
2025-03-17T13:44:42.000000,8665.679749999978,-2688.515199999899,5977.16455000007
2025-03-17T13:44:42.000000,8665.679749999978,-2704.3115999998986,5961.36815000007
2025-03-17T13:44:47.000000,8665.679749999978,-2723.006999999898,5942.672750000071
2025-03-17T13:44:52.000000,8665.679749999978,-2715.528749999897,5950.151000000072
2025-03-17T13:45:02.000000,8665.679749999978,-2693.0602499998963,5972.619500000073
2025-03-17T13:45:07.000000,8665.679749999978,-2670.5917499998955,5995.088000000073
2025-03-17T13:45:12.000000,8665.679749999978,-2648.1232499998946,6017.556500000074
2025-03-17T13:45:17.000000,8665.679749999978,-2625.6547499998937,6040.025000000075
2025-03-17T13:45:17.000000,8665.679749999978,-2635.351199999893,6030.328550000076
2025-03-17T13:45:22.000000,8665.679749999978,-2627.872949999892,6037.806800000077
2025-03-17T13:45:27.000000,8665.679749999978,-2620.394699999891,6045.285050000078
2025-03-17T13:45:32.000000,8665.679749999978,-2612.91644999989,6052.763300000079
2025-03-17T13:45:37.000000,8665.679749999978,-2605.438199999889,6060.24155000008
2025-03-17T13:45:37.000000,8665.679749999978,-2609.1337499998886,6056.54600000008
2025-03-17T13:45:42.000000,8665.679749999978,-2601.6554999998875,6064.024250000081
2025-03-17T13:45:47.000000,8665.679749999978,-2594.1772499998865,6071.502500000082
2025-03-17T13:45:52.000000,8665.679749999978,-2586.6989999998855,6078.980750000083
2025-03-17T13:46:02.000000,8665.679749999978,-2579.2207499998844,6086.459000000084
2025-03-17T13:46:02.000000,8665.679749999978,-2570.9216999998844,6094.758050000085
2025-03-17T13:46:07.000000,8665.679749999978,-2563.4434499998833,6102.236300000086
2025-03-17T13:46:17.000000,8665.679749999978,-2555.1491999998843,6110.530550000085
2025-03-17T13:46:22.000000,8665.679749999978,-2552.855849999885,6112.823900000084
2025-03-17T13:46:27.000000,8665.679749999978,-2559.563849999885,6106.115900000084
2025-03-17T13:46:32.000000,8665.679749999978,-2543.4578499998856,6122.221900000084
2025-03-17T13:46:32.000000,8665.679749999978,-2550.1682499998856,6115.511500000084
2025-03-17T13:46:42.000000,8665.679749999978,-2568.8804499998855,6096.799300000084
2025-03-17T13:46:47.000000,8665.679749999978,-2561.4021999998845,6104.277550000085
2025-03-17T13:46:47.000000,8665.679749999978,-2529.3001999998855,6136.379550000084
2025-03-17T13:46:47.000000,8665.679749999978,-2542.0138999998867,6123.665850000083
2025-03-17T13:46:52.000000,8665.679749999978,-2534.5356499998857,6131.144100000084
2025-03-17T13:46:52.000000,8665.679749999978,-2498.442649999886,6167.237100000084
2025-03-17T13:46:57.000000,8665.679749999978,-2490.964399999885,6174.715350000085
2025-03-17T13:46:57.000000,8665.679749999978,-2503.6756999998847,6162.004050000085
2025-03-17T13:47:02.000000,8665.679749999978,-2519.389849999885,6146.289900000084
2025-03-17T13:47:07.000000,8665.679749999978,-2535.103999999885,6130.575750000084
2025-03-17T13:47:12.000000,8665.679749999978,-2527.625749999884,6138.054000000085
2025-03-17T13:47:12.000000,8665.679749999978,-2540.3394499998853,6125.3403000000835
2025-03-17T13:47:17.000000,8665.679749999978,-2512.2444499998855,6153.435300000084
2025-03-17T13:47:17.000000,8665.679749999978,-2530.9566499998855,6134.723100000084
2025-03-17T13:47:22.000000,8665.679749999978,-2514.857049999886,6150.822700000083
2025-03-17T13:47:22.000000,8665.679749999978,-2530.571199999886,6135.108550000083
2025-03-17T13:47:27.000000,8665.679749999978,-2546.2853499998864,6119.394400000082
2025-03-17T13:47:32.000000,8665.679749999978,-2538.8070999998854,6126.872650000083
2025-03-17T13:47:32.000000,8665.679749999978,-2554.5212499998856,6111.158500000082
2025-03-17T13:47:37.000000,8665.679749999978,-2570.235399999886,6095.444350000082
2025-03-17T13:47:42.000000,8665.679749999978,-2562.757149999885,6102.922600000083
2025-03-17T13:47:42.000000,8665.679749999978,-2546.6575499998853,6119.022200000082
2025-03-17T13:47:42.000000,8665.679749999978,-2562.3716999998855,6103.3080500000815
2025-03-17T13:47:47.000000,8665.679749999978,-2578.085849999886,6087.593900000081
2025-03-17T13:47:52.000000,8665.679749999978,-2565.986849999887,6099.69290000008
2025-03-17T13:47:52.000000,8665.679749999978,-2581.7009999998872,6083.978750000079
2025-03-17T13:47:57.000000,8665.679749999978,-2573.5993999998877,6092.080350000079
2025-03-17T13:48:02.000000,8665.679749999978,-2569.498399999887,6096.18135000008
2025-03-17T13:48:02.000000,8665.679749999978,-2591.2110499998876,6074.4687000000795
2025-03-17T13:48:07.000000,8665.679749999978,-2612.926099999888,6052.75365000008
2025-03-17T13:48:12.000000,8665.679749999978,-2634.641149999888,6031.03860000008
2025-03-17T13:48:17.000000,8665.679749999978,-2650.3576999998886,6015.32205000008
2025-03-17T13:50:12.000000,8665.679749999978,-2573.485099999889,6092.1946500000795
2025-03-17T13:53:02.000000,8665.679749999978,-2574.204199999889,6091.475550000079
2025-03-17T13:53:22.000000,8665.679749999978,-2583.9246499998894,6081.7551000000785
2025-03-17T13:54:02.000000,8665.679749999978,-2575.55104999989,6090.128700000078
2025-03-17T13:54:07.000000,8665.679749999978,-2567.1774499998905,6098.502300000078
2025-03-17T13:54:22.000000,8665.679749999978,-2567.903749999891,6097.776000000078
2025-03-17T13:54:27.000000,8665.679749999978,-2562.6339499998912,6103.045800000078
2025-03-17T13:54:32.000000,8665.679749999978,-2569.358749999891,6096.321000000078
2025-03-17T13:54:37.000000,8665.679749999978,-2573.0854999998905,6092.594250000078
2025-03-17T13:54:42.000000,8665.679749999978,-2570.81614999989,6094.863600000079
2025-03-17T13:54:47.000000,8665.679749999978,-2571.54484999989,6094.134900000078
2025-03-17T13:54:57.000000,8665.679749999978,-2575.2715999998895,6090.408150000078
2025-03-17T13:55:02.000000,8665.679749999978,-2576.0002999998896,6089.679450000078
2025-03-17T13:55:07.000000,8665.679749999978,-2573.72854999989,6091.951200000077
2025-03-17T13:55:17.000000,8665.679749999978,-2574.4548499998905,6091.224900000077
2025-03-17T13:55:22.000000,8665.679749999978,-2578.179199999891,6087.500550000076
2025-03-17T13:55:27.000000,8665.679749999978,-2578.903099999891,6086.776650000076
2025-03-17T13:55:32.000000,8665.679749999978,-2582.6250499998905,6083.054700000077
2025-03-17T13:55:47.000000,8665.679749999978,-2658.57124999989,6007.108500000078
2025-03-17T13:55:57.000000,8665.679749999978,-2602.5232499998897,6063.156500000077
2025-03-17T13:56:02.000000,8665.679749999978,-2570.4660499998904,6095.213700000077
2025-03-17T13:56:07.000000,8665.679749999978,-2546.403649999891,6119.2761000000755
2025-03-17T13:56:27.000000,8665.679749999978,-2543.101999999891,6122.577750000075
2025-03-17T13:56:47.000000,8665.679749999978,-2583.0523999998904,6082.627350000075
2025-03-17T13:58:52.000000,8665.679749999978,-2581.6470499998904,6084.032700000075
2025-03-17T14:05:37.000000,8628.163249999976,-2581.6470499998904,6046.516200000075
2025-03-17T14:05:42.000000,8605.636999999977,-2581.6470499998904,6023.989950000075
2025-03-17T14:06:57.000000,8605.636999999977,-2539.6956999998915,6065.941300000074
2025-03-17T14:07:07.000000,8605.636999999977,-2504.7453999998925,6100.891600000074
2025-03-17T14:07:07.000000,8605.636999999977,-2469.7950999998934,6135.841900000073
2025-03-17T14:07:12.000000,8605.636999999977,-2420.8482999998946,6184.788700000072
2025-03-17T14:07:17.000000,8605.636999999977,-2364.9060499998945,6240.730950000072
2025-03-17T14:07:27.000000,8605.636999999977,-2400.087849999895,6205.549150000072
2025-03-17T14:07:27.000000,8605.636999999977,-2358.142099999896,6247.494900000071
2025-03-17T14:07:37.000000,8605.636999999977,-2323.191799999897,6282.44520000007
2025-03-17T14:07:42.000000,8605.636999999977,-2288.2414999998978,6317.39550000007
2025-03-17T14:07:47.000000,8605.636999999977,-2253.2911999998987,6352.345800000069
2025-03-17T14:07:52.000000,8605.636999999977,-2218.3408999998996,6387.296100000069
2025-03-17T14:07:57.000000,8605.636999999977,-2197.3870999999003,6408.249900000068
2025-03-17T14:08:02.000000,8605.636999999977,-2183.428749999901,6422.208250000068
2025-03-17T14:08:12.000000,8605.636999999977,-2155.4794999999017,6450.157500000068
2025-03-17T14:08:22.000000,8605.636999999977,-2148.522199999902,6457.114800000068
2025-03-17T14:08:27.000000,8605.636999999977,-2141.5648999999025,6464.072100000068
2025-03-17T14:08:37.000000,8605.636999999977,-2127.612149999903,6478.024850000067
2025-03-17T14:08:42.000000,8605.636999999977,-2134.389749999903,6471.247250000067
2025-03-17T14:08:47.000000,8605.636999999977,-2144.1677999999024,6461.469200000068
2025-03-17T14:08:52.000000,8605.636999999977,-2150.9429999999024,6454.694000000068
2025-03-17T14:09:02.000000,8605.636999999977,-2163.7166999999035,6441.920300000067
2025-03-17T14:09:12.000000,8605.636999999977,-2179.486049999904,6426.150950000067
2025-03-17T14:09:47.000000,8643.083749999976,-2179.486049999904,6463.597700000066
2025-03-17T14:09:57.000000,8643.083749999976,-2174.674649999905,6468.409100000064
2025-03-17T14:10:07.000000,8643.083749999976,-2173.860649999905,6469.223100000064
2025-03-17T14:10:12.000000,8643.083749999976,-2177.044049999906,6466.039700000063
2025-03-17T14:10:27.000000,8643.083749999976,-2180.224249999905,6462.859500000063
2025-03-17T14:11:02.000000,8643.083749999976,-2227.859049999906,6415.2247000000625
2025-03-17T14:11:57.000000,8643.083749999976,-2222.750049999906,6420.333700000062
2025-03-17T14:12:02.000000,8643.083749999976,-2220.6390999999057,6422.444650000062
2025-03-17T14:12:07.000000,8643.083749999976,-2218.5281499999055,6424.555600000062
2025-03-17T14:12:12.000000,8643.083749999976,-2216.4147999999063,6426.668950000062
2025-03-17T14:13:07.000000,8643.083749999976,-2175.604399999906,6467.479350000062
2025-03-17T14:14:42.000000,8650.537999999975,-2175.604399999906,6474.933600000062
2025-03-17T14:14:52.000000,8650.537999999975,-2143.4575999999056,6507.080400000063
2025-03-17T14:14:57.000000,8650.537999999975,-2111.310799999905,6539.227200000063
2025-03-17T14:15:02.000000,8650.537999999975,-2079.1639999999047,6571.3740000000635
2025-03-17T14:15:07.000000,8650.537999999975,-2039.0159999999044,6611.522000000064
2025-03-17T14:15:12.000000,8650.537999999975,-2006.8691999999037,6643.668800000064
2025-03-17T14:15:17.000000,8650.537999999975,-1966.7211999999033,6683.816800000064
2025-03-17T14:15:22.000000,8650.537999999975,-1926.573199999903,6723.964800000064
2025-03-17T14:15:27.000000,8650.537999999975,-1886.4251999999026,6764.112800000064
2025-03-17T14:15:32.000000,8650.537999999975,-1854.278399999902,6796.259600000065
2025-03-17T14:15:37.000000,8650.537999999975,-1822.1315999999013,6828.406400000065
2025-03-17T14:15:42.000000,8650.537999999975,-1797.979599999902,6852.5584000000645
2025-03-17T14:15:47.000000,8650.537999999975,-1765.8263999999028,6884.711600000063
2025-03-17T14:15:52.000000,8650.537999999975,-1733.6731999999038,6916.864800000062
2025-03-17T14:16:02.000000,8650.537999999975,-1701.5199999999047,6949.018000000061
2025-03-17T14:16:27.000000,8650.537999999975,-1693.159199999905,6957.37880000006
2025-03-17T14:16:32.000000,8650.537999999975,-1637.295349999905,7013.24265000006
2025-03-17T14:16:37.000000,8650.537999999975,-1581.4258999999051,7069.11210000006
2025-03-17T14:16:47.000000,8650.537999999975,-1546.5315999999048,7104.00640000006
2025-03-17T14:16:52.000000,8650.537999999975,-1525.6281999999053,7124.9098000000595
2025-03-17T14:23:17.000000,8650.537999999975,-1533.1641999999053,7117.373800000059
2025-03-17T14:25:47.000000,8650.537999999975,-1555.702449999905,7094.83555000006
2025-03-17T14:26:12.000000,8650.537999999975,-1556.606349999905,7093.93165000006
2025-03-17T14:26:22.000000,8650.537999999975,-1579.1445999999046,7071.39340000006
2025-03-17T14:26:37.000000,8650.537999999975,-1601.6828499999042,7048.85515000006
2025-03-17T14:26:52.000000,8650.537999999975,-1624.2210999999038,7026.316900000061
2025-03-17T14:27:42.000000,8650.537999999975,-1646.7593499999034,7003.778650000061
2025-03-17T14:29:27.000000,8643.001999999975,-1646.7593499999034,6996.242650000061
2025-03-17T14:29:37.000000,8635.465999999975,-1646.7593499999034,6988.706650000061
2025-03-17T14:29:47.000000,8627.929999999975,-1646.7593499999034,6981.170650000061
2025-03-17T14:29:52.000000,8620.393999999975,-1646.7593499999034,6973.634650000061
2025-03-17T14:30:12.000000,8620.393999999975,-1654.7209499999035,6965.673050000061
2025-03-17T14:30:27.000000,8620.393999999975,-1666.6799499999026,6953.714050000062
2025-03-17T14:30:32.000000,8620.393999999975,-1678.6389499999018,6941.755050000063
2025-03-17T14:36:47.000000,8668.479199999974,-1678.6389499999018,6989.840250000064
2025-03-17T14:36:52.000000,8716.570799999974,-1678.6389499999018,7037.9318500000645
2025-03-17T14:36:57.000000,8716.570799999974,-1716.2754499999012,7000.295350000065
2025-03-17T14:36:57.000000,8764.668799999972,-1716.2754499999012,7048.393350000064
2025-03-17T14:37:02.000000,8828.769199999972,-1716.2754499999012,7112.493750000064
2025-03-17T14:37:07.000000,8908.865599999972,-1716.2754499999012,7192.5901500000655
2025-03-17T14:37:17.000000,9004.964399999972,-1716.2754499999012,7288.688950000066
2025-03-17T14:37:17.000000,9109.064399999972,-1716.2754499999012,7392.7889500000665
2025-03-17T14:37:22.000000,9109.064399999972,-1703.1626999999016,7405.901700000066
2025-03-17T14:37:22.000000,9181.153199999972,-1703.1626999999016,7477.990500000065
2025-03-17T14:37:27.000000,9205.228399999973,-1703.1626999999016,7502.0657000000665
2025-03-17T14:37:32.000000,9213.301199999973,-1703.1626999999016,7510.138500000066
2025-03-17T14:38:02.000000,9173.347599999972,-1703.1626999999016,7470.184900000066
2025-03-17T14:39:17.000000,9173.347599999972,-1676.0422499999024,7497.305350000065
2025-03-17T14:40:17.000000,9173.347599999972,-1628.008249999902,7545.339350000066
2025-03-17T14:40:42.000000,9135.843099999971,-1628.008249999902,7507.834850000065
2025-03-17T14:41:02.000000,9135.843099999971,-1617.6159499999026,7518.227150000064
2025-03-17T14:41:27.000000,9135.843099999971,-1607.223649999903,7528.619450000064
2025-03-17T14:41:37.000000,9135.843099999971,-1596.8313499999035,7539.011750000063
2025-03-17T14:42:07.000000,9135.843099999971,-1586.439049999904,7549.404050000063
2025-03-17T14:42:17.000000,9135.843099999971,-1576.0467499999045,7559.796350000062
2025-03-17T14:42:32.000000,9135.843099999971,-1551.9523499999052,7583.890750000061
2025-03-17T14:42:37.000000,9135.843099999971,-1541.5600499999057,7594.283050000061
2025-03-17T14:42:37.000000,9135.843099999971,-1501.4696499999052,7634.373450000061
2025-03-17T14:42:42.000000,9135.843099999971,-1491.0773499999057,7644.7657500000605
2025-03-17T14:42:42.000000,9135.843099999971,-1450.9869499999052,7684.856150000061
2025-03-17T14:42:47.000000,9135.843099999971,-1402.901749999905,7732.941350000061
2025-03-17T14:42:52.000000,9135.843099999971,-1346.8153499999048,7789.027750000061
2025-03-17T14:43:02.000000,9135.843099999971,-1274.732949999905,7861.1101500000605
2025-03-17T14:43:12.000000,9135.843099999971,-1194.6493499999056,7941.19375000006
2025-03-17T14:43:17.000000,9135.843099999971,-1114.565749999906,8021.27735000006
2025-03-17T14:43:22.000000,9135.843099999971,-1026.4809499999053,8109.362150000061
2025-03-17T14:43:27.000000,9135.843099999971,-938.3961499999045,8197.446950000061
2025-03-17T14:43:32.000000,9135.843099999971,-858.3061499999036,8277.536950000062
2025-03-17T14:43:37.000000,9135.843099999971,-778.2097499999027,8357.633350000062
2025-03-17T14:43:42.000000,9135.843099999971,-698.1133499999017,8437.729750000062
2025-03-17T14:43:47.000000,9135.843099999971,-626.011749999902,8509.831350000062
2025-03-17T14:43:52.000000,9135.843099999971,-553.9037499999023,8581.939350000062
2025-03-17T14:43:57.000000,9135.843099999971,-481.7893499999026,8654.053750000063
2025-03-17T14:44:02.000000,9135.843099999971,-417.6697499999027,8718.173350000063
2025-03-17T14:45:02.000000,9135.843099999971,-406.6222499999031,8729.220850000062
2025-03-18T09:51:17.000000,9135.843099999971,-456.3621499999034,8679.480950000061
2025-03-18T09:51:22.000000,9135.843099999971,-506.0964499999025,8629.746650000063
2025-03-18T09:55:52.000000,9135.843099999971,-528.8506999999022,8606.992400000063
2025-03-18T09:58:37.000000,9135.843099999971,-544.6758999999021,8591.167200000064
2025-03-18T10:01:32.000000,9135.843099999971,-597.4466499999024,8538.396450000064
2025-03-18T10:02:42.000000,9135.843099999971,-588.1002499999028,8547.742850000064
2025-03-18T10:06:02.000000,9135.843099999971,-592.0964499999021,8543.746650000065
2025-03-18T10:06:07.000000,9135.843099999971,-600.0868499999021,8535.756250000064
2025-03-18T10:06:12.000000,9135.843099999971,-596.0850499999017,8539.758050000064
2025-03-18T10:06:22.000000,9135.843099999971,-581.0890999999016,8554.754000000064
2025-03-18T10:06:22.000000,9135.843099999971,-551.8492999999013,8583.993800000066
2025-03-18T10:06:27.000000,9135.843099999971,-539.8513999999017,8595.991700000066
2025-03-18T10:06:32.000000,9135.843099999971,-515.8588999999013,8619.984200000066
2025-03-18T10:06:37.000000,9135.843099999971,-491.8639999999019,8643.979100000066
2025-03-18T10:06:37.000000,9135.843099999971,-462.61939999990165,8673.223700000066
2025-03-18T10:06:42.000000,9135.843099999971,-444.6229999999011,8691.220100000066
2025-03-18T10:06:47.000000,9135.843099999971,-417.62524999990126,8718.217850000066
2025-03-18T10:06:52.000000,9135.843099999971,-393.6255499999019,8742.217550000065
2025-03-18T10:07:02.000000,9135.843099999971,-369.6234499999015,8766.219650000065
2025-03-18T10:07:02.000000,9135.843099999971,-348.61939999990153,8787.223700000064
2025-03-18T10:07:07.000000,9135.843099999971,-320.6139999999016,8815.229100000064
2025-03-18T10:07:12.000000,9135.843099999971,-300.60659999990145,8835.236500000065
2025-03-18T10:10:02.000000,9135.843099999971,-240.58039999990217,8895.262700000063
2025-03-18T10:10:02.000000,9135.843099999971,-164.56459999990182,8971.278500000064
2025-03-18T10:10:07.000000,9135.843099999971,-165.34754999990196,8970.495550000063
2025-03-18T10:12:17.000000,9135.843099999971,-103.13224999990221,9032.710850000063
2025-03-18T10:12:22.000000,9135.843099999971,-33.92149999990261,9101.921600000063
2025-03-18T10:12:52.000000,9135.843099999971,42.273500000098096,9178.116600000065
2025-03-18T10:13:02.000000,9135.843099999971,125.46395000009863,9261.307050000065
2025-03-18T10:13:17.000000,9135.843099999971,194.6523000000995,9330.495400000065
2025-03-18T10:13:27.000000,9135.843099999971,256.8508000001005,9392.693900000066
2025-03-18T10:13:32.000000,9135.843099999971,326.05035000010133,9461.893450000067
2025-03-18T10:13:42.000000,9135.843099999971,395.2499000001022,9531.093000000068
2025-03-18T10:13:47.000000,9135.843099999971,464.449450000103,9600.29255000007
2025-03-18T10:13:52.000000,9135.843099999971,540.6444500001037,9676.48755000007
2025-03-18T10:15:22.000000,9128.137499999972,540.6444500001037,9668.781950000071
2025-03-18T10:15:27.000000,9112.437099999972,540.6444500001037,9653.081550000072
2025-03-18T10:15:32.000000,9088.735499999972,540.6444500001037,9629.379950000071
2025-03-18T10:15:37.000000,9057.032699999972,540.6444500001037,9597.677150000072
2025-03-18T10:16:22.000000,9025.569899999973,540.6444500001037,9566.214350000073
2025-03-18T10:16:52.000000,8993.582149999973,540.6444500001037,9534.226600000073
2025-03-18T10:17:22.000000,8953.903749999972,540.6444500001037,9494.548200000072
2025-03-18T10:18:22.000000,8914.212549999971,540.6444500001037,9454.857000000071
2025-03-18T10:18:27.000000,8866.520149999971,540.6444500001037,9407.164600000071
2025-03-18T10:20:17.000000,8866.520149999971,715.0669500001036,9581.587100000072
2025-03-18T10:20:22.000000,8866.520149999971,847.5055500001043,9714.025700000073
2025-03-18T10:20:27.000000,8866.520149999971,923.969350000105,9790.489500000074
2025-03-18T10:20:32.000000,8866.520149999971,986.442250000106,9852.962400000075
2025-03-18T10:20:37.000000,8866.520149999971,992.9291500001057,9859.449300000075
2025-03-18T10:20:42.000000,8866.520149999971,999.4160500001053,9865.936200000075
2025-03-18T10:21:17.000000,8866.520149999971,1026.6597000001045,9893.179850000073
2025-03-18T10:21:32.000000,8866.520149999971,1145.1074000001042,10011.627550000074
2025-03-18T10:22:02.000000,8866.520149999971,1193.5894000001042,10060.109550000074
2025-03-18T10:22:47.000000,8866.520149999971,1284.0441000001047,10150.564250000074
2025-03-18T10:23:02.000000,8866.520149999971,1269.2702500001049,10135.790400000074
2025-03-18T10:23:07.000000,8866.520149999971,1220.3471500001046,10086.867300000074
2025-03-18T10:23:22.000000,8866.520149999971,1183.4210500001043,10049.941200000074
2025-03-18T10:27:12.000000,8866.520149999971,1151.6734500001035,10018.193600000073
2025-03-18T10:27:27.000000,8866.520149999971,1165.9494000001037,10032.469550000073
2025-03-18T10:27:32.000000,8866.520149999971,1180.2301500001038,10046.750300000072
2025-03-18T10:27:42.000000,8866.520149999971,1197.5113500001044,10064.031500000074
2025-03-18T10:27:47.000000,8866.520149999971,1211.7945000001043,10078.314650000073
2025-03-18T10:28:07.000000,8866.520149999971,1204.3241000001044,10070.844250000073
2025-03-18T10:28:12.000000,8866.520149999971,1196.8537000001045,10063.373850000073
2025-03-18T10:28:12.000000,8890.857749999972,1196.8537000001045,10087.711450000073
2025-03-18T10:28:17.000000,8915.195349999973,1196.8537000001045,10112.049050000074
2025-03-18T10:28:22.000000,8947.534149999974,1196.8537000001045,10144.387850000076
2025-03-18T10:28:27.000000,8971.871749999975,1196.8537000001045,10168.725450000076
2025-03-18T10:28:32.000000,8988.208149999975,1196.8537000001045,10185.061850000076
2025-03-18T10:28:37.000000,9012.545749999976,1196.8537000001045,10209.399450000077
2025-03-18T10:28:42.000000,9028.888549999976,1196.8537000001045,10225.742250000078
2025-03-18T10:28:47.000000,9037.230149999976,1196.8537000001045,10234.083850000077
2025-03-18T10:30:17.000000,9037.230149999976,1211.1368500001045,10248.367000000077
2025-03-18T10:32:22.000000,9037.230149999976,1248.1516000001047,10285.381750000077
2025-03-18T10:33:02.000000,9037.230149999976,1270.164100000104,10307.394250000076
2025-03-18T10:33:12.000000,9037.230149999976,1307.1788500001044,10344.409000000076
2025-03-18T10:33:32.000000,9037.230149999976,1344.2056000001048,10381.435750000077
2025-03-18T10:35:07.000000,9037.230149999976,1294.6505000001046,10331.880650000077
2025-03-18T10:35:07.000000,9029.298149999975,1294.6505000001046,10323.948650000077
2025-03-18T10:35:22.000000,9006.363899999975,1294.6505000001046,10301.014400000076
2025-03-18T10:35:42.000000,8983.429649999975,1294.6505000001046,10278.080150000076
2025-03-18T10:39:02.000000,8983.429649999975,1295.0165000001043,10278.446150000076
2025-03-18T10:40:37.000000,8983.429649999975,1242.4209500001052,10225.850600000078
2025-03-18T10:40:42.000000,8983.429649999975,1198.819550000106,10182.249200000078
2025-03-18T10:40:57.000000,8983.429649999975,1146.2168000001068,10129.64645000008
2025-03-18T10:41:02.000000,8983.429649999975,1093.6212500001077,10077.050900000082
2025-03-18T10:41:42.000000,8983.429649999975,1121.9802500001085,10105.409900000082
2025-03-18T10:42:42.000000,9015.838849999975,1121.9802500001085,10137.819100000082
2025-03-18T10:42:57.000000,9024.257249999975,1121.9802500001085,10146.237500000083
2025-03-18T10:43:02.000000,9008.678449999976,1121.9802500001085,10130.658700000084
2025-03-18T10:43:07.000000,8993.099649999976,1121.9802500001085,10115.079900000084
2025-03-18T10:43:12.000000,8977.520849999977,1121.9802500001085,10099.501100000085
2025-03-18T10:43:17.000000,8953.940849999977,1121.9802500001085,10075.921100000085
2025-03-18T10:44:22.000000,8953.940849999977,1144.028750000108,10097.969600000084
2025-03-18T10:50:57.000000,8961.035099999977,1144.028750000108,10105.063850000084
2025-03-18T10:51:02.000000,8968.129349999977,1144.028750000108,10112.158100000084
2025-03-18T10:51:42.000000,9005.228099999977,1144.028750000108,10149.256850000083
2025-03-18T10:51:52.000000,9042.326849999976,1144.028750000108,10186.355600000083
2025-03-18T10:52:12.000000,9079.425599999975,1144.028750000108,10223.454350000082
2025-03-18T10:52:17.000000,9116.524349999974,1144.028750000108,10260.553100000081
2025-03-18T10:52:32.000000,9153.623099999973,1144.028750000108,10297.65185000008
2025-03-18T10:53:12.000000,9153.623099999973,1178.463850000107,10332.086950000079
2025-03-18T10:54:27.000000,9153.623099999973,1082.809050000106,10236.432150000079
2025-03-18T10:54:32.000000,9153.623099999973,971.1582500001055,10124.781350000078
2025-03-18T10:54:42.000000,9153.623099999973,993.2307500001061,10146.853850000078
2025-03-18T10:54:42.000000,9153.623099999973,897.5887500001052,10051.211850000076
2025-03-18T10:55:07.000000,9153.623099999973,934.6515000001056,10088.274600000077
2025-03-18T10:55:27.000000,9153.623099999973,941.7337500001066,10095.356850000078
2025-03-18T10:55:32.000000,9153.623099999973,963.8182500001074,10117.44135000008
2025-03-18T10:55:37.000000,9153.623099999973,985.9027500001081,10139.52585000008
2025-03-18T10:55:42.000000,9153.623099999973,1007.9872500001088,10161.61035000008
2025-03-18T10:55:47.000000,9153.623099999973,1030.0717500001094,10183.694850000082
2025-03-18T10:58:07.000000,9153.623099999973,1030.3609500001094,10183.984050000081
2025-03-18T10:58:12.000000,9153.623099999973,1030.6501500001093,10184.27325000008
2025-03-18T10:58:17.000000,9153.623099999973,1014.9433500001095,10168.56645000008
2025-03-18T10:58:32.000000,9153.623099999973,1007.0473500001095,10160.67045000008
2025-03-18T11:13:42.000000,9175.743599999974,1007.0473500001095,10182.79095000008
2025-03-18T11:16:32.000000,9175.743599999974,992.4471000001097,10168.190700000081
2025-03-18T11:16:47.000000,9175.743599999974,969.56085000011,10145.304450000081
2025-03-18T11:16:52.000000,9175.743599999974,946.6746000001103,10122.418200000082
2025-03-18T11:16:57.000000,9175.743599999974,923.7883500001107,10099.531950000082
2025-03-18T11:17:07.000000,9175.743599999974,900.902100000111,10076.645700000083
2025-03-18T11:17:22.000000,9175.743599999974,878.0158500001113,10053.759450000083
2025-03-18T11:17:27.000000,9175.743599999974,855.1296000001116,10030.873200000084
2025-03-18T11:17:32.000000,9175.743599999974,817.2411000001123,9992.984700000085
2025-03-18T11:18:07.000000,9175.743599999974,785.5511000001113,9961.294700000084
2025-03-18T11:18:12.000000,9175.743599999974,753.8611000001104,9929.604700000084
2025-03-18T11:18:17.000000,9175.743599999974,722.1647000001094,9897.908300000083
2025-03-18T11:18:27.000000,9175.743599999974,698.4695000001084,9874.21310000008
2025-03-18T11:18:37.000000,9175.743599999974,690.7767000001083,9866.52030000008
2025-03-18T11:18:42.000000,9175.743599999974,683.0839000001083,9858.82750000008
2025-03-18T11:18:42.000000,9175.743599999974,630.2571500001084,9806.00075000008
2025-03-18T11:24:02.000000,9175.743599999974,620.5487000001079,9796.29230000008
2025-03-18T11:24:07.000000,9175.743599999974,616.8387500001085,9792.582350000079
2025-03-18T11:24:52.000000,9175.743599999974,619.1273000001078,9794.870900000078
2025-03-18T11:26:32.000000,9175.743599999974,551.2223000001077,9726.965900000077
2025-03-18T11:26:37.000000,9175.743599999974,483.3173000001076,9659.060900000077
2025-03-18T11:27:02.000000,9175.743599999974,400.41005000010784,9576.153650000077
2025-03-18T11:27:22.000000,9175.743599999974,332.4930500001078,9508.236650000077
2025-03-18T11:27:27.000000,9175.743599999974,264.5760500001078,9440.319650000078
2025-03-18T11:27:32.000000,9175.743599999974,196.65905000010773,9372.402650000078
2025-03-18T11:27:37.000000,9175.743599999974,128.74205000010767,9304.485650000079
2025-03-18T11:27:47.000000,9175.743599999974,60.82505000010761,9236.56865000008
2025-03-18T11:27:52.000000,9175.743599999974,-7.091949999892449,9168.65165000008
2025-03-18T11:27:57.000000,9175.743599999974,-75.00894999989251,9100.73465000008
2025-03-18T11:28:02.000000,9175.743599999974,-127.92369999989288,9047.81990000008
2025-03-18T11:28:07.000000,9175.743599999974,-195.84069999989293,8979.902900000081
2025-03-18T11:28:07.000000,9175.743599999974,-243.77469999989387,8931.96890000008
2025-03-18T11:28:12.000000,9175.743599999974,-311.6916999998939,8864.05190000008
2025-03-18T11:28:17.000000,9175.743599999974,-379.60869999989393,8796.134900000081
2025-03-18T11:28:32.000000,9175.743599999974,-447.52569999989396,8728.217900000081
2025-03-18T11:28:42.000000,9175.743599999974,-515.442699999894,8660.300900000082
2025-03-18T11:28:42.000000,9175.743599999974,-563.3646999998949,8612.378900000082
2025-03-18T11:29:27.000000,9175.743599999974,-631.281699999895,8544.461900000082
2025-03-18T11:30:02.000000,9175.743599999974,-637.915299999895,8537.828300000083
2025-03-18T11:35:07.000000,9175.743599999974,-660.8615499998946,8514.882050000084
2025-03-18T13:00:12.000000,9175.743599999974,-659.4907499998948,8516.252850000084
2025-03-18T13:00:22.000000,9175.743599999974,-654.1161499998943,8521.627450000085
2025-03-18T13:00:22.000000,9175.743599999974,-737.0353999998954,8438.708200000085
2025-03-18T13:00:42.000000,9175.743599999974,-699.8486499998954,8475.894950000085
2025-03-18T13:00:47.000000,9175.743599999974,-662.6578999998954,8513.085700000085
2025-03-18T13:00:57.000000,9175.743599999974,-630.4638999998945,8545.279700000086
2025-03-18T13:01:17.000000,9175.743599999974,-668.4003999998938,8507.343200000087
2025-03-18T13:01:22.000000,9175.743599999974,-706.3368999998931,8469.406700000087
2025-03-18T13:01:27.000000,9175.743599999974,-744.2733999998925,8431.470200000087
2025-03-18T13:01:32.000000,9175.743599999974,-782.2098999998918,8393.533700000087
2025-03-18T13:01:37.000000,9175.743599999974,-820.1463999998912,8355.597200000087
2025-03-18T13:01:42.000000,9175.743599999974,-843.0806499998909,8332.662950000087
2025-03-18T13:01:47.000000,9175.743599999974,-851.0246499998908,8324.718950000088
2025-03-18T13:01:52.000000,9175.743599999974,-858.9686499998908,8316.774950000088
2025-03-18T13:01:57.000000,9175.743599999974,-866.9126499998907,8308.830950000089
2025-03-18T13:02:02.000000,9175.743599999974,-859.854399999891,8315.889200000089
2025-03-18T13:02:07.000000,9175.743599999974,-852.7961499998913,8322.947450000089
2025-03-18T13:02:12.000000,9175.743599999974,-830.735649999892,8345.007950000088
2025-03-18T13:02:17.000000,9175.743599999974,-808.6751499998926,8367.068450000088
2025-03-18T13:02:22.000000,9175.743599999974,-786.6146499998932,8389.128950000088
2025-03-18T13:02:27.000000,9175.743599999974,-764.5541499998939,8411.189450000087
2025-03-18T13:02:32.000000,9175.743599999974,-727.4913999998935,8448.252200000088
2025-03-18T13:02:37.000000,9175.743599999974,-690.4286499998931,8485.314950000089
2025-03-18T13:02:42.000000,9175.743599999974,-653.3658999998927,8522.37770000009
2025-03-18T13:02:47.000000,9175.743599999974,-631.3053999998933,8544.43820000009
2025-03-18T13:02:52.000000,9175.743599999974,-594.2426499998929,8581.50095000009
2025-03-18T13:02:57.000000,9175.743599999974,-557.1798999998925,8618.563700000092
2025-03-18T13:03:02.000000,9175.743599999974,-520.1171499998921,8655.626450000093
2025-03-18T13:03:07.000000,9175.743599999974,-498.0446499998915,8677.698950000093
2025-03-18T13:03:12.000000,9175.743599999974,-460.9818999998911,8714.761700000094
2025-03-18T13:03:17.000000,9175.743599999974,-423.9191499998907,8751.824450000095
2025-03-18T13:03:22.000000,9175.743599999974,-386.8563999998903,8788.887200000096
2025-03-18T13:03:27.000000,9175.743599999974,-349.7936499998899,8825.949950000097
2025-03-18T13:03:32.000000,9175.743599999974,-312.7308999998895,8863.012700000098
2025-03-18T13:03:37.000000,9175.743599999974,-275.6681499998891,8900.075450000098
2025-03-18T13:03:42.000000,9175.743599999974,-238.60539999988876,8937.1382000001
2025-03-18T13:03:47.000000,9175.743599999974,-201.5426499998884,8974.2009500001
2025-03-18T13:03:52.000000,9175.743599999974,-164.47989999988803,9011.263700000101
2025-03-18T13:03:57.000000,9175.743599999974,-127.41714999988767,9048.326450000102
2025-03-18T13:04:02.000000,9175.743599999974,-90.3543999998873,9085.389200000103
2025-03-18T13:04:07.000000,9175.743599999974,-38.28939999988725,9137.454200000104
2025-03-18T13:04:12.000000,9175.743599999974,13.775600000112803,9189.519200000104
2025-03-18T13:04:17.000000,9175.743599999974,65.84060000011286,9241.584200000105
2025-03-18T13:04:22.000000,9175.743599999974,117.90560000011291,9293.649200000105
2025-03-18T13:04:27.000000,9175.743599999974,154.96835000011328,9330.711950000106
2025-03-18T13:04:32.000000,9175.743599999974,192.03110000011364,9367.774700000107
2025-03-18T13:04:37.000000,9175.743599999974,229.093850000114,9404.837450000108
2025-03-18T13:04:42.000000,9175.743599999974,266.1566000001144,9441.90020000011
2025-03-18T13:04:47.000000,9175.743599999974,288.22910000011507,9463.97270000011
2025-03-18T13:04:52.000000,9175.743599999974,325.29185000011546,9501.03545000011
2025-03-18T13:04:57.000000,9175.743599999974,362.35460000011585,9538.098200000111
2025-03-18T13:05:02.000000,9175.743599999974,399.41735000011624,9575.160950000112
2025-03-18T13:05:12.000000,9175.743599999974,451.4703500001163,9627.213950000112
2025-03-18T13:05:22.000000,9175.743599999974,503.52335000011635,9679.266950000112
2025-03-18T13:05:27.000000,9175.743599999974,555.5763500001165,9731.319950000112
2025-03-18T13:05:32.000000,9175.743599999974,607.6293500001166,9783.372950000112
2025-03-18T13:05:42.000000,9175.743599999974,659.6823500001167,9835.425950000112
2025-03-18T13:05:47.000000,9175.743599999974,711.7353500001168,9887.478950000112
2025-03-18T13:05:52.000000,9175.743599999974,763.7883500001169,9939.531950000111
2025-03-18T13:05:57.000000,9175.743599999974,815.841350000117,9991.584950000111
2025-03-18T13:06:02.000000,9175.743599999974,867.8943500001171,10043.637950000111
2025-03-18T13:06:07.000000,9175.743599999974,919.9473500001172,10095.690950000111
2025-03-18T13:06:12.000000,9175.743599999974,972.0003500001174,10147.743950000111
2025-03-18T13:06:17.000000,9175.743599999974,1009.0631000001177,10184.806700000112
2025-03-18T13:06:22.000000,9175.743599999974,1046.1258500001181,10221.869450000113
2025-03-18T13:06:27.000000,9175.743599999974,1083.1886000001184,10258.932200000114
2025-03-18T13:06:32.000000,9175.743599999974,1120.2513500001187,10295.994950000115
2025-03-18T13:06:37.000000,9175.743599999974,1157.314100000119,10333.057700000116
2025-03-18T13:06:42.000000,9175.743599999974,1194.3768500001192,10370.120450000117
2025-03-18T13:06:47.000000,9175.743599999974,1216.44935000012,10392.192950000117
2025-03-18T13:06:52.000000,9175.743599999974,1238.5218500001206,10414.265450000117
2025-03-18T13:06:57.000000,9175.743599999974,1260.5943500001213,10436.337950000117
2025-03-18T13:07:02.000000,9175.743599999974,1282.666850000122,10458.410450000118
2025-03-18T13:07:07.000000,9175.743599999974,1289.749100000123,10465.492700000119
2025-03-18T13:07:12.000000,9175.743599999974,1296.831350000124,10472.57495000012
2025-03-18T13:07:17.000000,9175.743599999974,1288.9233500001242,10464.66695000012
2025-03-18T13:07:27.000000,9175.743599999974,1281.0153500001243,10456.758950000121
2025-03-18T13:07:32.000000,9175.743599999974,1273.1073500001244,10448.850950000122
2025-03-18T13:07:37.000000,9175.743599999974,1250.2091000001246,10425.952700000122
2025-03-18T13:12:42.000000,9175.743599999974,1242.3131000001247,10418.056700000121
2025-03-18T13:17:22.000000,9175.743599999974,1232.6382500001253,10408.381850000122
2025-03-18T13:22:47.000000,9175.743599999974,1205.205500000125,10380.949100000122
2025-03-18T13:22:57.000000,9175.743599999974,1197.2975000001252,10373.041100000122
2025-03-18T13:23:42.000000,9175.743599999974,1174.3992500001254,10350.142850000122
2025-03-18T13:23:57.000000,9175.743599999974,1151.5010000001257,10327.244600000122
2025-03-18T13:24:07.000000,9175.743599999974,1128.8907500001246,10304.63435000012
2025-03-18T13:24:22.000000,9175.743599999974,1105.992500000125,10281.73610000012
2025-03-18T13:24:52.000000,9175.743599999974,1159.5071000001258,10335.25070000012
2025-03-18T13:25:57.000000,9175.743599999974,1124.9653000001256,10300.70890000012
2025-03-18T13:26:57.000000,9175.743599999974,1110.4233000001257,10286.16690000012
2025-03-18T13:27:17.000000,9175.743599999974,1099.885100000125,10275.62870000012
2025-03-18T13:27:57.000000,9175.743599999974,1073.3573000001247,10249.10090000012
2025-03-18T13:31:27.000000,9175.743599999974,1057.7401000001248,10233.483700000119
2025-03-18T13:33:02.000000,9175.743599999974,1074.0893000001258,10249.83290000012
2025-03-18T13:33:07.000000,9175.743599999974,1082.443700000127,10258.187300000121
2025-03-18T13:33:12.000000,9175.743599999974,955.6985000001273,10131.442100000122
2025-03-18T13:33:17.000000,9175.743599999974,964.0529000001284,10139.796500000124
2025-03-18T13:33:17.000000,9175.743599999974,837.3149000001277,10013.058500000123
2025-03-18T13:33:22.000000,9175.743599999974,853.6641000001287,10029.407700000123
2025-03-18T13:33:22.000000,9175.743599999974,729.9241500001285,9905.667750000122
2025-03-18T13:33:27.000000,9175.743599999974,738.2785500001296,9914.022150000124
2025-03-18T13:33:32.000000,9175.743599999974,754.6277500001305,9930.371350000125
2025-03-18T13:33:37.000000,9175.743599999974,778.9781500001312,9954.721750000126
2025-03-18T13:33:37.000000,9175.743599999974,664.2419500001314,9839.985550000127
2025-03-18T13:33:42.000000,9175.743599999974,680.5975500001323,9856.341150000128
2025-03-18T13:33:42.000000,9175.743599999974,562.863300000133,9738.606900000128
2025-03-18T13:33:47.000000,9175.743599999974,579.2189000001339,9754.962500000129
2025-03-18T13:33:52.000000,9175.743599999974,603.5693000001346,9779.31290000013
2025-03-18T13:33:57.000000,9175.743599999974,619.9185000001355,9795.66210000013
2025-03-18T13:34:02.000000,9175.743599999974,631.0572000001362,9806.800800000132
2025-03-18T13:34:02.000000,9175.743599999974,655.4076000001369,9831.151200000133
2025-03-18T13:34:02.000000,9175.743599999974,631.7444000001373,9807.488000000134
2025-03-18T13:34:07.000000,9175.743599999974,648.1000000001382,9823.843600000135
2025-03-18T13:34:07.000000,9175.743599999974,624.4368000001385,9800.180400000136
2025-03-18T13:34:12.000000,9175.743599999974,635.5755000001392,9811.319100000137
2025-03-18T13:34:12.000000,9175.743599999974,651.9311000001401,9827.674700000138
2025-03-18T13:34:22.000000,9175.743599999974,669.0707000001406,9844.814300000138
2025-03-18T13:35:17.000000,9175.743599999974,776.1926000001404,9951.936200000138
2025-03-18T13:35:37.000000,9175.743599999974,901.3220000001407,10077.065600000138
2025-03-18T13:37:22.000000,9175.743599999974,898.2346000001414,10073.97820000014
2025-03-18T13:37:32.000000,9175.743599999974,907.1490000001425,10082.892600000141
2025-03-18T13:41:22.000000,9175.743599999974,884.5027500001428,10060.246350000141
2025-03-18T13:41:47.000000,9175.743599999974,846.8662500001434,10022.609850000143
2025-03-18T13:42:17.000000,9157.264999999976,846.8662500001434,10004.131250000144
2025-03-18T13:42:52.000000,9130.785199999977,846.8662500001434,9977.651450000145
2025-03-18T13:43:17.000000,9130.785199999977,838.9582500001434,9969.743450000145
2025-03-18T13:44:12.000000,9130.785199999977,831.0502500001434,9961.835450000146
2025-03-18T13:44:12.000000,9130.785199999977,782.1751500001432,9912.960350000147
2025-03-18T13:46:57.000000,9130.785199999977,774.2671500001431,9905.052350000147
2025-03-18T13:47:22.000000,9130.785199999977,751.3689000001434,9882.154100000147
2025-03-18T13:47:27.000000,9132.938699999977,751.3689000001434,9884.307600000147
2025-03-18T13:47:32.000000,9130.095449999975,751.3689000001434,9881.464350000146
2025-03-18T13:47:37.000000,9130.095449999975,728.4706500001437,9858.566100000146
2025-03-18T13:47:37.000000,9127.252199999974,728.4706500001437,9855.722850000144
2025-03-18T13:47:42.000000,9129.409699999973,728.4706500001437,9857.880350000143
2025-03-18T13:47:47.000000,9129.409699999973,705.572400000144,9834.982100000143
2025-03-18T13:47:47.000000,9141.568699999973,705.572400000144,9847.141100000143
2025-03-18T13:47:57.000000,9141.568699999973,682.6741500001442,9824.242850000142
2025-03-18T13:48:07.000000,9153.731699999973,682.6741500001442,9836.405850000143
2025-03-18T13:48:27.000000,9153.731699999973,659.7759000001445,9813.507600000143
2025-03-18T13:48:42.000000,9153.731699999973,636.8776500001447,9790.609350000143
2025-03-18T13:48:57.000000,9153.731699999973,613.979400000145,9767.711100000142
2025-03-18T13:49:02.000000,9153.731699999973,591.0811500001453,9744.812850000142
2025-03-18T13:49:07.000000,9153.731699999973,568.1829000001455,9721.914600000142
2025-03-18T13:49:12.000000,9153.731699999973,545.2846500001458,9699.016350000142
2025-03-18T13:49:17.000000,9153.731699999973,507.61215000014647,9661.343850000143
2025-03-18T13:49:22.000000,9153.731699999973,469.93965000014714,9623.671350000144
2025-03-18T13:53:07.000000,9153.731699999973,447.04140000014746,9600.773100000144
2025-03-18T13:53:17.000000,9153.731699999973,375.37100000014743,9529.102700000143
2025-03-18T13:53:22.000000,9153.731699999973,352.47275000014776,9506.204450000143
2025-03-18T13:53:27.000000,9153.731699999973,349.68550000014676,9503.417200000142
2025-03-18T13:53:37.000000,9153.731699999973,379.44370000014703,9533.175400000142
2025-03-18T13:54:07.000000,9153.731699999973,387.8429000001481,9541.574600000144
2025-03-18T13:55:27.000000,9153.731699999973,393.88180000014785,9547.613500000143
2025-03-18T13:56:27.000000,9153.731699999973,381.0697000001469,9534.801400000142
2025-03-18T13:56:32.000000,9153.731699999973,365.25955000014653,9518.991250000141
2025-03-18T13:56:42.000000,9153.731699999973,357.3187500001465,9511.05045000014
2025-03-18T13:58:57.000000,9153.731699999973,329.4996000001475,9483.231300000141
2025-03-18T13:59:02.000000,9153.731699999973,292.68390000014705,9446.41560000014
2025-03-18T13:59:07.000000,9153.731699999973,258.8662500001471,9412.597950000141
2025-03-18T13:59:12.000000,9153.731699999973,225.04860000014713,9378.78030000014
2025-03-18T13:59:12.000000,9153.731699999973,241.34020000014803,9395.07190000014
2025-03-18T13:59:22.000000,9153.731699999973,198.52600000014775,9352.25770000014
2025-03-18T13:59:52.000000,9153.731699999973,227.41780000014768,9381.14950000014
2025-03-18T14:02:42.000000,9153.731699999973,234.7520500001487,9388.483750000141
2025-03-18T14:10:22.000000,9153.731699999973,211.9378000001477,9365.66950000014
2025-03-18T14:11:17.000000,9153.731699999973,174.133300000147,9327.86500000014
2025-03-18T14:15:42.000000,9153.731699999973,151.31905000014598,9305.050750000139
2025-03-18T14:16:32.000000,9153.731699999973,128.50480000014497,9282.236500000137
2025-03-18T14:16:47.000000,9153.731699999973,105.69055000014396,9259.422250000136
2025-03-18T14:16:52.000000,9131.005449999973,105.69055000014396,9236.696000000136
2025-03-18T14:17:02.000000,9108.287199999973,105.69055000014396,9213.977750000136
2025-03-18T14:17:07.000000,9100.567199999974,105.69055000014396,9206.257750000137
2025-03-18T14:17:17.000000,9062.846699999973,105.69055000014396,9168.537250000136
2025-03-18T14:17:22.000000,9025.130199999974,105.69055000014396,9130.820750000137
2025-03-18T14:17:32.000000,9025.130199999974,67.88605000014326,9093.016250000137
2025-03-18T14:17:37.000000,9025.130199999974,30.081550000142563,9055.211750000137
2025-03-18T14:17:42.000000,9025.130199999974,-7.72294999985813,9017.407250000137
2025-03-18T14:17:47.000000,9025.130199999974,-45.527449999858824,8979.602750000136
2025-03-18T14:17:52.000000,9025.130199999974,-83.33194999985952,8941.798250000136
2025-03-18T14:18:12.000000,9025.130199999974,-151.12894999985957,8874.001250000136
2025-03-18T14:18:17.000000,9025.130199999974,-218.92594999985963,8806.204250000135
2025-03-18T14:21:22.000000,9025.130199999974,-226.42114999985964,8798.709050000136
2025-03-18T14:21:27.000000,9025.130199999974,-233.91634999985965,8791.213850000137
2025-03-18T14:21:32.000000,9025.130199999974,-241.41154999985966,8783.718650000137
2025-03-18T14:21:42.000000,9025.130199999974,-248.90674999985967,8776.223450000138
2025-03-18T14:21:47.000000,9025.130199999974,-265.3960999998595,8759.734100000138
2025-03-18T14:21:52.000000,9025.130199999974,-281.8854499998593,8743.244750000138
2025-03-18T14:22:32.000000,9025.130199999974,-364.70869999986036,8660.421500000137
2025-03-18T14:22:37.000000,9025.130199999974,-447.5319499998614,8577.598250000136
2025-03-18T14:22:42.000000,9025.130199999974,-460.3704499998613,8564.759750000136
2025-03-18T14:22:42.000000,9025.130199999974,-543.1936999998624,8481.936500000134
2025-03-18T14:23:12.000000,9025.130199999974,-596.0244499998614,8429.105750000135
2025-03-18T14:23:22.000000,9025.130199999974,-648.8551999998605,8376.275000000136
2025-03-18T14:23:27.000000,9025.130199999974,-840.4859999998594,8184.644200000137
2025-03-18T14:23:32.000000,9025.130199999974,-878.3144999998588,8146.815700000137
2025-03-18T14:23:37.000000,9025.130199999974,-916.1429999998581,8108.987200000138
2025-03-18T14:23:42.000000,9025.130199999974,-953.9714999998575,8071.158700000138
2025-03-18T14:23:42.000000,9025.130199999974,-1169.6058999998575,7855.524300000138
2025-03-18T14:23:47.000000,9025.130199999974,-1192.4441499998572,7832.6860500001385
2025-03-18T14:23:47.000000,9025.130199999974,-1424.0809499998568,7601.049250000139
2025-03-18T14:23:52.000000,9025.130199999974,-1446.9191999998566,7578.211000000139
2025-03-18T14:23:57.000000,9025.130199999974,-1454.7671999998565,7570.363000000139
2025-03-18T14:24:12.000000,9025.130199999974,-1447.612949999857,7577.517250000139
2025-03-18T14:24:17.000000,9025.130199999974,-1440.4586999998573,7584.671500000139
2025-03-18T14:24:22.000000,9025.130199999974,-1418.314199999858,7606.816000000138
2025-03-18T14:24:27.000000,9025.130199999974,-1396.1696999998585,7628.9605000001375
2025-03-18T14:24:27.000000,9025.130199999974,-1523.8420999998573,7501.288100000139
2025-03-18T14:24:32.000000,9025.130199999974,-1501.7095999998567,7523.4206000001395
2025-03-18T14:24:32.000000,9025.130199999974,-1645.3843999998567,7379.74580000014
2025-03-18T14:24:37.000000,9025.130199999974,-1623.251899999856,7401.87830000014
2025-03-18T14:24:37.000000,9025.130199999974,-1766.933099999856,7258.19710000014
2025-03-18T14:24:42.000000,9025.130199999974,-1744.8005999998554,7280.329600000141
2025-03-18T14:24:42.000000,9025.130199999974,-1920.467399999856,7104.66280000014
2025-03-18T14:24:47.000000,9025.130199999974,-1883.3446499998556,7141.785550000141
2025-03-18T14:24:52.000000,9025.130199999974,-1846.2218999998552,7178.908300000141
2025-03-18T14:24:57.000000,9025.130199999974,-1794.0968999998552,7231.033300000141
2025-03-18T14:24:57.000000,9025.130199999974,-2025.7400999998547,6999.3901000001415
2025-03-18T14:25:02.000000,9025.130199999974,-1973.6150999998547,7051.5151000001415
2025-03-18T14:25:07.000000,9025.130199999974,-1906.4998499998549,7118.630350000141
2025-03-18T14:25:12.000000,9025.130199999974,-1839.384599999855,7185.745600000141
2025-03-18T14:25:17.000000,9025.130199999974,-1772.2693499998552,7252.860850000141
2025-03-18T14:25:22.000000,9025.130199999974,-1720.1563499998551,7304.973850000141
2025-03-18T14:25:27.000000,9025.130199999974,-1668.043349999855,7357.086850000142
2025-03-18T14:25:32.000000,9025.130199999974,-1615.930349999855,7409.199850000142
2025-03-18T14:25:37.000000,9025.130199999974,-1563.817349999855,7461.312850000142
2025-03-18T14:25:42.000000,9025.130199999974,-1541.6848499998544,7483.445350000143
2025-03-18T14:25:47.000000,9025.130199999974,-1519.5523499998537,7505.577850000143
2025-03-18T14:25:52.000000,9025.130199999974,-1497.419849999853,7527.710350000144
2025-03-18T14:25:57.000000,9025.130199999974,-1475.2873499998525,7549.842850000145
2025-03-18T14:26:02.000000,9025.130199999974,-1468.1570999998514,7556.973100000146
2025-03-18T14:26:07.000000,9025.130199999974,-1461.0268499998504,7564.103350000147
2025-03-18T14:26:12.000000,9025.130199999974,-1453.8965999998493,7571.233600000148
2025-03-18T14:26:17.000000,9025.130199999974,-1431.7640999998487,7593.366100000148
2025-03-18T14:26:17.000000,9025.130199999974,-1430.0635499998484,7595.066650000149
2025-03-18T14:26:22.000000,9025.130199999974,-1407.9310499998478,7617.1991500001495
2025-03-18T14:26:22.000000,9025.130199999974,-1463.6694499998482,7561.460750000149
2025-03-18T14:26:27.000000,9025.130199999974,-1456.5391999998471,7568.59100000015
2025-03-18T14:26:32.000000,9025.130199999974,-1449.408949999846,7575.7212500001515
2025-03-18T14:26:37.000000,9025.130199999974,-1442.278699999845,7582.851500000153
2025-03-18T14:26:37.000000,9025.130199999974,-1585.972699999845,7439.157500000153
2025-03-18T14:26:42.000000,9025.130199999974,-1578.842449999844,7446.287750000154
2025-03-18T14:26:47.000000,9025.130199999974,-1571.7121999998428,7453.418000000155
2025-03-18T14:26:47.000000,9025.130199999974,-1747.391799999842,7277.738400000156
2025-03-18T14:26:52.000000,9025.130199999974,-1740.261549999841,7284.868650000157
2025-03-18T14:26:57.000000,9025.130199999974,-1733.13129999984,7291.998900000158
2025-03-18T14:27:02.000000,9025.130199999974,-1740.9912999998398,7284.138900000158
2025-03-18T14:27:07.000000,9025.130199999974,-1748.8512999998397,7276.2789000001585
2025-03-18T14:27:12.000000,9025.130199999974,-1771.7135499998408,7253.4166500001575
2025-03-18T14:27:17.000000,9025.130199999974,-1794.5757999998418,7230.554400000156
2025-03-18T14:27:22.000000,9025.130199999974,-1817.4380499998429,7207.692150000155
2025-03-18T14:27:27.000000,9025.130199999974,-1840.300299999844,7184.829900000154
2025-03-18T14:27:32.000000,9025.130199999974,-1863.162549999845,7161.967650000153
2025-03-18T14:27:37.000000,9025.130199999974,-1886.024799999846,7139.105400000152
2025-03-18T14:27:42.000000,9025.130199999974,-1893.8847999998459,7131.245400000153
2025-03-18T14:27:47.000000,9025.130199999974,-1916.747049999847,7108.3831500001515
2025-03-18T14:27:52.000000,9025.130199999974,-1939.609299999848,7085.5209000001505
2025-03-18T14:27:57.000000,9025.130199999974,-1962.471549999849,7062.6586500001495
2025-03-18T14:27:57.000000,9025.130199999974,-1980.9091999998507,7044.221000000148
2025-03-18T14:28:02.000000,9025.130199999974,-2003.7714499998517,7021.358750000147
2025-03-18T14:28:12.000000,9025.130199999974,-1963.5210499998514,7061.609150000148
2025-03-18T14:28:22.000000,9025.130199999974,-1971.2458499998513,7053.884350000148
2025-03-18T14:28:27.000000,9025.130199999974,-1978.9770499998513,7046.153150000147
2025-03-18T14:29:17.000000,9025.130199999974,-1970.7442499998515,7054.385950000147
2025-03-18T14:29:27.000000,9025.130199999974,-1978.5010499998516,7046.629150000147
2025-03-18T14:30:12.000000,9025.130199999974,-2002.1386499998528,7022.991550000146
2025-03-18T14:30:12.000000,9025.130199999974,-2027.6653499998524,6997.464850000147
2025-03-18T14:30:17.000000,9025.130199999974,-2062.1861999998537,6962.944000000146
2025-03-18T14:30:42.000000,9025.130199999974,-2060.0392499998534,6965.090950000146
2025-03-18T14:30:47.000000,9025.130199999974,-2057.894699999853,6967.235500000146
2025-03-18T14:31:07.000000,9025.130199999974,-2086.4970499998526,6938.633150000147
2025-03-18T14:31:12.000000,9025.130199999974,-2086.150249999853,6938.979950000147
2025-03-18T14:31:17.000000,9025.130199999974,-2093.798249999853,6931.331950000147
2025-03-18T14:31:32.000000,9025.130199999974,-2119.3249499998524,6905.805250000148
2025-03-18T14:32:07.000000,9025.130199999974,-2135.0893499998524,6890.040850000148
2025-03-18T14:32:22.000000,9025.130199999974,-2142.8733499998525,6882.256850000148
2025-03-18T14:32:52.000000,9025.130199999974,-2122.4963499998516,6902.633850000148
2025-03-18T14:33:17.000000,9025.130199999974,-2140.2818499998516,6884.8483500001485
2025-03-18T14:33:32.000000,9025.130199999974,-2138.07634999985,6887.05385000015
2025-03-18T14:33:37.000000,9025.130199999974,-2125.869349999849,6899.260850000152
2025-03-18T14:33:42.000000,9025.130199999974,-2113.6623499998477,6911.467850000153
2025-03-18T14:34:17.000000,9025.130199999974,-2121.3487499998478,6903.781450000153
2025-03-18T14:34:27.000000,9025.130199999974,-2121.033949999848,6904.096250000153
2025-03-18T14:37:02.000000,9025.130199999974,-2024.7943499998476,7000.335850000154
2025-03-18T14:37:32.000000,9025.130199999974,-2024.4795499998477,7000.650650000154
2025-03-18T14:37:37.000000,9025.130199999974,-2032.1595499998477,6992.970650000154
2025-03-18T14:38:27.000000,9025.130199999974,-2053.629799999848,6971.500400000154
2025-03-18T14:39:02.000000,9025.130199999974,-2226.5145499998484,6798.615650000153
2025-03-18T14:39:07.000000,9025.130199999974,-2384.397049999849,6640.733150000153
2025-03-18T14:39:27.000000,9025.130199999974,-2497.284799999848,6527.845400000154
2025-03-18T14:39:57.000000,9025.130199999974,-2655.1792999998474,6369.950900000154
2025-03-18T14:40:37.000000,9025.130199999974,-2828.100049999848,6197.030150000154
2025-03-18T14:41:27.000000,9025.130199999974,-2896.053049999848,6129.077150000154
2025-03-18T14:41:27.000000,9025.130199999974,-2896.5297499998474,6128.6004500001545
2025-03-18T14:41:47.000000,9025.130199999974,-2904.497749999847,6120.632450000155
2025-03-18T14:42:17.000000,9025.130199999974,-2841.9576499998475,6183.172550000155
2025-03-18T14:42:27.000000,9025.130199999974,-2765.426649999848,6259.703550000154
2025-03-18T14:42:32.000000,9025.130199999974,-2674.893549999849,6350.236650000153
2025-03-18T14:42:37.000000,9025.130199999974,-2584.3716499998486,6440.758550000153
2025-03-18T14:42:52.000000,9025.130199999974,-2690.279299999849,6334.850900000152
2025-03-18T14:42:52.000000,9025.130199999974,-2684.7526999998495,6340.377500000152
2025-03-18T14:43:07.000000,9025.130199999974,-2566.2601999998496,6458.870000000152
2025-03-18T14:43:12.000000,9025.130199999974,-2447.76769999985,6577.362500000151
2025-03-18T14:43:17.000000,9025.130199999974,-2343.2884999998496,6681.841700000151
2025-03-18T14:43:22.000000,9025.130199999974,-2224.8071999998497,6800.32300000015
2025-03-18T14:43:27.000000,9025.130199999974,-2134.3188999998506,6890.8113000001495
2025-03-18T14:43:32.000000,9025.130199999974,-2057.8214999998513,6967.308700000149
2025-03-18T14:43:37.000000,9025.130199999974,-1995.3149999998516,7029.815200000148
2025-03-18T14:43:42.000000,9025.130199999974,-1946.7993999998516,7078.330800000148
2025-03-18T14:43:47.000000,9025.130199999974,-1912.2746999998526,7112.855500000147
2025-03-18T14:43:52.000000,9025.130199999974,-1925.1923999998526,7099.937800000147
2025-03-18T14:43:52.000000,9025.130199999974,-1918.6606999998528,7106.469500000147
2025-03-18T14:43:57.000000,9025.130199999974,-1911.6504499998532,7113.479750000146
2025-03-18T14:44:07.000000,9025.130199999974,-1919.6304499998532,7105.499750000146
2025-03-18T14:44:07.000000,9025.130199999974,-1929.1036999998537,7096.0265000001455
2025-03-18T14:44:27.000000,9025.130199999974,-1938.5841499998542,7086.546050000145
2025-03-18T14:45:02.000000,9025.130199999974,-1960.560649999854,7064.569550000146
2025-03-18T14:45:02.000000,9025.130199999974,-1961.507749999854,7063.622450000145
2025-03-18T14:45:02.000000,9025.130199999974,-1959.4567999998537,7065.673400000146
2025-03-18T14:45:02.000000,9025.130199999974,-1982.0910499998533,7043.039150000146
2025-03-18T14:45:02.000000,9025.130199999974,-2004.725299999853,7020.404900000146
2025-03-18T14:45:02.000000,9025.130199999974,-1942.1963999998532,7082.933800000145
2025-03-18T14:45:02.000000,9025.130199999974,-1879.6674999998534,7145.462700000145
2025-03-18T14:45:02.000000,9025.130199999974,-1817.1385999998536,7207.991600000144
2025-03-18T14:45:02.000000,9025.130199999974,-1768.6005999998536,7256.5296000001445
2025-03-18T14:45:02.000000,9025.130199999974,-1720.0625999998535,7305.067600000145
2025-03-18T14:45:02.000000,9025.130199999974,-1685.515499999853,7339.614700000146
2025-03-18T14:45:02.000000,9025.130199999974,-1648.5007499998528,7376.629450000146
2025-03-18T14:45:02.000000,9025.130199999974,-1626.4762499998521,7398.653950000146
2025-03-18T14:45:02.000000,9025.130199999974,-1604.4517499998515,7420.678450000147
2025-03-18T14:45:02.000000,9025.130199999974,-1658.9365499998514,7366.193650000147
2025-03-18T14:59:55.000000,9025.130199999974,-1666.5749499998515,7358.555250000147
2025-03-19T10:02:42.000000,9062.120949999973,-1666.5749499998515,7395.546000000146
2025-03-19T10:05:12.000000,9049.584199999972,-1666.5749499998515,7383.009250000145
2025-03-19T10:05:37.000000,9051.961699999973,-1666.5749499998515,7385.386750000144
2025-03-19T10:08:32.000000,9051.961699999973,-1690.308549999851,7361.653150000145
2025-03-19T10:08:42.000000,9051.961699999973,-1730.0381499998502,7321.923550000145
2025-03-19T10:08:47.000000,9051.961699999973,-1777.7625499998494,7274.199150000146
2025-03-19T10:08:57.000000,9051.961699999973,-1833.4817499998485,7218.479950000147
2025-03-19T10:10:17.000000,9051.961699999973,-1846.6298499998484,7205.331850000148
2025-03-19T10:11:42.000000,9051.961699999973,-1830.3830499998476,7221.578650000149
2025-03-19T10:11:47.000000,9051.961699999973,-1822.1310499998478,7229.830650000148
2025-03-19T10:11:52.000000,9008.285899999973,-1822.1310499998478,7186.154850000149
2025-03-19T10:12:27.000000,9008.285899999973,-1802.3053999998479,7205.980500000149
2025-03-19T10:12:32.000000,9008.285899999973,-1795.807299999848,7212.478600000149
2025-03-19T10:12:32.000000,9008.285899999973,-1826.4708999998486,7181.815000000148
2025-03-19T10:12:37.000000,9008.285899999973,-1809.643299999848,7198.642600000148
2025-03-19T10:12:37.000000,9008.285899999973,-1789.817649999848,7218.468250000148
2025-03-19T10:12:37.000000,9008.285899999973,-1817.4807999998482,7190.805100000148
2025-03-19T10:12:47.000000,9008.285899999973,-1800.6555999998486,7207.630300000147
2025-03-19T10:12:52.000000,9008.285899999973,-1783.830399999849,7224.4555000001465
2025-03-19T10:12:57.000000,9008.285899999973,-1770.005649999849,7238.280250000146
2025-03-19T10:13:02.000000,9008.285899999973,-1756.180899999849,7252.105000000146
2025-03-19T10:13:07.000000,9008.285899999973,-1754.3483499998488,7253.937550000146
2025-03-19T10:13:27.000000,9008.285899999973,-1764.0183999998492,7244.267500000145
2025-03-19T10:13:32.000000,9008.285899999973,-1782.6849999998499,7225.600900000145
2025-03-19T10:13:42.000000,9008.285899999973,-1801.3539999998495,7206.931900000145
2025-03-19T10:14:17.000000,9008.285899999973,-1821.8751499998493,7186.4107500001455
2025-03-19T10:14:22.000000,9008.285899999973,-1829.4047499998494,7178.881150000146
2025-03-19T10:14:22.000000,9008.285899999973,-1868.8296999998493,7139.456200000146
2025-03-19T10:14:27.000000,9008.285899999973,-1863.3573499998495,7144.928550000146
2025-03-19T10:14:32.000000,9008.285899999973,-1896.8700499998502,7111.415850000146
2025-03-19T10:14:32.000000,9008.285899999973,-1933.2945499998507,7074.991350000146
2025-03-19T10:14:37.000000,9008.285899999973,-1966.8072499998514,7041.4786500001455
2025-03-19T10:14:42.000000,9008.285899999973,-2000.309549999852,7007.9763500001445
2025-03-19T10:14:42.000000,9008.285899999973,-2045.7305999998516,6962.555300000145
2025-03-19T10:14:47.000000,9008.285899999973,-2079.232899999852,6929.053000000144
2025-03-19T10:14:47.000000,9008.285899999973,-2124.651549999853,6883.634350000143
2025-03-19T10:15:37.000000,9008.285899999973,-2119.168799999852,6889.117100000144
2025-03-19T10:15:57.000000,9008.285899999973,-2134.8397499998523,6873.4461500001435
2025-03-19T10:16:22.000000,9008.285899999973,-2051.397299999852,6956.888600000144
2025-03-19T10:16:42.000000,9008.285899999973,-1967.9548499998514,7040.331050000144
2025-03-19T10:16:47.000000,9008.285899999973,-1884.512399999851,7123.773500000145
2025-03-19T10:16:57.000000,9008.285899999973,-1827.06344999985,7181.222450000146
2025-03-19T10:17:07.000000,9008.285899999973,-1795.5975999998498,7212.688300000146
2025-03-19T10:17:22.000000,9008.285899999973,-1764.1317499998495,7244.154150000147
2025-03-19T10:18:02.000000,9008.285899999973,-1706.6723999998496,7301.613500000147
2025-03-19T10:19:27.000000,9008.285899999973,-1950.3775499998505,7057.908350000146
2025-03-19T10:22:22.000000,9008.285899999973,-2098.106699999851,6910.179200000145
2025-03-19T10:22:27.000000,9008.285899999973,-2239.834949999852,6768.450950000144
2025-03-19T10:22:32.000000,9008.285899999973,-2381.565599999852,6626.720300000145
2025-03-19T10:22:37.000000,9008.285899999973,-2517.295349999852,6490.990550000145
2025-03-19T10:22:42.000000,9008.285899999973,-2647.026599999852,6361.259300000145
2025-03-19T10:22:47.000000,9008.285899999973,-2776.753049999852,6231.532850000145
2025-03-19T10:22:57.000000,9008.285899999973,-2891.479649999852,6116.806250000145
2025-03-19T10:23:02.000000,9008.285899999973,-3003.2057999998524,6005.080100000145
2025-03-19T10:23:07.000000,9008.285899999973,-3111.9314999998523,5896.354400000145
2025-03-19T10:23:12.000000,9008.285899999973,-3214.6562999998523,5793.629600000145
2025-03-19T10:23:17.000000,9008.285899999973,-3311.3777999998524,5696.908100000144
2025-03-19T10:23:22.000000,9008.285899999973,-3408.0992999998525,5600.186600000144
2025-03-19T10:23:32.000000,9008.285899999973,-3498.817499999852,5509.468400000144
2025-03-19T10:23:37.000000,9008.285899999973,-3589.530899999851,5418.755000000145
2025-03-19T10:24:07.000000,9008.285899999973,-3620.2784999998507,5388.007400000145
2025-03-19T10:24:47.000000,9008.285899999973,-3498.1159499998507,5510.169950000145
2025-03-19T10:27:12.000000,9008.285899999973,-3545.808349999851,5462.477550000144
2025-03-19T10:27:17.000000,9008.285899999973,-3601.4955499998514,5406.790350000144
2025-03-19T10:27:22.000000,9008.285899999973,-3665.1839499998514,5343.101950000144
2025-03-19T10:28:02.000000,9008.285899999973,-3708.504549999852,5299.781350000144
2025-03-19T10:28:32.000000,9008.285899999973,-3709.8596499998507,5298.426250000145
2025-03-19T10:28:57.000000,9008.285899999973,-3675.2381499998505,5333.047750000145
2025-03-19T10:29:02.000000,9008.285899999973,-3631.62249999985,5376.663400000146
2025-03-19T10:29:07.000000,9008.285899999973,-3582.0083499998495,5426.277550000146
2025-03-19T10:29:17.000000,9008.285899999973,-3520.4043999998494,5487.881500000146
2025-03-19T10:29:17.000000,9008.285899999973,-3455.8023999998486,5552.483500000147
2025-03-19T10:29:27.000000,9008.285899999973,-3385.204299999848,5623.081600000147
2025-03-19T10:29:42.000000,9008.285899999973,-3314.6085999998477,5693.677300000148
2025-03-19T10:29:42.000000,9008.285899999973,-3378.1321999998477,5630.153700000147
2025-03-19T10:29:47.000000,9008.285899999973,-3289.5505999998477,5718.735300000148
2025-03-19T10:29:57.000000,9008.285899999973,-3197.970949999848,5810.314950000147
2025-03-19T10:30:02.000000,9008.285899999973,-3109.389349999848,5898.896550000148
2025-03-19T10:30:22.000000,9008.285899999973,-3062.7756499998472,5945.5102500001485
2025-03-19T10:32:42.000000,9008.285899999973,-2974.138849999847,6034.147050000149
2025-03-19T10:32:42.000000,9008.285899999973,-2885.502049999847,6122.783850000149
2025-03-19T10:32:42.000000,9008.285899999973,-2808.8574499998476,6199.428450000149
2025-03-19T10:33:52.000000,9008.285899999973,-2816.4398499998474,6191.846050000148
2025-03-19T10:33:57.000000,9008.285899999973,-2810.0201499998466,6198.26575000015
2025-03-19T10:34:02.000000,9008.285899999973,-2817.6025499998464,6190.683350000149
2025-03-19T10:34:07.000000,9008.285899999973,-2839.1758499998473,6169.1100500001485
2025-03-19T10:34:12.000000,9008.285899999973,-2860.749149999848,6147.536750000148
2025-03-19T10:34:17.000000,9008.285899999973,-2896.313349999849,6111.972550000147
2025-03-19T10:34:22.000000,9008.285899999973,-2917.8754499998486,6090.410450000147
2025-03-19T10:34:27.000000,9008.285899999973,-2918.6881499998485,6089.597750000146
2025-03-19T10:35:52.000000,9008.285899999973,-3173.787749999849,5834.498150000146
2025-03-19T10:38:02.000000,9008.285899999973,-3167.356849999849,5840.929050000145
2025-03-19T10:39:52.000000,9081.973249999974,-3167.356849999849,5914.616400000145
2025-03-19T10:40:52.000000,9081.973249999974,-3177.1708999998496,5904.8023500001445
2025-03-19T10:46:42.000000,9081.973249999974,-3368.54249999985,5713.430750000144
2025-03-19T10:47:02.000000,9081.973249999974,-3320.31809999985,5761.655150000144
2025-03-19T10:47:12.000000,9081.973249999974,-3230.1097999998506,5851.8634500001435
2025-03-19T10:47:17.000000,9081.973249999974,-3153.892399999851,5928.080850000143
2025-03-19T10:47:22.000000,9081.973249999974,-3091.6658999998513,5990.307350000143
2025-03-19T10:47:27.000000,9081.973249999974,-3057.432399999851,6024.540850000143
2025-03-19T10:47:32.000000,9081.973249999974,-3065.182799999851,6016.790450000143
2025-03-19T10:47:32.000000,9081.973249999974,-3044.848349999851,6037.1249000001435
2025-03-19T10:47:37.000000,9081.973249999974,-3080.5917499998504,6001.381500000144
2025-03-19T10:47:42.000000,9081.973249999974,-3158.31904999985,5923.654200000145
2025-03-19T10:48:52.000000,9081.973249999974,-3291.1875499998505,5790.785700000144
2025-03-19T10:48:57.000000,9081.973249999974,-3427.05409999985,5654.919150000144
2025-03-19T10:49:07.000000,9081.973249999974,-3562.91824999985,5519.055000000144
2025-03-19T10:49:12.000000,9081.973249999974,-3472.7323499998497,5609.240900000144
2025-03-19T10:49:22.000000,9081.973249999974,-3410.52824999985,5671.445000000144
2025-03-19T10:49:27.000000,9081.973249999974,-3390.308049999849,5691.665200000145
2025-03-19T10:49:52.000000,9081.973249999974,-3389.7884499998495,5692.184800000145
2025-03-19T10:49:52.000000,9081.973249999974,-3421.248049999849,5660.725200000145
2025-03-19T10:51:07.000000,9081.973249999974,-3494.1315499998486,5587.8417000001455
2025-03-19T10:51:17.000000,9081.973249999974,-3552.012799999849,5529.960450000145
2025-03-19T10:51:22.000000,9081.973249999974,-3609.8916499998495,5472.081600000145
2025-03-19T10:51:27.000000,9081.973249999974,-3661.7743999998493,5420.198850000145
2025-03-19T10:51:32.000000,9081.973249999974,-3704.6605999998483,5377.312650000146
2025-03-19T10:51:37.000000,9081.973249999974,-3744.546349999848,5337.426900000147
2025-03-19T10:51:42.000000,9081.973249999974,-3778.431199999848,5303.542050000146
2025-03-19T10:51:47.000000,9081.973249999974,-3809.317999999849,5272.655250000146
2025-03-19T10:51:52.000000,9081.973249999974,-3834.2062999998484,5247.766950000147
2025-03-19T10:51:57.000000,9081.973249999974,-3873.683099999848,5208.290150000147
2025-03-19T10:51:57.000000,9081.973249999974,-3886.2758499998486,5195.697400000146
2025-03-19T10:52:07.000000,9081.973249999974,-3896.169099999849,5185.804150000146
2025-03-19T10:52:12.000000,9081.973249999974,-3897.065799999848,5184.907450000147
2025-03-19T10:52:17.000000,9081.973249999974,-3897.962499999847,5184.010750000148
2025-03-19T10:52:22.000000,9081.973249999974,-3892.860699999847,5189.112550000147
2025-03-19T10:52:27.000000,9081.973249999974,-3884.760849999847,5197.212400000148
2025-03-19T10:52:32.000000,9081.973249999974,-3873.6605499998464,5208.312700000149
2025-03-19T10:52:37.000000,9081.973249999974,-3871.559199999846,5210.414050000149
2025-03-19T10:52:42.000000,9081.973249999974,-3878.451999999846,5203.521250000149
2025-03-19T10:52:47.000000,9081.973249999974,-3894.3413499998464,5187.631900000149
2025-03-19T10:52:52.000000,9081.973249999974,-3913.228749999846,5168.744500000149
2025-03-19T10:53:07.000000,9081.973249999974,-3920.128749999846,5161.844500000149
2025-03-19T10:53:37.000000,9081.973249999974,-3891.056949999846,5190.91630000015
2025-03-19T10:53:42.000000,9081.973249999974,-3905.5381499998457,5176.43510000015
2025-03-19T10:53:52.000000,9081.973249999974,-3876.4735499998455,5205.49970000015
2025-03-19T10:53:57.000000,9081.973249999974,-3835.4119499998455,5246.56130000015
2025-03-19T10:54:02.000000,9081.973249999974,-3794.3527499998454,5287.62050000015
2025-03-19T10:54:07.000000,9081.973249999974,-3796.8385499998462,5285.13470000015
2025-03-19T10:54:07.000000,9081.973249999974,-3761.775449999846,5320.19780000015
2025-03-19T10:54:12.000000,9081.973249999974,-3726.714749999846,5355.25850000015
2025-03-19T10:54:17.000000,9081.973249999974,-3729.2005499998468,5352.77270000015
2025-03-19T10:54:17.000000,9081.973249999974,-3694.1374499998465,5387.83580000015
2025-03-19T10:54:22.000000,9081.973249999974,-3662.072399999846,5419.900850000151
2025-03-19T10:54:27.000000,9081.973249999974,-3639.0038999998455,5442.969350000151
2025-03-19T10:54:32.000000,9081.973249999974,-3618.9334499998454,5463.039800000151
2025-03-19T10:54:37.000000,9081.973249999974,-3604.8590999998455,5477.114150000151
2025-03-19T10:54:42.000000,9081.973249999974,-3599.7788999998456,5482.194350000151
2025-03-19T10:54:47.000000,9081.973249999974,-3600.6947999998456,5481.278450000151
2025-03-19T10:54:52.000000,9081.973249999974,-3595.1857999998465,5486.78745000015
2025-03-19T10:54:57.000000,9081.973249999974,-3608.0914999998463,5473.88175000015
2025-03-19T10:55:02.000000,9081.973249999974,-3602.582499999847,5479.390750000149
2025-03-19T10:55:17.000000,9081.973249999974,-3597.073499999848,5484.899750000148
2025-03-19T10:55:22.000000,9081.973249999974,-3595.5618999998483,5486.411350000148
2025-03-19T10:55:27.000000,9081.973249999974,-3590.052899999849,5491.920350000147
2025-03-19T10:56:12.000000,9081.973249999974,-3557.9686499998493,5524.004600000147
2025-03-19T10:56:32.000000,9081.973249999974,-3537.874199999849,5544.099050000146
2025-03-19T11:03:02.000000,9081.973249999974,-3478.6106999998497,5603.362550000146
2025-03-19T11:03:07.000000,9081.973249999974,-3431.3369999998486,5650.636250000147
2025-03-19T11:04:07.000000,9081.973249999974,-3425.0852999998488,5656.887950000147
2025-03-19T11:04:17.000000,9081.973249999974,-3432.8244999998487,5649.148750000147
2025-03-19T11:04:22.000000,9081.973249999974,-3440.5636999998487,5641.409550000147
2025-03-19T11:04:37.000000,9081.973249999974,-3462.3049999998484,5619.668250000147
2025-03-19T11:05:02.000000,9081.973249999974,-3470.0441999998484,5611.929050000147
2025-03-19T11:05:12.000000,9081.973249999974,-3461.792199999849,5620.181050000147
2025-03-19T11:05:22.000000,9081.973249999974,-3461.534999999849,5620.438250000147
2025-03-19T11:06:02.000000,9081.973249999974,-3477.4387499998484,5604.534500000147
2025-03-19T11:06:07.000000,9081.973249999974,-3493.342499999848,5588.630750000148
2025-03-19T11:07:07.000000,9081.973249999974,-3487.079599999848,5594.893650000147
2025-03-19T11:15:52.000000,9081.973249999974,-3524.7480999998475,5557.225150000148
2025-03-19T11:16:02.000000,9081.973249999974,-3592.405099999848,5489.568150000147
2025-03-19T11:16:07.000000,9081.973249999974,-3620.248249999848,5461.725000000148
2025-03-19T11:17:52.000000,9081.973249999974,-3612.0154499998484,5469.9578000001475
2025-03-19T11:18:07.000000,9116.273949999973,-3612.0154499998484,5504.258500000146
2025-03-19T11:18:07.000000,9116.273949999973,-3627.7734499998483,5488.5005000001465
2025-03-19T11:18:12.000000,9116.273949999973,-3659.527449999849,5456.746500000146
2025-03-19T11:18:17.000000,9150.574649999973,-3659.527449999849,5491.047200000145
2025-03-19T11:18:17.000000,9150.574649999973,-3617.223949999848,5533.3507000001455
2025-03-19T11:18:17.000000,9150.574649999973,-3640.9767499998493,5509.597900000144
2025-03-19T11:18:22.000000,9150.574649999973,-3712.711149999849,5437.863500000144
2025-03-19T11:18:32.000000,9170.873249999973,-3712.711149999849,5458.162100000143
2025-03-19T11:18:37.000000,9170.873249999973,-3668.5986999998495,5502.274550000143
2025-03-19T11:18:42.000000,9170.873249999973,-3612.496449999849,5558.376800000143
2025-03-19T11:18:52.000000,9170.873249999973,-3530.214949999849,5640.658300000143
2025-03-19T11:19:02.000000,9170.873249999973,-3453.7679499998494,5717.105300000142
2025-03-19T11:19:02.000000,9170.873249999973,-3356.484199999849,5814.389050000143
2025-03-19T11:19:07.000000,9170.873249999973,-3294.033699999849,5876.8395500001425
2025-03-19T11:19:07.000000,9170.873249999973,-3191.7531999998496,5979.120050000142
2025-03-19T11:19:17.000000,9170.873249999973,-3159.628149999849,6011.245100000143
2025-03-19T11:19:17.000000,9170.873249999973,-3111.168549999849,6059.704700000143
2025-03-19T11:19:17.000000,9170.873249999973,-3174.914549999849,5995.958700000143
2025-03-19T11:19:22.000000,9170.873249999973,-3133.4559999998487,6037.417250000143
2025-03-19T11:19:27.000000,9170.873249999973,-3116.323599999849,6054.549650000143
2025-03-19T11:19:27.000000,9170.873249999973,-3108.0331999998493,6062.840050000143
2025-03-19T11:19:27.000000,9170.873249999973,-3073.570099999849,6097.3031500001425
2025-03-19T11:19:32.000000,9170.873249999973,-3025.104899999849,6145.768350000142
2025-03-19T11:22:12.000000,9170.873249999973,-3032.8104999998486,6138.062750000142
2025-03-19T11:22:17.000000,9170.873249999973,-3026.5139999998487,6144.359250000141
2025-03-19T11:22:47.000000,9170.873249999973,-3020.2174999998488,6150.655750000141
2025-03-19T11:24:22.000000,9170.873249999973,-3003.989899999849,6166.88335000014
2025-03-19T13:02:27.000000,9170.873249999973,-3039.6884999998497,6131.1847500001395
2025-03-19T13:02:27.000000,9108.008999999973,-3039.6884999998497,6068.32050000014
2025-03-19T13:05:42.000000,9108.008999999973,-3033.4031999998488,6074.605800000141
2025-03-19T13:05:47.000000,9108.008999999973,-3013.126999999848,6094.8820000001415
2025-03-19T13:05:52.000000,9108.008999999973,-3006.841699999847,6101.167300000143
2025-03-19T13:05:57.000000,9108.008999999973,-3000.5563999998462,6107.452600000144
2025-03-19T13:06:02.000000,9108.008999999973,-2994.2710999998453,6113.737900000146
2025-03-19T13:06:07.000000,9108.008999999973,-2987.9857999998444,6120.023200000147
2025-03-19T13:06:12.000000,9108.008999999973,-2981.7004999998435,6126.308500000148
2025-03-19T13:06:17.000000,9108.008999999973,-2979.546349999843,6128.462650000149
2025-03-19T13:06:22.000000,9108.008999999973,-2987.251949999843,6120.757050000148
2025-03-19T13:06:22.000000,9108.008999999973,-2982.097349999843,6125.911650000148
2025-03-19T13:06:27.000000,9108.008999999973,-2989.802949999843,6118.206050000148
2025-03-19T13:06:32.000000,9108.008999999973,-2983.517649999842,6124.491350000149
2025-03-19T13:06:42.000000,9108.008999999973,-2966.3732499998414,6141.6357500001495
2025-03-19T13:06:47.000000,9108.008999999973,-2960.0767499998415,6147.932250000149
2025-03-19T13:07:02.000000,9108.008999999973,-2939.9366999998415,6168.072300000149
2025-03-19T13:07:07.000000,9108.008999999973,-2910.8024999998424,6197.2065000001485
2025-03-19T13:07:12.000000,9108.008999999973,-2884.6663499998426,6223.342650000149
2025-03-19T13:07:17.000000,9108.008999999973,-2873.520449999843,6234.488550000148
2025-03-19T13:07:27.000000,9108.008999999973,-2862.3769499998425,6245.632050000149
2025-03-19T13:07:32.000000,9108.008999999973,-2866.230899999842,6241.77810000015
2025-03-19T13:07:37.000000,9108.008999999973,-2873.082899999842,6234.92610000015
2025-03-19T13:07:42.000000,9108.008999999973,-2866.786399999842,6241.222600000149
2025-03-19T13:07:42.000000,9108.008999999973,-2873.638399999842,6234.370600000149
2025-03-19T13:07:47.000000,9108.008999999973,-2880.490399999842,6227.5186000001495
2025-03-19T13:07:52.000000,9108.008999999973,-2887.339999999842,6220.66900000015
2025-03-19T13:07:57.000000,9108.008999999973,-2900.1856999998417,6207.82330000015
2025-03-19T13:08:07.000000,9108.008999999973,-2907.8800999998416,6200.12890000015
2025-03-19T13:08:22.000000,9108.008999999973,-2914.7248999998415,6193.28410000015
2025-03-19T13:08:32.000000,9108.008999999973,-2896.2089999998407,6211.80000000015
2025-03-19T13:08:32.000000,9108.008999999973,-2903.9033999998405,6204.10560000015
2025-03-19T13:08:37.000000,9108.008999999973,-2872.39594999984,6235.61305000015
2025-03-19T13:08:52.000000,9108.008999999973,-2827.88654999984,6280.12245000015
2025-03-19T13:08:57.000000,9108.008999999973,-2770.3751999998403,6337.63380000015
2025-03-19T13:09:02.000000,9108.008999999973,-2712.8638499998406,6395.145150000149
2025-03-19T13:10:22.000000,9108.008999999973,-2720.5582499998404,6387.450750000149
2025-03-19T13:10:32.000000,9108.008999999973,-2728.0358499998406,6379.973150000149
2025-03-19T13:10:42.000000,9108.008999999973,-2749.73234999984,6358.276650000149
2025-03-19T13:10:52.000000,9108.008999999973,-2771.4288499998397,6336.580150000149
2025-03-19T13:11:02.000000,9108.008999999973,-2793.1253499998393,6314.883650000149
2025-03-19T13:11:07.000000,9108.008999999973,-2814.821849999839,6293.187150000149
2025-03-19T13:11:12.000000,9108.008999999973,-2867.340599999839,6240.668400000149
2025-03-19T13:11:12.000000,9108.008999999973,-2889.0370999998386,6218.971900000149
2025-03-19T13:11:17.000000,9108.008999999973,-2910.733599999838,6197.275400000149
2025-03-19T13:11:22.000000,9108.008999999973,-2932.4300999998377,6175.578900000149
2025-03-19T13:11:32.000000,9108.008999999973,-2954.1265999998373,6153.882400000149
2025-03-19T13:11:47.000000,9108.008999999973,-3003.8160999998377,6104.192900000148
2025-03-19T13:11:52.000000,9108.008999999973,-3053.505599999838,6054.503400000148
2025-03-19T13:12:57.000000,9108.008999999973,-3063.3532499998373,6044.655750000148
2025-03-19T13:13:22.000000,9108.008999999973,-3073.2008999998366,6034.808100000148
2025-03-19T13:13:27.000000,9108.008999999973,-3145.667449999836,5962.341550000148
2025-03-19T13:13:27.000000,9108.008999999973,-3164.509249999836,5943.499750000148
2025-03-19T13:13:47.000000,9108.008999999973,-3242.2029499998357,5865.806050000148
2025-03-19T13:13:47.000000,9108.008999999973,-3267.0456499998363,5840.963350000147
2025-03-19T13:14:02.000000,9108.008999999973,-3344.739349999836,5763.2696500001475
2025-03-19T13:15:32.000000,9108.008999999973,-3378.585799999836,5729.4232000001475
2025-03-19T13:15:47.000000,9108.008999999973,-3412.4370499998363,5695.571950000148
2025-03-19T13:16:17.000000,9108.008999999973,-3467.2794499998363,5640.729550000147
2025-03-19T13:17:12.000000,9108.008999999973,-3502.989249999837,5605.019750000147
2025-03-19T13:17:27.000000,9108.008999999973,-3478.7220499998375,5629.286950000146
2025-03-19T13:17:32.000000,9108.008999999973,-3454.454849999838,5653.5541500001455
2025-03-19T13:17:37.000000,9108.008999999973,-3476.173749999838,5631.835250000146
2025-03-19T13:17:42.000000,9108.008999999973,-3497.892649999838,5610.116350000146
2025-03-19T13:17:47.000000,9108.008999999973,-3505.611049999838,5602.397950000146
2025-03-19T13:18:02.000000,9108.008999999973,-3527.329949999838,5580.679050000146
2025-03-19T13:18:12.000000,9108.008999999973,-3535.057949999838,5572.951050000146
2025-03-19T13:18:12.000000,9108.008999999973,-3526.7867499998383,5581.222250000145
2025-03-19T13:18:22.000000,9108.008999999973,-3534.5147499998384,5573.494250000145
2025-03-19T13:18:42.000000,9108.008999999973,-3542.2427499998385,5565.766250000145
2025-03-19T13:18:47.000000,9108.008999999973,-3533.9267499998386,5574.082250000145
2025-03-19T13:18:47.000000,9108.008999999973,-3541.6547499998387,5566.354250000145
2025-03-19T13:18:47.000000,9108.008999999973,-3539.9901999998388,5568.018800000144
2025-03-19T13:18:52.000000,9108.008999999973,-3531.674199999839,5576.334800000144
2025-03-19T13:18:52.000000,9108.008999999973,-3539.402199999839,5568.606800000144
2025-03-19T13:18:52.000000,9108.008999999973,-3546.691799999839,5561.317200000144
2025-03-19T13:18:57.000000,9108.008999999973,-3538.3757999998393,5569.633200000144
2025-03-19T13:19:02.000000,9108.008999999973,-3546.1037999998393,5561.905200000144
2025-03-19T13:19:02.000000,9108.008999999973,-3553.4333999998394,5554.575600000144
2025-03-19T13:19:12.000000,9108.008999999973,-3561.1613999998394,5546.847600000144
2025-03-19T13:19:17.000000,9108.008999999973,-3568.8893999998395,5539.119600000144
2025-03-19T13:19:22.000000,9108.008999999973,-3562.85049999984,5545.158500000143
2025-03-19T13:19:22.000000,9108.008999999973,-3570.57849999984,5537.430500000143
2025-03-19T13:19:27.000000,9108.008999999973,-3578.30649999984,5529.702500000143
2025-03-19T13:19:32.000000,9108.008999999973,-3586.03449999984,5521.974500000143
2025-03-19T13:19:37.000000,9108.008999999973,-3593.76249999984,5514.246500000143
2025-03-19T13:19:42.000000,9108.008999999973,-3615.48139999984,5492.527600000143
2025-03-19T13:19:47.000000,9108.008999999973,-3651.2023999998396,5456.806600000144
2025-03-19T13:19:52.000000,9108.008999999973,-3686.923399999839,5421.085600000144
2025-03-19T13:19:57.000000,9108.008999999973,-3722.6443999998387,5385.3646000001445
2025-03-19T13:20:02.000000,9108.008999999973,-3758.3653999998382,5349.643600000145
2025-03-19T13:20:07.000000,9108.008999999973,-3794.086399999838,5313.922600000145
2025-03-19T13:20:12.000000,9108.008999999973,-3829.8073999998373,5278.201600000146
2025-03-19T13:20:32.000000,9108.008999999973,-3813.106199999838,5294.902800000145
2025-03-19T13:20:37.000000,9108.008999999973,-3788.406999999837,5319.602000000146
2025-03-19T13:20:47.000000,9108.008999999973,-3824.1279999998364,5283.881000000147
2025-03-19T13:20:47.000000,9108.008999999973,-3799.4287999998355,5308.580200000148
2025-03-19T13:20:52.000000,9108.008999999973,-3770.7289999998357,5337.280000000148
2025-03-19T13:20:57.000000,9108.008999999973,-3806.449999999835,5301.559000000148
2025-03-19T13:20:57.000000,9108.008999999973,-3777.7501999998353,5330.258800000149
2025-03-19T13:20:57.000000,9108.008999999973,-3742.6078999998354,5365.401100000149
2025-03-19T13:21:02.000000,9108.008999999973,-3721.906099999835,5386.102900000149
2025-03-19T13:21:07.000000,9108.008999999973,-3697.203699999836,5410.805300000148
2025-03-19T13:21:07.000000,9108.008999999973,-3659.063349999836,5448.945650000148
2025-03-19T13:21:12.000000,9108.008999999973,-3638.3583499998376,5469.650650000147
2025-03-19T13:21:17.000000,9108.008999999973,-3625.6513499998373,5482.357650000147
2025-03-19T13:21:32.000000,9108.008999999973,-3633.3633499998373,5474.645650000147
2025-03-19T13:21:52.000000,9108.008999999973,-3604.221949999837,5503.787050000147
2025-03-19T13:22:02.000000,9108.008999999973,-3581.0766499998363,5526.932350000147
2025-03-19T13:22:07.000000,9108.008999999973,-3569.9259499998366,5538.083050000147
2025-03-19T13:22:12.000000,9108.008999999973,-3561.7756999998364,5546.233300000147
2025-03-19T13:22:22.000000,9108.008999999973,-3597.496699999836,5510.512300000148
2025-03-19T13:22:52.000000,9108.008999999973,-3633.2176999998355,5474.791300000148
2025-03-19T13:23:02.000000,9108.008999999973,-3668.938699999835,5439.070300000149
2025-03-19T13:23:47.000000,9108.008999999973,-3690.657599999835,5417.351400000149
2025-03-19T13:25:47.000000,9108.008999999973,-3684.3834999998353,5423.625500000148
2025-03-19T13:25:57.000000,9108.008999999973,-3678.1093999998357,5429.899600000148
2025-03-19T13:26:17.000000,9108.008999999973,-3671.835299999836,5436.173700000148
2025-03-19T13:26:27.000000,9108.008999999973,-3665.5611999998364,5442.447800000147
2025-03-19T13:26:32.000000,9108.008999999973,-3665.2783999998364,5442.730600000147
2025-03-19T13:26:42.000000,9108.008999999973,-3659.004299999837,5449.004700000147
2025-03-19T13:26:47.000000,9108.008999999973,-3638.728099999836,5469.280900000147
2025-03-19T13:26:57.000000,9108.008999999973,-3618.4518999998354,5489.557100000147
2025-03-19T13:27:02.000000,9108.008999999973,-3598.1756999998347,5509.833300000148
2025-03-19T13:27:07.000000,9108.008999999973,-3577.899499999834,5530.109500000148
2025-03-19T13:27:17.000000,9108.008999999973,-3557.6232999998333,5550.385700000148
2025-03-19T13:27:22.000000,9108.008999999973,-3537.3470999998326,5570.661900000148
2025-03-19T13:27:27.000000,9108.008999999973,-3517.070899999832,5590.938100000149
2025-03-19T13:27:32.000000,9108.008999999973,-3496.794699999831,5611.214300000149
2025-03-19T13:28:07.000000,9108.008999999973,-3462.516399999831,5645.492600000149
2025-03-19T13:28:12.000000,9108.008999999973,-3442.24019999983,5665.768800000149
2025-03-19T13:28:22.000000,9108.008999999973,-3407.9618999998297,5700.047100000149
2025-03-19T13:28:27.000000,9108.008999999973,-3373.6835999998293,5734.325400000149
2025-03-19T13:28:42.000000,9108.008999999973,-3353.3961999998287,5754.61280000015
2025-03-19T13:29:52.000000,9108.008999999973,-3347.0996999998288,5760.909300000149
2025-03-19T13:29:57.000000,9108.008999999973,-3330.8144999998294,5777.194500000149
2025-03-19T13:30:42.000000,9140.594199999974,-3330.8144999998294,5809.779700000149
2025-03-19T13:31:22.000000,9141.196999999975,-3330.8144999998294,5810.382500000149
2025-03-19T13:32:47.000000,9141.196999999975,-3250.24129999983,5890.955700000149
2025-03-19T13:32:57.000000,9141.196999999975,-3177.6596999998305,5963.537300000148
2025-03-19T13:34:42.000000,9141.196999999975,-3170.565449999831,5970.631550000148
2025-03-19T13:38:02.000000,9137.827999999976,-3170.565449999831,5967.262550000149
2025-03-19T13:38:12.000000,9146.454399999975,-3170.565449999831,5975.888950000149
2025-03-19T13:39:02.000000,9167.069799999976,-3170.565449999831,5996.504350000148
2025-03-19T13:39:02.000000,9191.685799999976,-3170.565449999831,6021.1203500001475
2025-03-19T13:39:02.000000,9208.300599999975,-3170.565449999831,6037.735150000147
2025-03-19T13:39:02.000000,9228.915999999976,-3170.565449999831,6058.3505500001465
2025-03-19T13:39:02.000000,9249.531399999976,-3170.565449999831,6078.965950000146
2025-03-19T13:40:37.000000,9249.531399999976,-3178.449449999831,6071.081950000146
2025-03-19T13:40:42.000000,9249.531399999976,-3197.8528499998306,6051.678550000146
2025-03-19T13:42:12.000000,9249.531399999976,-3205.2624499998306,6044.268950000146
2025-03-19T13:42:22.000000,9290.388999999976,-3205.2624499998306,6085.126550000146
2025-03-19T13:43:12.000000,9322.586049999974,-3205.2624499998306,6117.323600000146
2025-03-19T13:43:52.000000,9314.947649999975,-3205.2624499998306,6109.685200000146
2025-03-19T13:49:17.000000,9314.947649999975,-3228.9448499998302,6086.002800000147
2025-03-19T13:51:07.000000,9314.947649999975,-3268.777799999831,6046.169850000146
2025-03-19T13:53:27.000000,9314.947649999975,-3252.48619999983,6062.461450000146
2025-03-19T13:53:32.000000,9314.947649999975,-3260.1581999998302,6054.789450000147
2025-03-19T13:53:32.000000,9314.947649999975,-3251.8613999998292,6063.086250000148
2025-03-19T13:53:37.000000,9314.947649999975,-3251.559399999828,6063.388250000149
2025-03-19T13:53:42.000000,9314.947649999975,-3243.256199999827,6071.69145000015
2025-03-19T13:53:47.000000,9314.947649999975,-3234.6553999998273,6080.29225000015
2025-03-19T13:53:47.000000,9314.947649999975,-3242.3273999998273,6072.62025000015
2025-03-19T13:53:47.000000,9314.947649999975,-3234.0305999998263,6080.917050000151
2025-03-19T13:53:52.000000,9314.947649999975,-3225.4297999998266,6089.51785000015
2025-03-19T13:53:52.000000,9314.947649999975,-3201.136999999826,6113.810650000151
2025-03-19T13:54:07.000000,9314.947649999975,-3194.8180999998262,6120.129550000151
2025-03-19T13:54:07.000000,9314.947649999975,-3186.514899999825,6128.432750000152
2025-03-19T13:54:12.000000,9314.947649999975,-3194.186899999825,6120.760750000152
2025-03-19T13:54:17.000000,9314.947649999975,-3193.878499999825,6121.069150000152
2025-03-19T13:54:22.000000,9314.947649999975,-3201.5648999998252,6113.382750000153
2025-03-19T13:54:27.000000,9314.947649999975,-3209.2512999998253,6105.696350000153
2025-03-19T13:54:47.000000,9314.947649999975,-3202.9323999998255,6112.015250000152
2025-03-19T13:54:52.000000,9314.947649999975,-3182.622599999826,6132.325050000151
2025-03-19T13:54:57.000000,9314.947649999975,-3176.303699999826,6138.643950000151
2025-03-19T13:55:02.000000,9314.947649999975,-3155.9938999998267,6158.95375000015
2025-03-19T13:55:07.000000,9314.947649999975,-3135.684099999827,6179.263550000149
2025-03-19T13:55:27.000000,9314.947649999975,-3115.3742999998276,6199.573350000148
2025-03-19T13:55:37.000000,9314.947649999975,-3095.064499999828,6219.883150000147
2025-03-19T13:56:32.000000,9314.947649999975,-3088.7455999998283,6226.202050000146
2025-03-19T13:57:32.000000,9328.897199999974,-3088.7455999998283,6240.151600000147
2025-03-19T13:57:37.000000,9342.849149999973,-3088.7455999998283,6254.103550000145
2025-03-19T13:57:42.000000,9359.801549999973,-3088.7455999998283,6271.055950000145
2025-03-19T13:58:02.000000,9358.765649999972,-3088.7455999998283,6270.020050000145
2025-03-19T13:58:02.000000,9360.730199999973,-3088.7455999998283,6271.984600000145
2025-03-19T13:58:07.000000,9377.699399999974,-3088.7455999998283,6288.953800000146
2025-03-19T13:58:12.000000,9394.668599999975,-3088.7455999998283,6305.923000000146
2025-03-19T13:58:17.000000,9417.638699999976,-3088.7455999998283,6328.893100000147
2025-03-19T13:58:22.000000,9443.609249999976,-3088.7455999998283,6354.863650000148
2025-03-19T13:58:27.000000,9469.582199999975,-3088.7455999998283,6380.836600000147
2025-03-19T13:58:32.000000,9492.557099999975,-3088.7455999998283,6403.811500000146
2025-03-19T13:58:37.000000,9521.535299999974,-3088.7455999998283,6432.789700000147
2025-03-19T13:58:47.000000,9559.514849999974,-3088.7455999998283,6470.769250000148
2025-03-19T13:58:47.000000,9559.514849999974,-3107.156849999828,6452.3580000001475
2025-03-19T13:58:52.000000,9600.497249999975,-3107.156849999828,6493.340400000147
2025-03-19T13:58:57.000000,9644.480099999975,-3107.156849999828,6537.323250000147
2025-03-19T13:58:57.000000,9644.480099999975,-3125.5680999998276,6518.912000000147
2025-03-19T13:59:02.000000,9691.465799999974,-3125.5680999998276,6565.897700000147
2025-03-19T13:59:12.000000,9744.452399999975,-3125.5680999998276,6618.884300000147
2025-03-19T13:59:17.000000,9785.437199999975,-3125.5680999998276,6659.869100000147
2025-03-19T13:59:22.000000,9817.423049999974,-3125.5680999998276,6691.854950000147
2025-03-19T13:59:37.000000,9828.410549999973,-3125.5680999998276,6702.8424500001465
2025-03-19T14:03:17.000000,9828.410549999973,-3120.394299999828,6708.016250000146
2025-03-19T14:04:27.000000,9828.410549999973,-3135.784299999828,6692.626250000147
2025-03-19T14:04:52.000000,9828.410549999973,-3199.4534999998277,6628.957050000146
2025-03-19T14:06:02.000000,9828.410549999973,-3239.8680499998272,6588.542500000147
2025-03-19T14:08:32.000000,9828.410549999973,-3263.601649999827,6564.808900000147
2025-03-19T14:08:37.000000,9828.410549999973,-3295.3300499998263,6533.080500000148
2025-03-19T14:08:42.000000,9828.410549999973,-3335.0532499998258,6493.357300000149
2025-03-19T14:08:47.000000,9828.410549999973,-3382.7712499998247,6445.63930000015
2025-03-19T14:08:52.000000,9828.410549999973,-3422.488049999824,6405.922500000151
2025-03-19T14:09:22.000000,9828.410549999973,-3422.122049999824,6406.288500000151
2025-03-19T14:09:57.000000,9828.410549999973,-3429.757249999824,6398.653300000151
2025-03-19T14:10:07.000000,9828.410549999973,-3421.4412499998243,6406.969300000151
2025-03-19T14:10:12.000000,9828.410549999973,-3413.080449999825,6415.33010000015
2025-03-19T14:10:12.000000,9828.410549999973,-3404.8348499998237,6423.575700000151
2025-03-19T14:10:12.000000,9828.410549999973,-3396.518849999824,6431.891700000151
2025-03-19T14:10:17.000000,9828.410549999973,-3388.1580499998245,6440.252500000151
2025-03-19T14:10:17.000000,9828.410549999973,-3387.9072499998247,6440.50330000015
2025-03-19T14:10:22.000000,9828.410549999973,-3395.651249999825,6432.759300000151
2025-03-19T14:10:22.000000,9828.410549999973,-3387.335249999825,6441.0753000001505
2025-03-19T14:10:27.000000,9828.410549999973,-3378.9744499998255,6449.43610000015
2025-03-19T14:10:27.000000,9828.410549999973,-3394.7196499998254,6433.690900000151
2025-03-19T14:10:27.000000,9828.410549999973,-3378.408849999826,6450.00170000015
2025-03-19T14:10:32.000000,9828.410549999973,-3370.0928499998263,6458.31770000015
2025-03-19T14:10:37.000000,9828.410549999973,-3361.7768499998265,6466.6337000001495
2025-03-19T14:10:42.000000,9828.410549999973,-3361.4108499998265,6466.9997000001495
2025-03-19T14:10:42.000000,9828.410549999973,-3353.0948499998267,6475.315700000149
2025-03-19T14:10:47.000000,9828.410549999973,-3352.773649999827,6475.636900000149
2025-03-19T14:10:57.000000,9828.410549999973,-3360.408849999827,6468.001700000149
2025-03-19T14:10:57.000000,9828.410549999973,-3368.082449999827,6460.328100000149
2025-03-19T14:11:02.000000,9828.410549999973,-3375.756049999827,6452.654500000149
2025-03-19T14:11:07.000000,9828.410549999973,-3383.4296499998272,6444.980900000149
2025-03-19T14:11:17.000000,9828.410549999973,-3396.082399999828,6432.328150000148
2025-03-19T14:11:27.000000,9828.410549999973,-3411.7571999998277,6416.653350000148
2025-03-19T14:11:32.000000,9828.410549999973,-3419.4627999998274,6408.947750000148
2025-03-19T14:11:47.000000,9828.410549999973,-3427.168399999827,6401.242150000147
2025-03-19T14:11:52.000000,9828.410549999973,-3434.873999999827,6393.536550000147
2025-03-19T14:12:07.000000,9828.410549999973,-3442.5795999998268,6385.830950000147
2025-03-19T14:12:47.000000,9828.410549999973,-3436.283099999827,6392.127450000146
2025-03-19T14:13:32.000000,9828.410549999973,-3415.9956999998262,6412.414850000147
2025-03-19T14:13:52.000000,9828.410549999973,-3395.7082999998256,6432.7022500001485
2025-03-19T14:13:57.000000,9828.410549999973,-3416.1670499998254,6412.243500000149
2025-03-19T14:14:07.000000,9828.410549999973,-3409.8705499998255,6418.540000000148
2025-03-19T14:14:12.000000,9828.410549999973,-3403.5740499998255,6424.836500000148
2025-03-19T14:14:22.000000,9828.410549999973,-3397.2775499998256,6431.133000000147
2025-03-19T14:17:07.000000,9828.410549999973,-3389.1224999998253,6439.288050000147
2025-03-19T14:17:32.000000,9828.410549999973,-3374.966549999825,6453.444000000148
2025-03-19T14:20:07.000000,9828.410549999973,-3382.278549999825,6446.132000000148
2025-03-19T14:22:07.000000,9828.410549999973,-3365.314149999824,6463.096400000149
2025-03-19T14:22:27.000000,9828.410549999973,-3348.3449499998237,6480.065600000149
2025-03-19T14:22:47.000000,9829.195749999973,-3348.3449499998237,6480.850800000149
2025-03-19T14:22:52.000000,9833.981549999973,-3348.3449499998237,6485.63660000015
2025-03-19T14:22:57.000000,9838.767349999973,-3348.3449499998237,6490.42240000015
2025-03-19T14:28:22.000000,9838.767349999973,-3404.089749999824,6434.67760000015
2025-03-19T14:28:32.000000,9838.767349999973,-3491.8393499998238,6346.92800000015
2025-03-19T14:28:37.000000,9838.767349999973,-3603.5925499998243,6235.174800000149
2025-03-19T14:28:47.000000,9838.767349999973,-3747.3441499998244,6091.423200000149
2025-03-19T14:29:42.000000,9838.767349999973,-3742.7727499998246,6095.994600000149
2025-03-19T14:29:52.000000,9838.767349999973,-3778.460149999824,6060.307200000149
2025-03-19T14:29:57.000000,9838.767349999973,-3800.1454499998235,6038.621900000149
2025-03-19T14:30:07.000000,9838.767349999973,-3821.830749999823,6016.936600000149
2025-03-19T14:30:32.000000,9838.767349999973,-3817.2593499998234,6021.508000000149
2025-03-19T14:30:37.000000,9838.767349999973,-3812.6879499998236,6026.079400000149
2025-03-19T14:30:47.000000,9838.767349999973,-3820.1087499998234,6018.658600000149
2025-03-19T14:33:02.000000,9835.561549999971,-3820.1087499998234,6015.452800000148
2025-03-19T14:34:22.000000,9835.561549999971,-3923.9695499998243,5911.592000000148
2025-03-19T14:34:27.000000,9835.561549999971,-4035.818749999825,5799.742800000147
2025-03-19T14:34:32.000000,9835.561549999971,-4163.6639499998255,5671.897600000147
2025-03-19T14:34:37.000000,9835.561549999971,-4299.510349999826,5536.051200000146
2025-03-19T14:34:42.000000,9835.561549999971,-4322.4325999998255,5513.128950000147
2025-03-19T14:34:42.000000,9835.561549999971,-4442.295799999826,5393.265750000146
2025-03-19T14:34:47.000000,9835.561549999971,-4546.175799999825,5289.385750000147
2025-03-19T14:34:52.000000,9835.561549999971,-4634.066199999825,5201.4953500001475
2025-03-19T14:34:57.000000,9835.561549999971,-4627.758499999825,5207.803050000147
2025-03-19T14:35:02.000000,9835.561549999971,-4723.630899999825,5111.930650000148
2025-03-19T14:35:12.000000,9835.561549999971,-4843.494099999825,4992.067450000147
2025-03-19T14:36:57.000000,9835.561549999971,-4747.452899999825,5088.1086500001475
2025-03-19T14:37:12.000000,9835.561549999971,-4713.129799999824,5122.431750000148
2025-03-19T14:37:12.000000,9835.561549999971,-4601.105399999824,5234.456150000148
2025-03-19T14:37:17.000000,9835.561549999971,-4529.061399999823,5306.500150000149
2025-03-19T14:37:22.000000,9835.561549999971,-4504.986199999822,5330.57535000015
2025-03-19T14:37:27.000000,9835.561549999971,-4504.9017999998205,5330.659750000152
2025-03-19T14:37:32.000000,9835.561549999971,-4512.31139999982,5323.250150000152
2025-03-19T14:37:32.000000,9835.561549999971,-4536.217799999821,5299.343750000151
2025-03-19T14:37:37.000000,9835.561549999971,-4456.294349999822,5379.26720000015
2025-03-19T14:37:37.000000,9835.561549999971,-4496.196749999823,5339.364800000149
2025-03-19T14:37:42.000000,9835.561549999971,-4528.104349999823,5307.457200000148
2025-03-19T14:39:07.000000,9835.561549999971,-4479.779149999823,5355.782400000148
2025-03-19T14:40:57.000000,9835.561549999971,-4487.179949999823,5348.381600000148
2025-03-19T14:42:57.000000,9799.94134999997,-4487.179949999823,5312.761400000148
2025-03-19T14:43:17.000000,9799.94134999997,-4431.087149999823,5368.854200000148
2025-03-19T14:43:22.000000,9799.94134999997,-4398.978749999824,5400.962600000147
2025-03-19T14:43:32.000000,9799.94134999997,-4382.866349999825,5417.075000000146
2025-03-19T14:44:22.000000,9799.94134999997,-4350.242749999824,5449.698600000147
2025-03-19T14:44:32.000000,9799.94134999997,-4341.6099499998245,5458.3314000001465
2025-03-19T14:44:47.000000,9790.13929999997,-4341.6099499998245,5448.529350000146
2025-03-19T14:44:57.000000,9777.33679999997,-4341.6099499998245,5435.726850000146
2025-03-19T14:45:02.000000,9777.33679999997,-4379.558449999825,5397.778350000146
2025-03-19T14:45:02.000000,9731.39494999997,-4379.558449999825,5351.836500000147
2025-03-19T14:45:02.000000,9730.81359999997,-4379.558449999825,5351.255150000146
2025-03-19T14:45:02.000000,9712.017399999972,-4379.558449999825,5332.458950000147
2025-03-20T09:56:57.000000,9712.017399999972,-4386.2592499998245,5325.758150000147
2025-03-20T09:57:52.000000,9712.017399999972,-4315.178749999825,5396.838650000146
2025-03-20T09:58:22.000000,9712.017399999972,-4257.688199999824,5454.3292000001475
2025-03-20T09:58:32.000000,9712.017399999972,-4202.283549999825,5509.733850000147
2025-03-20T09:58:42.000000,9712.017399999972,-4166.9948499998245,5545.022550000147
2025-03-20T09:58:47.000000,9712.017399999972,-4111.584599999825,5600.432800000147
2025-03-20T09:58:52.000000,9712.017399999972,-4085.290049999825,5626.7273500001465
2025-03-20T09:59:12.000000,9712.017399999972,-4071.8580999998253,5640.159300000146
2025-03-20T10:01:32.000000,9712.017399999972,-4103.541699999826,5608.475700000145
2025-03-20T10:02:02.000000,9712.017399999972,-4115.231899999825,5596.7855000001455
2025-03-20T10:02:07.000000,9712.017399999972,-4138.920699999826,5573.096700000145
2025-03-20T10:02:17.000000,9712.017399999972,-4162.606299999826,5549.411100000145
2025-03-20T10:02:37.000000,9712.017399999972,-4190.289299999826,5521.728100000145
2025-03-20T10:02:42.000000,9712.017399999972,-4221.969699999825,5490.047700000146
2025-03-20T10:02:47.000000,9712.017399999972,-4253.650099999824,5458.367300000146
2025-03-20T10:02:52.000000,9712.017399999972,-4289.327899999825,5422.689500000146
2025-03-20T10:02:57.000000,9712.017399999972,-4325.005699999825,5387.0117000001455
2025-03-20T10:04:42.000000,9712.017399999972,-4420.551699999826,5291.465700000144
2025-03-20T10:07:22.000000,9734.06589999997,-4420.551699999826,5313.514200000143
2025-03-20T10:08:37.000000,9734.06589999997,-4464.016299999826,5270.049600000144
2025-03-20T10:08:52.000000,9741.13614999997,-4464.016299999826,5277.119850000144
2025-03-20T10:08:57.000000,9741.13614999997,-4495.488699999825,5245.647450000144
2025-03-20T10:08:57.000000,9733.21614999997,-4495.488699999825,5237.727450000144
2025-03-20T10:09:02.000000,9733.21614999997,-4526.961099999825,5206.255050000144
2025-03-20T10:09:07.000000,9733.21614999997,-4558.428699999824,5174.787450000145
2025-03-20T10:09:12.000000,9733.21614999997,-4583.900199999824,5149.315950000146
2025-03-20T10:09:17.000000,9733.21614999997,-4603.375599999823,5129.840550000146
2025-03-20T10:09:22.000000,9733.21614999997,-4628.847099999823,5104.369050000147
2025-03-20T10:10:47.000000,9733.21614999997,-4643.240149999822,5089.976000000147
2025-03-20T10:10:52.000000,9733.21614999997,-4664.634249999822,5068.5819000001475
2025-03-20T10:10:57.000000,9733.21614999997,-4700.019249999822,5033.196900000147
2025-03-20T10:11:02.000000,9733.21614999997,-4749.406349999822,4983.809800000147
2025-03-20T10:11:22.000000,9733.21614999997,-4765.330749999822,4967.8854000001475
2025-03-20T10:11:42.000000,9733.21614999997,-4736.052549999821,4997.163600000148
2025-03-20T10:11:42.000000,9733.21614999997,-4724.762649999821,5008.453500000148
2025-03-20T10:11:42.000000,9733.21614999997,-4710.4746999998215,5022.741450000148
2025-03-20T10:11:42.000000,9733.21614999997,-4699.184799999822,5034.0313500001475
2025-03-20T10:12:02.000000,9733.21614999997,-4630.382999999822,5102.833150000148
2025-03-20T10:12:27.000000,9690.264499999968,-4630.382999999822,5059.881500000147
2025-03-20T10:13:02.000000,9690.264499999968,-4610.094149999822,5080.170350000147
2025-03-20T10:13:07.000000,9690.264499999968,-4592.805749999822,5097.458750000146
2025-03-20T10:13:12.000000,9690.264499999968,-4584.521099999822,5105.743400000147
2025-03-20T10:13:17.000000,9690.264499999968,-4720.476299999822,4969.788200000146
2025-03-20T10:13:22.000000,9652.33999999997,-4720.476299999822,4931.863700000147
2025-03-20T10:14:27.000000,9623.40724999997,-4720.476299999822,4902.930950000147
2025-03-20T10:15:07.000000,9676.35064999997,-4720.476299999822,4955.874350000147
2025-03-20T10:15:52.000000,9676.35064999997,-4833.244049999823,4843.1066000001465
2025-03-20T10:17:02.000000,9676.35064999997,-4776.812049999823,4899.538600000146
2025-03-20T10:17:17.000000,9773.362399999969,-4776.812049999823,4996.550350000145
2025-03-20T10:18:22.000000,9855.359899999969,-4776.812049999823,5078.5478500001445
2025-03-20T10:18:32.000000,9855.359899999969,-4783.851249999823,5071.508650000144
2025-03-20T10:18:37.000000,9855.359899999969,-4790.890449999823,5064.469450000144
2025-03-20T10:18:42.000000,9855.359899999969,-4769.931049999824,5085.428850000144
2025-03-20T10:18:42.000000,9855.359899999969,-4812.649249999824,5042.710650000144
2025-03-20T10:18:52.000000,9855.359899999969,-4791.695449999825,5063.664450000143
2025-03-20T10:19:02.000000,9855.359899999969,-4784.715749999824,5070.644150000144
2025-03-20T10:19:12.000000,9855.359899999969,-4818.432599999825,5036.927300000143
2025-03-20T10:20:07.000000,9855.359899999969,-4843.1456999998245,5012.214200000143
2025-03-20T10:20:17.000000,9855.359899999969,-4867.856399999825,4987.503500000143
2025-03-20T10:20:27.000000,9855.359899999969,-4901.561249999825,4953.7986500001425
2025-03-20T10:22:12.000000,9855.359899999969,-4909.553249999825,4945.806650000142
2025-03-20T10:22:32.000000,9855.359899999969,-4903.021549999826,4952.338350000142
2025-03-20T10:22:37.000000,9855.359899999969,-4895.699299999827,4959.66060000014
2025-03-20T10:22:42.000000,9855.359899999969,-4888.377049999829,4966.982850000139
2025-03-20T10:22:52.000000,9855.359899999969,-4895.836249999829,4959.523650000138
2025-03-20T10:23:12.000000,9855.359899999969,-4888.513999999831,4966.845900000137
2025-03-20T10:23:12.000000,9855.359899999969,-4881.982299999831,4973.377600000136
2025-03-20T10:23:12.000000,9855.359899999969,-4870.7187999998305,4984.641100000137
2025-03-20T10:23:17.000000,9855.359899999969,-4865.453799999831,4989.906100000137
2025-03-20T10:23:22.000000,9855.359899999969,-4854.187899999832,5001.172000000136
2025-03-20T10:23:27.000000,9855.359899999969,-4839.923949999831,5015.4359500001365
2025-03-20T10:23:27.000000,9855.359899999969,-4847.507949999831,5007.851950000137
2025-03-20T10:23:32.000000,9855.359899999969,-4833.2439999998305,5022.115900000137
2025-03-20T10:23:47.000000,9855.359899999969,-4812.979149999831,5042.380750000137
2025-03-20T10:23:52.000000,9855.359899999969,-4798.710399999831,5056.649500000137
2025-03-20T10:23:57.000000,9855.359899999969,-4707.71809999983,5147.641800000138
2025-03-20T10:23:57.000000,9855.359899999969,-4696.44739999983,5158.912500000138
2025-03-20T10:24:02.000000,9855.359899999969,-4685.17669999983,5170.183200000138
2025-03-20T10:24:07.000000,9855.359899999969,-4673.90599999983,5181.453900000138
2025-03-20T10:24:12.000000,9855.359899999969,-4662.63529999983,5192.724600000138
2025-03-20T10:26:22.000000,9855.359899999969,-4639.365199999829,5215.994700000138
2025-03-20T10:26:42.000000,9855.359899999969,-4607.093749999828,5248.2661500001395
2025-03-20T10:26:42.000000,9855.359899999969,-4574.822299999827,5280.537600000141
2025-03-20T10:26:42.000000,9855.359899999969,-4548.546949999827,5306.8129500001405
2025-03-20T10:27:17.000000,9830.353999999968,-4548.546949999827,5281.8070500001395
2025-03-20T10:27:52.000000,9830.353999999968,-4543.274749999828,5287.079250000139
2025-03-20T10:28:07.000000,9830.353999999968,-4540.998199999828,5289.3558000001385
2025-03-20T10:33:27.000000,9830.353999999968,-4590.474899999828,5239.879100000138
2025-03-20T10:33:37.000000,9830.353999999968,-4658.4758999998285,5171.878100000138
2025-03-20T10:36:07.000000,9822.398799999968,-4658.4758999998285,5163.922900000138
2025-03-20T10:39:27.000000,9822.398799999968,-4707.974999999828,5114.423800000139
2025-03-20T10:40:07.000000,9822.398799999968,-4743.539199999828,5078.859600000138
2025-03-20T10:40:22.000000,9822.398799999968,-4807.062799999829,5015.336000000138
2025-03-20T10:40:37.000000,9822.398799999968,-4846.254799999828,4976.1440000001385
2025-03-20T10:41:57.000000,9822.398799999968,-4881.807799999827,4940.5910000001395
2025-03-20T10:42:22.000000,9822.398799999968,-4889.322999999827,4933.07580000014
2025-03-20T10:42:27.000000,9822.398799999968,-4896.838199999826,4925.56060000014
2025-03-20T10:42:32.000000,9822.398799999968,-4890.3624999998265,4932.03630000014
2025-03-20T10:42:47.000000,9822.398799999968,-4897.877699999826,4924.52110000014
2025-03-20T10:43:52.000000,9822.398799999968,-4965.073899999826,4857.324900000141
2025-03-20T10:43:57.000000,9822.398799999968,-4888.710899999826,4933.68790000014
2025-03-20T10:44:12.000000,9822.398799999968,-4798.345799999826,5024.05300000014
2025-03-20T10:46:12.000000,9822.398799999968,-4853.111399999826,4969.28740000014
2025-03-20T10:46:17.000000,9822.398799999968,-4907.876999999826,4914.5218000001405
2025-03-20T10:46:22.000000,9822.398799999968,-4968.638699999826,4853.7601000001405
2025-03-20T10:46:27.000000,9822.398799999968,-5032.398449999826,4790.00035000014
2025-03-20T10:46:42.000000,9822.398799999968,-5051.619449999826,4770.77935000014
2025-03-20T10:46:47.000000,9822.398799999968,-5112.376349999827,4710.0224500001395
2025-03-20T10:47:22.000000,9822.398799999968,-5091.802549999828,4730.596250000138
2025-03-20T10:47:27.000000,9822.398799999968,-5140.564849999828,4681.833950000138
2025-03-20T10:47:37.000000,9822.398799999968,-5147.803249999828,4674.595550000138
2025-03-20T10:47:42.000000,9822.398799999968,-5159.039049999828,4663.359750000138
2025-03-20T10:47:47.000000,9822.398799999968,-5201.8052499998275,4620.593550000139
2025-03-20T10:47:52.000000,9822.398799999968,-5205.049449999827,4617.34935000014
2025-03-20T10:47:57.000000,9822.398799999968,-5208.293649999826,4614.10515000014
2025-03-20T10:48:07.000000,9822.398799999968,-5215.538449999826,4606.86035000014
2025-03-20T10:48:22.000000,9822.398799999968,-5230.784449999826,4591.61435000014
2025-03-20T10:48:27.000000,9822.398799999968,-5258.025849999826,4564.37295000014
2025-03-20T10:48:32.000000,9822.398799999968,-5277.269249999827,4545.12955000014
2025-03-20T10:48:37.000000,9822.398799999968,-5308.511249999826,4513.88755000014
2025-03-20T10:48:37.000000,9822.398799999968,-5273.320949999826,4549.077850000141
2025-03-20T10:48:42.000000,9822.398799999968,-5244.126749999827,4578.27205000014
2025-03-20T10:53:32.000000,9822.398799999968,-5235.804349999827,4586.59445000014
2025-03-20T10:54:22.000000,9822.398799999968,-5367.067749999826,4455.33105000014
2025-03-20T10:56:07.000000,9822.398799999968,-5329.744999999826,4492.65380000014
2025-03-20T10:56:12.000000,9822.398799999968,-5297.418999999827,4524.979800000139
2025-03-20T10:57:07.000000,9822.398799999968,-5317.929749999828,4504.469050000138
2025-03-20T10:57:37.000000,9822.398799999968,-5297.563949999828,4524.834850000138
2025-03-20T10:58:32.000000,9822.398799999968,-5277.130949999829,4545.2678500001375
2025-03-20T10:58:37.000000,9822.398799999968,-5256.69794999983,4565.700850000137
2025-03-20T10:59:37.000000,9798.537199999968,-5256.69794999983,4541.839250000137
2025-03-20T11:08:17.000000,9798.537199999968,-5312.47474999983,4486.062450000137
2025-03-20T11:08:22.000000,9798.537199999968,-5368.251549999831,4430.285650000136
2025-03-20T11:11:02.000000,9798.537199999968,-5414.828599999832,4383.708600000136
2025-03-20T11:11:12.000000,9798.537199999968,-5474.397199999831,4324.140000000137
2025-03-20T11:11:22.000000,9798.537199999968,-5520.974249999832,4277.562950000136
2025-03-20T11:12:32.000000,9798.537199999968,-5632.6026499998325,4165.9345500001355
2025-03-20T11:12:37.000000,9798.537199999968,-5757.222599999833,4041.3146000001357
2025-03-20T11:12:42.000000,9798.537199999968,-5868.850999999833,3929.6862000001356
2025-03-20T11:13:37.000000,9819.037399999968,-5868.850999999833,3950.1864000001365
2025-03-20T11:13:52.000000,9839.537599999969,-5868.850999999833,3970.6866000001373
2025-03-20T11:14:02.000000,9846.035699999968,-5868.850999999833,3977.184700000137
2025-03-20T11:14:07.000000,9838.542899999968,-5868.850999999833,3969.691900000137
2025-03-20T11:14:22.000000,9838.542899999968,-6123.490449999833,3715.052450000138
2025-03-20T11:14:22.000000,9831.050099999968,-6123.490449999833,3707.559650000138
2025-03-20T11:17:17.000000,9831.050099999968,-6130.508049999833,3700.542050000138
2025-03-20T11:17:52.000000,9831.050099999968,-6346.224849999832,3484.8252500001386
2025-03-20T11:18:32.000000,9831.050099999968,-6306.153649999832,3524.896450000139
2025-03-20T11:18:37.000000,9831.050099999968,-6266.082449999832,3564.967650000139
2025-03-20T11:18:42.000000,9831.050099999968,-6234.006049999831,3597.0440500001396
2025-03-20T11:18:42.000000,9831.050099999968,-6273.537249999831,3557.5128500001388
2025-03-20T11:18:52.000000,9831.050099999968,-6313.0684499998315,3517.981650000138
2025-03-20T11:22:27.000000,9831.050099999968,-6398.890549999832,3432.159550000137
2025-03-20T11:22:32.000000,9831.050099999968,-6497.704199999832,3333.3459000001367
2025-03-20T11:23:32.000000,9831.050099999968,-6493.42079999983,3337.6293000001388
2025-03-20T11:23:52.000000,9831.050099999968,-6501.27279999983,3329.777300000139
2025-03-20T11:23:52.000000,9831.050099999968,-6461.003199999828,3370.04690000014
2025-03-20T11:23:57.000000,9831.050099999968,-6432.725799999826,3398.324300000141
2025-03-20T11:24:02.000000,9831.050099999968,-6428.442399999824,3402.6077000001433
2025-03-20T11:24:07.000000,9831.050099999968,-6448.162599999824,3382.8875000001435
2025-03-20T11:27:12.000000,9831.050099999968,-6339.007449999823,3492.0426500001445
2025-03-20T13:02:12.000000,9831.050099999968,-6274.724649999822,3556.325450000145
2025-03-20T13:02:27.000000,9831.050099999968,-6234.426249999823,3596.6238500001436
2025-03-20T13:02:57.000000,9831.050099999968,-6256.178749999823,3574.871350000144
2025-03-20T13:03:47.000000,9831.050099999968,-6206.125399999823,3624.9247000001446
2025-03-20T13:03:57.000000,9831.050099999968,-6162.070549999823,3668.979550000144
2025-03-20T13:04:02.000000,9831.050099999968,-6115.017649999823,3716.0324500001443
2025-03-20T13:04:22.000000,9831.050099999968,-6076.958899999824,3754.091200000144
2025-03-20T13:04:27.000000,9831.050099999968,-6041.898199999824,3789.151900000144
2025-03-20T13:05:22.000000,9831.050099999968,-5988.834799999824,3842.215300000144
2025-03-20T13:05:27.000000,9831.050099999968,-5953.759699999825,3877.290400000143
2025-03-20T13:05:32.000000,9831.050099999968,-5915.679349999826,3915.370750000143
2025-03-20T13:05:52.000000,9831.050099999968,-5853.419249999826,3977.630850000143
2025-03-20T13:05:57.000000,9831.050099999968,-5777.168249999827,4053.881850000142
2025-03-20T13:06:02.000000,9831.050099999968,-5700.917249999828,4130.132850000142
2025-03-20T13:06:17.000000,9831.050099999968,-5680.629849999827,4150.420250000143
2025-03-20T13:08:07.000000,9831.050099999968,-5618.369749999827,4212.680350000142
2025-03-20T13:08:12.000000,9831.050099999968,-5570.100549999827,4260.949550000142
2025-03-20T13:08:22.000000,9831.050099999968,-5507.840449999828,4323.209650000142
2025-03-20T13:08:27.000000,9831.050099999968,-5445.580349999828,4385.469750000141
2025-03-20T13:08:37.000000,9831.050099999968,-5369.318149999829,4461.73195000014
2025-03-20T13:08:42.000000,9831.050099999968,-5307.04684999983,4524.00325000014
2025-03-20T13:08:47.000000,9831.050099999968,-5244.77554999983,4586.274550000139
2025-03-20T13:12:32.000000,9831.050099999968,-5248.679899999831,4582.3702000001385
2025-03-20T13:12:42.000000,9831.050099999968,-5261.580799999831,4569.469300000139
2025-03-20T13:13:07.000000,9831.050099999968,-5253.418399999831,4577.631700000138
2025-03-20T13:13:52.000000,9831.050099999968,-5266.319299999831,4564.7308000001385
2025-03-20T13:13:57.000000,9831.050099999968,-5279.222599999831,4551.827500000139
2025-03-20T13:14:07.000000,9831.050099999968,-5289.127849999832,4541.922250000138
2025-03-20T13:14:17.000000,9831.050099999968,-5302.0311499998315,4529.018950000138
2025-03-20T13:14:47.000000,9831.050099999968,-5320.9353499998315,4510.114750000138
2025-03-20T13:15:27.000000,9831.050099999968,-5348.838499999832,4482.211600000138
2025-03-20T13:15:32.000000,9831.050099999968,-5379.742099999832,4451.308000000137
2025-03-20T13:15:37.000000,9831.050099999968,-5410.645699999833,4420.404400000137
2025-03-20T13:15:42.000000,9831.050099999968,-5441.551699999832,4389.498400000138
2025-03-20T13:15:47.000000,9831.050099999968,-5475.455749999832,4355.594350000138
2025-03-20T13:16:02.000000,9831.050099999968,-5512.353049999832,4318.697050000137
2025-03-20T13:16:12.000000,9831.050099999968,-5564.247799999833,4266.802300000137
2025-03-20T13:16:52.000000,9831.050099999968,-5613.146899999833,4217.903200000136
2025-03-20T13:17:07.000000,9831.050099999968,-5662.045999999834,4169.004100000136
2025-03-20T13:17:17.000000,9831.050099999968,-5657.035399999834,4174.014700000135
2025-03-20T13:17:37.000000,9831.050099999968,-5656.880599999834,4174.1695000001355
2025-03-20T13:17:47.000000,9831.050099999968,-5684.786149999834,4146.263950000135
2025-03-20T13:18:07.000000,9831.050099999968,-5709.698449999835,4121.351650000134
2025-03-20T13:18:17.000000,9831.050099999968,-5749.600999999835,4081.4491000001344
2025-03-20T13:18:22.000000,9831.050099999968,-5783.505049999835,4047.5450500001343
2025-03-20T13:18:27.000000,9831.050099999968,-5814.408649999836,4016.641450000134
2025-03-20T13:18:32.000000,9831.050099999968,-5848.312699999836,3982.7374000001337
2025-03-20T13:18:42.000000,9831.050099999968,-5882.216749999836,3948.8333500001336
2025-03-20T13:18:47.000000,9831.050099999968,-5913.122749999835,3917.927350000134
2025-03-20T13:19:02.000000,9831.050099999968,-5935.029799999835,3896.020300000134
2025-03-20T13:19:22.000000,9831.050099999968,-5953.936399999836,3877.113700000133
2025-03-20T13:20:17.000000,9831.050099999968,-5951.847049999836,3879.2030500001333
2025-03-20T13:20:52.000000,9831.050099999968,-5946.764449999835,3884.285650000134
2025-03-20T13:20:57.000000,9831.050099999968,-5941.677049999834,3889.3730500001348
2025-03-20T13:21:02.000000,9831.050099999968,-5933.593999999834,3897.456100000135
2025-03-20T13:21:07.000000,9831.050099999968,-5931.507049999834,3899.5430500001353
2025-03-20T13:21:12.000000,9831.050099999968,-5929.422499999833,3901.6276000001358
2025-03-20T13:21:32.000000,9831.050099999968,-5921.341849999833,3909.708250000136
2025-03-20T13:21:37.000000,9831.050099999968,-5910.263149999832,3920.7869500001366
2025-03-20T13:21:42.000000,9831.050099999968,-5902.184899999832,3928.8652000001366
2025-03-20T13:21:47.000000,9831.050099999968,-5894.1066499998315,3936.9434500001366
2025-03-20T13:21:52.000000,9831.050099999968,-5883.030349999832,3948.0197500001364
2025-03-20T13:21:57.000000,9831.050099999968,-5874.952099999831,3956.0980000001364
2025-03-20T13:22:02.000000,9831.050099999968,-5866.869049999831,3964.1810500001366
2025-03-20T13:22:07.000000,9831.050099999968,-5852.787499999831,3978.2626000001364
2025-03-20T13:22:17.000000,9831.050099999968,-5844.704449999831,3986.3456500001366
2025-03-20T13:22:22.000000,9831.050099999968,-5836.6189999998305,3994.4311000001367
2025-03-20T13:22:27.000000,9781.438999999968,-5836.6189999998305,3944.820000000136
2025-03-20T13:22:27.000000,9781.438999999968,-5831.5339999998305,3949.9050000001357
2025-03-20T13:22:32.000000,9781.438999999968,-5826.446599999829,3954.9924000001365
2025-03-20T13:22:37.000000,9781.438999999968,-5821.359199999828,3960.0798000001373
2025-03-20T13:22:42.000000,9781.438999999968,-5816.271799999827,3965.167200000138
2025-03-20T13:22:47.000000,9781.438999999968,-5802.183049999827,3979.255950000138
2025-03-20T13:23:12.000000,9781.438999999968,-5776.099699999827,4005.339300000138
2025-03-20T13:23:42.000000,9781.438999999968,-5753.014399999826,4028.4246000001385
2025-03-20T13:23:47.000000,9781.438999999968,-5726.928649999825,4054.5103500001396
2025-03-20T13:23:52.000000,9781.438999999968,-5706.841399999826,4074.5976000001397
2025-03-20T13:23:57.000000,9781.438999999968,-5677.755199999825,4103.68380000014
2025-03-20T13:24:07.000000,9781.438999999968,-5654.665099999825,4126.77390000014
2025-03-20T13:24:12.000000,9781.438999999968,-5631.572599999824,4149.866400000141
2025-03-20T13:24:17.000000,9781.438999999968,-5605.482049999823,4175.956950000142
2025-03-20T13:27:07.000000,9759.843299999968,-5605.482049999823,4154.361250000142
2025-03-20T13:27:17.000000,9738.247599999968,-5605.482049999823,4132.765550000142
2025-03-20T13:27:27.000000,9702.649799999968,-5605.482049999823,4097.167750000142
2025-03-20T13:27:32.000000,9667.051999999969,-5605.482049999823,4061.569950000143
2025-03-20T13:27:57.000000,9631.45419999997,-5605.482049999823,4025.9721500001433
2025-03-20T13:28:02.000000,9595.85639999997,-5605.482049999823,3990.3743500001437
2025-03-20T13:30:27.000000,9585.912749999969,-5605.482049999823,3980.430700000143
2025-03-20T13:30:32.000000,9578.971949999968,-5605.482049999823,3973.4899000001433
2025-03-20T13:30:37.000000,9569.030699999968,-5605.482049999823,3963.548650000144
2025-03-20T13:30:52.000000,9562.09229999997,-5605.482049999823,3956.610250000144
2025-03-20T13:31:12.000000,9558.154349999968,-5605.482049999823,3952.6723000001434
2025-03-20T13:31:17.000000,9554.216399999967,-5605.482049999823,3948.734350000143
2025-03-20T13:36:27.000000,9554.216399999967,-5577.137449999823,3977.0789500001433
2025-03-20T13:36:42.000000,9554.216399999967,-5548.7928499998225,4005.4235500001437
2025-03-20T13:38:02.000000,9546.667599999966,-5548.7928499998225,3997.8747500001436
2025-03-20T13:38:32.000000,9525.116699999966,-5548.7928499998225,3976.323850000144
2025-03-20T13:39:12.000000,9503.214449999965,-5548.7928499998225,3954.421600000144
2025-03-20T13:39:17.000000,9472.315649999964,-5548.7928499998225,3923.5228000001434
2025-03-20T13:39:22.000000,9438.413999999964,-5548.7928499998225,3889.6211500001436
2025-03-20T13:40:57.000000,9438.413999999964,-5525.714749999823,3912.699250000143
2025-03-20T13:43:22.000000,9438.413999999964,-5517.065949999823,3921.3480500001424
2025-03-20T13:43:32.000000,9438.413999999964,-5504.419749999823,3933.9942500001425
2025-03-20T13:43:52.000000,9438.413999999964,-5481.296049999823,3957.117950000143
2025-03-20T13:44:22.000000,9438.413999999964,-5470.171749999823,3968.2422500001426
2025-03-20T13:44:32.000000,9430.865199999964,-5470.171749999823,3960.6934500001425
2025-03-20T13:44:37.000000,9430.865199999964,-5468.0439999998225,3962.821200000143
2025-03-20T13:44:52.000000,9451.298199999963,-5468.0439999998225,3983.2542000001426
2025-03-20T13:44:52.000000,9451.298199999963,-5468.919099999822,3982.379100000144
2025-03-20T13:46:37.000000,9447.977199999963,-5468.919099999822,3979.058100000143
2025-03-20T13:49:42.000000,9448.227999999963,-5468.919099999822,3979.308900000143
2025-03-20T13:50:02.000000,9448.227999999963,-5463.786099999822,3984.4419000001426
2025-03-20T13:50:12.000000,9424.475199999963,-5463.786099999822,3960.6891000001415
2025-03-20T13:51:12.000000,9424.475199999963,-5457.355199999823,3967.1200000001413
2025-03-20T14:00:32.000000,9424.475199999963,-5444.689799999823,3979.7854000001416
2025-03-20T14:00:37.000000,9424.475199999963,-5427.562199999822,3996.9130000001423
2025-03-20T14:00:42.000000,9424.475199999963,-5407.436549999822,4017.0386500001423
2025-03-20T14:00:47.000000,9424.475199999963,-5390.311349999823,4034.163850000142
2025-03-20T14:00:52.000000,9424.475199999963,-5370.188099999823,4054.287100000142
2025-03-20T14:01:17.000000,9424.475199999963,-5356.058549999823,4068.416650000142
2025-03-20T14:01:22.000000,9424.475199999963,-5341.928999999824,4082.546200000142
2025-03-20T14:01:27.000000,9424.475199999963,-5327.799449999824,4096.675750000142
2025-03-20T14:01:32.000000,9424.475199999963,-5316.6679499998245,4107.807250000142
2025-03-20T14:01:37.000000,9424.475199999963,-5292.451949999825,4132.023250000141
2025-03-20T14:01:37.000000,9424.475199999963,-5281.3204499998255,4143.154750000141
2025-03-20T14:01:52.000000,9424.475199999963,-5279.233499999826,4145.241700000141
2025-03-20T14:01:52.000000,9424.475199999963,-5268.099599999826,4156.37560000014
2025-03-20T14:01:57.000000,9424.475199999963,-5266.012649999826,4158.46255000014
2025-03-20T14:01:57.000000,9424.475199999963,-5254.881149999826,4169.59405000014
2025-03-20T14:02:07.000000,9424.475199999963,-5255.789849999826,4168.68535000014
2025-03-20T14:02:12.000000,9424.475199999963,-5244.653549999827,4179.821650000139
2025-03-20T14:04:27.000000,9424.475199999963,-5252.597549999828,4171.877650000139
2025-03-20T14:04:32.000000,9424.475199999963,-5260.541549999828,4163.933650000138
2025-03-20T14:09:32.000000,9417.203199999962,-5260.541549999828,4156.661650000138
2025-03-20T14:14:57.000000,9417.203199999962,-5258.406599999828,4158.796600000138
2025-03-20T14:15:17.000000,9417.203199999962,-5250.173799999829,4167.029400000138
2025-03-20T14:15:22.000000,9417.203199999962,-5248.034049999829,4169.169150000137
2025-03-20T14:15:32.000000,9417.203199999962,-5255.79724999983,4161.405950000137
2025-03-20T14:16:22.000000,9417.203199999962,-5277.314549999829,4139.888650000137
2025-03-20T14:19:32.000000,9417.203199999962,-5296.948349999829,4120.254850000138
2025-03-20T14:21:22.000000,9417.203199999962,-5336.716349999828,4080.4868500001385
2025-03-20T14:21:32.000000,9417.203199999962,-5344.348349999827,4072.8548500001384
2025-03-20T14:22:57.000000,9417.203199999962,-5345.249849999827,4071.9533500001385
2025-03-20T14:24:47.000000,9417.203199999962,-5305.037849999829,4112.165350000138
2025-03-20T14:24:57.000000,9417.203199999962,-5256.83104999983,4160.372150000137
2025-03-20T14:25:12.000000,9417.203199999962,-5200.629449999829,4216.573750000137
2025-03-20T14:25:22.000000,9417.203199999962,-5152.429049999829,4264.7741500001375
2025-03-20T14:26:02.000000,9417.203199999962,-5152.197449999829,4265.005750000138
2025-03-20T14:27:12.000000,9417.203199999962,-5127.975049999829,4289.228150000137
2025-03-20T14:27:17.000000,9417.203199999962,-5111.74744999983,4305.4557500001365
2025-03-20T14:29:27.000000,9417.203199999962,-5119.67064999983,4297.532550000136
2025-03-20T14:32:32.000000,9409.721599999963,-5119.67064999983,4290.050950000136
2025-03-20T14:32:42.000000,9402.239999999963,-5119.67064999983,4282.569350000136
2025-03-20T14:33:17.000000,9422.751399999965,-5119.67064999983,4303.0807500001365
2025-03-20T14:33:27.000000,9429.260699999966,-5119.67064999983,4309.590050000137
2025-03-20T14:33:52.000000,9435.758799999965,-5119.67064999983,4316.088150000137
2025-03-20T14:34:32.000000,9435.758799999965,-5139.294849999829,4296.463950000138
2025-03-20T14:38:22.000000,9435.758799999965,-5130.6236499998295,4305.135150000137
2025-03-20T14:38:22.000000,9435.758799999965,-5058.381249999829,4377.3775500001375
2025-03-20T14:38:22.000000,9435.758799999965,-4994.13364999983,4441.625150000137
2025-03-20T14:38:27.000000,9435.758799999965,-4985.46244999983,4450.296350000137
2025-03-20T14:38:27.000000,9435.758799999965,-4929.22244999983,4506.536350000137
2025-03-20T14:38:32.000000,9435.758799999965,-4880.98364999983,4554.775150000137
2025-03-20T14:38:37.000000,9435.758799999965,-4872.309249999829,4563.449550000138
2025-03-20T14:38:37.000000,9435.758799999965,-4816.075649999829,4619.683150000138
2025-03-20T14:38:42.000000,9435.758799999965,-4775.831649999828,4659.927150000139
2025-03-20T14:38:47.000000,9435.758799999965,-4711.590449999829,4724.168350000138
2025-03-20T14:38:52.000000,9435.758799999965,-4663.338849999828,4772.419950000139
2025-03-20T14:38:57.000000,9435.758799999965,-4607.086049999828,4828.672750000139
2025-03-20T14:39:02.000000,9435.758799999965,-4542.832049999828,4892.926750000139
2025-03-20T14:39:07.000000,9435.758799999965,-4486.5728499998295,4949.185950000137
2025-03-20T14:39:22.000000,9435.758799999965,-4476.106149999829,4959.652650000138
2025-03-20T14:41:47.000000,9435.758799999965,-4413.599649999829,5022.159150000138
2025-03-20T14:41:57.000000,9435.758799999965,-4372.490049999829,5063.2687500001375
2025-03-20T14:42:02.000000,9435.758799999965,-4328.379999999829,5107.378800000138
2025-03-20T14:42:12.000000,9435.758799999965,-4287.265599999831,5148.493200000136
2025-03-20T14:44:42.000000,9428.469199999965,-4287.265599999831,5141.203600000136
2025-03-20T14:45:02.000000,9448.700449999966,-4287.265599999831,5161.434850000136
2025-03-21T09:50:42.000000,9448.700449999966,-4259.22834999983,5189.472100000136
2025-03-21T09:50:47.000000,9448.700449999966,-4236.187849999831,5212.5126000001355
2025-03-21T10:01:22.000000,9448.700449999966,-4251.669199999831,5197.0312500001355
2025-03-21T10:03:07.000000,9472.922849999964,-4251.669199999831,5221.253650000135
2025-03-21T10:04:02.000000,9513.147649999964,-4251.669199999831,5261.478450000135
2025-03-21T10:05:32.000000,9513.147649999964,-4276.154299999831,5236.993350000135
2025-03-21T10:05:42.000000,9513.147649999964,-4303.637449999831,5209.510200000135
2025-03-21T10:06:02.000000,9513.147649999964,-4328.1201499998315,5185.027500000135
2025-03-21T10:07:12.000000,9513.147649999964,-4307.622499999831,5205.525150000135
2025-03-21T10:07:27.000000,9513.147649999964,-4314.109699999831,5199.037950000135
2025-03-21T10:07:32.000000,9513.147649999964,-4314.598399999831,5198.5492500001355
2025-03-21T10:14:47.000000,9513.147649999964,-4297.9723999998305,5215.175250000136
2025-03-21T10:19:12.000000,9506.734849999964,-4297.9723999998305,5208.762450000136
2025-03-21T10:19:17.000000,9434.185099999964,-4297.9723999998305,5136.212700000136
2025-03-21T10:19:27.000000,9412.774849999963,-4297.9723999998305,5114.802450000136
2025-03-21T10:19:32.000000,9327.223149999963,-4297.9723999998305,5029.250750000135
2025-03-21T10:19:37.000000,9241.671449999963,-4297.9723999998305,4943.699050000134
2025-03-21T10:22:52.000000,9241.671449999963,-4238.39689999983,5003.274550000135
2025-03-21T10:23:12.000000,9241.671449999963,-4184.81749999983,5056.853950000134
2025-03-21T10:23:32.000000,9182.154849999963,-4184.81749999983,4997.337350000134
2025-03-21T10:23:42.000000,9122.638249999962,-4184.81749999983,4937.8207500001345
2025-03-21T10:24:22.000000,9087.550049999962,-4184.81749999983,4902.732550000135
2025-03-21T10:25:22.000000,9040.369649999962,-4184.81749999983,4855.552150000136
2025-03-21T10:25:27.000000,9041.183649999963,-4184.81749999983,4856.366150000135
2025-03-21T10:26:07.000000,8973.650649999963,-4184.81749999983,4788.833150000135
2025-03-21T10:26:12.000000,8906.117649999964,-4184.81749999983,4721.300150000135
2025-03-21T10:26:47.000000,8893.759149999963,-4184.81749999983,4708.941650000134
2025-03-21T10:31:32.000000,8904.441849999963,-4184.81749999983,4719.624350000134
2025-03-21T10:36:42.000000,8904.441849999963,-4206.23014999983,4698.2117000001335
2025-03-21T10:37:22.000000,8904.441849999963,-4206.64924999983,4697.7926000001335
2025-03-21T10:37:27.000000,8904.441849999963,-4213.06684999983,4691.375000000134
2025-03-21T10:37:32.000000,8904.441849999963,-4219.48204999983,4684.959800000133
2025-03-21T10:37:37.000000,8904.441849999963,-4225.8948499998305,4678.547000000133
2025-03-21T10:37:42.000000,8904.441849999963,-4235.30569999983,4669.136150000134
2025-03-21T10:37:57.000000,8904.441849999963,-4253.71309999983,4650.728750000134
2025-03-21T10:38:52.000000,8904.441849999963,-4252.65589999983,4651.785950000134
2025-03-21T10:39:17.000000,8904.441849999963,-4307.895099999829,4596.546750000135
2025-03-21T10:39:22.000000,8904.441849999963,-4314.826299999829,4589.615550000135
2025-03-21T10:39:22.000000,8904.441849999963,-4386.048699999828,4518.393150000135
2025-03-21T10:39:32.000000,8904.441849999963,-4465.259499999828,4439.182350000136
2025-03-21T10:39:32.000000,8904.441849999963,-4417.680999999829,4486.760850000135
2025-03-21T10:39:32.000000,8904.441849999963,-4370.102499999829,4534.339350000135
2025-03-21T10:39:37.000000,8904.441849999963,-4449.313299999829,4455.128550000135
2025-03-21T10:39:42.000000,8904.441849999963,-4520.522899999829,4383.918950000135
2025-03-21T10:39:42.000000,8904.441849999963,-4469.946349999828,4434.4955000001355
2025-03-21T10:39:47.000000,8904.441849999963,-4541.155949999828,4363.285900000135
2025-03-21T10:39:57.000000,8904.441849999963,-4481.575649999829,4422.866200000135
2025-03-21T10:40:12.000000,8904.441849999963,-4424.99579999983,4479.446050000134
2025-03-21T10:40:12.000000,8904.441849999963,-4365.41789999983,4539.0239500001335
2025-03-21T10:40:12.000000,8904.441849999963,-4305.839999999831,4598.601850000133
2025-03-21T10:40:17.000000,8904.441849999963,-4249.257749999831,4655.184100000133
2025-03-21T10:40:32.000000,8904.441849999963,-4204.674899999831,4699.766950000133
2025-03-21T10:41:57.000000,8904.441849999963,-4238.2291999998315,4666.212650000132
2025-03-21T10:43:32.000000,8904.441849999963,-4205.487199999832,4698.954650000132
2025-03-21T10:43:42.000000,8904.441849999963,-4122.493699999832,4781.948150000132
2025-03-21T10:43:47.000000,8904.441849999963,-4117.062949999832,4787.378900000132
2025-03-21T10:48:27.000000,8904.441849999963,-4165.467649999832,4738.9742000001315
2025-03-21T10:50:02.000000,8911.848099999963,-4165.467649999832,4746.3804500001315
2025-03-21T10:50:27.000000,8911.848099999963,-4186.877899999832,4724.970200000132
2025-03-21T10:51:47.000000,8911.848099999963,-4163.866999999832,4747.981100000132
2025-03-21T10:51:47.000000,8911.848099999963,-4149.293449999832,4762.554650000132
2025-03-21T10:51:52.000000,8911.848099999963,-4134.722299999832,4777.125800000132
2025-03-21T10:52:02.000000,8911.848099999963,-4105.156099999832,4806.692000000132
2025-03-21T10:52:07.000000,8911.848099999963,-4078.587949999832,4833.260150000132
2025-03-21T10:52:17.000000,8911.848099999963,-4055.0154499998316,4856.832650000132
2025-03-21T10:52:22.000000,8911.848099999963,-4031.4453499998313,4880.402750000133
2025-03-21T10:52:27.000000,8911.848099999963,-4007.872849999831,4903.975250000133
2025-03-21T10:52:32.000000,8911.848099999963,-3987.298399999831,4924.549700000133
2025-03-21T10:52:37.000000,8911.848099999963,-3969.7243999998313,4942.123700000133
2025-03-21T10:52:42.000000,8911.848099999963,-3955.146049999831,4956.702050000133
2025-03-21T10:52:47.000000,8911.848099999963,-3934.571599999831,4977.276500000133
2025-03-21T10:52:52.000000,8911.848099999963,-3916.9951999998307,4994.852900000134
2025-03-21T10:52:57.000000,8911.848099999963,-3902.4168499998304,5009.431250000133
2025-03-21T10:53:02.000000,8911.848099999963,-3884.838049999831,5027.010050000133
2025-03-21T10:53:27.000000,8911.848099999963,-3858.260299999831,5053.587800000132
2025-03-21T10:53:37.000000,8911.848099999963,-3831.6825499998313,5080.165550000132
2025-03-21T10:53:42.000000,8911.848099999963,-3808.105249999831,5103.742850000132
2025-03-21T10:53:57.000000,8911.848099999963,-3785.0895499998305,5126.758550000133
2025-03-21T10:53:57.000000,8911.848099999963,-3765.0718999998307,5146.776200000133
2025-03-21T10:53:57.000000,8911.848099999963,-3748.05229999983,5163.795800000134
2025-03-21T10:54:47.000000,8911.848099999963,-3771.35709999983,5140.491000000134
2025-03-21T10:55:02.000000,8911.848099999963,-3794.6682999998297,5117.179800000134
2025-03-21T10:55:07.000000,8911.848099999963,-3801.98989999983,5109.858200000133
2025-03-21T10:56:07.000000,8911.848099999963,-3833.3342999998295,5078.513800000134
2025-03-21T10:56:27.000000,8911.848099999963,-3816.67789999983,5095.170200000134
2025-03-21T10:57:27.000000,8911.848099999963,-3864.0438999998305,5047.804200000133
2025-03-21T10:57:37.000000,8911.848099999963,-3927.399499999831,4984.448600000133
2025-03-21T10:59:27.000000,8911.848099999963,-3926.547099999831,4985.301000000133
2025-03-21T11:03:07.000000,8911.848099999963,-3989.934699999831,4921.913400000133
2025-03-21T11:03:17.000000,8911.848099999963,-4085.320699999832,4826.527400000132
2025-03-21T11:04:02.000000,8911.848099999963,-4076.7384499998316,4835.109650000132
2025-03-21T11:04:07.000000,8911.848099999963,-4071.154249999831,4840.693850000133
2025-03-21T11:04:22.000000,8911.848099999963,-4071.5709499998297,4840.2771500001345
2025-03-21T11:04:27.000000,8911.848099999963,-4050.72834999983,4861.119750000134
2025-03-21T11:04:32.000000,8911.848099999963,-4051.1426499998297,4860.705450000134
2025-03-21T11:04:37.000000,8911.848099999963,-4054.557399999829,4857.290700000134
2025-03-21T11:04:42.000000,8911.848099999963,-4066.966299999829,4844.881800000135
2025-03-21T11:05:12.000000,8911.848099999963,-4091.3697999998285,4820.478300000135
2025-03-21T11:05:17.000000,8911.848099999963,-4066.801799999828,4845.046300000136
2025-03-21T11:05:22.000000,8911.848099999963,-4058.223399999828,4853.624700000136
2025-03-21T11:05:22.000000,8911.848099999963,-4054.0935999998283,4857.7545000001355
2025-03-21T11:05:27.000000,8911.848099999963,-4037.5139999998287,4874.334100000135
2025-03-21T11:05:32.000000,8911.848099999963,-4036.923999999829,4874.924100000135
2025-03-21T11:07:37.000000,8934.268599999963,-4036.923999999829,4897.344600000136
2025-03-21T11:07:42.000000,8956.689099999963,-4036.923999999829,4919.765100000137
2025-03-21T11:07:52.000000,8994.099849999964,-4036.923999999829,4957.175850000137
2025-03-21T11:08:52.000000,9046.512849999965,-4036.923999999829,5009.588850000137
2025-03-21T11:09:07.000000,9098.925849999965,-4036.923999999829,5062.001850000138
2025-03-21T11:09:12.000000,9136.336599999966,-4036.923999999829,5099.412600000138
2025-03-21T11:10:47.000000,9136.336599999966,-4097.340099999828,5038.9965000001375
2025-03-21T11:10:52.000000,9136.336599999966,-4157.756199999829,4978.580400000137
2025-03-21T11:10:57.000000,9136.336599999966,-4218.172299999829,4918.164300000137
2025-03-21T11:11:02.000000,9136.336599999966,-4275.58794999983,4860.748650000136
2025-03-21T11:11:07.000000,9136.336599999966,-4333.003599999831,4803.333000000135
2025-03-21T11:11:17.000000,9136.336599999966,-4387.418799999831,4748.917800000135
2025-03-21T11:11:22.000000,9143.742849999966,-4387.418799999831,4756.324050000135
2025-03-21T11:11:22.000000,9143.742849999966,-4444.832049999831,4698.910800000135
2025-03-21T11:11:27.000000,9143.742849999966,-4499.249649999831,4644.493200000135
2025-03-21T11:11:52.000000,9143.742849999966,-4511.714399999832,4632.028450000134
2025-03-21T11:14:07.000000,9143.742849999966,-4527.164549999832,4616.578300000134
2025-03-21T11:14:17.000000,9143.742849999966,-4539.614249999832,4604.128600000134
2025-03-21T11:14:22.000000,9143.742849999966,-4555.064399999833,4588.678450000133
2025-03-21T11:14:27.000000,9143.742849999966,-4573.512599999834,4570.230250000132
2025-03-21T11:14:32.000000,9143.742849999966,-4591.960799999834,4551.782050000132
2025-03-21T11:14:37.000000,9143.742849999966,-4610.408999999835,4533.333850000131
2025-03-21T11:14:42.000000,9143.742849999966,-4625.859149999836,4517.88370000013
2025-03-21T11:14:52.000000,9143.742849999966,-4647.310199999836,4496.43265000013
2025-03-21T11:16:12.000000,9143.742849999966,-4641.757199999836,4501.98565000013
2025-03-21T11:16:12.000000,9143.742849999966,-4636.204199999836,4507.53865000013
2025-03-21T11:16:12.000000,9143.742849999966,-4630.6511999998365,4513.091650000129
2025-03-21T11:16:12.000000,9143.742849999966,-4628.096249999838,4515.646600000128
2025-03-21T11:16:12.000000,9143.742849999966,-4625.541299999839,4518.201550000127
2025-03-21T11:16:12.000000,9143.742849999966,-4622.98634999984,4520.756500000126
2025-03-21T11:16:12.000000,9143.742849999966,-4623.4294499998405,4520.3134000001255
2025-03-21T11:16:22.000000,9143.742849999966,-4629.873449999841,4513.869400000125
2025-03-21T11:18:47.000000,9143.742849999966,-4582.830149999841,4560.912700000125
2025-03-21T11:18:52.000000,9143.742849999966,-4532.78879999984,4610.954050000126
2025-03-21T11:18:57.000000,9143.742849999966,-4482.745049999841,4660.997800000125
2025-03-21T11:19:47.000000,9143.742849999966,-4435.704149999841,4708.038700000125
2025-03-21T11:19:47.000000,9143.742849999966,-4391.6612999998415,4752.0815500001245
2025-03-21T11:19:47.000000,9143.742849999966,-4344.6203999998415,4799.122450000124
2025-03-21T11:20:22.000000,9143.742849999966,-4330.070849999842,4813.672000000124
2025-03-21T11:20:27.000000,9143.742849999966,-4327.513499999842,4816.229350000124
2025-03-21T11:20:32.000000,9143.742849999966,-4321.955699999842,4821.787150000124
2025-03-21T11:20:37.000000,9143.742849999966,-4319.3935499998415,4824.3493000001245
2025-03-21T11:20:42.000000,9143.742849999966,-4328.823599999842,4814.919250000124
2025-03-21T11:20:47.000000,9143.742849999966,-4341.2516999998425,4802.4911500001235
2025-03-21T11:21:47.000000,9143.742849999966,-4323.692099999842,4820.050750000124
2025-03-21T11:21:52.000000,9143.742849999966,-4303.132049999842,4840.610800000124
2025-03-21T11:21:57.000000,9143.742849999966,-4285.570049999842,4858.172800000124
2025-03-21T11:22:02.000000,9143.742849999966,-4268.008049999842,4875.734800000124
2025-03-21T11:22:27.000000,9143.742849999966,-4250.438849999841,4893.304000000125
2025-03-21T11:23:17.000000,9143.742849999966,-4232.8696499998405,4910.8732000001255
2025-03-21T11:25:02.000000,9143.742849999966,-4224.233649999841,4919.509200000125
2025-03-21T13:02:27.000000,9106.202349999967,-4224.233649999841,4881.968700000126
2025-03-21T13:06:32.000000,9068.673849999968,-4224.233649999841,4844.440200000126
2025-03-21T13:06:57.000000,9068.673849999968,-4218.639849999841,4850.034000000126
2025-03-21T13:07:02.000000,9068.673849999968,-4213.046049999842,4855.627800000126
2025-03-21T13:07:12.000000,9068.673849999968,-4219.444449999842,4849.229400000126
2025-03-21T13:10:07.000000,9031.157349999967,-4219.444449999842,4811.712900000125
2025-03-21T13:10:37.000000,9031.157349999967,-4234.914449999842,4796.242900000125
2025-03-21T13:11:42.000000,9031.157349999967,-4206.550649999843,4824.606700000124
2025-03-21T13:13:12.000000,9031.157349999967,-4204.477149999843,4826.6802000001235
2025-03-21T13:20:17.000000,9031.157349999967,-4244.033949999843,4787.123400000124
2025-03-21T13:20:32.000000,9031.157349999967,-4323.743949999843,4707.413400000124
2025-03-21T13:20:37.000000,9031.157349999967,-4387.470749999843,4643.686600000124
2025-03-21T13:20:42.000000,9031.157349999967,-4427.027549999842,4604.129800000124
2025-03-21T13:20:52.000000,9031.157349999967,-4642.668349999843,4388.489000000124
2025-03-21T13:21:02.000000,9031.157349999967,-4794.363549999843,4236.793800000124
2025-03-21T13:21:37.000000,9031.157349999967,-4938.127949999843,4093.029400000124
2025-03-21T13:21:57.000000,9031.157349999967,-5193.8387499998435,3837.3186000001238
2025-03-21T13:22:07.000000,9031.157349999967,-5425.533149999843,3605.6242000001243
2025-03-21T13:22:07.000000,9031.157349999967,-5443.952549999843,3587.2048000001246
2025-03-21T13:22:12.000000,9031.157349999967,-5619.651349999844,3411.506000000124
2025-03-21T13:22:12.000000,9031.157349999967,-5638.070749999843,3393.0866000001242
2025-03-21T13:22:17.000000,9031.157349999967,-5653.492099999844,3377.6652500001237
2025-03-21T13:22:22.000000,9031.157349999967,-5665.915399999843,3365.241950000124
2025-03-21T13:22:27.000000,9031.157349999967,-5681.339149999842,3349.8182000001243
2025-03-21T13:22:32.000000,9031.157349999967,-5720.749699999842,3310.4076500001247
2025-03-21T13:22:37.000000,9031.157349999967,-5763.163099999842,3267.9942500001243
2025-03-21T13:22:52.000000,9031.157349999967,-5802.969499999843,3228.1878500001235
2025-03-21T13:22:57.000000,9031.157349999967,-5874.7678999998425,3156.3894500001234
2025-03-21T13:22:57.000000,9031.157349999967,-5929.185499999842,3101.971850000123
2025-03-21T13:23:02.000000,9031.157349999967,-6032.969499999842,2998.187850000124
2025-03-21T13:23:07.000000,9031.157349999967,-6176.733899999842,2854.423450000124
2025-03-21T13:23:07.000000,9031.157349999967,-6234.149549999843,2797.0078000001236
2025-03-21T13:23:12.000000,9031.157349999967,-6393.903549999843,2637.253800000124
2025-03-21T13:23:12.000000,9031.157349999967,-6436.316949999843,2594.8404000001237
2025-03-21T13:23:17.000000,9031.157349999967,-6628.056549999843,2403.1008000001234
2025-03-21T13:23:32.000000,9031.157349999967,-6811.814149999844,2219.343200000123
2025-03-21T13:23:52.000000,9031.157349999967,-6860.228449999844,2170.9289000001227
2025-03-21T13:23:57.000000,9031.157349999967,-6932.0204499998445,2099.1369000001228
2025-03-21T13:24:02.000000,9031.157349999967,-6966.872649999843,2064.284700000124
2025-03-21T13:24:07.000000,9031.157349999967,-7062.636249999844,1968.521100000123
2025-03-21T13:24:12.000000,9031.157349999967,-7158.380649999844,1872.7767000001234
2025-03-21T13:24:17.000000,9031.157349999967,-7246.1238499998435,1785.0335000001237
2025-03-21T13:24:32.000000,9031.157349999967,-7333.879849999845,1697.2775000001225
2025-03-21T13:24:42.000000,9031.157349999967,-7361.298199999845,1669.8591500001223
2025-03-21T13:24:47.000000,9031.157349999967,-7389.237199999844,1641.9201500001227
2025-03-21T13:25:07.000000,9031.157349999967,-7395.659599999844,1635.4977500001228
2025-03-21T13:25:32.000000,9031.157349999967,-7399.081549999844,1632.0758000001233
2025-03-21T13:25:37.000000,9031.157349999967,-7411.497649999844,1619.6597000001234
2025-03-21T13:25:42.000000,9031.157349999967,-7414.921999999844,1616.2353500001227
2025-03-21T13:25:47.000000,9031.157349999967,-7430.338549999844,1600.8188000001223
2025-03-21T13:25:52.000000,9031.157349999967,-7442.754649999843,1588.4027000001224
2025-03-21T13:25:57.000000,9031.157349999967,-7434.521849999844,1596.6355000001222
2025-03-21T13:26:07.000000,9031.157349999967,-7434.303049999844,1596.854300000122
2025-03-21T13:26:12.000000,9031.157349999967,-7434.090649999845,1597.066700000122
2025-03-21T13:26:12.000000,9031.157349999967,-7437.5125999998445,1593.6447500001225
2025-03-21T13:26:17.000000,9031.157349999967,-7495.480099999843,1535.6772500001236
2025-03-21T13:26:17.000000,9031.157349999967,-7498.902049999843,1532.2553000001242
2025-03-21T13:26:22.000000,9031.157349999967,-7556.869549999842,1474.2878000001253
2025-03-21T13:26:22.000000,9031.157349999967,-7563.289549999842,1467.8678000001253
2025-03-21T13:26:27.000000,9031.157349999967,-7621.257049999841,1409.9003000001264
2025-03-21T13:26:27.000000,9031.157349999967,-7630.672699999842,1400.484650000126
2025-03-21T13:26:32.000000,9031.157349999967,-7688.640199999841,1342.5171500001272
2025-03-21T13:26:37.000000,9031.157349999967,-7746.6076999998395,1284.5496500001284
2025-03-21T13:26:37.000000,9031.157349999967,-7759.023799999839,1272.1335500001285
2025-03-21T13:26:42.000000,9031.157349999967,-7796.988299999838,1234.1690500001291
2025-03-21T13:26:47.000000,9031.157349999967,-7834.952799999837,1196.2045500001298
2025-03-21T13:26:47.000000,9031.157349999967,-7818.801999999838,1212.3553500001292
2025-03-21T13:26:47.000000,9031.157349999967,-7825.221999999838,1205.9353500001291
2025-03-21T13:26:52.000000,9031.157349999967,-7863.186499999837,1167.9708500001298
2025-03-21T13:26:52.000000,9031.157349999967,-7872.604549999836,1158.5528000001304
2025-03-21T13:27:02.000000,9031.157349999967,-7882.024999999837,1149.13235000013
2025-03-21T13:27:12.000000,9031.157349999967,-7857.847399999836,1173.3099500001306
2025-03-21T13:27:17.000000,9031.157349999967,-7857.647799999836,1173.5095500001305
2025-03-21T13:27:22.000000,9031.157349999967,-7836.494799999836,1194.6625500001305
2025-03-21T13:27:22.000000,9031.157349999967,-7828.287599999836,1202.8697500001301
2025-03-21T13:27:27.000000,9031.157349999967,-7820.073999999836,1211.0833500001297
2025-03-21T13:27:57.000000,9031.157349999967,-7793.5106499998365,1237.6467000001296
2025-03-21T13:27:57.000000,9031.157349999967,-7763.949249999836,1267.20810000013
2025-03-21T13:28:07.000000,9031.157349999967,-7734.387849999835,1296.7695000001302
2025-03-21T13:28:12.000000,9031.157349999967,-7709.234249999836,1321.9231000001296
2025-03-21T13:28:12.000000,9031.157349999967,-7673.674349999836,1357.4830000001298
2025-03-21T13:28:17.000000,9031.157349999967,-7653.104699999834,1378.0526500001308
2025-03-21T13:28:22.000000,9031.157349999967,-7644.527249999835,1386.630100000131
2025-03-21T13:28:32.000000,9031.157349999967,-7629.951299999834,1401.2060500001312
2025-03-21T13:28:57.000000,9031.157349999967,-7613.7940999998345,1417.3632500001306
2025-03-21T13:29:07.000000,9031.157349999967,-7629.616099999835,1401.5412500001307
2025-03-21T13:29:12.000000,9031.157349999967,-7653.426499999834,1377.730850000131
2025-03-21T13:29:17.000000,9031.157349999967,-7693.226499999835,1337.9308500001305
2025-03-21T13:29:17.000000,9031.157349999967,-7669.656399999834,1361.5009500001308
2025-03-21T13:29:27.000000,9031.157349999967,-7685.4527999998345,1345.7045500001311
2025-03-21T13:29:47.000000,9031.157349999967,-7645.272799999834,1385.8845500001314
2025-03-21T13:30:12.000000,9031.157349999967,-7637.830549999834,1393.326800000131
2025-03-21T13:30:12.000000,9031.157349999967,-7637.637349999833,1393.5200000001323
2025-03-21T13:30:17.000000,9031.157349999967,-7630.195099999833,1400.962250000132
2025-03-21T13:30:27.000000,9031.157349999967,-7622.7528499998325,1408.4045000001315
2025-03-21T13:30:27.000000,9031.157349999967,-7638.549249999833,1392.6081000001318
2025-03-21T13:30:32.000000,9031.157349999967,-7631.106999999833,1400.0503500001314
2025-03-21T13:30:32.000000,9031.157349999967,-7646.903399999833,1384.2539500001317
2025-03-21T13:30:37.000000,9031.157349999967,-7654.451399999833,1376.7059500001317
2025-03-21T13:30:37.000000,9031.157349999967,-7694.238599999833,1336.918750000131
2025-03-21T13:30:52.000000,9031.157349999967,-7701.786599999833,1329.370750000131
2025-03-21T13:30:57.000000,9031.157349999967,-7709.334599999833,1321.822750000131
2025-03-21T13:31:57.000000,9031.157349999967,-7685.150599999832,1346.0067500001317
2025-03-21T13:32:02.000000,9031.157349999967,-7676.962599999831,1354.1947500001327
2025-03-21T13:32:07.000000,9031.157349999967,-7676.769399999829,1354.387950000134
2025-03-21T13:32:12.000000,9031.157349999967,-7692.57219999983,1338.5851500001327
2025-03-21T13:32:17.000000,9031.157349999967,-7716.369799999831,1314.7875500001317
2025-03-21T13:32:27.000000,9031.157349999967,-7764.151799999831,1267.005550000131
2025-03-21T13:34:22.000000,9031.157349999967,-7835.975799999831,1195.181550000131
2025-03-21T13:34:37.000000,9031.157349999967,-7923.782999999832,1107.3743500001299
2025-03-21T13:38:17.000000,9031.157349999967,-7944.751349999832,1086.4060000001302
2025-03-21T13:39:27.000000,9031.157349999967,-7856.596149999831,1174.561200000131
2025-03-21T13:39:32.000000,9031.157349999967,-7792.425349999831,1238.732000000131
2025-03-21T13:39:42.000000,9031.157349999967,-7720.266149999831,1310.8912000001305
2025-03-21T13:39:47.000000,9031.157349999967,-7664.102949999831,1367.0544000001305
2025-03-21T13:40:02.000000,9031.157349999967,-7639.931749999832,1391.2256000001298
2025-03-21T13:40:02.000000,9031.157349999967,-7598.3805499998325,1432.77680000013
2025-03-21T13:40:22.000000,9031.157349999967,-7590.950299999831,1440.207050000131
2025-03-21T13:40:42.000000,9031.157349999967,-7552.394749999832,1478.7626000001305
2025-03-21T13:41:37.000000,9031.157349999967,-7504.226349999832,1526.9310000001308
2025-03-21T13:43:37.000000,9031.157349999967,-7524.100149999834,1507.057200000129
2025-03-21T13:45:52.000000,9031.157349999967,-7483.913749999833,1547.2436000001294
2025-03-21T13:45:57.000000,9031.157349999967,-7451.722149999832,1579.43520000013
2025-03-21T13:46:22.000000,9031.157349999967,-7419.511349999833,1611.646000000129
2025-03-21T13:51:57.000000,9031.157349999967,-7426.688949999833,1604.4684000001291
2025-03-21T13:52:07.000000,9031.157349999967,-7437.867149999834,1593.2902000001286
2025-03-21T13:52:27.000000,9111.400949999967,-7437.867149999834,1673.5338000001282
2025-03-21T13:52:37.000000,9191.650949999968,-7437.867149999834,1753.783800000129
2025-03-21T13:53:02.000000,9303.91214999997,-7437.867149999834,1866.0450000001294
2025-03-21T13:56:42.000000,9303.91214999997,-7405.041949999833,1898.8702000001301
2025-03-21T13:57:27.000000,9303.91214999997,-7412.817949999833,1891.09420000013
2025-03-21T14:03:02.000000,9303.91214999997,-7390.749449999834,1913.1627000001295
2025-03-21T14:03:27.000000,9303.91214999997,-7390.575449999834,1913.3367000001292
2025-03-21T14:03:42.000000,9303.91214999997,-7382.413049999835,1921.499100000129
2025-03-21T14:04:17.000000,9303.91214999997,-7366.255849999835,1937.6563000001283
2025-03-21T14:04:22.000000,9303.91214999997,-7358.093449999836,1945.818700000128
2025-03-21T14:04:37.000000,9303.91214999997,-7381.897449999837,1922.014700000127
2025-03-21T14:08:37.000000,9303.91214999997,-7381.710649999837,1922.2015000001268
2025-03-21T14:12:22.000000,9303.91214999997,-7391.582299999837,1912.3298500001263
2025-03-21T14:12:27.000000,9303.91214999997,-7359.027649999837,1944.884500000126
2025-03-21T14:13:07.000000,9303.91214999997,-7333.822849999838,1970.0893000001254
2025-03-21T14:13:07.000000,9303.91214999997,-7311.770349999838,1992.1418000001247
2025-03-21T14:13:12.000000,9303.91214999997,-7318.6415499998375,1985.2706000001247
2025-03-21T14:13:22.000000,9303.91214999997,-7311.199299999837,1992.7128500001243
2025-03-21T14:13:27.000000,9303.91214999997,-7289.146799999838,2014.7653500001236
2025-03-21T14:13:32.000000,9303.91214999997,-7267.094299999838,2036.817850000123
2025-03-21T14:13:37.000000,9303.91214999997,-7259.652049999838,2044.2601000001225
2025-03-21T14:13:52.000000,9303.91214999997,-7252.209799999838,2051.7023500001224
2025-03-21T14:13:57.000000,9303.91214999997,-7230.157299999838,2073.7548500001217
2025-03-21T14:14:02.000000,9303.91214999997,-7222.715049999838,2081.1971000001213
2025-03-21T14:14:12.000000,9303.91214999997,-7200.282549999837,2103.629600000122
2025-03-21T14:14:17.000000,9303.91214999997,-7183.164549999837,2120.7476000001225
2025-03-21T14:14:22.000000,9303.91214999997,-7175.040699999837,2128.871450000123
2025-03-21T14:14:22.000000,9303.91214999997,-7152.608199999836,2151.3039500001237
2025-03-21T14:14:22.000000,9303.91214999997,-7140.549199999837,2163.3629500001234
2025-03-21T14:14:27.000000,9303.91214999997,-7129.424899999837,2174.487250000123
2025-03-21T14:14:32.000000,9303.91214999997,-7106.992399999836,2196.9197500001237
2025-03-21T14:14:37.000000,9303.91214999997,-7099.550149999836,2204.3620000001233
2025-03-21T14:14:42.000000,9303.91214999997,-7092.107899999836,2211.804250000123
2025-03-21T14:14:47.000000,9303.91214999997,-7077.987949999836,2225.924200000123
2025-03-21T14:14:47.000000,9303.91214999997,-7055.555449999835,2248.356700000124
2025-03-21T14:14:52.000000,9303.91214999997,-7041.435499999835,2262.476650000124
2025-03-21T14:14:52.000000,9303.91214999997,-7019.002999999834,2284.909150000125
2025-03-21T14:14:52.000000,9303.91214999997,-6998.445349999834,2305.4668000001247
2025-03-21T14:14:57.000000,9303.91214999997,-6976.012849999834,2327.8993000001255
2025-03-21T14:14:57.000000,9303.91214999997,-6955.455199999834,2348.4569500001253
2025-03-21T14:15:02.000000,9303.91214999997,-6933.022699999833,2370.889450000126
2025-03-21T14:15:02.000000,9303.91214999997,-6915.463099999833,2388.4490500001266
2025-03-21T14:15:07.000000,9303.91214999997,-6908.0208499998325,2395.891300000126
2025-03-21T14:15:12.000000,9303.91214999997,-6900.5785999998325,2403.333550000126
2025-03-21T14:15:22.000000,9303.91214999997,-6893.136349999832,2410.7758000001254
2025-03-21T14:15:27.000000,9303.91214999997,-6885.694099999832,2418.218050000125
2025-03-21T14:15:32.000000,9303.91214999997,-6878.251849999832,2425.6603000001246
2025-03-21T14:15:37.000000,9303.91214999997,-6870.809599999832,2433.102550000124
2025-03-21T14:15:42.000000,9303.91214999997,-6863.367349999832,2440.544800000124
2025-03-21T14:16:02.000000,9303.91214999997,-6855.925099999832,2447.9870500001234
2025-03-21T14:16:07.000000,9303.91214999997,-6848.482849999832,2455.429300000123
2025-03-21T14:16:27.000000,9303.91214999997,-6841.040599999832,2462.8715500001226
2025-03-21T14:19:32.000000,9320.13974999997,-6841.040599999832,2479.0991500001223
2025-03-21T14:26:02.000000,9387.53099999997,-6841.040599999832,2546.4904000001234
2025-03-21T14:26:07.000000,9409.93949999997,-6841.040599999832,2568.898900000123
2025-03-21T14:26:52.000000,9409.93949999997,-6823.483399999833,2586.456100000122
2025-03-21T14:27:02.000000,9409.93949999997,-6811.927099999833,2598.012400000122
2025-03-21T14:27:07.000000,9409.93949999997,-6797.372749999833,2612.566750000122
2025-03-21T14:27:12.000000,9409.93949999997,-6782.818399999833,2627.1211000001217
2025-03-21T14:27:17.000000,9409.93949999997,-6768.261649999833,2641.677850000122
2025-03-21T14:27:22.000000,9409.93949999997,-6769.542349999833,2640.3971500001217
2025-03-21T14:27:22.000000,9409.93949999997,-6760.984099999833,2648.9554000001217
2025-03-21T14:27:27.000000,9409.93949999997,-6755.423899999833,2654.5156000001216
2025-03-21T14:27:32.000000,9409.93949999997,-6749.863699999833,2660.0758000001215
2025-03-21T14:27:37.000000,9409.93949999997,-6747.301549999833,2662.6379500001217
2025-03-21T14:27:42.000000,9409.93949999997,-6750.737899999834,2659.2016000001213
2025-03-21T14:27:47.000000,9409.93949999997,-6754.1742499998345,2655.765250000121
2025-03-21T14:28:52.000000,9409.93949999997,-6729.996649999834,2679.942850000122
2025-03-21T14:29:02.000000,9409.93949999997,-6727.436899999834,2682.502600000121
2025-03-21T14:29:02.000000,9409.93949999997,-6726.590899999835,2683.348600000121
2025-03-21T14:29:07.000000,9409.93949999997,-6724.031149999835,2685.9083500001207
2025-03-21T14:29:07.000000,9409.93949999997,-6723.185149999836,2686.7543500001207
2025-03-21T14:29:12.000000,9409.93949999997,-6722.339149999836,2687.6003500001207
2025-03-21T14:29:22.000000,9409.93949999997,-6729.296749999836,2680.6427500001205
2025-03-21T14:29:22.000000,9409.93949999997,-6729.737449999836,2680.2020500001204
2025-03-21T14:29:32.000000,9409.93949999997,-6736.695049999836,2673.24445000012
2025-03-21T14:29:37.000000,9409.93949999997,-6740.133799999835,2669.805700000121
2025-03-21T14:29:42.000000,9409.93949999997,-6740.574499999835,2669.3650000001207
2025-03-21T14:29:47.000000,9409.93949999997,-6717.549199999835,2692.390300000121
2025-03-21T14:29:47.000000,9409.93949999997,-6720.987949999834,2688.9515500001216
2025-03-21T14:29:57.000000,9409.93949999997,-6724.4266999998335,2685.5128000001223
2025-03-21T14:30:07.000000,9409.93949999997,-6710.390749999833,2699.5487500001223
2025-03-21T14:30:12.000000,9409.93949999997,-6696.354799999833,2713.584700000122
2025-03-21T14:30:12.000000,9409.93949999997,-6699.793549999832,2710.145950000123
2025-03-21T14:30:17.000000,9409.93949999997,-6697.752199999832,2712.1873000001233
2025-03-21T14:30:27.000000,9409.93949999997,-6692.710399999832,2717.2291000001233
2025-03-21T14:30:37.000000,9409.93949999997,-6690.664249999832,2719.2752500001234
2025-03-21T14:30:37.000000,9409.93949999997,-6706.1023999998315,2703.837100000123
2025-03-21T14:31:12.000000,9409.93949999997,-6713.698399999831,2696.241100000123
2025-03-21T14:32:22.000000,9409.93949999997,-6751.646899999832,2658.2926000001216
2025-03-21T14:37:22.000000,9409.93949999997,-6767.116249999833,2642.8232500001213
2025-03-21T14:37:27.000000,9409.93949999997,-6781.134099999833,2628.8054000001216
2025-03-21T14:37:32.000000,9409.93949999997,-6788.156499999833,2621.783000000122
2025-03-21T14:37:32.000000,9409.93949999997,-6803.623449999832,2606.3160500001227
2025-03-21T14:37:37.000000,9409.93949999997,-6819.092799999832,2590.8467000001224
2025-03-21T14:37:42.000000,9409.93949999997,-6826.264799999832,2583.6747000001224
2025-03-21T14:37:42.000000,9409.93949999997,-6844.732199999831,2565.207300000123
2025-03-21T14:37:47.000000,9409.93949999997,-6857.203499999831,2552.736000000123
2025-03-21T14:38:02.000000,9409.93949999997,-6872.675249999832,2537.264250000123
2025-03-21T14:38:07.000000,9409.93949999997,-6885.148949999833,2524.790550000122
2025-03-21T14:38:17.000000,9409.93949999997,-6887.580199999833,2522.359300000123
2025-03-21T14:38:17.000000,9409.93949999997,-6897.055849999833,2512.8836500001225
2025-03-21T14:38:22.000000,9409.93949999997,-6909.529549999835,2500.4099500001216
2025-03-21T14:38:27.000000,9409.93949999997,-6911.960799999834,2497.9787000001224
2025-03-21T14:38:27.000000,9409.93949999997,-6921.434049999835,2488.505450000122
2025-03-21T14:38:32.000000,9409.93949999997,-6933.907749999837,2476.031750000121
2025-03-21T14:38:37.000000,9409.93949999997,-6946.379049999837,2463.5604500001214
2025-03-21T14:38:42.000000,9409.93949999997,-6958.850349999837,2451.0891500001217
2025-03-21T14:38:47.000000,9409.93949999997,-6971.321649999837,2438.617850000122
2025-03-21T14:38:52.000000,9409.93949999997,-6986.790999999837,2423.1485000001217
2025-03-21T14:39:02.000000,9409.93949999997,-7002.260349999838,2407.6791500001214
2025-03-21T14:39:17.000000,9409.93949999997,-6981.648149999837,2428.291350000122
2025-03-21T14:39:27.000000,9409.93949999997,-6954.040499999836,2455.899000000122
2025-03-21T14:39:42.000000,9409.93949999997,-6982.011499999836,2427.9280000001227
2025-03-21T14:40:57.000000,9409.93949999997,-7019.975999999835,2389.9635000001235
2025-03-21T14:44:22.000000,9409.93949999997,-7027.915199999835,2382.0243000001237
2025-03-21T14:44:22.000000,9409.93949999997,-7025.889699999835,2384.0498000001235
2025-03-21T14:44:32.000000,9409.93949999997,-7023.864199999835,2386.075300000123
2025-03-21T14:44:42.000000,9409.93949999997,-7021.838699999836,2388.100800000123
2025-03-21T14:44:52.000000,9409.93949999997,-7019.813199999836,2390.1263000001227
2025-03-21T14:45:02.000000,9409.93949999997,-7017.787699999836,2392.1518000001224
2025-03-24T09:50:12.000000,9409.93949999997,-6949.956449999837,2459.9830500001217
2025-03-24T09:54:27.000000,9376.71704999997,-6949.956449999837,2426.760600000122
2025-03-24T09:55:17.000000,9376.71704999997,-6957.725249999837,2418.991800000122
2025-03-24T09:56:52.000000,9376.71704999997,-6925.348049999838,2451.369000000121
2025-03-24T09:57:07.000000,9376.71704999997,-6884.956849999838,2491.7602000001216
2025-03-24T10:05:57.000000,9376.71704999997,-6866.763349999838,2509.953700000121
2025-03-24T10:06:12.000000,9376.71704999997,-6861.561399999839,2515.1556500001207
2025-03-24T10:06:57.000000,9361.51409999997,-6861.561399999839,2499.9527000001203
2025-03-24T10:09:18.000000,9388.995349999968,-6861.561399999839,2527.433950000119
2025-03-24T10:10:32.000000,9401.60634999997,-6861.561399999839,2540.044950000119
2025-03-24T10:10:37.000000,9456.731799999969,-6861.561399999839,2595.1704000001196
2025-03-24T10:10:42.000000,9481.33819999997,-6861.561399999839,2619.77680000012
2025-03-24T10:11:42.000000,9529.106299999969,-6861.561399999839,2667.54490000012
2025-03-24T10:12:17.000000,9535.357999999967,-6861.561399999839,2673.7966000001197
2025-03-24T10:12:42.000000,9541.609699999966,-6861.561399999839,2680.0483000001195
2025-03-24T10:13:27.000000,9575.854399999966,-6861.561399999839,2714.293000000119
2025-03-24T10:16:02.000000,9575.854399999966,-6879.242899999838,2696.611500000119
2025-03-24T10:18:22.000000,9575.854399999966,-6900.044849999838,2675.8095500001195
2025-03-24T10:19:12.000000,9575.854399999966,-6907.8448499998385,2668.0095500001194
2025-03-24T10:21:17.000000,9575.854399999966,-6881.089499999839,2694.7649000001193
2025-03-24T10:21:32.000000,9575.854399999966,-6863.330699999839,2712.523700000119
2025-03-24T10:21:32.000000,9575.854399999966,-6789.77534999984,2786.079050000119
2025-03-24T10:21:32.000000,9575.854399999966,-6719.218049999839,2856.6363500001194
2025-03-24T10:21:37.000000,9575.854399999966,-6698.458799999839,2877.3956000001194
2025-03-24T10:21:42.000000,9575.854399999966,-6683.698049999839,2892.1563500001193
2025-03-24T10:21:47.000000,9575.854399999966,-6674.933399999839,2900.9210000001194
2025-03-24T10:21:52.000000,9575.854399999966,-6666.168749999839,2909.6856500001195
2025-03-24T10:21:57.000000,9575.854399999966,-6657.404099999839,2918.4503000001196
2025-03-24T10:22:07.000000,9575.854399999966,-6651.637499999839,2924.2169000001195
2025-03-24T10:22:17.000000,9575.854399999966,-6664.18224999984,2911.6721500001186
2025-03-24T10:22:17.000000,9575.854399999966,-6673.413099999839,2902.441300000119
2025-03-24T10:30:02.000000,9562.869499999966,-6673.413099999839,2889.456400000119
2025-03-24T10:30:12.000000,9531.881899999966,-6673.413099999839,2858.4688000001197
2025-03-24T10:30:17.000000,9494.893399999966,-6673.413099999839,2821.48030000012
2025-03-24T10:38:02.000000,9518.264299999966,-6673.413099999839,2844.8512000001206
2025-03-24T10:38:42.000000,9529.630999999967,-6673.413099999839,2856.217900000121
2025-03-24T10:44:02.000000,9529.630999999967,-6631.655499999839,2897.975500000121
2025-03-24T10:44:02.000000,9529.630999999967,-6589.897899999839,2939.733100000121
2025-03-24T10:44:02.000000,9529.630999999967,-6548.140299999839,2981.490700000121
2025-03-24T10:45:42.000000,9498.710599999966,-6548.140299999839,2950.5703000001204
2025-03-24T10:48:47.000000,9498.710599999966,-6483.630299999839,3015.08030000012
2025-03-24T10:49:07.000000,9498.710599999966,-6403.137099999839,3095.5735000001196
2025-03-24T10:49:12.000000,9498.710599999966,-6322.643899999839,3176.066700000119
2025-03-24T10:49:32.000000,9498.710599999966,-6274.129899999839,3224.580700000119
2025-03-24T10:49:42.000000,9498.710599999966,-6217.614699999839,3281.0959000001194
2025-03-24T10:50:22.000000,9498.710599999966,-6169.094299999839,3329.6163000001197
2025-03-24T10:50:37.000000,9498.710599999966,-6136.563499999839,3362.147100000119
2025-03-24T10:53:22.000000,9498.710599999966,-6192.02029999984,3306.6903000001184
2025-03-24T10:54:07.000000,9458.948999999966,-6192.02029999984,3266.928700000119
2025-03-24T10:54:17.000000,9403.184999999967,-6192.02029999984,3211.1647000001203
2025-03-24T10:55:22.000000,9384.599999999968,-6192.02029999984,3192.5797000001207
2025-03-24T10:57:17.000000,9312.859199999968,-6192.02029999984,3120.8389000001207
2025-03-24T10:58:37.000000,9312.859199999968,-6159.476699999839,3153.382500000121
2025-03-24T11:00:02.000000,9273.110399999967,-6159.476699999839,3113.6337000001204
2025-03-24T11:00:52.000000,9233.361599999966,-6159.476699999839,3073.8849000001196
2025-03-24T11:11:07.000000,9233.361599999966,-6142.99309999984,3090.368500000119
2025-03-24T11:11:12.000000,9233.361599999966,-6142.49909999984,3090.862500000119
2025-03-24T11:11:22.000000,9233.361599999966,-6141.99229999984,3091.3693000001185
2025-03-24T13:07:17.000000,9233.361599999966,-6331.71334999984,2901.648250000119
2025-03-24T13:07:22.000000,9233.361599999966,-6527.42569999984,2705.935900000119
2025-03-24T13:07:27.000000,9233.361599999966,-6747.12244999984,2486.239150000119
2025-03-24T13:07:32.000000,9233.361599999966,-6978.80899999984,2254.552600000119
2025-03-24T13:10:02.000000,9233.361599999966,-7069.587199999839,2163.77440000012
2025-03-24T13:10:17.000000,9209.691999999966,-7069.587199999839,2140.10480000012
2025-03-24T13:11:57.000000,9209.691999999966,-7076.446399999839,2133.2456000001202
2025-03-24T13:12:02.000000,9209.691999999966,-7083.298399999839,2126.3936000001204
2025-03-24T13:12:07.000000,9209.691999999966,-7096.141699999838,2113.5503000001204
2025-03-24T13:12:17.000000,9209.691999999966,-7108.982599999838,2100.7094000001207
2025-03-24T13:12:22.000000,9209.691999999966,-7127.821999999838,2081.870000000121
2025-03-24T13:16:17.000000,9209.691999999966,-7063.177599999838,2146.5144000001205
2025-03-24T13:16:27.000000,9209.691999999966,-7014.516399999838,2195.1756000001205
2025-03-24T13:17:22.000000,9209.691999999966,-6957.188399999837,2252.5036000001205
2025-03-24T13:17:27.000000,9209.691999999966,-6899.860399999837,2309.8316000001205
2025-03-24T13:18:32.000000,9209.691999999966,-6732.748699999836,2476.943300000121
2025-03-24T13:22:22.000000,9138.091999999966,-6732.748699999836,2405.343300000121
2025-03-24T13:23:22.000000,9071.382199999965,-6732.748699999836,2338.6335000001213
2025-03-24T13:29:07.000000,9034.693699999965,-6732.748699999836,2301.945000000122
2025-03-24T13:29:07.000000,9001.005649999965,-6732.748699999836,2268.2569500001223
2025-03-24T13:29:07.000000,8970.318049999965,-6732.748699999836,2237.569350000123
2025-03-24T13:29:07.000000,8936.629999999965,-6732.748699999836,2203.8813000001232
2025-03-24T13:29:07.000000,8899.941499999964,-6732.748699999836,2167.192800000124
2025-03-24T13:29:07.000000,8866.253449999964,-6732.748699999836,2133.504750000124
2025-03-24T13:29:07.000000,8838.566299999964,-6732.748699999836,2105.817600000124
2025-03-24T13:29:07.000000,8813.879599999964,-6732.748699999836,2081.1309000001243
2025-03-24T13:29:07.000000,8789.192899999964,-6732.748699999836,2056.4442000001245
2025-03-24T13:29:17.000000,8776.507999999963,-6732.748699999836,2043.7593000001245
2025-03-24T13:29:27.000000,8775.820099999963,-6732.748699999836,2043.0714000001244
2025-03-24T13:29:27.000000,8784.133549999962,-6732.748699999836,2051.3848500001245
2025-03-24T13:29:32.000000,8798.445499999962,-6732.748699999836,2065.6968000001234
2025-03-24T13:29:37.000000,8815.760299999962,-6732.748699999836,2083.011600000124
2025-03-24T13:29:42.000000,8842.071649999962,-6732.748699999836,2109.322950000124
2025-03-24T13:29:52.000000,8880.384799999962,-6732.748699999836,2147.6361000001234
2025-03-24T13:29:57.000000,8924.698849999962,-6732.748699999836,2191.950150000124
2025-03-24T13:30:02.000000,8966.014849999963,-6732.748699999836,2233.266150000124
2025-03-24T13:30:12.000000,9004.327999999963,-6732.748699999836,2271.5793000001236
2025-03-24T13:30:17.000000,9030.639349999963,-6732.748699999836,2297.8906500001235
2025-03-24T13:30:22.000000,9044.951299999962,-6732.748699999836,2312.2026000001224
2025-03-24T13:30:27.000000,9050.261899999961,-6732.748699999836,2317.513200000122
2025-03-24T13:30:32.000000,9028.58284999996,-6732.748699999836,2295.834150000122
2025-03-24T13:30:37.000000,8994.904399999961,-6732.748699999836,2262.155700000122
2025-03-24T13:30:42.000000,8952.22699999996,-6732.748699999836,2219.4783000001216
2025-03-24T13:30:52.000000,8896.667799999961,-6732.748699999836,2163.919100000123
2025-03-24T13:33:02.000000,8945.501799999962,-6732.748699999836,2212.753100000123
2025-03-24T13:37:12.000000,8945.501799999962,-6740.443099999837,2205.0587000001233
2025-03-24T13:37:27.000000,8945.501799999962,-6734.135399999837,2211.366400000123
2025-03-24T13:37:32.000000,8945.501799999962,-6734.823149999837,2210.678650000123
2025-03-24T13:37:42.000000,8945.501799999962,-6749.501799999837,2196.0000000001232
2025-03-24T13:38:22.000000,8945.501799999962,-6738.591099999838,2206.9107000001227
2025-03-24T13:39:17.000000,8945.501799999962,-6715.304199999838,2230.197600000123
2025-03-24T13:39:47.000000,8945.501799999962,-6674.5801999998375,2270.921600000124
2025-03-24T13:39:52.000000,8945.501799999962,-6649.845799999838,2295.656000000123
2025-03-24T13:40:02.000000,8945.501799999962,-6593.119399999838,2352.382400000123
2025-03-24T13:40:07.000000,8945.501799999962,-6512.389399999836,2433.112400000124
2025-03-24T13:41:27.000000,8945.501799999962,-6487.987799999835,2457.5140000001247
2025-03-24T13:41:52.000000,8945.501799999962,-6408.076349999836,2537.4254500001243
2025-03-24T13:42:02.000000,8945.501799999962,-6322.161599999835,2623.340200000125
2025-03-24T13:42:17.000000,8945.501799999962,-6297.747199999835,2647.7546000001244
2025-03-24T13:42:42.000000,8945.501799999962,-6217.023599999834,2728.4782000001255
2025-03-24T13:42:47.000000,8945.501799999962,-6136.299999999833,2809.2018000001267
2025-03-24T13:43:02.000000,8945.501799999962,-6111.885599999833,2833.616200000126
2025-03-24T13:47:17.000000,8945.501799999962,-6040.6370999998335,2904.864700000125
2025-03-24T13:47:27.000000,8945.501799999962,-5966.390549999834,2979.111250000125
2025-03-24T13:47:32.000000,8945.501799999962,-5901.598949999834,3043.902850000125
2025-03-24T13:47:32.000000,8945.501799999962,-5830.350449999834,3115.1513500001242
2025-03-24T13:47:52.000000,8945.501799999962,-5783.079149999834,3162.422650000124
2025-03-24T13:48:02.000000,8945.501799999962,-5759.789849999834,3185.7119500001245
2025-03-24T13:52:07.000000,8950.44999999996,-5759.789849999834,3190.6601500001243
2025-03-24T13:52:47.000000,9015.235199999961,-5759.789849999834,3255.445350000124
2025-03-24T13:57:12.000000,9015.235199999961,-5775.048649999833,3240.1865500001245
2025-03-24T13:57:17.000000,9015.235199999961,-5790.307449999833,3224.927750000125
2025-03-24T13:57:22.000000,9015.235199999961,-5805.5662499998325,3209.6689500001253
2025-03-24T13:57:32.000000,9015.235199999961,-5860.805449999832,3154.429750000126
2025-03-24T13:58:02.000000,9015.235199999961,-5864.522599999831,3150.7126000001267
2025-03-24T13:58:07.000000,9015.235199999961,-5868.239749999831,3146.995450000127
2025-03-24T13:58:12.000000,9015.235199999961,-5871.95689999983,3143.2783000001277
2025-03-24T13:58:17.000000,9015.235199999961,-5875.67404999983,3139.5611500001282
2025-03-24T13:58:22.000000,9015.235199999961,-5882.3916499998295,3132.8435500001283
2025-03-24T13:58:32.000000,9015.235199999961,-5889.106849999829,3126.128350000128
2025-03-24T13:58:37.000000,9015.235199999961,-5892.823999999829,3122.4112000001287
2025-03-24T13:58:42.000000,9015.235199999961,-5896.541149999828,3118.694050000129
2025-03-24T13:58:52.000000,9015.235199999961,-5906.254399999829,3108.980800000129
2025-03-24T14:02:32.000000,9015.235199999961,-5923.267899999829,3091.9673000001294
2025-03-24T14:05:12.000000,9015.235199999961,-5910.28489999983,3104.950300000129
2025-03-24T14:05:47.000000,9015.235199999961,-5882.09869999983,3133.1365000001283
2025-03-24T14:06:57.000000,9015.235199999961,-5841.66909999983,3173.5661000001287
2025-03-24T14:07:07.000000,9015.235199999961,-5817.241899999831,3197.993300000128
2025-03-24T14:07:12.000000,9015.235199999961,-5792.814699999832,3222.420500000127
2025-03-24T14:09:27.000000,9023.22944999996,-5792.814699999832,3230.4147500001263
2025-03-24T14:10:02.000000,9049.22399999996,-5792.814699999832,3256.409300000126
2025-03-24T14:10:07.000000,9084.217499999959,-5792.814699999832,3291.4028000001254
2025-03-24T14:10:12.000000,9122.211449999959,-5792.814699999832,3329.396750000125
2025-03-24T14:10:22.000000,9157.207349999959,-5792.814699999832,3364.3926500001253
2025-03-24T14:10:32.000000,9201.206999999958,-5792.814699999832,3408.3923000001246
2025-03-24T14:10:37.000000,9242.208599999958,-5792.814699999832,3449.3939000001246
2025-03-24T14:10:42.000000,9271.213199999958,-5792.814699999832,3478.398500000125
2025-03-24T14:10:47.000000,9285.217949999958,-5792.814699999832,3492.403250000125
2025-03-24T14:10:52.000000,9287.223299999958,-5792.814699999832,3494.4086000001253
2025-03-24T14:10:57.000000,9277.229249999957,-5792.814699999832,3484.414550000125
2025-03-24T14:15:37.000000,9327.539399999958,-5792.814699999832,3534.7247000001253
2025-03-24T14:19:47.000000,9327.539399999958,-5784.510849999831,3543.0285500001255
2025-03-24T14:19:57.000000,9327.539399999958,-5767.212849999831,3560.326550000126
2025-03-24T14:20:02.000000,9327.539399999958,-5746.916799999831,3580.622600000126
2025-03-24T14:20:07.000000,9327.539399999958,-5723.622699999831,3603.9167000001266
2025-03-24T14:20:12.000000,9327.539399999958,-5700.328599999831,3627.210800000127
2025-03-24T14:20:17.000000,9327.539399999958,-5677.036899999831,3650.5025000001265
2025-03-24T14:20:22.000000,9327.539399999958,-5656.743249999831,3670.7961500001265
2025-03-24T14:20:27.000000,9327.539399999958,-5642.450499999831,3685.0889000001266
2025-03-24T14:20:32.000000,9327.539399999958,-5637.154299999831,3690.3851000001264
2025-03-24T14:20:37.000000,9327.539399999958,-5637.8541999998315,3689.6852000001263
2025-03-24T14:20:42.000000,9327.539399999958,-5641.552149999832,3685.9872500001256
2025-03-24T14:20:57.000000,9327.539399999958,-5648.250549999832,3679.2888500001254
2025-03-24T14:21:02.000000,9327.539399999958,-5657.9445999998325,3669.594800000125
2025-03-24T14:21:07.000000,9327.539399999958,-5670.636699999834,3656.902700000124
2025-03-24T14:21:12.000000,9327.539399999958,-5683.328799999835,3644.2106000001227
2025-03-24T14:21:17.000000,9327.539399999958,-5699.018949999835,3628.5204500001223
2025-03-24T14:21:22.000000,9327.539399999958,-5711.708649999835,3615.8307500001224
2025-03-24T14:21:27.000000,9327.539399999958,-5730.394449999834,3597.1449500001227
2025-03-24T14:21:32.000000,9327.539399999958,-5752.080699999835,3575.4587000001225
2025-03-24T14:21:37.000000,9327.539399999958,-5773.764549999835,3553.774850000122
2025-03-24T14:21:42.000000,9327.539399999958,-5795.448399999836,3532.0910000001218
2025-03-24T14:21:47.000000,9327.539399999958,-5820.130299999835,3507.409100000122
2025-03-24T14:21:52.000000,9327.539399999958,-5847.812649999835,3479.726750000122
2025-03-24T14:21:57.000000,9327.539399999958,-5875.492599999835,3452.046800000122
2025-03-24T14:22:02.000000,9327.539399999958,-5906.172999999835,3421.3664000001213
2025-03-24T14:22:12.000000,9336.585949999959,-5906.172999999835,3430.4129500001222
2025-03-24T14:22:17.000000,9345.63249999996,-5906.172999999835,3439.459500000123
2025-03-24T14:22:22.000000,9337.67649999996,-5906.172999999835,3431.503500000123
2025-03-24T14:22:27.000000,9329.72049999996,-5906.172999999835,3423.547500000123
2025-03-24T14:22:47.000000,9329.72049999996,-5939.8514499998355,3389.869050000123
2025-03-24T14:22:52.000000,9329.72049999996,-5973.529899999836,3356.190600000123
2025-03-24T14:24:12.000000,9329.72049999996,-6022.2153999998345,3307.505100000124
2025-03-24T14:24:42.000000,9329.72049999996,-6076.904199999834,3252.816300000124
2025-03-24T14:25:02.000000,9329.72049999996,-6128.594949999834,3201.1255500001243
2025-03-24T14:25:37.000000,9329.72049999996,-6168.293499999834,3161.4270000001247
2025-03-24T14:25:42.000000,9329.72049999996,-6207.992049999834,3121.728450000125
2025-03-24T14:26:07.000000,9329.72049999996,-6241.689699999834,3088.030800000125
2025-03-24T14:26:17.000000,9329.72049999996,-6275.387349999834,3054.333150000125
2025-03-24T14:26:22.000000,9329.72049999996,-6306.084549999834,3023.6359500001254
2025-03-24T14:26:27.000000,9329.72049999996,-6336.779349999834,2992.9411500001247
2025-03-24T14:26:32.000000,9329.72049999996,-6367.4741499998345,2962.246350000124
2025-03-24T14:26:37.000000,9329.72049999996,-6401.169399999834,2928.5511000001243
2025-03-24T14:26:42.000000,9329.72049999996,-6431.864199999834,2897.8563000001236
2025-03-24T14:26:47.000000,9329.72049999996,-6459.558549999834,2870.1619500001234
2025-03-24T14:26:52.000000,9329.72049999996,-6484.252449999835,2845.4680500001227
2025-03-24T14:26:57.000000,9329.72049999996,-6508.9463499998365,2820.774150000122
2025-03-24T14:27:02.000000,9329.72049999996,-6530.639799999837,2799.080700000122
2025-03-24T14:27:07.000000,9329.72049999996,-6549.335199999837,2780.3853000001222
2025-03-24T14:27:12.000000,9329.72049999996,-6568.030599999836,2761.6899000001226
2025-03-24T14:27:17.000000,9329.72049999996,-6580.725099999836,2748.9954000001226
2025-03-24T14:27:32.000000,9329.72049999996,-6599.415699999836,2730.3048000001227
2025-03-24T14:27:37.000000,9329.72049999996,-6615.1082499998365,2714.6122500001225
2025-03-24T14:28:12.000000,9329.72049999996,-6623.0938499998365,2706.6266500001225
2025-03-24T14:28:17.000000,9329.72049999996,-6638.080499999836,2691.6400000001227
2025-03-24T14:28:32.000000,9329.72049999996,-6653.0727499998375,2676.6477500001215
2025-03-24T14:28:37.000000,9329.72049999996,-6628.325549999839,2701.394950000121
2025-03-24T14:28:42.000000,9329.72049999996,-6643.31779999984,2686.4027000001197
2025-03-24T14:28:47.000000,9329.72049999996,-6602.580999999841,2727.1395000001185
2025-03-24T14:28:52.000000,9329.72049999996,-6624.574299999842,2705.1462000001175
2025-03-24T14:28:52.000000,9329.72049999996,-6599.827099999843,2729.893400000117
2025-03-24T14:28:57.000000,9329.72049999996,-6575.073499999844,2754.647000000116
2025-03-24T14:29:02.000000,9329.72049999996,-6566.315899999844,2763.4046000001154
2025-03-24T14:29:07.000000,9329.72049999996,-6593.674899999844,2736.045600000116
2025-03-24T14:29:12.000000,9329.72049999996,-6592.918499999843,2736.8020000001156
2025-03-24T14:29:17.000000,9329.72049999996,-6616.159299999843,2713.561200000116
2025-03-24T14:29:22.000000,9329.72049999996,-6652.149099999843,2677.5714000001153
2025-03-24T14:29:32.000000,9329.72049999996,-6691.693099999844,2638.0274000001145
2025-03-24T14:29:32.000000,9329.72049999996,-6744.059849999844,2585.6606500001144
2025-03-24T14:29:37.000000,9329.72049999996,-6727.148249999844,2602.5722500001148
2025-03-24T14:29:37.000000,9322.60289999996,-6727.148249999844,2595.4546500001147
2025-03-24T14:29:37.000000,9322.60289999996,-6799.513999999844,2523.0889000001152
2025-03-24T14:29:47.000000,9322.60289999996,-6856.5069499998435,2466.095950000115
2025-03-24T14:29:52.000000,9322.60289999996,-6928.8726999998435,2393.7302000001155
2025-03-24T14:29:57.000000,9322.60289999996,-6935.590299999843,2387.0126000001155
2025-03-24T14:30:07.000000,9322.60289999996,-6959.144699999843,2363.458200000116
2025-03-24T14:34:37.000000,9322.60289999996,-7022.986699999844,2299.616200000116
2025-03-24T14:35:02.000000,9322.60289999996,-7065.428749999844,2257.1741500001167
2025-03-24T14:35:27.000000,9322.60289999996,-7114.877449999843,2207.7254500001177
2025-03-24T14:35:52.000000,9322.60289999996,-7127.775949999843,2194.826950000118
2025-03-24T14:35:52.000000,9322.60289999996,-7177.224649999842,2145.378250000119
2025-03-24T14:35:52.000000,9322.60289999996,-7234.660149999842,2087.9427500001184
2025-03-24T14:36:02.000000,9322.60289999996,-7302.097149999843,2020.5057500001178
2025-03-24T14:36:17.000000,9322.60289999996,-7315.000449999843,2007.6024500001179
2025-03-24T14:36:22.000000,9322.60289999996,-7372.443949999843,1950.158950000117
2025-03-24T14:36:27.000000,9322.60289999996,-7397.344249999843,1925.2586500001175
2025-03-24T14:36:32.000000,9322.60289999996,-7428.240649999843,1894.362250000117
2025-03-24T14:36:32.000000,9322.60289999996,-7495.681649999842,1826.9212500001183
2025-03-24T14:36:37.000000,9322.60289999996,-7526.578049999843,1796.0248500001178
2025-03-24T14:36:37.000000,9322.60289999996,-7630.182849999844,1692.420050000117
2025-03-24T14:36:37.000000,9322.60289999996,-7707.617349999844,1614.9855500001167
2025-03-24T14:36:42.000000,9322.60289999996,-7744.514649999845,1578.0882500001162
2025-03-24T14:36:42.000000,9322.60289999996,-7826.949899999846,1495.653000000115
2025-03-24T14:36:52.000000,9322.60289999996,-7863.847199999846,1458.7557000001148
2025-03-24T14:37:02.000000,9322.60289999996,-7906.745399999847,1415.8575000001144
2025-03-24T14:37:07.000000,9322.60289999996,-7949.6435999998475,1372.9593000001141
2025-03-24T14:37:22.000000,9322.60289999996,-7950.549899999848,1372.053000000114
2025-03-24T14:37:27.000000,9322.60289999996,-7976.443799999848,1346.1591000001144
2025-03-24T14:37:32.000000,9322.60289999996,-8037.339899999848,1285.2630000001145
2025-03-24T14:37:32.000000,9322.60289999996,-8054.232449999848,1268.3704500001147
2025-03-24T14:37:37.000000,9322.60289999996,-8124.120299999848,1198.4826000001144
2025-03-24T14:37:52.000000,9322.60289999996,-8136.2090499998485,1186.3938500001136
2025-03-24T14:37:57.000000,9322.60289999996,-8254.080099999848,1068.5228000001143
2025-03-24T14:37:57.000000,9322.60289999996,-8270.972649999849,1051.6302500001145
2025-03-24T14:38:02.000000,9322.60289999996,-8283.069399999848,1039.5335000001155
2025-03-24T14:38:07.000000,9322.60289999996,-8318.532799999846,1004.0701000001161
2025-03-24T14:38:12.000000,9322.60289999996,-8326.438399999846,996.164500000116
2025-03-24T14:38:17.000000,9322.60289999996,-8334.343999999846,988.258900000116
2025-03-24T14:38:22.000000,9322.60289999996,-8469.991999999846,852.6109000001159
2025-03-24T14:38:22.000000,9322.60289999996,-8495.885899999845,826.7170000001163
2025-03-24T14:38:27.000000,9322.60289999996,-8631.533899999844,691.0690000001161
2025-03-24T14:38:27.000000,9322.60289999996,-8657.427799999843,665.1751000001166
2025-03-24T14:38:37.000000,9322.60289999996,-8793.075799999842,529.5271000001164
2025-03-24T14:38:37.000000,9322.60289999996,-8827.963849999842,494.639050000117
2025-03-24T14:39:02.000000,9322.60289999996,-8875.24664999984,447.3562500001178
2025-03-24T14:39:07.000000,9322.60289999996,-8962.900249999842,359.7026500001167
2025-03-24T14:39:12.000000,9322.60289999996,-9050.553849999844,272.0490500001156
2025-03-24T14:39:12.000000,9322.60289999996,-9137.823449999843,184.77945000011587
2025-03-24T14:39:17.000000,9322.60289999996,-9209.474649999844,113.12825000011581
2025-03-24T14:39:22.000000,9322.60289999996,-9281.125849999844,41.47705000011575
2025-03-24T14:39:27.000000,9322.60289999996,-9352.777049999844,-30.174149999884307
2025-03-24T14:39:27.000000,9322.60289999996,-9326.655299999844,-4.052399999884479
2025-03-24T14:39:32.000000,9322.60289999996,-9398.306499999844,-75.70359999988455
2025-03-24T14:41:02.000000,9322.60289999996,-9405.776899999844,-83.17399999988454
2025-03-24T14:41:02.000000,9322.60289999996,-9389.677299999845,-67.07439999988506
2025-03-24T14:41:07.000000,9322.60289999996,-9372.297699999845,-49.694799999885575
2025-03-24T14:41:07.000000,9322.60289999996,-9348.203299999845,-25.600399999886257
2025-03-24T14:41:52.000000,9322.60289999996,-9302.832299999844,19.77060000011477
2025-03-24T14:42:02.000000,9322.60289999996,-9265.565549999845,57.03735000011381
2025-03-24T14:42:02.000000,9322.60289999996,-9233.027549999844,89.57535000011472
2025-03-24T14:42:07.000000,9322.60289999996,-9220.058149999844,102.54475000011502
2025-03-24T14:42:22.000000,9322.60289999996,-9187.148149999843,135.45475000011595
2025-03-24T14:42:27.000000,9322.60289999996,-9082.472149999841,240.1307500001164
2025-03-24T14:42:37.000000,9322.60289999996,-9059.37964999984,263.2232500001168
2025-03-24T14:42:37.000000,9322.60289999996,-9034.01804999984,288.58485000011757
2025-03-24T14:42:37.000000,9322.60289999996,-9001.48004999984,321.1228500001185
2025-03-24T14:42:47.000000,9322.60289999996,-8978.93954999984,343.6633500001179
2025-03-24T14:43:57.000000,9322.60289999996,-8949.85574999984,372.74715000011815
2025-03-25T09:56:17.000000,9322.60289999996,-8912.00819999984,410.5947000001188
2025-03-25T09:57:52.000000,9408.85844999996,-8912.00819999984,496.8502500001184
2025-03-25T09:58:32.000000,9462.12104999996,-8912.00819999984,550.1128500001182
2025-03-25T09:59:17.000000,9462.12104999996,-8910.80444999984,551.316600000118
2025-03-25T09:59:42.000000,9462.12104999996,-8846.742449999841,615.3786000001164
2025-03-25T09:59:57.000000,9462.12104999996,-8762.472649999841,699.6484000001166
2025-03-25T10:00:52.000000,9462.12104999996,-8788.26574999984,673.8553000001169
2025-03-25T10:05:42.000000,9139.499399999959,-8788.26574999984,351.2336500001157
2025-03-25T10:07:12.000000,9093.526349999958,-8788.26574999984,305.26060000011597
2025-03-25T10:07:12.000000,9068.556449999958,-8788.26574999984,280.2907000001164
2025-03-25T10:07:22.000000,9021.619249999958,-8788.26574999984,233.35350000011582
2025-03-25T10:07:22.000000,9014.644849999959,-8788.26574999984,226.3791000001158
2025-03-25T10:07:27.000000,8989.67974999996,-8788.26574999984,201.4140000001162
2025-03-25T10:07:32.000000,8926.02174999996,-8788.26574999984,137.75600000011616
2025-03-25T10:08:02.000000,8819.310099999959,-8788.26574999984,31.044350000115074
2025-03-25T10:08:07.000000,8712.605649999958,-8788.26574999984,-75.660099999886
2025-03-25T10:08:17.000000,8605.893999999957,-8788.26574999984,-182.37174999988707
2025-03-25T10:08:22.000000,8490.188199999955,-8788.26574999984,-298.077549999888
2025-03-25T10:08:47.000000,8338.512999999955,-8788.26574999984,-449.7527499998881
2025-03-25T10:08:57.000000,8159.848149999954,-8788.26574999984,-628.4175999998893
2025-03-25T10:09:17.000000,8174.157699999954,-8788.26574999984,-614.1080499998892
2025-03-25T10:09:47.000000,8166.413699999955,-8788.26574999984,-621.8520499998892
2025-03-25T10:09:57.000000,8158.669699999955,-8788.26574999984,-629.5960499998893
2025-03-25T10:10:02.000000,8134.936099999955,-8788.26574999984,-653.3296499998889
2025-03-25T10:10:12.000000,8127.204899999955,-8788.26574999984,-661.0608499998889
2025-03-25T10:10:27.000000,8119.473699999955,-8788.26574999984,-668.7920499998888
2025-03-25T10:10:37.000000,8354.755749999955,-8788.26574999984,-433.50999999988926
2025-03-25T10:10:47.000000,8347.024549999955,-8788.26574999984,-441.24119999988926
2025-03-25T10:10:52.000000,8519.318749999955,-8788.26574999984,-268.9469999998899
2025-03-25T10:11:02.000000,8646.598999999955,-8788.26574999984,-141.6667499998896
2025-03-25T10:11:27.000000,8654.870199999954,-8788.26574999984,-133.39554999988994
2025-03-25T10:11:27.000000,8635.943599999953,-8788.26574999984,-152.3221499998904
2025-03-25T10:11:32.000000,8644.214799999952,-8788.26574999984,-144.05094999989075
2025-03-25T10:11:37.000000,8652.485999999952,-8788.26574999984,-135.7797499998911
2025-03-25T10:11:52.000000,8640.66124999995,-8788.26574999984,-147.60449999989189
2025-03-25T10:11:57.000000,8628.840499999951,-8788.26574999984,-159.4252499998909
2025-03-25T10:12:07.000000,8621.912499999951,-8788.26574999984,-166.3532499998909
2025-03-25T10:14:32.000000,8686.226499999952,-8788.26574999984,-102.03924999989084
2025-03-25T10:15:02.000000,8739.273099999951,-8788.26574999984,-48.99264999989106
2025-03-25T10:15:07.000000,8715.29629999995,-8788.26574999984,-72.96944999989071
2025-03-25T10:15:07.000000,8756.343499999952,-8788.26574999984,-31.922249999890667
2025-03-25T10:15:12.000000,8788.384549999952,-8788.26574999984,0.11880000010903302
2025-03-25T10:15:17.000000,8814.407899999951,-8788.26574999984,26.142150000108863
2025-03-25T10:15:37.000000,8837.428399999952,-8788.26574999984,49.16265000010929
2025-03-25T10:15:37.000000,8839.445749999952,-8788.26574999984,51.18000000010963
2025-03-25T10:15:37.000000,8838.462649999952,-8788.26574999984,50.1969000001095
2025-03-25T10:15:37.000000,8828.478199999952,-8788.26574999984,40.212450000110096
2025-03-25T10:19:42.000000,8828.478199999952,-8761.98559999984,66.49260000010992
2025-03-25T10:23:22.000000,8828.478199999952,-8781.26419999984,47.214000000110886
2025-03-25T10:24:17.000000,8828.478199999952,-8791.215049999839,37.26315000011148
2025-03-25T10:27:27.000000,8828.478199999952,-8771.965399999839,56.51280000011091
2025-03-25T10:36:27.000000,8828.478199999952,-8823.94174999984,4.536450000110271
2025-03-25T10:36:27.000000,8828.478199999952,-8869.92199999984,-41.44379999988943
2025-03-25T10:39:52.000000,8828.478199999952,-8882.938099999841,-54.4598999998893
2025-03-25T10:40:57.000000,8828.478199999952,-8916.938149999842,-88.45994999988926
2025-03-25T10:41:02.000000,8828.478199999952,-8947.940149999842,-119.46194999988981
2025-03-25T10:42:37.000000,8828.478199999952,-8996.918449999843,-168.44024999988997
2025-03-25T10:42:42.000000,8828.478199999952,-9051.895249999843,-223.41704999989003
2025-03-25T10:45:22.000000,8828.478199999952,-9052.902349999844,-224.42414999989015
2025-03-25T10:48:57.000000,8828.478199999952,-9060.414349999844,-231.93614999989015
2025-03-25T10:53:52.000000,8784.912799999951,-9060.414349999844,-275.501549999891
2025-03-25T10:58:27.000000,8840.355049999951,-9060.414349999844,-220.05929999989073
2025-03-25T10:58:32.000000,8904.798649999952,-9060.414349999844,-155.61569999989067
2025-03-25T10:59:52.000000,8904.798649999952,-9014.009449999845,-109.21079999989021
2025-03-25T11:01:02.000000,8904.798649999952,-9033.045649999845,-128.24699999988997
2025-03-25T11:01:02.000000,8904.798649999952,-9043.087699999845,-138.28904999989044
2025-03-25T11:01:02.000000,8904.798649999952,-9047.133649999845,-142.33499999989104
2025-03-25T11:02:12.000000,8904.798649999952,-9039.218599999846,-134.41994999989083
2025-03-25T11:02:37.000000,8904.798649999952,-9031.303549999846,-126.50489999989063
2025-03-25T11:02:42.000000,8904.798649999952,-9026.388949999846,-121.59029999989087
2025-03-25T11:05:17.000000,8904.798649999952,-9069.467149999846,-164.66849999989117
2025-03-25T11:08:27.000000,8904.798649999952,-9056.440149999846,-151.6414999998916
2025-03-25T11:08:37.000000,8904.798649999952,-9066.520599999847,-161.72194999989208
2025-03-25T11:08:37.000000,8904.798649999952,-9058.612749999847,-153.81409999989185
2025-03-25T11:08:42.000000,8904.798649999952,-9030.587499999847,-125.78884999989171
2025-03-25T11:08:47.000000,8904.798649999952,-9017.556499999848,-112.75784999989213
2025-03-25T11:08:52.000000,8904.798649999952,-8999.524749999848,-94.72609999989177
2025-03-25T11:08:57.000000,8904.798649999952,-8991.490499999847,-86.6918499998912
2025-03-25T11:08:57.000000,8904.798649999952,-8986.592699999846,-81.79404999989146
2025-03-25T11:09:02.000000,8904.798649999952,-8978.554449999845,-73.75579999989088
2025-03-25T11:09:22.000000,8904.798649999952,-8994.647799999846,-89.84914999989122
2025-03-25T11:09:27.000000,8904.798649999952,-8992.745649999846,-87.94699999989088
2025-03-25T11:09:32.000000,8904.798649999952,-8964.329049999846,-59.53039999989005
2025-03-25T11:11:52.000000,8904.798649999952,-9011.847049999846,-107.0483999998892
2025-03-25T11:18:17.000000,8904.798649999952,-8911.477249999845,-6.678599999888306
2025-03-25T11:18:22.000000,8904.798649999952,-8882.122249999846,22.676400000111993
2025-03-25T11:18:22.000000,8904.798649999952,-8867.757499999845,37.04115000011208
2025-03-25T11:18:27.000000,8904.798649999952,-8776.381849999845,128.41680000011158
2025-03-25T11:18:27.000000,8904.798649999952,-8766.270349999844,138.52830000011278
2025-03-25T11:18:32.000000,8904.798649999952,-8665.893349999846,238.90530000011205
2025-03-25T11:18:37.000000,8904.798649999952,-8583.511849999846,321.2868000001117
2025-03-25T11:24:02.000000,8855.837149999952,-8583.511849999846,272.32530000011155
2025-03-25T13:01:17.000000,8767.452199999952,-8583.511849999846,183.94035000011166
2025-03-25T13:01:22.000000,8679.074449999953,-8583.511849999846,95.56260000011179
2025-03-25T13:01:27.000000,8536.702999999954,-8583.511849999846,-46.808849999886945
2025-03-25T13:05:02.000000,8475.300499999954,-8583.511849999846,-108.21134999988739
2025-03-25T13:05:17.000000,8475.300499999954,-8631.349849999846,-156.04934999988654
2025-03-25T13:05:22.000000,8475.300499999954,-8647.294399999846,-171.99389999988688
2025-03-25T13:06:57.000000,8521.892599999954,-8647.294399999846,-125.40179999988644
2025-03-25T13:07:02.000000,8577.478849999954,-8647.294399999846,-69.81554999988617
2025-03-25T13:07:47.000000,8633.782849999954,-8647.294399999846,-13.511549999886114
2025-03-25T13:08:27.000000,8633.782849999954,-8719.792149999847,-86.00929999988588
2025-03-25T13:09:17.000000,8633.782849999954,-8967.277749999846,-333.49489999988504
2025-03-25T13:10:22.000000,8633.782849999954,-9038.967349999846,-405.1844999998851
2025-03-25T13:10:37.000000,8633.782849999954,-9094.667349999847,-460.88449999988546
2025-03-25T13:10:42.000000,8633.782849999954,-9150.367349999848,-516.5844999998859
2025-03-25T13:10:57.000000,8633.782849999954,-9206.067349999848,-572.2844999998863
2025-03-25T13:11:17.000000,8633.782849999954,-9261.754549999849,-627.9716999998867
2025-03-25T13:11:42.000000,8633.782849999954,-9301.45214999985,-667.6692999998875
2025-03-25T13:12:17.000000,8633.782849999954,-9272.41874999985,-638.6358999998872
2025-03-25T13:12:52.000000,8633.782849999954,-9298.29104999985,-664.5081999998885
2025-03-25T13:13:07.000000,8633.782849999954,-9338.00144999985,-704.2185999998878
2025-03-25T13:13:12.000000,8633.782849999954,-9377.71184999985,-743.9289999998872
2025-03-25T13:13:22.000000,8633.782849999954,-9433.411849999851,-799.6289999998876
2025-03-25T13:13:27.000000,8633.782849999954,-9485.863399999851,-852.0805499998883
2025-03-25T13:13:37.000000,8633.782849999954,-9547.316299999851,-913.5334499998887
2025-03-25T13:13:42.000000,8633.782849999954,-9603.02909999985,-969.2462499998877
2025-03-25T13:13:47.000000,8633.782849999954,-9658.74189999985,-1024.9590499998867
2025-03-25T13:13:52.000000,8633.782849999954,-9714.45469999985,-1080.6718499998856
2025-03-25T13:14:37.000000,8633.782849999954,-9673.41709999985,-1039.6342499998855
2025-03-25T13:14:42.000000,8633.782849999954,-9681.14829999985,-1047.3654499998854
2025-03-25T13:14:42.000000,8633.782849999954,-9708.66329999985,-1074.880449999885
2025-03-25T13:14:47.000000,8633.782849999954,-9746.17179999985,-1112.3889499998845
2025-03-25T13:15:02.000000,8633.782849999954,-9783.680299999849,-1149.897449999884
2025-03-25T13:15:07.000000,8633.782849999954,-9807.401099999848,-1173.6182499998836
2025-03-25T13:15:12.000000,8633.782849999954,-9838.064699999848,-1204.2818499998841
2025-03-25T13:15:22.000000,8633.782849999954,-9865.727849999848,-1231.9449999998842
2025-03-25T13:15:22.000000,8633.782849999954,-9896.389049999847,-1262.6061999998838
2025-03-25T13:15:27.000000,8633.782849999954,-9930.048299999848,-1296.2654499998837
2025-03-25T13:15:37.000000,8633.782849999954,-9963.705149999849,-1329.9222999998847
2025-03-25T13:16:17.000000,8633.782849999954,-9991.220149999848,-1357.4372999998843
2025-03-25T13:18:42.000000,8633.782849999954,-10007.939899999848,-1374.157049999884
2025-03-25T13:18:52.000000,8633.782849999954,-10006.656949999848,-1372.8740999998843
2025-03-25T13:19:02.000000,8633.782849999954,-10013.331349999848,-1379.5484999998844
2025-03-25T13:19:12.000000,8633.782849999954,-10023.006199999847,-1389.2233499998838
2025-03-25T13:19:32.000000,8633.782849999954,-10044.678049999848,-1410.895199999884
2025-03-25T13:19:42.000000,8633.782849999954,-9980.212849999847,-1346.4299999998839
2025-03-25T13:19:57.000000,8633.782849999954,-9924.741799999847,-1290.9589499998835
2025-03-25T13:20:02.000000,8633.782849999954,-9878.264899999847,-1244.4820499998832
2025-03-25T13:21:07.000000,8633.782849999954,-9968.947099999848,-1335.1642499998836
2025-03-25T13:21:12.000000,8633.782849999954,-9976.665499999848,-1342.8826499998836
2025-03-25T13:25:47.000000,8633.782849999954,-9956.386249999849,-1322.6033999998835
2025-03-25T13:26:07.000000,8633.782849999954,-9906.12409999985,-1272.3412499998842
2025-03-25T13:26:07.000000,8633.782849999954,-9855.861949999851,-1222.0790999998849
2025-03-25T13:30:22.000000,8633.782849999954,-9826.75654999985,-1192.9736999998845
2025-03-25T13:35:42.000000,8633.782849999954,-9825.192799999852,-1191.4099499998847
2025-03-25T13:35:47.000000,8633.782849999954,-9850.618699999852,-1216.8358499998844
2025-03-25T13:35:57.000000,8633.782849999954,-9885.03874999985,-1251.255899999884
2025-03-25T13:36:42.000000,8633.782849999954,-9837.94024999985,-1204.157399999884
2025-03-25T13:36:47.000000,8633.782849999954,-9797.68984999985,-1163.9069999998837
2025-03-25T13:37:02.000000,8633.782849999954,-9789.815599999849,-1156.0327499998832
2025-03-25T13:37:07.000000,8633.782849999954,-9781.54439999985,-1147.7615499998835
2025-03-25T13:37:12.000000,8633.782849999954,-9771.28169999985,-1137.498849999884
2025-03-25T13:37:17.000000,8633.782849999954,-9761.018999999851,-1127.2361499998844
2025-03-25T13:37:17.000000,8633.782849999954,-9758.14149999985,-1124.3586499998846
2025-03-25T13:37:22.000000,8633.782849999954,-9755.26399999985,-1121.4811499998848
2025-03-25T13:37:22.000000,8633.782849999954,-9746.99279999985,-1113.209949999885
2025-03-25T13:37:32.000000,8633.782849999954,-9749.11204999985,-1115.3291999998844
2025-03-25T13:37:37.000000,8633.782849999954,-9751.23129999985,-1117.4484499998837
2025-03-25T13:37:42.000000,8633.782849999954,-9753.35054999985,-1119.567699999883
2025-03-25T13:37:42.000000,8633.782849999954,-9745.07934999985,-1111.2964999998833
2025-03-25T13:46:07.000000,8608.421749999954,-9745.07934999985,-1136.657599999883
2025-03-25T13:59:32.000000,8574.152899999954,-9745.07934999985,-1170.926449999884
2025-03-25T13:59:32.000000,8557.886749999954,-9745.07934999985,-1187.1925999998837
2025-03-25T13:59:32.000000,8550.621949999953,-9745.07934999985,-1194.4573999998836
2025-03-25T13:59:32.000000,8543.357149999953,-9745.07934999985,-1201.7221999998835
2025-03-25T13:59:32.000000,8545.093699999952,-9745.07934999985,-1199.9856499998837
2025-03-25T13:59:32.000000,8555.831599999952,-9745.07934999985,-1189.247749999884
2025-03-25T13:59:47.000000,8602.553299999952,-9745.07934999985,-1142.5260499998835
2025-03-25T14:00:02.000000,8667.263299999953,-9745.07934999985,-1077.8160499998835
2025-03-25T14:03:02.000000,8696.003899999952,-9745.07934999985,-1049.0754499998843
2025-03-25T14:03:42.000000,8724.744499999952,-9745.07934999985,-1020.3348499998851
2025-03-25T14:03:42.000000,8753.48509999995,-9745.07934999985,-991.594249999886
2025-03-25T14:03:42.000000,8782.22569999995,-9745.07934999985,-962.8536499998868
2025-03-25T14:14:22.000000,8782.22569999995,-9703.916949999852,-921.6912499998867
2025-03-25T14:14:32.000000,8782.22569999995,-9656.75604999985,-874.5303499998868
2025-03-25T14:14:37.000000,8782.22569999995,-9612.593199999852,-830.3674999998873
2025-03-25T14:14:47.000000,8782.22569999995,-9565.429899999852,-783.2041999998874
2025-03-25T14:14:52.000000,8782.22569999995,-9521.264649999852,-739.0389499998869
2025-03-25T14:16:17.000000,8782.22569999995,-9549.088599999852,-766.862899999887
2025-03-25T14:21:42.000000,8782.22569999995,-9564.934749999853,-782.7090499998873
2025-03-25T14:21:52.000000,8782.22569999995,-9589.779849999853,-807.5541499998869
2025-03-25T14:21:57.000000,8782.22569999995,-9608.626449999854,-826.4007499998877
2025-03-25T14:22:02.000000,8782.22569999995,-9624.477399999854,-842.251699999888
2025-03-25T14:22:12.000000,8782.22569999995,-9649.320099999855,-867.0943999998888
2025-03-25T14:22:22.000000,8782.22569999995,-9677.158449999855,-894.9327499998889
2025-03-25T14:23:37.000000,8782.22569999995,-9694.036599999858,-911.8108999998902
2025-03-25T14:23:42.000000,8782.22569999995,-9710.91474999986,-928.6890499998916
2025-03-25T14:24:02.000000,8782.22569999995,-9734.62274999986,-952.3970499998912
2025-03-25T14:24:12.000000,8782.22569999995,-9774.320349999862,-992.094649999892
2025-03-25T14:24:17.000000,8782.22569999995,-9814.017949999863,-1031.7922499998926
2025-03-25T14:24:52.000000,8782.22569999995,-9837.725949999864,-1055.5002499998923
2025-03-25T14:24:57.000000,8782.22569999995,-9861.433949999864,-1079.208249999892
2025-03-25T14:25:57.000000,8782.22569999995,-9805.746899999864,-1023.5211999998917
2025-03-25T14:26:02.000000,8782.22569999995,-9768.048149999862,-985.822449999891
2025-03-25T14:26:07.000000,8782.22569999995,-9748.337699999862,-966.1119999998899
2025-03-25T14:26:17.000000,8782.22569999995,-9728.627249999861,-946.4015499998889
2025-03-25T14:26:57.000000,8782.22569999995,-9752.34804999986,-970.1223499998886
2025-03-25T14:27:37.000000,8782.22569999995,-9750.18429999986,-967.9585999998882
2025-03-25T14:29:52.000000,8782.22569999995,-9742.02684999986,-959.8011499998879
2025-03-25T14:30:02.000000,8782.22569999995,-9736.86744999986,-954.6417499998871
2025-03-25T14:30:17.000000,8782.22569999995,-9725.707149999858,-943.4814499998864
2025-03-25T14:30:22.000000,8782.22569999995,-9708.545949999858,-926.3202499998858
2025-03-25T14:30:42.000000,8782.22569999995,-9694.387599999858,-912.1618999998858
2025-03-25T14:30:47.000000,8782.22569999995,-9683.227299999857,-901.0015999998851
2025-03-25T14:31:12.000000,8782.22569999995,-9684.066399999856,-901.8406999998853
2025-03-25T14:31:27.000000,8782.22569999995,-9796.017199999857,-1013.7914999998853
2025-03-25T14:34:17.000000,8832.62704999995,-9796.017199999857,-963.3901499998849
2025-03-25T14:34:17.000000,8808.94464999995,-9796.017199999857,-987.0725499998846
2025-03-25T14:34:22.000000,8853.345099999951,-9796.017199999857,-942.672099999884
2025-03-25T14:34:52.000000,8853.345099999951,-9763.834549999858,-910.4894499998843
2025-03-25T14:38:47.000000,8853.345099999951,-9795.249349999858,-941.9042499998849
2025-03-25T14:45:02.000000,8831.46939999995,-9795.249349999858,-963.7799499998846
2025-03-25T14:45:02.000000,8747.03769999995,-9795.249349999858,-1048.2116499998851
2025-03-25T14:45:02.000000,8683.60914999995,-9795.249349999858,-1111.6401999998855
2025-03-25T14:45:02.000000,8644.184199999949,-9795.249349999858,-1151.0651499998853
2025-03-25T14:45:02.000000,8612.23659999995,-9795.249349999858,-1183.0127499998848
2025-03-25T14:45:02.000000,8580.28899999995,-9795.249349999858,-1214.9603499998843
2025-03-25T14:45:02.000000,8534.536749999948,-9795.249349999858,-1260.712599999885
2025-03-25T14:45:02.000000,8494.785399999948,-9795.249349999858,-1300.4639499998848
2025-03-25T14:45:02.000000,8464.035399999948,-9795.249349999858,-1331.2139499998852
2025-03-26T09:51:57.000000,8464.035399999948,-9859.097749999859,-1395.0623499998853
2025-03-26T09:52:02.000000,8464.035399999948,-9922.94614999986,-1458.9107499998854
2025-03-26T09:52:07.000000,8464.035399999948,-9972.80364999986,-1508.7682499998857
2025-03-26T09:56:32.000000,8464.035399999948,-10064.70104999986,-1600.6656499998865
2025-03-26T09:56:42.000000,8464.035399999948,-10142.59634999986,-1678.5609499998861
2025-03-26T09:56:47.000000,8464.035399999948,-10220.49164999986,-1756.4562499998858
2025-03-26T09:57:02.000000,8464.035399999948,-10298.37574999986,-1834.3403499998856
2025-03-26T10:06:42.000000,8447.992449999947,-10298.37574999986,-1850.3832999998858
2025-03-26T10:06:52.000000,8452.943049999947,-10298.37574999986,-1845.4326999998862
2025-03-26T10:06:57.000000,8457.891249999946,-10298.37574999986,-1840.4844999998863
2025-03-26T10:07:02.000000,8450.837649999947,-10298.37574999986,-1847.5380999998863
2025-03-26T10:07:07.000000,8428.784199999947,-10298.37574999986,-1869.5915499998864
2025-03-26T10:09:02.000000,8428.784199999947,-10254.812899999859,-1826.028699999887
2025-03-26T10:09:02.000000,8428.784199999947,-10211.250049999859,-1782.4658499998877
2025-03-26T10:09:02.000000,8428.784199999947,-10167.687199999858,-1738.9029999998884
2025-03-26T10:09:02.000000,8428.784199999947,-10124.124349999858,-1695.340149999889
2025-03-26T10:14:02.000000,8428.784199999947,-10119.93694999986,-1691.1527499998892
2025-03-26T10:14:22.000000,8428.784199999947,-10127.74174999986,-1698.9575499998894
2025-03-26T10:14:32.000000,8428.784199999947,-10147.548349999859,-1718.764149999889
2025-03-26T10:14:52.000000,8428.784199999947,-10179.33754999986,-1750.5533499998905
2025-03-26T10:21:22.000000,8428.784199999947,-10175.14054999986,-1746.3563499998909
2025-03-26T10:21:27.000000,8428.784199999947,-10158.941749999858,-1730.1575499998892
2025-03-26T10:30:07.000000,8496.487449999948,-10158.941749999858,-1662.4542999998891
2025-03-26T10:30:12.000000,8528.190099999947,-10158.941749999858,-1630.7516499998894
2025-03-26T10:30:17.000000,8544.883299999947,-10158.941749999858,-1614.0584499998888
2025-03-26T10:30:27.000000,8546.571849999946,-10158.941749999858,-1612.3698999998896
2025-03-26T10:36:22.000000,8546.571849999946,-10169.259799999858,-1622.687949999889
2025-03-26T10:36:47.000000,8546.571849999946,-10182.573499999859,-1636.0016499998899
2025-03-26T10:41:07.000000,8546.571849999946,-10132.916149999859,-1586.3442999998906
2025-03-26T10:41:22.000000,8546.571849999946,-10128.234349999859,-1581.6624999998908
2025-03-26T10:51:47.000000,8546.571849999946,-10192.560499999858,-1645.9886499998902
2025-03-26T10:52:02.000000,8546.571849999946,-10265.885599999858,-1719.3137499998898
2025-03-26T11:02:22.000000,8546.571849999946,-10527.463849999858,-1980.8919999998902
2025-03-26T11:02:27.000000,8546.571849999946,-10768.043749999859,-2221.4718999998904
2025-03-26T11:08:22.000000,8546.571849999946,-10748.462899999859,-2201.891049999889
2025-03-26T11:12:32.000000,8546.571849999946,-10728.81964999986,-2182.247799999889
2025-03-26T11:13:27.000000,8546.571849999946,-10709.17639999986,-2162.604549999889
2025-03-26T11:15:17.000000,8546.571849999946,-10686.53269999986,-2139.9608499998885
2025-03-26T11:20:52.000000,8546.571849999946,-10696.86514999986,-2150.293299999889
2025-03-26T11:21:02.000000,8546.571849999946,-10710.19564999986,-2163.62379999989
2025-03-26T11:28:07.000000,8546.571849999946,-10717.88364999986,-2171.31179999989
2025-03-26T11:28:12.000000,8546.571849999946,-10775.57114999986,-2228.999299999891
2025-03-26T11:29:02.000000,8546.571849999946,-10913.27064999986,-2366.6987999998914
2025-03-26T11:35:07.000000,8546.571849999946,-10931.04014999986,-2384.4682999998913
2025-03-26T13:04:17.000000,8546.571849999946,-10908.81164999986,-2362.2397999998902
2025-03-26T13:04:22.000000,8546.571849999946,-10886.583149999859,-2340.011299999889
2025-03-26T13:04:27.000000,8546.571849999946,-10854.353149999857,-2307.7812999998882
2025-03-26T13:04:32.000000,8546.571849999946,-10822.123149999856,-2275.5512999998873
2025-03-26T13:04:37.000000,8546.571849999946,-10789.893149999854,-2243.3212999998864
2025-03-26T13:04:42.000000,8546.571849999946,-10767.656649999853,-2221.084799999885
2025-03-26T13:04:47.000000,8546.571849999946,-10755.413649999851,-2208.8417999998837
2025-03-26T13:04:57.000000,8546.571849999946,-10743.170649999849,-2196.5987999998824
2025-03-26T13:05:02.000000,8546.571849999946,-10730.935649999848,-2184.363799999881
2025-03-26T13:06:52.000000,8546.571849999946,-10728.66214999985,-2182.090299999881
2025-03-26T13:17:12.000000,8546.571849999946,-10720.708699999848,-2174.1368499998807
2025-03-26T13:17:47.000000,8546.571849999946,-10712.75284999985,-2166.1809999998814
2025-03-26T13:32:37.000000,8546.571849999946,-10804.570249999848,-2257.9983999998794
2025-03-26T13:32:42.000000,8546.571849999946,-10896.387649999846,-2349.8157999998775
2025-03-26T13:35:07.000000,8546.571849999946,-10844.250649999847,-2297.6787999998787
2025-03-26T13:35:12.000000,8546.571849999946,-10792.113649999848,-2245.54179999988
2025-03-26T13:35:17.000000,8546.571849999946,-10727.994049999848,-2181.4221999998795
2025-03-26T13:35:22.000000,8546.571849999946,-10651.872649999848,-2105.300799999879
2025-03-26T13:35:27.000000,8546.571849999946,-10587.753049999848,-2041.1811999998783
2025-03-26T13:35:32.000000,8546.571849999946,-10499.639449999848,-1953.0675999998782
2025-03-26T13:35:42.000000,8546.571849999946,-10411.525849999847,-1864.953999999878
2025-03-26T13:35:47.000000,8546.571849999946,-10323.412249999847,-1776.840399999878
2025-03-26T13:35:52.000000,8546.571849999946,-10235.298649999846,-1688.7267999998778
2025-03-26T13:35:57.000000,8546.571849999946,-10159.177249999846,-1612.6053999998776
2025-03-26T13:36:02.000000,8546.571849999946,-10083.055849999846,-1536.4839999998771
2025-03-26T13:36:27.000000,8546.571849999946,-10072.389949999846,-1525.8180999998776
2025-03-26T13:36:52.000000,8546.571849999946,-10044.256549999847,-1497.6846999998784
2025-03-26T13:37:12.000000,8546.571849999946,-10033.597849999847,-1487.0259999998777
2025-03-26T13:37:52.000000,8546.571849999946,-9995.951899999847,-1449.3800499998772
2025-03-26T13:42:37.000000,8546.571849999946,-9967.780099999847,-1421.208249999878
2025-03-26T13:51:17.000000,8546.571849999946,-9974.334499999848,-1427.762649999878
2025-03-26T13:51:22.000000,8546.571849999946,-9980.888899999849,-1434.317049999878
2025-03-26T13:51:32.000000,8546.571849999946,-9993.44179999985,-1446.869949999878
2025-03-26T13:51:52.000000,8546.571849999946,-10005.99469999985,-1459.4228499998778
2025-03-26T13:57:32.000000,8546.571849999946,-10000.84729999985,-1454.2754499998773
2025-03-26T13:57:42.000000,8546.571849999946,-10011.69269999985,-1465.120849999878
2025-03-26T13:58:02.000000,8546.571849999946,-10029.374199999851,-1482.8023499998776
2025-03-26T13:58:57.000000,8546.571849999946,-10027.06069999985,-1480.4888499998779
2025-03-26T13:58:57.000000,8546.571849999946,-10067.39764999985,-1520.8257999998777
2025-03-26T13:59:37.000000,8546.571849999946,-10061.98384999985,-1515.411999999878
2025-03-26T14:01:17.000000,8546.571849999946,-10090.32379999985,-1543.751949999878
2025-03-26T14:05:32.000000,8546.571849999946,-10182.48854999985,-1635.9166999998788
2025-03-26T14:05:47.000000,8546.571849999946,-10207.842449999851,-1661.2705999998784
2025-03-26T14:06:07.000000,8546.571849999946,-10251.69104999985,-1705.1191999998775
2025-03-26T14:06:22.000000,8546.571849999946,-10283.53784999985,-1736.965999999877
2025-03-26T14:06:27.000000,8546.571849999946,-10315.384649999849,-1768.8127999998767
2025-03-26T14:06:42.000000,8546.571849999946,-10313.75609999985,-1767.1842499998768
2025-03-26T14:06:47.000000,8546.571849999946,-10312.12754999985,-1765.5556999998769
2025-03-26T14:06:52.000000,8546.571849999946,-10301.49764999985,-1754.9257999998772
2025-03-26T14:06:57.000000,8546.571849999946,-10290.86774999985,-1744.2958999998775
2025-03-26T14:07:02.000000,8546.571849999946,-10271.236499999852,-1724.664649999878
2025-03-26T14:07:07.000000,8546.571849999946,-10260.606599999852,-1714.0347499998784
2025-03-26T14:07:12.000000,8546.571849999946,-10249.969499999852,-1703.3976499998787
2025-03-26T14:07:17.000000,8546.571849999946,-10239.332399999852,-1692.760549999879
2025-03-26T14:07:22.000000,8546.571849999946,-10228.695299999852,-1682.1234499998793
2025-03-26T14:07:27.000000,8546.571849999946,-10227.052349999853,-1680.4804999998796
2025-03-26T14:08:12.000000,8546.571849999946,-10227.653849999853,-1681.0819999998798
2025-03-26T14:20:22.000000,8546.571849999946,-10259.471849999853,-1712.8999999998794
2025-03-26T14:20:42.000000,8546.571849999946,-10267.295849999853,-1720.7239999998794
2025-03-26T14:22:07.000000,8546.571849999946,-10334.692049999852,-1788.1201999998793
2025-03-26T14:22:22.000000,8546.571849999946,-10372.105349999852,-1825.5334999998797
2025-03-26T14:22:27.000000,8546.571849999946,-10421.513249999853,-1874.9413999998799
2025-03-26T14:23:07.000000,8546.571849999946,-10458.926549999853,-1912.3546999998803
2025-03-26T14:23:07.000000,8546.571849999946,-10496.339849999853,-1949.7679999998807
2025-03-26T14:23:07.000000,8546.571849999946,-10527.757049999853,-1981.1851999998812
2025-03-26T14:23:07.000000,8546.571849999946,-10565.170349999853,-2018.5984999998816
2025-03-26T14:23:17.000000,8546.571849999946,-10602.586049999853,-2056.014199999882
2025-03-26T14:23:17.000000,8546.571849999946,-10634.005649999852,-2087.433799999881
2025-03-26T14:23:22.000000,8546.571849999946,-10653.423449999851,-2106.851599999881
2025-03-26T14:23:32.000000,8546.571849999946,-10666.84274999985,-2120.270899999881
2025-03-26T14:23:42.000000,8546.571849999946,-10683.26009999985,-2136.68824999988
2025-03-26T14:23:42.000000,8546.571849999946,-10699.67744999985,-2153.1055999998794
2025-03-26T14:23:47.000000,8546.571849999946,-10716.09479999985,-2169.5229499998786
2025-03-26T14:23:52.000000,8546.571849999946,-10735.51019999985,-2188.9383499998785
2025-03-26T14:24:02.000000,8546.571849999946,-10742.92379999985,-2196.3519499998783
2025-03-26T14:26:02.000000,8546.571849999946,-10723.33334999985,-2176.761499999878
2025-03-26T14:27:07.000000,8546.571849999946,-10679.751299999849,-2133.1794499998778
2025-03-26T14:27:12.000000,8546.571849999946,-10627.175099999848,-2080.603249999877
2025-03-26T14:27:27.000000,8546.571849999946,-10577.596949999846,-2031.0250999998766
2025-03-26T14:27:42.000000,8546.571849999946,-10565.305949999847,-2018.7340999998771
2025-03-26T14:27:47.000000,8546.571849999946,-10553.014949999848,-2006.4430999998776
2025-03-26T14:28:12.000000,8546.571849999946,-10550.717449999847,-2004.145599999878
2025-03-26T14:28:32.000000,8546.571849999946,-10548.419949999847,-2001.8480999998783
2025-03-26T14:29:12.000000,8546.571849999946,-10525.826649999848,-1979.254799999879
2025-03-26T14:29:17.000000,8546.571849999946,-10521.224049999848,-1974.6521999998781
2025-03-26T14:40:27.000000,8569.208349999944,-10521.224049999848,-1952.0156999998787
2025-03-26T14:42:27.000000,8569.208349999944,-10663.660299999849,-2094.451949999879
2025-03-26T14:42:32.000000,8569.208349999944,-10806.089349999847,-2236.880999999878
2025-03-26T14:42:32.000000,8569.208349999944,-10807.454049999847,-2238.245699999878
2025-03-26T14:44:07.000000,8569.208349999944,-10850.047449999847,-2280.8390999998783
2025-03-26T14:44:12.000000,8569.208349999944,-10785.575049999847,-2216.366699999878
2025-03-26T14:44:17.000000,8569.208349999944,-10834.164549999847,-2264.956199999878
2025-03-26T14:44:17.000000,8569.208349999944,-10760.697999999848,-2191.4896499998786
2025-03-26T14:44:22.000000,8569.208349999944,-10723.208049999848,-2153.9996999998793
2025-03-26T14:44:27.000000,8569.208349999944,-10712.693349999849,-2143.4849999998796
2025-03-26T14:44:32.000000,8569.208349999944,-10743.289749999849,-2174.08139999988
2025-03-26T14:44:32.000000,8569.208349999944,-10750.756149999848,-2181.5477999998798
2025-03-26T14:44:37.000000,8569.208349999944,-10758.215349999848,-2189.0069999998796
2025-03-26T14:44:42.000000,8569.208349999944,-10765.667349999847,-2196.45899999988
2025-03-26T14:44:47.000000,8569.208349999944,-10782.113499999847,-2212.9051499998795
2025-03-26T14:45:02.000000,8569.208349999944,-10767.736749999847,-2198.5283999998796
2025-03-27T09:50:17.000000,8569.208349999944,-10771.396949999847,-2202.188599999879
2025-03-27T09:57:22.000000,8569.208349999944,-10849.007449999848,-2279.799099999879
2025-03-27T09:58:47.000000,8569.208349999944,-10936.725049999848,-2367.516699999879
2025-03-27T09:58:52.000000,8569.208349999944,-11035.197899999848,-2465.9895499998797
2025-03-27T09:59:07.000000,8569.208349999944,-11106.925899999847,-2537.71754999988
2025-03-27T09:59:27.000000,8569.208349999944,-11138.667099999848,-2569.4587499998806
2025-03-27T09:59:32.000000,8569.208349999944,-11170.408299999848,-2601.1999499998815
2025-03-27T09:59:37.000000,8569.208349999944,-11194.148299999848,-2624.9399499998813
2025-03-27T09:59:42.000000,8569.208349999944,-11225.883099999848,-2656.6747499998805
2025-03-27T09:59:57.000000,8569.208349999944,-11257.617899999848,-2688.40954999988
2025-03-27T10:00:02.000000,8569.208349999944,-11313.356299999848,-2744.14794999988
2025-03-27T10:00:12.000000,8569.208349999944,-11369.094699999849,-2799.88634999988
2025-03-27T10:00:12.000000,8569.208349999944,-11448.785499999849,-2879.57714999988
2025-03-27T10:00:17.000000,8569.208349999944,-11504.517499999849,-2935.3091499998804
2025-03-27T10:00:22.000000,8569.208349999944,-11407.373749999848,-2838.16539999988
2025-03-27T10:00:32.000000,8569.208349999944,-11379.65969999985,-2810.4513499998807
2025-03-27T10:00:32.000000,8569.208349999944,-11411.35544999985,-2842.147099999881
2025-03-27T10:00:37.000000,8569.208349999944,-11329.213949999848,-2760.0055999998804
2025-03-27T10:00:37.000000,8569.208349999944,-11370.907199999849,-2801.6988499998806
2025-03-27T10:00:52.000000,8569.208349999944,-11417.605199999847,-2848.3968499998796
2025-03-27T10:00:52.000000,8569.208349999944,-11434.317749999847,-2865.1093999998793
2025-03-27T10:02:12.000000,8569.208349999944,-11425.867349999846,-2856.6589999998782
2025-03-27T10:02:17.000000,8569.208349999944,-11433.406549999845,-2864.1981999998784
2025-03-27T10:02:22.000000,8569.208349999944,-11440.945749999844,-2871.7373999998786
2025-03-27T10:03:02.000000,8569.208349999944,-11524.685149999843,-2955.4767999998776
2025-03-27T10:03:07.000000,8569.208349999944,-11620.419949999843,-3051.2115999998787
2025-03-27T10:03:07.000000,8569.208349999944,-11618.895549999841,-3049.6871999998775
2025-03-27T10:03:57.000000,8569.208349999944,-11702.63494999984,-3133.4265999998765
2025-03-27T10:07:42.000000,8569.208349999944,-11654.38814999984,-3085.1797999998776
2025-03-27T10:08:57.000000,8569.208349999944,-11587.164899999842,-3017.956549999878
2025-03-27T10:15:22.000000,8569.208349999944,-11482.82809999984,-2913.6197499998775
2025-03-27T10:22:07.000000,8561.705949999945,-11482.82809999984,-2921.1221499998774
2025-03-27T10:22:12.000000,8545.202199999945,-11482.82809999984,-2937.625899999877
2025-03-27T10:22:17.000000,8528.698449999945,-11482.82809999984,-2954.129649999877
2025-03-27T10:22:22.000000,8503.193349999945,-11482.82809999984,-2979.6347499998765
2025-03-27T10:22:27.000000,8468.686899999944,-11482.82809999984,-3014.1411999998777
2025-03-27T10:27:37.000000,8468.686899999944,-11490.56809999984,-3021.8811999998775
2025-03-27T10:29:37.000000,8468.686899999944,-11483.32984999984,-3014.6429499998776
2025-03-27T10:29:57.000000,8468.686899999944,-11461.101349999839,-2992.414449999877
2025-03-27T10:31:17.000000,8468.686899999944,-11483.843599999838,-3015.1566999998768
2025-03-27T10:31:22.000000,8468.686899999944,-11506.585849999838,-3037.8989499998765
2025-03-27T10:40:07.000000,8468.686899999944,-11434.241049999839,-2965.5541499998767
2025-03-27T10:40:12.000000,8468.686899999944,-11361.89624999984,-2893.209349999877
2025-03-27T10:40:17.000000,8468.686899999944,-11321.53064999984,-2852.8437499998777
2025-03-27T10:40:22.000000,8468.686899999944,-11281.165049999841,-2812.4781499998785
2025-03-27T10:40:27.000000,8468.686899999944,-11272.791449999842,-2804.104549999879
2025-03-27T10:40:47.000000,8468.686899999944,-11325.622199999842,-2856.935299999878
2025-03-27T10:40:57.000000,8468.686899999944,-11378.45294999984,-2909.7660499998774
2025-03-27T10:41:02.000000,8468.686899999944,-11416.293449999841,-2947.6065499998767
2025-03-27T10:41:07.000000,8468.686899999944,-11454.133949999841,-2985.447049999876
2025-03-27T10:41:12.000000,8468.686899999944,-11476.97219999984,-3008.285299999876
2025-03-27T10:41:17.000000,8468.686899999944,-11499.810449999839,-3031.1235499998756
2025-03-27T10:41:17.000000,8468.686899999944,-11477.49394999984,-3008.807049999876
2025-03-27T10:41:22.000000,8468.686899999944,-11455.177449999841,-2986.4905499998767
2025-03-27T10:41:27.000000,8468.686899999944,-11493.00594999984,-3024.319049999876
2025-03-27T10:41:37.000000,8468.686899999944,-11515.83219999984,-3047.1452999998755
2025-03-27T10:41:42.000000,8468.686899999944,-11538.65844999984,-3069.971549999875
2025-03-27T10:41:47.000000,8468.686899999944,-11561.48469999984,-3092.7977999998748
2025-03-27T10:41:52.000000,8468.686899999944,-11599.31319999984,-3130.626299999874
2025-03-27T10:47:42.000000,8468.686899999944,-11718.97159999984,-3250.284699999874
2025-03-27T10:51:07.000000,8468.686899999944,-11666.930599999841,-3198.243699999874
2025-03-27T10:51:12.000000,8468.686899999944,-11644.870099999842,-3176.183199999875
2025-03-27T10:51:17.000000,8468.686899999944,-11622.809599999842,-3154.1226999998757
2025-03-27T10:51:22.000000,8468.686899999944,-11585.758849999844,-3117.071949999877
2025-03-27T10:51:27.000000,8468.686899999944,-11563.698349999844,-3095.0114499998776
2025-03-27T10:51:57.000000,8468.686899999944,-11511.657349999845,-3042.9704499998775
2025-03-27T10:53:47.000000,8468.686899999944,-11528.362849999845,-3059.675949999877
2025-03-27T10:54:02.000000,8468.686899999944,-11555.069849999845,-3086.3829499998765
2025-03-27T10:54:37.000000,8468.686899999944,-11558.592599999845,-3089.905699999877
2025-03-27T10:54:37.000000,8468.686899999944,-11550.385399999846,-3081.698499999877
2025-03-27T10:54:57.000000,8468.686899999944,-11558.081399999846,-3089.394499999877
2025-03-27T10:55:02.000000,8468.686899999944,-11555.783899999846,-3087.0969999998774
2025-03-27T10:55:07.000000,8468.686899999944,-11577.782799999846,-3109.095899999877
2025-03-27T10:55:22.000000,8468.686899999944,-11575.485299999846,-3106.7983999998773
2025-03-27T10:55:22.000000,8468.686899999944,-11503.230099999844,-3034.5431999998764
2025-03-27T10:58:52.000000,8468.686899999944,-11494.933299999842,-3026.2463999998754
2025-03-27T11:08:57.000000,8365.069299999945,-11494.933299999842,-3129.863999999875
2025-03-27T11:09:02.000000,8245.449299999946,-11494.933299999842,-3249.483999999874
2025-03-27T11:12:07.000000,8237.846099999946,-11494.933299999842,-3257.087199999874
2025-03-27T13:05:47.000000,8237.846099999946,-11487.839049999842,-3249.9929499998743
2025-03-27T13:10:02.000000,8237.846099999946,-11495.679049999842,-3257.8329499998745
2025-03-27T13:26:17.000000,8237.846099999946,-11514.144049999843,-3276.297949999874
2025-03-27T13:27:22.000000,8237.846099999946,-11497.009249999843,-3259.1631499998734
2025-03-27T13:27:37.000000,8237.846099999946,-11514.698749999845,-3276.852649999875
2025-03-27T13:29:27.000000,8237.846099999946,-11556.632649999845,-3318.786549999876
2025-03-27T13:29:37.000000,8237.846099999946,-11564.561449999845,-3326.7153499998763
2025-03-27T13:29:37.000000,8237.846099999946,-11572.490249999844,-3334.6441499998764
2025-03-27T13:29:42.000000,8237.846099999946,-11580.419049999844,-3342.5729499998765
2025-03-27T13:29:47.000000,8237.846099999946,-11571.345299999844,-3333.499199999877
2025-03-27T13:29:57.000000,8237.846099999946,-11596.290249999845,-3358.444149999878
2025-03-27T13:30:07.000000,8237.846099999946,-11567.679249999846,-3329.8331499998785
2025-03-27T13:30:17.000000,8237.846099999946,-11558.619099999847,-3320.7729999998787
2025-03-27T13:30:47.000000,8237.846099999946,-11549.572549999846,-3311.726449999878
2025-03-27T13:31:07.000000,8237.846099999946,-11523.509849999848,-3285.6637499998783
2025-03-27T13:31:27.000000,8237.846099999946,-11514.436099999848,-3276.5899999998787
2025-03-27T13:36:27.000000,8237.846099999946,-11522.341699999848,-3284.495599999879
2025-03-27T13:36:32.000000,8237.846099999946,-11530.247299999848,-3292.401199999879
2025-03-27T13:36:52.000000,8237.846099999946,-11547.944799999848,-3310.0986999998786
2025-03-27T13:37:37.000000,8237.846099999946,-11537.898099999848,-3300.0519999998774
2025-03-27T13:37:42.000000,8237.846099999946,-11509.863099999846,-3272.0169999998766
2025-03-27T13:37:47.000000,8237.846099999946,-11490.829449999846,-3252.983349999877
2025-03-27T13:37:52.000000,8237.846099999946,-11462.801649999847,-3224.955549999878
2025-03-27T13:37:57.000000,8237.846099999946,-11452.769349999848,-3214.9232499998784
2025-03-27T13:38:02.000000,8237.846099999946,-11469.719499999848,-3231.873399999878
2025-03-27T13:38:07.000000,8237.846099999946,-11495.66379999985,-3257.817699999879
2025-03-27T13:38:12.000000,8237.846099999946,-11530.60224999985,-3292.75614999988
2025-03-27T13:38:17.000000,8237.846099999946,-11574.53484999985,-3336.688749999881
2025-03-27T13:38:22.000000,8237.846099999946,-11609.466099999852,-3371.619999999882
2025-03-27T13:39:07.000000,8237.846099999946,-11595.422949999853,-3357.576849999882
2025-03-27T13:39:12.000000,8237.846099999946,-11575.381299999854,-3337.535199999882
2025-03-27T13:41:07.000000,8237.846099999946,-11593.078799999854,-3355.232699999882
2025-03-27T13:49:52.000000,8237.846099999946,-11588.029799999855,-3350.1836999998823
2025-03-27T13:50:02.000000,8237.846099999946,-11559.541199999856,-3321.695099999883
2025-03-27T13:50:57.000000,8237.846099999946,-11531.066999999855,-3293.220899999882
2025-03-27T13:51:02.000000,8237.846099999946,-11502.585599999855,-3264.739499999881
2025-03-27T13:51:12.000000,8237.846099999946,-11492.099699999855,-3254.2535999998813
2025-03-27T13:51:17.000000,8237.846099999946,-11481.606599999855,-3243.7604999998816
2025-03-27T14:05:42.000000,8237.846099999946,-11509.377599999854,-3271.5314999998814
2025-03-27T14:05:52.000000,8237.846099999946,-11547.142099999854,-3309.2959999998807
2025-03-27T14:06:02.000000,8237.846099999946,-11564.911599999854,-3327.0654999998806
2025-03-27T14:06:12.000000,8237.846099999946,-11592.674599999853,-3354.82849999988
2025-03-27T14:06:17.000000,8237.846099999946,-11620.437599999852,-3382.5914999998795
2025-03-27T14:20:22.000000,8237.846099999946,-11618.220099999851,-3380.3739999998797
2025-03-27T14:20:32.000000,8237.846099999946,-11606.001099999852,-3368.15499999988
2025-03-27T14:20:47.000000,8237.846099999946,-11603.775599999852,-3365.92949999988
2025-03-27T14:22:17.000000,8237.846099999946,-11626.589849999853,-3388.743749999881
2025-03-27T14:22:22.000000,8237.846099999946,-11634.413849999853,-3396.567749999881
2025-03-27T14:22:47.000000,8237.846099999946,-11627.271599999855,-3389.425499999881
2025-03-27T14:22:52.000000,8237.846099999946,-11605.139099999853,-3367.2929999998805
2025-03-27T14:23:02.000000,8237.846099999946,-11568.028349999853,-3330.1822499998802
2025-03-27T14:23:07.000000,8237.846099999946,-11530.917599999853,-3293.07149999988
2025-03-27T14:23:12.000000,8237.846099999946,-11478.816599999853,-3240.97049999988
2025-03-27T14:23:22.000000,8237.846099999946,-11456.696099999852,-3218.849999999879
2025-03-27T14:23:27.000000,8237.846099999946,-11434.575599999851,-3196.729499999878
2025-03-27T14:23:32.000000,8237.846099999946,-11397.45284999985,-3159.6067499998776
2025-03-27T14:23:37.000000,8237.846099999946,-11360.33009999985,-3122.483999999877
2025-03-27T14:23:52.000000,8237.846099999946,-11338.197599999849,-3100.3514999998765
2025-03-27T14:23:57.000000,8237.846099999946,-11331.067349999848,-3093.2212499998755
2025-03-27T14:24:02.000000,8237.846099999946,-11323.92509999985,-3086.0789999998756
2025-03-27T14:24:57.000000,8237.846099999946,-11314.86494999985,-3077.018849999876
2025-03-27T14:26:02.000000,8237.846099999946,-11305.81839999985,-3067.972299999875
2025-03-27T14:26:07.000000,8237.846099999946,-11296.771849999848,-3058.925749999874
2025-03-27T14:26:27.000000,8237.846099999946,-11304.714249999848,-3066.868149999874
2025-03-27T14:26:32.000000,8237.846099999946,-11312.656649999848,-3074.8105499998737
2025-03-27T14:26:37.000000,8237.846099999946,-11337.587999999847,-3099.7418999998736
2025-03-27T14:26:47.000000,8237.846099999946,-11362.519349999846,-3124.6732499998734
2025-03-27T14:29:12.000000,8237.846099999946,-11359.995599999846,-3122.149499999873
2025-03-27T14:42:02.000000,8237.846099999946,-11307.786599999845,-3069.9404999998733
2025-03-27T14:45:02.000000,8185.123349999945,-11307.786599999845,-3122.6632499998736
2025-03-28T09:51:47.000000,8185.123349999945,-11234.929799999845,-3049.806449999874
2025-03-28T09:52:42.000000,8185.123349999945,-11146.044999999844,-2960.9216499998734
2025-03-28T09:58:02.000000,8226.052949999945,-11146.044999999844,-2919.9920499998734
2025-03-28T09:58:17.000000,8239.992899999945,-11146.044999999844,-2906.0520999998735
2025-03-28T09:58:22.000000,8259.928949999945,-11146.044999999844,-2886.1160499998737
2025-03-28T10:07:07.000000,8237.378699999945,-11146.044999999844,-2908.6662999998734
2025-03-28T10:09:12.000000,8237.378699999945,-11153.522599999844,-2916.1438999998736
2025-03-28T10:09:27.000000,8214.852449999946,-11153.522599999844,-2938.6701499998735
2025-03-28T10:09:37.000000,8207.316449999946,-11153.522599999844,-2946.2061499998736
2025-03-28T10:09:42.000000,8199.780449999946,-11153.522599999844,-2953.7421499998736
2025-03-28T10:10:02.000000,8177.254199999946,-11153.522599999844,-2976.2683999998735
2025-03-28T10:10:12.000000,8169.718199999946,-11153.522599999844,-2983.8043999998736
2025-03-28T10:10:17.000000,8162.182199999946,-11153.522599999844,-2991.3403999998736
2025-03-28T10:10:27.000000,8162.182199999946,-11175.561649999843,-3013.379449999874
2025-03-28T10:11:17.000000,8162.182199999946,-11248.610749999843,-3086.4285499998737
2025-03-28T10:11:27.000000,8162.182199999946,-11336.654899999843,-3174.4726999998734
2025-03-28T10:11:32.000000,8154.634199999946,-11336.654899999843,-3182.020699999873
2025-03-28T10:11:42.000000,8147.086199999946,-11336.654899999843,-3189.568699999873
2025-03-28T10:13:12.000000,8147.086199999946,-11310.715549999843,-3163.6293499998733
2025-03-28T10:14:07.000000,8147.086199999946,-11344.186649999843,-3197.100449999874
2025-03-28T10:14:57.000000,8169.426699999945,-11344.186649999843,-3174.7599499998746
2025-03-28T10:16:22.000000,8169.426699999945,-11315.263649999843,-3145.8369499998744
2025-03-28T10:16:32.000000,8169.426699999945,-11286.343049999843,-3116.9163499998754
2025-03-28T10:17:22.000000,8169.426699999945,-11260.420499999844,-3090.9937999998756
2025-03-28T10:23:17.000000,8169.426699999945,-11493.398249999844,-3323.971549999876
2025-03-28T10:23:27.000000,8169.426699999945,-11711.397749999844,-3541.9710499998755
2025-03-28T10:24:07.000000,8169.426699999945,-11830.996949999844,-3661.5702499998756
2025-03-28T10:24:12.000000,8169.426699999945,-11964.575849999845,-3795.1491499998756
2025-03-28T10:24:22.000000,8169.426699999945,-12168.086849999845,-3998.6601499998765
2025-03-28T10:26:02.000000,8169.426699999945,-12105.737149999846,-3936.3104499998767
2025-03-28T10:26:17.000000,8169.426699999945,-12127.332849999846,-3957.9061499998766
2025-03-28T10:26:42.000000,8169.426699999945,-12078.962849999845,-3909.5361499998767
2025-03-28T10:27:27.000000,8169.426699999945,-12058.563449999845,-3889.1367499998773
2025-03-28T10:27:48.000000,8169.426699999945,-12041.587049999844,-3872.160349999877
2025-03-28T10:28:57.000000,8169.426699999945,-12161.242249999843,-3991.815549999877
2025-03-28T10:29:12.000000,8169.426699999945,-12336.928249999843,-4167.501549999877
2025-03-28T10:29:32.000000,8169.426699999945,-12638.588349999842,-4469.161649999877
2025-03-28T10:29:37.000000,8169.426699999945,-12996.245649999842,-4826.818949999877
2025-03-28T10:29:47.000000,8169.426699999945,-13437.893149999842,-5268.466449999876
2025-03-28T10:30:37.000000,8169.426699999945,-13837.523149999843,-5668.096449999876
2025-03-28T10:31:37.000000,8169.426699999945,-14251.177649999843,-6081.750949999876
2025-03-28T10:31:47.000000,8169.426699999945,-14692.825149999842,-6523.398449999875
2025-03-28T10:35:07.000000,8169.426699999945,-14672.761749999843,-6503.335049999876
2025-03-28T10:35:17.000000,8169.426699999945,-14625.766449999843,-6456.339749999876
2025-03-28T10:35:22.000000,8169.426699999945,-14569.774599999842,-6400.347899999876
2025-03-28T10:35:52.000000,8169.426699999945,-14637.567599999842,-6468.140899999877
2025-03-28T10:35:57.000000,8169.426699999945,-14641.563149999842,-6472.136449999876
2025-03-28T10:36:42.000000,8169.426699999945,-14619.422649999842,-6449.995949999877
2025-03-28T10:36:47.000000,8169.426699999945,-14607.275649999843,-6437.848949999877
2025-03-28T10:37:02.000000,8169.426699999945,-14625.117149999844,-6455.690449999876
2025-03-28T10:37:12.000000,8169.426699999945,-14577.015949999844,-6407.589249999876
2025-03-28T10:38:02.000000,8169.426699999945,-14524.902949999843,-6355.476249999876
2025-03-28T10:41:32.000000,8169.426699999945,-14531.882149999843,-6362.455449999876
2025-03-28T10:42:02.000000,8169.426699999945,-14529.720649999843,-6360.293949999876
2025-03-28T10:42:57.000000,8169.426699999945,-14533.706599999843,-6364.279899999876
2025-03-28T10:44:02.000000,8169.426699999945,-14489.726149999842,-6320.299449999875
2025-03-28T10:44:07.000000,8169.426699999945,-14448.743749999841,-6279.317049999875
2025-03-28T10:44:12.000000,8169.426699999945,-14410.761799999842,-6241.335099999876
2025-03-28T10:44:17.000000,8169.426699999945,-14402.767549999842,-6233.340849999877
2025-03-28T10:44:27.000000,8169.426699999945,-14397.773749999842,-6228.347049999877
2025-03-28T10:46:22.000000,8169.426699999945,-14419.705449999841,-6250.278749999877
2025-03-28T10:48:57.000000,8147.640599999946,-14419.705449999841,-6272.064849999876
2025-03-28T10:49:12.000000,8195.842599999945,-14419.705449999841,-6223.862849999876
2025-03-28T10:49:17.000000,8230.053699999946,-14419.705449999841,-6189.651749999875
2025-03-28T10:49:22.000000,8292.257799999945,-14419.705449999841,-6127.4476499998755
2025-03-28T10:49:27.000000,8368.452799999946,-14419.705449999841,-6051.252649999875
2025-03-28T10:49:32.000000,8430.645699999948,-14419.705449999841,-5989.059749999874
2025-03-28T10:49:47.000000,8394.823899999948,-14419.705449999841,-6024.881549999874
2025-03-28T10:52:27.000000,8394.823899999948,-14417.55194999984,-6022.728049999874
2025-03-28T10:56:02.000000,8394.823899999948,-14454.566849999841,-6059.742949999874
2025-03-28T10:56:17.000000,8394.823899999948,-14503.576349999841,-6108.752449999874
2025-03-28T10:56:22.000000,8394.823899999948,-14546.592149999842,-6151.768249999875
2025-03-28T10:56:47.000000,8394.823899999948,-14595.604049999842,-6200.780149999875
2025-03-28T11:00:12.000000,8394.823899999948,-14596.639949999842,-6201.816049999875
2025-03-28T11:01:42.000000,8394.823899999948,-14612.673299999842,-6217.8493999998755
2025-03-28T11:01:47.000000,8394.823899999948,-14625.710999999843,-6230.887099999875
2025-03-28T11:02:32.000000,8394.823899999948,-14535.491499999844,-6140.667599999876
2025-03-28T11:02:37.000000,8394.823899999948,-14445.271999999844,-6050.448099999877
2025-03-28T11:03:02.000000,8394.823899999948,-14369.043399999846,-5974.219499999877
2025-03-28T11:04:37.000000,8394.823899999948,-14394.082899999845,-5999.258999999877
2025-03-28T11:04:42.000000,8394.823899999948,-14428.906149999846,-6034.0822499998785
2025-03-28T11:04:42.000000,8394.823899999948,-14456.946099999846,-6062.122199999879
2025-03-28T11:04:47.000000,8394.823899999948,-14491.769349999848,-6096.94544999988
2025-03-28T11:04:47.000000,8394.823899999948,-14525.807799999848,-6130.98389999988
2025-03-28T11:04:52.000000,8394.823899999948,-14577.836949999848,-6183.0130499998795
2025-03-28T11:04:57.000000,8394.823899999948,-14612.667399999847,-6217.843499999879
2025-03-28T11:04:57.000000,8394.823899999948,-14667.696999999847,-6272.873099999879
2025-03-28T11:05:02.000000,8394.823899999948,-14702.534649999847,-6307.710749999878
2025-03-28T11:05:07.000000,8394.823899999948,-14755.367799999845,-6360.543899999878
2025-03-28T11:05:12.000000,8394.823899999948,-14808.200949999844,-6413.377049999877
2025-03-28T11:05:17.000000,8394.823899999948,-14852.039949999844,-6457.216049999876
2025-03-28T11:05:22.000000,8394.823899999948,-14913.874449999843,-6519.050549999875
2025-03-28T11:05:27.000000,8394.823899999948,-14984.710299999842,-6589.886399999874
2025-03-28T11:05:37.000000,8394.823899999948,-15073.541649999845,-6678.717749999875
2025-03-28T11:05:52.000000,8394.823899999948,-15153.378849999845,-6758.554949999875
2025-03-28T11:05:52.000000,8394.823899999948,-15223.413099999845,-6828.589199999876
2025-03-28T11:06:17.000000,8394.823899999948,-15272.451399999845,-6877.627499999876
2025-03-28T11:06:47.000000,8394.823899999948,-15307.296249999845,-6912.472349999875
2025-03-28T11:06:47.000000,8394.823899999948,-15335.333799999844,-6940.5098999998745
2025-03-28T11:06:52.000000,8394.823899999948,-15351.374349999844,-6956.550449999874
2025-03-28T11:06:57.000000,8394.823899999948,-15386.211999999843,-6991.388099999874
2025-03-28T11:07:12.000000,8394.823899999948,-15412.048299999842,-7017.224399999874
2025-03-28T11:07:12.000000,8394.823899999948,-15434.084949999842,-7039.261049999873
2025-03-28T11:07:17.000000,8394.823899999948,-15453.121149999843,-7058.297249999872
2025-03-28T11:07:27.000000,8394.823899999948,-15490.152849999842,-7095.328949999872
2025-03-28T11:07:37.000000,8394.823899999948,-15527.184549999842,-7132.360649999871
2025-03-28T11:07:42.000000,8394.823899999948,-15567.21669999984,-7172.392799999871
2025-03-28T11:07:57.000000,8394.823899999948,-15604.245999999841,-7209.4220999998715
2025-03-28T11:10:22.000000,8394.823899999948,-15542.306049999841,-7147.482149999872
2025-03-28T11:10:37.000000,8394.823899999948,-15530.646549999841,-7135.822649999872
2025-03-28T11:10:42.000000,8394.823899999948,-15518.987049999841,-7124.163149999872
2025-03-28T11:10:47.000000,8394.823899999948,-15504.324699999841,-7109.500799999872
2025-03-28T11:10:52.000000,8394.823899999948,-15489.66234999984,-7094.838449999871
2025-03-28T11:10:52.000000,8394.823899999948,-15421.71909999984,-7026.895199999871
2025-03-28T11:10:57.000000,8394.823899999948,-15411.593199999841,-7016.769299999871
2025-03-28T11:11:02.000000,8394.823899999948,-15383.478999999841,-6988.65509999987
2025-03-28T11:11:02.000000,8394.823899999948,-15318.531399999842,-6923.70749999987
2025-03-28T11:11:07.000000,8394.823899999948,-15290.417199999842,-6895.5932999998695
2025-03-28T11:11:12.000000,8394.823899999948,-15262.302999999842,-6867.479099999869
2025-03-28T11:11:17.000000,8394.823899999948,-15252.177099999843,-6857.353199999869
2025-03-28T11:11:22.000000,8394.823899999948,-15233.057049999841,-6838.233149999867
2025-03-28T11:11:27.000000,8394.823899999948,-15222.931149999842,-6828.107249999867
2025-03-28T11:11:42.000000,8394.823899999948,-15221.799399999842,-6826.975499999868
2025-03-28T11:11:47.000000,8394.823899999948,-15173.597399999842,-6778.773499999867
2025-03-28T11:11:52.000000,8394.823899999948,-15125.395399999843,-6730.571499999867
2025-03-28T11:11:57.000000,8394.823899999948,-15087.432649999842,-6692.608749999867
2025-03-28T11:12:07.000000,8394.823899999948,-15039.230649999843,-6644.406749999866
2025-03-28T11:12:12.000000,8394.823899999948,-14991.028649999844,-6596.204749999866
2025-03-28T11:12:17.000000,8394.823899999948,-14914.833649999842,-6520.009749999866
2025-03-28T11:12:22.000000,8394.823899999948,-14838.63864999984,-6443.814749999865
2025-03-28T11:12:27.000000,8394.823899999948,-14790.436649999841,-6395.612749999865
2025-03-28T11:12:32.000000,8394.823899999948,-14728.24374999984,-6333.419849999864
2025-03-28T11:12:37.000000,8394.823899999948,-14666.050849999838,-6271.226949999863
2025-03-28T11:12:42.000000,8394.823899999948,-14617.848849999838,-6223.024949999863
2025-03-28T11:12:47.000000,8394.823899999948,-14569.64684999984,-6174.822949999862
2025-03-28T11:12:52.000000,8394.823899999948,-14521.44484999984,-6126.620949999862
2025-03-28T11:12:57.000000,8394.823899999948,-14487.22254999984,-6092.398649999862
2025-03-28T11:13:02.000000,8394.823899999948,-14453.00024999984,-6058.1763499998615
2025-03-28T11:13:07.000000,8394.823899999948,-14404.78704999984,-6009.963149999861
2025-03-28T11:13:12.000000,8394.823899999948,-14356.57384999984,-5961.749949999861
2025-03-28T11:13:17.000000,8394.823899999948,-14294.369749999842,-5899.545849999861
2025-03-28T11:13:22.000000,8394.823899999948,-14232.165649999843,-5837.341749999861
2025-03-28T11:13:27.000000,8394.823899999948,-14183.963649999843,-5789.139749999861
2025-03-28T11:13:42.000000,8394.823899999948,-14149.752549999843,-5754.928649999861
2025-03-28T11:15:07.000000,8394.823899999948,-14115.541449999842,-5720.71754999986
2025-03-28T11:23:32.000000,8394.823899999948,-14153.441949999844,-5758.618049999861
2025-03-28T11:28:37.000000,8394.823899999948,-14221.358949999843,-5826.535049999861
2025-03-28T11:29:22.000000,8394.823899999948,-14259.295449999843,-5864.471549999861
2025-03-28T11:29:27.000000,8394.823899999948,-14312.222199999842,-5917.39829999986
2025-03-28T11:29:32.000000,8394.823899999948,-14380.151199999842,-5985.32729999986
2025-03-28T11:29:47.000000,8394.823899999948,-14361.009549999842,-5966.18564999986
2025-03-28T11:29:52.000000,8394.823899999948,-14332.873749999842,-5938.049849999861
2025-03-28T13:00:07.000000,8394.823899999948,-14304.745149999842,-5909.921249999862
2025-03-28T13:00:42.000000,8394.823899999948,-14280.471549999844,-5885.647649999863
2025-03-28T13:02:47.000000,8394.823899999948,-14203.929349999844,-5809.105449999863
2025-03-28T13:06:02.000000,8394.823899999948,-14141.714049999844,-5746.890149999863
2025-03-28T13:06:17.000000,8394.823899999948,-14065.496649999845,-5670.672749999863
2025-03-28T13:06:22.000000,8394.823899999948,-14003.281349999845,-5608.4574499998635
2025-03-28T13:06:32.000000,8394.823899999948,-13927.075149999846,-5532.251249999864
2025-03-28T13:10:52.000000,8394.823899999948,-13958.065149999846,-5563.2412499998645
2025-03-28T13:10:57.000000,8394.823899999948,-14010.041499999847,-5615.217599999865
2025-03-28T13:11:02.000000,8394.823899999948,-14065.015899999846,-5670.191999999865
2025-03-28T13:11:07.000000,8394.823899999948,-14110.988949999846,-5716.165049999865
2025-03-28T13:11:52.000000,8394.823899999948,-14141.976549999847,-5747.1526499998645
2025-03-28T13:12:02.000000,8394.823899999948,-14178.962649999847,-5784.138749999865
2025-03-28T13:12:07.000000,8394.823899999948,-14203.951749999847,-5809.127849999865
2025-03-28T13:12:22.000000,8394.823899999948,-14195.947899999846,-5801.123999999865
2025-03-28T13:12:27.000000,8394.823899999948,-14184.943599999846,-5790.119699999866
2025-03-28T13:13:02.000000,8394.823899999948,-14167.943199999847,-5773.119299999866
2025-03-28T13:13:07.000000,8394.823899999948,-14153.943249999847,-5759.119349999865
2025-03-28T13:13:37.000000,8394.823899999948,-14139.938499999847,-5745.114599999865
2025-03-28T13:13:42.000000,8394.823899999948,-14128.931799999847,-5734.1078999998645
2025-03-28T13:15:57.000000,8394.823899999948,-14186.771299999846,-5791.947399999864
2025-03-28T13:16:42.000000,8394.823899999948,-14244.602799999846,-5849.778899999865
2025-03-28T13:16:47.000000,8394.823899999948,-14233.600899999845,-5838.776999999864
2025-03-28T13:17:12.000000,8394.823899999948,-14219.596149999845,-5824.772249999864
2025-03-28T13:18:22.000000,8394.823899999948,-14283.287749999845,-5888.463849999864
2025-03-28T13:18:52.000000,8394.823899999948,-14291.128549999845,-5896.304649999864
2025-03-28T13:18:57.000000,8394.823899999948,-14289.967999999844,-5895.144099999864
2025-03-28T13:19:02.000000,8394.823899999948,-14297.801599999844,-5902.977699999864
2025-03-28T13:19:07.000000,8394.823899999948,-14314.636549999845,-5919.812649999863
2025-03-28T13:19:12.000000,8394.823899999948,-14322.477349999845,-5927.653449999863
2025-03-28T13:19:22.000000,8394.823899999948,-14330.318149999845,-5935.494249999863
2025-03-28T13:19:47.000000,8394.823899999948,-14338.166149999844,-5943.342249999863
2025-03-28T13:20:12.000000,8394.823899999948,-14366.148499999845,-5971.3245999998635
2025-03-28T13:20:22.000000,8394.823899999948,-14397.128899999845,-6002.304999999864
2025-03-28T13:20:27.000000,8394.823899999948,-14424.995899999845,-6030.171999999863
2025-03-28T13:20:27.000000,8394.823899999948,-14458.976749999845,-6064.152849999863
2025-03-28T13:20:32.000000,8394.823899999948,-14466.848749999845,-6072.024849999863
2025-03-28T13:20:42.000000,8394.823899999948,-14484.714249999844,-6089.890349999863
2025-03-28T13:20:47.000000,8394.823899999948,-14502.579749999844,-6107.755849999863
2025-03-28T13:20:52.000000,8394.823899999948,-14520.453249999844,-6125.629349999863
2025-03-28T13:20:57.000000,8394.823899999948,-14528.325249999843,-6133.501349999863
2025-03-28T13:21:02.000000,8394.823899999948,-14556.192249999844,-6161.368349999862
2025-03-28T13:21:02.000000,8394.823899999948,-14555.046099999843,-6160.222199999863
2025-03-28T13:21:07.000000,8394.823899999948,-14572.919599999843,-6178.0956999998625
2025-03-28T13:21:07.000000,8394.823899999948,-14571.773449999842,-6176.949549999863
2025-03-28T13:21:12.000000,8394.823899999948,-14570.627299999842,-6175.803399999863
2025-03-28T13:21:17.000000,8394.823899999948,-14588.500799999842,-6193.676899999863
2025-03-28T13:21:17.000000,8394.823899999948,-14587.354649999841,-6192.5307499998635
2025-03-28T13:21:22.000000,8394.823899999948,-14586.20849999984,-6191.384599999864
2025-03-28T13:21:27.000000,8394.823899999948,-14614.07549999984,-6219.251599999863
2025-03-28T13:21:27.000000,8394.823899999948,-14612.92934999984,-6218.105449999864
2025-03-28T13:21:32.000000,8394.823899999948,-14611.78319999984,-6216.959299999864
2025-03-28T13:21:37.000000,8394.823899999948,-14610.63704999984,-6215.813149999864
2025-03-28T13:21:42.000000,8394.823899999948,-14618.48504999984,-6223.661149999864
2025-03-28T13:21:52.000000,8394.823899999948,-14617.338899999839,-6222.514999999865
2025-03-28T13:22:02.000000,8394.823899999948,-14625.186899999839,-6230.362999999865
2025-03-28T13:23:32.000000,8394.823899999948,-14651.023199999838,-6256.199299999865
2025-03-28T13:23:32.000000,8394.823899999948,-14694.73739999984,-6299.913499999866
2025-03-28T13:24:47.000000,8394.823899999948,-14642.61639999984,-6247.792499999868
2025-03-28T13:24:52.000000,8394.823899999948,-14600.488899999842,-6205.664999999869
2025-03-28T13:24:57.000000,8394.823899999948,-14568.354899999842,-6173.53099999987
2025-03-28T13:25:02.000000,8394.823899999948,-14526.227399999843,-6131.403499999871
2025-03-28T13:25:07.000000,8394.823899999948,-14494.093399999843,-6099.269499999872
2025-03-28T13:26:07.000000,8394.823899999948,-14486.082349999844,-6091.258449999873
2025-03-28T13:30:52.000000,8415.15609999995,-14486.082349999844,-6070.926249999872
2025-03-28T13:30:57.000000,8421.47499999995,-14486.082349999844,-6064.607349999873
2025-03-28T13:32:27.000000,8421.47499999995,-14481.074149999844,-6059.599149999874
2025-03-28T13:32:32.000000,8421.47499999995,-14467.071799999843,-6045.596799999874
2025-03-28T13:32:42.000000,8421.47499999995,-14462.063599999843,-6040.5885999998745
2025-03-28T13:34:07.000000,8421.47499999995,-14460.895849999843,-6039.420849999875
2025-03-28T13:34:27.000000,8421.47499999995,-14458.888099999842,-6037.413099999874
2025-03-28T13:34:57.000000,8421.47499999995,-14456.882749999842,-6035.407749999874
2025-03-28T13:35:22.000000,8421.47499999995,-14472.865699999842,-6051.390699999874
2025-03-28T13:37:17.000000,8421.47499999995,-14482.847749999843,-6061.372749999875
2025-03-28T13:37:22.000000,8421.47499999995,-14495.827849999843,-6074.352849999875
2025-03-28T13:37:27.000000,8421.47499999995,-14502.809449999842,-6081.334449999875
2025-03-28T13:37:32.000000,8421.47499999995,-14509.791049999842,-6088.316049999875
2025-03-28T13:37:42.000000,8421.47499999995,-14516.770249999841,-6095.295249999875
2025-03-28T13:38:27.000000,8421.47499999995,-14523.754249999842,-6102.279249999875
2025-03-28T13:38:57.000000,8421.47499999995,-14533.741099999843,-6112.266099999875
2025-03-28T13:39:07.000000,8421.47499999995,-14552.724499999842,-6131.249499999875
2025-03-28T13:39:12.000000,8421.47499999995,-14568.70504999984,-6147.230049999875
2025-03-28T13:40:47.000000,8421.47499999995,-14599.69264999984,-6178.217649999874
2025-03-28T13:41:22.000000,8421.47499999995,-14625.52894999984,-6204.053949999874
2025-03-28T13:41:37.000000,8421.47499999995,-14651.365249999839,-6229.890249999874
2025-03-28T13:44:32.000000,8421.47499999995,-14697.35989999984,-6275.884899999874
2025-03-28T13:44:42.000000,8421.47499999995,-14743.35694999984,-6321.881949999874
2025-03-28T13:45:57.000000,8421.47499999995,-14759.35669999984,-6337.881699999874
2025-03-28T13:46:57.000000,8421.47499999995,-14748.37159999984,-6326.896599999874
2025-03-28T13:47:02.000000,8421.47499999995,-14734.39084999984,-6312.915849999874
2025-03-28T13:47:12.000000,8421.47499999995,-14717.41204999984,-6295.937049999874
2025-03-28T13:47:17.000000,8421.47499999995,-14706.42934999984,-6284.9543499998745
2025-03-28T13:47:32.000000,8421.47499999995,-14698.44709999984,-6276.972099999874
2025-03-28T13:48:02.000000,8421.47499999995,-14685.124099999839,-6263.649099999875
2025-03-28T13:48:02.000000,8421.47499999995,-14677.14424999984,-6255.669249999874
2025-03-28T13:48:07.000000,8421.47499999995,-14663.16589999984,-6241.690899999874
2025-03-28T13:48:27.000000,8421.47499999995,-14698.046749999841,-6276.5717499998755
2025-03-28T13:48:32.000000,8421.47499999995,-14723.926249999842,-6302.451249999876
2025-03-28T13:48:37.000000,8421.47499999995,-14758.799899999844,-6337.324899999878
2025-03-28T13:48:42.000000,8421.47499999995,-14766.516699999844,-6345.041699999878
2025-03-28T13:48:42.000000,8421.47499999995,-14801.390349999845,-6379.915349999879
2025-03-28T13:49:02.000000,8421.47499999995,-14845.265349999845,-6423.79034999988
2025-03-28T13:49:47.000000,8421.47499999995,-14840.283549999845,-6418.808549999881
2025-03-28T13:49:52.000000,8421.47499999995,-14893.167099999846,-6471.692099999881
2025-03-28T13:51:07.000000,8421.47499999995,-14892.100149999846,-6470.625149999882
2025-03-28T13:51:12.000000,8421.47499999995,-14891.033199999845,-6469.558199999882
2025-03-28T13:56:07.000000,8421.47499999995,-14853.063249999846,-6431.5882499998825
2025-03-28T13:56:12.000000,8421.47499999995,-14839.077699999847,-6417.602699999882
2025-03-28T13:56:32.000000,8421.47499999995,-14874.798699999847,-6453.323699999882
2025-03-28T13:57:17.000000,8421.47499999995,-14837.762349999846,-6416.287349999881
2025-03-28T13:57:22.000000,8421.47499999995,-14800.718799999846,-6379.243799999881
2025-03-28T13:57:27.000000,8421.47499999995,-14790.664899999845,-6369.18989999988
2025-03-28T13:57:32.000000,8421.47499999995,-14798.599299999845,-6377.12429999988
2025-03-28T14:02:22.000000,8421.47499999995,-15002.356699999846,-6580.88169999988
2025-03-28T14:04:02.000000,8421.47499999995,-14950.243699999846,-6528.76869999988
2025-03-28T14:06:42.000000,8421.47499999995,-14958.072499999846,-6536.59749999988
2025-03-28T14:07:27.000000,8421.47499999995,-14895.935599999846,-6474.46059999988
2025-03-28T14:07:32.000000,8421.47499999995,-14833.798699999847,-6412.323699999881
2025-03-28T14:07:37.000000,8421.47499999995,-14771.661799999847,-6350.186799999881
2025-03-28T14:07:42.000000,8421.47499999995,-14695.533999999847,-6274.058999999882
2025-03-28T14:07:47.000000,8421.47499999995,-14619.406199999847,-6197.931199999883
2025-03-28T14:07:52.000000,8421.47499999995,-14557.269299999847,-6135.794299999883
2025-03-28T14:07:57.000000,8421.47499999995,-14481.141499999847,-6059.666499999884
2025-03-28T14:08:02.000000,8421.47499999995,-14419.004599999847,-5997.529599999884
2025-03-28T14:08:07.000000,8421.47499999995,-14356.867699999848,-5935.392699999885
2025-03-28T14:08:07.000000,8421.47499999995,-14344.720699999849,-5923.245699999885
2025-03-28T14:08:12.000000,8421.47499999995,-14282.58379999985,-5861.108799999885
2025-03-28T14:08:12.000000,8421.47499999995,-14270.43679999985,-5848.961799999885
2025-03-28T14:08:17.000000,8421.47499999995,-14208.29989999985,-5786.824899999886
2025-03-28T14:08:22.000000,8421.47499999995,-14160.15389999985,-5738.678899999886
2025-03-28T14:08:27.000000,8421.47499999995,-14125.99879999985,-5704.523799999887
2025-03-28T14:08:32.000000,8421.47499999995,-14105.834599999851,-5684.359599999888
2025-03-28T14:08:37.000000,8421.47499999995,-14085.670399999852,-5664.195399999889
2025-03-28T14:08:42.000000,8421.47499999995,-14065.506199999852,-5644.031199999889
2025-03-28T14:08:47.000000,8421.47499999995,-14045.341999999853,-5623.86699999989
2025-03-28T14:11:32.000000,8421.47499999995,-13997.151199999853,-5575.67619999989
2025-03-28T14:12:57.000000,8421.47499999995,-14052.886399999852,-5631.411399999889
2025-03-28T14:14:07.000000,8421.47499999995,-13990.682299999853,-5569.207299999889
2025-03-28T14:24:57.000000,8421.47499999995,-13994.476249999852,-5573.001249999888
2025-03-28T14:25:07.000000,8421.47499999995,-13995.272149999853,-5573.7971499998885
2025-03-28T14:25:17.000000,8421.47499999995,-13996.068049999854,-5574.5930499998885
2025-03-28T14:25:27.000000,8421.47499999995,-13999.861999999854,-5578.386999999888
2025-03-28T14:25:37.000000,8421.47499999995,-14000.655499999853,-5579.180499999887
2025-03-28T14:37:02.000000,8421.47499999995,-13927.527349999851,-5506.052349999885
2025-03-28T14:37:27.000000,8421.47499999995,-13827.402349999851,-5405.927349999884
2025-03-28T14:38:02.000000,8421.47499999995,-13727.270149999851,-5305.7951499998835
2025-03-28T14:38:27.000000,8368.752249999949,-13727.270149999851,-5358.517899999884
2025-03-28T14:38:32.000000,8316.029499999948,-13727.270149999851,-5411.240649999885
2025-03-28T14:38:57.000000,8316.029499999948,-13777.161249999852,-5461.131749999886
2025-03-28T14:39:07.000000,8316.029499999948,-13827.052349999853,-5511.022849999887
2025-03-28T14:39:12.000000,8316.029499999948,-13890.934349999852,-5574.904849999886
2025-03-28T14:39:22.000000,8316.029499999948,-13926.823349999853,-5610.793849999887
2025-03-28T14:39:27.000000,8316.029499999948,-13962.712349999854,-5646.682849999888
2025-03-28T14:39:32.000000,8316.029499999948,-13984.610449999855,-5668.5809499998895
2025-03-28T14:39:42.000000,8316.029499999948,-13978.515549999855,-5662.486049999889
2025-03-28T14:39:47.000000,8316.029499999948,-13972.420649999855,-5656.391149999888
2025-03-28T14:39:57.000000,8316.029499999948,-13952.334849999854,-5636.305349999887
2025-03-28T14:40:17.000000,8316.029499999948,-13918.258149999854,-5602.228649999886
2025-03-28T14:40:27.000000,8316.029499999948,-13884.181449999855,-5568.151949999886
2025-03-28T14:41:22.000000,8316.029499999948,-13878.097749999855,-5562.068249999886
2025-03-28T14:41:27.000000,8316.029499999948,-13886.004949999855,-5569.975449999885
2025-03-28T14:41:32.000000,8316.029499999948,-13893.912149999855,-5577.882649999885
2025-03-28T14:41:37.000000,8316.029499999948,-13901.819349999854,-5585.789849999885
2025-03-28T14:43:02.000000,8316.029499999948,-13888.448999999853,-5572.419499999884
2025-03-28T14:43:07.000000,8316.029499999948,-13882.079699999853,-5566.050199999882
2025-03-28T14:43:12.000000,8316.029499999948,-13889.701299999853,-5573.671799999883
2025-03-28T14:43:17.000000,8316.029499999948,-13890.316249999854,-5574.286749999883
2025-03-28T14:43:42.000000,8316.029499999948,-13890.931199999855,-5574.901699999883
2025-03-28T14:43:42.000000,8316.029499999948,-13898.541599999855,-5582.512099999883
2025-03-28T14:43:42.000000,8316.029499999948,-13892.161099999856,-5576.131599999883
2025-03-28T14:43:42.000000,8316.029499999948,-13885.780599999856,-5569.751099999884
2025-03-28T14:43:47.000000,8316.029499999948,-13886.395549999857,-5570.366049999884
2025-03-28T14:43:57.000000,8316.029499999948,-13838.294349999858,-5522.264849999884
2025-03-28T14:44:02.000000,8316.029499999948,-13817.922949999858,-5501.893449999883
2025-03-28T14:44:02.000000,8316.029499999948,-13769.82174999986,-5453.792249999883
2025-03-28T14:44:12.000000,8316.029499999948,-13707.718449999858,-5391.688949999882
2025-03-28T14:44:17.000000,8316.029499999948,-13645.615149999858,-5329.585649999882
2025-03-28T14:44:27.000000,8316.029499999948,-13639.245849999857,-5323.216349999881
2025-03-28T14:44:32.000000,8316.029499999948,-13563.129249999858,-5247.099749999881
2025-03-28T14:45:02.000000,8316.029499999948,-13570.745249999858,-5254.715749999881
2025-03-28T14:53:42.000000,8316.029499999948,-13409.623899999857,-5093.59439999988
2025-03-31T09:52:12.000000,8338.657999999949,-13409.623899999857,-5070.965899999879
2025-03-31T09:52:42.000000,8411.28599999995,-13409.623899999857,-4998.3378999998795
2025-03-31T09:52:52.000000,8493.92349999995,-13409.623899999857,-4915.70039999988
2025-03-31T10:00:47.000000,8493.92349999995,-13445.925999999856,-4952.002499999879
2025-03-31T10:01:22.000000,8493.92349999995,-13467.230649999856,-4973.307149999879
2025-03-31T10:01:42.000000,8493.92349999995,-13458.428249999855,-4964.504749999879
2025-03-31T10:03:17.000000,8493.92349999995,-13437.757799999856,-4943.8342999998795
2025-03-31T10:03:22.000000,8493.92349999995,-13429.081949999856,-4935.158449999881
2025-03-31T10:03:27.000000,8493.92349999995,-13420.408499999856,-4926.4849999998805
2025-03-31T10:03:32.000000,8493.92349999995,-13420.733999999857,-4926.81049999988
2025-03-31T10:04:42.000000,8493.92349999995,-13364.084549999856,-4870.161049999881
2025-03-31T10:04:47.000000,8493.92349999995,-13310.435549999856,-4816.512049999881
2025-03-31T10:04:52.000000,8493.92349999995,-13259.784599999855,-4765.861099999881
2025-03-31T10:05:02.000000,8493.92349999995,-13249.284299999856,-4755.360799999881
2025-03-31T10:05:12.000000,8493.92349999995,-13189.634399999855,-4695.710899999882
2025-03-31T10:05:22.000000,8493.92349999995,-13144.967549999856,-4651.044049999881
2025-03-31T10:05:32.000000,8493.92349999995,-13118.288999999855,-4624.365499999882
2025-03-31T10:05:42.000000,8493.92349999995,-13097.604149999856,-4603.680649999882
2025-03-31T10:05:47.000000,8493.92349999995,-13079.917349999856,-4585.9938499998825
2025-03-31T10:07:37.000000,8499.458249999949,-13079.917349999856,-4580.459099999883
2025-03-31T10:07:42.000000,8499.458249999949,-13104.210449999855,-4604.752199999883
2025-03-31T10:09:02.000000,8499.458249999949,-13023.528599999856,-4524.070349999883
2025-03-31T10:09:17.000000,8499.458249999949,-12991.356199999855,-4491.897949999882
2025-03-31T10:09:17.000000,8499.458249999949,-12922.661749999854,-4423.203499999882
2025-03-31T10:13:07.000000,8499.458249999949,-12922.941649999853,-4423.483399999883
2025-03-31T10:14:07.000000,8499.458249999949,-12941.202649999854,-4441.744399999882
2025-03-31T10:16:12.000000,8499.458249999949,-12932.454799999854,-4432.996549999882
2025-03-31T10:17:27.000000,8491.584649999948,-12932.454799999854,-4440.8701499998815
2025-03-31T10:17:32.000000,8483.699849999948,-12932.454799999854,-4448.754949999881
2025-03-31T10:17:42.000000,8503.808049999947,-12932.454799999854,-4428.646749999882
2025-03-31T10:17:47.000000,8523.905049999947,-12932.454799999854,-4408.549749999881
2025-03-31T10:17:52.000000,8544.013249999945,-12932.454799999854,-4388.441549999881
2025-03-31T10:17:57.000000,8564.121449999944,-12932.454799999854,-4368.333349999882
2025-03-31T10:21:47.000000,8640.260449999945,-12932.454799999854,-4292.194349999881
2025-03-31T10:27:07.000000,8622.954949999945,-12932.454799999854,-4309.49984999988
2025-03-31T10:27:12.000000,8605.649449999944,-12932.454799999854,-4326.80534999988
2025-03-31T10:27:17.000000,8588.343949999944,-12932.454799999854,-4344.110849999879
2025-03-31T10:27:22.000000,8581.039949999944,-12932.454799999854,-4351.414849999879
2025-03-31T10:27:37.000000,8583.737449999944,-12932.454799999854,-4348.717349999879
2025-03-31T10:27:47.000000,8566.439949999944,-12932.454799999854,-4366.014849999879
2025-03-31T10:27:52.000000,8549.142449999943,-12932.454799999854,-4383.312349999878
2025-03-31T10:27:57.000000,8551.839949999943,-12932.454799999854,-4380.614849999878
2025-03-31T10:28:02.000000,8544.535949999943,-12932.454799999854,-4387.918849999878
2025-03-31T10:28:07.000000,8537.231949999943,-12932.454799999854,-4395.222849999878
2025-03-31T10:28:12.000000,8529.927949999943,-12932.454799999854,-4402.526849999878
2025-03-31T10:29:12.000000,8510.130949999942,-12932.454799999854,-4422.323849999878
2025-03-31T10:30:12.000000,8479.508149999943,-12932.454799999854,-4452.946649999877
2025-03-31T10:33:07.000000,8479.508149999943,-12982.357099999854,-4502.848949999878
2025-03-31T10:38:57.000000,8479.508149999943,-13018.290899999854,-4538.782749999878
2025-03-31T10:38:57.000000,8479.508149999943,-13000.544099999855,-4521.0359499998785
2025-03-31T10:39:02.000000,8479.508149999943,-13036.477899999856,-4556.969749999879
2025-03-31T10:39:07.000000,8479.508149999943,-13086.402599999856,-4606.89444999988
2025-03-31T10:39:12.000000,8479.508149999943,-13122.336399999856,-4642.82824999988
2025-03-31T10:39:17.000000,8479.508149999943,-13158.270199999857,-4678.762049999881
2025-03-31T10:39:27.000000,8479.508149999943,-13194.203999999858,-4714.695849999882
2025-03-31T10:39:32.000000,8479.508149999943,-13230.137799999859,-4750.6296499998825
2025-03-31T10:39:37.000000,8479.508149999943,-13252.08069999986,-4772.572549999883
2025-03-31T10:39:42.000000,8479.508149999943,-13302.00539999986,-4822.497249999884
2025-03-31T10:39:47.000000,8479.508149999943,-13365.92099999986,-4886.412849999884
2025-03-31T10:39:52.000000,8479.508149999943,-13429.83659999986,-4950.3284499998845
2025-03-31T10:40:22.000000,8479.508149999943,-13451.74589999986,-4972.237749999884
2025-03-31T10:40:57.000000,8479.508149999943,-13459.66429999986,-4980.156149999883
2025-03-31T10:41:02.000000,8479.508149999943,-13481.57359999986,-5002.065449999883
2025-03-31T10:41:07.000000,8479.508149999943,-13475.48989999986,-4995.981749999883
2025-03-31T10:41:12.000000,8479.508149999943,-13469.406199999861,-4989.8980499998825
2025-03-31T10:41:17.000000,8479.508149999943,-13452.576999999861,-4973.068849999881
2025-03-31T10:41:22.000000,8479.508149999943,-13432.49119999986,-4952.983049999881
2025-03-31T10:41:27.000000,8479.508149999943,-13398.40329999986,-4918.89514999988
2025-03-31T10:41:42.000000,8479.508149999943,-13350.31329999986,-4870.80514999988
2025-03-31T10:42:42.000000,8479.508149999943,-13288.23239999986,-4808.72424999988
2025-03-31T10:43:07.000000,8479.508149999943,-13240.153599999861,-4760.64544999988
2025-03-31T10:43:12.000000,8479.508149999943,-13192.074799999862,-4712.56664999988
2025-03-31T10:43:22.000000,8479.508149999943,-13129.993899999863,-4650.48574999988
2025-03-31T10:43:27.000000,8479.508149999943,-13067.912999999864,-4588.40484999988
2025-03-31T10:43:32.000000,8479.508149999943,-13005.832099999865,-4526.32394999988
2025-03-31T10:43:42.000000,8479.508149999943,-12929.749099999866,-4450.24094999988
2025-03-31T10:43:47.000000,8479.508149999943,-12853.666099999868,-4374.157949999881
2025-03-31T10:43:52.000000,8479.508149999943,-12763.580999999867,-4284.07284999988
2025-03-31T10:44:12.000000,8479.508149999943,-12645.502899999867,-4165.994749999881
2025-03-31T10:44:17.000000,8479.508149999943,-12527.424799999866,-4047.916649999881
2025-03-31T10:44:42.000000,8479.508149999943,-12395.344599999866,-3915.8364499998816
2025-03-31T10:44:57.000000,8479.508149999943,-12249.262299999866,-3769.7541499998824
2025-03-31T10:45:02.000000,8479.508149999943,-12117.170899999866,-3637.662749999883
2025-03-31T10:45:07.000000,8479.508149999943,-11999.059199999865,-3519.5510499998823
2025-03-31T10:45:12.000000,8479.508149999943,-11880.947499999864,-3401.4393499998814
2025-03-31T10:45:17.000000,8479.508149999943,-11790.839999999864,-3311.331849999881
2025-03-31T10:45:27.000000,8479.508149999943,-11686.730399999864,-3207.2222499998807
2025-03-31T10:45:32.000000,8479.508149999943,-11582.620799999864,-3103.1126499998804
2025-03-31T10:45:37.000000,8479.508149999943,-11478.511199999864,-2999.00304999988
2025-03-31T10:46:02.000000,8479.508149999943,-11495.832699999864,-3016.32454999988
2025-03-31T10:46:12.000000,8479.508149999943,-11433.718199999865,-2954.2100499998805
2025-03-31T10:46:17.000000,8479.508149999943,-11385.605799999865,-2906.0976499998806
2025-03-31T10:46:27.000000,8479.508149999943,-11365.486399999865,-2885.978249999881
2025-03-31T10:48:37.000000,8479.508149999943,-11387.350899999865,-2907.8427499998807
2025-03-31T10:51:57.000000,8479.508149999943,-11395.213299999865,-2915.7051499998806
2025-03-31T10:52:02.000000,8479.508149999943,-11403.075699999865,-2923.5675499998806
2025-03-31T10:52:12.000000,8479.508149999943,-11396.947199999866,-2917.439049999881
2025-03-31T10:52:27.000000,8479.508149999943,-11404.809599999866,-2925.301449999881
2025-03-31T10:52:37.000000,8479.508149999943,-11426.674099999866,-2947.1659499998805
2025-03-31T11:03:12.000000,8479.508149999943,-11462.574299999866,-2983.066149999881
2025-03-31T11:03:22.000000,8479.508149999943,-11498.474499999866,-3018.9663499998815
2025-03-31T11:03:47.000000,8479.508149999943,-11534.374699999866,-3054.866549999882
2025-03-31T11:04:37.000000,8479.508149999943,-11542.281899999865,-3062.773749999882
2025-03-31T11:04:42.000000,8479.508149999943,-11550.189099999865,-3070.680949999882
2025-03-31T11:05:12.000000,8479.508149999943,-11544.094199999865,-3064.586049999881
2025-03-31T11:05:32.000000,8479.508149999943,-11551.990199999866,-3072.4820499998814
2025-03-31T11:06:37.000000,8479.508149999943,-11517.891099999866,-3038.382949999881
2025-03-31T11:08:12.000000,8479.508149999943,-11497.794099999866,-3018.2859499998804
2025-03-31T11:09:12.000000,8479.508149999943,-11477.685899999868,-2998.177749999881
2025-03-31T11:09:17.000000,8479.508149999943,-11457.577699999869,-2978.069549999882
2025-03-31T11:09:22.000000,8479.508149999943,-11437.46949999987,-2957.9613499998827
2025-03-31T11:09:27.000000,8479.508149999943,-11417.361299999871,-2937.8531499998835
2025-03-31T11:09:32.000000,8479.508149999943,-11397.253099999873,-2917.7449499998843
2025-03-31T11:10:22.000000,8479.508149999943,-11405.137899999872,-2925.629749999884
2025-03-31T11:19:52.000000,8479.508149999943,-11413.033899999873,-2933.5257499998843
2025-03-31T11:19:57.000000,8479.508149999943,-11420.929899999874,-2941.4217499998845
2025-03-31T11:21:37.000000,8479.508149999943,-11444.081099999874,-2964.5729499998843
2025-03-31T11:21:47.000000,8479.508149999943,-11467.225899999874,-2987.717749999884
2025-03-31T11:26:27.000000,8479.508149999943,-11450.383899999875,-2970.875749999884
2025-03-31T13:04:17.000000,8479.508149999943,-11481.555499999875,-3002.047349999884
2025-03-31T13:04:27.000000,8479.508149999943,-11512.727099999875,-3033.2189499998835
2025-03-31T13:04:32.000000,8479.508149999943,-11535.897499999874,-3056.389349999883
2025-03-31T13:04:42.000000,8479.508149999943,-11559.067899999873,-3079.5597499998826
2025-03-31T13:04:57.000000,8479.508149999943,-11590.239499999872,-3110.7313499998822
2025-03-31T13:06:42.000000,8479.508149999943,-11565.434699999872,-3085.926549999883
2025-03-31T13:07:12.000000,8479.508149999943,-11489.340499999871,-3009.832349999882
2025-03-31T13:07:12.000000,8479.508149999943,-11464.529299999871,-2985.0211499998827
2025-03-31T13:07:17.000000,8479.508149999943,-11431.71689999987,-2952.208749999882
2025-03-31T13:07:22.000000,8479.508149999943,-11355.622699999869,-2876.114549999881
2025-03-31T13:07:22.000000,8479.508149999943,-11330.811499999869,-2851.303349999882
2025-03-31T13:07:32.000000,8479.508149999943,-11254.717299999867,-2775.209149999881
2025-03-31T13:08:07.000000,8479.508149999943,-11178.600699999868,-2699.0925499998816
2025-03-31T13:08:12.000000,8479.508149999943,-11102.484099999869,-2622.9759499998822
2025-03-31T13:08:47.000000,8479.508149999943,-11145.783099999868,-2666.2749499998813
2025-03-31T13:08:52.000000,8479.508149999943,-11189.082099999867,-2709.5739499998804
2025-03-31T13:08:57.000000,8479.508149999943,-11232.381099999866,-2752.8729499998794
2025-03-31T13:09:02.000000,8479.508149999943,-11275.680099999865,-2796.1719499998785
2025-03-31T13:09:07.000000,8479.508149999943,-11318.979099999864,-2839.4709499998776
2025-03-31T13:09:07.000000,8479.508149999943,-11334.657249999864,-2855.1490999998778
2025-03-31T13:11:57.000000,8479.508149999943,-11332.347099999864,-2852.8389499998784
2025-03-31T13:12:22.000000,8479.508149999943,-11345.051199999863,-2865.5430499998783
2025-03-31T13:12:32.000000,8479.508149999943,-11348.763549999863,-2869.255399999879
2025-03-31T13:12:42.000000,8479.508149999943,-11364.472899999864,-2884.9647499998796
2025-03-31T13:12:47.000000,8479.508149999943,-11389.176399999864,-2909.668249999879
2025-03-31T13:12:52.000000,8479.508149999943,-11410.879449999862,-2931.3712999998784
2025-03-31T13:12:57.000000,8479.508149999943,-11429.582049999863,-2950.073899999878
2025-03-31T13:13:02.000000,8479.508149999943,-11439.290499999863,-2959.7823499998785
2025-03-31T13:13:07.000000,8479.508149999943,-11383.202649999863,-2903.694499999878
2025-03-31T13:13:07.000000,8479.508149999943,-11392.906299999864,-2913.3981499998786
2025-03-31T13:14:22.000000,8479.508149999943,-11369.818599999864,-2890.310449999878
2025-03-31T13:14:22.000000,8479.508149999943,-11352.726999999864,-2873.2188499998774
2025-03-31T13:18:32.000000,8479.508149999943,-11350.133499999865,-2870.6253499998775
2025-03-31T13:18:47.000000,8479.508149999943,-11309.403099999865,-2829.894949999877
2025-03-31T13:18:57.000000,8479.508149999943,-11276.661099999867,-2797.152949999878
2025-03-31T13:19:12.000000,8479.508149999943,-11243.912699999868,-2764.404549999879
2025-03-31T13:19:17.000000,8479.508149999943,-11301.336199999869,-2821.8280499998796
2025-03-31T13:19:22.000000,8479.508149999943,-11368.75319999987,-2889.24504999988
2025-03-31T13:20:17.000000,8479.508149999943,-11333.037299999869,-2853.52914999988
2025-03-31T13:20:42.000000,8479.508149999943,-11440.476299999871,-2960.968149999881
2025-03-31T13:20:47.000000,8479.508149999943,-11404.755599999871,-2925.2474499998807
2025-03-31T13:21:07.000000,8479.508149999943,-11394.09689999987,-2914.5887499998794
2025-03-31T13:21:12.000000,8479.508149999943,-11491.51839999987,-3012.0102499998793
2025-03-31T13:21:22.000000,8479.508149999943,-11588.93989999987,-3109.4317499998792
2025-03-31T13:21:42.000000,8479.508149999943,-11676.35989999987,-3196.8517499998793
2025-03-31T13:23:37.000000,8479.508149999943,-11783.76689999987,-3304.258749999879
2025-03-31T13:25:32.000000,8479.508149999943,-11771.259899999868,-3291.7517499998776
2025-03-31T13:25:52.000000,8479.508149999943,-11816.515349999869,-3337.007199999878
2025-03-31T13:25:57.000000,8479.508149999943,-11867.769299999869,-3388.2611499998775
2025-03-31T13:26:32.000000,8429.885849999942,-11867.769299999869,-3437.883449999878
2025-03-31T13:26:42.000000,8408.26774999994,-11867.769299999869,-3459.501549999879
2025-03-31T13:26:47.000000,8386.64964999994,-11867.769299999869,-3481.11964999988
2025-03-31T13:27:02.000000,8407.037849999939,-11867.769299999869,-3460.7314499998806
2025-03-31T13:27:12.000000,8427.426049999938,-11867.769299999869,-3440.343249999881
2025-03-31T13:29:27.000000,8363.835249999938,-11867.769299999869,-3503.934049999881
2025-03-31T13:29:42.000000,8363.835249999938,-11886.06389999987,-3522.228649999882
2025-03-31T13:29:47.000000,8363.835249999938,-11845.54469999987,-3481.7094499998816
2025-03-31T13:29:47.000000,8363.835249999938,-11863.83929999987,-3500.004049999882
2025-03-31T13:30:17.000000,8363.835249999938,-11855.13704999987,-3491.301799999882
2025-03-31T13:31:07.000000,8363.835249999938,-11825.42924999987,-3461.593999999882
2025-03-31T13:32:57.000000,8363.835249999938,-11780.73359999987,-3416.8983499998812
2025-03-31T13:33:02.000000,8363.835249999938,-11751.02819999987,-3387.192949999881
2025-03-31T13:36:02.000000,8622.135949999938,-11751.02819999987,-3128.8922499998803
2025-03-31T13:36:12.000000,8796.412849999939,-11751.02819999987,-2954.6153499998804
2025-03-31T13:43:37.000000,8796.412849999939,-11745.31679999987,-2948.9039499998808
2025-03-31T13:43:42.000000,8796.412849999939,-11739.60539999987,-2943.192549999881
2025-03-31T13:43:47.000000,8796.412849999939,-11733.89399999987,-2937.4811499998814
2025-03-31T13:44:02.000000,8796.412849999939,-11719.18364999987,-2922.7707999998825
2025-03-31T13:44:17.000000,8796.412849999939,-11684.90534999987,-2888.492499999882
2025-03-31T13:46:02.000000,8796.412849999939,-11673.19064999987,-2876.7777999998825
2025-03-31T13:50:37.000000,8872.708649999939,-11673.19064999987,-2800.4819999998817
2025-03-31T13:53:57.000000,8779.807899999938,-11673.19064999987,-2893.382749999883
2025-03-31T13:55:27.000000,8779.807899999938,-11694.89834999987,-2915.0904499998837
2025-03-31T13:58:07.000000,8779.807899999938,-11720.28104999987,-2940.4731499998834
2025-03-31T13:58:47.000000,8779.807899999938,-11657.976149999871,-2878.1682499998838
2025-03-31T13:59:32.000000,8779.807899999938,-11818.914299999871,-3039.1063999998837
2025-03-31T14:00:47.000000,8779.807899999938,-11826.897499999872,-3047.089599999884
2025-03-31T14:02:02.000000,8779.807899999938,-11834.449499999871,-3054.641599999884
2025-03-31T14:11:17.000000,8779.807899999938,-11926.425299999872,-3146.617399999884
2025-03-31T14:11:17.000000,8779.807899999938,-12001.728449999871,-3221.9205499998843
2025-03-31T14:11:22.000000,8779.807899999938,-12077.031599999871,-3297.2236999998845
2025-03-31T14:11:27.000000,8779.807899999938,-12149.33909999987,-3369.531199999884
2025-03-31T14:11:32.000000,8779.807899999938,-12221.646599999869,-3441.838699999884
2025-03-31T14:11:37.000000,8779.807899999938,-12284.95994999987,-3505.152049999884
2025-03-31T14:11:52.000000,8779.807899999938,-12354.274199999869,-3574.4662999998845
2025-03-31T14:12:22.000000,8779.807899999938,-12399.608849999868,-3619.8009499998843
2025-03-31T14:12:32.000000,8779.807899999938,-12416.286349999868,-3636.478449999884
2025-03-31T14:12:42.000000,8779.807899999938,-12444.143899999866,-3664.335999999883
2025-03-31T14:12:47.000000,8779.807899999938,-12477.999949999867,-3698.192049999883
2025-03-31T14:12:57.000000,8779.807899999938,-12538.332049999866,-3758.524149999883
2025-03-31T14:12:57.000000,8779.807899999938,-12563.736349999868,-3783.928449999884
2025-03-31T14:13:02.000000,8779.807899999938,-12589.14064999987,-3809.332749999885
2025-03-31T14:13:07.000000,8779.807899999938,-12614.544949999872,-3834.737049999886
2025-03-31T14:13:12.000000,8779.807899999938,-12680.868349999871,-3901.060449999886
2025-03-31T14:13:12.000000,8779.807899999938,-12706.272649999873,-3926.464749999887
2025-03-31T14:14:27.000000,8779.807899999938,-12736.617049999873,-3956.8091499998864
2025-03-31T14:15:02.000000,8779.807899999938,-12751.973599999874,-3972.165699999887
2025-03-31T14:15:07.000000,8779.807899999938,-12767.327749999875,-3987.519849999887
2025-03-31T14:15:17.000000,8779.807899999938,-12774.954949999876,-3995.147049999887
2025-03-31T14:15:42.000000,8779.807899999938,-12769.298749999876,-3989.490849999887
2025-03-31T14:15:52.000000,8779.807899999938,-12757.644049999877,-3977.8361499998873
2025-03-31T14:15:57.000000,8779.807899999938,-12737.278249999876,-3957.470349999887
2025-03-31T14:16:02.000000,8779.807899999938,-12722.620699999876,-3942.812799999887
2025-03-31T14:17:02.000000,8779.807899999938,-12646.257699999876,-3866.4497999998875
2025-03-31T14:17:12.000000,8779.807899999938,-12583.896799999877,-3804.088899999888
2025-03-31T14:18:02.000000,8779.807899999938,-12753.085099999877,-3973.2771999998877
2025-03-31T14:18:07.000000,8779.807899999938,-12848.752699999875,-4068.9447999998874
2025-03-31T14:18:12.000000,8779.807899999938,-13038.929749999876,-4259.121849999889
2025-03-31T14:18:12.000000,8779.807899999938,-13051.293049999875,-4271.485149999889
2025-03-31T14:18:17.000000,8779.807899999938,-13016.936349999874,-4237.128449999888
2025-03-31T14:18:17.000000,8779.807899999938,-13035.295749999874,-4255.487849999888
2025-03-31T14:18:27.000000,8779.807899999938,-13053.655149999873,-4273.847249999887
2025-03-31T14:18:27.000000,8779.807899999938,-13075.012599999873,-4295.204699999887
2025-03-31T14:18:32.000000,8779.807899999938,-13099.368099999874,-4319.560199999888
2025-03-31T14:18:37.000000,8779.807899999938,-13313.546349999873,-4533.738449999887
2025-03-31T14:18:52.000000,8779.807899999938,-13293.191749999874,-4513.383849999887
2025-03-31T14:21:32.000000,8856.159699999938,-13293.191749999874,-4437.032049999888
2025-03-31T14:21:37.000000,8856.159699999938,-13300.711749999875,-4444.552049999888
2025-03-31T14:21:42.000000,8856.159699999938,-13308.231749999875,-4452.072049999889
2025-03-31T14:22:12.000000,8856.159699999938,-13375.584749999876,-4519.42504999989
2025-03-31T14:22:17.000000,8856.159699999938,-13336.985999999877,-4480.826299999891
2025-03-31T14:22:17.000000,8856.159699999938,-13326.420899999877,-4470.261199999891
2025-03-31T14:22:22.000000,8856.159699999938,-13287.824549999877,-4431.664849999891
2025-03-31T14:22:22.000000,8856.159699999938,-13316.097299999878,-4459.937599999891
2025-03-31T14:22:22.000000,8856.159699999938,-13399.449499999877,-4543.28979999989
2025-03-31T14:22:22.000000,8856.159699999938,-13397.885749999878,-4541.72604999989
2025-03-31T14:22:32.000000,8856.159699999938,-13374.289249999878,-4518.1295499998905
2025-03-31T14:22:32.000000,8856.159699999938,-13372.732699999879,-4516.57299999989
2025-03-31T14:22:37.000000,8856.159699999938,-13339.458699999877,-4483.298999999889
2025-03-31T14:22:37.000000,8856.159699999938,-13337.902149999878,-4481.742449999889
2025-03-31T14:22:47.000000,8856.159699999938,-13345.186149999878,-4489.026449999888
2025-03-31T14:22:47.000000,8856.159699999938,-13358.466249999878,-4502.306549999888
2025-03-31T14:22:47.000000,8856.159699999938,-13365.911049999877,-4509.751349999889
2025-03-31T14:22:52.000000,8856.159699999938,-13342.316949999877,-4486.157249999888
2025-03-31T14:22:52.000000,8856.159699999938,-13321.720899999877,-4465.561199999888
2025-03-31T14:23:32.000000,8856.159699999938,-13266.012249999876,-4409.852549999888
2025-03-31T14:23:37.000000,8856.159699999938,-13282.465599999876,-4426.3058999998875
2025-03-31T14:23:42.000000,8856.159699999938,-13289.924799999875,-4433.765099999888
2025-03-31T14:23:47.000000,8856.159699999938,-13297.383999999875,-4441.224299999888
2025-03-31T14:23:52.000000,8856.159699999938,-13304.843199999874,-4448.683499999888
2025-03-31T14:23:57.000000,8856.159699999938,-13219.142049999875,-4362.982349999888
2025-03-31T14:23:57.000000,8856.159699999938,-13226.601249999874,-4370.441549999889
2025-03-31T14:24:02.000000,8856.159699999938,-13137.902049999873,-4281.742349999889
2025-03-31T14:24:02.000000,8856.159699999938,-13154.355399999873,-4298.195699999888
2025-03-31T14:24:07.000000,8856.159699999938,-13148.720799999874,-4292.561099999889
2025-03-31T14:24:07.000000,8856.159699999938,-13165.174149999873,-4309.014449999889
2025-03-31T14:24:12.000000,8856.159699999938,-13159.541949999873,-4303.382249999889
2025-03-31T14:24:12.000000,8856.159699999938,-13175.995299999873,-4319.8355999998885
2025-03-31T14:24:17.000000,8856.159699999938,-13090.298949999873,-4234.139249999887
2025-03-31T14:24:17.000000,8856.159699999938,-13093.660899999873,-4237.501199999887
2025-03-31T14:24:22.000000,8856.159699999938,-13091.024349999874,-4234.864649999888
2025-03-31T14:24:32.000000,8856.159699999938,-13138.550349999874,-4282.390649999887
2025-03-31T14:25:37.000000,8856.159699999938,-13019.822649999875,-4163.662949999887
2025-03-31T14:26:42.000000,8838.64619999994,-13019.822649999875,-4181.176449999887
2025-03-31T14:28:37.000000,8838.64619999994,-12969.171699999873,-4130.525499999887
2025-03-31T14:42:47.000000,8838.64619999994,-12915.563499999873,-4076.917299999886
2025-03-31T14:42:52.000000,8838.64619999994,-12870.949449999873,-4032.3032499998853
2025-03-31T14:45:02.000000,8838.64619999994,-12888.454949999872,-4049.808749999885
