exit_dt,cum_pnl_long,cum_pnl_short,cum_pnl_total
2024-04-02T09:50:22.000000,-19.720199999999743,0.0,-19.720199999999743
2024-04-02T09:50:32.000000,-44.59649999999936,0.0,-44.59649999999936
2024-04-02T09:50:42.000000,-11.576099999998789,0.0,-11.576099999998789
2024-04-02T09:50:52.000000,25.441700000000985,0.0,25.441700000000985
2024-04-02T09:51:07.000000,-61.32229999999908,0.0,-61.32229999999908
2024-04-02T09:51:12.000000,-79.64809999999883,0.0,-79.64809999999883
2024-04-02T09:51:17.000000,-122.65429999999807,0.0,-122.65429999999807
2024-04-02T09:51:32.000000,-189.43129999999678,0.0,-189.43129999999678
2024-04-02T09:51:37.000000,-246.2147999999957,0.0,-246.2147999999957
2024-04-02T09:51:42.000000,-293.0007999999966,0.0,-293.0007999999966
2024-04-02T09:51:52.000000,-344.77954999999656,0.0,-344.77954999999656
2024-04-02T09:51:57.000000,-406.56379999999626,0.0,-406.56379999999626
2024-04-02T09:52:02.000000,-468.34804999999596,0.0,-468.34804999999596
2024-04-02T09:52:07.000000,-530.1322999999957,0.0,-530.1322999999957
2024-04-02T09:52:17.000000,-596.9132999999962,0.0,-596.9132999999962
2024-04-02T09:52:27.000000,-678.6845499999972,0.0,-678.6845499999972
2024-04-02T09:52:32.000000,-760.4557999999982,0.0,-760.4557999999982
2024-04-02T09:52:37.000000,-837.2262999999986,0.0,-837.2262999999986
2024-04-02T09:52:47.000000,-933.9957999999984,0.0,-933.9957999999984
2024-04-02T09:52:47.000000,-969.5711999999991,0.0,-969.5711999999991
2024-04-02T09:52:52.000000,-1061.3399499999982,0.0,-1061.3399499999982
2024-04-02T09:53:02.000000,-1138.1144499999984,0.0,-1138.1144499999984
2024-04-02T09:53:02.000000,-1173.689849999999,0.0,-1173.689849999999
2024-04-02T09:53:07.000000,-1255.4690999999984,0.0,-1255.4690999999984
2024-04-02T09:53:07.000000,-1291.044499999999,0.0,-1291.044499999999
2024-04-02T09:53:47.000000,-1289.4159499999992,0.0,-1289.4159499999992
2024-04-02T09:53:57.000000,-1296.7815499999992,0.0,-1296.7815499999992
2024-04-02T09:54:47.000000,-1294.5080499999995,0.0,-1294.5080499999995
2024-04-02T09:54:57.000000,-1257.3812999999996,0.0,-1257.3812999999996
2024-04-02T09:55:02.000000,-1215.2538000000006,0.0,-1215.2538000000006
2024-04-02T09:55:07.000000,-1173.1263000000017,0.0,-1173.1263000000017
2024-04-02T09:56:37.000000,-1200.7293000000013,0.0,-1200.7293000000013
2024-04-02T09:56:57.000000,-1143.591550000002,0.0,-1143.591550000002
2024-04-02T09:57:07.000000,-1096.447300000002,0.0,-1096.447300000002
2024-04-02T09:57:07.000000,-1144.033300000003,0.0,-1144.033300000003
2024-04-02T09:57:12.000000,-1206.6095500000026,0.0,-1206.6095500000026
2024-04-02T09:57:17.000000,-1154.468550000002,0.0,-1154.468550000002
2024-04-02T09:57:22.000000,-1163.7666000000015,0.0,-1163.7666000000015
2024-04-02T09:57:27.000000,-1170.0642000000016,0.0,-1170.0642000000016
2024-04-02T09:57:32.000000,-1173.3637500000023,0.0,-1173.3637500000023
2024-04-02T09:57:37.000000,-1173.6604500000012,0.0,-1173.6604500000012
2024-04-02T09:57:42.000000,-1167.9562500000004,0.0,-1167.9562500000004
2024-04-02T09:57:47.000000,-1165.2549000000001,0.0,-1165.2549000000001
2024-04-02T09:58:02.000000,-1168.5544500000008,0.0,-1168.5544500000008
2024-04-02T10:06:22.000000,-1171.7858500000002,0.0,-1171.7858500000002
2024-04-02T10:13:12.000000,-1167.2600499999994,0.0,-1167.2600499999994
2024-04-02T10:16:27.000000,-1138.6610500000002,0.0,-1138.6610500000002
2024-04-02T10:17:27.000000,-1098.3002500000002,0.0,-1098.3002500000002
2024-04-02T10:17:37.000000,-1098.3002500000002,-106.12844999999949,-1204.4286999999997
2024-04-02T10:17:37.000000,-1098.3002500000002,-209.25884999999852,-1307.5590999999988
2024-04-02T10:17:37.000000,-1050.22785,-209.25884999999852,-1259.4866999999986
2024-04-02T10:17:47.000000,-1050.22785,-303.3854999999983,-1353.6133499999983
2024-04-02T10:17:47.000000,-1050.22785,-409.50434999999777,-1459.7321999999976
2024-04-02T10:17:57.000000,-1002.1554499999997,-409.50434999999777,-1411.6597999999974
2024-04-02T10:18:07.000000,-931.7805500000004,-409.50434999999777,-1341.284899999998
2024-04-02T10:18:12.000000,-885.4092500000005,-409.50434999999777,-1294.913599999998
2024-04-02T10:18:17.000000,-897.3260000000013,-409.50434999999777,-1306.8303499999988
2024-04-02T10:18:27.000000,-892.9562000000016,-409.50434999999777,-1302.460549999999
2024-04-02T10:20:47.000000,-892.9562000000016,-632.6791499999974,-1525.6353499999987
2024-04-02T10:21:27.000000,-892.9562000000016,-858.8951999999975,-1751.8513999999986
2024-04-02T10:21:32.000000,-892.9562000000016,-1067.113349999998,-1960.0695499999993
2024-04-02T10:22:07.000000,-892.9562000000016,-1173.3257999999976,-2066.281999999999
2024-04-02T10:22:07.000000,-892.9562000000016,-1246.5596999999973,-2139.5158999999985
2024-04-02T10:22:27.000000,-892.9562000000016,-1277.7968999999969,-2170.753099999998
2024-04-02T10:22:57.000000,-892.9562000000016,-1354.014449999997,-2246.9706499999984
2024-04-02T10:22:57.000000,-892.9562000000016,-1451.2183499999971,-2344.174549999999
2024-04-02T10:22:57.000000,-892.9562000000016,-1572.4066499999979,-2465.3628499999995
2024-04-02T10:23:47.000000,-892.9562000000016,-1591.6084499999977,-2484.5646499999993
2024-04-02T10:24:17.000000,-892.9562000000016,-1658.8126499999976,-2551.768849999999
2024-04-02T10:24:22.000000,-892.9562000000016,-1723.0187999999969,-2615.9749999999985
2024-04-02T10:24:57.000000,-892.9562000000016,-1769.2678499999977,-2662.2240499999994
2024-04-02T10:25:07.000000,-892.9562000000016,-1803.5270999999977,-2696.4832999999994
2024-04-02T10:25:17.000000,-892.9562000000016,-1837.7935499999976,-2730.7497499999995
2024-04-02T10:25:37.000000,-892.9562000000016,-1851.0640499999986,-2744.0202500000005
2024-04-02T10:25:37.000000,-892.9562000000016,-1852.3423499999988,-2745.2985500000004
2024-04-02T10:25:37.000000,-892.9562000000016,-1853.620649999999,-2746.5768500000004
2024-04-02T10:25:37.000000,-892.9562000000016,-1842.9067499999994,-2735.8629500000006
2024-04-02T10:25:42.000000,-892.9562000000016,-1820.198249999999,-2713.15445
2024-04-02T10:25:47.000000,-892.9562000000016,-1788.4955999999993,-2681.4518000000003
2024-04-02T10:25:52.000000,-892.9562000000016,-1741.8002999999994,-2634.7565000000004
2024-04-02T10:25:57.000000,-892.9562000000016,-1689.1064999999996,-2582.0627000000004
2024-04-02T10:26:27.000000,-892.9562000000016,-1576.415699999999,-2469.3718999999996
2024-04-02T10:26:27.000000,-892.9562000000016,-1451.7326999999987,-2344.688899999999
2024-04-02T10:26:27.000000,-892.9562000000016,-1327.0496999999982,-2220.0058999999987
2024-04-02T10:26:27.000000,-892.9562000000016,-1193.3725499999975,-2086.328749999998
2024-04-02T10:26:32.000000,-892.9562000000016,-1038.7042499999968,-1931.6604499999971
2024-04-02T10:26:52.000000,-892.9562000000016,-869.0216999999968,-1761.9778999999971
2024-04-02T10:26:52.000000,-892.9562000000016,-717.3274499999975,-1610.2836499999978
2024-04-02T10:26:52.000000,-892.9562000000016,-580.6234499999973,-1473.5796499999976
2024-04-02T10:27:02.000000,-892.9562000000016,-630.6265499999964,-1523.5827499999968
2024-04-02T10:27:02.000000,-892.9562000000016,-529.8943499999966,-1422.850549999997
2024-04-02T10:27:07.000000,-892.9562000000016,-441.15194999999653,-1334.1081499999968
2024-04-02T10:27:27.000000,-892.9562000000016,-361.3916999999968,-1254.347899999997
2024-04-02T10:30:32.000000,-892.9562000000016,-311.6623499999964,-1204.6185499999967
2024-04-02T10:30:42.000000,-892.9562000000016,-367.4311499999954,-1260.3873499999956
2024-04-02T10:30:47.000000,-892.9562000000016,-331.73924999999525,-1224.6954499999954
2024-04-02T10:30:57.000000,-892.9562000000016,-269.9960999999951,-1162.9522999999954
2024-04-02T10:31:02.000000,-892.9562000000016,-196.24874999999525,-1089.2049499999955
2024-04-02T10:31:07.000000,-892.9562000000016,-264.0001499999961,-1156.9563499999963
2024-04-02T10:32:52.000000,-960.0812000000013,-264.0001499999961,-1224.081349999996
2024-04-02T10:32:57.000000,-1033.202300000002,-264.0001499999961,-1297.2024499999968
2024-04-02T10:33:02.000000,-1112.3123000000014,-264.0001499999961,-1376.3124499999963
2024-04-02T10:33:07.000000,-1194.4179500000014,-264.0001499999961,-1458.4180999999962
2024-04-02T10:33:12.000000,-1276.5212000000015,-264.0001499999961,-1540.5213499999963
2024-04-02T10:33:17.000000,-1367.6186000000018,-264.0001499999961,-1631.6187499999967
2024-04-02T10:33:42.000000,-1440.7277000000015,-264.0001499999961,-1704.7278499999964
2024-04-02T10:33:42.000000,-1516.8372500000016,-264.0001499999961,-1780.8373999999965
2024-04-02T10:33:42.000000,-1598.9477000000015,-264.0001499999961,-1862.9478499999964
2024-04-02T10:37:32.000000,-1624.0736000000022,-264.0001499999961,-1888.073749999997
2024-04-02T10:37:37.000000,-1643.198600000002,-264.0001499999961,-1907.1987499999968
2024-04-02T10:37:47.000000,-1656.320300000002,-264.0001499999961,-1920.3204499999968
2024-04-02T10:37:52.000000,-1663.443500000002,-264.0001499999961,-1927.4436499999968
2024-04-02T10:37:57.000000,-1670.561900000002,-264.0001499999961,-1934.5620499999968
2024-04-02T10:38:22.000000,-1629.685100000002,-264.0001499999961,-1893.6852499999968
2024-04-02T10:38:47.000000,-1585.8270500000026,-264.0001499999961,-1849.8271999999974
2024-04-02T10:39:02.000000,-1538.9781500000026,-264.0001499999961,-1802.9782999999975
2024-04-02T10:39:02.000000,-1492.1292500000027,-264.0001499999961,-1756.1293999999975
2024-04-02T10:39:02.000000,-1451.2812500000027,-264.0001499999961,-1715.2813999999976
2024-04-02T10:39:07.000000,-1407.4376000000022,-264.0001499999961,-1671.437749999997
2024-04-02T10:43:12.000000,-1407.4376000000022,-283.4899499999969,-1690.9275499999978
2024-04-02T10:43:27.000000,-1407.4376000000022,-290.9779499999969,-1698.415549999998
2024-04-02T10:44:17.000000,-1407.4376000000022,-313.46339999999714,-1720.900999999998
2024-04-02T10:46:22.000000,-1407.4376000000022,-324.6575999999978,-1732.0951999999986
2024-04-02T10:48:22.000000,-1407.4376000000022,-423.16419999999795,-1830.6017999999988
2024-04-02T10:48:42.000000,-1407.4376000000022,-501.68059999999787,-1909.1181999999988
2024-04-02T10:49:52.000000,-1407.4376000000022,-492.2157999999982,-1899.653399999999
2024-04-02T10:53:27.000000,-1407.4376000000022,-438.7699999999973,-1846.2075999999981
2024-04-02T10:57:27.000000,-1407.4376000000022,-501.29039999999753,-1908.7279999999985
2024-04-02T10:58:07.000000,-1407.4376000000022,-494.5458999999966,-1901.9834999999975
2024-04-02T10:59:57.000000,-1407.4376000000022,-403.81119999999623,-1811.2487999999971
2024-04-02T11:00:02.000000,-1407.4376000000022,-320.0663499999957,-1727.5039499999966
2024-04-02T11:01:52.000000,-1407.4376000000022,-270.3081999999953,-1677.7457999999963
2024-04-02T11:03:52.000000,-1407.4376000000022,-249.51679999999465,-1656.9543999999955
2024-04-02T11:28:02.000000,-1407.4376000000022,-292.5829999999939,-1700.0205999999948
2024-04-02T11:28:27.000000,-1407.4376000000022,-329.64829999999324,-1737.0858999999941
2024-04-02T11:28:32.000000,-1407.4376000000022,-372.7096999999925,-1780.1472999999933
2024-04-02T11:28:37.000000,-1407.4376000000022,-421.7623999999927,-1829.1999999999935
2024-04-02T13:09:22.000000,-1407.4376000000022,-416.98939999999294,-1824.4269999999938
2024-04-02T13:09:32.000000,-1407.4376000000022,-406.2202999999933,-1813.6578999999942
2024-04-02T13:09:47.000000,-1407.4376000000022,-389.44549999999276,-1796.8830999999936
2024-04-02T13:09:57.000000,-1407.4376000000022,-360.67369999999244,-1768.1112999999934
2024-04-02T13:10:12.000000,-1407.4376000000022,-337.902799999992,-1745.340399999993
2024-04-02T13:10:47.000000,-1407.4376000000022,-290.9938999999921,-1698.431499999993
2024-04-02T13:11:22.000000,-1407.4376000000022,-256.240399999993,-1663.677999999994
2024-04-02T13:11:27.000000,-1407.4376000000022,-227.48299999999375,-1634.9205999999947
2024-04-02T13:11:32.000000,-1407.4376000000022,-204.7216999999944,-1612.1592999999953
2024-04-02T13:11:37.000000,-1407.4376000000022,-187.9612999999949,-1595.3988999999958
2024-04-02T13:13:22.000000,-1407.4376000000022,-165.55039999999448,-1572.9879999999953
2024-04-02T13:19:57.000000,-1450.2654000000023,-165.55039999999448,-1615.8157999999953
2024-04-02T13:22:12.000000,-1450.2654000000023,-161.9583499999947,-1612.2237499999956
2024-04-02T13:24:52.000000,-1417.1106000000018,-161.9583499999947,-1579.068949999995
2024-04-02T13:27:07.000000,-1417.1106000000018,-229.2105499999945,-1646.3211499999948
2024-04-02T13:27:22.000000,-1417.1106000000018,-302.46364999999525,-1719.5742499999956
2024-04-02T13:27:27.000000,-1417.1106000000018,-375.71674999999595,-1792.8273499999964
2024-04-02T13:28:37.000000,-1417.1106000000018,-366.5751499999963,-1783.6857499999967
2024-04-02T13:31:07.000000,-1417.1106000000018,-391.8450499999959,-1808.9556499999962
2024-04-02T13:31:12.000000,-1417.1106000000018,-411.1188499999957,-1828.229449999996
2024-04-02T13:31:17.000000,-1417.1106000000018,-424.39174999999557,-1841.5023499999959
2024-04-02T13:31:32.000000,-1417.1106000000018,-437.66944999999544,-1854.7800499999958
2024-04-02T13:31:37.000000,-1417.1106000000018,-444.95104999999546,-1862.0616499999958
2024-04-02T13:31:47.000000,-1417.1106000000018,-446.2317499999956,-1863.3423499999958
2024-04-02T13:32:12.000000,-1417.1106000000018,-447.5172499999957,-1864.627849999996
2024-04-02T13:34:17.000000,-1417.1106000000018,-472.7919499999953,-1889.9025499999957
2024-04-02T13:34:42.000000,-1417.1106000000018,-474.07744999999545,-1891.1880499999959
2024-04-02T13:35:07.000000,-1417.1106000000018,-469.3668499999957,-1886.4774499999962
2024-04-02T13:35:12.000000,-1417.1106000000018,-470.6571499999958,-1887.7677499999963
2024-04-02T13:35:52.000000,-1417.1106000000018,-471.93784999999593,-1889.0484499999964
2024-04-02T13:35:57.000000,-1417.1106000000018,-484.9851499999958,-1902.0957499999963
2024-04-02T13:36:42.000000,-1417.1106000000018,-420.4023499999963,-1837.5129499999969
2024-04-02T13:36:52.000000,-1417.1106000000018,-427.6743499999963,-1844.7849499999968
2024-04-02T13:36:57.000000,-1417.1106000000018,-434.9463499999963,-1852.0569499999967
2024-04-02T13:37:02.000000,-1417.1106000000018,-442.2183499999963,-1859.3289499999967
2024-04-02T13:37:12.000000,-1417.1106000000018,-461.487349999996,-1878.5979499999964
2024-04-02T13:37:27.000000,-1417.1106000000018,-462.76324999999616,-1879.8738499999965
2024-04-02T13:37:47.000000,-1417.1106000000018,-452.0421499999965,-1869.152749999997
2024-04-02T13:38:02.000000,-1417.1106000000018,-447.3219499999968,-1864.4325499999973
2024-04-02T13:38:07.000000,-1417.1106000000018,-442.601749999997,-1859.7123499999975
2024-04-02T13:38:12.000000,-1417.1106000000018,-437.8815499999973,-1854.9921499999978
2024-04-02T13:39:02.000000,-1417.1106000000018,-415.8410499999979,-1832.9516499999984
2024-04-02T13:39:07.000000,-1417.1106000000018,-294.232899999998,-1711.3434999999986
2024-04-02T13:39:12.000000,-1417.1106000000018,-385.5270999999983,-1802.6376999999989
2024-04-02T13:39:17.000000,-1417.1106000000018,-482.82219999999853,-1899.9327999999991
2024-04-02T13:39:27.000000,-1417.1106000000018,-592.1190999999985,-2009.2296999999992
2024-04-02T13:39:27.000000,-1417.1106000000018,-550.0875999999978,-1967.1981999999985
2024-04-02T13:39:32.000000,-1417.1106000000018,-419.47809999999856,-1836.5886999999993
2024-04-02T13:39:32.000000,-1417.1106000000018,-291.8666499999988,-1708.9772499999995
2024-04-02T13:39:32.000000,-1417.1106000000018,-179.2454499999992,-1596.3560499999999
2024-04-02T13:39:32.000000,-1417.1106000000018,-72.6203499999995,-1489.7309500000001
2024-04-02T13:39:32.000000,-1417.1106000000018,-25.59209999999979,-1442.7027000000005
2024-04-02T13:39:47.000000,-1417.1106000000018,-12.389099999999505,-1429.4997000000003
2024-04-02T13:39:47.000000,-1417.1106000000018,49.629400000000786,-1367.4812
2024-04-02T13:39:57.000000,-1417.1106000000018,12.004900000001427,-1405.1056999999994
2024-04-02T13:40:12.000000,-1417.1106000000018,-25.607599999999266,-1442.7182
2024-04-02T13:42:57.000000,-1417.1106000000018,21.025300000000648,-1396.0853000000002
2024-04-02T13:42:57.000000,-1417.1106000000018,61.66210000000069,-1355.4485000000002
2024-04-02T13:42:57.000000,-1417.1106000000018,99.30085000000027,-1317.8097500000006
2024-04-02T13:42:57.000000,-1417.1106000000018,133.94155000000043,-1283.1690500000004
2024-04-02T13:42:57.000000,-1417.1106000000018,165.58420000000012,-1251.5264000000006
2024-04-02T13:42:57.000000,-1417.1106000000018,194.22880000000043,-1222.8818000000003
2024-04-02T13:43:57.000000,-1417.1106000000018,210.98919999999993,-1206.121400000001
2024-04-02T13:44:22.000000,-1417.1106000000018,257.03410000000036,-1160.0765000000004
2024-04-02T13:45:17.000000,-1417.1106000000018,225.6624999999998,-1191.448100000001
2024-04-02T13:45:27.000000,-1417.1106000000018,271.71460000000025,-1145.3960000000006
2024-04-02T13:45:27.000000,-1417.1106000000018,288.32139999999976,-1128.789200000001
2024-04-02T13:45:32.000000,-1417.1106000000018,316.385199999999,-1100.7254000000019
2024-04-02T13:45:32.000000,-1417.1106000000018,338.9928999999994,-1078.1177000000014
2024-04-02T13:45:42.000000,-1417.1106000000018,376.05085,-1041.0597500000008
2024-04-02T13:45:42.000000,-1417.1106000000018,422.65734999999995,-994.4532500000009
2024-04-02T13:45:42.000000,-1417.1106000000018,463.26775,-953.8428500000009
2024-04-02T13:45:47.000000,-1417.1106000000018,509.8838499999999,-907.226750000001
2024-04-02T13:45:52.000000,-1417.1106000000018,544.5077500000001,-872.6028500000008
2024-04-02T13:45:57.000000,-1417.1106000000018,585.1325500000002,-831.9780500000007
2024-04-02T13:46:02.000000,-1417.1106000000018,625.7573500000002,-791.3532500000007
2024-04-02T13:46:12.000000,-1417.1106000000018,654.3995499999994,-762.7110500000015
2024-04-02T13:46:22.000000,-1417.1106000000018,683.0465499999997,-734.0640500000012
2024-04-02T13:46:32.000000,-1417.1106000000018,729.6914499999996,-687.4191500000013
2024-04-02T13:46:37.000000,-1417.1106000000018,782.3324499999993,-634.7781500000016
2024-04-02T13:46:42.000000,-1417.1106000000018,822.9812499999994,-594.1293500000015
2024-04-02T13:47:12.000000,-1490.5557000000015,822.9812499999994,-667.5744500000012
2024-04-02T13:47:57.000000,-1490.5557000000015,875.6414499999992,-614.9142500000014
2024-04-02T13:47:57.000000,-1490.5557000000015,928.301649999999,-562.2540500000016
2024-04-02T13:47:57.000000,-1490.5557000000015,974.9657499999989,-515.5899500000016
2024-04-02T13:47:57.000000,-1490.5557000000015,1021.6298499999989,-468.92585000000173
2024-04-02T13:47:57.000000,-1490.5557000000015,1062.297849999999,-428.25785000000167
2024-04-02T13:48:42.000000,-1515.984000000001,1062.297849999999,-453.6861500000013
2024-04-02T13:49:12.000000,-1571.407200000001,1062.297849999999,-509.10935000000137
2024-04-02T13:49:17.000000,-1620.8343000000011,1062.297849999999,-558.5364500000015
2024-04-02T13:49:27.000000,-1620.8343000000011,1156.954749999999,-463.8795500000016
2024-04-02T13:49:32.000000,-1620.8343000000011,1245.6107499999991,-375.2235500000015
2024-04-02T13:49:37.000000,-1620.8343000000011,1340.2628499999992,-280.57145000000156
2024-04-02T13:49:42.000000,-1620.8343000000011,1428.9140499999992,-191.9202500000015
2024-04-02T13:49:47.000000,-1620.8343000000011,1511.5595499999984,-109.27475000000234
2024-04-02T13:49:52.000000,-1620.8343000000011,1600.2011499999974,-20.633150000003326
2024-04-02T13:50:02.000000,-1620.8343000000011,1682.8370499999976,62.002749999996894
2024-04-02T13:50:12.000000,-1620.8343000000011,1765.4729499999978,144.6386499999971
2024-04-02T13:50:17.000000,-1620.8343000000011,1854.1049499999979,233.2706499999972
2024-04-02T13:50:22.000000,-1620.8343000000011,1942.736949999998,321.90264999999727
2024-04-02T13:50:27.000000,-1620.8343000000011,2037.369849999998,416.5355499999972
2024-04-02T13:50:27.000000,-1620.8343000000011,2143.7501499999976,522.9158499999969
2024-04-02T13:50:47.000000,-1620.8343000000011,2202.406449999997,581.5721499999966
2024-04-02T13:51:22.000000,-1571.481900000001,2202.406449999997,630.9245499999968
2024-04-02T13:51:37.000000,-1486.1401000000008,2202.406449999997,716.2663499999969
2024-04-02T13:51:52.000000,-1384.8055000000008,2202.406449999997,817.6009499999967
2024-04-02T13:54:32.000000,-1384.8055000000008,2177.2037499999965,792.398249999996
2024-04-02T13:54:37.000000,-1384.8055000000008,2229.8951499999976,845.0896499999968
2024-04-02T13:54:37.000000,-1384.8055000000008,2282.5865499999986,897.7810499999977
2024-04-02T13:57:22.000000,-1384.8055000000008,2259.899349999999,875.093849999998
2024-04-02T13:57:32.000000,-1384.8055000000008,2253.204949999999,868.3994499999981
2024-04-02T13:57:32.000000,-1384.8055000000008,2246.510549999999,861.7050499999981
2024-04-02T13:58:57.000000,-1398.0592000000017,2246.510549999999,848.4513499999972
2024-04-02T13:59:52.000000,-1411.3081000000016,2246.510549999999,835.2024499999974
2024-04-02T13:59:57.000000,-1424.5570000000014,2246.510549999999,821.9535499999976
2024-04-02T14:00:02.000000,-1431.8050000000014,2246.510549999999,814.7055499999975
2024-04-02T14:00:07.000000,-1439.0578000000014,2246.510549999999,807.4527499999975
2024-04-02T14:00:12.000000,-1446.3106000000014,2246.510549999999,800.1999499999976
2024-04-02T14:00:17.000000,-1453.5634000000014,2246.510549999999,792.9471499999976
2024-04-02T14:02:47.000000,-1453.5634000000014,2339.8375499999993,886.2741499999976
2024-04-02T14:05:17.000000,-1453.5634000000014,2253.3679499999994,799.8045499999979
2024-04-02T14:05:22.000000,-1453.5634000000014,2146.8985499999994,693.3351499999978
2024-04-02T14:05:32.000000,-1453.5634000000014,2036.4221500000003,582.8587499999986
2024-04-02T14:07:12.000000,-1453.5634000000014,1913.9279500000007,460.364549999999
2024-04-02T14:07:12.000000,-1453.5634000000014,1791.433750000001,337.87034999999935
2024-04-02T14:07:12.000000,-1453.5634000000014,1664.9421500000008,211.37874999999906
2024-04-02T14:07:17.000000,-1453.5634000000014,1550.452350000001,96.88894999999923
2024-04-02T14:07:32.000000,-1453.5634000000014,1443.960550000001,-9.602850000000771
2024-04-02T14:07:32.000000,-1453.5634000000014,1337.468750000001,-116.09465000000077
2024-04-02T14:07:37.000000,-1453.5634000000014,1226.9763500000017,-226.58704999999998
2024-04-02T14:07:47.000000,-1453.5634000000014,1124.481950000001,-329.08145000000076
2024-04-02T14:07:57.000000,-1453.5634000000014,1021.9843500000017,-431.57905000000017
2024-04-02T14:07:57.000000,-1453.5634000000014,911.4919500000025,-542.0714499999993
2024-04-02T14:08:02.000000,-1453.5634000000014,800.9995500000033,-652.5638499999985
2024-04-02T14:08:22.000000,-1453.5634000000014,666.4971500000032,-787.0662499999986
2024-04-02T14:08:27.000000,-1453.5634000000014,527.9973500000025,-925.5660499999993
2024-04-02T14:08:32.000000,-1453.5634000000014,385.4969500000025,-1068.0664499999993
2024-04-02T14:08:37.000000,-1453.5634000000014,250.99455000000242,-1202.5688499999994
2024-04-02T14:08:42.000000,-1453.5634000000014,116.49215000000231,-1337.0712499999995
2024-04-02T14:09:17.000000,-1453.5634000000014,1.9927500000024878,-1451.5706499999994
2024-04-02T14:09:22.000000,-1453.5634000000014,-108.51244999999672,-1562.0758499999986
2024-04-02T14:09:32.000000,-1453.5634000000014,-227.01564999999715,-1680.579049999999
2024-04-02T14:10:07.000000,-1453.5634000000014,-325.52864999999736,-1779.092049999999
2024-04-02T14:10:12.000000,-1453.5634000000014,-412.0526499999971,-1865.6160499999987
2024-04-02T14:10:37.000000,-1453.5634000000014,-474.5954499999959,-1928.1588499999975
2024-04-02T14:10:37.000000,-1453.5634000000014,-533.1408499999955,-1986.704249999997
2024-04-02T14:11:32.000000,-1453.5634000000014,-961.0158499999959,-2414.5792499999975
2024-04-02T14:11:57.000000,-1453.5634000000014,-975.5866499999958,-2429.1500499999975
2024-04-02T14:12:02.000000,-1453.5634000000014,-990.1574499999956,-2443.7208499999974
2024-04-02T14:12:07.000000,-1453.5634000000014,-1008.7256499999961,-2462.289049999998
2024-04-02T14:12:17.000000,-1453.5634000000014,-1035.2886499999963,-2488.852049999998
2024-04-02T14:12:22.000000,-1453.5634000000014,-1065.8490499999957,-2519.4124499999975
2024-04-02T14:12:27.000000,-1453.5634000000014,-1112.4022499999949,-2565.9656499999965
2024-04-02T14:12:37.000000,-1453.5634000000014,-1154.9548499999948,-2608.5182499999964
2024-04-02T14:12:47.000000,-1453.5634000000014,-1181.5050499999952,-2635.0684499999966
2024-04-02T14:12:57.000000,-1453.5634000000014,-1204.0578499999963,-2657.621249999998
2024-04-02T14:13:17.000000,-1453.5634000000014,-1632.0408499999953,-3085.6042499999967
2024-04-02T14:13:27.000000,-1453.5634000000014,-2090.0163499999962,-3543.5797499999976
2024-04-02T14:13:37.000000,-1453.5634000000014,-2562.994099999997,-4016.5574999999985
2024-04-02T14:13:42.000000,-1453.5634000000014,-3080.966599999997,-4534.529999999998
2024-04-02T14:13:47.000000,-1453.5634000000014,-3568.9465999999975,-5022.509999999998
2024-04-02T14:13:52.000000,-1453.5634000000014,-4056.926599999998,-5510.489999999999
2024-04-02T14:13:57.000000,-1453.5634000000014,-4589.901349999997,-6043.464749999998
2024-04-02T14:14:07.000000,-1453.5634000000014,-5137.878349999998,-6591.441749999999
2024-04-02T14:14:22.000000,-1517.7863500000008,-5137.878349999998,-6655.664699999998
2024-04-02T14:14:32.000000,-1573.010350000001,-5137.878349999998,-6710.888699999999
2024-04-02T14:14:37.000000,-1628.234350000001,-5137.878349999998,-6766.112699999999
2024-04-02T14:14:42.000000,-1680.4579000000006,-5137.878349999998,-6818.3362499999985
2024-04-02T14:14:42.000000,-1680.4579000000006,-5128.448749999999,-6808.906649999999
2024-04-02T14:14:47.000000,-1680.4579000000006,-5123.0197499999995,-6803.47765
2024-04-02T14:14:52.000000,-1732.68145,-5123.0197499999995,-6855.7011999999995
2024-04-02T14:14:57.000000,-1732.68145,-5494.555950000001,-7227.237400000001
2024-04-02T14:14:57.000000,-1775.9036500000004,-5494.555950000001,-7270.459600000001
2024-04-02T14:15:02.000000,-1775.9036500000004,-5489.13015,-7265.0338
2024-04-02T14:15:07.000000,-1775.9036500000004,-5832.673349999999,-7608.576999999999
2024-04-02T14:15:07.000000,-1813.1249500000008,-5832.673349999999,-7645.7982999999995
2024-04-02T14:15:07.000000,-1813.1249500000008,-5839.246149999999,-7652.371099999999
2024-04-02T14:15:12.000000,-1813.1249500000008,-5849.81315,-7662.9381
2024-04-02T14:15:17.000000,-1841.3424999999997,-5849.81315,-7691.15565
2024-04-02T14:15:17.000000,-1841.3424999999997,-5852.3853500000005,-7693.72785
2024-04-02T14:15:22.000000,-1841.3424999999997,-6153.9222500000005,-7995.26475
2024-04-02T14:15:22.000000,-1841.3424999999997,-6156.494450000001,-7997.836950000001
2024-04-02T14:15:37.000000,-1881.5450499999995,-6156.494450000001,-8038.039500000001
2024-04-02T14:15:52.000000,-1945.7295999999988,-6156.494450000001,-8102.22405
2024-04-02T14:15:52.000000,-2006.9136999999987,-6156.494450000001,-8163.408149999999
2024-04-02T14:15:52.000000,-2065.097349999998,-6156.494450000001,-8221.591799999998
2024-04-02T14:15:57.000000,-2065.097349999998,-6206.08315,-8271.180499999997
2024-04-02T14:15:57.000000,-2129.2770999999984,-6206.08315,-8335.360249999998
2024-04-02T14:16:02.000000,-2129.2770999999984,-6297.666950000001,-8426.944049999998
2024-04-02T14:16:02.000000,-2196.4524999999994,-6297.666950000001,-8494.119449999998
2024-04-02T14:16:07.000000,-2196.4524999999994,-6403.26405,-8599.716549999997
2024-04-02T14:16:12.000000,-2196.4524999999994,-6522.87445,-8719.326949999997
2024-04-02T14:16:12.000000,-2272.6220499999995,-6522.87445,-8795.496499999997
2024-04-02T14:16:17.000000,-2272.6220499999995,-6656.47575,-8929.097799999998
2024-04-02T14:16:22.000000,-2272.6220499999995,-6818.081249999999,-9090.703299999997
2024-04-02T14:16:22.000000,-2360.7813999999994,-6818.081249999999,-9178.862649999997
2024-04-02T14:16:27.000000,-2360.7813999999994,-6965.695849999999,-9326.477249999996
2024-04-02T14:16:27.000000,-2448.9383499999994,-6965.695849999999,-9414.634199999997
2024-04-02T14:16:32.000000,-2448.9383499999994,-7113.299249999998,-9562.237599999997
2024-04-02T14:16:32.000000,-2549.0851000000002,-7113.299249999998,-9662.384349999997
2024-04-02T14:16:37.000000,-2549.0851000000002,-7246.911749999998,-9795.996849999996
2024-04-02T14:16:37.000000,-2652.2299000000003,-7246.911749999998,-9899.141649999996
2024-04-02T14:16:42.000000,-2652.2299000000003,-7394.515149999997,-10046.745049999996
2024-04-02T14:16:42.000000,-2755.3723000000005,-7394.515149999997,-10149.887449999997
2024-04-02T14:16:47.000000,-2755.3723000000005,-7528.105249999999,-10283.477549999998
2024-04-02T14:16:47.000000,-2861.51275,-7528.105249999999,-10389.617999999997
2024-04-02T14:16:52.000000,-2861.51275,-7661.69535,-10523.208099999998
2024-04-02T14:16:52.000000,-2964.6527499999997,-7661.69535,-10626.348099999997
2024-04-02T14:16:57.000000,-3070.7908,-7661.69535,-10732.486149999999
2024-04-02T14:17:02.000000,-3070.7908,-7823.267250000001,-10894.05805
2024-04-02T14:17:02.000000,-3176.92645,-7823.267250000001,-11000.1937
2024-04-02T14:17:07.000000,-3289.0581999999995,-7823.267250000001,-11112.325449999998
2024-04-02T14:17:12.000000,-3404.1856000000002,-7823.267250000001,-11227.45285
2024-04-02T14:17:17.000000,-3525.3115,-7823.267250000001,-11348.578749999999
2024-04-02T14:17:22.000000,-3525.3115,-7900.86015,-11426.171649999998
2024-04-02T14:17:22.000000,-3649.43545,-7900.86015,-11550.2956
2024-04-02T14:17:27.000000,-3649.43545,-7978.45305,-11627.8885
2024-04-02T14:18:17.000000,-3649.43545,-7832.113149999999,-11481.548599999998
2024-04-02T14:18:27.000000,-3649.43545,-7713.7886499999995,-11363.224099999998
2024-04-02T14:18:37.000000,-3649.43545,-7595.486549999999,-11244.921999999997
2024-04-02T14:18:47.000000,-3649.43545,-7491.197749999998,-11140.633199999997
2024-04-02T14:18:57.000000,-3649.43545,-7414.913149999998,-11064.348599999996
2024-04-02T14:19:02.000000,-3649.43545,-7324.648849999999,-10974.084299999997
2024-04-02T14:19:07.000000,-3649.43545,-7248.3866499999995,-10897.822099999998
2024-04-02T14:19:12.000000,-3649.43545,-7172.13565,-10821.571099999997
2024-04-02T14:19:17.000000,-3649.43545,-7123.87765,-10773.313099999998
2024-04-02T14:19:27.000000,-3649.43545,-7047.626650000001,-10697.062099999997
2024-04-02T14:19:32.000000,-3649.43545,-6957.373550000002,-10606.808999999997
2024-04-02T14:19:47.000000,-3649.43545,-6853.129550000002,-10502.564999999997
2024-04-02T14:20:17.000000,-3649.43545,-6706.845650000002,-10356.281099999997
2024-04-02T14:20:22.000000,-3649.43545,-6560.561750000002,-10209.997199999996
2024-04-02T14:20:42.000000,-3649.43545,-6456.228150000002,-10105.663599999996
2024-04-02T14:21:42.000000,-3649.43545,-6435.895950000001,-10085.331399999995
2024-04-02T14:21:42.000000,-3644.72485,-6435.895950000001,-10080.620799999995
2024-04-02T14:21:47.000000,-3644.72485,-6401.5728500000005,-10046.297699999996
2024-04-02T14:21:47.000000,-3640.01425,-6401.5728500000005,-10041.587099999995
2024-04-02T14:21:52.000000,-3640.01425,-6381.229450000001,-10021.243699999995
2024-04-02T14:21:57.000000,-3640.01425,-6360.886050000001,-10000.900299999996
2024-04-02T14:22:02.000000,-3640.01425,-6326.5517500000005,-9966.565999999995
2024-04-02T14:22:02.000000,-3635.2988500000006,-6326.5517500000005,-9961.850599999996
2024-04-02T14:22:07.000000,-3635.2988500000006,-6306.208350000001,-9941.507199999996
2024-04-02T14:22:12.000000,-3635.2988500000006,-6285.864950000001,-9921.163799999997
2024-04-02T14:22:17.000000,-3635.2988500000006,-6265.510350000001,-9900.809199999998
2024-04-02T14:22:22.000000,-3635.2988500000006,-6259.1466500000015,-9894.445499999998
2024-04-02T14:22:27.000000,-3635.2988500000006,-6266.773850000001,-9902.072699999999
2024-04-02T14:22:27.000000,-3561.4603000000006,-6266.773850000001,-9828.234149999998
2024-04-02T14:22:37.000000,-3484.6237,-6266.773850000001,-9751.397549999998
2024-04-02T14:22:47.000000,-3407.7846999999997,-6266.773850000001,-9674.558549999998
2024-04-02T14:22:57.000000,-3330.948099999999,-6266.773850000001,-9597.721949999997
2024-04-02T14:23:02.000000,-3257.1143499999994,-6266.773850000001,-9523.888199999998
2024-04-02T14:23:07.000000,-3189.2790999999993,-6266.773850000001,-9456.052949999998
2024-04-02T14:23:12.000000,-3121.443849999999,-6266.773850000001,-9388.217699999997
2024-04-02T14:23:17.000000,-3062.6099499999987,-6266.773850000001,-9329.383799999996
2024-04-02T14:24:27.000000,-3062.6099499999987,-6204.457750000001,-9267.067699999996
2024-04-02T14:24:37.000000,-3062.6099499999987,-6170.123450000001,-9232.733399999996
2024-04-02T14:24:47.000000,-3062.6099499999987,-6149.780050000001,-9212.389999999996
2024-04-02T14:27:17.000000,-3062.6099499999987,-6157.407250000001,-9220.017199999997
2024-04-02T14:30:27.000000,-3062.6099499999987,-6053.017650000001,-9115.627599999996
2024-04-02T14:31:32.000000,-3192.600399999999,-6053.017650000001,-9245.618049999995
2024-04-02T14:32:17.000000,-3220.616349999999,-6053.017650000001,-9273.633999999996
2024-04-02T14:32:17.000000,-3245.6318499999998,-6053.017650000001,-9298.649499999998
2024-04-02T14:32:37.000000,-3245.6318499999998,-6046.631550000001,-9292.263399999998
2024-04-02T14:33:37.000000,-3171.6925,-6046.631550000001,-9218.324049999997
2024-04-02T14:33:37.000000,-3091.7522500000005,-6046.631550000001,-9138.383799999998
2024-04-02T14:33:37.000000,-2993.8093000000013,-6046.631550000001,-9040.440849999999
2024-04-02T14:33:37.000000,-2907.8681500000016,-6046.631550000001,-8954.4997
2024-04-02T14:33:37.000000,-2830.9283500000024,-6046.631550000001,-8877.5599
2024-04-02T14:33:37.000000,-2774.991700000003,-6046.631550000001,-8821.62325
2024-04-02T14:35:37.000000,-2824.4908000000023,-6046.631550000001,-8871.12235
2024-04-02T14:36:32.000000,-2929.9759000000026,-6046.631550000001,-8976.60745
2024-04-02T14:39:17.000000,-2929.9759000000026,-5990.700500000001,-8920.6764
2024-04-02T14:40:02.000000,-2929.9759000000026,-5787.816200000001,-8717.7921
2024-04-02T14:40:12.000000,-2929.9759000000026,-5572.932500000002,-8502.9084
2024-04-02T14:40:17.000000,-2973.301300000003,-5572.932500000002,-8546.2338
2024-04-02T14:40:17.000000,-3022.627600000003,-5572.932500000002,-8595.5601
2024-04-02T14:40:17.000000,-3022.627600000003,-5355.050750000002,-8377.67835
2024-04-02T14:40:22.000000,-3022.627600000003,-5134.166150000003,-8156.793750000001
2024-04-02T14:40:42.000000,-3022.627600000003,-4973.242550000004,-7995.870150000002
2024-04-02T14:40:47.000000,-3022.627600000003,-4818.317450000003,-7840.945050000001
2024-04-02T14:43:17.000000,-3038.948950000003,-4818.317450000003,-7857.266400000001
2024-04-02T14:43:27.000000,-3049.2718000000027,-4818.317450000003,-7867.589250000001
2024-04-02T14:43:42.000000,-3049.2718000000027,-4819.358150000004,-7868.629950000001
2024-04-02T14:43:57.000000,-3044.594800000003,-4819.358150000004,-7863.952950000002
2024-04-02T14:44:07.000000,-3033.9193000000023,-4819.358150000004,-7853.277450000001
2024-04-02T14:44:17.000000,-3035.2456000000025,-4819.358150000004,-7854.603750000001
2024-04-02T14:45:02.000000,-3024.2293000000027,-4819.358150000004,-7843.587450000002
2024-04-02T14:45:02.000000,-3013.213000000003,-4819.358150000004,-7832.5711500000025
2024-04-02T14:45:02.000000,-2996.1958000000036,-4819.358150000004,-7815.553950000003
2024-04-02T14:45:02.000000,-2976.178150000004,-4819.358150000004,-7795.536300000003
2024-04-02T14:45:02.000000,-2959.1609500000045,-4819.358150000004,-7778.519100000004
2024-04-02T14:45:02.000000,-2945.1442000000043,-4819.358150000004,-7764.502350000004
2024-04-02T14:45:02.000000,-2928.127000000005,-4819.358150000004,-7747.485150000005
2024-04-02T14:59:55.000000,-2954.722000000005,-4819.358150000004,-7774.080150000005
2024-04-02T14:59:55.000000,-2985.317600000005,-4819.358150000004,-7804.675750000005
2024-04-03T09:50:17.000000,-2985.317600000005,-4545.130250000003,-7530.447850000004
2024-04-03T09:50:27.000000,-2985.317600000005,-4306.869350000004,-7292.186950000005
2024-04-03T09:50:32.000000,-2985.317600000005,-4397.630750000004,-7382.948350000005
2024-04-03T09:51:57.000000,-2968.2818500000044,-4397.630750000004,-7365.912600000005
2024-04-03T09:52:17.000000,-2968.2818500000044,-4405.205950000004,-7373.487800000005
2024-04-03T09:52:27.000000,-2968.2818500000044,-4446.7726500000035,-7415.054500000005
2024-04-03T09:52:32.000000,-2968.2818500000044,-4488.339350000003,-7456.621200000004
2024-04-03T09:53:02.000000,-3074.6535000000044,-4488.339350000003,-7562.992850000004
2024-04-03T09:54:12.000000,-3074.6535000000044,-4460.004350000003,-7534.657850000004
2024-04-03T09:54:22.000000,-3074.6535000000044,-4428.167300000003,-7502.820800000004
2024-04-03T09:54:32.000000,-3067.3912500000038,-4428.167300000003,-7495.558550000003
2024-04-03T09:54:42.000000,-3050.1315000000036,-4428.167300000003,-7478.298800000003
2024-04-03T09:54:52.000000,-3027.415000000004,-4428.167300000003,-7455.582300000004
2024-04-03T09:54:57.000000,-2999.701750000004,-4428.167300000003,-7427.869050000004
2024-04-03T09:55:02.000000,-2981.9820000000036,-4428.167300000003,-7410.149300000004
2024-04-03T09:55:07.000000,-2964.2622500000034,-4428.167300000003,-7392.4295500000035
2024-04-03T09:55:17.000000,-2946.542500000003,-4428.167300000003,-7374.709800000003
2024-04-03T09:55:17.000000,-2928.822750000003,-4428.167300000003,-7356.990050000003
2024-04-03T09:55:22.000000,-2911.1070000000045,-4428.167300000003,-7339.274300000005
2024-04-03T09:55:27.000000,-2888.390500000005,-4428.167300000003,-7316.557800000005
2024-04-03T09:55:32.000000,-2870.6747500000065,-4428.167300000003,-7298.842050000007
2024-04-03T09:55:37.000000,-2862.960500000008,-4428.167300000003,-7291.1278000000075
2024-04-03T09:56:22.000000,-2850.3535000000065,-4428.167300000003,-7278.520800000006
2024-04-03T09:56:57.000000,-2850.3535000000065,-4441.8434000000025,-7292.196900000005
2024-04-03T09:57:42.000000,-2850.3535000000065,-4437.526400000002,-7287.879900000004
2024-04-03T09:57:47.000000,-2850.3535000000065,-4421.212400000002,-7271.565900000005
2024-04-03T09:57:52.000000,-2850.3535000000065,-4416.890600000002,-7267.244100000005
2024-04-03T09:57:57.000000,-2847.9680000000067,-4416.890600000002,-7264.858600000006
2024-04-03T09:58:12.000000,-2847.9680000000067,-4418.560100000002,-7266.528100000006
2024-04-03T10:01:02.000000,-2847.9680000000067,-4443.165050000003,-7291.133050000007
2024-04-03T10:01:17.000000,-2847.9680000000067,-4504.164350000005,-7352.132350000008
2024-04-03T10:01:17.000000,-2847.9680000000067,-4379.819750000004,-7227.787750000008
2024-04-03T10:01:17.000000,-2847.9680000000067,-4404.424700000005,-7252.3927000000085
2024-04-03T10:01:17.000000,-2972.8239500000045,-4404.424700000005,-7377.248650000007
2024-04-03T10:01:22.000000,-2972.8239500000045,-4429.029650000006,-7401.853600000008
2024-04-03T10:01:27.000000,-2972.8239500000045,-4298.693750000006,-7271.517700000008
2024-04-03T10:01:32.000000,-2972.8239500000045,-4174.358750000006,-7147.182700000008
2024-04-03T10:01:47.000000,-2925.7397000000046,-4174.358750000006,-7100.098450000008
2024-04-03T10:01:47.000000,-2925.7397000000046,-4215.966250000007,-7141.705950000009
2024-04-03T10:01:57.000000,-2873.662700000004,-4215.966250000007,-7089.628950000008
2024-04-03T10:02:07.000000,-2905.554450000004,-4215.966250000007,-7121.520700000009
2024-04-03T10:02:12.000000,-2905.554450000004,-4169.618950000006,-7075.173400000009
2024-04-03T10:02:17.000000,-2932.4454500000056,-4169.618950000006,-7102.06440000001
2024-04-03T10:02:22.000000,-2997.354800000005,-4169.618950000006,-7166.973750000009
2024-04-03T10:03:17.000000,-2981.1464000000033,-4169.618950000006,-7150.765350000008
2024-04-03T10:03:22.000000,-2981.1464000000033,-4077.8497000000057,-7058.996100000008
2024-04-03T10:03:27.000000,-2981.1464000000033,-3986.085250000005,-6967.231650000007
2024-04-03T10:03:32.000000,-3008.7734000000046,-3986.085250000005,-6994.858650000008
2024-04-03T10:03:32.000000,-3026.398900000006,-3986.085250000005,-7012.48415000001
2024-04-03T10:03:47.000000,-3026.398900000006,-3900.3313000000053,-6926.730200000011
2024-04-03T10:03:47.000000,-3026.398900000006,-3814.5773500000055,-6840.9762500000115
2024-04-03T10:03:57.000000,-3026.398900000006,-3752.8102000000054,-6779.209100000011
2024-04-03T10:04:02.000000,-3026.398900000006,-3706.0405000000055,-6732.439400000011
2024-04-03T10:04:27.000000,-3058.1833000000056,-3706.0405000000055,-6764.223800000011
2024-04-03T10:05:07.000000,-3077.2075000000054,-3706.0405000000055,-6783.2480000000105
2024-04-03T10:06:12.000000,-3006.827800000005,-3706.0405000000055,-6712.86830000001
2024-04-03T10:06:17.000000,-2930.4472000000046,-3706.0405000000055,-6636.48770000001
2024-04-03T10:06:47.000000,-2896.0633000000043,-3706.0405000000055,-6602.10380000001
2024-04-03T10:06:57.000000,-2879.6725000000038,-3706.0405000000055,-6585.71300000001
2024-04-03T10:06:57.000000,-2879.6725000000038,-3677.165500000005,-6556.83800000001
2024-04-03T10:08:52.000000,-2879.6725000000038,-3606.8434000000057,-6486.51590000001
2024-04-03T10:08:57.000000,-2879.6725000000038,-3542.517400000005,-6422.189900000009
2024-04-03T10:09:02.000000,-2879.6725000000038,-3496.179700000005,-6375.852200000009
2024-04-03T10:09:07.000000,-2879.6725000000038,-3461.834200000005,-6341.506700000009
2024-04-03T10:09:17.000000,-2879.6725000000038,-3379.0111000000047,-6258.6836000000085
2024-04-03T10:09:37.000000,-2879.6725000000038,-3278.175700000005,-6157.848200000009
2024-04-03T10:09:37.000000,-2879.6725000000038,-3285.4517000000046,-6165.124200000008
2024-04-03T10:09:42.000000,-2879.6725000000038,-3184.606700000005,-6064.279200000008
2024-04-03T10:10:07.000000,-2879.6725000000038,-3216.8704500000035,-6096.542950000006
2024-04-03T10:10:07.000000,-2879.6725000000038,-3204.843450000004,-6084.515950000007
2024-04-03T10:10:17.000000,-2779.624300000004,-3204.843450000004,-5984.467750000007
2024-04-03T10:10:17.000000,-2779.624300000004,-3177.8222000000037,-5957.446500000007
2024-04-03T10:10:22.000000,-2779.624300000004,-3160.7864500000032,-5940.410750000007
2024-04-03T10:10:27.000000,-2703.579700000004,-3160.7864500000032,-5864.366150000007
2024-04-03T10:10:27.000000,-2703.579700000004,-3138.749950000002,-5842.329650000006
2024-04-03T10:10:32.000000,-2703.579700000004,-3121.710200000002,-5825.289900000006
2024-04-03T10:10:37.000000,-2703.579700000004,-3094.6649500000017,-5798.244650000006
2024-04-03T10:10:42.000000,-2703.579700000004,-3021.6897500000005,-5725.269450000005
2024-04-03T10:10:42.000000,-2703.579700000004,-2999.641250000001,-5703.220950000006
2024-04-03T10:10:52.000000,-2703.579700000004,-2994.8514500000015,-5698.431150000007
2024-04-03T10:10:52.000000,-2703.579700000004,-3019.5244000000025,-5723.104100000008
2024-04-03T10:10:57.000000,-2703.579700000004,-3022.4636500000015,-5726.043350000007
2024-04-03T10:11:47.000000,-2703.579700000004,-2952.21355,-5655.793250000006
2024-04-03T10:11:52.000000,-2703.579700000004,-2976.886500000001,-5680.466200000007
2024-04-03T10:12:02.000000,-2703.579700000004,-3020.0919000000013,-5723.671600000008
2024-04-03T10:12:02.000000,-2703.579700000004,-3003.064150000001,-5706.643850000008
2024-04-03T10:12:07.000000,-2703.579700000004,-2991.0331500000016,-5694.612850000008
2024-04-03T10:12:12.000000,-2703.579700000004,-2956.769250000001,-5660.348950000008
2024-04-03T10:12:27.000000,-2703.579700000004,-2994.4969500000016,-5698.076650000008
2024-04-03T10:12:42.000000,-2687.1937000000034,-2994.4969500000016,-5681.690650000008
2024-04-03T10:13:02.000000,-2676.8086000000026,-2994.4969500000016,-5671.305550000007
2024-04-03T10:13:12.000000,-2676.8086000000026,-3019.1699000000026,-5695.978500000008
2024-04-03T10:13:17.000000,-2676.8086000000026,-3043.8428500000036,-5720.651450000009
2024-04-03T10:13:22.000000,-2676.8086000000026,-3068.5158000000047,-5745.32440000001
2024-04-03T10:13:32.000000,-2676.8086000000026,-3093.1887500000057,-5769.9973500000115
2024-04-03T10:13:57.000000,-2676.8086000000026,-3117.8617000000067,-5794.6703000000125
2024-04-03T10:14:02.000000,-2676.8086000000026,-3142.534650000008,-5819.3432500000135
2024-04-03T10:14:07.000000,-2676.8086000000026,-3184.2101500000085,-5861.018750000015
2024-04-03T10:14:22.000000,-2676.8086000000026,-3225.8856500000093,-5902.694250000016
2024-04-03T10:14:27.000000,-2676.8086000000026,-3250.5586000000103,-5927.367200000017
2024-04-03T10:14:32.000000,-2676.8086000000026,-3292.234100000011,-5969.042700000018
2024-04-03T10:14:37.000000,-2676.8086000000026,-3333.909600000012,-6010.718200000019
2024-04-03T10:14:42.000000,-2676.8086000000026,-3358.582550000013,-6035.39115000002
2024-04-03T10:14:47.000000,-2676.8086000000026,-3400.244450000014,-6077.053050000021
2024-04-03T10:14:52.000000,-2676.8086000000026,-3441.9063500000148,-6118.714950000022
2024-04-03T10:14:57.000000,-2676.8086000000026,-3483.5682500000157,-6160.376850000023
2024-04-03T10:15:02.000000,-2676.8086000000026,-3525.2301500000167,-6202.038750000024
2024-04-03T10:15:07.000000,-2676.8086000000026,-3566.8920500000177,-6243.700650000025
2024-04-03T10:15:12.000000,-2676.8086000000026,-3608.5539500000186,-6285.362550000026
2024-04-03T10:15:17.000000,-2676.8086000000026,-3616.190750000019,-6292.999350000026
2024-04-03T10:15:17.000000,-2676.8086000000026,-3657.85265000002,-6334.661250000027
2024-04-03T10:15:32.000000,-2676.8086000000026,-3682.525600000021,-6359.334200000028
2024-04-03T10:15:57.000000,-2676.8086000000026,-3707.198550000022,-6384.0071500000295
2024-04-03T10:15:57.000000,-2676.8086000000026,-3674.1621500000215,-6350.970750000029
2024-04-03T10:16:02.000000,-2676.8086000000026,-3698.8351000000225,-6375.64370000003
2024-04-03T10:16:02.000000,-2676.8086000000026,-3706.4399000000226,-6383.24850000003
2024-04-03T10:16:22.000000,-2676.8086000000026,-3748.1154000000233,-6424.924000000031
2024-04-03T10:16:27.000000,-2676.8086000000026,-3893.3649000000237,-6570.173500000031
2024-04-03T10:16:27.000000,-2676.8086000000026,-4044.610500000024,-6721.419100000031
2024-04-03T10:16:27.000000,-2681.6201500000034,-4044.610500000024,-6726.230650000031
2024-04-03T10:17:17.000000,-2681.6201500000034,-4086.2860000000246,-6767.9061500000325
2024-04-03T10:17:27.000000,-2681.6201500000034,-4127.975100000024,-6809.595250000032
2024-04-03T10:17:37.000000,-2681.6201500000034,-4186.653150000025,-6868.273300000033
2024-04-03T10:17:57.000000,-2686.3981000000017,-4186.653150000025,-6873.051250000031
2024-04-03T10:18:07.000000,-2686.3981000000017,-4262.333750000024,-6948.731850000031
2024-04-03T10:18:12.000000,-2713.4324500000016,-4262.333750000024,-6975.766200000031
2024-04-03T10:18:17.000000,-2713.4324500000016,-4338.014350000024,-7051.446800000031
2024-04-03T10:18:22.000000,-2713.4324500000016,-4396.6924000000245,-7110.124850000031
2024-04-03T10:18:22.000000,-2709.2162500000018,-4396.6924000000245,-7105.908650000031
2024-04-03T10:18:27.000000,-2709.2162500000018,-4472.373000000024,-7181.589250000031
2024-04-03T10:18:42.000000,-2709.2162500000018,-4548.053600000024,-7257.269850000031
2024-04-03T10:18:42.000000,-2702.006800000003,-4548.053600000024,-7250.060400000031
2024-04-03T10:18:52.000000,-2702.006800000003,-4623.7342000000235,-7325.741000000031
2024-04-03T10:18:57.000000,-2702.006800000003,-4699.414800000023,-7401.421600000031
2024-04-03T10:19:02.000000,-2702.006800000003,-4775.095400000023,-7477.10220000003
2024-04-03T10:19:07.000000,-2702.006800000003,-4850.776000000023,-7552.78280000003
2024-04-03T10:19:12.000000,-2702.006800000003,-4909.467650000021,-7611.474450000029
2024-04-03T10:19:17.000000,-2702.006800000003,-4985.148250000021,-7687.1550500000285
2024-04-03T10:19:22.000000,-2702.006800000003,-5060.828850000021,-7762.835650000028
2024-04-03T10:19:37.000000,-2702.006800000003,-5119.52050000002,-7821.527300000027
2024-04-03T10:19:57.000000,-2702.006800000003,-5212.203650000021,-7914.210450000028
2024-04-03T10:20:02.000000,-2702.006800000003,-5150.101150000021,-7852.107950000028
2024-04-03T10:20:02.000000,-2702.006800000003,-5225.781750000021,-7927.7885500000275
2024-04-03T10:20:27.000000,-2702.006800000003,-5284.4598000000215,-7986.466600000028
2024-04-03T10:21:22.000000,-2702.006800000003,-5139.407250000021,-7841.414050000028
2024-04-03T10:21:27.000000,-2702.006800000003,-5089.735500000021,-7791.742300000027
2024-04-03T10:21:32.000000,-2702.006800000003,-5043.064200000021,-7745.071000000027
2024-04-03T10:21:32.000000,-2702.006800000003,-4898.00445000002,-7600.011250000027
2024-04-03T10:21:37.000000,-2702.006800000003,-4875.319950000021,-7577.3267500000275
2024-04-03T10:21:37.000000,-2702.006800000003,-4900.00650000002,-7602.013300000027
2024-04-03T10:21:47.000000,-2702.006800000003,-4781.94360000002,-7483.950400000026
2024-04-03T10:21:52.000000,-2702.006800000003,-4750.2697500000195,-7452.276550000026
2024-04-03T10:22:02.000000,-2702.006800000003,-4715.605050000019,-7417.611850000026
2024-04-03T10:22:02.000000,-2702.006800000003,-4615.52325000002,-7317.530050000027
2024-04-03T10:22:07.000000,-2709.0892000000026,-4615.52325000002,-7324.612450000027
2024-04-03T10:22:17.000000,-2709.0892000000026,-4586.8426500000205,-7295.931850000028
2024-04-03T10:22:32.000000,-2709.0892000000026,-4561.155300000019,-7270.244500000027
2024-04-03T10:22:37.000000,-2709.0892000000026,-4520.46570000002,-7229.554900000027
2024-04-03T10:22:37.000000,-2709.0892000000026,-4516.27830000002,-7225.367500000028
2024-04-03T10:22:42.000000,-2709.0892000000026,-4481.584800000021,-7190.674000000028
2024-04-03T10:22:42.000000,-2666.9217000000017,-4481.584800000021,-7148.506500000028
2024-04-03T10:22:47.000000,-2666.9217000000017,-4443.888450000021,-7110.810150000028
2024-04-03T10:22:57.000000,-2666.9217000000017,-4409.710950000023,-7076.6326500000305
2024-04-03T10:23:02.000000,-2666.9217000000017,-4375.538250000023,-7042.45995000003
2024-04-03T10:23:02.000000,-2666.9217000000017,-4431.607200000023,-7098.52890000003
2024-04-03T10:23:12.000000,-2666.9217000000017,-4372.907700000023,-7039.829400000031
2024-04-03T10:23:17.000000,-2666.9217000000017,-4350.722400000025,-7017.644100000032
2024-04-03T10:23:22.000000,-2666.9217000000017,-4328.537100000027,-6995.458800000034
2024-04-03T10:23:27.000000,-2666.9217000000017,-4300.355700000027,-6967.2774000000345
2024-04-03T10:23:32.000000,-2666.9217000000017,-4260.172500000026,-6927.094200000033
2024-04-03T10:23:32.000000,-2666.9217000000017,-4323.220100000026,-6990.141800000033
2024-04-03T10:23:37.000000,-2666.9217000000017,-4289.033000000026,-6955.954700000033
2024-04-03T10:23:42.000000,-2666.9217000000017,-4272.839000000026,-6939.7607000000335
2024-04-03T10:23:47.000000,-2666.9217000000017,-4256.640200000024,-6923.5619000000315
2024-04-03T10:23:52.000000,-2666.9217000000017,-4246.437500000024,-6913.359200000031
2024-04-03T10:23:52.000000,-2666.9217000000017,-4209.300350000025,-6876.222050000032
2024-04-03T10:23:57.000000,-2666.9217000000017,-4199.097650000024,-6866.019350000031
2024-04-03T10:23:57.000000,-2666.9217000000017,-4172.803750000025,-6839.725450000032
2024-04-03T10:24:02.000000,-2666.9217000000017,-4156.604950000023,-6823.52665000003
2024-04-03T10:24:02.000000,-2666.9217000000017,-4130.311050000023,-6797.23275000003
2024-04-03T10:24:07.000000,-2666.9217000000017,-4102.120050000021,-6769.0417500000285
2024-04-03T10:24:12.000000,-2666.9217000000017,-4079.925150000021,-6746.846850000028
2024-04-03T10:24:17.000000,-2666.9217000000017,-4053.6312500000217,-6720.552950000028
2024-04-03T10:24:47.000000,-2666.9217000000017,-4106.486000000022,-6773.407700000028
2024-04-03T10:25:02.000000,-2666.9217000000017,-4026.313600000022,-6693.235300000028
2024-04-03T10:25:17.000000,-2666.9217000000017,-4000.006100000021,-6666.927800000027
2024-04-03T10:25:27.000000,-2743.134450000002,-4000.006100000021,-6743.140550000026
2024-04-03T10:25:42.000000,-2756.709750000002,-4000.006100000021,-6756.715850000026
2024-04-03T10:25:42.000000,-2756.709750000002,-4037.8586000000205,-6794.568350000025
2024-04-03T10:25:42.000000,-2741.742600000002,-4037.8586000000205,-6779.601200000025
2024-04-03T10:25:47.000000,-2732.7739500000016,-4037.8586000000205,-6770.632550000025
2024-04-03T10:25:52.000000,-2793.9964500000015,-4037.8586000000205,-6831.855050000025
2024-04-03T10:26:02.000000,-2767.0275000000006,-4037.8586000000205,-6804.886100000023
2024-04-03T10:26:17.000000,-2761.0616999999997,-4037.8586000000205,-6798.9203000000225
2024-04-03T10:26:32.000000,-2712.7700999999997,-4037.8586000000205,-6750.628700000022
2024-04-03T10:27:02.000000,-2712.7700999999997,-4114.93630000002,-6827.706400000022
2024-04-03T10:27:07.000000,-2712.7700999999997,-4052.8218000000206,-6765.591900000022
2024-04-03T10:27:07.000000,-2712.7700999999997,-4125.66755000002,-6838.437650000022
2024-04-03T10:27:17.000000,-2712.7700999999997,-4075.94780000002,-6788.7179000000215
2024-04-03T10:27:37.000000,-2704.3901,-4075.94780000002,-6780.337900000021
2024-04-03T10:27:42.000000,-2747.1345500000007,-4075.94780000002,-6823.0823500000215
2024-04-03T10:27:42.000000,-2730.759750000001,-4075.94780000002,-6806.707550000022
2024-04-03T10:27:47.000000,-2722.3861500000016,-4075.94780000002,-6798.333950000022
2024-04-03T10:27:52.000000,-2758.1351500000023,-4075.94780000002,-6834.082950000023
2024-04-03T10:27:52.000000,-2757.7563500000024,-4075.94780000002,-6833.704150000023
2024-04-03T10:27:57.000000,-2749.382750000003,-4075.94780000002,-6825.330550000023
2024-04-03T10:28:17.000000,-2749.382750000003,-4100.60715000002,-6849.989900000023
2024-04-03T10:28:52.000000,-2749.382750000003,-4091.27500000002,-6840.657750000024
2024-04-03T10:28:57.000000,-2749.382750000003,-4081.9428500000204,-6831.325600000025
2024-04-03T10:29:07.000000,-2749.382750000003,-4089.6132500000203,-6838.996000000025
2024-04-03T10:29:22.000000,-2749.382750000003,-4097.28365000002,-6846.666400000025
2024-04-03T10:29:32.000000,-2749.382750000003,-4121.94300000002,-6871.3257500000245
2024-04-03T10:30:02.000000,-2749.382750000003,-4129.59980000002,-6878.982550000024
2024-04-03T10:30:22.000000,-2749.382750000003,-4137.25660000002,-6886.639350000024
2024-04-03T10:31:22.000000,-2749.382750000003,-4207.39485000002,-6956.777600000024
2024-04-03T10:31:32.000000,-2749.382750000003,-4305.526100000019,-7054.908850000023
2024-04-03T10:31:37.000000,-2749.382750000003,-4410.652800000018,-7160.035550000022
2024-04-03T10:32:02.000000,-2749.382750000003,-4418.080000000018,-7167.462750000022
2024-04-03T10:32:12.000000,-2876.8791500000034,-4418.080000000018,-7294.959150000023
2024-04-03T10:32:27.000000,-3031.688550000004,-4418.080000000018,-7449.768550000023
2024-04-03T10:32:42.000000,-3031.688550000004,-4436.508850000017,-7468.197400000023
2024-04-03T10:33:07.000000,-3190.4921500000037,-4436.508850000017,-7627.001000000022
2024-04-03T10:33:47.000000,-3321.304350000003,-4436.508850000017,-7757.813200000021
2024-04-03T10:33:47.000000,-3444.1153500000028,-4436.508850000017,-7880.624200000021
2024-04-03T10:34:17.000000,-3530.9241500000026,-4436.508850000017,-7967.433000000021
2024-04-03T10:34:22.000000,-3617.7329500000023,-4436.508850000017,-8054.241800000021
2024-04-03T10:34:32.000000,-3712.5301500000032,-4436.508850000017,-8149.039000000022
2024-04-03T10:34:37.000000,-3803.3267500000034,-4436.508850000017,-8239.835600000022
2024-04-03T10:34:42.000000,-3906.1155500000027,-4436.508850000017,-8342.624400000022
2024-04-03T10:34:47.000000,-4004.9037500000027,-4436.508850000017,-8441.412600000023
2024-04-03T10:34:52.000000,-4091.6933500000023,-4436.508850000017,-8528.202200000023
2024-04-03T10:34:57.000000,-4174.488750000003,-4436.508850000017,-8610.997600000024
2024-04-03T10:35:07.000000,-4265.282150000004,-4436.508850000017,-8701.791000000025
2024-04-03T10:35:12.000000,-4348.0775500000045,-4436.508850000017,-8784.586400000026
2024-04-03T10:35:22.000000,-4438.874150000005,-4436.508850000017,-8875.383000000025
2024-04-03T10:37:07.000000,-4438.874150000005,-4359.681050000018,-8798.555200000026
2024-04-03T10:37:07.000000,-4438.874150000005,-4296.844150000019,-8735.718300000026
2024-04-03T10:37:12.000000,-4440.351650000005,-4296.844150000019,-8737.195800000027
2024-04-03T10:37:17.000000,-4441.838750000005,-4296.844150000019,-8738.682900000027
2024-04-03T10:37:17.000000,-4441.838750000005,-4220.0107500000195,-8661.849500000028
2024-04-03T10:37:22.000000,-4449.326750000006,-4220.0107500000195,-8669.337500000027
2024-04-03T10:37:32.000000,-4450.823450000005,-4220.0107500000195,-8670.834200000027
2024-04-03T10:37:37.000000,-4464.321950000005,-4220.0107500000195,-8684.332700000026
2024-04-03T10:37:42.000000,-4474.508000000004,-4220.0107500000195,-8694.518750000027
2024-04-03T10:37:52.000000,-4472.689850000005,-4220.0107500000195,-8692.700600000027
2024-04-03T10:38:12.000000,-4431.505050000005,-4220.0107500000195,-8651.515800000027
2024-04-03T10:38:12.000000,-4390.320250000005,-4220.0107500000195,-8610.331000000026
2024-04-03T10:38:27.000000,-4390.320250000005,-4302.954000000019,-8693.274250000024
2024-04-03T10:39:22.000000,-4390.320250000005,-4321.426850000019,-8711.747100000024
2024-04-03T10:41:12.000000,-4390.320250000005,-4289.611400000019,-8679.931650000024
2024-04-03T10:41:22.000000,-4337.837650000006,-4289.611400000019,-8627.449050000025
2024-04-03T10:41:27.000000,-4291.355950000006,-4289.611400000019,-8580.967350000024
2024-04-03T10:41:32.000000,-4226.876350000006,-4289.611400000019,-8516.487750000026
2024-04-03T10:41:47.000000,-4162.391950000007,-4289.611400000019,-8452.003350000026
2024-04-03T10:41:52.000000,-4103.908450000007,-4289.611400000019,-8393.519850000026
2024-04-03T10:41:57.000000,-4057.4267500000074,-4289.611400000019,-8347.038150000026
2024-04-03T10:44:32.000000,-4057.4267500000074,-4247.58390000002,-8305.010650000027
2024-04-03T10:44:37.000000,-4057.4267500000074,-4210.55315000002,-8267.979900000028
2024-04-03T10:45:22.000000,-4057.4267500000074,-4193.672750000021,-8251.099500000028
2024-04-03T10:45:27.000000,-4057.4267500000074,-4176.7923500000215,-8234.219100000028
2024-04-03T10:45:32.000000,-4057.4267500000074,-4159.911950000022,-8217.338700000028
2024-04-03T10:45:37.000000,-4057.4267500000074,-4137.040250000023,-8194.467000000028
2024-04-03T10:45:42.000000,-4057.4267500000074,-4126.165550000023,-8183.592300000028
2024-04-03T10:45:57.000000,-4057.4267500000074,-3980.241800000023,-8037.668550000028
2024-04-03T10:45:57.000000,-4057.4267500000074,-3831.320000000023,-7888.7467500000275
2024-04-03T10:45:57.000000,-4057.4267500000074,-3673.404050000023,-7730.830800000027
2024-04-03T10:45:57.000000,-4057.4267500000074,-3521.4842000000226,-7578.910950000027
2024-04-03T10:50:32.000000,-4154.822650000007,-3521.4842000000226,-7676.306850000027
2024-04-03T10:50:47.000000,-4252.2089500000075,-3521.4842000000226,-7773.693150000027
2024-04-03T10:50:52.000000,-4355.591350000008,-3521.4842000000226,-7877.075550000028
2024-04-03T10:51:32.000000,-4404.989650000008,-3521.4842000000226,-7926.473850000028
2024-04-03T10:51:42.000000,-4442.4005500000085,-3521.4842000000226,-7963.884750000028
2024-04-03T10:51:47.000000,-4473.810550000009,-3521.4842000000226,-7995.294750000029
2024-04-03T10:51:52.000000,-4449.021750000008,-3521.4842000000226,-7970.505950000028
2024-04-03T10:51:52.000000,-4424.232950000007,-3521.4842000000226,-7945.717150000027
2024-04-03T10:52:12.000000,-4415.459350000007,-3521.4842000000226,-7936.943550000027
2024-04-03T10:54:42.000000,-4432.532850000007,-3521.4842000000226,-7954.017050000027
2024-04-03T10:55:47.000000,-4414.609100000008,-3521.4842000000226,-7936.093300000028
2024-04-03T10:56:07.000000,-4400.498750000009,-3521.4842000000226,-7921.982950000029
2024-04-03T10:56:12.000000,-4380.387500000009,-3521.4842000000226,-7901.871700000029
2024-04-03T10:56:17.000000,-4360.276250000009,-3521.4842000000226,-7881.760450000029
2024-04-03T10:56:22.000000,-4334.161700000009,-3521.4842000000226,-7855.645900000029
2024-04-03T10:56:27.000000,-4368.819350000008,-3521.4842000000226,-7890.303550000028
2024-04-03T10:56:32.000000,-4324.699700000008,-3521.4842000000226,-7846.183900000028
2024-04-03T10:56:37.000000,-4274.579150000009,-3521.4842000000226,-7796.063350000029
2024-04-03T10:56:42.000000,-4212.454400000009,-3521.4842000000226,-7733.938600000029
2024-04-03T10:56:47.000000,-4147.326800000009,-3521.4842000000226,-7668.811000000029
2024-04-03T10:56:52.000000,-4147.326800000009,-3546.605300000022,-7693.932100000028
2024-04-03T10:56:57.000000,-4079.191550000009,-3546.605300000022,-7625.796850000028
2024-04-03T10:57:02.000000,-4079.191550000009,-3565.725500000022,-7644.917050000027
2024-04-03T10:57:03.000000,-4020.0504500000093,-3565.725500000022,-7585.7759500000275
2024-04-03T10:57:07.000000,-3969.905900000009,-3565.725500000022,-7535.6314000000275
2024-04-03T10:57:22.000000,-3964.756100000009,-3565.725500000022,-7530.481600000027
2024-04-03T10:57:32.000000,-3983.60270000001,-3565.725500000022,-7549.328200000028
2024-04-03T11:00:52.000000,-3983.60270000001,-3552.8969000000216,-7536.499600000027
2024-04-03T11:01:22.000000,-3983.60270000001,-3524.0699000000213,-7507.672600000027
2024-04-03T11:01:22.000000,-3983.60270000001,-3492.2448500000205,-7475.847550000027
2024-04-03T11:01:32.000000,-3983.60270000001,-3471.4118500000204,-7455.014550000026
2024-04-03T11:02:42.000000,-3975.4572500000095,-3471.4118500000204,-7446.869100000026
2024-04-03T11:02:47.000000,-3964.31135000001,-3471.4118500000204,-7435.723200000027
2024-04-03T11:02:52.000000,-3956.1635000000097,-3471.4118500000204,-7427.575350000026
2024-04-03T11:02:57.000000,-3945.015200000009,-3471.4118500000204,-7416.427050000026
2024-04-03T11:03:02.000000,-3933.866900000008,-3471.4118500000204,-7405.278750000025
2024-04-03T11:03:12.000000,-3933.866900000008,-3484.67275000002,-7418.539650000025
2024-04-03T11:03:22.000000,-3904.713500000008,-3484.67275000002,-7389.386250000025
2024-04-03T11:03:27.000000,-3878.558150000008,-3484.67275000002,-7363.230900000025
2024-04-03T11:10:57.000000,-3878.558150000008,-3507.83995000002,-7386.398100000025
2024-04-03T11:16:32.000000,-3878.558150000008,-3527.00575000002,-7405.563900000025
2024-04-03T11:17:07.000000,-3878.558150000008,-3540.17305000002,-7418.731200000025
2024-04-03T11:23:42.000000,-3878.558150000008,-3533.93255000002,-7412.490700000025
2024-04-03T11:24:22.000000,-3878.558150000008,-3485.64655000002,-7364.204700000025
2024-04-03T11:26:17.000000,-3897.8223500000076,-3485.64655000002,-7383.468900000024
2024-04-03T13:11:17.000000,-3897.8223500000076,-3449.234350000019,-7347.056700000024
2024-04-03T13:11:27.000000,-3897.8223500000076,-3412.8221500000177,-7310.644500000023
2024-04-03T13:11:47.000000,-3897.8223500000076,-3376.3923500000187,-7274.214700000024
2024-04-03T13:13:37.000000,-3893.255750000008,-3376.3923500000187,-7269.648100000024
2024-04-03T13:13:57.000000,-3846.682850000008,-3376.3923500000187,-7223.075200000024
2024-04-03T13:14:12.000000,-3836.115350000008,-3376.3923500000187,-7212.507700000025
2024-04-03T13:15:02.000000,-3836.115350000008,-3431.7291500000188,-7267.844500000025
2024-04-03T13:15:22.000000,-3836.115350000008,-3511.0551500000183,-7347.170500000024
2024-04-03T13:16:52.000000,-3836.115350000008,-3608.3886500000185,-7444.5040000000245
2024-04-03T13:16:57.000000,-3836.115350000008,-3699.7212500000187,-7535.836600000025
2024-04-03T13:17:02.000000,-3836.115350000008,-3785.0529500000193,-7621.168300000026
2024-04-03T13:17:17.000000,-3836.115350000008,-3864.38375000002,-7700.499100000026
2024-04-03T13:17:22.000000,-3836.115350000008,-3955.71635000002,-7791.831700000027
2024-04-03T13:17:47.000000,-3836.115350000008,-4035.051950000021,-7871.167300000027
2024-04-03T13:19:02.000000,-3836.115350000008,-4006.4097500000216,-7842.525100000028
2024-04-03T13:19:17.000000,-3836.115350000008,-3965.7561500000215,-7801.871500000028
2024-04-03T13:19:47.000000,-3836.115350000008,-3913.115150000022,-7749.230500000029
2024-04-03T13:21:17.000000,-3836.115350000008,-3848.4771500000224,-7684.592500000029
2024-04-03T13:21:22.000000,-3836.115350000008,-3777.843050000022,-7613.958400000029
2024-04-03T13:22:07.000000,-3836.115350000008,-3785.799050000022,-7621.914400000029
2024-04-03T13:22:17.000000,-3836.115350000008,-3709.1592500000224,-7545.27460000003
2024-04-03T13:22:47.000000,-3825.2646500000087,-3709.1592500000224,-7534.42390000003
2024-04-03T13:23:17.000000,-3825.2646500000087,-3674.487350000022,-7499.7520000000295
2024-04-03T13:27:27.000000,-3825.2646500000087,-3738.2237500000224,-7563.488400000029
2024-04-03T13:27:37.000000,-3825.2646500000087,-3801.9601500000226,-7627.224800000029
2024-04-03T13:28:22.000000,-3825.2646500000087,-3837.703550000022,-7662.968200000028
2024-04-03T13:29:32.000000,-3825.2646500000087,-3873.4581500000227,-7698.722800000029
2024-04-03T13:30:37.000000,-3825.2646500000087,-3867.228850000022,-7692.493500000028
2024-04-03T13:31:02.000000,-3825.2646500000087,-3925.8661000000207,-7751.130750000027
2024-04-03T13:31:27.000000,-3825.2646500000087,-3947.6298000000215,-7772.894450000028
2024-04-03T13:31:32.000000,-3825.2646500000087,-3969.3935000000224,-7794.658150000029
2024-04-03T13:34:27.000000,-3825.2646500000087,-3976.5887000000225,-7801.853350000029
2024-04-03T13:34:32.000000,-3825.2646500000087,-3971.7821000000226,-7797.0467500000295
2024-04-03T13:34:57.000000,-3825.2646500000087,-3966.980300000023,-7792.244950000029
2024-04-03T13:36:07.000000,-3825.2646500000087,-3988.7328000000225,-7813.997450000029
2024-04-03T13:36:22.000000,-3825.2646500000087,-3996.4944000000223,-7821.759050000029
2024-04-03T13:37:32.000000,-3825.2646500000087,-4091.4292000000232,-7916.69385000003
2024-04-03T13:38:07.000000,-3825.2646500000087,-4035.648550000023,-7860.913200000029
2024-04-03T13:38:07.000000,-3825.2646500000087,-4043.617350000023,-7868.882000000029
2024-04-03T13:38:12.000000,-3825.2646500000087,-3990.8371500000235,-7816.101800000029
2024-04-03T13:38:17.000000,-3825.2646500000087,-3935.058900000024,-7760.323550000029
2024-04-03T13:38:22.000000,-3825.2646500000087,-3893.8523500000238,-7719.117000000029
2024-04-03T13:38:27.000000,-3825.2646500000087,-3838.0765000000233,-7663.341150000029
2024-04-03T13:38:27.000000,-3825.2646500000087,-3803.865400000023,-7629.130050000029
2024-04-03T13:38:32.000000,-3825.2646500000087,-3769.6543000000224,-7594.918950000028
2024-04-03T13:38:32.000000,-3825.2646500000087,-3828.580500000022,-7653.845150000028
2024-04-03T13:38:37.000000,-3825.2646500000087,-3794.3694000000214,-7619.634050000028
2024-04-03T13:38:42.000000,-3825.2646500000087,-3760.158300000021,-7585.422950000027
2024-04-03T13:38:47.000000,-3825.2646500000087,-3725.9472000000205,-7551.211850000027
2024-04-03T13:38:52.000000,-3825.2646500000087,-3670.7441500000205,-7496.008800000027
2024-04-03T13:39:02.000000,-3825.2646500000087,-3622.5421500000202,-7447.806800000027
2024-04-03T13:39:07.000000,-3825.2646500000087,-3563.7706500000204,-7389.035300000027
2024-04-03T13:39:07.000000,-3825.2646500000087,-3515.56865000002,-7340.833300000027
2024-04-03T13:39:17.000000,-3825.2646500000087,-3456.7995500000193,-7282.064200000026
2024-04-03T13:39:17.000000,-3825.2646500000087,-3394.6010500000184,-7219.865700000025
2024-04-03T13:39:22.000000,-3825.2646500000087,-3341.8280500000174,-7167.092700000024
2024-04-03T13:39:22.000000,-3825.2646500000087,-3286.6250000000173,-7111.889650000024
2024-04-03T13:39:22.000000,-3825.2646500000087,-3341.5986000000175,-7166.863250000024
2024-04-03T13:39:22.000000,-3825.2646500000087,-3307.3651000000173,-7132.629750000024
2024-04-03T13:39:27.000000,-3825.2646500000087,-3254.592100000016,-7079.856750000023
2024-04-03T13:39:27.000000,-3825.2646500000087,-3206.384500000016,-7031.649150000023
2024-04-03T13:39:32.000000,-3825.2646500000087,-3214.0685000000162,-7039.333150000023
2024-04-03T13:39:37.000000,-3825.2646500000087,-3164.2959500000156,-6989.5606000000225
2024-04-03T13:39:37.000000,-3825.2646500000087,-3114.523400000015,-6939.788050000022
2024-04-03T13:39:37.000000,-3825.2646500000087,-3153.4914000000144,-6978.756050000021
2024-04-03T13:39:42.000000,-3825.2646500000087,-3161.1754000000146,-6986.440050000021
2024-04-03T13:39:42.000000,-3825.2646500000087,-3157.8649500000147,-6983.129600000021
2024-04-03T13:39:47.000000,-3825.2646500000087,-3165.548950000015,-6990.813600000021
2024-04-03T13:39:52.000000,-3825.2646500000087,-3173.232950000015,-6998.4976000000215
2024-04-03T13:40:57.000000,-3825.2646500000087,-3195.220650000016,-7020.485300000022
2024-04-03T13:46:02.000000,-3825.2646500000087,-3287.9038000000173,-7113.168450000023
2024-04-03T13:48:42.000000,-3825.2646500000087,-3363.5980000000172,-7188.862650000023
2024-04-03T13:49:02.000000,-3825.2646500000087,-3422.289650000016,-7247.554300000022
2024-04-03T13:49:22.000000,-3825.2646500000087,-3497.983850000016,-7323.2485000000215
2024-04-03T13:50:12.000000,-3825.2646500000087,-3522.6976000000154,-7347.962250000021
2024-04-03T13:50:22.000000,-3825.2646500000087,-3547.411350000015,-7372.676000000021
2024-04-03T13:50:32.000000,-3825.2646500000087,-3572.1251000000143,-7397.389750000021
2024-04-03T13:50:47.000000,-3825.2646500000087,-3579.8499000000143,-7405.114550000021
2024-04-03T13:50:57.000000,-3825.2646500000087,-3587.574700000014,-7412.839350000021
2024-04-03T13:51:02.000000,-3825.2646500000087,-3595.299500000014,-7420.564150000021
2024-04-03T13:51:07.000000,-3825.2646500000087,-3603.024300000014,-7428.288950000021
2024-04-03T13:51:12.000000,-3825.2646500000087,-3627.751650000015,-7453.016300000022
2024-04-03T13:51:17.000000,-3825.2646500000087,-3652.479000000016,-7477.743650000023
2024-04-03T13:51:27.000000,-3825.2646500000087,-3677.206350000017,-7502.471000000024
2024-04-03T13:51:32.000000,-3825.2646500000087,-3701.9337000000182,-7527.198350000025
2024-04-03T13:51:37.000000,-3825.2646500000087,-3726.6610500000193,-7551.925700000026
2024-04-03T13:51:42.000000,-3825.2646500000087,-3751.3884000000203,-7576.653050000027
2024-04-03T13:51:47.000000,-3825.2646500000087,-3776.1157500000213,-7601.380400000028
2024-04-03T13:51:52.000000,-3825.2646500000087,-3800.8431000000223,-7626.107750000029
2024-04-03T13:51:57.000000,-3825.2646500000087,-3825.5704500000234,-7650.83510000003
2024-04-03T13:52:02.000000,-3825.2646500000087,-3850.2978000000244,-7675.562450000031
2024-04-03T13:52:07.000000,-3825.2646500000087,-3858.0362000000246,-7683.3008500000315
2024-04-03T13:52:12.000000,-3825.2646500000087,-3865.7746000000247,-7691.039250000032
2024-04-03T13:52:17.000000,-3825.2646500000087,-3873.513000000025,-7698.777650000032
2024-04-03T13:52:22.000000,-3825.2646500000087,-3881.251400000025,-7706.516050000032
2024-04-03T13:52:27.000000,-3825.2646500000087,-3888.9898000000253,-7714.254450000032
2024-04-03T13:52:32.000000,-3825.2646500000087,-3913.7171500000263,-7738.981800000033
2024-04-03T13:52:37.000000,-3825.2646500000087,-3938.4445000000273,-7763.709150000034
2024-04-03T13:52:42.000000,-3825.2646500000087,-3980.174400000028,-7805.439050000035
2024-04-03T13:52:47.000000,-3825.2646500000087,-4021.904300000029,-7847.168950000037
2024-04-03T13:52:52.000000,-3825.2646500000087,-4080.636750000029,-7905.901400000037
2024-04-03T13:52:57.000000,-3825.2646500000087,-4139.36920000003,-7964.6338500000375
2024-04-03T13:53:02.000000,-3825.2646500000087,-4215.10420000003,-8040.368850000037
2024-04-03T13:53:07.000000,-3825.2646500000087,-4290.839200000029,-8116.103850000037
2024-04-03T13:53:12.000000,-3825.2646500000087,-4366.574200000029,-8191.8388500000365
2024-04-03T13:53:17.000000,-3825.2646500000087,-4459.311750000031,-8284.576400000038
2024-04-03T13:53:22.000000,-3825.2646500000087,-4552.049300000032,-8377.31395000004
2024-04-03T13:53:27.000000,-3825.2646500000087,-4644.786850000034,-8470.051500000041
2024-04-03T13:53:32.000000,-3825.2646500000087,-4754.526950000035,-8579.791600000042
2024-04-03T13:53:37.000000,-3825.2646500000087,-4864.267050000036,-8689.531700000043
2024-04-03T13:53:42.000000,-3825.2646500000087,-4957.0046000000375,-8782.269250000045
2024-04-03T13:53:47.000000,-3825.2646500000087,-5049.742150000039,-8875.006800000046
2024-04-03T13:53:52.000000,-3825.2646500000087,-5142.479700000041,-8967.744350000048
2024-04-03T13:54:02.000000,-3825.2646500000087,-5252.219800000042,-9077.484450000049
2024-04-03T13:54:07.000000,-3825.2646500000087,-5378.9488500000425,-9204.213500000049
2024-04-03T13:54:12.000000,-3825.2646500000087,-5488.675350000043,-9313.94000000005
2024-04-03T13:54:17.000000,-3825.2646500000087,-5598.401850000044,-9423.66650000005
2024-04-03T13:54:22.000000,-3825.2646500000087,-5742.133450000044,-9567.398100000051
2024-04-03T13:54:42.000000,-3825.2646500000087,-5868.862500000045,-9694.127150000051
2024-04-03T13:54:52.000000,-3825.2646500000087,-5978.589000000045,-9803.853650000052
2024-04-03T13:54:57.000000,-3825.2646500000087,-6088.315500000046,-9913.580150000053
2024-04-03T13:55:02.000000,-3825.2646500000087,-6198.042000000047,-10023.306650000053
2024-04-03T13:55:07.000000,-3825.2646500000087,-6307.768500000047,-10133.033150000054
2024-04-03T13:55:12.000000,-3825.2646500000087,-6417.495000000048,-10242.759650000055
2024-04-03T13:55:17.000000,-3825.2646500000087,-6527.221500000049,-10352.486150000055
2024-04-03T13:55:22.000000,-3825.2646500000087,-6636.948000000049,-10462.212650000056
2024-04-03T13:55:27.000000,-3825.2646500000087,-6746.67450000005,-10571.939150000057
2024-04-03T13:55:37.000000,-3825.2646500000087,-6856.401000000051,-10681.665650000057
2024-04-03T13:56:07.000000,-3825.2646500000087,-6966.127500000051,-10791.392150000058
2024-04-03T13:56:57.000000,-3825.2646500000087,-7075.867600000052,-10901.132250000059
2024-04-03T13:57:02.000000,-3825.2646500000087,-7185.607700000053,-11010.87235000006
2024-04-03T13:57:07.000000,-3825.2646500000087,-7278.345250000055,-11103.609900000061
2024-04-03T13:57:12.000000,-3825.2646500000087,-7371.0828000000565,-11196.347450000063
2024-04-03T13:57:17.000000,-3825.2646500000087,-7463.820350000058,-11289.085000000065
2024-04-03T13:57:37.000000,-3825.2646500000087,-7556.55790000006,-11381.822550000066
2024-04-03T13:58:32.000000,-3825.2646500000087,-7581.339650000061,-11406.604300000068
2024-04-03T13:58:42.000000,-3825.2646500000087,-7606.13500000006,-11431.399650000069
2024-04-03T13:58:47.000000,-3825.2646500000087,-7647.919300000061,-11473.18395000007
2024-04-03T13:58:57.000000,-3825.2646500000087,-7689.703600000063,-11514.96825000007
2024-04-03T13:59:37.000000,-3825.2646500000087,-7765.5066000000625,-11590.77125000007
2024-04-03T13:59:42.000000,-3825.2646500000087,-7841.309600000062,-11666.57425000007
2024-04-03T13:59:47.000000,-3825.2646500000087,-7934.101550000064,-11759.366200000071
2024-04-03T14:00:02.000000,-3825.2646500000087,-8043.896050000065,-11869.160700000071
2024-04-03T14:00:07.000000,-3825.2646500000087,-8044.816750000065,-11870.081400000072
2024-04-03T14:00:07.000000,-3825.2646500000087,-8137.608700000067,-11962.873350000073
2024-04-03T14:00:22.000000,-3825.2646500000087,-8087.617750000067,-11912.882400000071
2024-04-03T14:00:27.000000,-3825.2646500000087,-8040.6248500000665,-11865.889500000072
2024-04-03T14:00:52.000000,-3825.2646500000087,-8020.638400000066,-11845.903050000072
2024-04-03T14:00:52.000000,-3825.2646500000087,-8000.651950000066,-11825.916600000071
2024-04-03T14:00:52.000000,-3825.2646500000087,-7989.659650000066,-11814.924300000072
2024-04-03T14:00:52.000000,-3825.2646500000087,-7981.665400000067,-11806.930050000072
2024-04-03T14:00:57.000000,-3825.2646500000087,-7979.667250000068,-11804.931900000072
2024-04-03T14:01:17.000000,-3825.2646500000087,-8004.449000000069,-11829.713650000074
2024-04-03T14:01:37.000000,-3825.2646500000087,-7949.25875000007,-11774.523400000076
2024-04-03T14:02:17.000000,-3825.2646500000087,-7974.040500000071,-11799.305150000078
2024-04-03T14:04:12.000000,-3825.2646500000087,-7960.882950000071,-11786.147600000078
2024-04-03T14:04:17.000000,-3825.2646500000087,-7954.720850000072,-11779.985500000079
2024-04-03T14:04:22.000000,-3825.2646500000087,-7941.563300000072,-11766.827950000079
2024-04-03T14:04:22.000000,-3825.2646500000087,-7915.364600000071,-11740.629250000078
2024-04-03T14:04:27.000000,-3825.2646500000087,-7916.203550000071,-11741.468200000078
2024-04-03T14:04:32.000000,-3825.2646500000087,-7931.044600000071,-11756.309250000077
2024-04-03T14:04:37.000000,-3825.2646500000087,-7945.885650000071,-11771.150300000076
2024-04-03T14:05:12.000000,-3825.2646500000087,-7974.728800000072,-11799.993450000076
2024-04-03T14:05:17.000000,-3825.2646500000087,-7948.557300000072,-11773.821950000078
2024-04-03T14:05:22.000000,-3825.2646500000087,-7939.374750000073,-11764.639400000078
2024-04-03T14:05:27.000000,-3825.2646500000087,-7947.181150000073,-11772.445800000078
2024-04-03T14:05:47.000000,-3825.2646500000087,-7983.019750000074,-11808.284400000079
2024-04-03T14:05:47.000000,-3825.2646500000087,-7973.823600000074,-11799.088250000079
2024-04-03T14:06:07.000000,-3825.2646500000087,-7981.6164000000745,-11806.881050000078
2024-04-03T14:06:17.000000,-3825.2646500000087,-7989.395600000074,-11814.660250000079
2024-04-03T14:06:27.000000,-3825.2646500000087,-7997.174800000074,-11822.43945000008
2024-04-03T14:06:32.000000,-3825.2646500000087,-8040.003250000073,-11865.267900000079
2024-04-03T14:06:32.000000,-3825.2646500000087,-8047.782450000073,-11873.04710000008
2024-04-03T14:06:37.000000,-3825.2646500000087,-8055.561650000073,-11880.82630000008
2024-04-03T14:07:07.000000,-3825.2646500000087,-8063.340850000073,-11888.605500000082
2024-04-03T14:07:12.000000,-3825.2646500000087,-8037.128550000072,-11862.39320000008
2024-04-03T14:07:32.000000,-3825.2646500000087,-8061.896700000072,-11887.16135000008
2024-04-03T14:07:47.000000,-3825.2646500000087,-8086.664850000072,-11911.92950000008
2024-04-03T14:08:47.000000,-3825.2646500000087,-8122.486650000072,-11947.75130000008
2024-04-03T14:08:52.000000,-3825.2646500000087,-8158.308450000071,-11983.57310000008
2024-04-03T14:09:17.000000,-3825.2646500000087,-8166.087650000071,-11991.35230000008
2024-04-03T14:09:42.000000,-3825.2646500000087,-8159.925550000072,-11985.190200000081
2024-04-03T14:10:02.000000,-3825.2646500000087,-8139.772550000072,-11965.03720000008
2024-04-03T14:10:02.000000,-3825.2646500000087,-8130.562800000072,-11955.827450000079
2024-04-03T14:10:12.000000,-3825.2646500000087,-8117.405250000072,-11942.669900000079
2024-04-03T14:10:17.000000,-3825.2646500000087,-8097.252250000072,-11922.516900000079
2024-04-03T14:10:22.000000,-3825.2646500000087,-8084.094700000072,-11909.359350000079
2024-04-03T14:10:27.000000,-3825.2646500000087,-8070.9371500000725,-11896.201800000079
2024-04-03T14:10:37.000000,-3825.2646500000087,-8050.784150000073,-11876.048800000079
2024-04-03T14:10:37.000000,-3825.2646500000087,-8024.571850000072,-11849.836500000078
2024-04-03T14:10:47.000000,-3825.2646500000087,-7997.417800000073,-11822.682450000078
2024-04-03T14:10:47.000000,-3825.2646500000087,-7971.205500000072,-11796.470150000077
2024-04-03T14:10:52.000000,-3825.2646500000087,-7944.051450000073,-11769.316100000078
2024-04-03T14:10:57.000000,-3825.2646500000087,-7934.828100000073,-11760.092750000078
2024-04-03T14:11:02.000000,-3825.2646500000087,-7925.604750000074,-11750.869400000078
2024-04-03T14:11:12.000000,-3825.2646500000087,-7877.447550000074,-11702.712200000078
2024-04-03T14:11:17.000000,-3825.2646500000087,-7868.210600000075,-11693.475250000078
2024-04-03T14:11:37.000000,-3825.2646500000087,-7820.047800000075,-11645.312450000078
2024-04-03T14:11:42.000000,-3825.2646500000087,-7793.808300000075,-11619.072950000078
2024-04-03T14:11:47.000000,-3825.2646500000087,-7767.5688000000755,-11592.833450000078
2024-04-03T14:12:02.000000,-3825.2646500000087,-7712.399350000075,-11537.664000000079
2024-04-03T14:12:17.000000,-3825.2646500000087,-7650.234450000075,-11475.49910000008
2024-04-03T14:12:57.000000,-3825.2646500000087,-7609.067100000075,-11434.33175000008
2024-04-03T14:13:02.000000,-3825.2646500000087,-7574.900800000074,-11400.165450000079
2024-04-03T14:20:07.000000,-3825.2646500000087,-7547.141950000075,-11372.406600000078
2024-04-03T14:20:27.000000,-3825.2646500000087,-7519.3831000000755,-11344.64775000008
2024-04-03T14:22:32.000000,-3825.2646500000087,-7538.565700000076,-11363.83035000008
2024-04-03T14:22:47.000000,-3825.2646500000087,-7557.748300000076,-11383.01295000008
2024-04-03T14:22:52.000000,-3825.2646500000087,-7588.923100000076,-11414.187750000081
2024-04-03T14:22:57.000000,-3825.2646500000087,-7614.101800000076,-11439.366450000081
2024-04-03T14:26:32.000000,-3825.2646500000087,-7645.295800000075,-11470.56045000008
2024-04-03T14:26:37.000000,-3825.2646500000087,-7676.489800000075,-11501.75445000008
2024-04-03T14:26:47.000000,-3825.2646500000087,-7719.680800000076,-11544.945450000081
2024-04-03T14:27:02.000000,-3825.2646500000087,-7780.874500000075,-11606.139150000081
2024-04-03T14:28:12.000000,-3825.2646500000087,-7774.522000000075,-11599.786650000082
2024-04-03T14:28:12.000000,-3825.2646500000087,-7799.276550000075,-11624.541200000082
2024-04-03T14:28:22.000000,-3825.2646500000087,-7841.020050000075,-11666.28470000008
2024-04-03T14:28:27.000000,-3825.2646500000087,-7882.763550000074,-11708.028200000079
2024-04-03T14:28:32.000000,-3825.2646500000087,-7924.507050000074,-11749.771700000078
2024-04-03T14:28:42.000000,-3825.2646500000087,-7918.154550000074,-11743.419200000078
2024-04-03T14:29:02.000000,-3825.2646500000087,-7959.898050000073,-11785.162700000077
2024-04-03T14:29:07.000000,-3825.2646500000087,-8001.641550000073,-11826.906200000076
2024-04-03T14:31:32.000000,-3825.2646500000087,-8009.609550000073,-11834.874200000077
2024-04-03T14:32:12.000000,-3825.2646500000087,-8017.347950000073,-11842.612600000077
2024-04-03T14:32:32.000000,-3825.2646500000087,-7976.555150000073,-11801.819800000078
2024-04-03T14:32:37.000000,-3825.2646500000087,-7941.758450000074,-11767.023100000079
2024-04-03T14:34:27.000000,-3825.2646500000087,-7948.216050000074,-11773.480700000078
2024-04-03T14:35:57.000000,-3825.2646500000087,-7921.086800000074,-11746.351450000078
2024-04-03T14:36:27.000000,-3825.2646500000087,-7919.552800000074,-11744.817450000079
2024-04-03T14:36:37.000000,-3825.2646500000087,-7918.015600000074,-11743.280250000078
2024-04-03T14:36:47.000000,-3825.2646500000087,-7920.479000000075,-11745.743650000079
2024-04-03T14:36:57.000000,-3818.822550000009,-7920.479000000075,-11739.301550000078
2024-04-03T14:37:02.000000,-3798.3783500000095,-7920.479000000075,-11718.857350000078
2024-04-03T14:37:12.000000,-3791.9362500000097,-7920.479000000075,-11712.415250000078
2024-04-03T14:38:07.000000,-3781.33035000001,-7920.479000000075,-11701.809350000078
2024-04-03T14:38:12.000000,-3770.7244500000106,-7920.479000000075,-11691.203450000077
2024-04-03T14:38:17.000000,-3760.118550000011,-7920.479000000075,-11680.597550000077
2024-04-03T14:38:22.000000,-3749.5078500000113,-7920.479000000075,-11669.986850000078
2024-04-03T14:38:27.000000,-3744.8932500000114,-7920.479000000075,-11665.372250000079
2024-04-03T14:38:32.000000,-3740.2786500000116,-7920.479000000075,-11660.75765000008
2024-04-03T14:38:37.000000,-3735.6640500000117,-7920.479000000075,-11656.14305000008
2024-04-03T14:38:42.000000,-3725.048550000011,-7920.479000000075,-11645.52755000008
2024-04-03T14:38:47.000000,-3714.43305000001,-7920.479000000075,-11634.91205000008
2024-04-03T14:38:57.000000,-3703.8127500000096,-7920.479000000075,-11624.29175000008
2024-04-03T14:39:02.000000,-3693.192450000009,-7920.479000000075,-11613.67145000008
2024-04-03T14:39:07.000000,-3676.5760500000088,-7920.479000000075,-11597.055050000079
2024-04-03T14:39:12.000000,-3671.956650000008,-7920.479000000075,-11592.435650000078
2024-04-03T14:39:17.000000,-3667.342050000008,-7920.479000000075,-11587.821050000079
2024-04-03T14:39:22.000000,-3662.727450000008,-7920.479000000075,-11583.20645000008
2024-04-03T14:39:27.000000,-3658.112850000008,-7920.479000000075,-11578.59185000008
2024-04-03T14:39:32.000000,-3653.4982500000083,-7920.479000000075,-11573.977250000082
2024-04-03T14:39:37.000000,-3654.8845500000084,-7920.479000000075,-11575.363550000082
2024-04-03T14:39:42.000000,-3656.2708500000085,-7920.479000000075,-11576.749850000082
2024-04-03T14:40:52.000000,-3656.2708500000085,-7956.0544000000755,-11612.325250000084
2024-04-03T14:41:02.000000,-3656.2708500000085,-7997.797900000075,-11654.068750000082
2024-04-03T14:43:17.000000,-3656.2708500000085,-8016.4907500000745,-11672.761600000082
2024-04-03T14:44:07.000000,-3656.2708500000085,-8024.173150000074,-11680.444000000081
2024-04-03T14:45:02.000000,-3656.2708500000085,-8017.753450000073,-11674.024300000081
2024-04-03T14:45:02.000000,-3656.2708500000085,-8059.510550000072,-11715.78140000008
2024-04-03T14:45:02.000000,-3656.2708500000085,-8122.166000000073,-11778.43685000008
2024-04-03T14:45:22.000000,-3656.2708500000085,-8075.086700000073,-11731.35755000008
2024-04-03T14:45:22.000000,-3656.2708500000085,-8031.005450000073,-11687.276300000081
2024-04-03T14:45:22.000000,-3656.2708500000085,-8004.912500000073,-11661.183350000081
2024-04-03T14:59:55.000000,-3656.2708500000085,-8108.014900000073,-11764.285750000081
2024-04-08T09:50:27.000000,-3723.047850000008,-8108.014900000073,-11831.062750000081
2024-04-08T09:51:07.000000,-3721.8498500000082,-8108.014900000073,-11829.86475000008
2024-04-08T09:51:07.000000,-3724.652450000008,-8108.014900000073,-11832.66735000008
2024-04-08T09:51:07.000000,-3727.4550500000073,-8108.014900000073,-11835.469950000079
2024-04-08T09:51:07.000000,-3738.2588500000065,-8108.014900000073,-11846.273750000079
2024-04-08T09:51:12.000000,-3765.0554500000067,-8108.014900000073,-11873.070350000078
2024-04-08T09:51:12.000000,-3742.7669500000075,-8108.014900000073,-11850.78185000008
2024-04-08T09:51:17.000000,-3774.629750000007,-8108.014900000073,-11882.644650000078
2024-04-08T09:51:32.000000,-3801.426350000007,-8108.014900000073,-11909.441250000078
2024-04-08T09:51:47.000000,-3816.224350000007,-8108.014900000073,-11924.239250000079
2024-04-08T09:52:17.000000,-3819.0269500000063,-8108.014900000073,-11927.041850000078
2024-04-08T09:52:17.000000,-3819.0269500000063,-7970.895700000073,-11789.922650000079
2024-04-08T09:52:17.000000,-3819.0269500000063,-7837.773900000074,-11656.80085000008
2024-04-08T09:52:52.000000,-3819.0269500000063,-7735.461400000073,-11554.488350000078
2024-04-08T09:53:07.000000,-3825.8269500000065,-7735.461400000073,-11561.288350000077
2024-04-08T09:53:22.000000,-3757.732350000006,-7735.461400000073,-11493.193750000077
2024-04-08T09:53:32.000000,-3757.732350000006,-7570.341200000073,-11328.073550000077
2024-04-08T09:53:32.000000,-3757.732350000006,-7405.221000000072,-11162.953350000078
2024-04-08T09:53:32.000000,-3757.732350000006,-7240.100800000072,-10997.833150000079
2024-04-08T09:53:32.000000,-3757.732350000006,-7086.972800000072,-10844.70515000008
2024-04-08T09:53:32.000000,-3721.6297500000064,-7086.972800000072,-10808.60255000008
2024-04-08T09:53:32.000000,-3669.524750000007,-7086.972800000072,-10756.49755000008
2024-04-08T09:53:42.000000,-3669.524750000007,-6986.588600000073,-10656.11335000008
2024-04-08T09:53:57.000000,-3669.524750000007,-6775.139750000073,-10444.664500000079
2024-04-08T09:54:02.000000,-3669.524750000007,-6686.312550000072,-10355.837300000077
2024-04-08T09:54:07.000000,-3669.524750000007,-6621.476150000072,-10291.000900000077
2024-04-08T09:54:17.000000,-3669.524750000007,-6529.185150000073,-10198.709900000078
2024-04-08T09:54:22.000000,-3576.786550000007,-6529.185150000073,-10105.971700000078
2024-04-08T09:54:37.000000,-3575.5629500000073,-6529.185150000073,-10104.748100000079
2024-04-08T09:54:47.000000,-3582.340550000007,-6529.185150000073,-10111.525700000078
2024-04-08T09:54:52.000000,-3593.1155500000064,-6529.185150000073,-10122.300700000078
2024-04-08T09:54:52.000000,-3568.509150000006,-6529.185150000073,-10097.694300000077
2024-04-08T09:54:57.000000,-3571.2829500000053,-6529.185150000073,-10100.468100000076
2024-04-08T09:54:57.000000,-3585.103050000006,-6529.185150000073,-10114.288200000077
2024-04-08T09:54:57.000000,-3560.509450000007,-6529.185150000073,-10089.694600000077
2024-04-08T09:55:07.000000,-3563.2832500000063,-6529.185150000073,-10092.468400000076
2024-04-08T09:55:07.000000,-3505.025500000007,-6529.185150000073,-10034.210650000077
2024-04-08T09:55:12.000000,-3512.411100000007,-6529.185150000073,-10041.596250000077
2024-04-08T09:55:12.000000,-3439.155100000007,-6529.185150000073,-9968.340250000078
2024-04-08T09:55:17.000000,-3446.5407000000073,-6529.185150000073,-9975.725850000077
2024-04-08T09:55:22.000000,-3445.9315000000074,-6529.185150000073,-9975.116650000078
2024-04-08T09:55:22.000000,-3357.681250000007,-6529.185150000073,-9886.866400000077
2024-04-08T09:55:32.000000,-3357.0784500000073,-6529.185150000073,-9886.263600000077
2024-04-08T09:55:37.000000,-3258.830700000007,-6529.185150000073,-9788.015850000076
2024-04-08T09:55:42.000000,-3257.616700000007,-6529.185150000073,-9786.801850000076
2024-04-08T09:55:42.000000,-3149.3714500000065,-6529.185150000073,-9678.556600000076
2024-04-08T09:55:47.000000,-3101.2792000000068,-6529.185150000073,-9630.464350000077
2024-04-08T09:55:52.000000,-2978.035700000006,-6529.185150000073,-9507.220850000076
2024-04-08T09:55:57.000000,-2977.432900000006,-6529.185150000073,-9506.618050000076
2024-04-08T09:56:02.000000,-2984.831300000006,-6529.185150000073,-9514.016450000076
2024-04-08T09:56:22.000000,-2985.5120000000065,-6529.185150000073,-9514.697150000076
2024-04-08T09:56:32.000000,-2986.1831000000066,-6529.185150000073,-9515.368250000076
2024-04-08T09:56:42.000000,-2965.8678500000065,-6529.185150000073,-9495.053000000076
2024-04-08T09:57:02.000000,-2965.8678500000065,-6436.024550000073,-9401.892400000077
2024-04-08T09:57:17.000000,-2965.8678500000065,-6299.498150000073,-9265.366000000076
2024-04-08T09:57:27.000000,-2988.8261000000075,-6299.498150000073,-9288.324250000078
2024-04-08T10:00:02.000000,-2991.609500000008,-6299.498150000073,-9291.107650000078
2024-04-08T10:00:22.000000,-2991.609500000008,-6291.926300000073,-9283.535800000078
2024-04-08T10:00:22.000000,-2991.609500000008,-6308.338850000073,-9299.948350000079
2024-04-08T10:00:32.000000,-2991.609500000008,-6303.925850000073,-9295.535350000078
2024-04-08T10:00:37.000000,-2991.609500000008,-6305.508950000073,-9297.118450000078
2024-04-08T10:00:42.000000,-2991.609500000008,-6313.088150000073,-9304.697650000078
2024-04-08T10:01:52.000000,-2846.1339000000085,-6313.088150000073,-9159.222050000079
2024-04-08T10:05:22.000000,-2846.1339000000085,-6350.5806500000745,-9196.714550000079
2024-04-08T10:05:27.000000,-2858.818800000008,-6350.5806500000745,-9209.399450000079
2024-04-08T10:05:32.000000,-2829.826200000009,-6350.5806500000745,-9180.40685000008
2024-04-08T10:06:12.000000,-2829.826200000009,-6537.764450000075,-9367.59065000008
2024-04-08T10:06:57.000000,-2829.826200000009,-6646.970150000075,-9476.79635000008
2024-04-08T10:07:02.000000,-2829.826200000009,-6621.347600000075,-9451.17380000008
2024-04-08T10:07:12.000000,-2888.5252000000087,-6621.347600000075,-9509.87280000008
2024-04-08T10:07:47.000000,-2919.2264000000096,-6621.347600000075,-9540.57400000008
2024-04-08T10:07:52.000000,-2945.9270000000097,-6621.347600000075,-9567.27460000008
2024-04-08T10:07:57.000000,-2976.6282000000106,-6621.347600000075,-9597.975800000082
2024-04-08T10:08:02.000000,-2999.3282000000104,-6621.347600000075,-9620.675800000081
2024-04-08T10:08:07.000000,-3046.0222000000094,-6621.347600000075,-9667.36980000008
2024-04-08T10:08:12.000000,-3092.7162000000085,-6621.347600000075,-9714.06380000008
2024-04-08T10:08:17.000000,-3142.2377000000088,-6621.347600000075,-9763.58530000008
2024-04-08T10:08:17.000000,-3192.9291000000085,-6621.347600000075,-9814.27670000008
2024-04-08T10:08:22.000000,-3239.6231000000075,-6621.347600000075,-9860.97070000008
2024-04-08T10:08:27.000000,-3306.3137000000083,-6621.347600000075,-9927.661300000082
2024-04-08T10:09:17.000000,-3306.3137000000083,-6478.688300000074,-9785.002000000082
2024-04-08T10:09:27.000000,-3306.3137000000083,-6300.047600000074,-9606.361300000082
2024-04-08T10:09:32.000000,-3306.3137000000083,-6115.410800000074,-9421.724500000082
2024-04-08T10:09:37.000000,-3306.3137000000083,-5960.754500000075,-9267.068200000082
2024-04-08T10:09:42.000000,-3306.3137000000083,-5800.102100000075,-9106.415800000083
2024-04-08T10:09:52.000000,-3306.3137000000083,-5681.432000000074,-8987.745700000081
2024-04-08T10:09:57.000000,-3306.3137000000083,-5574.7589000000735,-8881.072600000081
2024-04-08T10:10:02.000000,-3306.3137000000083,-5504.081600000073,-8810.39530000008
2024-04-08T10:10:27.000000,-3306.3137000000083,-5511.7616000000735,-8818.07530000008
2024-04-08T10:10:42.000000,-3229.059500000008,-5511.7616000000735,-8740.82110000008
2024-04-08T10:10:47.000000,-3151.8053000000077,-5511.7616000000735,-8663.566900000078
2024-04-08T10:10:57.000000,-3074.554300000009,-5511.7616000000735,-8586.31590000008
2024-04-08T10:11:02.000000,-3074.554300000009,-5555.063000000073,-8629.617300000078
2024-04-08T10:11:02.000000,-2985.307900000008,-5555.063000000073,-8540.370900000078
2024-04-08T10:11:07.000000,-2896.058300000009,-5555.063000000073,-8451.121300000079
2024-04-08T10:11:12.000000,-2814.806700000009,-5555.063000000073,-8369.86970000008
2024-04-08T10:11:17.000000,-2814.806700000009,-5604.365300000072,-8419.172000000079
2024-04-08T10:11:17.000000,-2733.5583000000097,-5604.365300000072,-8337.923600000078
2024-04-08T10:11:22.000000,-2733.5583000000097,-5671.665500000073,-8405.22380000008
2024-04-08T10:11:22.000000,-2640.3177000000096,-5671.665500000073,-8311.98320000008
2024-04-08T10:11:27.000000,-2640.3177000000096,-5744.966600000073,-8385.284300000081
2024-04-08T10:11:32.000000,-2640.3177000000096,-5878.238300000074,-8518.556000000082
2024-04-08T10:11:42.000000,-2539.07910000001,-5878.238300000074,-8417.317400000082
2024-04-08T10:12:02.000000,-2498.5743000000098,-5878.238300000074,-8376.812600000081
2024-04-08T10:12:07.000000,-2458.0695000000096,-5878.238300000074,-8336.30780000008
2024-04-08T10:12:12.000000,-2356.8373000000097,-5878.238300000074,-8235.07560000008
2024-04-08T10:13:07.000000,-2348.5070500000093,-5878.238300000074,-8226.74535000008
2024-04-08T10:13:32.000000,-2348.5070500000093,-5897.528900000073,-8246.03595000008
2024-04-08T10:13:42.000000,-2348.5070500000093,-5916.821900000074,-8265.328950000081
2024-04-08T10:14:07.000000,-2235.295450000009,-5916.821900000074,-8152.1173500000805
2024-04-08T10:14:17.000000,-2169.9782500000097,-5916.821900000074,-8086.800150000081
2024-04-08T10:14:22.000000,-2121.5298500000094,-5916.821900000074,-8038.351750000081
2024-04-08T10:14:27.000000,-2073.081450000009,-5916.821900000074,-7989.9033500000805
2024-04-08T10:14:32.000000,-2024.6330500000092,-5916.821900000074,-7941.45495000008
2024-04-08T10:14:37.000000,-1976.1846500000092,-5916.821900000074,-7893.00655000008
2024-04-08T10:17:07.000000,-1976.1846500000092,-5948.188700000074,-7924.373350000081
2024-04-08T10:17:22.000000,-1976.1846500000092,-5980.904450000075,-7957.089100000081
2024-04-08T10:17:37.000000,-1976.1846500000092,-5963.636700000075,-7939.821350000081
2024-04-08T10:17:42.000000,-1976.1846500000092,-5961.355200000075,-7937.539850000081
2024-04-08T10:17:47.000000,-1976.1846500000092,-5944.079450000074,-7920.26410000008
2024-04-08T10:17:52.000000,-1976.1846500000092,-5921.802950000075,-7897.987600000081
2024-04-08T10:18:02.000000,-1976.1846500000092,-5904.523200000076,-7880.7078500000825
2024-04-08T10:18:07.000000,-1976.1846500000092,-5892.2442000000765,-7868.428850000083
2024-04-08T10:18:17.000000,-1976.1846500000092,-5864.970950000076,-7841.155600000083
2024-04-08T10:18:22.000000,-1976.1846500000092,-5847.695200000076,-7823.879850000082
2024-04-08T10:18:27.000000,-1976.1846500000092,-5830.419450000075,-7806.604100000081
2024-04-08T10:18:37.000000,-1976.1846500000092,-5833.142700000076,-7809.327350000082
2024-04-08T10:18:47.000000,-1976.1846500000092,-5820.867700000076,-7797.052350000083
2024-04-08T10:18:52.000000,-1976.1846500000092,-5813.589450000078,-7789.774100000084
2024-04-08T10:19:17.000000,-1976.1846500000092,-5790.880950000077,-7767.065600000084
2024-04-08T10:19:22.000000,-1976.1846500000092,-5786.170350000078,-7762.355000000084
2024-04-08T10:21:57.000000,-1976.1846500000092,-5825.919150000078,-7802.103800000084
2024-04-08T10:22:02.000000,-1976.1846500000092,-5865.667950000078,-7841.852600000085
2024-04-08T10:22:47.000000,-1976.1846500000092,-5873.424750000078,-7849.609400000085
2024-04-08T10:23:52.000000,-1976.1846500000092,-5908.379350000078,-7884.564000000085
2024-04-08T10:24:07.000000,-1976.1846500000092,-5939.3429500000775,-7915.527600000084
2024-04-08T10:24:17.000000,-1976.1846500000092,-5966.305950000078,-7942.490600000085
2024-04-08T10:24:22.000000,-1976.1846500000092,-5993.272150000077,-7969.456800000084
2024-04-08T10:24:27.000000,-1976.1846500000092,-6012.240350000077,-7988.425000000084
2024-04-08T10:24:32.000000,-1976.1846500000092,-6031.208550000078,-8007.393200000084
2024-04-08T10:24:42.000000,-1976.1846500000092,-5912.624850000078,-7888.809500000085
2024-04-08T10:24:42.000000,-1976.1846500000092,-5920.5592500000785,-7896.743900000085
2024-04-08T10:24:42.000000,-1976.1846500000092,-5939.524250000078,-7915.708900000084
2024-04-08T10:24:52.000000,-1976.1846500000092,-5946.484250000078,-7922.668900000084
2024-04-08T10:25:07.000000,-1976.1846500000092,-5938.238650000077,-7914.423300000083
2024-04-08T10:26:47.000000,-1976.1846500000092,-5875.968150000076,-7852.152800000083
2024-04-08T10:29:22.000000,-1976.1846500000092,-5817.292650000076,-7793.477300000082
2024-04-08T10:29:22.000000,-1976.1846500000092,-5834.998150000076,-7811.182800000082
2024-04-08T10:30:17.000000,-1976.1846500000092,-5802.3361500000765,-7778.520800000083
2024-04-08T10:31:17.000000,-1976.1846500000092,-5794.052150000077,-7770.236800000083
2024-04-08T10:31:27.000000,-1976.1846500000092,-5785.768150000077,-7761.952800000084
2024-04-08T10:31:32.000000,-1976.1846500000092,-5777.4841500000775,-7753.668800000084
2024-04-08T10:31:42.000000,-1976.1846500000092,-5785.189750000078,-7761.374400000084
2024-04-08T10:32:17.000000,-1976.1846500000092,-5808.884950000079,-7785.069600000085
2024-04-08T10:34:02.000000,-1923.6324500000094,-5808.884950000079,-7732.517400000085
2024-04-08T10:39:27.000000,-1923.6324500000094,-5763.801950000079,-7687.434400000086
2024-04-08T10:41:07.000000,-1966.8666500000097,-5763.801950000079,-7730.6686000000855
2024-04-08T10:41:12.000000,-2016.0969500000099,-5763.801950000079,-7779.898900000086
2024-04-08T10:42:27.000000,-2016.0969500000099,-5681.520450000079,-7697.617400000086
2024-04-08T10:42:32.000000,-2016.0969500000099,-5604.239700000078,-7620.336650000085
2024-04-08T10:43:02.000000,-2016.0969500000099,-5562.551550000078,-7578.648500000085
2024-04-08T10:43:07.000000,-2016.0969500000099,-5527.858850000078,-7543.955800000084
2024-04-08T10:43:42.000000,-2016.0969500000099,-5400.578600000078,-7416.6755500000845
2024-04-08T10:43:42.000000,-2016.0969500000099,-5273.298350000078,-7289.395300000085
2024-04-08T10:43:42.000000,-2016.0969500000099,-5146.018100000078,-7162.115050000085
2024-04-08T10:44:07.000000,-2016.0969500000099,-5003.743600000078,-7019.8405500000845
2024-04-08T10:44:12.000000,-2016.0969500000099,-4861.461100000078,-6877.558050000084
2024-04-08T10:45:42.000000,-2016.0969500000099,-4739.161600000077,-6755.258550000083
2024-04-08T10:46:32.000000,-2047.2957500000105,-4739.161600000077,-6786.457350000083
2024-04-08T10:46:47.000000,-2066.49755000001,-4739.161600000077,-6805.659150000083
2024-04-08T10:46:52.000000,-2109.69815000001,-4739.161600000077,-6848.859750000083
2024-04-08T10:47:27.000000,-2122.87505000001,-4739.161600000077,-6862.036650000083
2024-04-08T10:47:37.000000,-2148.0873500000107,-4739.161600000077,-6887.248950000084
2024-04-08T10:47:42.000000,-2173.2948500000116,-4739.161600000077,-6912.456450000084
2024-04-08T10:47:47.000000,-2198.5023500000125,-4739.161600000077,-6937.663950000085
2024-04-08T10:49:47.000000,-2115.7368500000134,-4739.161600000077,-6854.898450000085
2024-04-08T10:50:22.000000,-2014.9590500000136,-4739.161600000077,-6754.120650000085
2024-04-08T10:50:27.000000,-1902.179450000014,-4739.161600000077,-6641.3410500000855
2024-04-08T10:50:32.000000,-1783.3989500000146,-4739.161600000077,-6522.560550000086
2024-04-08T10:50:37.000000,-1682.6211500000147,-4739.161600000077,-6421.782750000086
2024-04-08T10:50:47.000000,-1587.8442500000147,-4739.161600000077,-6327.005850000086
2024-04-08T10:50:52.000000,-1499.0682500000146,-4739.161600000077,-6238.229850000086
2024-04-08T10:50:57.000000,-1410.2970500000145,-4739.161600000077,-6149.458650000086
2024-04-08T10:52:02.000000,-1410.2970500000145,-4726.542600000077,-6136.839650000086
2024-04-08T10:53:27.000000,-1410.2970500000145,-4691.832300000077,-6102.129350000087
2024-04-08T10:53:42.000000,-1410.2970500000145,-4663.118100000078,-6073.415150000087
2024-04-08T10:54:42.000000,-1410.2970500000145,-4694.331300000078,-6104.628350000087
2024-04-08T10:57:12.000000,-1410.2970500000145,-4683.591000000078,-6093.888050000087
2024-04-08T10:59:27.000000,-1398.8607500000148,-4683.591000000078,-6082.4517500000875
2024-04-08T11:02:27.000000,-1398.8607500000148,-4642.865400000078,-6041.726150000088
2024-04-08T11:02:32.000000,-1398.8607500000148,-4596.143700000078,-5995.004450000088
2024-04-08T11:02:42.000000,-1398.8607500000148,-4549.417200000078,-5948.277950000088
2024-04-08T11:02:47.000000,-1398.8607500000148,-4502.690700000078,-5901.551450000088
2024-04-08T11:03:52.000000,-1398.8607500000148,-4443.986400000078,-5842.847150000088
2024-04-08T11:03:57.000000,-1398.8607500000148,-4385.277300000077,-5784.138050000087
2024-04-08T11:04:17.000000,-1398.8607500000148,-4362.549600000077,-5761.4103500000865
2024-04-08T11:04:52.000000,-1459.4640500000148,-4362.549600000077,-5822.013650000086
2024-04-08T11:06:42.000000,-1459.4640500000148,-4354.163200000077,-5813.627250000087
2024-04-08T11:07:07.000000,-1459.4640500000148,-4326.905950000077,-5786.370000000086
2024-04-08T11:07:12.000000,-1459.4640500000148,-4324.6364500000755,-5784.100500000085
2024-04-08T11:07:27.000000,-1508.895950000015,-4324.6364500000755,-5833.5324000000855
2024-04-08T11:07:32.000000,-1546.3308500000155,-4324.6364500000755,-5870.967300000086
2024-04-08T11:09:37.000000,-1546.3308500000155,-4336.357200000074,-5882.688050000084
2024-04-08T11:09:42.000000,-1546.3308500000155,-4358.075450000075,-5904.406300000085
2024-04-08T11:09:52.000000,-1546.3308500000155,-4369.796200000073,-5916.127050000084
2024-04-08T11:09:57.000000,-1546.3308500000155,-4376.520200000074,-5922.851050000084
2024-04-08T11:10:02.000000,-1546.3308500000155,-4378.2434500000745,-5924.574300000085
2024-04-08T11:10:07.000000,-1546.3308500000155,-4399.961700000075,-5946.292550000086
2024-04-08T11:10:37.000000,-1546.3308500000155,-4377.234000000075,-5923.564850000085
2024-04-08T11:10:42.000000,-1546.3308500000155,-4448.951750000075,-5995.282600000085
2024-04-08T11:10:52.000000,-1546.3308500000155,-4545.665250000075,-6091.996100000085
2024-04-08T11:16:22.000000,-1546.3308500000155,-4507.418500000074,-6053.749350000085
2024-04-08T11:23:27.000000,-1557.1442500000162,-4507.418500000074,-6064.5627500000855
2024-04-08T11:23:37.000000,-1567.9576500000169,-4507.418500000074,-6075.376150000086
2024-04-08T11:30:02.000000,-1639.480850000017,-4507.418500000074,-6146.899350000086
2024-04-08T13:00:32.000000,-1692.455600000016,-4507.418500000074,-6199.8741000000855
2024-04-08T13:00:52.000000,-1692.455600000016,-4424.600200000074,-6117.055800000086
2024-04-08T13:02:22.000000,-1741.898700000015,-4424.600200000074,-6166.498900000085
2024-04-08T13:15:12.000000,-1698.2902500000146,-4424.600200000074,-6122.8904500000845
2024-04-08T13:15:12.000000,-1645.6804500000137,-4424.600200000074,-6070.280650000083
2024-04-08T13:17:32.000000,-1645.6804500000137,-4497.992500000074,-6143.672950000083
2024-04-08T13:18:42.000000,-1645.6804500000137,-4445.343500000074,-6091.023950000083
2024-04-08T13:19:22.000000,-1645.6804500000137,-4423.307000000073,-6068.9874500000815
2024-04-08T13:20:07.000000,-1645.6804500000137,-4382.466200000073,-6028.1466500000815
2024-04-08T13:21:47.000000,-1645.6804500000137,-4390.435800000073,-6036.116250000082
2024-04-08T13:23:32.000000,-1645.6804500000137,-4369.801200000074,-6015.4816500000825
2024-04-08T13:27:37.000000,-1756.3200500000144,-4369.801200000074,-6126.121250000083
2024-04-08T13:27:47.000000,-1862.9622500000144,-4369.801200000074,-6232.763450000083
2024-04-08T13:27:52.000000,-1965.6038500000138,-4369.801200000074,-6335.405050000082
2024-04-08T13:28:02.000000,-2048.475100000015,-4369.801200000074,-6418.276300000083
2024-04-08T13:28:22.000000,-2155.110900000015,-4369.801200000074,-6524.912100000083
2024-04-08T13:28:32.000000,-2257.7461000000144,-4369.801200000074,-6627.547300000083
2024-04-08T13:28:42.000000,-2310.6248500000133,-4369.801200000074,-6680.426050000082
2024-04-08T13:29:12.000000,-2378.4938500000135,-4369.801200000074,-6748.295050000082
2024-04-08T13:29:12.000000,-2457.1318500000134,-4369.801200000074,-6826.9330500000815
2024-04-08T13:29:22.000000,-2523.768050000013,-4369.801200000074,-6893.5692500000805
2024-04-08T13:29:37.000000,-2598.405450000012,-4369.801200000074,-6968.20665000008
2024-04-08T13:29:42.000000,-2685.0414500000134,-4369.801200000074,-7054.842650000081
2024-04-08T13:30:22.000000,-2737.9082000000135,-4369.801200000074,-7107.709400000082
2024-04-08T13:31:17.000000,-2844.5024000000135,-4369.801200000074,-7214.303600000081
2024-04-08T13:31:52.000000,-2844.5024000000135,-4329.171600000073,-7173.674000000081
2024-04-08T13:31:52.000000,-2943.0858000000135,-4329.171600000073,-7272.257400000081
2024-04-08T13:32:02.000000,-3033.674400000014,-4329.171600000073,-7362.846000000081
2024-04-08T13:32:17.000000,-3112.2644000000155,-4329.171600000073,-7441.4360000000825
2024-04-08T13:32:17.000000,-3194.855000000016,-4329.171600000073,-7524.026600000083
2024-04-08T13:32:22.000000,-3273.4450000000174,-4329.171600000073,-7602.616600000084
2024-04-08T13:32:27.000000,-3348.0312000000167,-4329.171600000073,-7677.202800000083
2024-04-08T13:33:12.000000,-3426.6148000000167,-4329.171600000073,-7755.786400000083
2024-04-08T13:35:12.000000,-3409.633600000016,-4329.171600000073,-7738.805200000083
2024-04-08T13:35:22.000000,-3409.633600000016,-4259.703250000072,-7669.3368500000815
2024-04-08T13:35:27.000000,-3409.633600000016,-4190.240500000073,-7599.874100000082
2024-04-08T13:35:37.000000,-3409.633600000016,-4106.781250000072,-7516.414850000081
2024-04-08T13:36:27.000000,-3384.2336000000155,-4106.781250000072,-7491.0148500000805
2024-04-08T13:36:27.000000,-3384.2336000000155,-4030.362250000071,-7414.59585000008
2024-04-08T13:36:27.000000,-3384.2336000000155,-3960.93870000007,-7345.172300000079
2024-04-08T13:36:27.000000,-3384.2336000000155,-3884.5197000000694,-7268.7533000000785
2024-04-08T13:36:27.000000,-3384.2336000000155,-3843.077950000069,-7227.311550000079
2024-04-08T13:36:32.000000,-3384.2336000000155,-3780.6554500000693,-7164.889050000079
2024-04-08T13:36:37.000000,-3384.2336000000155,-3760.21125000007,-7144.44485000008
2024-04-08T13:36:42.000000,-3384.2336000000155,-3746.7625000000703,-7130.99610000008
2024-04-08T13:38:12.000000,-3391.2176000000154,-3746.7625000000703,-7137.980100000081
2024-04-08T13:38:12.000000,-3391.2176000000154,-3698.2861000000703,-7089.50370000008
2024-04-08T13:38:22.000000,-3380.213300000016,-3698.2861000000703,-7078.499400000081
2024-04-08T13:38:42.000000,-3380.213300000016,-3600.83595000007,-6981.04925000008
2024-04-08T13:38:47.000000,-3380.213300000016,-3496.39035000007,-6876.60365000008
2024-04-08T13:38:52.000000,-3380.213300000016,-3384.9437000000703,-6765.15700000008
2024-04-08T13:38:57.000000,-3380.213300000016,-3252.493900000071,-6632.707200000081
2024-04-08T13:39:02.000000,-3380.213300000016,-3113.04865000007,-6493.26195000008
2024-04-08T13:39:07.000000,-3380.213300000016,-2959.60690000007,-6339.82020000008
2024-04-08T13:39:12.000000,-3380.213300000016,-2806.1595500000694,-6186.37285000008
2024-04-08T13:39:17.000000,-3380.213300000016,-2652.712200000069,-6032.925500000079
2024-04-08T13:39:22.000000,-3380.213300000016,-2506.26030000007,-5886.47360000008
2024-04-08T13:39:27.000000,-3380.213300000016,-2373.7993000000706,-5754.012600000081
2024-04-08T13:39:32.000000,-3380.213300000016,-2304.308550000071,-5684.521850000081
2024-04-08T13:39:42.000000,-3380.213300000016,-2275.651950000071,-5655.865250000081
2024-04-08T13:41:47.000000,-3339.962900000017,-2275.651950000071,-5615.614850000082
2024-04-08T13:41:52.000000,-3299.7077000000177,-2275.651950000071,-5575.359650000083
2024-04-08T13:41:57.000000,-3265.4534000000194,-2275.651950000071,-5541.105350000085
2024-04-08T13:42:02.000000,-3265.4534000000194,-2220.191300000071,-5485.644700000085
2024-04-08T13:42:12.000000,-3219.2021000000195,-2220.191300000071,-5439.393400000085
2024-04-08T13:42:12.000000,-3219.2021000000195,-2171.726100000071,-5390.928200000086
2024-04-08T13:42:17.000000,-3178.9469000000204,-2171.726100000071,-5350.673000000087
2024-04-08T13:42:22.000000,-3132.6956000000205,-2171.726100000071,-5304.421700000087
2024-04-08T13:42:22.000000,-3132.6956000000205,-2130.2507500000706,-5262.946350000087
2024-04-08T13:42:27.000000,-3080.4434000000197,-2130.2507500000706,-5210.694150000086
2024-04-08T13:42:27.000000,-3080.4434000000197,-2109.761750000071,-5190.205150000086
2024-04-08T13:42:32.000000,-3034.1921000000198,-2109.761750000071,-5143.953850000086
2024-04-08T13:42:32.000000,-3034.1921000000198,-2089.2727500000715,-5123.464850000087
2024-04-08T13:45:32.000000,-3034.1921000000198,-2159.758200000071,-5193.950300000087
2024-04-08T13:54:47.000000,-3046.6808500000207,-2159.758200000071,-5206.439050000087
2024-04-08T13:57:22.000000,-3099.499600000021,-2159.758200000071,-5259.257800000088
2024-04-08T14:00:07.000000,-3090.0124000000214,-2159.758200000071,-5249.770600000088
2024-04-08T14:00:42.000000,-3125.509400000021,-2159.758200000071,-5285.267600000087
2024-04-08T14:04:07.000000,-3073.360400000021,-2159.758200000071,-5233.118600000087
2024-04-08T14:04:07.000000,-3073.360400000021,-2207.292200000072,-5280.652600000088
2024-04-08T14:04:42.000000,-3073.360400000021,-2229.8304500000727,-5303.190850000088
2024-04-08T14:05:07.000000,-3073.360400000021,-2237.3664500000727,-5310.726850000088
2024-04-08T14:05:12.000000,-3036.1896500000207,-2237.3664500000727,-5273.556100000088
2024-04-08T14:07:42.000000,-3036.1896500000207,-2144.9114500000715,-5181.101100000086
2024-04-08T14:10:02.000000,-3098.649250000021,-2144.9114500000715,-5243.560700000086
2024-04-08T14:10:07.000000,-3161.108850000021,-2144.9114500000715,-5306.0203000000865
2024-04-08T14:10:17.000000,-3219.5614500000206,-2144.9114500000715,-5364.472900000086
2024-04-08T14:10:22.000000,-3274.013450000021,-2144.9114500000715,-5418.924900000086
2024-04-08T14:10:27.000000,-3328.465450000021,-2144.9114500000715,-5473.376900000087
2024-04-08T14:10:32.000000,-3382.9142500000216,-2144.9114500000715,-5527.825700000087
2024-04-08T14:10:37.000000,-3433.3656500000216,-2144.9114500000715,-5578.277100000087
2024-04-08T14:10:42.000000,-3475.8190500000214,-2144.9114500000715,-5620.730500000087
2024-04-08T14:10:52.000000,-3502.279650000022,-2144.9114500000715,-5647.191100000087
2024-04-08T14:10:52.000000,-3528.740250000022,-2144.9114500000715,-5673.651700000088
2024-04-08T14:10:57.000000,-3551.2002500000217,-2144.9114500000715,-5696.111700000088
2024-04-08T14:11:02.000000,-3573.6602500000213,-2144.9114500000715,-5718.571700000088
2024-04-08T14:11:07.000000,-3600.1208500000216,-2144.9114500000715,-5745.032300000088
2024-04-08T14:11:12.000000,-3622.5840500000213,-2144.9114500000715,-5767.495500000087
2024-04-08T14:11:17.000000,-3637.052450000021,-2144.9114500000715,-5781.963900000087
2024-04-08T14:11:22.000000,-3635.534450000021,-2144.9114500000715,-5780.445900000087
2024-04-08T14:11:32.000000,-3630.0062500000204,-2144.9114500000715,-5774.917700000086
2024-04-08T14:12:07.000000,-3612.476250000021,-2144.9114500000715,-5757.387700000087
2024-04-08T14:12:32.000000,-3602.9410500000213,-2144.9114500000715,-5747.852500000087
2024-04-08T14:12:37.000000,-3597.403250000022,-2144.9114500000715,-5742.314700000088
2024-04-08T14:12:52.000000,-3583.861050000022,-2144.9114500000715,-5728.772500000088
2024-04-08T14:13:32.000000,-3570.3252500000217,-2144.9114500000715,-5715.236700000088
2024-04-08T14:13:32.000000,-3548.7882500000214,-2144.9114500000715,-5693.699700000087
2024-04-08T14:15:07.000000,-3505.050200000022,-2144.9114500000715,-5649.961650000088
2024-04-08T14:15:17.000000,-3479.859650000021,-2144.9114500000715,-5624.771100000087
2024-04-08T14:18:33.000000,-3479.859650000021,-2171.9544500000716,-5651.814100000088
2024-04-08T14:19:22.000000,-3479.859650000021,-2159.463450000072,-5639.323100000088
2024-04-08T14:19:52.000000,-3479.859650000021,-2142.4582500000724,-5622.317900000088
2024-04-08T14:25:02.000000,-3479.859650000021,-2227.4443500000716,-5707.304000000087
2024-04-08T14:27:52.000000,-3479.859650000021,-2234.5723500000718,-5714.432000000087
2024-04-08T14:28:12.000000,-3479.859650000021,-2231.429100000072,-5711.288750000087
2024-04-08T14:29:27.000000,-3479.859650000021,-2262.4551000000715,-5742.314750000087
2024-04-08T14:29:42.000000,-3479.859650000021,-2263.4862000000717,-5743.345850000087
2024-04-08T14:31:27.000000,-3486.960450000021,-2263.4862000000717,-5750.446650000087
2024-04-08T14:36:02.000000,-3486.960450000021,-2270.5422000000717,-5757.502650000087
2024-04-08T14:36:42.000000,-3486.960450000021,-2259.6099000000722,-5746.570350000087
2024-04-08T14:36:47.000000,-3486.960450000021,-2242.681500000073,-5729.6419500000875
2024-04-08T14:36:57.000000,-3486.960450000021,-2198.9962500000725,-5685.956700000087
2024-04-08T14:37:12.000000,-3486.960450000021,-2152.0873500000725,-5639.047800000087
2024-04-08T14:37:17.000000,-3486.960450000021,-2093.411850000072,-5580.372300000086
2024-04-08T14:37:32.000000,-3486.960450000021,-2040.732450000072,-5527.692900000086
2024-04-08T14:37:32.000000,-3486.960450000021,-1975.8256500000714,-5462.786100000086
2024-04-08T14:37:52.000000,-3486.960450000021,-1916.9197500000707,-5403.880200000085
2024-04-08T14:37:57.000000,-3486.960450000021,-1858.01385000007,-5344.974300000084
2024-04-08T14:38:02.000000,-3486.960450000021,-1787.1157500000695,-5274.076200000084
2024-04-08T14:38:07.000000,-3486.960450000021,-1710.2167500000692,-5197.177200000084
2024-04-08T14:38:12.000000,-3486.960450000021,-1639.3090500000687,-5126.269500000083
2024-04-08T14:38:17.000000,-3486.960450000021,-1568.4013500000683,-5055.361800000082
2024-04-08T14:38:22.000000,-3486.960450000021,-1497.4936500000679,-4984.454100000082
2024-04-08T14:38:27.000000,-3486.960450000021,-1432.5820500000673,-4919.542500000081
2024-04-08T14:38:32.000000,-3486.960450000021,-1361.669550000067,-4848.630000000081
2024-04-08T14:38:32.000000,-3486.960450000021,-1369.5655500000669,-4856.526000000081
2024-04-08T14:38:37.000000,-3486.960450000021,-1304.6491500000664,-4791.60960000008
2024-04-08T14:38:42.000000,-3486.960450000021,-1245.7288500000668,-4732.68930000008
2024-04-08T14:39:27.000000,-3486.960450000021,-1219.5981500000676,-4706.55860000008
2024-04-08T14:44:37.000000,-3545.6338500000206,-1219.5981500000676,-4765.23200000008
2024-04-08T14:44:47.000000,-3545.6338500000206,-1318.2502000000668,-4863.88405000008
2024-04-08T14:45:02.000000,-3588.6232500000197,-1318.2502000000668,-4906.873450000079
2024-04-08T14:45:02.000000,-3625.611750000019,-1318.2502000000668,-4943.861950000079
2024-04-08T14:45:02.000000,-3668.601150000018,-1318.2502000000668,-4986.851350000078
2024-04-08T14:45:02.000000,-3686.106650000018,-1318.2502000000668,-5004.356850000078
2024-04-08T14:45:02.000000,-3698.611400000017,-1318.2502000000668,-5016.8616000000775
2024-04-08T14:45:02.000000,-3721.117650000016,-1318.2502000000668,-5039.367850000076
2024-04-08T14:45:02.000000,-3743.623900000015,-1318.2502000000668,-5061.874100000075
2024-04-08T14:45:02.000000,-3743.623900000015,-1311.9705000000658,-5055.594400000074
2024-04-08T14:45:02.000000,-3743.623900000015,-1256.7226500000659,-5000.346550000074
2024-04-08T14:45:02.000000,-3743.623900000015,-1222.4611500000656,-4966.085050000073
2024-04-08T14:45:02.000000,-3743.623900000015,-1160.2178500000646,-4903.841750000072
2024-04-08T14:45:02.000000,-3743.623900000015,-1104.9700000000646,-4848.593900000073
2024-04-08T14:45:02.000000,-3743.623900000015,-1063.7130500000644,-4807.336950000073
2024-04-08T14:45:02.000000,-3743.623900000015,-1022.4561000000642,-4766.080000000073
2024-04-08T14:45:02.000000,-3743.623900000015,-995.1900500000637,-4738.8139500000725
2024-04-08T14:45:02.000000,-3743.623900000015,-974.9194500000631,-4718.543350000072
2024-04-08T14:45:02.000000,-3743.623900000015,-961.6443000000622,-4705.268200000071
2024-04-08T14:45:02.000000,-3743.623900000015,-955.3646000000613,-4698.98850000007
2024-04-08T14:45:02.000000,-3743.623900000015,-956.0803500000602,-4699.704250000069
2024-04-08T14:45:02.000000,-3743.623900000015,-970.7870000000601,-4714.410900000069
2024-04-09T09:51:47.000000,-3742.3331000000153,-970.7870000000601,-4713.120100000069
2024-04-09T09:51:52.000000,-3753.037700000016,-970.7870000000601,-4723.82470000007
2024-04-09T09:52:42.000000,-3739.773900000017,-970.7870000000601,-4710.560900000071
2024-04-09T09:52:47.000000,-3726.5069000000167,-970.7870000000601,-4697.293900000071
2024-04-09T09:52:52.000000,-3835.4006000000168,-970.7870000000601,-4806.18760000007
2024-04-09T09:52:52.000000,-3830.134800000016,-970.7870000000601,-4800.92180000007
2024-04-09T09:52:57.000000,-3828.8696000000164,-970.7870000000601,-4799.65660000007
2024-04-09T09:53:32.000000,-3795.6028000000174,-970.7870000000601,-4766.389800000071
2024-04-09T09:54:02.000000,-3742.355400000018,-970.7870000000601,-4713.142400000072
2024-04-09T09:54:07.000000,-3698.262000000018,-970.7870000000601,-4669.049000000072
2024-04-09T09:54:32.000000,-3621.0206000000176,-970.7870000000601,-4591.807600000071
2024-04-09T09:54:32.000000,-3543.779200000017,-970.7870000000601,-4514.56620000007
2024-04-09T09:54:37.000000,-3466.537800000017,-970.7870000000601,-4437.324800000069
2024-04-09T09:54:42.000000,-3413.2904000000176,-970.7870000000601,-4384.07740000007
2024-04-09T09:55:07.000000,-3432.6386000000184,-970.7870000000601,-4403.4256000000705
2024-04-09T09:55:07.000000,-3466.567300000019,-970.7870000000601,-4437.354300000071
2024-04-09T09:55:12.000000,-3476.916550000018,-970.7870000000601,-4447.70355000007
2024-04-09T09:55:17.000000,-3493.2691000000186,-970.7870000000601,-4464.056100000071
2024-04-09T09:55:17.000000,-3490.8076000000187,-970.7870000000601,-4461.594600000071
2024-04-09T09:55:22.000000,-3504.1597000000197,-970.7870000000601,-4474.946700000072
2024-04-09T09:55:32.000000,-3529.0408000000193,-970.7870000000601,-4499.827800000072
2024-04-09T09:56:07.000000,-3566.9933000000187,-970.7870000000601,-4537.780300000071
2024-04-09T09:56:22.000000,-3585.9599000000194,-970.7870000000601,-4556.746900000072
2024-04-09T09:57:02.000000,-3561.7823000000185,-970.7870000000601,-4532.569300000071
2024-04-09T09:57:37.000000,-3559.332800000019,-970.7870000000601,-4530.119800000071
2024-04-09T09:58:42.000000,-3518.4056000000187,-970.7870000000601,-4489.192600000071
2024-04-09T09:58:42.000000,-3480.478850000019,-970.7870000000601,-4451.265850000072
2024-04-09T09:59:22.000000,-3482.91410000002,-970.7870000000601,-4453.701100000073
2024-04-09T10:00:42.000000,-3445.37935000002,-970.7870000000601,-4416.166350000073
2024-04-09T10:02:32.000000,-3445.37935000002,-941.3096000000587,-4386.688950000072
2024-04-09T10:04:47.000000,-3408.3686000000203,-941.3096000000587,-4349.678200000071
2024-04-09T10:05:47.000000,-3476.1056000000203,-941.3096000000587,-4417.415200000071
2024-04-09T10:06:07.000000,-3476.1056000000203,-1023.6208500000598,-4499.726450000072
2024-04-09T10:07:02.000000,-3297.05930000002,-1023.6208500000598,-4320.680150000072
2024-04-09T10:07:02.000000,-3118.0130000000195,-1023.6208500000598,-4141.633850000072
2024-04-09T10:07:02.000000,-2938.966700000019,-1023.6208500000598,-3962.5875500000716
2024-04-09T10:07:02.000000,-2780.9235500000186,-1023.6208500000598,-3804.544400000071
2024-04-09T10:07:07.000000,-2604.887300000019,-1023.6208500000598,-3628.5081500000715
2024-04-09T10:07:12.000000,-2455.850300000019,-1023.6208500000598,-3479.4711500000717
2024-04-09T10:07:22.000000,-2309.81375000002,-1023.6208500000598,-3333.4346000000724
2024-04-09T10:07:22.000000,-2105.323050000019,-1023.6208500000598,-3128.9439000000716
2024-04-09T10:08:22.000000,-1866.8656500000193,-1023.6208500000598,-2890.486500000072
2024-04-09T10:08:22.000000,-1630.4085500000206,-1023.6208500000598,-2654.029400000073
2024-04-09T10:10:12.000000,-1661.304950000021,-1023.6208500000598,-2684.9258000000737
2024-04-09T10:11:37.000000,-1661.304950000021,-970.80225000006,-2632.107200000074
2024-04-09T10:12:02.000000,-1661.304950000021,-935.9719500000598,-2597.276900000074
2024-04-09T10:12:12.000000,-1661.304950000021,-1038.9775500000599,-2700.282500000074
2024-04-09T10:12:27.000000,-1661.304950000021,-1162.9815000000601,-2824.286450000074
2024-04-09T10:12:32.000000,-1661.304950000021,-1177.6713500000599,-2838.976300000074
2024-04-09T10:12:37.000000,-1661.304950000021,-1185.3601500000598,-2846.665100000074
2024-04-09T10:14:12.000000,-1661.304950000021,-1192.4041500000599,-2853.7091000000737
2024-04-09T10:14:12.000000,-1661.304950000021,-1202.4462000000603,-2863.751150000074
2024-04-09T10:14:17.000000,-1661.304950000021,-1203.4869000000604,-2864.791850000074
2024-04-09T10:14:17.000000,-1661.304950000021,-1148.1606500000605,-2809.465600000074
2024-04-09T10:14:32.000000,-1661.304950000021,-1113.8207500000615,-2775.125700000075
2024-04-09T10:14:42.000000,-1661.304950000021,-1079.4808500000624,-2740.785800000076
2024-04-09T10:14:52.000000,-1661.304950000021,-1032.6439500000624,-2693.9489000000763
2024-04-09T10:14:52.000000,-1661.304950000021,-977.3121000000625,-2638.6170500000762
2024-04-09T10:17:32.000000,-1661.304950000021,-963.997750000063,-2625.3027000000766
2024-04-09T10:17:42.000000,-1661.304950000021,-964.6799000000631,-2625.9848500000767
2024-04-09T10:17:47.000000,-1661.304950000021,-972.357500000063,-2633.6624500000767
2024-04-09T10:17:52.000000,-1661.304950000021,-987.0361500000629,-2648.3411000000765
2024-04-09T10:18:17.000000,-1661.304950000021,-1087.1517000000636,-2748.4566500000774
2024-04-09T10:18:22.000000,-1689.2199500000206,-1087.1517000000636,-2776.371650000077
2024-04-09T10:18:27.000000,-1689.2199500000206,-1229.2495500000632,-2918.4695000000766
2024-04-09T10:18:37.000000,-1666.5402500000212,-1229.2495500000632,-2895.7898000000773
2024-04-09T10:18:42.000000,-1646.8586000000212,-1229.2495500000632,-2876.1081500000773
2024-04-09T10:18:42.000000,-1649.882000000022,-1229.2495500000632,-2879.1315500000783
2024-04-09T10:19:02.000000,-1627.8175000000208,-1229.2495500000632,-2857.067050000077
2024-04-09T10:19:17.000000,-1622.8365000000204,-1229.2495500000632,-2852.0860500000763
2024-04-09T10:19:22.000000,-1590.766500000021,-1229.2495500000632,-2820.016050000077
2024-04-09T10:19:27.000000,-1563.6972500000209,-1229.2495500000632,-2792.946800000077
2024-04-09T10:19:32.000000,-1531.63125000002,-1229.2495500000632,-2760.8808000000763
2024-04-09T10:19:37.000000,-1499.565250000019,-1229.2495500000632,-2728.8148000000756
2024-04-09T10:19:57.000000,-1457.4977500000182,-1229.2495500000632,-2686.747300000075
2024-04-09T10:20:32.000000,-1410.4335000000185,-1229.2495500000632,-2639.683050000075
2024-04-09T10:21:27.000000,-1410.4335000000185,-1242.805650000063,-2653.239150000075
2024-04-09T10:21:27.000000,-1410.4335000000185,-1390.8852000000627,-2801.3187000000744
2024-04-09T10:21:32.000000,-1410.4335000000185,-1535.9715000000629,-2946.405000000075
2024-04-09T10:21:37.000000,-1410.4335000000185,-1687.0611000000629,-3097.494600000075
2024-04-09T10:21:42.000000,-1410.4335000000185,-1718.6151000000623,-3129.0486000000747
2024-04-09T10:21:42.000000,-1410.4335000000185,-1863.7086000000625,-3274.142100000075
2024-04-09T10:21:47.000000,-1410.4335000000185,-2017.801050000062,-3428.2345500000747
2024-04-09T10:21:52.000000,-1410.4335000000185,-2049.3550500000615,-3459.7885500000743
2024-04-09T10:21:52.000000,-1410.4335000000185,-2215.442100000062,-3625.875600000075
2024-04-09T10:21:57.000000,-1410.4335000000185,-2252.9970000000626,-3663.4305000000754
2024-04-09T10:22:07.000000,-1410.4335000000185,-2290.556700000063,-3700.9902000000757
2024-04-09T10:22:22.000000,-1410.4335000000185,-2334.112500000063,-3744.5460000000758
2024-04-09T10:23:47.000000,-1410.4335000000185,-2335.297200000063,-3745.730700000076
2024-04-09T10:23:52.000000,-1410.4335000000185,-2342.480400000063,-3752.913900000076
2024-04-09T10:23:57.000000,-1410.4335000000185,-2346.6703500000626,-3757.1038500000755
2024-04-09T10:24:02.000000,-1410.4335000000185,-2353.8583500000627,-3764.2918500000756
2024-04-09T10:24:07.000000,-1410.4335000000185,-2379.0418500000624,-3789.475350000075
2024-04-09T10:24:22.000000,-1410.4335000000185,-2425.218900000063,-3835.652400000076
2024-04-09T10:24:22.000000,-1410.4335000000185,-2488.875300000062,-3899.308800000075
2024-04-09T10:24:27.000000,-1410.4335000000185,-2544.530500000061,-3954.9640000000736
2024-04-09T10:25:12.000000,-1410.4335000000185,-2576.1821000000605,-3986.6156000000733
2024-04-09T10:26:22.000000,-1410.4335000000185,-2479.87850000006,-3890.3120000000727
2024-04-09T10:26:27.000000,-1410.4335000000185,-2375.5737000000595,-3786.0072000000723
2024-04-09T10:26:32.000000,-1410.4335000000185,-2439.74865000006,-3850.182150000073
2024-04-09T10:26:37.000000,-1410.4335000000185,-2494.9270500000603,-3905.360550000073
2024-04-09T10:26:37.000000,-1410.4335000000185,-2398.6106500000596,-3809.0441500000725
2024-04-09T10:26:42.000000,-1410.4335000000185,-2444.7973000000593,-3855.230800000072
2024-04-09T10:26:42.000000,-1410.4335000000185,-2348.4809000000587,-3758.9144000000715
2024-04-09T10:26:47.000000,-1410.4335000000185,-2252.1581000000597,-3662.5916000000725
2024-04-09T10:26:52.000000,-1410.4335000000185,-2155.8289000000605,-3566.2624000000733
2024-04-09T10:26:57.000000,-1410.4335000000185,-2061.3784000000605,-3471.8119000000734
2024-04-09T10:26:57.000000,-1410.4335000000185,-2095.5704500000606,-3506.0039500000735
2024-04-09T10:27:07.000000,-1410.4335000000185,-2117.758300000061,-3528.1918000000737
2024-04-09T10:27:07.000000,-1410.4335000000185,-2133.9500500000613,-3544.383550000074
2024-04-09T10:31:22.000000,-1410.4335000000185,-2123.1689500000616,-3533.6024500000744
2024-04-09T10:31:22.000000,-1410.4335000000185,-2136.3722500000613,-3546.805750000074
2024-04-09T10:31:42.000000,-1410.4335000000185,-2143.572250000061,-3554.005750000074
2024-04-09T10:31:47.000000,-1410.4335000000185,-2138.7800500000612,-3549.213550000074
2024-04-09T10:31:52.000000,-1399.933200000018,-2138.7800500000612,-3538.7132500000735
2024-04-09T10:31:52.000000,-1399.933200000018,-2136.978700000061,-3536.9119000000733
2024-04-09T10:32:02.000000,-1399.933200000018,-2132.17450000006,-3532.1077000000723
2024-04-09T10:32:12.000000,-1399.933200000018,-2118.36655000006,-3518.2997500000724
2024-04-09T10:32:17.000000,-1399.933200000018,-2119.5536500000603,-3519.4868500000725
2024-04-09T10:32:22.000000,-1399.933200000018,-2123.741200000061,-3523.674400000073
2024-04-09T10:32:57.000000,-1365.4533000000188,-2123.741200000061,-3489.194500000074
2024-04-09T10:35:12.000000,-1365.4533000000188,-2235.92095000006,-3601.3742500000735
2024-04-09T10:37:47.000000,-1433.1711000000196,-2235.92095000006,-3669.0920500000743
2024-04-09T10:37:47.000000,-1506.8898000000213,-2235.92095000006,-3742.810750000076
2024-04-09T10:38:42.000000,-1506.8898000000213,-2189.148850000059,-3696.038650000075
2024-04-09T10:38:42.000000,-1506.8898000000213,-2148.3728500000593,-3655.262650000075
2024-04-09T10:38:47.000000,-1506.8898000000213,-2107.5992500000593,-3614.489050000075
2024-04-09T10:40:07.000000,-1534.760800000021,-2107.5992500000593,-3642.360050000075
2024-04-09T10:41:22.000000,-1527.6505500000203,-2107.5992500000593,-3635.249800000074
2024-04-09T10:41:27.000000,-1520.5363000000216,-2107.5992500000593,-3628.1355500000755
2024-04-09T10:41:32.000000,-1518.4188000000217,-2107.5992500000593,-3626.0180500000756
2024-04-09T10:42:07.000000,-1506.307800000022,-2107.5992500000593,-3613.907050000076
2024-04-09T10:42:22.000000,-1479.198550000022,-2107.5992500000593,-3586.797800000076
2024-04-09T10:42:42.000000,-1468.5110500000224,-2107.5992500000593,-3576.1103000000767
2024-04-09T10:42:47.000000,-1446.2441500000218,-2107.5992500000593,-3553.843400000076
2024-04-09T10:42:52.000000,-1424.1236500000225,-2107.5992500000593,-3531.7229000000766
2024-04-09T10:42:57.000000,-1402.007150000023,-2107.5992500000593,-3509.6064000000774
2024-04-09T10:43:02.000000,-1384.8874000000228,-2107.5992500000593,-3492.486650000077
2024-04-09T10:43:27.000000,-1372.7644000000232,-2107.5992500000593,-3480.3636500000775
2024-04-09T10:50:32.000000,-1403.8888000000227,-2107.5992500000593,-3511.4880500000772
2024-04-09T10:50:37.000000,-1432.0103500000228,-2107.5992500000593,-3539.6096000000775
2024-04-09T10:50:42.000000,-1460.1319000000228,-2107.5992500000593,-3567.731150000078
2024-04-09T10:51:07.000000,-1484.859250000024,-2107.5992500000593,-3592.458500000079
2024-04-09T10:51:17.000000,-1491.9848500000242,-2107.5992500000593,-3599.5841000000787
2024-04-09T10:51:57.000000,-1516.7258000000238,-2107.5992500000593,-3624.325050000078
2024-04-09T10:54:07.000000,-1494.2981000000245,-2107.5992500000593,-3601.897350000079
2024-04-09T11:04:02.000000,-1494.2981000000245,-2183.402250000059,-3677.7003500000787
2024-04-09T11:04:17.000000,-1408.4433500000239,-2183.402250000059,-3591.845600000078
2024-04-09T11:05:07.000000,-1310.5892000000244,-2183.402250000059,-3493.9914500000787
2024-04-09T11:05:07.000000,-1209.7346000000246,-2183.402250000059,-3393.136850000079
2024-04-09T11:05:07.000000,-1108.8800000000247,-2183.402250000059,-3292.2822500000793
2024-04-09T11:05:32.000000,-1108.8800000000247,-2201.023750000059,-3309.903750000079
2024-04-09T11:07:47.000000,-1108.8800000000247,-2208.857350000059,-3317.737350000079
2024-04-09T11:07:52.000000,-1108.8800000000247,-2230.5356000000575,-3339.4156000000776
2024-04-09T11:07:57.000000,-1108.8800000000247,-2238.3692000000574,-3347.2492000000775
2024-04-09T11:08:02.000000,-1108.8800000000247,-2250.0459500000566,-3358.9259500000767
2024-04-09T11:09:37.000000,-1108.8800000000247,-2186.787450000058,-3295.667450000078
2024-04-09T11:09:37.000000,-1108.8800000000247,-2211.623600000059,-3320.503600000079
2024-04-09T11:09:42.000000,-1108.8800000000247,-2138.375600000059,-3247.255600000079
2024-04-09T11:09:52.000000,-1108.8800000000247,-2070.1243500000596,-3179.0043500000797
2024-04-09T11:11:37.000000,-1108.8800000000247,-2016.8553500000592,-3125.735350000079
2024-04-09T11:11:42.000000,-1108.8800000000247,-1958.5856000000579,-3067.4656000000778
2024-04-09T11:26:47.000000,-1108.8800000000247,-1990.2500000000573,-3099.1300000000774
2024-04-09T11:26:52.000000,-1108.8800000000247,-2030.9085500000572,-3139.788550000077
2024-04-09T11:27:02.000000,-1108.8800000000247,-2056.5720500000566,-3165.4520500000767
2024-04-09T11:27:57.000000,-1108.8800000000247,-2278.3683000000565,-3387.2483000000766
2024-04-09T11:28:12.000000,-1108.8800000000247,-2505.161300000057,-3614.041300000077
2024-04-09T11:28:22.000000,-1108.8800000000247,-2462.0960500000583,-3570.9760500000784
2024-04-09T13:00:17.000000,-1108.8800000000247,-2368.0367500000575,-3476.9167500000776
2024-04-09T13:00:37.000000,-1108.8800000000247,-2290.966400000058,-3399.846400000078
2024-04-09T13:00:42.000000,-1108.8800000000247,-2196.907100000057,-3305.7871000000773
2024-04-09T13:00:57.000000,-1108.8800000000247,-2119.8367500000577,-3228.716750000078
2024-04-09T13:01:17.000000,-1108.8800000000247,-2059.7689500000574,-3168.6489500000775
2024-04-09T13:01:47.000000,-1108.8800000000247,-2071.7177000000565,-3180.5977000000767
2024-04-09T13:01:57.000000,-1108.8800000000247,-2022.5893000000563,-3131.4693000000766
2024-04-09T13:02:27.000000,-1108.8800000000247,-1977.4583000000553,-3086.3383000000754
2024-04-09T13:07:52.000000,-1108.8800000000247,-1940.1603500000567,-3049.040350000077
2024-04-09T13:07:57.000000,-1108.8800000000247,-1917.8550500000574,-3026.7350500000775
2024-04-09T13:09:02.000000,-1108.8800000000247,-1769.8278000000562,-2878.7078000000765
2024-04-09T13:09:07.000000,-1108.8800000000247,-1616.7918000000577,-2725.6718000000783
2024-04-09T13:09:57.000000,-1108.8800000000247,-1672.4022000000577,-2781.2822000000783
2024-04-09T13:11:52.000000,-1108.8800000000247,-1554.3274500000578,-2663.207450000078
2024-04-09T13:11:52.000000,-1108.8800000000247,-1436.2527000000578,-2545.1327000000783
2024-04-09T13:11:52.000000,-1108.8800000000247,-1318.1779500000578,-2427.0579500000786
2024-04-09T13:11:52.000000,-1108.8800000000247,-1205.0999500000567,-2313.9799500000777
2024-04-09T13:11:52.000000,-1108.8800000000247,-1107.0122000000563,-2215.892200000077
2024-04-09T13:15:22.000000,-1108.8800000000247,-1174.6532000000561,-2283.5332000000767
2024-04-09T13:15:22.000000,-1108.8800000000247,-1242.294200000056,-2351.1742000000763
2024-04-09T13:15:27.000000,-1108.8800000000247,-1309.9352000000558,-2418.815200000076
2024-04-09T13:15:32.000000,-1108.8800000000247,-1413.576800000056,-2522.456800000076
2024-04-09T13:15:37.000000,-1108.8800000000247,-1529.225000000057,-2638.105000000077
2024-04-09T13:15:42.000000,-1108.8800000000247,-1662.8711000000576,-2771.7511000000773
2024-04-09T13:18:37.000000,-1071.5076500000241,-1662.8711000000576,-2734.3787500000767
2024-04-09T13:18:57.000000,-1010.141300000024,-1662.8711000000576,-2673.0124000000765
2024-04-09T13:18:57.000000,-948.7749500000239,-1662.8711000000576,-2611.6460500000762
2024-04-09T13:19:02.000000,-887.4062000000238,-1662.8711000000576,-2550.277300000076
2024-04-09T13:19:07.000000,-829.035500000023,-1662.8711000000576,-2491.9066000000753
2024-04-09T13:19:12.000000,-767.6619500000229,-1662.8711000000576,-2430.533050000075
2024-04-09T13:19:17.000000,-712.2845000000226,-1662.8711000000576,-2375.1556000000746
2024-04-09T13:19:22.000000,-641.9072000000222,-1662.8711000000576,-2304.778300000074
2024-04-09T13:20:12.000000,-607.513700000022,-1662.8711000000576,-2270.384800000074
2024-04-09T13:21:02.000000,-609.1040000000222,-1662.8711000000576,-2271.9751000000742
2024-04-09T13:21:02.000000,-613.6947500000229,-1662.8711000000576,-2276.565850000075
2024-04-09T13:21:02.000000,-627.2868500000238,-1662.8711000000576,-2290.1579500000757
2024-04-09T13:21:02.000000,-643.8794000000241,-1662.8711000000576,-2306.750500000076
2024-04-09T13:21:27.000000,-643.8794000000241,-1622.6111000000565,-2266.490500000075
2024-04-09T13:21:32.000000,-643.8794000000241,-1570.3541000000578,-2214.233500000076
2024-04-09T13:21:37.000000,-643.8794000000241,-1530.0845000000568,-2173.9639000000752
2024-04-09T13:21:47.000000,-643.8794000000241,-1447.8326000000554,-2091.712000000074
2024-04-09T13:21:57.000000,-643.8794000000241,-1353.5837000000565,-1997.4631000000752
2024-04-09T13:26:32.000000,-641.3899000000243,-1353.5837000000565,-1994.9736000000755
2024-04-09T13:27:02.000000,-615.9785500000245,-1353.5837000000565,-1969.5622500000757
2024-04-09T13:28:37.000000,-615.9785500000245,-1231.0482000000557,-1847.0267500000748
2024-04-09T13:28:42.000000,-615.9785500000245,-1108.5087000000567,-1724.4872500000758
2024-04-09T13:31:12.000000,-569.5640500000245,-1108.5087000000567,-1678.072750000076
2024-04-09T13:38:42.000000,-569.5640500000245,-1047.1231500000565,-1616.6872000000758
2024-04-09T13:39:57.000000,-569.5640500000245,-1024.8418500000562,-1594.4059000000755
2024-04-09T13:40:32.000000,-569.5640500000245,-1008.5662500000545,-1578.130300000074
2024-04-09T13:42:42.000000,-556.3250500000249,-1008.5662500000545,-1564.8913000000744
2024-04-09T13:42:57.000000,-543.0860500000254,-1008.5662500000545,-1551.6523000000748
2024-04-09T13:45:12.000000,-543.0860500000254,-1010.3615000000538,-1553.447550000074
2024-04-09T13:46:07.000000,-543.0860500000254,-982.0745000000524,-1525.1605500000726
2024-04-09T13:51:32.000000,-543.0860500000254,-995.9714000000533,-1539.0574500000735
2024-04-09T13:51:42.000000,-543.0860500000254,-1015.8644000000531,-1558.9504500000733
2024-04-09T13:52:22.000000,-543.0860500000254,-1047.7592000000527,-1590.8452500000728
2024-04-09T13:58:07.000000,-543.0860500000254,-1042.8446000000529,-1585.930650000073
2024-04-09T14:01:22.000000,-543.0860500000254,-1032.5051000000533,-1575.5911500000734
2024-04-09T14:01:47.000000,-543.0860500000254,-1019.1675500000532,-1562.2536000000732
2024-04-09T14:03:52.000000,-543.0860500000254,-1026.9795500000532,-1570.0656000000731
2024-04-09T14:10:22.000000,-533.8627000000257,-1026.9795500000532,-1560.8422500000736
2024-04-09T14:19:37.000000,-533.8627000000257,-1022.1345500000534,-1555.9972500000738
2024-04-09T14:20:47.000000,-533.8627000000257,-981.3129500000534,-1515.1756500000738
2024-04-09T14:20:57.000000,-533.8627000000257,-958.484450000053,-1492.3471500000733
2024-04-09T14:21:02.000000,-533.8627000000257,-935.6559500000526,-1469.5186500000727
2024-04-09T14:21:07.000000,-533.8627000000257,-924.819650000053,-1458.682350000073
2024-04-09T14:30:17.000000,-533.8627000000257,-946.9211000000521,-1480.7838000000722
2024-04-09T14:31:02.000000,-533.8627000000257,-957.0207500000515,-1490.8834500000717
2024-04-09T14:32:57.000000,-533.8627000000257,-976.7025500000512,-1510.5652500000715
2024-04-09T14:34:27.000000,-533.8627000000257,-935.8305500000512,-1469.6932500000714
2024-04-09T14:34:27.000000,-533.8627000000257,-883.3575500000503,-1417.2202500000706
2024-04-09T14:34:32.000000,-533.8627000000257,-842.4855500000502,-1376.3482500000705
2024-04-09T14:34:37.000000,-533.8627000000257,-804.6116000000507,-1338.474300000071
2024-04-09T14:34:42.000000,-533.8627000000257,-769.7333000000516,-1303.5960000000719
2024-04-09T14:34:47.000000,-533.8627000000257,-737.8530500000519,-1271.7157500000721
2024-04-09T14:34:52.000000,-533.8627000000257,-708.9732500000516,-1242.8359500000718
2024-04-09T14:34:57.000000,-533.8627000000257,-683.0915000000518,-1216.954200000072
2024-04-09T14:34:57.000000,-533.8627000000257,-666.6047000000524,-1200.4674000000725
2024-04-09T14:35:02.000000,-533.8627000000257,-674.1119000000524,-1207.9746000000725
2024-04-09T14:35:07.000000,-533.8627000000257,-654.2262500000525,-1188.0889500000726
2024-04-09T14:35:12.000000,-533.8627000000257,-631.3401500000531,-1165.2028500000733
2024-04-09T14:35:32.000000,-533.8627000000257,-626.8551500000533,-1160.7178500000737
2024-04-09T14:36:22.000000,-533.8627000000257,-586.3839500000532,-1120.2466500000737
2024-04-09T14:36:27.000000,-533.8627000000257,-545.9127500000532,-1079.7754500000738
2024-04-09T14:36:32.000000,-533.8627000000257,-505.4415500000531,-1039.3042500000738
2024-04-09T14:36:37.000000,-533.8627000000257,-476.96255000005385,-1010.8252500000746
2024-04-09T14:36:42.000000,-533.8627000000257,-460.47575000005435,-994.3384500000751
2024-04-09T14:37:52.000000,-533.8627000000257,-443.98895000005484,-977.8516500000757
2024-04-09T14:39:02.000000,-533.8627000000257,-496.8317000000552,-1030.694400000076
2024-04-09T14:40:17.000000,-533.8627000000257,-528.3329000000547,-1062.1956000000755
2024-04-09T14:42:42.000000,-533.8627000000257,-536.1929000000547,-1070.0556000000754
2024-04-09T14:42:47.000000,-533.8627000000257,-544.0529000000547,-1077.9156000000753
2024-04-09T14:42:57.000000,-533.8627000000257,-575.5445000000552,-1109.4072000000758
2024-04-09T14:43:02.000000,-533.8627000000257,-583.4045000000552,-1117.2672000000757
2024-04-09T14:43:17.000000,-533.8627000000257,-596.5646000000551,-1130.4273000000755
2024-04-09T14:43:22.000000,-533.8627000000257,-604.4246000000551,-1138.2873000000754
2024-04-09T14:43:32.000000,-533.8627000000257,-612.2846000000551,-1146.1473000000753
2024-04-09T14:43:57.000000,-533.8627000000257,-620.1446000000551,-1154.0073000000752
2024-04-09T14:43:57.000000,-533.8627000000257,-624.2937500000558,-1158.156450000076
2024-04-09T14:44:02.000000,-533.8627000000257,-632.1537500000558,-1166.0164500000758
2024-04-10T09:50:22.000000,-519.8075500000256,-632.1537500000558,-1151.9613000000757
2024-04-10T09:50:42.000000,-527.7035500000255,-632.1537500000558,-1159.8573000000756
2024-04-10T09:50:47.000000,-529.6034500000246,-632.1537500000558,-1161.7572000000746
2024-04-10T09:51:22.000000,-496.73985000002403,-632.1537500000558,-1128.893600000074
2024-04-10T09:52:02.000000,-609.4956000000245,-632.1537500000558,-1241.6493500000745
2024-04-10T09:55:47.000000,-677.2206000000245,-632.1537500000558,-1309.3743500000746
2024-04-10T09:55:47.000000,-704.8876000000248,-632.1537500000558,-1337.041350000075
2024-04-10T09:55:57.000000,-704.8876000000248,-606.0774500000565,-1310.9650500000757
2024-04-10T09:56:07.000000,-742.7761000000241,-606.0774500000565,-1348.853550000075
2024-04-10T09:56:07.000000,-838.2709000000251,-606.0774500000565,-1444.3483500000762
2024-04-10T09:56:12.000000,-906.1639000000251,-606.0774500000565,-1512.2413500000762
2024-04-10T09:56:42.000000,-944.0764000000258,-606.0774500000565,-1550.1538500000768
2024-04-10T09:56:47.000000,-966.6452000000255,-606.0774500000565,-1572.7226500000763
2024-04-10T09:58:27.000000,-972.4052000000255,-606.0774500000565,-1578.4826500000763
2024-04-10T09:59:37.000000,-919.7618000000257,-606.0774500000565,-1525.8392500000766
2024-04-10T09:59:42.000000,-861.115100000026,-606.0774500000565,-1467.192550000077
2024-04-10T09:59:52.000000,-811.4625500000257,-606.0774500000565,-1417.5400000000766
2024-04-10T09:59:52.000000,-755.8091000000254,-606.0774500000565,-1361.8865500000763
2024-04-10T09:59:57.000000,-688.1610500000254,-606.0774500000565,-1294.2385000000763
2024-04-10T10:00:02.000000,-623.5134500000258,-606.0774500000565,-1229.5909000000768
2024-04-10T10:00:12.000000,-564.8619500000261,-606.0774500000565,-1170.939400000077
2024-04-10T10:00:52.000000,-557.5997000000265,-606.0774500000565,-1163.6771500000773
2024-04-10T10:00:57.000000,-587.3185000000274,-606.0774500000565,-1193.3959500000783
2024-04-10T10:06:12.000000,-587.3185000000274,-562.9850000000561,-1150.303500000078
2024-04-10T10:07:27.000000,-587.3185000000274,-553.8704500000564,-1141.1889500000784
2024-04-10T10:09:22.000000,-581.0223000000269,-553.8704500000564,-1134.892750000078
2024-04-10T10:21:27.000000,-603.7165500000266,-553.8704500000564,-1157.5870000000778
2024-04-10T10:28:27.000000,-621.3380500000263,-553.8704500000564,-1175.2085000000775
2024-04-10T10:28:32.000000,-650.9533500000258,-553.8704500000564,-1204.823800000077
2024-04-10T10:29:37.000000,-628.6528500000264,-553.8704500000564,-1182.5233000000776
2024-04-10T10:29:42.000000,-606.3523500000271,-553.8704500000564,-1160.2228000000782
2024-04-10T10:29:52.000000,-584.0518500000277,-553.8704500000564,-1137.9223000000788
2024-04-10T10:30:07.000000,-561.7513500000283,-553.8704500000564,-1115.6218000000795
2024-04-10T10:32:12.000000,-458.061900000028,-553.8704500000564,-1011.9323500000792
2024-04-10T10:32:17.000000,-354.37005000002875,-553.8704500000564,-908.2405000000799
2024-04-10T10:33:12.000000,-259.6723500000288,-553.8704500000564,-813.54280000008
2024-04-10T10:33:12.000000,-158.9737500000279,-553.8704500000564,-712.8442000000791
2024-04-10T10:33:12.000000,-61.27560000002748,-553.8704500000564,-615.1460500000787
2024-04-10T10:33:12.000000,33.422099999972474,-553.8704500000564,-520.4483500000788
2024-04-10T10:36:27.000000,33.422099999972474,-554.8382000000565,-521.4161000000789
2024-04-10T10:36:57.000000,33.422099999972474,-606.8217500000561,-573.3996500000785
2024-04-10T10:37:17.000000,33.422099999972474,-640.8146000000561,-607.3925000000785
2024-04-10T10:38:37.000000,33.422099999972474,-672.7958000000556,-639.373700000078
2024-04-10T10:40:02.000000,33.422099999972474,-679.7870000000556,-646.364900000078
2024-04-10T10:42:57.000000,33.422099999972474,-680.7917000000557,-647.3696000000782
2024-04-10T10:42:57.000000,33.422099999972474,-693.7886000000556,-660.3665000000781
2024-04-10T10:42:57.000000,33.422099999972474,-694.7933000000558,-661.3712000000783
2024-04-10T10:42:57.000000,33.422099999972474,-689.801900000056,-656.3798000000785
2024-04-10T10:42:57.000000,33.422099999972474,-687.8085500000567,-654.3864500000792
2024-04-10T10:42:57.000000,33.422099999972474,-706.8015500000575,-673.37945000008
2024-04-10T10:50:27.000000,33.422099999972474,-714.4575500000575,-681.03545000008
2024-04-10T10:50:52.000000,33.422099999972474,-688.4654000000577,-655.0433000000802
2024-04-10T10:50:52.000000,33.422099999972474,-662.4732500000579,-629.0511500000804
2024-04-10T10:53:07.000000,33.422099999972474,-676.9448500000591,-643.5227500000816
2024-04-10T10:53:12.000000,33.422099999972474,-659.8676500000596,-626.4455500000821
2024-04-10T10:53:17.000000,33.422099999972474,-648.78655000006,-615.3644500000825
2024-04-10T10:53:22.000000,33.422099999972474,-643.7063500000602,-610.2842500000827
2024-04-10T10:53:27.000000,33.422099999972474,-654.1741500000594,-620.7520500000819
2024-04-10T10:55:32.000000,33.422099999972474,-625.0951500000601,-591.6730500000826
2024-04-10T10:55:42.000000,33.422099999972474,-620.0053500000604,-586.5832500000829
2024-04-10T10:57:37.000000,33.422099999972474,-602.4753500000609,-569.0532500000834
2024-04-10T10:58:17.000000,33.422099999972474,-627.3387000000605,-593.916600000083
2024-04-10T10:58:22.000000,33.422099999972474,-652.2020500000601,-618.7799500000826
2024-04-10T11:05:37.000000,33.422099999972474,-719.1662500000599,-685.7441500000824
2024-04-10T11:06:12.000000,33.422099999972474,-792.1169500000595,-758.694850000082
2024-04-10T11:06:22.000000,33.422099999972474,-883.0559500000599,-849.6338500000824
2024-04-10T11:06:32.000000,33.422099999972474,-938.8711500000588,-905.4490500000813
2024-04-10T11:08:32.000000,33.422099999972474,-1000.2040500000587,-966.7819500000812
2024-04-10T11:10:52.000000,33.422099999972474,-1019.1802500000584,-985.758150000081
2024-04-10T11:10:57.000000,33.422099999972474,-1023.519000000058,-990.0969000000805
2024-04-10T11:10:57.000000,33.422099999972474,-1042.4904000000588,-1009.0683000000813
2024-04-10T11:11:12.000000,33.422099999972474,-1025.4708000000583,-992.0487000000808
2024-04-10T11:11:57.000000,33.422099999972474,-1002.4599000000578,-969.0378000000803
2024-04-10T11:13:37.000000,33.422099999972474,-1027.4706000000585,-994.048500000081
2024-04-10T11:14:37.000000,33.422099999972474,-1035.2466000000586,-1001.824500000081
2024-04-10T11:17:42.000000,33.422099999972474,-1058.0288500000593,-1024.6067500000815
2024-04-10T11:19:27.000000,33.422099999972474,-1077.053050000059,-1043.6309500000814
2024-04-10T11:22:52.000000,33.422099999972474,-916.1126500000595,-882.6905500000818
2024-04-10T11:23:47.000000,33.422099999972474,-854.6368500000588,-821.214750000081
2024-04-10T13:17:52.000000,33.422099999972474,-917.3371000000585,-883.9150000000808
2024-04-10T13:18:02.000000,33.422099999972474,-980.0373500000583,-946.6152500000806
2024-04-10T13:21:57.000000,33.422099999972474,-939.2877500000578,-905.8656500000801
2024-04-10T13:37:12.000000,33.422099999972474,-971.5515000000564,-938.1294000000787
2024-04-10T13:37:22.000000,33.422099999972474,-1008.8120000000558,-975.3899000000781
2024-04-10T13:39:07.000000,33.422099999972474,-997.7261000000562,-964.3040000000785
2024-04-10T13:48:52.000000,33.422099999972474,-1004.6573000000562,-971.2352000000785
2024-04-10T13:49:07.000000,1.7128999999729864,-1004.6573000000562,-1002.944400000078
2024-04-10T13:49:22.000000,1.7128999999729864,-1011.5933000000563,-1009.880400000078
2024-04-10T13:50:02.000000,1.7128999999729864,-1018.5245000000563,-1016.811600000078
2024-04-10T13:55:17.000000,29.443749999973484,-1018.5245000000563,-989.0807500000775
2024-04-10T13:55:27.000000,57.18019999997398,-1018.5245000000563,-961.344300000077
2024-04-10T13:55:32.000000,84.91664999997448,-1018.5245000000563,-933.6078500000766
2024-04-10T13:55:37.000000,112.65869999997497,-1018.5245000000563,-905.8658000000761
2024-04-10T13:55:42.000000,147.4017999999753,-1018.5245000000563,-871.1227000000757
2024-04-10T13:55:47.000000,175.1438499999758,-1018.5245000000563,-843.3806500000752
2024-04-10T13:56:07.000000,174.89849999997566,-1018.5245000000563,-843.6260000000754
2024-04-10T13:58:12.000000,155.72069999997592,-1018.5245000000563,-862.8038000000751
2024-04-10T13:58:17.000000,154.5335999999758,-1018.5245000000563,-863.9909000000752
2024-04-10T13:58:22.000000,150.3460499999752,-1018.5245000000563,-868.1784500000757
2024-04-10T13:58:27.000000,134.15909999997592,-1018.5245000000563,-884.3654000000749
2024-04-10T13:58:32.000000,99.97904999997596,-1018.5245000000563,-918.5454500000749
2024-04-10T14:14:42.000000,78.83694999997626,-1018.5245000000563,-939.6875500000746
2024-04-10T14:17:02.000000,78.83694999997626,-1005.8207000000574,-926.9837500000757
2024-04-10T14:17:22.000000,106.72459999997676,-1005.8207000000574,-899.0961000000752
2024-04-10T14:26:52.000000,106.72459999997676,-1013.5607000000574,-906.8361000000752
2024-04-10T14:26:52.000000,106.72459999997676,-1015.2110000000575,-908.4864000000754
2024-04-10T14:27:02.000000,106.72459999997676,-1022.9510000000575,-916.2264000000754
2024-04-10T14:27:12.000000,106.72459999997676,-1030.5974000000576,-923.8728000000754
2024-04-10T14:27:42.000000,106.72459999997676,-1053.3276500000572,-946.6030500000751
2024-04-10T14:28:02.000000,106.72459999997676,-1018.6013500000569,-911.8767500000747
2024-04-10T14:28:07.000000,106.72459999997676,-1181.068600000058,-1074.3440000000758
2024-04-10T14:28:47.000000,106.72459999997676,-1266.1315000000586,-1159.4069000000763
2024-04-10T14:30:37.000000,106.72459999997676,-1373.6425000000584,-1266.917900000076
2024-04-10T14:30:42.000000,106.72459999997676,-1466.1632500000592,-1359.438650000077
2024-04-10T14:31:02.000000,106.72459999997676,-1653.2606500000595,-1546.5360500000772
2024-04-10T14:31:17.000000,106.72459999997676,-1732.1594500000601,-1625.4348500000779
2024-04-10T14:32:27.000000,106.72459999997676,-1835.2778500000602,-1728.553250000078
2024-04-10T14:33:12.000000,106.72459999997676,-1956.40375000006,-1849.6791500000777
2024-04-10T14:34:37.000000,106.72459999997676,-1908.9675000000602,-1802.242900000078
2024-04-10T14:34:42.000000,106.72459999997676,-1886.519000000061,-1779.7944000000787
2024-04-10T14:34:47.000000,106.72459999997676,-1874.0680000000614,-1767.343400000079
2024-04-10T14:34:52.000000,106.72459999997676,-1866.613750000061,-1759.8891500000786
2024-04-10T14:35:02.000000,106.72459999997676,-1869.157000000062,-1762.4324000000797
2024-04-10T14:35:32.000000,106.72459999997676,-1856.7260000000624,-1750.0014000000801
2024-04-10T14:35:47.000000,106.72459999997676,-1864.2980000000623,-1757.57340000008
2024-04-10T14:36:12.000000,106.72459999997676,-1886.852250000063,-1780.1276500000806
2024-04-10T14:36:17.000000,106.72459999997676,-1923.7927500000624,-1817.06815000008
2024-04-10T14:36:17.000000,106.72459999997676,-1946.347000000063,-1839.6224000000807
2024-04-10T14:36:22.000000,106.72459999997676,-1983.5803000000624,-1876.85570000008
2024-04-10T14:36:22.000000,106.72459999997676,-2021.1288000000636,-1914.4042000000813
2024-04-10T14:36:27.000000,106.72459999997676,-2064.070200000063,-1957.3456000000806
2024-04-10T14:36:27.000000,106.72459999997676,-2096.6259500000633,-1989.901350000081
2024-04-10T14:36:32.000000,106.72459999997676,-2139.5673500000626,-2032.8427500000803
2024-04-10T14:36:32.000000,106.72459999997676,-2177.1238500000636,-2070.3992500000813
2024-04-10T14:36:37.000000,106.72459999997676,-2220.070050000063,-2113.3454500000807
2024-04-10T14:36:47.000000,106.72459999997676,-2263.0114500000623,-2156.28685000008
2024-04-10T14:38:57.000000,106.72459999997676,-2275.564200000063,-2168.8396000000807
2024-04-10T14:39:02.000000,106.72459999997676,-2288.1209500000637,-2181.3963500000814
2024-04-10T14:39:07.000000,106.72459999997676,-2300.6657000000646,-2193.9411000000823
2024-04-10T14:39:17.000000,106.72459999997676,-2333.197450000065,-2226.472850000083
2024-04-10T14:39:17.000000,106.72459999997676,-2370.7259500000664,-2264.001350000084
2024-04-10T14:40:52.000000,106.72459999997676,-2359.6784500000667,-2252.9538500000845
2024-04-10T14:40:52.000000,106.72459999997676,-2317.238950000066,-2210.5143500000836
2024-04-10T14:40:57.000000,106.72459999997676,-2289.7897000000657,-2183.0651000000835
2024-04-10T14:41:42.000000,106.72459999997676,-2217.3497000000657,-2110.6251000000834
2024-04-10T14:42:07.000000,106.72459999997676,-2032.6937000000667,-1925.9691000000844
2024-04-10T14:42:27.000000,106.72459999997676,-1854.0338000000675,-1747.3092000000852
2024-04-10T14:42:47.000000,106.72459999997676,-1723.3475000000672,-1616.6229000000849
2024-04-10T14:43:57.000000,106.72459999997676,-1731.1523000000673,-1624.427700000085
2024-04-10T14:44:07.000000,106.72459999997676,-1744.9532000000681,-1638.2286000000859
2024-04-11T09:50:12.000000,165.30889999997748,-1744.9532000000681,-1579.6443000000852
2024-04-11T09:50:17.000000,229.88929999997808,-1744.9532000000681,-1515.0639000000847
2024-04-11T09:50:27.000000,188.33829999997812,-1744.9532000000681,-1556.6149000000846
2024-04-11T09:50:37.000000,202.7471999999796,-1744.9532000000681,-1542.2060000000831
2024-04-11T09:50:37.000000,171.1992999999791,-1744.9532000000681,-1573.7539000000836
2024-04-11T09:50:42.000000,188.24769999997858,-1744.9532000000681,-1556.7055000000842
2024-04-11T09:50:42.000000,154.70269999997845,-1744.9532000000681,-1590.2505000000842
2024-04-11T09:50:52.000000,165.75499999997805,-1744.9532000000681,-1579.1982000000846
2024-04-11T09:50:57.000000,158.82379999997806,-1744.9532000000681,-1586.1294000000846
2024-04-11T09:51:17.000000,163.88479999997887,-1744.9532000000681,-1581.0684000000838
2024-04-11T09:51:32.000000,228.86119999997948,-1744.9532000000681,-1516.092000000083
2024-04-11T09:52:02.000000,153.3322999999792,-1744.9532000000681,-1591.6209000000833
2024-04-11T09:52:27.000000,212.39179999997884,-1744.9532000000681,-1532.5614000000837
2024-04-11T09:52:32.000000,253.44859999997888,-1744.9532000000681,-1491.5046000000837
2024-04-11T09:52:32.000000,183.9333999999788,-1744.9532000000681,-1561.0198000000837
2024-04-11T09:53:47.000000,114.41339999997875,-1744.9532000000681,-1630.5398000000837
2024-04-11T09:54:27.000000,107.33579999997875,-1744.9532000000681,-1637.6174000000838
2024-04-11T09:54:57.000000,35.82189999997766,-1744.9532000000681,-1709.1313000000848
2024-04-11T09:56:27.000000,18.301699999977206,-1744.9532000000681,-1726.6515000000852
2024-04-11T09:56:37.000000,10.786199999976184,-1744.9532000000681,-1734.1670000000863
2024-04-11T09:56:42.000000,9.269999999976807,-1744.9532000000681,-1735.6832000000857
2024-04-11T09:56:57.000000,11.759199999976635,-1744.9532000000681,-1733.194000000086
2024-04-11T09:56:57.000000,14.248399999976463,-1744.9532000000681,-1730.7048000000862
2024-04-11T09:57:37.000000,-21.25370000002325,-1744.9532000000681,-1766.2069000000859
2024-04-11T09:57:37.000000,-42.75370000002291,-1744.9532000000681,-1787.7069000000856
2024-04-11T09:57:37.000000,-62.253400000022964,-1744.9532000000681,-1807.2066000000857
2024-04-11T09:57:37.000000,-79.75280000002343,-1744.9532000000681,-1824.706000000086
2024-04-11T09:57:37.000000,-97.25220000002389,-1744.9532000000681,-1842.2054000000865
2024-04-11T09:57:42.000000,-118.74580000002355,-1744.9532000000681,-1863.699000000086
2024-04-11T09:57:47.000000,-142.2365000000228,-1744.9532000000681,-1887.1897000000852
2024-04-11T09:58:02.000000,-175.7191000000229,-1744.9532000000681,-1920.6723000000852
2024-04-11T09:59:22.000000,-239.19500000002273,-1744.9532000000681,-1984.1482000000851
2024-04-11T09:59:22.000000,-302.6709000000226,-1744.9532000000681,-2047.624100000085
2024-04-11T09:59:22.000000,-366.14680000002244,-1744.9532000000681,-2111.100000000085
2024-04-11T09:59:22.000000,-427.62240000002265,-1744.9532000000681,-2172.575600000085
2024-04-11T09:59:22.000000,-483.09710000002264,-1744.9532000000681,-2228.0503000000854
2024-04-11T09:59:37.000000,-538.5798000000226,-1744.9532000000681,-2283.5330000000854
2024-04-11T09:59:37.000000,-580.0604000000226,-1744.9532000000681,-2325.0136000000853
2024-04-11T09:59:57.000000,-580.0604000000226,-1878.240900000068,-2458.301300000085
2024-04-11T10:00:02.000000,-580.0604000000226,-2039.5272000000673,-2619.5876000000844
2024-04-11T10:00:07.000000,-580.0604000000226,-2200.8079000000666,-2780.8683000000838
2024-04-11T10:00:07.000000,-631.5361000000233,-2200.8079000000666,-2832.3440000000846
2024-04-11T10:00:32.000000,-677.0093000000224,-2200.8079000000666,-2877.8172000000836
2024-04-11T10:00:42.000000,-730.4773000000214,-2200.8079000000666,-2931.2852000000826
2024-04-11T10:00:42.000000,-777.9444000000216,-2200.8079000000666,-2978.752300000083
2024-04-11T10:00:47.000000,-833.4095000000216,-2200.8079000000666,-3034.2174000000828
2024-04-11T10:00:52.000000,-906.8693000000209,-2200.8079000000666,-3107.677200000082
2024-04-11T10:02:32.000000,-962.3424000000209,-2200.8079000000666,-3163.150300000082
2024-04-11T10:02:42.000000,-1007.8172000000214,-2200.8079000000666,-3208.6251000000825
2024-04-11T10:02:42.000000,-1053.292000000022,-2200.8079000000666,-3254.099900000083
2024-04-11T10:03:47.000000,-1042.7808000000223,-2200.8079000000666,-3243.5887000000835
2024-04-11T10:04:27.000000,-1050.3888000000222,-2200.8079000000666,-3251.1967000000836
2024-04-11T10:04:27.000000,-1073.865100000023,-2200.8079000000666,-3274.6730000000844
2024-04-11T10:04:27.000000,-1095.3411000000226,-2200.8079000000666,-3296.149000000084
2024-04-11T10:05:02.000000,-1092.8231000000228,-2200.8079000000666,-3293.631000000084
2024-04-11T10:05:27.000000,-1092.8231000000228,-2201.170850000067,-3293.993950000084
2024-04-11T10:05:37.000000,-1092.8231000000228,-2229.5156000000675,-3322.338700000085
2024-04-11T10:06:52.000000,-1085.4888500000218,-2229.5156000000675,-3315.004450000084
2024-04-11T10:07:12.000000,-1085.4888500000218,-2180.888000000067,-3266.376850000084
2024-04-11T10:07:17.000000,-1085.4888500000218,-2125.2649500000675,-3210.753800000084
2024-04-11T10:07:32.000000,-1085.4888500000218,-2090.622650000067,-3176.1115000000837
2024-04-11T10:08:37.000000,-1048.274100000022,-2090.622650000067,-3138.8967500000836
2024-04-11T10:19:02.000000,-1048.274100000022,-2103.477950000067,-3151.7520500000833
2024-04-11T10:19:12.000000,-1061.2590000000218,-2103.477950000067,-3164.736950000083
2024-04-11T10:20:02.000000,-1061.2590000000218,-2104.974650000067,-3166.2336500000833
2024-04-11T10:20:17.000000,-1061.2590000000218,-2115.0671000000675,-3176.326100000084
2024-04-11T10:20:22.000000,-1061.2590000000218,-2119.161050000067,-3180.4200500000834
2024-04-11T10:22:32.000000,-1061.2590000000218,-2126.901050000067,-3188.160050000083
2024-04-11T10:27:07.000000,-1061.2590000000218,-2172.8525000000664,-3234.1115000000827
2024-04-11T10:27:12.000000,-1061.2590000000218,-2251.792100000066,-3313.0511000000824
2024-04-11T10:27:17.000000,-1061.2590000000218,-2339.728250000066,-3400.9872500000824
2024-04-11T10:27:22.000000,-1061.2590000000218,-2451.6584000000653,-3512.9174000000817
2024-04-11T10:29:42.000000,-1061.2590000000218,-2515.595750000066,-3576.8547500000823
2024-04-11T10:30:22.000000,-1061.2590000000218,-2555.5487000000667,-3616.807700000083
2024-04-11T10:31:07.000000,-1099.1475000000212,-2555.5487000000667,-3654.6962000000826
2024-04-11T10:31:12.000000,-1099.1475000000212,-2533.3042000000655,-3632.4517000000815
2024-04-11T10:31:12.000000,-1099.1475000000212,-2516.056450000065,-3615.203950000081
2024-04-11T10:31:17.000000,-1137.0360000000205,-2516.056450000065,-3653.0924500000806
2024-04-11T10:31:27.000000,-1174.9245000000199,-2516.056450000065,-3690.98095000008
2024-04-11T10:31:32.000000,-1212.8130000000192,-2516.056450000065,-3728.8694500000797
2024-04-11T10:31:42.000000,-1212.8130000000192,-2483.5664500000657,-3696.3794500000804
2024-04-11T10:31:42.000000,-1250.7015000000185,-2483.5664500000657,-3734.26795000008
2024-04-11T10:31:52.000000,-1250.7015000000185,-2499.532600000066,-3750.23410000008
2024-04-11T10:31:57.000000,-1250.7015000000185,-2533.496650000066,-3784.19815000008
2024-04-11T10:32:17.000000,-1250.7015000000185,-2526.270400000065,-3776.971900000079
2024-04-11T10:32:52.000000,-1250.7015000000185,-2491.2553000000657,-3741.95680000008
2024-04-11T10:32:57.000000,-1250.7015000000185,-2498.162500000066,-3748.86400000008
2024-04-11T10:33:02.000000,-1250.7015000000185,-2463.1450000000655,-3713.8465000000797
2024-04-11T10:33:02.000000,-1250.7015000000185,-2434.1236000000654,-3684.8251000000796
2024-04-11T10:33:07.000000,-1250.7015000000185,-2405.104600000066,-3655.8061000000803
2024-04-11T10:33:07.000000,-1250.7015000000185,-2407.867850000067,-3658.569350000081
2024-04-11T10:33:12.000000,-1250.7015000000185,-2378.853650000068,-3629.555150000082
2024-04-11T10:33:27.000000,-1250.7015000000185,-2376.8315000000675,-3627.5330000000818
2024-04-11T10:33:52.000000,-1250.7015000000185,-2324.3345000000672,-3575.0360000000815
2024-04-11T10:34:52.000000,-1250.7015000000185,-2421.3152000000673,-3672.0167000000815
2024-04-11T10:37:22.000000,-1250.7015000000185,-2533.2933500000668,-3783.994850000081
2024-04-11T10:38:27.000000,-1250.7015000000185,-2616.0446000000666,-3866.746100000081
2024-04-11T10:39:32.000000,-1250.7015000000185,-2623.8206000000664,-3874.5221000000806
2024-04-11T10:39:32.000000,-1250.7015000000185,-2630.6654000000663,-3881.3669000000805
2024-04-11T10:39:47.000000,-1270.405700000019,-2630.6654000000663,-3901.071100000081
2024-04-11T10:40:42.000000,-1270.405700000019,-2847.5991500000655,-4118.00485000008
2024-04-11T10:40:52.000000,-1270.405700000019,-2825.394650000066,-4095.800350000081
2024-04-11T10:40:57.000000,-1270.405700000019,-2829.5750000000658,-4099.98070000008
2024-04-11T10:40:57.000000,-1270.405700000019,-2812.3472500000653,-4082.7529500000796
2024-04-11T10:41:07.000000,-1270.405700000019,-2823.234250000066,-4093.6399500000803
2024-04-11T10:43:52.000000,-1270.405700000019,-2816.008000000065,-4086.413700000079
2024-04-11T10:46:57.000000,-1270.405700000019,-2853.7645000000657,-4124.17020000008
2024-04-11T10:52:32.000000,-1270.405700000019,-2909.310900000066,-4179.71660000008
2024-04-11T10:52:42.000000,-1270.405700000019,-2964.857300000066,-4235.26300000008
2024-04-11T10:52:47.000000,-1270.405700000019,-3020.4037000000662,-4290.80940000008
2024-04-11T10:53:02.000000,-1270.405700000019,-3075.9501000000664,-4346.35580000008
2024-04-11T10:53:12.000000,-1270.405700000019,-3131.4965000000666,-4401.9022000000805
2024-04-11T10:53:17.000000,-1270.405700000019,-3187.0429000000668,-4457.448600000081
2024-04-11T10:53:27.000000,-1270.405700000019,-3263.049900000067,-4533.455600000081
2024-04-11T10:56:32.000000,-1270.405700000019,-3297.473300000067,-4567.879000000081
2024-04-11T10:58:12.000000,-1169.3495000000191,-3297.473300000067,-4466.822800000081
2024-04-11T10:58:37.000000,-1155.303950000019,-3297.473300000067,-4452.777250000081
2024-04-11T10:58:42.000000,-1141.258400000019,-3297.473300000067,-4438.731700000081
2024-04-11T11:02:27.000000,-1141.258400000019,-3291.9195000000664,-4433.177900000081
2024-04-11T11:03:07.000000,-1141.258400000019,-3262.3589000000666,-4403.617300000081
2024-04-11T11:03:12.000000,-1141.258400000019,-3232.7951000000667,-4374.053500000081
2024-04-11T11:03:17.000000,-1141.258400000019,-3227.995700000066,-4369.25410000008
2024-04-11T11:03:27.000000,-1141.258400000019,-3190.427500000066,-4331.68590000008
2024-04-11T11:04:12.000000,-1141.258400000019,-3166.1027000000668,-4307.361100000081
2024-04-11T11:04:22.000000,-1141.258400000019,-3141.7779000000673,-4283.036300000082
2024-04-11T11:04:32.000000,-1141.258400000019,-3133.442700000068,-4274.701100000082
2024-04-11T11:05:12.000000,-1141.258400000019,-3141.1227000000677,-4282.381100000082
2024-04-11T11:06:37.000000,-1141.258400000019,-3148.8027000000675,-4290.061100000083
2024-04-11T11:07:02.000000,-1141.258400000019,-3086.136200000067,-4227.394600000082
2024-04-11T11:08:02.000000,-1141.258400000019,-3253.8146000000665,-4395.073000000082
2024-04-11T11:08:07.000000,-1141.258400000019,-3453.4978000000665,-4594.756200000083
2024-04-11T11:08:12.000000,-1141.258400000019,-3669.1706000000677,-4810.429000000084
2024-04-11T11:09:17.000000,-1141.258400000019,-3716.9646000000685,-4858.2230000000845
2024-04-11T11:09:32.000000,-1141.258400000019,-3759.7658500000666,-4901.024250000083
2024-04-11T11:09:57.000000,-1141.258400000019,-3812.5646000000665,-4953.823000000083
2024-04-11T11:10:07.000000,-1141.258400000019,-3880.353600000067,-5021.612000000084
2024-04-11T11:10:07.000000,-1064.301650000018,-3880.353600000067,-4944.655250000083
2024-04-11T11:10:12.000000,-1064.301650000018,-3948.142600000068,-5012.444250000083
2024-04-11T11:13:37.000000,-1064.301650000018,-3985.9591000000673,-5050.260750000082
2024-04-11T11:13:42.000000,-1064.301650000018,-4018.778850000068,-5083.080500000083
2024-04-11T11:13:52.000000,-1064.301650000018,-4061.592100000068,-5125.893750000083
2024-04-11T11:13:57.000000,-1064.301650000018,-4109.402100000068,-5173.703750000082
2024-04-11T11:14:17.000000,-1064.301650000018,-4142.221850000068,-5206.523500000083
2024-04-11T11:15:02.000000,-1064.301650000018,-4165.048100000069,-5229.349750000084
2024-04-11T11:15:12.000000,-1064.301650000018,-4182.873600000071,-5247.175250000086
2024-04-11T11:15:32.000000,-1064.301650000018,-4215.693350000071,-5279.995000000086
2024-04-11T11:15:47.000000,-1064.301650000018,-4258.502600000072,-5322.8042500000865
2024-04-11T11:15:57.000000,-1064.301650000018,-4301.307850000072,-5365.609500000087
2024-04-11T11:19:27.000000,-1064.301650000018,-4322.3317000000725,-5386.633350000087
2024-04-11T11:23:22.000000,-1064.301650000018,-4299.335200000073,-5363.636850000088
2024-04-11T11:23:32.000000,-1064.301650000018,-4287.370900000074,-5351.672550000088
2024-04-11T11:23:42.000000,-1064.301650000018,-4287.398800000074,-5351.7004500000885
2024-04-11T11:23:47.000000,-1064.301650000018,-4278.432550000073,-5342.734200000088
2024-04-11T11:24:57.000000,-1064.301650000018,-4215.446200000073,-5279.747850000088
2024-04-11T11:26:02.000000,-1064.301650000018,-4193.989200000073,-5258.290850000088
2024-04-11T11:26:17.000000,-1064.301650000018,-4145.232000000073,-5209.533650000088
2024-04-11T11:26:22.000000,-1064.301650000018,-4107.775800000073,-5172.077450000088
2024-04-11T11:26:37.000000,-1064.301650000018,-4070.605050000073,-5134.906700000088
2024-04-11T11:27:17.000000,-1064.301650000018,-4077.8178500000727,-5142.119500000088
2024-04-11T11:29:12.000000,-1064.301650000018,-4070.639600000072,-5134.941250000087
2024-04-11T11:29:17.000000,-1064.301650000018,-4063.461350000071,-5127.763000000086
2024-04-11T11:29:22.000000,-1064.301650000018,-4071.273350000071,-5135.575000000086
2024-04-11T11:29:27.000000,-1064.301650000018,-4079.085350000071,-5143.387000000086
2024-04-11T13:00:12.000000,-1064.301650000018,-4116.889850000071,-5181.191500000087
2024-04-11T13:00:17.000000,-1064.301650000018,-4139.692100000071,-5203.993750000087
2024-04-11T13:00:47.000000,-1120.2192500000185,-4139.692100000071,-5259.911350000088
2024-04-11T13:01:07.000000,-1184.0644500000174,-4139.692100000071,-5323.7565500000865
2024-04-11T13:07:17.000000,-1275.9572000000182,-4139.692100000071,-5415.649300000087
2024-04-11T13:16:17.000000,-1275.9572000000182,-4123.63410000007,-5399.591300000086
2024-04-11T13:16:22.000000,-1275.9572000000182,-4099.58130000007,-5375.538500000086
2024-04-11T13:16:52.000000,-1275.9572000000182,-4067.5369000000705,-5343.494100000087
2024-04-11T13:16:57.000000,-1275.9572000000182,-4031.4951000000706,-5307.452300000087
2024-04-11T13:17:02.000000,-1275.9572000000182,-3991.4527000000703,-5267.409900000087
2024-04-11T13:17:12.000000,-1275.9572000000182,-3955.4109000000703,-5231.368100000087
2024-04-11T13:17:17.000000,-1275.9572000000182,-3978.35715000007,-5254.314350000087
2024-04-11T13:17:17.000000,-1275.9572000000182,-3934.3205500000704,-5210.2777500000875
2024-04-11T13:17:22.000000,-1275.9572000000182,-3926.03030000007,-5201.987500000087
2024-04-11T13:17:22.000000,-1275.9572000000182,-3881.9969000000688,-5157.954100000085
2024-04-11T13:17:32.000000,-1275.9572000000182,-3904.9431500000683,-5180.900350000085
2024-04-11T13:17:42.000000,-1275.9572000000182,-3911.659150000068,-5187.616350000086
2024-04-11T13:17:47.000000,-1275.9572000000182,-3908.373650000068,-5184.330850000086
2024-04-11T13:17:52.000000,-1275.9572000000182,-3895.0906500000688,-5171.047850000086
2024-04-11T13:17:57.000000,-1275.9572000000182,-3881.8076500000693,-5157.764850000087
2024-04-11T13:23:52.000000,-1303.6434000000186,-3881.8076500000693,-5185.451050000087
2024-04-11T13:26:47.000000,-1303.6434000000186,-3960.90805000007,-5264.551450000087
2024-04-11T13:27:27.000000,-1323.274000000019,-3960.90805000007,-5284.182050000088
2024-04-11T13:27:32.000000,-1326.9022000000198,-3960.90805000007,-5287.810250000089
2024-04-11T13:27:57.000000,-1382.5126000000187,-3960.90805000007,-5343.420650000087
2024-04-11T13:31:27.000000,-1382.5126000000187,-3972.6408000000692,-5355.153400000087
2024-04-11T13:32:12.000000,-1418.0768000000194,-3972.6408000000692,-5390.717600000087
2024-04-11T13:32:12.000000,-1418.0768000000194,-3979.372800000069,-5397.449600000087
2024-04-11T13:33:12.000000,-1418.0768000000194,-4006.1198000000686,-5424.196600000087
2024-04-11T13:33:17.000000,-1418.0768000000194,-4062.8553000000693,-5480.932100000087
2024-04-11T13:36:02.000000,-1418.0768000000194,-4074.6120500000684,-5492.688850000086
2024-04-11T13:36:07.000000,-1418.0768000000194,-4033.672850000068,-5451.749650000086
2024-04-11T13:36:42.000000,-1393.8416000000186,-4033.672850000068,-5427.514450000085
2024-04-11T13:38:37.000000,-1377.454000000019,-4033.672850000068,-5411.126850000086
2024-04-11T13:39:07.000000,-1395.1075000000205,-4033.672850000068,-5428.780350000087
2024-04-11T13:39:47.000000,-1395.1075000000205,-4015.4411000000678,-5410.548600000087
2024-04-11T13:48:02.000000,-1395.1075000000205,-3986.8693000000676,-5381.976800000088
2024-04-11T13:48:07.000000,-1395.1075000000205,-3950.302700000068,-5345.410200000088
2024-04-11T13:48:27.000000,-1395.1075000000205,-3925.718700000067,-5320.826200000087
2024-04-11T13:49:37.000000,-1395.1075000000205,-3993.122900000068,-5388.230400000088
2024-04-11T13:52:12.000000,-1395.1075000000205,-4004.5251000000685,-5399.632600000088
2024-04-11T13:52:12.000000,-1395.1075000000205,-4015.927300000069,-5411.034800000089
2024-04-11T13:52:12.000000,-1395.1075000000205,-4031.3269000000687,-5426.434400000088
2024-04-11T13:55:32.000000,-1395.1075000000205,-4023.068500000069,-5418.176000000089
2024-04-11T14:08:12.000000,-1395.1075000000205,-3998.84610000007,-5393.953600000089
2024-04-11T14:08:42.000000,-1395.1075000000205,-3990.61330000007,-5385.720800000089
2024-04-11T14:25:32.000000,-1395.1075000000205,-4021.080900000071,-5416.18840000009
2024-04-11T14:26:47.000000,-1395.1075000000205,-4016.4647000000705,-5411.57220000009
2024-04-11T14:29:32.000000,-1395.1075000000205,-4024.2047000000703,-5419.312200000089
2024-04-11T14:29:47.000000,-1434.7923000000212,-4024.2047000000703,-5458.99700000009
2024-04-11T14:32:02.000000,-1412.459800000022,-4024.2047000000703,-5436.664500000091
2024-04-11T14:38:47.000000,-1412.459800000022,-4020.13890000007,-5432.5987000000905
2024-04-11T14:38:52.000000,-1412.459800000022,-4016.0731000000696,-5428.53290000009
2024-04-11T14:38:57.000000,-1412.459800000022,-4016.00470000007,-5428.46450000009
2024-04-11T14:39:02.000000,-1412.459800000022,-4015.9363000000703,-5428.39610000009
2024-04-11T14:39:07.000000,-1412.459800000022,-4015.8679000000707,-5428.32770000009
2024-04-11T14:39:17.000000,-1412.459800000022,-4011.8021000000704,-5424.26190000009
2024-04-11T14:39:27.000000,-1412.459800000022,-4054.7147000000705,-5467.17450000009
2024-04-11T14:39:37.000000,-1412.459800000022,-4062.4667000000704,-5474.9265000000905
2024-04-11T14:41:57.000000,-1412.459800000022,-4061.6783000000705,-5474.138100000091
2024-04-11T14:42:37.000000,-1412.459800000022,-4030.62845000007,-5443.088250000091
2024-04-11T14:42:42.000000,-1412.459800000022,-3999.57860000007,-5412.03840000009
2024-04-11T14:45:02.000000,-1441.2413500000214,-3999.57860000007,-5440.81995000009
2024-04-11T14:45:02.000000,-1441.2413500000214,-4023.2482000000696,-5464.489550000089
2024-04-12T09:57:07.000000,-1426.9116500000218,-4023.2482000000696,-5450.15985000009
2024-04-12T09:59:37.000000,-1426.9116500000218,-4078.99940000007,-5505.911050000091
2024-04-12T09:59:42.000000,-1426.9116500000218,-4150.753000000071,-5577.664650000091
2024-04-12T10:01:27.000000,-1426.9116500000218,-4072.4442500000696,-5499.35590000009
2024-04-12T10:01:32.000000,-1426.9116500000218,-3994.1355000000685,-5421.047150000089
2024-04-12T10:01:37.000000,-1426.9116500000218,-3930.817000000068,-5357.728650000088
2024-04-12T10:05:47.000000,-1426.9116500000218,-3922.5842000000684,-5349.4958500000885
2024-04-12T10:07:12.000000,-1486.2461500000225,-3922.5842000000684,-5408.830350000089
2024-04-12T10:10:22.000000,-1486.2461500000225,-3848.8416500000685,-5335.087800000089
2024-04-12T10:10:22.000000,-1519.5831500000227,-3848.8416500000685,-5368.42480000009
2024-04-12T10:10:57.000000,-1519.5831500000227,-3856.5856500000687,-5376.1688000000895
2024-04-12T10:10:57.000000,-1556.9031500000235,-3856.5856500000687,-5413.48880000009
2024-04-12T10:11:07.000000,-1602.2211500000226,-3856.5856500000687,-5458.806800000089
2024-04-12T10:11:17.000000,-1602.2211500000226,-3875.5689000000684,-5477.790050000089
2024-04-12T10:12:27.000000,-1602.2211500000226,-3883.3129000000686,-5485.534050000088
2024-04-12T10:13:07.000000,-1637.5440500000223,-3883.3129000000686,-5520.856950000089
2024-04-12T10:13:12.000000,-1674.8656500000216,-3883.3129000000686,-5558.178550000088
2024-04-12T10:13:17.000000,-1696.1896500000225,-3883.3129000000686,-5579.502550000089
2024-04-12T10:14:27.000000,-1696.1896500000225,-3859.0521000000695,-5555.24175000009
2024-04-12T10:16:52.000000,-1696.1896500000225,-3726.895100000069,-5423.08475000009
2024-04-12T10:16:57.000000,-1696.1896500000225,-3624.7266000000695,-5320.91625000009
2024-04-12T10:17:02.000000,-1696.1896500000225,-3542.5371000000696,-5238.726750000091
2024-04-12T10:17:17.000000,-1696.1896500000225,-3530.2941000000683,-5226.4837500000895
2024-04-12T10:17:22.000000,-1696.1896500000225,-3582.8488500000685,-5279.03850000009
2024-04-12T10:17:27.000000,-1696.1896500000225,-3540.609350000068,-5236.799000000089
2024-04-12T10:17:27.000000,-1696.1896500000225,-3593.164100000068,-5289.353750000089
2024-04-12T10:17:37.000000,-1696.1896500000225,-3660.7211000000684,-5356.910750000089
2024-04-12T10:19:27.000000,-1696.1896500000225,-3713.287850000069,-5409.477500000089
2024-04-12T10:19:52.000000,-1696.1896500000225,-3659.9748500000683,-5356.164500000089
2024-04-12T10:20:02.000000,-1696.1896500000225,-3497.7573500000685,-5193.947000000089
2024-04-12T10:20:02.000000,-1693.9035000000222,-3497.7573500000685,-5191.660850000089
2024-04-12T10:20:07.000000,-1691.6173500000218,-3497.7573500000685,-5189.374700000089
2024-04-12T10:20:12.000000,-1691.6173500000218,-3315.552850000069,-5007.17020000009
2024-04-12T10:20:17.000000,-1691.6173500000218,-3133.34835000007,-4824.96570000009
2024-04-12T10:20:22.000000,-1691.6173500000218,-2971.13085000007,-4662.74820000009
2024-04-12T10:21:02.000000,-1663.395150000021,-2971.13085000007,-4634.526000000089
2024-04-12T10:21:17.000000,-1663.395150000021,-2908.84835000007,-4572.243500000089
2024-04-12T10:21:47.000000,-1663.395150000021,-2836.5803500000698,-4499.975500000089
2024-04-12T10:22:07.000000,-1663.395150000021,-2814.3198500000703,-4477.715000000089
2024-04-12T10:23:27.000000,-1663.395150000021,-2837.19410000007,-4500.589250000089
2024-04-12T10:23:32.000000,-1637.1102000000212,-2837.19410000007,-4474.304300000089
2024-04-12T10:24:42.000000,-1637.1102000000212,-2919.78935000007,-4556.899550000088
2024-04-12T10:25:32.000000,-1637.1102000000212,-3007.4941500000714,-4644.60435000009
2024-04-12T10:25:37.000000,-1637.1102000000212,-3095.1989500000727,-4732.309150000091
2024-04-12T10:27:07.000000,-1637.1102000000212,-3103.0709500000726,-4740.181150000091
2024-04-12T10:28:32.000000,-1637.1102000000212,-3101.591350000073,-4738.701550000092
2024-04-12T10:30:32.000000,-1637.1102000000212,-3103.330600000072,-4740.440800000091
2024-04-12T10:31:22.000000,-1637.1102000000212,-3179.308800000071,-4816.419000000091
2024-04-12T10:34:37.000000,-1637.1102000000212,-3285.9350000000713,-4923.0452000000905
2024-04-12T10:36:47.000000,-1637.1102000000212,-3256.624000000071,-4893.734200000091
2024-04-12T10:37:02.000000,-1637.1102000000212,-3259.2858000000706,-4896.39600000009
2024-04-12T10:37:27.000000,-1637.1102000000212,-3272.4243000000706,-4909.53450000009
2024-04-12T10:38:17.000000,-1637.1102000000212,-3239.1943000000697,-4876.304500000089
2024-04-12T10:38:47.000000,-1637.1102000000212,-3234.23650000007,-4871.346700000089
2024-04-12T10:40:02.000000,-1637.1102000000212,-3206.0072500000697,-4843.117450000089
2024-04-12T10:40:17.000000,-1637.1102000000212,-3152.778250000071,-4789.88845000009
2024-04-12T10:40:42.000000,-1637.1102000000212,-3171.6536500000707,-4808.76385000009
2024-04-12T10:41:47.000000,-1637.1102000000212,-3159.238650000071,-4796.34885000009
2024-04-12T10:41:57.000000,-1637.1102000000212,-3141.826900000071,-4778.93710000009
2024-04-12T10:42:02.000000,-1637.1102000000212,-3134.4086500000703,-4771.5188500000895
2024-04-12T10:42:12.000000,-1637.1102000000212,-3141.97265000007,-4779.08285000009
2024-04-12T10:42:17.000000,-1637.1102000000212,-3179.873150000071,-4816.9833500000905
2024-04-12T10:42:22.000000,-1637.1102000000212,-3217.7736500000715,-4854.883850000091
2024-04-12T10:42:42.000000,-1637.1102000000212,-3255.674150000072,-4892.784350000092
2024-04-12T10:43:07.000000,-1637.1102000000212,-3258.245400000073,-4895.355600000093
2024-04-12T10:43:22.000000,-1637.1102000000212,-3286.2781500000733,-4923.388350000093
2024-04-12T10:43:22.000000,-1637.1102000000212,-3308.836400000074,-4945.946600000094
2024-04-12T10:43:52.000000,-1637.1102000000212,-3247.7926000000743,-4884.902800000094
2024-04-12T10:43:57.000000,-1603.773000000022,-3247.7926000000743,-4851.565600000095
2024-04-12T10:44:07.000000,-1603.773000000022,-3214.7338000000736,-4818.506800000095
2024-04-12T10:45:07.000000,-1603.773000000022,-3198.2566000000743,-4802.029600000095
2024-04-12T10:46:17.000000,-1603.773000000022,-3125.996600000074,-4729.769600000095
2024-04-12T10:46:27.000000,-1603.773000000022,-3188.568850000074,-4792.341850000095
2024-04-12T10:47:32.000000,-1603.773000000022,-3196.4768500000737,-4800.249850000096
2024-04-12T10:48:07.000000,-1603.773000000022,-3191.982250000074,-4795.755250000096
2024-04-12T10:48:12.000000,-1603.773000000022,-3215.7798500000754,-4819.552850000096
2024-04-12T10:48:12.000000,-1603.773000000022,-3268.4306000000756,-4872.203600000097
2024-04-12T10:48:17.000000,-1603.773000000022,-3321.081350000076,-4924.854350000098
2024-04-12T10:51:02.000000,-1603.773000000022,-3268.195550000076,-4871.968550000098
2024-04-12T10:51:27.000000,-1603.773000000022,-3245.7950500000748,-4849.568050000096
2024-04-12T10:51:47.000000,-1607.4373500000227,-3245.7950500000748,-4853.232400000097
2024-04-12T10:52:07.000000,-1608.0964500000227,-3245.7950500000748,-4853.891500000097
2024-04-12T10:52:17.000000,-1608.757950000023,-3245.7950500000748,-4854.553000000097
2024-04-12T10:54:17.000000,-1608.757950000023,-3198.898150000075,-4807.6561000000975
2024-04-12T10:54:42.000000,-1608.757950000023,-3170.0015500000745,-4778.759500000097
2024-04-12T10:55:02.000000,-1608.757950000023,-3207.5780500000756,-4816.3360000000985
2024-04-12T10:56:47.000000,-1608.757950000023,-3175.3240500000766,-4784.0820000000995
2024-04-12T10:56:47.000000,-1608.757950000023,-3143.0700500000776,-4751.8280000001005
2024-04-12T10:57:12.000000,-1608.757950000023,-3170.8010500000773,-4779.5590000001
2024-04-12T10:57:17.000000,-1608.757950000023,-3168.5435500000776,-4777.3015000001005
2024-04-12T10:57:57.000000,-1608.757950000023,-3221.242300000078,-4830.000250000101
2024-04-12T11:01:42.000000,-1608.757950000023,-3288.9553000000783,-4897.713250000101
2024-04-12T11:04:17.000000,-1608.757950000023,-3386.696800000078,-4995.4547500001
2024-04-12T11:04:52.000000,-1608.757950000023,-3484.462300000079,-5093.2202500001
2024-04-12T11:04:57.000000,-1608.757950000023,-3582.2038000000784,-5190.9617500000995
2024-04-12T11:05:47.000000,-1608.757950000023,-3664.967050000078,-5273.7250000000995
2024-04-12T11:06:17.000000,-1608.757950000023,-3732.740050000078,-5341.4980000001
2024-04-12T11:06:47.000000,-1608.757950000023,-3830.4935500000774,-5439.251500000099
2024-04-12T11:06:52.000000,-1608.757950000023,-3943.2493000000777,-5552.0072500001
2024-04-12T11:08:02.000000,-1632.5811500000225,-3943.2493000000777,-5575.8304500000995
2024-04-12T11:08:42.000000,-1632.5811500000225,-4026.012550000077,-5658.5937000000995
2024-04-12T11:09:37.000000,-1632.5811500000225,-3988.817800000078,-5621.398950000101
2024-04-12T11:09:47.000000,-1632.5811500000225,-3951.6110500000777,-5584.1922000001005
2024-04-12T11:09:52.000000,-1632.5811500000225,-3914.4163000000785,-5546.997450000102
2024-04-12T11:09:57.000000,-1632.5811500000225,-3877.2215500000793,-5509.802700000103
2024-04-12T11:10:02.000000,-1632.5811500000225,-3884.997550000079,-5517.578700000103
2024-04-12T11:10:12.000000,-1632.5811500000225,-3907.775800000079,-5540.356950000102
2024-04-12T11:10:17.000000,-1632.5811500000225,-3930.554050000079,-5563.135200000102
2024-04-12T11:10:22.000000,-1632.5811500000225,-3938.342050000079,-5570.923200000101
2024-04-12T11:10:27.000000,-1632.5811500000225,-3946.130050000079,-5578.711200000101
2024-04-12T11:10:37.000000,-1632.5811500000225,-3953.918050000079,-5586.4992000001
2024-04-12T11:10:42.000000,-1632.5811500000225,-3961.706050000079,-5594.2872000001
2024-04-12T11:10:47.000000,-1632.5811500000225,-3954.503800000079,-5587.0849500001
2024-04-12T11:10:52.000000,-1632.5811500000225,-3947.3015500000793,-5579.882700000101
2024-04-12T11:10:57.000000,-1632.5811500000225,-3940.0993000000794,-5572.680450000102
2024-04-12T11:11:02.000000,-1632.5811500000225,-3932.8970500000796,-5565.478200000102
2024-04-12T11:11:07.000000,-1632.5811500000225,-3925.69480000008,-5558.275950000103
2024-04-12T11:11:12.000000,-1632.5811500000225,-3918.49255000008,-5551.073700000104
2024-04-12T11:11:17.000000,-1632.5811500000225,-3911.29030000008,-5543.871450000104
2024-04-12T11:11:22.000000,-1632.5811500000225,-3904.0880500000803,-5536.669200000105
2024-04-12T11:11:27.000000,-1632.5811500000225,-3896.8858000000805,-5529.4669500001055
2024-04-12T11:11:32.000000,-1632.5811500000225,-3874.6933000000813,-5507.274450000106
2024-04-12T11:11:37.000000,-1632.5811500000225,-3867.4910500000815,-5500.072200000107
2024-04-12T11:11:42.000000,-1632.5811500000225,-3860.2888000000817,-5492.869950000108
2024-04-12T11:11:47.000000,-1632.5811500000225,-3853.086550000082,-5485.667700000108
2024-04-12T11:11:52.000000,-1632.5811500000225,-3830.8820500000825,-5463.463200000109
2024-04-12T11:11:57.000000,-1632.5811500000225,-3808.6895500000833,-5441.27070000011
2024-04-12T11:12:02.000000,-1672.3939500000217,-3808.6895500000833,-5481.08350000011
2024-04-12T11:12:02.000000,-1672.3939500000217,-3771.494800000084,-5443.888750000111
2024-04-12T11:12:07.000000,-1672.3939500000217,-3749.302300000085,-5421.696250000112
2024-04-12T11:12:12.000000,-1672.3939500000217,-3727.1098000000857,-5399.503750000113
2024-04-12T11:12:17.000000,-1672.3939500000217,-3689.9150500000865,-5362.309000000114
2024-04-12T11:12:22.000000,-1672.3939500000217,-3637.7300500000865,-5310.1240000001135
2024-04-12T11:12:27.000000,-1712.206750000021,-3637.7300500000865,-5349.936800000113
2024-04-12T11:12:27.000000,-1712.206750000021,-3600.547300000086,-5312.754050000113
2024-04-12T11:12:32.000000,-1712.206750000021,-3571.497100000086,-5283.703850000113
2024-04-12T11:12:32.000000,-1712.206750000021,-3534.302350000087,-5246.509100000114
2024-04-12T11:12:37.000000,-1712.206750000021,-3482.117350000087,-5194.3241000001135
2024-04-12T11:12:42.000000,-1712.206750000021,-3429.932350000087,-5142.139100000113
2024-04-12T11:12:57.000000,-1712.206750000021,-3377.747350000087,-5089.954100000113
2024-04-12T11:13:02.000000,-1712.206750000021,-3325.550350000087,-5037.757100000113
2024-04-12T11:13:12.000000,-1712.206750000021,-3243.360850000086,-4955.567600000112
2024-04-12T11:13:12.000000,-1712.206750000021,-3176.1616000000863,-4888.3683500001125
2024-04-12T11:13:47.000000,-1712.206750000021,-3153.957100000087,-4866.163850000114
2024-04-12T11:14:22.000000,-1712.206750000021,-3146.7428500000874,-4858.949600000114
2024-04-12T11:14:37.000000,-1712.206750000021,-3154.5188500000872,-4866.725600000113
2024-04-12T11:22:22.000000,-1712.206750000021,-3143.1257500000875,-4855.332500000114
2024-04-12T11:23:27.000000,-1712.206750000021,-3144.3128500000876,-4856.519600000114
2024-04-12T11:26:47.000000,-1712.206750000021,-3200.0512500000877,-4912.258000000114
2024-04-12T13:07:47.000000,-1712.206750000021,-3282.9105000000873,-4995.117250000114
2024-04-12T13:09:22.000000,-1712.206750000021,-3365.769750000087,-5077.976500000113
2024-04-12T13:09:22.000000,-1712.206750000021,-3448.6290000000863,-5160.835750000113
2024-04-12T13:09:57.000000,-1720.014750000021,-3448.6290000000863,-5168.643750000113
2024-04-12T13:09:57.000000,-1720.014750000021,-3471.467250000086,-5191.482000000113
2024-04-12T13:11:17.000000,-1695.8307500000203,-3471.467250000086,-5167.298000000112
2024-04-12T13:11:27.000000,-1695.8307500000203,-3479.339250000086,-5175.170000000112
2024-04-12T13:11:57.000000,-1695.8307500000203,-3487.211250000086,-5183.042000000112
2024-04-12T13:12:22.000000,-1687.6363500000193,-3487.211250000086,-5174.847600000111
2024-04-12T13:12:27.000000,-1679.4419500000183,-3487.211250000086,-5166.65320000011
2024-04-12T13:13:22.000000,-1679.4419500000183,-3465.1027500000864,-5144.54470000011
2024-04-12T13:13:32.000000,-1679.4419500000183,-3442.994250000087,-5122.436200000111
2024-04-12T13:13:37.000000,-1679.4419500000183,-3420.8857500000877,-5100.327700000112
2024-04-12T13:14:02.000000,-1679.4419500000183,-3383.7870000000885,-5063.2289500001125
2024-04-12T13:14:07.000000,-1679.4419500000183,-3322.7656000000893,-5002.207550000113
2024-04-12T13:14:12.000000,-1679.4419500000183,-3285.66685000009,-4965.108800000114
2024-04-12T13:14:22.000000,-1679.4419500000183,-3248.568100000091,-4928.0100500001145
2024-04-12T13:14:32.000000,-1679.4419500000183,-3226.4596000000915,-4905.901550000115
2024-04-12T13:14:42.000000,-1679.4419500000183,-3204.351100000092,-4883.793050000116
2024-04-12T13:14:47.000000,-1679.4419500000183,-3182.242600000093,-4861.684550000116
2024-04-12T13:14:52.000000,-1679.4419500000183,-3160.1341000000934,-4839.576050000117
2024-04-12T13:21:17.000000,-1679.4419500000183,-3199.9277000000943,-4879.369650000118
2024-04-12T13:21:22.000000,-1679.4419500000183,-3235.7207000000944,-4915.1626500001175
2024-04-12T13:21:27.000000,-1679.4419500000183,-3271.5105000000945,-4950.952450000118
2024-04-12T13:22:12.000000,-1679.4419500000183,-3246.1649000000953,-4925.606850000118
2024-04-12T13:27:02.000000,-1679.4419500000183,-3253.9705000000954,-4933.412450000118
2024-04-12T13:30:02.000000,-1737.337450000019,-3253.9705000000954,-4991.307950000119
2024-04-12T13:30:47.000000,-1737.337450000019,-3279.456400000096,-5016.793850000119
2024-04-12T13:30:52.000000,-1737.337450000019,-3295.948150000096,-5033.285600000119
2024-04-12T13:31:12.000000,-1737.337450000019,-3336.426700000096,-5073.764150000119
2024-04-12T13:32:22.000000,-1737.337450000019,-3363.8617000000954,-5101.199150000119
2024-04-12T13:33:42.000000,-1737.337450000019,-3387.6081000000963,-5124.9455500001195
2024-04-12T13:38:47.000000,-1737.337450000019,-3380.065850000096,-5117.403300000119
2024-04-12T13:41:12.000000,-1737.337450000019,-3382.509100000097,-5119.84655000012
2024-04-12T13:47:02.000000,-1737.337450000019,-3414.067900000098,-5151.405350000121
2024-04-12T13:49:12.000000,-1737.337450000019,-3403.399600000097,-5140.737050000121
2024-04-12T13:49:22.000000,-1737.337450000019,-3398.7274000000975,-5136.064850000121
2024-04-12T13:49:22.000000,-1737.337450000019,-3454.581000000098,-5191.918450000121
2024-04-12T13:49:32.000000,-1737.337450000019,-3451.427500000098,-5188.764950000122
2024-04-12T13:49:42.000000,-1737.337450000019,-3453.270750000099,-5190.608200000122
2024-04-12T13:50:07.000000,-1737.337450000019,-3455.098000000098,-5192.435450000122
2024-04-12T13:50:12.000000,-1737.337450000019,-3491.926500000099,-5229.263950000123
2024-04-12T13:50:17.000000,-1737.337450000019,-3517.2492000001,-5254.586650000124
2024-04-12T13:50:37.000000,-1737.337450000019,-3503.8094000000997,-5241.146850000124
2024-04-12T13:51:32.000000,-1737.337450000019,-3475.3592000000995,-5212.696650000124
2024-04-12T13:52:02.000000,-1737.337450000019,-3518.6750000000998,-5256.012450000124
2024-04-12T13:54:12.000000,-1737.337450000019,-3494.542200000099,-5231.879650000124
2024-04-12T13:54:37.000000,-1737.337450000019,-3470.4094000000982,-5207.746850000123
2024-04-12T13:54:52.000000,-1737.337450000019,-3459.054700000099,-5196.392150000123
2024-04-12T13:55:12.000000,-1737.337450000019,-3450.911500000098,-5188.248950000122
2024-04-12T13:55:27.000000,-1737.337450000019,-3442.768300000097,-5180.105750000121
2024-04-12T14:04:57.000000,-1737.337450000019,-3450.627500000097,-5187.964950000121
2024-04-12T14:07:02.000000,-1737.337450000019,-3490.4659000000975,-5227.803350000121
2024-04-12T14:08:02.000000,-1747.6483000000185,-3490.4659000000975,-5238.114200000121
2024-04-12T14:18:07.000000,-1747.6483000000185,-3538.087900000098,-5285.736200000122
2024-04-12T14:24:57.000000,-1787.3715000000177,-3538.087900000098,-5325.459400000122
2024-04-12T14:25:12.000000,-1787.3715000000177,-3527.383600000099,-5314.755100000122
2024-04-12T14:25:32.000000,-1787.3715000000177,-3534.2356000000987,-5321.607100000122
2024-04-12T14:26:47.000000,-1787.3715000000177,-3557.0498500000995,-5344.421350000123
2024-04-12T14:27:07.000000,-1787.3715000000177,-3594.8663500001003,-5382.237850000124
2024-04-12T14:27:42.000000,-1774.2229000000175,-3594.8663500001003,-5369.089250000124
2024-04-12T14:30:22.000000,-1774.2229000000175,-3614.4041500001,-5388.627050000124
2024-04-12T14:39:22.000000,-1774.2229000000175,-3567.377500000099,-5341.600400000123
2024-04-12T14:40:32.000000,-1774.2229000000175,-3559.0935000000995,-5333.316400000123
2024-04-12T14:40:32.000000,-1771.6991500000172,-3559.0935000000995,-5330.792650000123
2024-04-12T14:40:37.000000,-1769.1730000000168,-3559.0935000000995,-5328.2665000001225
2024-04-12T14:41:17.000000,-1769.1730000000168,-3566.6103000000994,-5335.783300000123
2024-04-12T15:00:00.000000,-1769.1730000000168,-3649.517550000099,-5418.690550000122
2024-04-12T15:00:00.000000,-1769.1730000000168,-3732.424800000099,-5501.597800000121
2024-04-12T15:00:00.000000,-1769.1730000000168,-3815.3320500000987,-5584.505050000121
2024-04-12T15:00:00.000000,-1769.1730000000168,-3898.2393000000984,-5667.41230000012
2024-04-12T15:00:00.000000,-1769.1730000000168,-3936.1758000000978,-5705.34880000012
2024-04-12T15:00:00.000000,-1769.1730000000168,-3974.112300000097,-5743.28530000012
2024-04-12T15:00:00.000000,-1769.1730000000168,-3997.0585500000966,-5766.23155000012
2024-04-12T15:00:00.000000,-1769.1730000000168,-4020.004800000096,-5789.1778000001195
2024-04-12T15:00:00.000000,-1769.1730000000168,-4042.9510500000956,-5812.1240500001195
2024-04-15T09:50:27.000000,-1811.222250000017,-4042.9510500000956,-5854.1733000001195
2024-04-15T09:50:32.000000,-1931.140650000017,-4042.9510500000956,-5974.09170000012
2024-04-15T09:50:32.000000,-1963.1964000000175,-4042.9510500000956,-6006.14745000012
2024-04-15T09:50:37.000000,-1963.9563000000176,-4042.9510500000956,-6006.9073500001205
2024-04-15T09:50:37.000000,-1979.718450000017,-4042.9510500000956,-6022.66950000012
2024-04-15T09:50:37.000000,-2021.775700000017,-4042.9510500000956,-6064.72675000012
2024-04-15T09:50:42.000000,-2040.5407000000166,-4042.9510500000956,-6083.491750000119
2024-04-15T09:50:42.000000,-2048.2047000000166,-4042.9510500000956,-6091.155750000119
2024-04-15T09:50:42.000000,-2075.871700000016,-4042.9510500000956,-6118.8227500001185
2024-04-15T09:50:44.000000,-2112.9202000000173,-4042.9510500000956,-6155.871250000119
2024-04-15T09:50:47.000000,-1997.9177500000183,-4042.9510500000956,-6040.86880000012
2024-04-15T09:50:47.000000,-1885.9157500000188,-4042.9510500000956,-5928.866800000121
2024-04-15T09:50:52.000000,-1922.96425000002,-4042.9510500000956,-5965.9153000001215
2024-04-15T09:51:02.000000,-1958.9260500000194,-4042.9510500000956,-6001.877100000121
2024-04-15T09:51:02.000000,-1985.9810500000208,-4042.9510500000956,-6028.932100000122
2024-04-15T09:51:52.000000,-1963.7045500000202,-4042.9510500000956,-6006.655600000121
2024-04-15T09:51:57.000000,-1926.4258000000198,-4042.9510500000956,-5969.376850000121
2024-04-15T09:52:07.000000,-1850.376400000019,-4042.9510500000956,-5893.32745000012
2024-04-15T09:52:12.000000,-1791.1345000000192,-4042.9510500000956,-5834.08555000012
2024-04-15T09:52:17.000000,-1728.8897500000191,-4042.9510500000956,-5771.84080000012
2024-04-15T09:52:17.000000,-1687.576800000019,-4042.9510500000956,-5730.5278500001195
2024-04-15T09:52:17.000000,-1655.5628000000197,-4042.9510500000956,-5698.51385000012
2024-04-15T09:52:17.000000,-1693.2833000000203,-4042.9510500000956,-5736.234350000121
2024-04-15T09:52:22.000000,-1728.847500000021,-4042.9510500000956,-5771.798550000121
2024-04-15T09:52:22.000000,-1673.7956500000212,-4042.9510500000956,-5716.746700000122
2024-04-15T09:52:22.000000,-1670.7756000000213,-4042.9510500000956,-5713.7266500001215
2024-04-15T09:52:27.000000,-1629.4570500000211,-4042.9510500000956,-5672.4081000001215
2024-04-15T09:52:27.000000,-1577.0720500000225,-4042.9510500000956,-5620.023100000123
2024-04-15T09:52:27.000000,-1508.0181000000216,-4042.9510500000956,-5550.969150000123
2024-04-15T09:52:27.000000,-1480.8368500000233,-4042.9510500000956,-5523.787900000124
2024-04-15T09:52:32.000000,-1463.6491000000246,-4042.9510500000956,-5506.600150000126
2024-04-15T09:52:32.000000,-1407.2843000000246,-4042.9510500000956,-5450.235350000125
2024-04-15T09:52:37.000000,-1354.8833000000259,-4042.9510500000956,-5397.8343500001265
2024-04-15T09:52:37.000000,-1369.4499500000256,-4042.9510500000956,-5412.401000000126
2024-04-15T09:52:37.000000,-1352.2582000000252,-4042.9510500000956,-5395.209250000126
2024-04-15T09:52:42.000000,-1269.8527000000254,-4042.9510500000956,-5312.8037500001265
2024-04-15T09:52:42.000000,-1207.7830000000256,-4042.9510500000956,-5250.734050000126
2024-04-15T09:52:42.000000,-1204.7629500000257,-4042.9510500000956,-5247.714000000126
2024-04-15T09:52:42.000000,-1172.576950000025,-4042.9510500000956,-5215.528000000126
2024-04-15T09:52:47.000000,-1138.4522500000248,-4042.9510500000956,-5181.4033000001255
2024-04-15T09:52:47.000000,-1069.3815000000252,-4042.9510500000956,-5112.332550000126
2024-04-15T09:52:47.000000,-987.2760000000258,-4042.9510500000956,-5030.227050000126
2024-04-15T09:52:47.000000,-945.0925000000268,-4042.9510500000956,-4988.043550000127
2024-04-15T09:52:52.000000,-852.6775000000272,-4042.9510500000956,-4895.628550000127
2024-04-15T09:52:52.000000,-783.6011500000276,-4042.9510500000956,-4826.552200000127
2024-04-15T09:52:52.000000,-756.4199000000292,-4042.9510500000956,-4799.370950000129
2024-04-15T09:52:57.000000,-687.0915500000283,-4042.9510500000956,-4730.042600000128
2024-04-15T09:52:57.000000,-611.0141500000288,-4042.9510500000956,-4653.965200000129
2024-04-15T09:52:57.000000,-603.1039000000283,-4042.9510500000956,-4646.054950000128
2024-04-15T09:52:57.000000,-550.1869000000278,-4042.9510500000956,-4593.137950000128
2024-04-15T09:52:57.000000,-492.2691500000283,-4042.9510500000956,-4535.220200000128
2024-04-15T09:52:57.000000,-424.349900000029,-4042.9510500000956,-4467.300950000129
2024-04-15T09:53:02.000000,-380.07905000002955,-4042.9510500000956,-4423.030100000129
2024-04-15T09:53:02.000000,-303.74965000002885,-4042.9510500000956,-4346.700700000129
2024-04-15T09:53:02.000000,-234.67890000002924,-4042.9510500000956,-4277.629950000129
2024-04-15T09:53:02.000000,-152.5854000000285,-4042.9510500000956,-4195.536450000128
2024-04-15T09:53:02.000000,-105.40515000002878,-4042.9510500000956,-4148.356200000128
2024-04-15T09:53:02.000000,-63.225650000028075,-4042.9510500000956,-4106.176700000127
2024-04-15T09:53:02.000000,4.677599999971214,-4042.9510500000956,-4038.273450000128
2024-04-15T09:53:07.000000,60.940649999970404,-4042.9510500000956,-3982.010400000129
2024-04-15T09:53:07.000000,151.00894999996956,-4042.9510500000956,-3891.94210000013
2024-04-15T09:53:07.000000,138.07684999996863,-4042.9510500000956,-3904.8742000001307
2024-04-15T09:53:07.000000,190.25384999996913,-4042.9510500000956,-3852.69720000013
2024-04-15T09:53:12.000000,322.65084999996793,-4042.9510500000956,-3720.3002000001316
2024-04-15T09:53:12.000000,398.7226499999674,-4042.9510500000956,-3644.2284000001323
2024-04-15T09:53:12.000000,331.785649999968,-4042.9510500000956,-3711.1654000001317
2024-04-15T09:53:12.000000,272.84984999996834,-4042.9510500000956,-3770.1012000001315
2024-04-15T09:53:12.000000,313.2250499999684,-4042.9510500000956,-3729.7260000001315
2024-04-15T09:53:12.000000,350.39579999996835,-4042.9510500000956,-3692.5552500001318
2024-04-15T09:53:17.000000,433.64609999996856,-4042.9510500000956,-3609.3049500001316
2024-04-15T09:53:17.000000,516.8963999999687,-4042.9510500000956,-3526.0546500001315
2024-04-15T09:53:17.000000,600.2212499999692,-4042.9510500000956,-3442.729800000131
2024-04-15T09:53:17.000000,676.2874499999687,-4042.9510500000956,-3366.6636000001317
2024-04-15T09:53:17.000000,672.3566999999681,-4042.9510500000956,-3370.594350000132
2024-04-15T09:53:17.000000,735.2671999999684,-4042.9510500000956,-3307.6838500001318
2024-04-15T09:53:17.000000,798.1776999999687,-4042.9510500000956,-3244.7733500001314
2024-04-15T09:53:22.000000,940.568199999969,-4042.9510500000956,-3102.382850000131
2024-04-15T09:53:22.000000,978.130149999968,-4042.9510500000956,-3064.820900000132
2024-04-15T09:53:22.000000,1035.2998999999693,-4042.9510500000956,-3007.6511500001307
2024-04-15T09:53:22.000000,1088.2088999999698,-4042.9510500000956,-2954.74215000013
2024-04-15T09:53:27.000000,1195.4459999999694,-4042.9510500000956,-2847.5050500001303
2024-04-15T09:53:27.000000,1278.7708499999699,-4042.9510500000956,-2764.18020000013
2024-04-15T09:53:27.000000,1411.1678499999687,-4042.9510500000956,-2631.783200000131
2024-04-15T09:53:27.000000,1469.9489499999684,-4042.9510500000956,-2573.002100000131
2024-04-15T09:53:27.000000,1469.0162499999683,-4042.9510500000956,-2573.9348000001314
2024-04-15T09:53:27.000000,1516.180499999968,-4042.9510500000956,-2526.7705500001316
2024-04-15T09:53:32.000000,1632.416549999968,-4042.9510500000956,-2410.5345000001316
2024-04-15T09:53:32.000000,1631.483849999968,-4042.9510500000956,-2411.467200000132
2024-04-15T09:53:32.000000,1663.6458499999671,-4042.9510500000956,-2379.3052000001326
2024-04-15T09:53:32.000000,1741.5345999999663,-4042.9510500000956,-2301.4164500001334
2024-04-15T09:53:37.000000,1866.7671999999668,-4042.9510500000956,-2176.183850000133
2024-04-15T09:53:37.000000,1919.1345999999667,-4042.9510500000956,-2123.8164500001335
2024-04-15T09:53:37.000000,1982.069099999967,-4042.9510500000956,-2060.881950000133
2024-04-15T09:53:37.000000,2158.199099999967,-4042.9510500000956,-1884.7519500001329
2024-04-15T09:53:42.000000,2270.3066999999664,-4042.9510500000956,-1772.6443500001333
2024-04-15T09:53:42.000000,2358.308299999966,-4042.9510500000956,-1684.642750000134
2024-04-15T09:53:42.000000,2391.383099999967,-4042.9510500000956,-1651.5679500001334
2024-04-15T09:53:42.000000,2399.449349999967,-4042.9510500000956,-1643.501700000133
2024-04-15T09:53:42.000000,2466.6085999999664,-4042.9510500000956,-1576.3424500001338
2024-04-15T09:53:42.000000,2653.578649999966,-4042.9510500000956,-1389.3724000001343
2024-04-15T09:53:42.000000,2849.5500499999657,-4042.9510500000956,-1193.4010000001344
2024-04-15T09:53:47.000000,2951.5745499999653,-4042.9510500000956,-1091.376500000135
2024-04-15T09:53:47.000000,3028.3487499999655,-4042.9510500000956,-1014.6023000001346
2024-04-15T09:53:47.000000,3090.511249999966,-4042.9510500000956,-952.4398000001344
2024-04-15T09:53:52.000000,3202.5372499999653,-4042.9510500000956,-840.4138000001351
2024-04-15T09:53:52.000000,3274.549249999965,-4042.9510500000956,-768.4018000001354
2024-04-15T09:53:52.000000,3342.484499999966,-4042.9510500000956,-700.4665500001344
2024-04-15T09:53:52.000000,3374.650499999967,-4042.9510500000956,-668.3005500001334
2024-04-15T09:53:57.000000,3528.749999999967,-4042.9510500000956,-514.2010500001336
2024-04-15T09:53:57.000000,3590.8196999999664,-4042.9510500000956,-452.13135000013386
2024-04-15T09:53:57.000000,3702.8456999999657,-4042.9510500000956,-340.10535000013465
2024-04-15T09:53:57.000000,3790.847299999965,-4042.9510500000956,-252.10375000013528
2024-04-15T09:53:57.000000,3873.617599999965,-4042.9510500000956,-169.33345000013506
2024-04-15T09:53:57.000000,3930.7753499999644,-4042.9510500000956,-112.17570000013555
2024-04-15T09:54:02.000000,4084.874849999964,-4042.9510500000956,41.9237999998642
2024-04-15T09:54:02.000000,4142.032599999964,-4042.9510500000956,99.08154999986371
2024-04-15T09:54:02.000000,4254.298599999965,-4042.9510500000956,211.34754999986382
2024-04-15T09:54:07.000000,4420.390299999965,-4042.9510500000956,377.4392499998633
2024-04-15T09:54:07.000000,4542.417799999966,-4042.9510500000956,499.4667499998641
2024-04-15T09:54:07.000000,4630.419399999965,-4042.9510500000956,587.4683499998634
2024-04-15T09:54:07.000000,4667.501199999965,-4042.9510500000956,624.5501499998633
2024-04-15T09:54:07.000000,4759.648199999967,-4042.9510500000956,716.6971499998647
2024-04-15T09:54:12.000000,4919.734199999965,-4042.9510500000956,876.7831499998632
2024-04-15T09:54:12.000000,5031.760199999964,-4042.9510500000956,988.8091499998625
2024-04-15T09:54:12.000000,5114.009699999963,-4042.9510500000956,1071.058649999862
2024-04-15T09:54:13.000000,5202.356899999964,-4042.9510500000956,1159.4058499998628
2024-04-15T09:54:17.000000,5368.443799999964,-4042.9510500000956,1325.4927499998623
2024-04-15T09:54:17.000000,5458.506499999964,-4042.9510500000956,1415.5554499998627
2024-04-15T09:54:17.000000,5550.529499999963,-4042.9510500000956,1507.5784499998624
2024-04-15T09:54:17.000000,5638.531099999963,-4042.9510500000956,1595.5800499998618
2024-04-15T09:54:17.000000,5733.293599999963,-4042.9510500000956,1690.3425499998618
2024-04-15T09:54:17.000000,5744.353099999962,-4042.9510500000956,1701.4020499998614
2024-04-15T09:54:17.000000,5842.288849999961,-4042.9510500000956,1799.3377999998602
2024-04-15T09:54:17.000000,5894.533849999961,-4042.9510500000956,1851.5827999998603
2024-04-15T09:54:17.000000,6078.873049999961,-4042.9510500000956,2035.9219999998604
2024-04-15T09:54:18.000000,6213.0973999999605,-4042.9510500000956,2170.14634999986
2024-04-15T09:54:22.000000,6338.3203999999605,-4042.9510500000956,2295.3693499998603
2024-04-15T09:54:22.000000,6435.372949999961,-4042.9510500000956,2392.4218999998607
2024-04-15T09:54:22.000000,6537.39744999996,-4042.9510500000956,2494.44639999986
2024-04-15T09:54:22.000000,6609.40944999996,-4042.9510500000956,2566.45839999986
2024-04-15T09:54:22.000000,6696.543699999959,-4042.9510500000956,2653.5926499998586
2024-04-15T09:54:22.000000,6733.798449999959,-4042.9510500000956,2690.847399999859
2024-04-15T09:54:22.000000,6894.13404999996,-4042.9510500000956,2851.18299999986
2024-04-15T09:54:27.000000,7004.357199999959,-4042.9510500000956,2961.40614999986
2024-04-15T09:54:27.000000,7152.43659999996,-4042.9510500000956,3109.485549999861
2024-04-15T09:54:27.000000,7263.48564999996,-4042.9510500000956,3220.5345999998613
2024-04-15T09:54:27.000000,7335.497649999959,-4042.9510500000956,3292.546599999861
2024-04-15T09:54:27.000000,7393.85154999996,-4042.9510500000956,3350.9004999998615
2024-04-15T09:54:27.000000,7506.785549999961,-4042.9510500000956,3463.8344999998626
2024-04-15T09:54:27.000000,7578.913549999961,-4042.9510500000956,3535.9624999998628
2024-04-15T09:54:32.000000,7689.956999999961,-4042.9510500000956,3647.005949999863
2024-04-15T09:54:32.000000,7782.079999999961,-4042.9510500000956,3739.1289499998625
2024-04-15T09:54:32.000000,7819.334749999961,-4042.9510500000956,3776.383699999863
2024-04-15T09:54:37.000000,7961.408449999961,-4042.9510500000956,3918.457399999863
2024-04-15T09:54:37.000000,8086.453999999961,-4042.9510500000956,4043.5029499998627
2024-04-15T09:54:37.000000,8188.47049999996,-4042.9510500000956,4145.519449999862
2024-04-15T09:54:37.000000,8301.454249999962,-4042.9510500000956,4258.503199999864
2024-04-15T09:54:37.000000,8373.586249999962,-4042.9510500000956,4330.635199999864
2024-04-15T09:54:42.000000,8486.805049999963,-4042.9510500000956,4443.853999999865
2024-04-15T09:54:42.000000,8634.874849999964,-4042.9510500000956,4591.923799999866
2024-04-15T09:54:42.000000,8766.915849999963,-4042.9510500000956,4723.964799999865
2024-04-15T09:54:42.000000,8901.894099999963,-4042.9510500000956,4858.943049999866
2024-04-15T09:54:42.000000,8974.026099999963,-4042.9510500000956,4931.075049999867
2024-04-15T09:54:42.000000,9113.017749999963,-4042.9510500000956,5070.0666999998675
2024-04-15T09:54:47.000000,9266.297099999963,-4042.9510500000956,5223.346049999868
2024-04-15T09:54:47.000000,9405.333549999963,-4042.9510500000956,5362.382499999868
2024-04-15T09:54:47.000000,9562.315099999963,-4042.9510500000956,5519.364049999868
2024-04-15T09:54:47.000000,9624.445599999965,-4042.9510500000956,5581.4945499998685
2024-04-15T09:54:52.000000,9770.483099999963,-4042.9510500000956,5727.532049999868
2024-04-15T09:54:52.000000,9822.612099999962,-4042.9510500000956,5779.661049999867
2024-04-15T09:54:52.000000,9952.590399999963,-4042.9510500000956,5909.639349999868
2024-04-15T09:54:57.000000,10100.655399999963,-4042.9510500000956,6057.704349999868
2024-04-15T09:54:57.000000,10246.687299999963,-4042.9510500000956,6203.736249999867
2024-04-15T09:54:57.000000,10313.798549999963,-4042.9510500000956,6270.847499999866
2024-04-15T09:55:02.000000,10466.825899999963,-4042.9510500000956,6423.8748499998665
2024-04-15T09:55:02.000000,10528.932399999963,-4042.9510500000956,6485.981349999866
2024-04-15T09:55:22.000000,10621.027399999963,-4042.9510500000956,6578.076349999866
2024-04-15T09:55:37.000000,10718.131149999963,-4042.9510500000956,6675.180099999866
2024-04-15T09:55:37.000000,10810.234149999962,-4042.9510500000956,6767.283099999866
2024-04-15T09:55:42.000000,10902.341149999962,-4042.9510500000956,6859.390099999866
2024-04-15T09:55:47.000000,10984.450649999962,-4042.9510500000956,6941.4995999998655
2024-04-15T09:55:52.000000,11076.565649999962,-4042.9510500000956,7033.614599999865
2024-04-15T09:56:17.000000,11183.670899999963,-4042.9510500000956,7140.719849999866
2024-04-15T09:56:17.000000,11275.773899999962,-4042.9510500000956,7232.822849999866
2024-04-15T09:56:17.000000,11377.878399999963,-4042.9510500000956,7334.927349999867
2024-04-15T09:56:17.000000,11489.984399999965,-4042.9510500000956,7447.033349999868
2024-04-15T09:56:47.000000,11607.087149999965,-4042.9510500000956,7564.136099999868
2024-04-15T09:56:47.000000,11709.187649999963,-4042.9510500000956,7666.236599999867
2024-04-15T09:57:02.000000,11683.984949999964,-4042.9510500000956,7641.033899999868
2024-04-15T09:57:07.000000,11658.782249999964,-4042.9510500000956,7615.831199999868
2024-04-15T09:58:17.000000,11755.865999999964,-4042.9510500000956,7712.914949999868
2024-04-15T09:58:27.000000,11728.504299999964,-4042.9510500000956,7685.553249999869
2024-04-15T09:58:32.000000,11818.740599999965,-4042.9510500000956,7775.789549999869
2024-04-15T09:58:47.000000,11777.389599999964,-4042.9510500000956,7734.43854999987
2024-04-15T09:59:47.000000,11845.644199999964,-4042.9510500000956,7802.69314999987
2024-04-15T10:00:27.000000,11905.884799999965,-4042.9510500000956,7862.933749999871
2024-04-15T10:03:52.000000,11839.344599999966,-4042.9510500000956,7796.3935499998715
2024-04-15T10:03:52.000000,11839.344599999966,-3965.627250000095,7873.717349999872
2024-04-15T10:03:57.000000,11839.344599999966,-3994.386400000096,7844.958199999871
2024-04-15T10:04:07.000000,11839.344599999966,-3914.057350000096,7925.28724999987
2024-04-15T10:04:12.000000,11776.804999999966,-3914.057350000096,7862.74764999987
2024-04-15T10:05:07.000000,11758.236799999966,-3914.057350000096,7844.17944999987
2024-04-15T10:05:27.000000,11775.360399999965,-3914.057350000096,7861.3030499998695
2024-04-15T10:05:32.000000,11768.777999999966,-3914.057350000096,7854.720649999869
2024-04-15T10:05:57.000000,11768.777999999966,-3937.9957500000955,7830.782249999869
2024-04-15T10:07:42.000000,11768.777999999966,-3938.6596500000956,7830.118349999869
2024-04-15T10:08:07.000000,11814.200199999967,-3938.6596500000956,7875.54054999987
2024-04-15T10:08:22.000000,11823.636199999966,-3938.6596500000956,7884.976549999869
2024-04-15T10:10:07.000000,11823.636199999966,-4170.208450000096,7653.427749999869
2024-04-15T10:10:12.000000,11823.636199999966,-4429.761450000096,7393.874749999868
2024-04-15T10:10:17.000000,11823.636199999966,-4689.303250000096,7134.332949999868
2024-04-15T10:10:32.000000,11823.636199999966,-4948.822650000097,6874.813549999867
2024-04-15T10:10:47.000000,11823.636199999966,-4975.6136500000985,6848.022549999866
2024-04-15T10:16:02.000000,11823.636199999966,-5068.609600000098,6755.026599999866
2024-04-15T10:16:37.000000,11875.638799999964,-5068.609600000098,6807.029199999865
2024-04-15T10:17:07.000000,11875.638799999964,-5066.308100000098,6809.330699999865
2024-04-15T10:17:17.000000,11931.984399999965,-5066.308100000098,6865.676299999865
2024-04-15T10:17:37.000000,12001.989699999964,-5066.308100000098,6935.681599999864
2024-04-15T10:17:42.000000,12053.997099999964,-5066.308100000098,6987.688999999865
2024-04-15T10:19:27.000000,12053.997099999964,-5185.924100000098,6868.072999999865
2024-04-15T10:20:27.000000,12053.997099999964,-5213.287100000098,6840.709999999865
2024-04-15T10:20:57.000000,12053.997099999964,-5221.167100000098,6832.829999999865
2024-04-15T10:21:07.000000,12136.174599999966,-5221.167100000098,6915.007499999866
2024-04-15T10:21:17.000000,12136.174599999966,-5209.052100000098,6927.122499999866
2024-04-15T10:22:37.000000,12136.174599999966,-5294.0190000000985,6842.155599999865
2024-04-15T10:23:37.000000,12136.174599999966,-5328.604650000099,6807.569949999865
2024-04-15T10:23:42.000000,12136.174599999966,-5354.188950000101,6781.985649999863
2024-04-15T10:24:02.000000,12136.174599999966,-5346.494700000102,6789.679899999862
2024-04-15T10:24:07.000000,12136.174599999966,-5348.801950000103,6787.372649999861
2024-04-15T10:24:12.000000,12136.174599999966,-5361.110700000104,6775.06389999986
2024-04-15T10:24:17.000000,12136.174599999966,-5390.9900000001035,6745.18459999986
2024-04-15T10:24:17.000000,12136.174599999966,-5408.295500000103,6727.879099999861
2024-04-15T10:26:22.000000,12136.174599999966,-5445.956000000104,6690.21859999986
2024-04-15T10:26:37.000000,12136.174599999966,-5521.9911500001035,6614.18344999986
2024-04-15T10:27:27.000000,12136.174599999966,-5501.766150000103,6634.408449999861
2024-04-15T10:27:37.000000,12136.174599999966,-5485.538550000104,6650.63604999986
2024-04-15T10:29:52.000000,12088.516599999964,-5485.538550000104,6602.978049999859
2024-04-15T10:31:22.000000,12088.516599999964,-5735.655000000104,6352.861599999858
2024-04-15T10:31:22.000000,12088.516599999964,-5728.308750000105,6360.207849999858
2024-04-15T10:31:42.000000,12088.516599999964,-5960.410500000105,6128.106099999858
2024-04-15T10:31:42.000000,12088.516599999964,-6201.506400000104,5887.010199999859
2024-04-15T10:31:57.000000,12088.516599999964,-6403.615650000104,5684.900949999858
2024-04-15T10:32:57.000000,12088.516599999964,-6411.482850000104,5677.033749999859
2024-04-15T10:35:27.000000,12088.516599999964,-6392.139600000103,5696.376999999859
2024-04-15T10:35:37.000000,12088.516599999964,-6354.808050000102,5733.70854999986
2024-04-15T10:35:52.000000,12088.516599999964,-6299.4810000001025,5789.03559999986
2024-04-15T10:35:57.000000,12088.516599999964,-6235.152600000102,5853.36399999986
2024-04-15T10:36:07.000000,12088.516599999964,-6161.830050000102,5926.68654999986
2024-04-15T10:36:12.000000,12088.516599999964,-6106.4958000001025,5982.02079999986
2024-04-15T10:36:17.000000,12088.516599999964,-6051.161550000103,6037.35504999986
2024-04-15T10:36:22.000000,12088.516599999964,-6004.821450000102,6083.69514999986
2024-04-15T10:36:37.000000,12088.516599999964,-6023.690300000104,6064.826299999859
2024-04-15T10:36:42.000000,12088.516599999964,-5967.309500000104,6121.207099999859
2024-04-15T10:36:47.000000,12088.516599999964,-5986.178350000106,6102.338249999857
2024-04-15T10:37:22.000000,12088.516599999964,-5939.838250000105,6148.678349999857
2024-04-15T10:37:27.000000,12088.516599999964,-5893.498150000105,6195.018449999858
2024-04-15T10:37:42.000000,12088.516599999964,-5865.146350000104,6223.370249999859
2024-04-15T10:37:52.000000,12088.516599999964,-5845.788700000103,6242.72789999986
2024-04-15T10:38:12.000000,12088.516599999964,-5826.438250000102,6262.078349999861
2024-04-15T10:38:22.000000,12088.516599999964,-5807.080600000101,6281.435999999861
2024-04-15T10:38:37.000000,12088.516599999964,-5847.9615500001,6240.555049999863
2024-04-15T10:38:47.000000,12088.516599999964,-5899.835350000101,6188.681249999861
2024-04-15T10:39:32.000000,12088.516599999964,-5940.7163000001,6147.800299999863
2024-04-15T10:39:42.000000,12105.022599999966,-5940.7163000001,6164.306299999863
2024-04-15T10:40:02.000000,12105.022599999966,-5996.409900000101,6108.612699999862
2024-04-15T10:43:57.000000,12082.885149999966,-5996.409900000101,6086.475249999862
2024-04-15T10:50:57.000000,12082.885149999966,-5985.808800000101,6097.076349999862
2024-04-15T10:51:12.000000,12082.885149999966,-5990.197950000102,6092.687199999861
2024-04-15T10:52:12.000000,12082.885149999966,-6028.098450000101,6054.786699999861
2024-04-15T10:52:27.000000,12082.885149999966,-6051.000700000102,6031.88444999986
2024-04-15T10:52:47.000000,12082.885149999966,-6078.903700000102,6003.981449999861
2024-04-15T10:53:57.000000,12082.885149999966,-6061.831950000102,6021.053199999861
2024-04-15T10:58:02.000000,12082.885149999966,-6089.594950000102,5993.290199999861
2024-04-15T11:01:17.000000,12082.885149999966,-6076.007800000101,6006.8773499998615
2024-04-15T11:02:17.000000,12082.885149999966,-5966.499050000101,6116.3860999998615
2024-04-15T11:06:02.000000,12082.885149999966,-5974.296650000101,6108.588499999862
2024-04-15T11:08:12.000000,12036.280749999967,-5974.296650000101,6061.984099999862
2024-04-15T11:13:48.000000,12036.280749999967,-6008.006300000101,6028.274449999863
2024-04-15T11:15:47.000000,12048.533349999965,-6008.006300000101,6040.527049999861
2024-04-15T11:16:52.000000,12048.533349999965,-6005.828800000101,6042.704549999861
2024-04-15T13:09:17.000000,12048.533349999965,-6058.455550000101,5990.077799999862
2024-04-15T13:15:57.000000,12048.533349999965,-6059.8538500001005,5988.679499999862
2024-04-15T13:16:17.000000,12048.533349999965,-6061.249750000101,5987.2835999998615
2024-04-15T13:16:37.000000,12048.533349999965,-6065.6413000001,5982.892049999862
2024-04-15T13:18:07.000000,12048.533349999965,-6079.0342000001,5969.499149999862
2024-04-15T13:18:32.000000,12048.533349999965,-6095.4107500001,5953.122599999862
2024-04-15T13:22:02.000000,12048.533349999965,-6369.189850000101,5679.343499999862
2024-04-15T13:22:07.000000,12048.533349999965,-6642.9577500001,5405.575599999863
2024-04-15T13:24:22.000000,12048.533349999965,-6636.8404500001,5411.692899999863
2024-04-15T13:24:32.000000,12048.533349999965,-6658.6825500001,5389.850799999863
2024-04-15T13:24:37.000000,12048.533349999965,-6680.524650000099,5368.008699999863
2024-04-15T13:24:42.000000,12048.533349999965,-6702.355550000099,5346.177799999863
2024-04-15T13:24:52.000000,12048.533349999965,-6724.175250000099,5324.358099999863
2024-04-15T13:26:32.000000,12048.533349999965,-6648.081050000099,5400.4522999998635
2024-04-15T13:28:37.000000,12048.533349999965,-6557.973550000099,5490.559799999864
2024-04-15T13:29:07.000000,12048.533349999965,-6481.8569500000995,5566.676399999863
2024-04-15T13:31:02.000000,12048.533349999965,-6391.682250000099,5656.851099999863
2024-04-15T13:33:02.000000,12048.533349999965,-6315.487250000098,5733.046099999864
2024-04-15T13:35:52.000000,12048.533349999965,-6333.336750000098,5715.196599999865
2024-04-15T13:45:42.000000,12048.533349999965,-6355.044450000099,5693.488899999864
2024-04-15T13:49:32.000000,12048.533349999965,-6334.745850000099,5713.787499999863
2024-04-15T13:49:42.000000,12048.533349999965,-6314.4360500001,5734.097299999862
2024-04-15T13:49:47.000000,12048.533349999965,-6294.126250000101,5754.407099999861
2024-04-15T13:49:52.000000,12048.533349999965,-6273.816450000102,5774.71689999986
2024-04-15T13:50:07.000000,12048.533349999965,-6292.597300000102,5755.93604999986
2024-04-15T13:50:17.000000,12048.533349999965,-6278.994300000102,5769.53904999986
2024-04-15T13:50:27.000000,12048.533349999965,-6244.682400000102,5803.850949999861
2024-04-15T13:50:32.000000,12048.533349999965,-6210.370500000101,5838.1628499998615
2024-04-15T13:51:32.000000,12048.533349999965,-6190.0495000001,5858.483849999862
2024-04-15T13:52:17.000000,12048.533349999965,-6181.9232500001,5866.6100999998625
2024-04-15T14:03:57.000000,12048.533349999965,-6157.5984500001005,5890.934899999862
2024-04-15T14:04:07.000000,12048.533349999965,-6117.2712500001,5931.262099999863
2024-04-15T14:04:17.000000,12048.533349999965,-6108.9360500001,5939.597299999862
2024-04-15T14:04:22.000000,12048.533349999965,-6068.6088500001,5979.924499999863
2024-04-15T14:06:57.000000,12048.533349999965,-6034.285750000099,6014.247599999863
2024-04-15T14:08:12.000000,12048.533349999965,-6020.813950000099,6027.7193999998635
2024-04-15T14:08:37.000000,12048.533349999965,-5979.347550000099,6069.185799999864
2024-04-15T14:08:42.000000,12048.533349999965,-5937.881150000098,6110.652199999864
2024-04-15T14:08:47.000000,12048.533349999965,-5904.4063500000975,6144.126999999865
2024-04-15T14:09:57.000000,12036.935949999966,-5904.4063500000975,6132.529599999865
2024-04-15T14:10:22.000000,12046.445549999966,-5904.4063500000975,6142.039199999865
2024-04-15T14:10:52.000000,12027.585499999966,-5904.4063500000975,6123.179149999865
2024-04-15T14:11:07.000000,12019.718299999966,-5904.4063500000975,6115.311949999866
2024-04-15T14:11:17.000000,12033.845599999968,-5904.4063500000975,6129.439249999868
2024-04-15T14:11:22.000000,12069.967399999969,-5904.4063500000975,6165.561049999868
2024-04-15T14:11:27.000000,12067.420149999969,-5904.4063500000975,6163.013799999869
2024-04-15T14:11:52.000000,11971.03944999997,-5904.4063500000975,6066.633099999868
2024-04-15T14:17:02.000000,11847.748299999968,-5904.4063500000975,5943.341949999868
2024-04-15T14:20:27.000000,11847.748299999968,-5882.217850000098,5965.530449999867
2024-04-15T14:22:07.000000,11845.288099999969,-5882.217850000098,5963.070249999868
2024-04-15T14:24:02.000000,11845.288099999969,-5889.901050000099,5955.3870499998675
2024-04-15T14:32:32.000000,11845.288099999969,-5886.810600000099,5958.477499999867
2024-04-15T14:32:52.000000,11874.81989999997,-5886.810600000099,5988.009299999867
2024-04-15T14:40:37.000000,11874.81989999997,-5926.4570000000995,5948.362899999866
2024-04-15T14:41:12.000000,11874.81989999997,-5966.1034000001,5908.716499999866
2024-04-15T14:41:27.000000,11874.81989999997,-6005.749800000101,5869.070099999865
2024-04-15T14:42:22.000000,11874.81989999997,-6056.3548000001,5818.465099999866
2024-04-15T14:43:02.000000,11874.81989999997,-6106.9694000001,5767.850499999866
2024-04-15T14:43:37.000000,11874.81989999997,-6137.5938000001,5737.226099999866
2024-04-15T14:43:47.000000,11874.81989999997,-6152.222200000099,5722.597699999867
2024-04-15T14:43:52.000000,11874.81989999997,-6162.8532000001,5711.966699999866
2024-04-15T14:44:02.000000,11874.81989999997,-6153.494000000099,5721.325899999867
2024-04-15T14:44:12.000000,11874.81989999997,-6172.126200000099,5702.693699999867
2024-04-15T14:44:42.000000,11874.81989999997,-6182.757200000099,5692.062699999867
2024-04-15T14:44:42.000000,11874.81989999997,-6189.390800000099,5685.429099999867
2024-04-15T14:44:42.000000,11874.81989999997,-6192.027000000098,5682.792899999868
2024-04-15T14:44:42.000000,11874.81989999997,-6194.663200000097,5680.156699999869
2024-04-15T14:44:42.000000,11874.81989999997,-6197.299400000096,5677.52049999987
2024-04-15T14:44:47.000000,11874.81989999997,-6207.933600000097,5666.886299999869
2024-04-15T14:44:52.000000,11874.81989999997,-6206.569200000095,5668.25069999987
2024-04-15T14:45:02.000000,11874.81989999997,-6217.200200000096,5657.61969999987
2024-04-15T14:45:02.000000,11874.81989999997,-6227.831200000096,5646.98869999987
2024-04-15T14:45:02.000000,11874.81989999997,-6238.462200000096,5636.3576999998695
2024-04-15T14:45:02.000000,11874.81989999997,-6257.088000000097,5617.731899999869
2024-04-16T09:51:12.000000,11828.369099999969,-6257.088000000097,5571.281099999868
2024-04-16T09:51:27.000000,11765.915899999969,-6257.088000000097,5508.827899999868
2024-04-16T09:51:37.000000,11634.99169999997,-6257.088000000097,5377.903699999869
2024-04-16T09:51:52.000000,11516.059699999969,-6257.088000000097,5258.971699999868
2024-04-16T09:52:27.000000,11449.122699999969,-6257.088000000097,5192.034699999869
2024-04-16T09:52:32.000000,11406.69489999997,-6257.088000000097,5149.606899999869
2024-04-16T09:52:37.000000,11372.261899999969,-6257.088000000097,5115.173899999869
2024-04-16T09:52:42.000000,11345.83329999997,-6257.088000000097,5088.7452999998695
2024-04-16T09:52:42.000000,11278.108299999969,-6257.088000000097,5021.020299999869
2024-04-16T09:52:57.000000,11255.67709999997,-6257.088000000097,4998.589099999869
2024-04-16T09:52:57.000000,11232.92284999997,-6257.088000000097,4975.834849999869
2024-04-16T09:53:02.000000,11206.49104999997,-6257.088000000097,4949.403049999869
2024-04-16T09:53:07.000000,11062.95064999997,-6257.088000000097,4805.862649999869
2024-04-16T09:53:27.000000,10883.16804999997,-6257.088000000097,4626.0800499998695
2024-04-16T09:53:27.000000,10763.63764999997,-6257.088000000097,4506.549649999869
2024-04-16T09:53:37.000000,10650.78589999997,-6257.088000000097,4393.697899999868
2024-04-16T09:53:37.000000,10537.93414999997,-6257.088000000097,4280.8461499998675
2024-04-16T09:53:42.000000,10435.071899999972,-6257.088000000097,4177.983899999868
2024-04-16T09:53:47.000000,10203.335899999973,-6257.088000000097,3946.247899999869
2024-04-16T09:53:47.000000,10075.817099999973,-6257.088000000097,3818.7290999998686
2024-04-16T09:53:52.000000,9908.561099999974,-6257.088000000097,3651.4730999998683
2024-04-16T09:53:57.000000,9736.464349999973,-6257.088000000097,3479.376349999867
2024-04-16T09:53:57.000000,9577.107149999973,-6257.088000000097,3320.0191499998678
2024-04-16T09:54:17.000000,9454.977899999973,-6257.088000000097,3197.8898999998673
2024-04-16T09:54:17.000000,9297.843399999972,-6257.088000000097,3040.755399999867
2024-04-16T09:54:17.000000,9154.466199999972,-6257.088000000097,2897.3781999998673
2024-04-16T09:54:22.000000,9036.934499999972,-6257.088000000097,2779.846499999868
2024-04-16T09:54:22.000000,8837.145699999972,-6257.088000000097,2580.0576999998675
2024-04-16T09:54:22.000000,8633.35629999997,-6257.088000000097,2376.268299999867
2024-04-16T09:54:32.000000,8554.42629999997,-6257.088000000097,2297.3382999998676
2024-04-16T09:55:12.000000,8543.00809999997,-6257.088000000097,2285.920099999867
2024-04-16T09:55:22.000000,8511.602899999969,-6257.088000000097,2254.514899999866
2024-04-16T09:55:27.000000,8464.195299999968,-6257.088000000097,2207.1072999998655
2024-04-16T09:55:42.000000,8457.039299999968,-6257.088000000097,2199.9512999998656
2024-04-16T09:55:42.000000,8459.884799999967,-6257.088000000097,2202.7967999998655
2024-04-16T09:55:47.000000,8462.730299999967,-6257.088000000097,2205.6422999998654
2024-04-16T09:55:47.000000,8401.234199999966,-6257.088000000097,2144.1461999998655
2024-04-16T09:55:47.000000,8360.741249999965,-6257.088000000097,2103.653249999865
2024-04-16T09:55:52.000000,8383.589749999965,-6257.088000000097,2126.501749999864
2024-04-16T09:55:52.000000,8356.630749999966,-6257.088000000097,2099.5427499998646
2024-04-16T09:55:57.000000,8405.259949999965,-6257.088000000097,2148.1719499998635
2024-04-16T09:56:02.000000,8423.107699999966,-6257.088000000097,2166.019699999864
2024-04-16T09:56:02.000000,8460.958449999966,-6257.088000000097,2203.870449999864
2024-04-16T09:56:07.000000,8541.374849999966,-6257.088000000097,2284.286849999865
2024-04-16T09:56:12.000000,8589.223099999967,-6257.088000000097,2332.1350999998663
2024-04-16T09:56:12.000000,8661.638299999968,-6257.088000000097,2404.5502999998675
2024-04-16T09:56:17.000000,8708.603349999968,-6257.088000000097,2451.5153499998682
2024-04-16T09:56:17.000000,8691.44584999997,-6257.088000000097,2434.3578499998684
2024-04-16T09:56:22.000000,8714.13834999997,-6257.088000000097,2457.0503499998695
2024-04-16T09:56:22.000000,8671.973099999972,-6257.088000000097,2414.8850999998713
2024-04-16T09:56:22.000000,8648.38669999997,-6257.088000000097,2391.29869999987
2024-04-16T09:56:27.000000,8661.077699999969,-6257.088000000097,2403.9896999998696
2024-04-16T09:56:27.000000,8613.91569999997,-6257.088000000097,2356.82769999987
2024-04-16T09:56:52.000000,8561.772949999971,-6257.088000000097,2304.6849499998702
2024-04-16T09:56:52.000000,8514.63094999997,-6257.088000000097,2257.5429499998695
2024-04-16T09:56:52.000000,8627.35294999997,-6257.088000000097,2370.26494999987
2024-04-16T09:56:52.000000,8624.422349999968,-6257.088000000097,2367.3343499998696
2024-04-16T09:57:02.000000,8617.302349999967,-6257.088000000097,2360.2143499998697
2024-04-16T09:57:27.000000,8633.747549999967,-6257.088000000097,2376.6595499998707
2024-04-16T09:57:32.000000,8611.613299999968,-6257.088000000097,2354.525299999872
2024-04-16T09:57:32.000000,8644.06089999997,-6257.088000000097,2386.9728999998724
2024-04-16T09:57:37.000000,8631.92814999997,-6257.088000000097,2374.8401499998736
2024-04-16T09:57:37.000000,8810.645649999971,-6257.088000000097,2553.557649999874
2024-04-16T09:57:42.000000,8833.72374999997,-6257.088000000097,2576.635749999873
2024-04-16T09:57:42.000000,8816.594249999971,-6257.088000000097,2559.506249999873
2024-04-16T09:57:52.000000,8803.681349999972,-6257.088000000097,2546.593349999873
2024-04-16T09:57:52.000000,8843.842149999971,-6257.088000000097,2586.7541499998724
2024-04-16T09:57:57.000000,8842.92144999997,-6257.088000000097,2585.8334499998723
2024-04-16T09:58:02.000000,8820.79519999997,-6257.088000000097,2563.7071999998716
2024-04-16T09:58:07.000000,8807.88229999997,-6257.088000000097,2550.794299999872
2024-04-16T09:58:27.000000,8818.972999999969,-6257.088000000097,2561.8849999998715
2024-04-16T09:58:37.000000,8802.06349999997,-6257.088000000097,2544.9754999998718
2024-04-16T09:58:42.000000,8813.15899999997,-6257.088000000097,2556.0709999998726
2024-04-16T09:58:42.000000,8837.78459999997,-6257.088000000097,2580.696599999872
2024-04-16T09:58:47.000000,8874.40239999997,-6257.088000000097,2617.314399999872
2024-04-16T09:58:52.000000,8923.01559999997,-6257.088000000097,2665.927599999872
2024-04-16T09:58:57.000000,8955.90559999997,-6257.088000000097,2698.817599999871
2024-04-16T09:58:57.000000,9028.50959999997,-6257.088000000097,2771.4215999998723
2024-04-16T09:59:07.000000,9113.11539999997,-6257.088000000097,2856.0273999998726
2024-04-16T09:59:07.000000,9161.57179999997,-6257.088000000097,2904.4837999998726
2024-04-16T09:59:12.000000,9238.17319999997,-6257.088000000097,2981.085199999873
2024-04-16T09:59:17.000000,9235.361949999971,-6257.088000000097,2978.273949999874
2024-04-16T09:59:17.000000,9295.960949999971,-6257.088000000097,3038.872949999873
2024-04-16T09:59:17.000000,9328.414949999971,-6257.088000000097,3071.3269499998737
2024-04-16T09:59:22.000000,9381.015949999972,-6257.088000000097,3123.9279499998747
2024-04-16T09:59:22.000000,9421.464749999972,-6257.088000000097,3164.3767499998753
2024-04-16T09:59:27.000000,9408.551849999973,-6257.088000000097,3151.4638499998755
2024-04-16T09:59:27.000000,9456.408099999971,-6257.088000000097,3199.3200999998753
2024-04-16T09:59:27.000000,9489.26209999997,-6257.088000000097,3232.1740999998747
2024-04-16T09:59:27.000000,9517.115349999971,-6257.088000000097,3260.027349999875
2024-04-16T09:59:27.000000,9541.561749999972,-6257.088000000097,3284.4737499998755
2024-04-16T09:59:32.000000,9829.66374999997,-6257.088000000097,3572.575749999875
2024-04-16T09:59:32.000000,10161.772349999972,-6257.088000000097,3904.6843499998754
2024-04-16T09:59:32.000000,10493.880949999973,-6257.088000000097,4236.792949999876
2024-04-16T09:59:32.000000,10705.971549999973,-6257.088000000097,4448.883549999877
2024-04-16T09:59:32.000000,10738.572749999974,-6257.088000000097,4481.484749999878
2024-04-16T09:59:32.000000,10771.020349999975,-6257.088000000097,4513.932349999878
2024-04-16T09:59:42.000000,10703.883349999975,-6257.088000000097,4446.7953499998775
2024-04-16T09:59:42.000000,10652.053549999975,-6257.088000000097,4394.965549999879
2024-04-16T09:59:47.000000,10588.192999999974,-6257.088000000097,4331.104999999879
2024-04-16T09:59:52.000000,10536.363199999974,-6257.088000000097,4279.27519999988
2024-04-16T10:06:42.000000,10459.272699999974,-6257.088000000097,4202.18469999988
2024-04-16T10:06:47.000000,10454.763549999974,-6257.088000000097,4197.675549999879
2024-04-16T10:07:22.000000,10454.763549999974,-6231.499050000096,4223.26449999988
2024-04-16T10:07:37.000000,10454.763549999974,-6202.909650000095,4251.853899999881
2024-04-16T10:08:52.000000,10454.763549999974,-6046.907450000095,4407.856099999881
2024-04-16T10:09:07.000000,10454.763549999974,-5922.3468500000945,4532.4166999998815
2024-04-16T10:09:17.000000,10454.763549999974,-5823.331100000095,4631.432449999881
2024-04-16T10:09:17.000000,10454.763549999974,-5724.315350000095,4730.448199999881
2024-04-16T10:09:42.000000,10377.941049999974,-5724.315350000095,4653.62569999988
2024-04-16T10:12:27.000000,10316.164799999975,-5724.315350000095,4591.849449999881
2024-04-16T10:12:32.000000,10254.392549999975,-5724.315350000095,4530.077199999881
2024-04-16T10:14:02.000000,10222.632799999974,-5724.315350000095,4498.31744999988
2024-04-16T10:14:42.000000,10180.659549999973,-5724.315350000095,4456.34419999988
2024-04-16T10:14:47.000000,10153.684549999973,-5724.315350000095,4429.369199999881
2024-04-16T10:15:02.000000,10080.895599999973,-5724.315350000095,4356.580249999881
2024-04-16T10:15:17.000000,9998.944349999972,-5724.315350000095,4274.628999999882
2024-04-16T10:15:22.000000,9951.994349999972,-5724.315350000095,4227.678999999881
2024-04-16T10:15:32.000000,9880.044599999972,-5724.315350000095,4155.729249999881
2024-04-16T10:15:42.000000,9818.088349999973,-5724.315350000095,4093.7729999998814
2024-04-16T10:15:47.000000,9746.134599999972,-5724.315350000095,4021.81924999988
2024-04-16T10:15:52.000000,9664.391349999973,-5724.315350000095,3940.075999999881
2024-04-16T10:15:52.000000,9592.433599999973,-5724.315350000095,3868.1182499998813
2024-04-16T10:15:57.000000,9510.482349999973,-5724.315350000095,3786.166999999882
2024-04-16T10:16:02.000000,9413.536849999973,-5724.315350000095,3689.2214999998823
2024-04-16T10:16:02.000000,9350.608599999972,-5724.315350000095,3626.2932499998815
2024-04-16T10:16:57.000000,9318.640849999972,-5724.315350000095,3594.3254999998812
2024-04-16T10:17:02.000000,9276.675599999975,-5724.315350000095,3552.360249999883
2024-04-16T10:17:12.000000,9234.706349999975,-5724.315350000095,3510.3909999998828
2024-04-16T10:17:12.000000,9279.859749999976,-5724.315350000095,3555.544399999884
2024-04-16T10:17:12.000000,9333.014349999978,-5724.315350000095,3608.6989999998846
2024-04-16T10:17:12.000000,9378.167749999979,-5724.315350000095,3653.8523999998856
2024-04-16T10:17:17.000000,9331.20174999998,-5724.315350000095,3606.8863999998866
2024-04-16T10:17:22.000000,9274.234249999981,-5724.315350000095,3549.918899999888
2024-04-16T10:17:32.000000,9222.263499999981,-5724.315350000095,3497.948149999888
2024-04-16T10:17:42.000000,9160.291249999982,-5724.315350000095,3435.975899999888
2024-04-16T10:17:57.000000,9129.426849999982,-5724.315350000095,3405.1114999998886
2024-04-16T10:18:32.000000,9129.426849999982,-5725.6944500000955,3403.7323999998885
2024-04-16T10:19:02.000000,9057.469099999982,-5725.6944500000955,3331.774649999889
2024-04-16T10:19:32.000000,9000.513599999984,-5725.6944500000955,3274.8191499998898
2024-04-16T10:19:47.000000,9037.796349999984,-5725.6944500000955,3312.1018999998896
2024-04-16T10:19:52.000000,8980.852849999983,-5725.6944500000955,3255.158399999889
2024-04-16T10:20:07.000000,9079.068599999984,-5725.6944500000955,3353.374149999889
2024-04-16T10:20:12.000000,9062.131099999984,-5725.6944500000955,3336.436649999889
2024-04-16T10:20:17.000000,9150.353349999985,-5725.6944500000955,3424.65889999989
2024-04-16T10:20:17.000000,9128.419099999986,-5725.6944500000955,3402.724649999891
2024-04-16T10:20:22.000000,9101.488099999988,-5725.6944500000955,3375.7936499998914
2024-04-16T10:20:27.000000,9059.558849999987,-5725.6944500000955,3333.8643999998912
2024-04-16T10:20:32.000000,9101.862349999987,-5725.6944500000955,3376.167899999892
2024-04-16T10:20:37.000000,9149.166599999986,-5725.6944500000955,3423.472149999892
2024-04-16T10:20:42.000000,9107.233349999986,-5725.6944500000955,3381.538899999892
2024-04-16T10:20:42.000000,9111.996749999986,-5725.6944500000955,3386.3022999998916
2024-04-16T10:20:47.000000,9075.064249999987,-5725.6944500000955,3349.369799999892
2024-04-16T10:20:47.000000,9097.356749999988,-5725.6944500000955,3371.662299999893
2024-04-16T10:20:52.000000,9075.418499999987,-5725.6944500000955,3349.7240499998925
2024-04-16T10:20:57.000000,9043.482749999988,-5725.6944500000955,3317.7882999998938
2024-04-16T10:20:57.000000,9060.77849999999,-5725.6944500000955,3335.084049999894
2024-04-16T10:21:02.000000,9043.84099999999,-5725.6944500000955,3318.146549999894
2024-04-16T10:21:07.000000,9041.89774999999,-5725.6944500000955,3316.203299999893
2024-04-16T10:21:07.000000,9049.191999999988,-5725.6944500000955,3323.497549999892
2024-04-16T10:21:12.000000,9042.235999999988,-5725.6944500000955,3316.5415499998917
2024-04-16T10:21:17.000000,9105.44649999999,-5725.6944500000955,3379.752049999892
2024-04-16T10:21:17.000000,9103.49124999999,-5725.6944500000955,3377.7967999998928
2024-04-16T10:21:22.000000,9121.53099999999,-5725.6944500000955,3395.836549999893
2024-04-16T10:21:52.000000,9121.53099999999,-5772.500300000096,3349.030699999893
2024-04-16T10:22:47.000000,9121.53099999999,-5757.8890000000965,3363.6419999998925
2024-04-16T10:23:57.000000,9169.539249999989,-5757.8890000000965,3411.6502499998924
2024-04-16T10:24:07.000000,9227.544999999991,-5757.8890000000965,3469.6559999998935
2024-04-16T10:24:12.000000,9280.54599999999,-5757.8890000000965,3522.6569999998924
2024-04-16T10:24:22.000000,9348.54124999999,-5757.8890000000965,3590.652249999892
2024-04-16T10:24:27.000000,9431.52674999999,-5757.8890000000965,3673.6377499998916
2024-04-16T10:24:32.000000,9509.519499999991,-5757.8890000000965,3751.6304999998924
2024-04-16T10:24:37.000000,9582.51549999999,-5757.8890000000965,3824.6264999998925
2024-04-16T10:24:47.000000,9660.516249999991,-5757.8890000000965,3902.6272499998936
2024-04-16T10:24:52.000000,9738.516999999993,-5757.8890000000965,3980.6279999998947
2024-04-16T10:25:07.000000,9826.519249999994,-5757.8890000000965,4068.630249999895
2024-04-16T10:25:17.000000,9914.517499999993,-5757.8890000000965,4156.628499999894
2024-04-16T10:25:22.000000,10012.513249999993,-5757.8890000000965,4254.624249999894
2024-04-16T10:25:32.000000,10120.510499999993,-5757.8890000000965,4362.621499999895
2024-04-16T10:25:42.000000,10228.50374999999,-5757.8890000000965,4470.614749999893
2024-04-16T10:26:17.000000,10306.48849999999,-5757.8890000000965,4548.599499999892
2024-04-16T10:26:47.000000,10359.46949999999,-5757.8890000000965,4601.580499999893
2024-04-16T10:26:57.000000,10311.79949999999,-5757.8890000000965,4553.910499999892
2024-04-16T10:27:07.000000,10264.13349999999,-5757.8890000000965,4506.2444999998925
2024-04-16T10:27:42.000000,10251.448749999992,-5757.8890000000965,4493.559749999893
2024-04-16T10:28:02.000000,10269.464499999991,-5757.8890000000965,4511.575499999892
2024-04-16T10:28:17.000000,10271.133849999991,-5757.8890000000965,4513.244849999892
2024-04-16T10:28:17.000000,10269.146599999991,-5757.8890000000965,4511.257599999891
2024-04-16T10:28:22.000000,10267.817899999991,-5757.8890000000965,4509.928899999891
2024-04-16T10:28:22.000000,10270.83139999999,-5757.8890000000965,4512.942399999891
2024-04-16T10:28:32.000000,10272.50314999999,-5757.8890000000965,4514.61414999989
2024-04-16T10:28:52.000000,10294.80364999999,-5757.8890000000965,4536.9146499998915
2024-04-16T10:29:02.000000,10312.10339999999,-5757.8890000000965,4554.214399999892
2024-04-16T10:37:47.000000,10268.139599999991,-5757.8890000000965,4510.250599999892
2024-04-16T10:43:22.000000,10268.139599999991,-5798.778750000096,4469.360849999893
2024-04-16T10:43:47.000000,10268.139599999991,-5772.634450000095,4495.505149999894
2024-04-16T10:44:27.000000,10268.139599999991,-5793.322000000095,4474.817599999894
2024-04-16T10:45:52.000000,10268.139599999991,-5710.025150000096,4558.114449999893
2024-04-16T10:45:57.000000,10268.139599999991,-5626.728300000097,4641.4112999998915
2024-04-16T10:46:47.000000,10268.139599999991,-5400.482800000097,4867.6567999998915
2024-04-16T10:46:52.000000,10268.139599999991,-5200.220400000098,5067.91919999989
2024-04-16T10:49:07.000000,10230.90389999999,-5200.220400000098,5030.68349999989
2024-04-16T10:49:37.000000,10235.67209999999,-5200.220400000098,5035.45169999989
2024-04-16T10:49:42.000000,10246.43879999999,-5200.220400000098,5046.218399999891
2024-04-16T10:49:47.000000,10254.205049999991,-5200.220400000098,5053.984649999891
2024-04-16T10:49:52.000000,10267.967399999992,-5200.220400000098,5067.746999999891
2024-04-16T10:49:57.000000,10278.729299999994,-5200.220400000098,5078.508899999892
2024-04-16T10:50:12.000000,10283.490299999994,-5200.220400000098,5083.269899999892
2024-04-16T10:53:37.000000,10283.490299999994,-5233.847500000099,5049.642799999891
2024-04-16T10:57:27.000000,10283.490299999994,-5215.466800000099,5068.023499999891
2024-04-16T10:57:37.000000,10283.490299999994,-5145.088700000099,5138.401599999891
2024-04-16T10:58:02.000000,10324.022299999993,-5145.088700000099,5178.93359999989
2024-04-16T10:59:47.000000,10324.022299999993,-5263.451750000099,5060.57054999989
2024-04-16T10:59:57.000000,10301.292049999993,-5263.451750000099,5037.84029999989
2024-04-16T10:59:57.000000,10283.562549999993,-5263.451750000099,5020.11079999989
2024-04-16T11:00:02.000000,10283.562549999993,-5381.8172000001,4901.74534999989
2024-04-16T11:00:42.000000,10283.562549999993,-5443.2053000001,4840.35724999989
2024-04-16T11:00:57.000000,10283.562549999993,-5495.158300000101,4788.404249999889
2024-04-16T11:02:02.000000,10283.562549999993,-5556.553600000101,4727.0089499998885
2024-04-16T11:02:07.000000,10283.562549999993,-5608.945150000101,4674.617399999888
2024-04-16T11:04:37.000000,10283.562549999993,-5583.9042000001,4699.65834999989
2024-04-16T11:07:52.000000,10387.526549999993,-5583.9042000001,4803.62234999989
2024-04-16T11:08:02.000000,10519.494749999994,-5583.9042000001,4935.590549999891
2024-04-16T11:08:07.000000,10637.460849999994,-5583.9042000001,5053.55664999989
2024-04-16T11:08:12.000000,10637.460849999994,-5591.8506000001,5045.610249999891
2024-04-16T11:11:52.000000,10637.460849999994,-5620.5985500001,5016.862299999891
2024-04-16T11:25:27.000000,10637.460849999994,-5648.5535500001015,4988.907299999889
2024-04-16T11:25:27.000000,10637.460849999994,-5686.502050000103,4950.958799999888
2024-04-16T11:35:07.000000,10637.460849999994,-5707.044000000103,4930.416849999888
2024-04-16T13:04:07.000000,10637.460849999994,-5754.854000000102,4882.606849999888
2024-04-16T13:05:22.000000,10637.460849999994,-5729.133050000102,4908.327799999888
2024-04-16T13:05:22.000000,10637.460849999994,-5715.404300000102,4922.056549999888
2024-04-16T13:05:22.000000,10637.460849999994,-5813.957950000103,4823.502899999888
2024-04-16T13:15:47.000000,10637.460849999994,-5887.870250000104,4749.590599999887
2024-04-16T13:15:57.000000,10637.460849999994,-5919.710000000104,4717.750849999887
2024-04-16T13:23:57.000000,10637.460849999994,-5862.313050000104,4775.147799999886
2024-04-16T13:25:22.000000,10637.460849999994,-5869.617050000104,4767.843799999886
2024-04-16T13:25:42.000000,10637.460849999994,-5866.919550000104,4770.541299999886
2024-04-16T13:25:52.000000,10637.460849999994,-5874.2155500001045,4763.245299999886
2024-04-16T13:26:07.000000,10637.460849999994,-5881.511550000105,4755.949299999886
2024-04-16T13:26:12.000000,10637.460849999994,-5941.111350000105,4696.349499999886
2024-04-16T13:26:37.000000,10637.460849999994,-5968.410350000105,4669.050499999886
2024-04-16T13:26:42.000000,10637.460849999994,-5995.709350000105,4641.751499999886
2024-04-16T13:27:32.000000,10637.460849999994,-6033.017850000104,4604.4429999998865
2024-04-16T13:27:42.000000,10637.460849999994,-6080.327850000103,4557.132999999887
2024-04-16T13:27:47.000000,10637.460849999994,-6127.637850000103,4509.8229999998875
2024-04-16T13:27:52.000000,10637.460849999994,-6174.947850000102,4462.512999999888
2024-04-16T13:28:02.000000,10637.460849999994,-6232.251350000101,4405.209499999889
2024-04-16T13:28:17.000000,10637.460849999994,-6279.5533500001,4357.90749999989
2024-04-16T13:28:22.000000,10637.460849999994,-6452.234100000101,4185.22674999989
2024-04-16T13:33:32.000000,10637.460849999994,-6485.902800000101,4151.55804999989
2024-04-16T13:33:37.000000,10637.460849999994,-6493.642800000101,4143.81804999989
2024-04-16T13:46:57.000000,10637.460849999994,-6579.3193000001,4058.1415499998902
2024-04-16T13:49:42.000000,10637.460849999994,-6626.0003500001,4011.46049999989
2024-04-16T13:49:47.000000,10637.460849999994,-6659.679450000101,3977.7813999998893
2024-04-16T13:51:22.000000,10637.460849999994,-6641.392350000101,3996.068499999889
2024-04-16T13:51:27.000000,10637.460849999994,-6623.1052500001015,4014.3555999998885
2024-04-16T13:51:32.000000,10637.460849999994,-6604.818150000102,4032.642699999888
2024-04-16T13:51:42.000000,10637.460849999994,-6573.539500000103,4063.9213499998873
2024-04-16T13:51:52.000000,10637.460849999994,-6555.252400000103,4082.208449999887
2024-04-16T13:53:57.000000,10637.460849999994,-6510.940600000103,4126.520249999887
2024-04-16T13:54:57.000000,10637.460849999994,-6492.622300000102,4144.838549999888
2024-04-16T13:56:37.000000,10637.460849999994,-6799.352750000101,3838.108099999888
2024-04-16T13:56:52.000000,10637.460849999994,-7067.0773500001,3570.383499999889
2024-04-16T13:57:07.000000,10637.460849999994,-7295.7961000001,3341.664749999889
2024-04-16T14:07:02.000000,10637.460849999994,-7337.6212000001005,3299.839649999888
2024-04-16T14:08:22.000000,10637.460849999994,-7362.4437500001,3275.017099999888
2024-04-16T14:08:57.000000,10637.460849999994,-7387.2663000001,3250.1945499998883
2024-04-16T14:12:17.000000,10637.460849999994,-7512.1774500001,3125.2833999998884
2024-04-16T14:12:37.000000,10637.460849999994,-7572.0788500001,3065.381999999888
2024-04-16T14:13:07.000000,10637.460849999994,-7644.9822000001,2992.4786499998872
2024-04-16T14:15:07.000000,10637.460849999994,-7652.875800000101,2984.5850499998874
2024-04-16T14:15:22.000000,10637.460849999994,-7634.7863000001,3002.674549999888
2024-04-16T14:15:27.000000,10637.460849999994,-7577.7117500001,3059.7490999998877
2024-04-16T14:15:37.000000,10637.460849999994,-7533.6391500001,3103.8216999998876
2024-04-16T14:15:47.000000,10637.460849999994,-7489.5769500001,3147.8838999998875
2024-04-16T14:15:52.000000,10637.460849999994,-7445.514750000099,3191.9460999998873
2024-04-16T14:16:02.000000,10637.460849999994,-7427.414850000099,3210.045999999888
2024-04-16T14:16:12.000000,10637.460849999994,-7409.314950000099,3228.1458999998886
2024-04-16T14:16:17.000000,10637.460849999994,-7391.2046500001,3246.256199999888
2024-04-16T14:17:37.000000,10637.460849999994,-7308.126200000101,3329.334649999887
2024-04-16T14:17:42.000000,10637.460849999994,-7251.041250000101,3386.419599999887
2024-04-16T14:17:52.000000,10637.460849999994,-7180.964750000102,3456.4960999998866
2024-04-16T14:18:02.000000,10637.460849999994,-7097.886300000103,3539.5745499998857
2024-04-16T14:25:12.000000,10637.460849999994,-7196.731150000103,3440.7296999998853
2024-04-16T14:25:27.000000,10637.460849999994,-7236.543950000103,3400.916899999886
2024-04-16T14:25:42.000000,10637.460849999994,-7400.367350000103,3237.093499999886
2024-04-16T14:37:17.000000,10637.460849999994,-7377.186850000104,3260.2739999998853
2024-04-16T14:37:42.000000,10544.544099999996,-7377.186850000104,3167.3572499998863
2024-04-16T14:39:37.000000,10586.567599999997,-7377.186850000104,3209.380749999887
2024-04-16T14:39:47.000000,10638.592599999996,-7377.186850000104,3261.4057499998876
2024-04-16T14:39:52.000000,10695.614349999996,-7377.186850000104,3318.427499999887
2024-04-16T14:39:57.000000,10727.640349999996,-7377.186850000104,3350.453499999886
2024-04-16T14:40:47.000000,10743.989549999997,-7377.186850000104,3366.802699999887
2024-04-16T14:40:47.000000,10772.340549999997,-7377.186850000104,3395.153699999887
2024-04-16T14:40:47.000000,10800.691549999998,-7377.186850000104,3423.504699999887
2024-04-16T14:40:47.000000,10837.043749999999,-7377.186850000104,3459.8568999998884
2024-04-16T14:40:47.000000,10869.395349999999,-7377.186850000104,3492.2084999998888
2024-04-16T14:40:57.000000,10885.757349999998,-7377.186850000104,3508.5704999998884
2024-04-16T14:41:07.000000,10885.757349999998,-7453.313200000102,3432.4441499998893
2024-04-16T14:41:22.000000,10902.125749999997,-7453.313200000102,3448.8125499998887
2024-04-16T14:41:27.000000,10914.493549999997,-7453.313200000102,3461.180349999889
2024-04-16T14:41:27.000000,10942.786799999998,-7453.313200000102,3489.4735999998893
2024-04-16T14:41:32.000000,10955.157799999999,-7453.313200000102,3501.8445999998894
2024-04-16T14:41:32.000000,10960.41175,-7453.313200000102,3507.098549999889
2024-04-16T14:41:37.000000,10956.78675,-7453.313200000102,3503.4735499998897
2024-04-16T14:41:37.000000,10962.0407,-7453.313200000102,3508.7274999998895
2024-04-16T14:42:17.000000,10910.4341,-7453.313200000102,3457.12089999989
2024-04-16T14:42:32.000000,10916.7922,-7453.313200000102,3463.4789999998898
2024-04-17T09:50:12.000000,10909.3354,-7453.313200000102,3456.02219999989
2024-04-17T09:50:47.000000,10909.3354,-7471.346200000104,3437.989199999889
2024-04-17T09:51:02.000000,10909.3354,-7522.379350000104,3386.9560499998884
2024-04-17T09:51:07.000000,10940.84285,-7522.379350000104,3418.463499999889
2024-04-17T09:51:52.000000,10901.407650000001,-7522.379350000104,3379.028299999888
2024-04-17T09:57:22.000000,10901.407650000001,-7486.435450000104,3414.9721999998883
2024-04-17T10:00:42.000000,10901.407650000001,-7513.4626000001035,3387.9450499998884
2024-04-17T10:02:17.000000,10850.148900000002,-7513.4626000001035,3336.686299999889
2024-04-17T10:02:22.000000,10798.890150000003,-7513.4626000001035,3285.4275499998894
2024-04-17T10:02:27.000000,10750.629450000004,-7513.4626000001035,3237.1668499998905
2024-04-17T10:02:32.000000,10705.369200000005,-7513.4626000001035,3191.9065999998907
2024-04-17T10:02:47.000000,10666.107450000005,-7513.4626000001035,3152.644849999891
2024-04-17T10:03:37.000000,10665.837150000005,-7513.4626000001035,3152.374549999891
2024-04-17T10:03:37.000000,10665.566850000005,-7513.4626000001035,3152.1042499998907
2024-04-17T10:04:17.000000,10683.292050000004,-7513.4626000001035,3169.82944999989
2024-04-17T10:04:22.000000,10695.016350000004,-7513.4626000001035,3181.5537499998895
2024-04-17T10:07:47.000000,10695.016350000004,-7546.975300000104,3148.041049999889
2024-04-17T10:08:52.000000,10732.175100000004,-7546.975300000104,3185.199799999889
2024-04-17T10:09:02.000000,10794.329600000005,-7546.975300000104,3247.354299999889
2024-04-17T10:09:07.000000,10861.480850000005,-7546.975300000104,3314.5055499998903
2024-04-17T10:09:12.000000,10898.643600000005,-7546.975300000104,3351.66829999989
2024-04-17T10:13:22.000000,10902.975000000004,-7546.975300000104,3355.9996999998893
2024-04-17T10:13:32.000000,10903.299400000005,-7546.975300000104,3356.3240999998907
2024-04-17T10:17:17.000000,10895.945800000005,-7546.975300000104,3348.9704999998908
2024-04-17T10:18:27.000000,10895.945800000005,-7541.627750000104,3354.3180499998903
2024-04-17T10:20:57.000000,10828.004800000004,-7541.627750000104,3286.37704999989
2024-04-17T10:23:02.000000,10828.004800000004,-7519.363250000103,3308.6415499998907
2024-04-17T10:24:57.000000,10828.004800000004,-7592.027400000103,3235.977399999891
2024-04-17T10:29:42.000000,10828.004800000004,-7616.904350000103,3211.100449999891
2024-04-17T10:29:47.000000,10828.004800000004,-7676.597750000102,3151.4070499998925
2024-04-17T10:30:02.000000,10828.004800000004,-7697.2957000001015,3130.7090999998927
2024-04-17T10:30:17.000000,10828.004800000004,-7756.164150000102,3071.8406499998923
2024-04-17T10:37:12.000000,10828.004800000004,-7849.078500000102,2978.9262999998928
2024-04-17T10:37:52.000000,10828.004800000004,-7941.992850000102,2886.011949999893
2024-04-17T10:38:02.000000,10828.004800000004,-8034.907200000102,2793.0975999998936
2024-04-17T10:38:17.000000,10828.004800000004,-8002.3492000001015,2825.6555999998945
2024-04-17T10:38:27.000000,10828.004800000004,-7979.7847000001,2848.220099999896
2024-04-17T10:38:37.000000,10828.004800000004,-7962.318700000101,2865.6860999998953
2024-04-17T10:38:37.000000,10828.004800000004,-7939.754200000099,2888.2505999998966
2024-04-17T10:38:42.000000,10828.004800000004,-7922.285000000098,2905.7197999998975
2024-04-17T10:39:02.000000,10828.004800000004,-7909.722000000097,2918.282799999899
2024-04-17T10:39:27.000000,10828.004800000004,-7907.152500000096,2920.8522999999004
2024-04-17T10:41:47.000000,10828.004800000004,-7929.902750000097,2898.1020499999
2024-04-17T10:44:12.000000,10828.004800000004,-7925.060150000096,2902.944649999901
2024-04-17T10:44:47.000000,10828.004800000004,-7862.813650000096,2965.191149999901
2024-04-17T10:45:12.000000,10828.004800000004,-7800.571150000095,3027.4336499999013
2024-04-17T10:50:02.000000,10795.313050000004,-7800.571150000095,2994.741899999901
2024-04-17T10:50:22.000000,10795.313050000004,-7836.255350000095,2959.0576999999007
2024-04-17T10:55:22.000000,10795.313050000004,-7831.1751500000955,2964.1378999999006
2024-04-17T11:02:52.000000,10795.313050000004,-7888.614650000094,2906.6983999999015
2024-04-17T11:03:02.000000,10817.421550000003,-7888.614650000094,2928.806899999901
2024-04-17T11:03:27.000000,10817.421550000003,-7936.052650000093,2881.3688999999017
2024-04-17T11:03:47.000000,10817.421550000003,-7983.4906500000925,2833.9308999999025
2024-04-17T11:20:17.000000,10817.421550000003,-7952.243200000092,2865.178349999903
2024-04-17T11:21:22.000000,10817.421550000003,-7921.016550000091,2896.4049999999033
2024-04-17T13:05:12.000000,10817.421550000003,-7824.738550000091,2992.6829999999036
2024-04-17T13:11:09.000000,10717.650950000005,-7824.738550000091,2892.9123999999047
2024-04-17T13:15:17.000000,10774.985500000004,-7824.738550000091,2950.2469499999042
2024-04-17T13:18:17.000000,10774.985500000004,-7805.136100000091,2969.849399999904
2024-04-17T13:18:22.000000,10774.985500000004,-7792.5331000000915,2982.4523999999037
2024-04-17T13:18:27.000000,10774.985500000004,-7769.928600000092,3005.056899999903
2024-04-17T13:31:02.000000,10774.985500000004,-7797.975750000092,2977.0097499999033
2024-04-17T13:31:32.000000,10774.985500000004,-7811.414250000093,2963.5712499999036
2024-04-17T13:44:42.000000,10774.985500000004,-7767.154450000093,3007.8310499999034
2024-04-17T13:56:12.000000,10774.985500000004,-7792.058600000092,2982.9268999999035
2024-04-17T14:06:27.000000,10774.985500000004,-7769.566100000093,3005.419399999903
2024-04-17T14:06:32.000000,10774.985500000004,-7749.0435000000925,3025.941999999903
2024-04-17T14:06:57.000000,10774.985500000004,-7748.520700000093,3026.464799999903
2024-04-17T14:20:12.000000,10774.985500000004,-7756.236700000093,3018.748799999903
2024-04-17T14:29:27.000000,10774.985500000004,-7743.705700000093,3031.2797999999025
2024-04-17T14:29:42.000000,10774.985500000004,-7731.174700000093,3043.810799999902
2024-04-17T14:31:12.000000,10774.985500000004,-7718.643700000093,3056.3417999999015
2024-04-17T14:31:22.000000,10774.985500000004,-7716.106200000094,3058.8792999999014
2024-04-17T14:35:47.000000,10774.985500000004,-7717.046100000094,3057.939399999901
2024-04-17T14:37:12.000000,10735.019100000003,-7717.046100000094,3017.9729999999004
2024-04-17T14:37:42.000000,10735.019100000003,-7739.956350000095,2995.0627499998996
2024-04-17T14:37:47.000000,10735.019100000003,-7762.866600000096,2972.1524999998987
2024-04-17T14:42:27.000000,10731.371700000003,-7762.866600000096,2968.5050999998994
2024-04-18T09:53:07.000000,10646.356800000003,-7762.866600000096,2883.490199999899
2024-04-18T09:54:22.000000,10629.975450000004,-7762.866600000096,2867.108849999899
2024-04-18T09:54:27.000000,10622.595450000004,-7762.866600000096,2859.728849999899
2024-04-18T09:54:32.000000,10624.209600000004,-7762.866600000096,2861.342999999899
2024-04-18T09:54:32.000000,10624.209600000004,-8031.501750000095,2592.7078499998997
2024-04-18T09:54:37.000000,10634.825100000004,-8031.501750000095,2603.323349999899
2024-04-18T09:54:42.000000,10645.433400000004,-8031.501750000095,2613.9316499998986
2024-04-18T09:54:47.000000,10656.041700000003,-8031.501750000095,2624.539949999898
2024-04-18T09:54:52.000000,10693.646850000003,-8031.501750000095,2662.145099999897
2024-04-18T09:54:57.000000,10740.246150000003,-8031.501750000095,2708.7443999998973
2024-04-18T09:55:17.000000,10768.842750000003,-8031.501750000095,2737.340999999898
2024-04-18T09:55:37.000000,10824.421800000004,-8031.501750000095,2792.9200499998983
2024-04-18T09:56:02.000000,10732.911600000005,-8031.501750000095,2701.409849999899
2024-04-18T09:56:52.000000,10797.499200000006,-8031.501750000095,2765.997449999899
2024-04-18T09:58:42.000000,10810.166200000005,-8031.501750000095,2778.6644499998984
2024-04-18T10:02:37.000000,10810.166200000005,-7904.286300000094,2905.8798999998985
2024-04-18T10:02:52.000000,10810.166200000005,-7835.2267500000935,2974.9394499998994
2024-04-18T10:04:17.000000,10810.166200000005,-7776.421650000094,3033.744549999899
2024-04-18T10:08:12.000000,10786.817900000005,-7776.421650000094,3010.3962499998997
2024-04-18T10:08:52.000000,10839.386900000005,-7776.421650000094,3062.9652499998997
2024-04-18T10:08:57.000000,10812.041200000005,-7776.421650000094,3035.6195499999
2024-04-18T10:14:17.000000,10812.041200000005,-7824.163650000095,2987.8775499998987
2024-04-18T10:17:17.000000,10812.041200000005,-7831.587650000095,2980.4535499998988
2024-04-18T10:17:32.000000,10812.041200000005,-7829.018150000094,2983.0230499999
2024-04-18T10:18:07.000000,10812.041200000005,-7856.445150000095,2955.5960499998987
2024-04-18T10:18:47.000000,10812.041200000005,-7883.872150000097,2928.169049999897
2024-04-18T10:19:02.000000,10812.041200000005,-7901.297650000098,2910.7435499998955
2024-04-18T10:19:17.000000,10812.041200000005,-7928.724650000099,2883.316549999894
2024-04-18T10:19:22.000000,10812.041200000005,-7956.151650000101,2855.8895499998926
2024-04-18T10:19:27.000000,10812.041200000005,-7987.9120500001,2824.129149999893
2024-04-18T10:19:32.000000,10812.041200000005,-8019.672450000099,2792.368749999893
2024-04-18T10:19:37.000000,10812.041200000005,-8047.091450000101,2764.949749999892
2024-04-18T10:19:37.000000,10812.041200000005,-8090.848850000102,2721.1923499998907
2024-04-18T10:20:02.000000,10812.041200000005,-8118.267850000104,2693.7733499998894
2024-04-18T10:23:32.000000,10812.041200000005,-8144.036950000104,2668.0042499998885
2024-04-18T10:24:17.000000,10812.041200000005,-8157.818650000103,2654.22254999989
2024-04-18T10:24:22.000000,10812.041200000005,-8189.598250000105,2622.4429499998882
2024-04-18T10:24:27.000000,10812.041200000005,-8227.373950000105,2584.6672499998876
2024-04-18T10:25:47.000000,10812.041200000005,-8235.005950000104,2577.0352499998876
2024-04-18T10:25:52.000000,10812.041200000005,-8266.780750000104,2545.260449999888
2024-04-18T10:25:57.000000,10812.041200000005,-8274.412750000103,2537.628449999888
2024-04-18T10:25:57.000000,10812.041200000005,-8271.803250000103,2540.2379499998874
2024-04-18T10:26:22.000000,10812.041200000005,-8299.646250000103,2512.394949999887
2024-04-18T10:27:07.000000,10793.389800000006,-8299.646250000103,2493.7435499998883
2024-04-18T10:29:22.000000,10793.389800000006,-8282.794650000104,2510.5951499998887
2024-04-18T10:36:52.000000,10793.389800000006,-8274.657850000103,2518.73194999989
2024-04-18T10:38:12.000000,10793.389800000006,-8414.223250000103,2379.1665499998903
2024-04-18T10:39:22.000000,10793.389800000006,-8484.857500000104,2308.5322999998903
2024-04-18T10:43:02.000000,10793.389800000006,-8463.576500000103,2329.81329999989
2024-04-18T10:44:07.000000,10793.389800000006,-8488.476800000102,2304.9129999998904
2024-04-18T10:44:52.000000,10793.389800000006,-8501.375300000102,2292.0144999998906
2024-04-18T10:46:02.000000,10793.389800000006,-8502.296000000102,2291.0937999998905
2024-04-18T10:46:12.000000,10793.389800000006,-8521.209800000102,2272.1799999998907
2024-04-18T10:46:17.000000,10793.389800000006,-8540.123600000103,2253.266199999891
2024-04-18T10:52:17.000000,10875.720900000006,-8540.123600000103,2335.5972999998908
2024-04-18T10:55:02.000000,10875.720900000006,-8538.315050000103,2337.40584999989
2024-04-18T10:56:32.000000,10875.720900000006,-8545.620650000103,2330.10024999989
2024-04-18T10:56:32.000000,10875.720900000006,-8534.937950000103,2340.7829499998898
2024-04-18T10:58:42.000000,10875.720900000006,-8562.452950000103,2313.2679499998903
2024-04-18T11:02:22.000000,10875.720900000006,-8629.772350000103,2245.9485499998905
2024-04-18T11:02:27.000000,10875.720900000006,-8703.092650000102,2172.6282499998906
2024-04-18T11:04:22.000000,10875.720900000006,-8750.606650000103,2125.1142499998896
2024-04-18T11:06:27.000000,10875.720900000006,-8722.204450000105,2153.5164499998887
2024-04-18T11:08:02.000000,10875.720900000006,-8714.205250000105,2161.51564999989
2024-04-18T11:08:07.000000,10875.720900000006,-8708.205850000104,2167.5150499998904
2024-04-18T11:08:12.000000,10875.720900000006,-8704.207250000103,2171.5136499998907
2024-04-18T11:08:17.000000,10875.720900000006,-8704.199650000104,2171.5212499998906
2024-04-18T11:08:22.000000,10875.720900000006,-8700.197850000104,2175.523049999891
2024-04-18T11:11:07.000000,10841.102300000006,-8700.197850000104,2140.904449999891
2024-04-18T11:11:17.000000,10798.479300000006,-8700.197850000104,2098.281449999891
2024-04-18T11:11:22.000000,10798.479300000006,-8692.851600000104,2105.6276999998904
2024-04-18T11:11:22.000000,10759.853700000007,-8692.851600000104,2067.002099999891
2024-04-18T11:11:27.000000,10717.230700000007,-8692.851600000104,2024.379099999891
2024-04-18T11:12:27.000000,10682.612100000008,-8692.851600000104,1989.760499999891
2024-04-18T11:18:57.000000,10699.079700000008,-8692.851600000104,2006.2280999998916
2024-04-18T11:20:47.000000,10699.079700000008,-8634.257700000104,2064.8219999998923
2024-04-18T11:20:47.000000,10699.079700000008,-8569.667700000104,2129.411999999893
2024-04-18T11:21:07.000000,10699.079700000008,-8553.046500000102,2146.0331999998934
2024-04-18T11:23:22.000000,10692.516500000007,-8553.046500000102,2139.4699999998934
2024-04-18T11:23:47.000000,10692.516500000007,-8524.442700000101,2168.0737999998937
2024-04-18T11:28:37.000000,10693.138500000006,-8524.442700000101,2168.6957999998936
2024-04-18T11:29:57.000000,10625.769500000006,-8524.442700000101,2101.3267999998925
2024-04-18T13:08:12.000000,10625.769500000006,-8459.876700000103,2165.892799999892
2024-04-18T13:08:22.000000,10625.769500000006,-8455.751700000103,2170.0177999998914
2024-04-18T13:08:37.000000,10625.769500000006,-8403.182700000103,2222.5867999998914
2024-04-18T13:10:02.000000,10625.769500000006,-8385.844700000102,2239.9247999998925
2024-04-18T13:15:07.000000,10625.769500000006,-8402.874200000102,2222.895299999893
2024-04-18T13:16:07.000000,10625.769500000006,-8542.526000000102,2083.2434999998923
2024-04-18T13:18:07.000000,10625.769500000006,-8490.317000000101,2135.4524999998926
2024-04-18T13:18:12.000000,10625.769500000006,-8428.114500000102,2197.654999999893
2024-04-18T13:22:22.000000,10625.769500000006,-8585.889000000101,2039.8804999998924
2024-04-18T13:25:02.000000,10625.769500000006,-8733.726000000102,1892.043499999892
2024-04-18T13:25:17.000000,10625.769500000006,-8706.376750000103,1919.3927499998922
2024-04-18T13:25:37.000000,10625.769500000006,-8674.026750000103,1951.742749999893
2024-04-18T13:25:37.000000,10625.769500000006,-8646.809500000105,1978.9599999998914
2024-04-18T13:25:47.000000,10625.769500000006,-8629.449750000105,1996.3197499998917
2024-04-18T13:27:47.000000,10625.769500000006,-8967.387250000105,1658.3822499998917
2024-04-18T13:28:27.000000,10625.769500000006,-8986.910650000105,1638.8588499998918
2024-04-18T13:28:47.000000,10625.769500000006,-9214.847650000103,1410.9218499998929
2024-04-18T13:29:12.000000,10625.769500000006,-9472.773150000103,1152.9963499998928
2024-04-18T13:29:17.000000,10625.769500000006,-9489.910650000102,1135.858849999893
2024-04-18T13:29:52.000000,10625.769500000006,-9472.0629000001,1153.7065999998933
2024-04-18T13:30:57.000000,10625.769500000006,-9434.232150000102,1191.5373499998932
2024-04-18T13:31:07.000000,10625.769500000006,-9396.397400000102,1229.3720999998932
2024-04-18T13:31:32.000000,10625.769500000006,-9403.633400000102,1222.136099999893
2024-04-18T13:34:22.000000,10579.290050000007,-9403.633400000102,1175.6566499998935
2024-04-18T13:39:27.000000,10511.601050000007,-9403.633400000102,1107.967649999893
2024-04-18T13:39:32.000000,10443.912050000006,-9403.633400000102,1040.2786499998924
2024-04-18T13:39:52.000000,10443.912050000006,-9536.8811000001,907.0309499998934
2024-04-18T13:43:12.000000,10431.949850000006,-9536.8811000001,895.0687499998928
2024-04-18T13:43:32.000000,10419.987650000006,-9536.8811000001,883.1065499998922
2024-04-18T13:50:02.000000,10419.987650000006,-9544.501100000101,875.4865499998922
2024-04-18T13:50:12.000000,10419.987650000006,-9552.121100000102,867.8665499998922
2024-04-18T13:50:27.000000,10419.987650000006,-9478.380950000103,941.606699999892
2024-04-18T13:52:52.000000,10419.987650000006,-9482.849300000102,937.1383499998925
2024-04-18T13:54:42.000000,10471.964650000007,-9482.849300000102,989.115349999893
2024-04-18T13:54:52.000000,10523.941650000008,-9482.849300000102,1041.0923499998935
2024-04-18T13:55:02.000000,10575.910650000009,-9482.849300000102,1093.061349999894
2024-04-18T13:55:12.000000,10637.865150000009,-9482.849300000102,1155.0158499998943
2024-04-18T13:59:32.000000,10637.865150000009,-9481.083950000102,1156.7811999998942
2024-04-18T14:00:32.000000,10637.865150000009,-9499.997750000102,1137.8673999998944
2024-04-18T14:00:42.000000,10637.865150000009,-9518.911550000103,1118.9535999998945
2024-04-18T14:00:52.000000,10637.865150000009,-9549.827150000103,1088.037999999895
2024-04-18T14:00:57.000000,10637.865150000009,-9580.742750000103,1057.1223999998954
2024-04-18T14:01:02.000000,10637.865150000009,-9611.658350000103,1026.2067999998958
2024-04-18T14:01:02.000000,10637.865150000009,-9603.649550000104,1034.2155999998954
2024-04-18T14:01:27.000000,10637.865150000009,-9595.637550000105,1042.2275999998951
2024-04-18T14:02:52.000000,10637.865150000009,-9603.189550000105,1034.6755999998952
2024-04-18T14:02:57.000000,10637.865150000009,-9610.741550000104,1027.1235999998953
2024-04-18T14:03:02.000000,10637.865150000009,-9621.436550000104,1016.428599999896
2024-04-18T14:03:07.000000,10637.865150000009,-9628.988550000104,1008.876599999896
2024-04-18T14:03:17.000000,10637.865150000009,-9604.577350000105,1033.2877999998952
2024-04-18T14:03:17.000000,10637.865150000009,-9623.270350000106,1014.5947999998948
2024-04-18T14:03:22.000000,10637.865150000009,-9630.822350000106,1007.0427999998948
2024-04-18T14:03:27.000000,10637.865150000009,-9649.745750000106,988.119399999895
2024-04-18T14:03:27.000000,10637.865150000009,-9629.328750000106,1008.5363999998951
2024-04-18T14:03:27.000000,10637.865150000009,-9652.870350000107,984.9947999998941
2024-04-18T14:03:32.000000,10637.865150000009,-9677.789850000107,960.0752999998945
2024-04-18T14:03:57.000000,10637.865150000009,-9690.712350000107,947.1527999998946
2024-04-18T14:03:57.000000,10637.865150000009,-9674.295950000107,963.5691999998941
2024-04-18T14:04:32.000000,10637.865150000009,-9639.225650000108,998.6394999998943
2024-04-18T14:05:02.000000,10637.865150000009,-9604.145750000107,1033.7193999998944
2024-04-18T14:05:07.000000,10637.865150000009,-9581.062850000108,1056.8022999998939
2024-04-18T14:05:17.000000,10637.865150000009,-9569.972150000109,1067.8929999998934
2024-04-18T14:06:22.000000,10637.865150000009,-9534.892250000108,1102.9728999998936
2024-04-18T14:06:37.000000,10637.865150000009,-9505.813250000108,1132.0518999998928
2024-04-18T14:06:42.000000,10637.865150000009,-9476.734250000109,1161.130899999892
2024-04-18T14:06:57.000000,10637.865150000009,-9471.644450000109,1166.2206999998918
2024-04-18T14:07:02.000000,10637.865150000009,-9472.55075000011,1165.3143999998917
2024-04-18T14:11:07.000000,10637.865150000009,-9515.44415000011,1122.4209999998914
2024-04-18T14:13:22.000000,10637.865150000009,-9553.42465000011,1084.440499999892
2024-04-18T14:14:02.000000,10637.865150000009,-9611.400150000109,1026.464999999893
2024-04-18T14:15:52.000000,10637.865150000009,-9651.797100000107,986.0680499998938
2024-04-18T14:16:12.000000,10637.865150000009,-9677.021400000109,960.8437499998926
2024-04-18T14:16:57.000000,10637.865150000009,-9698.72350000011,939.1416499998928
2024-04-18T14:20:02.000000,10575.517700000008,-9698.72350000011,876.794199999892
2024-04-18T14:26:32.000000,10575.517700000008,-9765.668500000109,809.8491999998922
2024-04-18T14:28:47.000000,10575.517700000008,-9791.058400000109,784.4592999998926
2024-04-18T14:28:52.000000,10575.517700000008,-9816.44830000011,759.0693999998929
2024-04-18T14:30:17.000000,10575.517700000008,-9851.214100000108,724.3035999998928
2024-04-18T14:30:37.000000,10575.517700000008,-9858.87010000011,716.6475999998928
2024-04-18T14:31:52.000000,10575.517700000008,-9889.862500000108,685.6551999998933
2024-04-18T14:31:57.000000,10575.517700000008,-9798.195650000109,777.3220499998931
2024-04-18T14:32:12.000000,10575.517700000008,-9684.525500000109,890.9921999998925
2024-04-18T14:34:17.000000,10575.517700000008,-9660.123900000108,915.3937999998932
2024-04-18T14:35:02.000000,10575.517700000008,-9651.711900000108,923.8057999998929
2024-04-18T14:35:27.000000,10575.517700000008,-9643.299900000107,932.2177999998926
2024-04-18T14:35:32.000000,10575.517700000008,-9634.887900000107,940.6297999998923
2024-04-18T14:35:37.000000,10575.517700000008,-9626.475900000107,949.041799999892
2024-04-18T14:35:47.000000,10575.517700000008,-9618.063900000107,957.4537999998917
2024-04-18T14:35:52.000000,10575.517700000008,-9595.077000000107,980.4406999998921
2024-04-18T14:35:57.000000,10575.517700000008,-9602.654600000107,972.8630999998921
2024-04-18T14:36:22.000000,10575.517700000008,-9610.232200000108,965.2854999998922
2024-04-18T14:36:37.000000,10575.517700000008,-9575.267500000107,1000.2501999998924
2024-04-18T14:37:27.000000,10543.632500000009,-9575.267500000107,968.3649999998929
2024-04-18T14:38:42.000000,10543.632500000009,-9618.295300000107,925.3371999998936
2024-04-18T14:38:57.000000,10543.632500000009,-9673.310500000107,870.3219999998936
2024-04-18T14:39:22.000000,10543.632500000009,-9728.320900000106,815.3115999998936
2024-04-18T14:41:02.000000,10523.797100000009,-9728.320900000106,795.4761999998939
2024-04-18T14:45:02.000000,10523.797100000009,-9687.624100000106,836.1729999998939
2024-04-19T09:50:37.000000,10525.195250000008,-9687.624100000106,837.5711499998937
2024-04-19T09:51:42.000000,10484.911100000008,-9687.624100000106,797.2869999998939
2024-04-19T09:51:47.000000,10444.622150000008,-9687.624100000106,756.998049999894
2024-04-19T09:51:52.000000,10444.622150000008,-9705.325600000106,739.2965499998942
2024-04-19T09:52:02.000000,10444.622150000008,-9728.023850000105,716.5982999998954
2024-04-19T09:52:08.000000,10488.798750000009,-9728.023850000105,760.7748999998954
2024-04-19T09:52:13.000000,10532.985750000009,-9728.023850000105,804.9618999998954
2024-04-19T09:53:32.000000,10532.985750000009,-9750.706100000105,782.2796499998957
2024-04-19T09:54:12.000000,10741.491750000008,-9750.706100000105,990.7856499998953
2024-04-19T09:58:12.000000,10757.652150000007,-9750.706100000105,1006.9460499998949
2024-04-19T09:58:22.000000,10757.652150000007,-9758.386100000105,999.2660499998949
2024-04-19T09:58:47.000000,10757.652150000007,-9687.723200000104,1069.9289499998954
2024-04-19T10:00:27.000000,10757.652150000007,-9695.403200000104,1062.2489499998953
2024-04-19T10:03:03.000000,10757.652150000007,-9651.363400000104,1106.2887499998963
2024-04-19T10:03:08.000000,10757.652150000007,-9603.319800000103,1154.3323499998965
2024-04-19T10:03:18.000000,10757.652150000007,-9559.270400000103,1198.381749999896
2024-04-19T10:05:02.000000,10730.001150000007,-9559.270400000103,1170.7307499998965
2024-04-19T10:08:07.000000,10682.699150000008,-9559.270400000103,1123.4287499998973
2024-04-19T10:08:12.000000,10630.400400000008,-9559.270400000103,1071.1299999998973
2024-04-19T10:08:17.000000,10568.100150000007,-9559.270400000103,1008.8297499998977
2024-04-19T10:08:22.000000,10505.799900000007,-9559.270400000103,946.529499999898
2024-04-19T10:10:57.000000,10506.325900000007,-9559.270400000103,947.0554999998978
2024-04-19T10:11:02.000000,10498.857100000007,-9559.270400000103,939.5866999998979
2024-04-19T10:11:03.000000,10432.464100000007,-9559.270400000103,873.193699999897
2024-04-19T10:11:07.000000,10416.994100000007,-9559.270400000103,857.7236999998972
2024-04-19T10:11:27.000000,10361.940500000008,-9559.270400000103,802.6700999998972
2024-04-19T10:14:07.000000,10244.012000000008,-9559.270400000103,684.7415999998977
2024-04-19T10:14:52.000000,10251.821450000007,-9559.270400000103,692.5510499998969
2024-04-19T10:15:47.000000,10235.641700000006,-9559.270400000103,676.3712999998966
2024-04-19T10:15:47.000000,10225.462850000005,-9559.270400000103,666.1924499998961
2024-04-19T10:16:02.000000,10188.026350000006,-9559.270400000103,628.7559499998968
2024-04-19T10:16:07.000000,10150.589850000006,-9559.270400000103,591.3194499998974
2024-04-19T10:16:12.000000,10073.147350000007,-9559.270400000103,513.8769499998989
2024-04-19T10:16:32.000000,10120.871600000006,-9559.270400000103,561.6011999998987
2024-04-19T10:16:42.000000,10063.416100000008,-9559.270400000103,504.1456999998997
2024-04-19T10:18:52.000000,10035.717100000009,-9559.270400000103,476.44669999990015
2024-04-19T10:25:47.000000,10010.485600000009,-9559.270400000103,451.2151999999005
2024-04-19T10:26:32.000000,10045.41190000001,-9559.270400000103,486.1414999999007
2024-04-19T10:26:37.000000,10080.338200000011,-9559.270400000103,521.0677999999009
2024-04-19T10:26:52.000000,10127.26630000001,-9559.270400000103,567.9958999999008
2024-04-19T10:26:52.000000,10174.19440000001,-9559.270400000103,614.9239999999006
2024-04-19T10:27:02.000000,10221.11290000001,-9559.270400000103,661.8424999999005
2024-04-19T10:31:57.000000,10280.01640000001,-9559.270400000103,720.7459999999002
2024-04-19T10:32:02.000000,10341.91795000001,-9559.270400000103,782.6475499999003
2024-04-19T10:32:12.000000,10412.81605000001,-9559.270400000103,853.5456499999008
2024-04-19T10:32:17.000000,10477.71565000001,-9559.270400000103,918.4452499999003
2024-04-19T10:32:32.000000,10536.614350000009,-9559.270400000103,977.3439499998999
2024-04-19T10:32:37.000000,10595.513050000009,-9559.270400000103,1036.2426499998996
2024-04-19T10:32:42.000000,10657.409800000009,-9559.270400000103,1098.1393999998998
2024-04-19T10:32:47.000000,10716.306100000009,-9559.270400000103,1157.0356999998994
2024-04-19T10:34:52.000000,10716.306100000009,-9578.457800000102,1137.8482999998996
2024-04-19T10:34:57.000000,10716.306100000009,-9591.649100000102,1124.6569999998997
2024-04-19T10:35:17.000000,10716.306100000009,-9610.836500000101,1105.4695999998999
2024-04-19T10:35:47.000000,10716.306100000009,-9598.297500000102,1118.0085999998994
2024-04-19T10:36:42.000000,10716.306100000009,-9661.273750000102,1055.0323499998997
2024-04-19T10:36:52.000000,10716.306100000009,-9724.250000000102,992.0560999999
2024-04-19T10:36:57.000000,10716.306100000009,-9792.223000000102,924.0830999998994
2024-04-19T10:37:02.000000,10716.306100000009,-9855.203250000102,861.1028499998997
2024-04-19T10:37:07.000000,10716.306100000009,-9928.177000000102,788.1290999999002
2024-04-19T10:37:07.000000,10716.306100000009,-9945.634500000102,770.6715999999004
2024-04-19T10:37:42.000000,10716.306100000009,-10003.606000000103,712.7000999998997
2024-04-19T10:38:02.000000,10716.306100000009,-10021.583500000103,694.7225999999
2024-04-19T10:38:07.000000,10780.512100000009,-10021.583500000103,758.9285999999006
2024-04-19T10:40:52.000000,10780.512100000009,-10028.860300000102,751.6517999999006
2024-04-19T10:41:02.000000,10780.512100000009,-10048.138900000102,732.3731999999009
2024-04-19T10:41:07.000000,10780.512100000009,-10085.4058000001,695.1062999999015
2024-04-19T10:43:07.000000,10780.512100000009,-10073.3148000001,707.197299999901
2024-04-19T10:44:17.000000,10780.512100000009,-10051.2223000001,729.2897999999021
2024-04-19T10:49:22.000000,10780.512100000009,-10013.8275500001,766.6845499999021
2024-04-19T10:52:02.000000,10780.512100000009,-10061.437550000099,719.074549999903
2024-04-19T10:52:22.000000,10780.512100000009,-10064.0448000001,716.4672999999019
2024-04-19T10:52:27.000000,10780.512100000009,-10056.6465500001,723.8655499999024
2024-04-19T10:52:37.000000,10780.512100000009,-10089.2503000001,691.2617999999021
2024-04-19T10:52:57.000000,10780.512100000009,-10126.8468000001,653.6652999999028
2024-04-19T10:53:07.000000,10780.512100000009,-10174.4408000001,606.0712999999018
2024-04-19T10:54:07.000000,10772.672100000009,-10174.4408000001,598.2312999999018
2024-04-19T10:54:12.000000,10772.672100000009,-10287.0365500001,485.6355499999014
2024-04-19T10:54:12.000000,10769.939900000008,-10287.0365500001,482.9033499999006
2024-04-19T10:55:12.000000,10779.19030000001,-10287.0365500001,492.1537499999017
2024-04-19T10:55:52.000000,10779.19030000001,-10319.6363000001,459.5539999999031
2024-04-19T10:57:07.000000,10779.19030000001,-10282.2575500001,496.932749999903
2024-04-19T11:03:17.000000,10779.19030000001,-10283.2886500001,495.9016499999029
2024-04-19T11:13:52.000000,10779.19030000001,-10291.024650000101,488.1656499999029
2024-04-19T11:16:42.000000,10779.19030000001,-10265.797450000102,513.3928499999022
2024-04-19T11:17:22.000000,10779.19030000001,-10232.562650000102,546.6276499999027
2024-04-19T11:20:42.000000,10779.19030000001,-10230.305150000102,548.8851499999025
2024-04-19T11:21:12.000000,10779.19030000001,-10222.8749000001,556.3153999999035
2024-04-19T11:35:07.000000,10779.19030000001,-10240.6764000001,538.5138999999037
2024-04-19T13:00:47.000000,10779.19030000001,-10268.2274000001,510.96289999990415
2024-04-19T13:04:32.000000,10779.19030000001,-10168.0640000001,611.126299999904
2024-04-19T13:05:02.000000,10779.19030000001,-10125.8485000001,653.3417999999047
2024-04-19T13:07:22.000000,10779.19030000001,-10085.646100000098,693.5441999999058
2024-04-19T13:12:37.000000,10779.19030000001,-10095.822550000097,683.3677499999064
2024-04-19T13:12:57.000000,10779.19030000001,-10111.995100000098,667.1951999999061
2024-04-19T13:13:47.000000,10779.19030000001,-10056.372850000098,722.8174499999063
2024-04-19T13:14:47.000000,10779.19030000001,-10046.045350000099,733.144949999906
2024-04-19T13:15:07.000000,10779.19030000001,-10095.3572500001,683.8330499999058
2024-04-19T13:15:17.000000,10779.19030000001,-10144.673950000099,634.5163499999056
2024-04-19T13:15:42.000000,10779.19030000001,-10107.239200000098,671.9510999999055
2024-04-19T13:15:47.000000,10779.19030000001,-10069.804450000098,709.3858499999054
2024-04-19T13:15:52.000000,10779.19030000001,-10047.363950000099,731.8263499999048
2024-04-19T13:15:57.000000,10779.19030000001,-10024.9234500001,754.2668499999041
2024-04-19T13:16:27.000000,10779.19030000001,-9997.4942000001,781.6960999999043
2024-04-19T13:16:37.000000,10779.19030000001,-9985.059200000098,794.1310999999056
2024-04-19T13:19:57.000000,10779.19030000001,-9937.418950000096,841.7713499999071
2024-04-19T13:20:12.000000,10779.19030000001,-9956.623150000096,822.5671499999073
2024-04-19T13:20:22.000000,10779.19030000001,-9975.827350000096,803.3629499999075
2024-04-19T13:20:57.000000,10779.19030000001,-10013.027050000097,766.1632499999071
2024-04-19T13:33:52.000000,10779.19030000001,-10044.513850000098,734.6764499999065
2024-04-19T13:33:57.000000,10779.19030000001,-10075.995850000098,703.1944499999059
2024-04-19T13:34:02.000000,10779.19030000001,-10073.614350000098,705.5759499999057
2024-04-19T13:34:22.000000,10779.19030000001,-10076.225600000098,702.9646999999064
2024-04-19T13:34:27.000000,10779.19030000001,-10088.830350000097,690.3599499999074
2024-04-19T13:34:32.000000,10779.19030000001,-10101.435100000095,677.7551999999083
2024-04-19T13:34:47.000000,10779.19030000001,-10073.167300000094,706.0229999999096
2024-04-19T13:34:52.000000,10779.19030000001,-10074.668800000094,704.5214999999096
2024-04-19T13:34:52.000000,10779.19030000001,-10046.401000000093,732.7892999999109
2024-04-19T13:34:57.000000,10779.19030000001,-10030.125400000092,749.0648999999125
2024-04-19T13:35:22.000000,10779.19030000001,-10013.84980000009,765.3404999999142
2024-04-19T13:35:37.000000,10779.19030000001,-9997.57420000009,781.6160999999158
2024-04-19T13:35:42.000000,10779.19030000001,-9981.29860000009,797.8916999999175
2024-04-19T13:35:52.000000,10779.19030000001,-10013.89435000009,765.2959499999171
2024-04-19T13:37:02.000000,10779.19030000001,-10153.36375000009,625.8265499999167
2024-04-19T13:37:07.000000,10779.19030000001,-10077.079150000089,702.111149999917
2024-04-19T13:37:12.000000,10779.19030000001,-10210.557250000089,568.6330499999175
2024-04-19T13:37:22.000000,10779.19030000001,-10368.02935000009,411.1609499999175
2024-04-19T13:37:52.000000,10779.19030000001,-10501.52185000009,277.66844999991696
2024-04-19T13:37:57.000000,10779.19030000001,-10641.01045000009,138.17984999991657
2024-04-19T13:38:32.000000,10779.19030000001,-10774.507750000092,4.682549999916063
2024-04-19T13:39:02.000000,10779.19030000001,-10890.016750000092,-110.82645000008377
2024-04-19T13:39:12.000000,10779.19030000001,-11011.517050000093,-232.32675000008453
2024-04-19T13:39:42.000000,10779.19030000001,-11121.025150000092,-341.8348500000845
2024-04-19T13:39:47.000000,10779.19030000001,-11236.534150000092,-457.34385000008433
2024-04-19T13:39:57.000000,10779.19030000001,-11364.044950000092,-584.8546500000839
2024-04-19T13:40:42.000000,10779.19030000001,-11371.796950000093,-592.6066500000838
2024-04-19T13:41:07.000000,10779.19030000001,-11379.366550000093,-600.1762500000839
2024-04-19T13:41:37.000000,10779.19030000001,-11404.535650000094,-625.3453500000845
2024-04-19T13:41:37.000000,10779.19030000001,-11424.083050000094,-644.8927500000842
2024-04-19T13:42:52.000000,10779.19030000001,-11443.649650000094,-664.459350000085
2024-04-19T13:42:57.000000,10779.19030000001,-11451.219250000095,-672.028950000085
2024-04-19T13:43:02.000000,10779.19030000001,-11470.790650000095,-691.6003500000859
2024-04-19T13:43:07.000000,10779.19030000001,-11490.362050000096,-711.1717500000867
2024-04-19T13:43:17.000000,10779.19030000001,-11503.932550000098,-724.7422500000877
2024-04-19T13:43:22.000000,10779.19030000001,-11529.495250000098,-750.3049500000883
2024-04-19T13:44:47.000000,10779.19030000001,-11483.056750000098,-703.8664500000884
2024-04-19T13:48:42.000000,10779.19030000001,-11484.231850000097,-705.0415500000875
2024-04-19T13:48:52.000000,10779.19030000001,-11365.787350000097,-586.5970500000869
2024-04-19T13:50:52.000000,10779.19030000001,-11366.952850000098,-587.7625500000871
2024-04-19T13:55:52.000000,10779.19030000001,-11384.622350000098,-605.4320500000869
2024-04-19T13:59:32.000000,10779.19030000001,-11491.781350000098,-712.5910500000865
2024-04-19T14:00:17.000000,10779.19030000001,-11504.350100000096,-725.1598000000855
2024-04-19T14:00:47.000000,10779.19030000001,-11491.995100000096,-712.804800000086
2024-04-19T14:01:27.000000,10779.19030000001,-11475.709900000094,-696.5196000000843
2024-04-19T14:03:52.000000,10779.19030000001,-11442.951900000093,-663.7616000000834
2024-04-19T14:04:12.000000,10779.19030000001,-11462.432100000093,-683.2418000000831
2024-04-19T14:04:22.000000,10779.19030000001,-11487.908400000093,-708.7181000000827
2024-04-19T14:07:52.000000,10779.19030000001,-11460.111150000093,-680.9208500000825
2024-04-19T14:08:32.000000,10779.19030000001,-11437.314650000095,-658.1243500000832
2024-04-19T14:08:37.000000,10779.19030000001,-11504.787650000095,-725.597350000083
2024-04-19T14:09:12.000000,10779.19030000001,-11608.275650000094,-829.085350000083
2024-04-19T14:09:42.000000,10779.19030000001,-11699.776250000095,-920.5859500000834
2024-04-19T14:10:17.000000,10779.19030000001,-11737.444750000095,-958.2544500000827
2024-04-19T14:10:27.000000,10779.19030000001,-11765.111750000095,-985.9214500000822
2024-04-19T14:11:07.000000,10779.19030000001,-11782.777250000094,-1003.5869500000821
2024-04-19T14:12:12.000000,10779.19030000001,-11820.274550000093,-1041.0842500000815
2024-04-19T14:12:17.000000,10779.19030000001,-11863.772750000093,-1084.5824500000808
2024-04-19T14:13:47.000000,10779.19030000001,-11861.459250000093,-1082.268950000081
2024-04-19T14:13:52.000000,10779.19030000001,-11859.145750000092,-1079.9554500000813
2024-04-19T14:14:07.000000,10779.19030000001,-11846.830750000094,-1067.6404500000817
2024-04-19T14:14:12.000000,10779.19030000001,-11834.515750000095,-1055.3254500000821
2024-04-19T14:14:52.000000,10779.19030000001,-11832.186250000095,-1052.9959500000823
2024-04-19T14:15:02.000000,10779.19030000001,-11809.853750000097,-1030.663450000083
2024-04-19T14:15:07.000000,10779.19030000001,-11777.527750000098,-998.3374500000839
2024-04-19T14:15:47.000000,10779.19030000001,-11765.196750000097,-986.0064500000843
2024-04-19T14:16:12.000000,10779.19030000001,-11772.860750000098,-993.6704500000843
2024-04-19T14:16:47.000000,10779.19030000001,-11770.531250000098,-991.3409500000845
2024-04-19T14:28:32.000000,10779.19030000001,-11766.219050000098,-987.0287500000848
2024-04-19T14:29:07.000000,10779.19030000001,-11743.2993500001,-964.1090500000854
2024-04-19T14:29:17.000000,10779.19030000001,-11714.3787500001,-935.1884500000862
2024-04-19T14:29:27.000000,10779.19030000001,-11685.4581500001,-906.2678500000869
2024-04-19T14:29:32.000000,10779.19030000001,-11650.5366500001,-871.3463500000868
2024-04-19T14:29:37.000000,10779.19030000001,-11621.6112500001,-842.4209500000865
2024-04-19T14:29:42.000000,10779.19030000001,-11586.684950000099,-807.4946500000863
2024-04-19T14:29:47.000000,10779.19030000001,-11557.759550000099,-778.569250000086
2024-04-19T14:29:52.000000,10779.19030000001,-11528.834150000099,-749.6438500000856
2024-04-19T14:29:57.000000,10779.19030000001,-11505.904850000099,-726.7145500000852
2024-04-19T14:37:27.000000,10831.528900000008,-11505.904850000099,-674.3759500000854
2024-04-19T14:37:32.000000,10871.86570000001,-11505.904850000099,-634.0391500000853
2024-04-19T14:37:52.000000,10900.181500000008,-11505.904850000099,-605.723350000086
2024-04-19T14:39:42.000000,10923.154000000008,-11505.904850000099,-582.7508500000856
2024-04-19T14:39:52.000000,10952.127400000008,-11505.904850000099,-553.7774500000853
2024-04-19T14:42:47.000000,10968.667000000009,-11505.904850000099,-537.2378500000848
2024-04-19T14:42:52.000000,10985.206600000009,-11505.904850000099,-520.6982500000843
2024-04-19T14:44:03.000000,10985.206600000009,-11537.799650000099,-552.5930500000837
2024-04-19T14:44:13.000000,10985.206600000009,-11565.697050000097,-580.4904500000825
2024-04-22T09:50:22.000000,11009.377800000007,-11565.697050000097,-556.3192500000832
2024-04-22T09:50:27.000000,11134.339350000007,-11565.697050000097,-431.3577000000836
2024-04-22T09:50:42.000000,11158.510550000006,-11565.697050000097,-407.18650000008427
2024-04-22T09:51:02.000000,11297.468600000007,-11565.697050000097,-268.2284500000837
2024-04-22T09:51:57.000000,11297.468600000007,-11543.588550000097,-246.11995000008255
2024-04-22T09:52:17.000000,11320.201100000008,-11543.588550000097,-223.38745000008214
2024-04-22T09:52:52.000000,11252.524100000008,-11543.588550000097,-291.06445000008193
2024-04-22T09:52:52.000000,11199.849350000008,-11543.588550000097,-343.7392000000826
2024-04-22T09:53:07.000000,11198.189450000007,-11543.588550000097,-345.3991000000827
2024-04-22T09:53:17.000000,11120.574950000007,-11543.588550000097,-423.013600000083
2024-04-22T09:53:27.000000,11118.919850000008,-11543.588550000097,-424.668700000082
2024-04-22T09:53:27.000000,11102.262500000008,-11543.588550000097,-441.3260500000813
2024-04-22T09:53:42.000000,11030.470500000009,-11543.588550000097,-513.1180500000813
2024-04-22T09:53:57.000000,11004.811800000009,-11543.588550000097,-538.7767500000809
2024-04-22T09:54:17.000000,10949.009400000008,-11543.588550000097,-594.5791500000813
2024-04-22T09:54:22.000000,10905.343200000008,-11543.588550000097,-638.2453500000805
2024-04-22T09:54:22.000000,10858.67655000001,-11543.588550000097,-684.9120000000792
2024-04-22T09:54:27.000000,10818.01080000001,-11543.588550000097,-725.577750000079
2024-04-22T09:54:47.000000,10702.20900000001,-11543.588550000097,-841.3795500000789
2024-04-22T09:58:17.000000,10745.19265000001,-11543.588550000097,-798.3959000000784
2024-04-22T10:01:07.000000,10825.21690000001,-11543.588550000097,-718.3716500000787
2024-04-22T10:05:57.000000,10825.21690000001,-11514.509550000097,-689.2926500000794
2024-04-22T10:05:57.000000,10825.21690000001,-11469.784950000096,-644.5680500000784
2024-04-22T10:06:07.000000,10825.21690000001,-11437.055750000096,-611.8388500000779
2024-04-22T10:08:12.000000,10825.21690000001,-11444.539750000096,-619.3228500000779
2024-04-22T10:11:52.000000,10825.21690000001,-11417.002500000097,-591.7856000000777
2024-04-22T10:13:27.000000,10825.21690000001,-11509.511250000096,-684.2943500000767
2024-04-22T10:14:37.000000,10825.21690000001,-11411.991500000095,-586.7746000000764
2024-04-22T10:14:47.000000,10825.21690000001,-11329.458000000095,-504.2411000000765
2024-04-22T10:14:57.000000,10825.21690000001,-11337.330000000095,-512.1131000000764
2024-04-22T10:19:27.000000,10825.21690000001,-11344.666000000094,-519.4491000000764
2024-04-22T10:21:57.000000,10825.21690000001,-11372.173000000093,-546.956100000076
2024-04-22T10:26:57.000000,10825.21690000001,-11395.132200000093,-569.9153000000757
2024-04-22T10:27:12.000000,10825.21690000001,-11418.101000000093,-592.8841000000754
2024-04-22T10:29:52.000000,10825.21690000001,-11381.118400000094,-555.9015000000755
2024-04-22T10:31:57.000000,10802.61465000001,-11381.118400000094,-578.5037500000761
2024-04-22T10:33:42.000000,10828.76760000001,-11381.118400000094,-552.3508000000763
2024-04-22T10:33:52.000000,10836.91785000001,-11381.118400000094,-544.2005500000761
2024-04-22T10:33:57.000000,10848.066150000011,-11381.118400000094,-533.0522500000754
2024-04-22T10:38:32.000000,10684.641150000012,-11381.118400000094,-696.4772500000754
2024-04-22T10:38:37.000000,10696.788150000011,-11381.118400000094,-684.3302500000758
2024-04-22T10:38:37.000000,10593.33375000001,-11381.118400000094,-787.7846500000759
2024-04-22T10:38:42.000000,10549.84995000001,-11381.118400000094,-831.2684500000762
2024-04-22T10:38:47.000000,10470.38955000001,-11381.118400000094,-910.7288500000768
2024-04-22T10:39:02.000000,10378.917750000011,-11381.118400000094,-1002.200650000076
2024-04-22T10:39:02.000000,10299.447750000012,-11381.118400000094,-1081.6706500000755
2024-04-22T10:39:07.000000,10231.98915000001,-11381.118400000094,-1149.1292500000764
2024-04-22T10:41:42.000000,10231.98915000001,-11444.058000000094,-1212.0688500000765
2024-04-22T10:43:17.000000,10231.98915000001,-11482.997200000093,-1251.0080500000759
2024-04-22T10:43:42.000000,10368.44595000001,-11482.997200000093,-1114.5512500000757
2024-04-22T10:45:37.000000,10368.44595000001,-11457.939600000092,-1089.493650000075
2024-04-22T10:46:32.000000,10368.44595000001,-11412.895000000091,-1044.4490500000738
2024-04-22T10:46:37.000000,10368.44595000001,-11363.856200000091,-995.4102500000736
2024-04-22T10:46:42.000000,10368.44595000001,-11318.814800000091,-950.368850000074
2024-04-22T10:47:02.000000,10368.44595000001,-11261.778000000091,-893.3320500000739
2024-04-22T10:47:32.000000,10370.59530000001,-11261.778000000091,-891.1827000000735
2024-04-22T10:52:17.000000,10370.59530000001,-11209.333800000091,-838.7385000000737
2024-04-22T10:53:12.000000,10370.59530000001,-11168.891400000091,-798.2961000000737
2024-04-22T11:06:27.000000,10370.59530000001,-11133.873900000091,-763.2786000000735
2024-04-22T11:06:37.000000,10370.59530000001,-11116.839900000092,-746.244600000074
2024-04-22T11:06:47.000000,10370.59530000001,-11099.805900000092,-729.2106000000745
2024-04-22T11:06:57.000000,10370.59530000001,-11070.765300000094,-700.1700000000752
2024-04-22T11:08:12.000000,10370.59530000001,-11005.738500000092,-635.1432000000747
2024-04-22T11:13:47.000000,10319.78870000001,-11005.738500000092,-685.9498000000744
2024-04-22T11:14:22.000000,10304.97470000001,-11005.738500000092,-700.7638000000743
2024-04-22T11:14:27.000000,10278.15890000001,-11005.738500000092,-727.5796000000746
2024-04-22T11:16:27.000000,10255.36290000001,-11005.738500000092,-750.3756000000743
2024-04-22T11:19:02.000000,10255.36290000001,-10978.073250000092,-722.7103500000742
2024-04-22T11:26:22.000000,10255.36290000001,-11165.674650000092,-910.3117500000747
2024-04-22T11:26:27.000000,10255.36290000001,-11341.264650000092,-1085.9017500000743
2024-04-22T13:03:42.000000,10255.36290000001,-11216.905650000092,-961.542750000074
2024-04-22T13:03:47.000000,10255.36290000001,-11080.55445000009,-825.1915500000739
2024-04-22T13:04:02.000000,10255.36290000001,-10980.19905000009,-724.8361500000741
2024-04-22T13:05:22.000000,10255.36290000001,-10843.83825000009,-588.475350000074
2024-04-22T13:05:22.000000,10255.36290000001,-10719.46965000009,-464.1067500000746
2024-04-22T13:15:22.000000,10255.36290000001,-10734.44510000009,-479.08220000007447
2024-04-22T13:17:47.000000,10255.36290000001,-10682.00090000009,-426.63800000007467
2024-04-22T13:17:52.000000,10255.36290000001,-10629.55670000009,-374.1938000000749
2024-04-22T13:18:12.000000,10255.36290000001,-10601.09690000009,-345.73400000007456
2024-04-22T13:18:17.000000,10255.36290000001,-10578.42840000009,-323.0655000000752
2024-04-22T13:21:47.000000,10231.17780000001,-10578.42840000009,-347.2506000000748
2024-04-22T13:21:52.000000,10209.99555000001,-10578.42840000009,-368.43285000007506
2024-04-22T13:37:22.000000,10215.12855000001,-10578.42840000009,-363.2998500000753
2024-04-22T13:37:47.000000,10250.251650000011,-10578.42840000009,-328.1767500000751
2024-04-22T13:37:57.000000,10267.37685000001,-10578.42840000009,-311.0515500000756
2024-04-22T13:38:02.000000,10296.50385000001,-10578.42840000009,-281.9245500000753
2024-04-22T13:38:07.000000,10316.48325000001,-10578.42840000009,-261.94515000007596
2024-04-22T13:38:27.000000,10309.60965000001,-10578.42840000009,-268.81875000007597
2024-04-22T13:38:32.000000,10302.73125000001,-10578.42840000009,-275.69715000007596
2024-04-22T13:38:37.000000,10283.85585000001,-10578.42840000009,-294.5725500000757
2024-04-22T13:38:42.000000,10270.981350000011,-10578.42840000009,-307.4470500000756
2024-04-22T13:41:32.000000,10270.981350000011,-10609.96800000009,-338.9866500000751
2024-04-22T13:48:37.000000,10269.87825000001,-10609.96800000009,-340.08975000007524
2024-04-22T14:06:12.000000,10274.276850000011,-10609.96800000009,-335.6911500000755
2024-04-22T14:06:52.000000,10254.662250000012,-10609.96800000009,-355.30575000007525
2024-04-22T14:08:37.000000,10254.662250000012,-10577.29000000009,-322.6277500000761
2024-04-22T14:15:07.000000,10235.047650000013,-10577.29000000009,-342.2423500000759
2024-04-22T14:17:47.000000,10235.047650000013,-10545.208000000091,-310.16035000007673
2024-04-22T14:18:32.000000,10235.047650000013,-10518.134750000092,-283.0871000000766
2024-04-22T14:18:32.000000,10235.047650000013,-10486.064750000092,-251.01710000007745
2024-04-22T14:18:32.000000,10235.047650000013,-10458.991500000093,-223.9438500000773
2024-04-22T14:18:32.000000,10235.047650000013,-10431.918250000093,-196.87060000007716
2024-04-22T14:18:37.000000,10235.047650000013,-10409.841750000094,-174.7941000000778
2024-04-22T14:18:47.000000,10235.047650000013,-10407.756250000095,-172.708600000078
2024-04-22T14:24:22.000000,10215.481050000013,-10407.756250000095,-192.27520000007883
2024-04-22T14:24:37.000000,10183.922250000012,-10407.756250000095,-223.83400000007939
2024-04-22T14:24:42.000000,10164.365250000013,-10407.756250000095,-243.39100000007915
2024-04-22T14:24:52.000000,10144.808250000015,-10407.756250000095,-262.9480000000789
2024-04-22T14:24:57.000000,10125.251250000016,-10407.756250000095,-282.5050000000786
2024-04-22T14:25:17.000000,10125.251250000016,-10375.310250000093,-250.05900000007767
2024-04-22T14:25:32.000000,10125.251250000016,-10372.860750000093,-247.6095000000779
2024-04-22T14:26:17.000000,10125.251250000016,-10360.401750000094,-235.15050000007832
2024-04-22T14:28:27.000000,10125.251250000016,-10324.288750000092,-199.0375000000773
2024-04-22T14:32:32.000000,10058.554250000016,-10324.288750000092,-265.73450000007676
2024-04-22T14:33:47.000000,10063.020050000016,-10324.288750000092,-261.26870000007597
2024-04-22T14:33:57.000000,10067.485850000015,-10324.288750000092,-256.80290000007517
2024-04-22T14:36:52.000000,10030.017350000016,-10324.288750000092,-294.27140000007455
2024-04-23T09:50:17.000000,10030.017350000016,-10331.820750000092,-301.80340000007453
2024-04-23T09:50:27.000000,10015.456300000016,-10331.820750000092,-316.3644500000744
2024-04-23T09:51:02.000000,10052.454900000017,-10331.820750000092,-279.3658500000732
2024-04-23T09:51:02.000000,10019.583150000019,-10331.820750000092,-312.2376000000718
2024-04-23T09:51:07.000000,10001.180700000019,-10331.820750000092,-330.64005000007154
2024-04-23T09:51:07.000000,9968.304950000018,-10331.820750000092,-363.51580000007186
2024-04-23T09:51:12.000000,10001.306150000019,-10331.820750000092,-330.5146000000713
2024-04-23T09:51:12.000000,9958.42090000002,-10331.820750000092,-373.39985000007147
2024-04-23T09:51:17.000000,9907.004700000018,-10331.820750000092,-424.8160500000725
2024-04-23T09:51:22.000000,9879.097700000018,-10331.820750000092,-452.7230500000721
2024-04-23T09:51:42.000000,9817.14080000002,-10331.820750000092,-514.6799500000709
2024-04-23T09:52:22.000000,9732.702050000018,-10331.820750000092,-599.1187000000712
2024-04-23T09:52:27.000000,9637.270450000018,-10331.820750000092,-694.5503000000713
2024-04-23T09:52:52.000000,9746.251050000019,-10331.820750000092,-585.5697000000702
2024-04-23T09:52:57.000000,9928.299550000018,-10331.820750000092,-403.5212000000707
2024-04-23T09:53:07.000000,10085.344300000017,-10331.820750000092,-246.47645000007154
2024-04-23T09:53:12.000000,10077.381100000017,-10331.820750000092,-254.43965000007154
2024-04-23T09:53:22.000000,10003.944000000016,-10331.820750000092,-327.8767500000721
2024-04-23T09:53:27.000000,10088.933800000015,-10331.820750000092,-242.88695000007192
2024-04-23T09:57:47.000000,10082.441000000015,-10331.820750000092,-249.3797500000719
2024-04-23T09:58:32.000000,10058.861000000015,-10331.820750000092,-272.95975000007155
2024-04-23T10:05:52.000000,10041.479500000016,-10331.820750000092,-290.34125000007134
2024-04-23T10:06:02.000000,10029.098750000016,-10331.820750000092,-302.7220000000721
2024-04-23T10:06:02.000000,10021.718750000016,-10331.820750000092,-310.1020000000721
2024-04-23T10:06:17.000000,10019.323500000017,-10331.820750000092,-312.49725000007135
2024-04-23T10:06:17.000000,10016.928250000017,-10331.820750000092,-314.8925000000706
2024-04-23T10:06:22.000000,10014.533000000018,-10331.820750000092,-317.2877500000698
2024-04-23T10:06:27.000000,10022.135250000018,-10331.820750000092,-309.6855000000692
2024-04-23T10:06:32.000000,10039.739000000018,-10331.820750000092,-292.0817500000689
2024-04-23T10:06:37.000000,10052.350000000017,-10331.820750000092,-279.4707500000693
2024-04-23T10:06:47.000000,10064.961000000016,-10331.820750000092,-266.8597500000697
2024-04-23T10:06:47.000000,10008.995400000016,-10331.820750000092,-322.8253500000687
2024-04-23T10:06:47.000000,10008.995400000016,-10343.597350000093,-334.6019500000693
2024-04-23T10:06:52.000000,10021.614400000015,-10343.597350000093,-321.9829500000697
2024-04-23T10:07:02.000000,10034.233400000014,-10343.597350000093,-309.36395000007013
2024-04-23T10:07:07.000000,10036.854900000013,-10343.597350000093,-306.74245000007033
2024-04-23T10:07:12.000000,10029.470900000013,-10343.597350000093,-314.12645000007035
2024-04-23T10:07:17.000000,10027.087650000014,-10343.597350000093,-316.5097000000696
2024-04-23T10:07:47.000000,10003.558850000014,-10343.597350000093,-340.03850000006923
2024-04-23T10:12:32.000000,9978.473750000014,-10343.597350000093,-365.12360000006885
2024-04-23T10:12:37.000000,9947.387750000014,-10343.597350000093,-396.20960000006835
2024-04-23T10:16:07.000000,9922.041050000014,-10343.597350000093,-421.55630000006795
2024-04-23T10:16:32.000000,9836.146150000013,-10343.597350000093,-507.45120000006864
2024-04-23T10:23:07.000000,9836.146150000013,-10284.523450000092,-448.3773000000679
2024-04-23T10:23:22.000000,9836.146150000013,-10225.454350000091,-389.3082000000672
2024-04-23T10:23:32.000000,9836.146150000013,-10166.38525000009,-330.23910000006646
2024-04-23T10:23:47.000000,9836.146150000013,-10101.31525000009,-265.1691000000659
2024-04-23T10:24:12.000000,9836.146150000013,-10042.23655000009,-206.09040000006624
2024-04-23T10:24:17.000000,9836.146150000013,-9977.156950000091,-141.0108000000667
2024-04-23T10:24:27.000000,9836.146150000013,-9912.077350000092,-75.93120000006716
2024-04-23T10:24:57.000000,9808.271150000013,-9912.077350000092,-103.80620000006745
2024-04-23T10:25:12.000000,9796.392150000014,-9912.077350000092,-115.68520000006666
2024-04-23T10:25:22.000000,9800.515550000015,-9912.077350000092,-111.5618000000662
2024-04-23T10:25:37.000000,9800.515550000015,-9854.992400000092,-54.47685000006643
2024-04-23T10:25:42.000000,9800.515550000015,-9797.907450000092,2.6080999999333443
2024-04-23T10:25:47.000000,9800.515550000015,-9727.820550000091,72.69499999993283
2024-04-23T10:25:52.000000,9773.800550000014,-9727.820550000091,45.979999999933256
2024-04-23T10:27:12.000000,9717.113050000014,-9727.820550000091,-10.707500000067455
2024-04-23T10:27:17.000000,9655.432800000015,-9727.820550000091,-72.38775000006717
2024-04-23T10:28:37.000000,9618.756300000014,-9727.820550000091,-109.06425000006831
2024-04-23T10:28:57.000000,9597.082050000014,-9727.820550000091,-130.73850000006888
2024-04-23T10:29:07.000000,9575.399800000014,-9727.820550000091,-152.42075000006946
2024-04-23T10:29:12.000000,9543.716050000014,-9727.820550000091,-184.1045000000698
2024-04-23T10:30:52.000000,9613.802950000014,-9727.820550000091,-114.01760000007032
2024-04-23T10:31:17.000000,9722.874900000015,-9727.820550000091,-4.9456500000693495
2024-04-23T10:33:07.000000,9731.193150000016,-9727.820550000091,3.372599999931218
2024-04-23T10:33:12.000000,9729.509900000015,-9727.820550000091,1.6893499999319994
2024-04-23T10:33:12.000000,9716.749150000016,-9727.820550000091,-11.071400000067008
2024-04-23T10:33:32.000000,9703.984400000016,-9727.820550000091,-23.83615000006779
2024-04-23T10:40:27.000000,9703.984400000016,-9635.46315000009,68.52124999993221
2024-04-23T10:40:27.000000,9703.984400000016,-9543.10575000009,160.8786499999322
2024-04-23T10:40:27.000000,9703.984400000016,-9446.750950000089,257.2334499999328
2024-04-23T10:40:47.000000,9703.984400000016,-9362.38515000009,341.599249999933
2024-04-23T10:40:52.000000,9703.984400000016,-9282.013550000089,421.97084999993257
2024-04-23T10:43:17.000000,9703.984400000016,-9361.483550000088,342.50084999993305
2024-04-23T10:44:47.000000,9703.984400000016,-9363.23480000009,340.74959999993206
2024-04-23T10:45:02.000000,9703.984400000016,-9339.98630000009,363.9980999999314
2024-04-23T10:46:52.000000,9703.984400000016,-9359.61050000009,344.37389999993167
2024-04-23T10:48:07.000000,9668.028200000017,-9359.61050000009,308.41769999993227
2024-04-23T11:04:07.000000,9656.126800000018,-9359.61050000009,296.51629999993304
2024-04-23T13:02:47.000000,9656.126800000018,-9343.06610000009,313.0606999999336
2024-04-23T13:02:52.000000,9656.126800000018,-9314.52950000009,341.5972999999339
2024-04-23T13:03:17.000000,9656.126800000018,-9273.99110000009,382.13569999993393
2024-04-23T13:03:22.000000,9656.126800000018,-9233.45270000009,422.67409999993396
2024-04-23T13:03:32.000000,9656.126800000018,-9192.914300000091,463.212499999934
2024-04-23T13:03:37.000000,9656.126800000018,-9152.375900000092,503.750899999934
2024-04-23T13:04:22.000000,9656.126800000018,-9123.829700000091,532.2970999999343
2024-04-23T13:04:27.000000,9656.126800000018,-9095.28350000009,560.8432999999346
2024-04-23T13:04:32.000000,9656.126800000018,-9042.743300000091,613.3834999999344
2024-04-23T13:04:57.000000,9656.126800000018,-9002.19530000009,653.9314999999344
2024-04-23T13:05:27.000000,9656.126800000018,-8973.63950000009,682.4872999999336
2024-04-23T13:05:47.000000,9656.126800000018,-8921.09930000009,735.0274999999334
2024-04-23T13:12:12.000000,9674.122700000018,-8921.09930000009,753.023399999934
2024-04-23T13:12:27.000000,9674.122700000018,-8898.99880000009,775.1238999999351
2024-04-23T13:20:57.000000,9653.164750000018,-8898.99880000009,754.1659499999354
2024-04-23T13:36:32.000000,9606.141150000018,-8898.99880000009,707.1423499999348
2024-04-23T13:36:37.000000,9567.118750000018,-8898.99880000009,668.1199499999341
2024-04-23T13:41:32.000000,9640.049150000017,-8898.99880000009,741.0503499999338
2024-04-23T13:41:57.000000,9724.968550000018,-8898.99880000009,825.969749999934
2024-04-23T13:48:12.000000,9724.968550000018,-8856.13130000009,868.8372499999348
2024-04-23T13:48:47.000000,9724.968550000018,-8827.858700000092,897.109849999934
2024-04-23T13:53:37.000000,9699.146650000017,-8827.858700000092,871.2879499999328
2024-04-23T13:56:02.000000,9717.256950000017,-8827.858700000092,889.3982499999323
2024-04-23T13:56:12.000000,9722.365300000018,-8827.858700000092,894.5065999999321
2024-04-23T13:56:17.000000,9714.471700000018,-8827.858700000092,886.6129999999321
2024-04-23T13:56:22.000000,9719.580050000019,-8827.858700000092,891.7213499999318
2024-04-23T14:01:52.000000,9719.580050000019,-8848.743850000092,870.8361999999321
2024-04-23T14:08:07.000000,9719.580050000019,-8830.664750000093,888.9152999999316
2024-04-23T14:08:17.000000,9719.580050000019,-8825.577200000092,894.0028499999313
2024-04-23T14:08:27.000000,9719.580050000019,-8807.498100000093,912.0819499999308
2024-04-23T14:08:32.000000,9719.580050000019,-8789.419000000094,930.1610499999302
2024-04-23T14:08:37.000000,9719.580050000019,-8784.331450000094,935.24859999993
2024-04-23T14:08:42.000000,9719.580050000019,-8779.243900000094,940.3361499999297
2024-04-23T14:08:47.000000,9719.580050000019,-8787.147900000095,932.4321499999297
2024-04-23T14:08:52.000000,9690.94970000002,-8787.147900000095,903.8017999999302
2024-04-23T14:08:52.000000,9690.94970000002,-8795.051900000095,895.8977999999302
2024-04-23T14:08:57.000000,9690.94970000002,-8789.953950000094,900.995749999931
2024-04-23T14:14:52.000000,9663.17470000002,-8789.953950000094,873.2207499999315
2024-04-23T14:26:17.000000,9663.17470000002,-8767.509450000092,895.6652499999326
2024-04-23T14:30:07.000000,9666.229950000019,-8767.509450000092,898.7204999999324
2024-04-23T14:36:32.000000,9666.229950000019,-8795.623800000092,870.6061499999323
2024-04-23T14:36:37.000000,9666.229950000019,-8826.738600000093,839.4913499999318
2024-04-23T14:41:37.000000,9666.229950000019,-8899.714750000094,766.5151999999321
2024-04-23T14:43:47.000000,9666.229950000019,-8871.139750000093,795.0901999999323
2024-04-23T14:43:52.000000,9666.229950000019,-8830.572550000094,835.6573999999324
2024-04-23T14:44:02.000000,9666.229950000019,-8778.013150000093,888.2167999999322
2024-04-23T14:44:52.000000,9666.229950000019,-8722.513300000093,943.7166499999321
2024-04-24T09:50:27.000000,9760.28925000002,-8722.513300000093,1037.775949999933
2024-04-24T09:50:47.000000,9888.32645000002,-8722.513300000093,1165.813149999933
2024-04-24T09:51:17.000000,9820.99745000002,-8722.513300000093,1098.4841499999327
2024-04-24T09:52:02.000000,9728.980700000022,-8722.513300000093,1006.4673999999336
2024-04-24T09:52:07.000000,9631.967200000023,-8722.513300000093,909.4538999999338
2024-04-24T09:52:12.000000,9534.949700000023,-8722.513300000093,812.436399999934
2024-04-24T09:52:22.000000,9442.940950000024,-8722.513300000093,720.4276499999349
2024-04-24T09:52:32.000000,9330.933200000023,-8722.513300000093,608.4198999999345
2024-04-24T09:52:37.000000,9330.933200000023,-8735.531800000093,595.4013999999346
2024-04-24T09:54:02.000000,9263.936200000022,-8735.531800000093,528.4043999999341
2024-04-24T09:54:17.000000,9206.94870000002,-8735.531800000093,471.4168999999334
2024-04-24T09:54:22.000000,9144.96845000002,-8735.531800000093,409.43664999993365
2024-04-24T09:54:27.000000,9087.988950000019,-8735.531800000093,352.45714999993294
2024-04-24T09:54:52.000000,9021.023950000019,-8735.531800000093,285.49214999993245
2024-04-24T09:55:27.000000,8904.067450000019,-8735.531800000093,168.535649999933
2024-04-24T09:55:42.000000,8772.112700000018,-8735.531800000093,36.580899999933024
2024-04-24T09:55:47.000000,8875.017200000018,-8735.531800000093,139.48539999993423
2024-04-24T09:55:52.000000,8738.061700000018,-8735.531800000093,2.529899999933434
2024-04-24T09:56:07.000000,8738.061700000018,-8777.625050000093,-39.563350000066706
2024-04-24T09:56:22.000000,8738.061700000018,-8829.711800000094,-91.65010000006663
2024-04-24T09:56:52.000000,8621.121200000018,-8829.711800000094,-208.59060000006784
2024-04-24T10:00:07.000000,8459.261950000016,-8829.711800000094,-370.449850000069
2024-04-24T10:00:12.000000,8287.405200000017,-8829.711800000094,-542.3066000000681
2024-04-24T10:00:47.000000,8110.567700000018,-8829.711800000094,-719.1441000000681
2024-04-24T10:00:57.000000,7923.736700000018,-8829.711800000094,-905.9751000000678
2024-04-24T10:01:02.000000,7746.907200000018,-8829.711800000094,-1082.8046000000677
2024-04-24T10:01:02.000000,7803.668800000018,-8829.711800000094,-1026.0430000000677
2024-04-24T10:01:47.000000,7676.826800000017,-8829.711800000094,-1152.8850000000687
2024-04-24T10:01:52.000000,7559.974300000018,-8829.711800000094,-1269.7375000000682
2024-04-24T10:01:57.000000,7418.126050000018,-8829.711800000094,-1411.585750000068
2024-04-24T10:02:02.000000,7286.267300000018,-8829.711800000094,-1543.4445000000678
2024-04-24T10:02:07.000000,7159.409300000018,-8829.711800000094,-1670.302500000067
2024-04-24T10:02:17.000000,7062.5478000000185,-8829.711800000094,-1767.164000000067
2024-04-24T10:02:27.000000,6980.676550000019,-8829.711800000094,-1849.0352500000663
2024-04-24T10:02:32.000000,6903.802050000019,-8829.711800000094,-1925.9097500000667
2024-04-24T10:02:47.000000,6856.91205000002,-8829.711800000094,-1972.7997500000658
2024-04-24T10:03:07.000000,6785.03430000002,-8829.711800000094,-2044.6775000000653
2024-04-24T10:03:42.000000,6723.15005000002,-8829.711800000094,-2106.561750000065
2024-04-24T10:03:42.000000,6666.266550000021,-8829.711800000094,-2163.445250000064
2024-04-24T10:04:22.000000,6684.378300000021,-8829.711800000094,-2145.3335000000634
2024-04-24T10:04:27.000000,6727.481800000022,-8829.711800000094,-2102.230000000063
2024-04-24T10:04:37.000000,6745.589550000022,-8829.711800000094,-2084.122250000062
2024-04-24T10:04:42.000000,6773.694800000023,-8829.711800000094,-2056.017000000062
2024-04-24T10:04:47.000000,6811.801550000023,-8829.711800000094,-2017.9102500000622
2024-04-24T10:04:52.000000,6864.902550000022,-8829.711800000094,-1964.8092500000635
2024-04-24T10:05:22.000000,6943.011300000023,-8829.711800000094,-1886.7005000000627
2024-04-24T10:05:22.000000,7026.120800000022,-8829.711800000094,-1803.5910000000629
2024-04-24T10:05:27.000000,7109.230300000022,-8829.711800000094,-1720.481500000063
2024-04-24T10:05:32.000000,7192.347800000023,-8829.711800000094,-1637.3640000000614
2024-04-24T10:05:37.000000,7270.472550000022,-8829.711800000094,-1559.2392500000624
2024-04-24T10:05:42.000000,7348.597300000021,-8829.711800000094,-1481.1145000000633
2024-04-24T10:05:47.000000,7441.720300000021,-8829.711800000094,-1387.9915000000638
2024-04-24T10:06:17.000000,7589.81555000002,-8829.711800000094,-1239.8962500000644
2024-04-24T10:06:17.000000,7727.90930000002,-8829.711800000094,-1101.8025000000648
2024-04-24T10:06:17.000000,7871.00380000002,-8829.711800000094,-958.7080000000644
2024-04-24T10:06:17.000000,8004.096800000021,-8829.711800000094,-825.6150000000639
2024-04-24T10:06:22.000000,8132.185050000023,-8829.711800000094,-697.5267500000623
2024-04-24T10:06:27.000000,8245.271050000023,-8829.711800000094,-584.4407500000613
2024-04-24T10:13:22.000000,8245.271050000023,-8800.863200000093,-555.592150000061
2024-04-24T10:13:27.000000,8245.271050000023,-8898.139100000093,-652.8680500000612
2024-04-24T10:13:32.000000,8245.271050000023,-8875.291400000093,-630.0203500000608
2024-04-24T10:16:17.000000,8245.271050000023,-8858.444600000093,-613.1735500000614
2024-04-24T10:16:22.000000,8245.271050000023,-8835.596900000093,-590.325850000061
2024-04-24T10:16:27.000000,8245.271050000023,-8824.746200000094,-579.4751500000614
2024-04-24T10:16:32.000000,8245.271050000023,-8807.894600000094,-562.6235500000608
2024-04-24T10:16:37.000000,8245.271050000023,-8791.043000000094,-545.7719500000603
2024-04-24T10:16:42.000000,8245.271050000023,-8774.191400000094,-528.9203500000598
2024-04-24T10:16:47.000000,8245.271050000023,-8757.335000000094,-512.0639500000592
2024-04-24T10:16:52.000000,8245.271050000023,-8740.478600000093,-495.20755000005863
2024-04-24T10:17:07.000000,8245.271050000023,-8763.821800000092,-518.5507500000583
2024-04-24T10:17:42.000000,8245.271050000023,-8744.173750000093,-498.90270000005836
2024-04-24T10:21:17.000000,8245.271050000023,-8745.310450000092,-500.0394000000574
2024-04-24T10:21:22.000000,8245.271050000023,-8752.443250000091,-507.1722000000574
2024-04-24T10:21:27.000000,8245.271050000023,-8769.504750000091,-524.2337000000572
2024-04-24T10:21:37.000000,8245.271050000023,-8707.83600000009,-462.564950000057
2024-04-24T10:21:42.000000,8245.271050000023,-8635.28000000009,-390.008950000057
2024-04-24T10:21:42.000000,8233.122300000025,-8635.28000000009,-402.15770000005597
2024-04-24T10:21:47.000000,8233.122300000025,-8567.60795000009,-334.48565000005595
2024-04-24T10:24:02.000000,8324.173150000024,-8567.60795000009,-243.4348000000561
2024-04-24T10:32:32.000000,8322.513250000024,-8567.60795000009,-245.09470000005624
2024-04-24T10:32:42.000000,8320.853350000023,-8567.60795000009,-246.75460000005637
2024-04-24T10:44:47.000000,8342.957850000023,-8567.60795000009,-224.65010000005702
2024-04-24T10:49:17.000000,8342.957850000023,-8559.378500000092,-216.4206500000579
2024-04-24T10:49:42.000000,8342.957850000023,-8560.145600000093,-217.18775000005803
2024-04-24T10:49:47.000000,8342.957850000023,-8560.726950000093,-217.7691000000582
2024-04-24T10:50:27.000000,8342.957850000023,-8591.877750000092,-248.91990000005768
2024-04-24T10:51:02.000000,8342.957850000023,-8617.042050000093,-274.0842000000584
2024-04-24T10:51:07.000000,8342.957850000023,-8638.031200000094,-295.07335000005924
2024-04-24T10:51:17.000000,8342.957850000023,-8685.013850000094,-342.05600000005956
2024-04-24T10:51:47.000000,8342.957850000023,-8771.012750000094,-428.05490000006023
2024-04-24T10:52:12.000000,8342.957850000023,-8857.001250000096,-514.0434000000608
2024-04-24T10:52:22.000000,8342.957850000023,-8929.998200000096,-587.0403500000617
2024-04-24T10:52:27.000000,8342.957850000023,-9015.986700000098,-673.0288500000623
2024-04-24T10:52:32.000000,8342.957850000023,-9101.975200000099,-759.017350000063
2024-04-24T10:52:37.000000,8342.957850000023,-9174.9721500001,-832.0143000000638
2024-04-24T10:52:52.000000,8342.957850000023,-9273.9522000001,-930.9943500000642
2024-04-24T10:54:07.000000,8342.957850000023,-9320.9348500001,-977.9770000000645
2024-04-24T10:56:37.000000,8342.957850000023,-9293.373600000099,-950.4157500000645
2024-04-24T10:57:22.000000,8342.957850000023,-9276.7812000001,-933.8233500000649
2024-04-24T10:58:27.000000,8342.957850000023,-9249.2239500001,-906.2661000000647
2024-04-24T10:58:27.000000,8342.957850000023,-9256.6159500001,-913.6581000000648
2024-04-24T11:04:07.000000,8342.957850000023,-9227.7769500001,-884.8191000000655
2024-04-24T11:07:13.000000,8342.957850000023,-9439.695550000099,-1096.7377000000647
2024-04-24T11:08:27.000000,8342.957850000023,-9412.6583000001,-1069.7004500000646
2024-04-24T11:10:42.000000,8342.957850000023,-9440.8014500001,-1097.8436000000654
2024-04-24T11:17:22.000000,8342.957850000023,-9412.757650000101,-1069.7998000000655
2024-04-24T11:22:02.000000,8342.957850000023,-9407.711700000102,-1064.7538500000658
2024-04-24T13:01:57.000000,8380.028600000023,-9407.711700000102,-1027.683100000066
2024-04-24T13:02:07.000000,8412.102600000024,-9407.711700000102,-995.6091000000649
2024-04-24T13:02:22.000000,8439.179850000024,-9407.711700000102,-968.5318500000648
2024-04-24T13:06:37.000000,8439.179850000024,-9456.927600000103,-1017.7477500000649
2024-04-24T13:06:42.000000,8439.179850000024,-9500.147400000102,-1060.9675500000642
2024-04-24T13:06:47.000000,8439.179850000024,-9543.3672000001,-1104.1873500000634
2024-04-24T13:06:52.000000,8439.179850000024,-9580.5861000001,-1141.4062500000628
2024-04-24T13:07:12.000000,8596.319800000025,-9580.5861000001,-984.2663000000623
2024-04-24T13:07:27.000000,8596.319800000025,-9605.8176000001,-1009.4978000000619
2024-04-24T13:07:27.000000,8596.319800000025,-9587.7593000001,-991.4395000000613
2024-04-24T13:07:37.000000,8596.319800000025,-9624.987800000099,-1028.6680000000606
2024-04-24T13:07:37.000000,8596.319800000025,-9606.929500000098,-1010.60970000006
2024-04-24T13:08:07.000000,8596.319800000025,-9644.162800000098,-1047.8430000000594
2024-04-24T13:08:12.000000,8596.319800000025,-9717.387100000098,-1121.067300000059
2024-04-24T13:10:32.000000,8596.319800000025,-9760.630900000098,-1164.3111000000592
2024-04-24T13:11:32.000000,8596.319800000025,-9809.870800000099,-1213.5510000000595
2024-04-24T13:14:07.000000,8596.319800000025,-9823.143700000099,-1226.8239000000594
2024-04-24T13:14:12.000000,8596.319800000025,-9842.417500000098,-1246.0977000000591
2024-04-24T13:14:17.000000,8596.319800000025,-9873.683500000097,-1277.3637000000585
2024-04-24T13:15:57.000000,8596.319800000025,-9916.956100000098,-1320.6363000000588
2024-04-24T13:16:02.000000,8596.319800000025,-9950.895200000099,-1354.5754000000593
2024-04-24T13:18:57.000000,8596.319800000025,-9893.717450000098,-1297.397650000058
2024-04-24T13:19:02.000000,8596.319800000025,-9841.536450000098,-1245.2166500000576
2024-04-24T13:19:17.000000,8596.319800000025,-9789.359450000098,-1193.039650000057
2024-04-24T13:19:22.000000,8596.319800000025,-9737.182450000098,-1140.8626500000564
2024-04-24T13:20:22.000000,8596.319800000025,-9797.135850000097,-1200.8160500000554
2024-04-24T13:21:02.000000,8578.474300000025,-9797.135850000097,-1218.6615500000553
2024-04-24T13:24:27.000000,8578.474300000025,-9858.454350000096,-1279.9800500000551
2024-04-24T13:24:37.000000,8578.474300000025,-9853.418800000096,-1274.9445000000553
2024-04-24T13:24:42.000000,8578.474300000025,-9835.381300000097,-1256.9070000000559
2024-04-24T13:24:47.000000,8578.474300000025,-9830.345750000097,-1251.871450000056
2024-04-24T13:25:37.000000,8578.474300000025,-9882.787700000097,-1304.3134000000557
2024-04-24T13:27:07.000000,8578.474300000025,-9836.123600000097,-1257.6493000000557
2024-04-24T13:28:17.000000,8578.474300000025,-9861.583100000096,-1283.1088000000555
2024-04-24T13:33:07.000000,8578.474300000025,-9869.051900000097,-1290.5776000000556
2024-04-24T13:42:07.000000,8578.474300000025,-9891.890150000097,-1313.415850000056
2024-04-24T13:45:02.000000,8583.024100000024,-9891.890150000097,-1308.8660500000562
2024-04-24T13:53:12.000000,8583.024100000024,-9859.788150000097,-1276.7640500000552
2024-04-24T13:53:32.000000,8583.024100000024,-9827.686150000096,-1244.6620500000543
2024-04-24T13:54:17.000000,8583.024100000024,-9790.579400000095,-1207.5553000000543
2024-04-24T13:54:22.000000,8583.024100000024,-9748.471900000097,-1165.4478000000554
2024-04-24T13:54:27.000000,8583.024100000024,-9755.579900000097,-1172.5558000000553
2024-04-24T13:56:17.000000,8583.024100000024,-9733.479400000097,-1150.4553000000542
2024-04-24T13:58:12.000000,8583.024100000024,-9728.350250000098,-1145.3261500000544
2024-04-24T13:58:37.000000,8583.024100000024,-9736.202250000099,-1153.1781500000545
2024-04-24T13:59:27.000000,8583.024100000024,-9757.045800000098,-1174.0217000000544
2024-04-24T13:59:47.000000,8524.586050000025,-9757.045800000098,-1232.4597500000539
2024-04-24T14:00:07.000000,8478.142600000027,-9757.045800000098,-1278.9032000000536
2024-04-24T14:01:12.000000,8448.307300000028,-9757.045800000098,-1308.7385000000531
2024-04-24T14:06:02.000000,8404.33870000003,-9757.045800000098,-1352.7071000000524
2024-04-24T14:20:22.000000,8404.33870000003,-9827.560050000098,-1423.2213500000526
2024-04-24T14:20:27.000000,8404.33870000003,-9892.071000000098,-1487.732300000052
2024-04-24T14:20:32.000000,8404.33870000003,-9959.580000000098,-1555.2413000000518
2024-04-24T14:20:42.000000,8404.33870000003,-10018.092450000098,-1613.7537500000522
2024-04-24T14:20:47.000000,8404.33870000003,-10073.602050000098,-1669.2633500000522
2024-04-24T14:20:57.000000,8404.33870000003,-10126.111200000098,-1721.7725000000519
2024-04-24T14:22:22.000000,8404.33870000003,-10120.982050000099,-1716.6433500000521
2024-04-24T14:28:47.000000,8404.33870000003,-10118.4605500001,-1714.1218500000523
2024-04-24T14:35:07.000000,8404.33870000003,-10125.9485500001,-1721.6098500000523
2024-04-24T14:35:07.000000,8404.33870000003,-10185.7875500001,-1781.4488500000523
2024-04-24T14:35:22.000000,8404.33870000003,-10245.626550000099,-1841.2878500000522
2024-04-24T14:40:32.000000,8404.33870000003,-10283.1110500001,-1878.7723500000534
2024-04-24T14:40:47.000000,8404.33870000003,-10320.5955500001,-1916.2568500000546
2024-04-24T14:40:57.000000,8404.33870000003,-10358.0800500001,-1953.7413500000557
2024-04-24T14:41:07.000000,8404.33870000003,-10395.564550000101,-1991.2258500000569
2024-04-24T14:42:57.000000,8404.33870000003,-10413.038050000101,-2008.6993500000567
2024-04-24T14:43:47.000000,8404.33870000003,-10435.5763000001,-2031.2376000000563
2024-04-24T14:43:57.000000,8404.33870000003,-10488.0510500001,-2083.712350000056
2024-04-24T14:43:57.000000,8404.33870000003,-10510.5893000001,-2106.250600000056
2024-04-24T14:44:22.000000,8404.33870000003,-10538.080300000101,-2133.741600000057
2024-04-24T14:44:47.000000,8404.33870000003,-10555.569800000103,-2151.2311000000586
2024-04-24T14:45:02.000000,8404.33870000003,-10580.858900000103,-2176.5202000000595
2024-04-25T09:50:37.000000,8397.11470000003,-10580.858900000103,-2183.7442000000597
2024-04-25T09:53:47.000000,8354.00530000003,-10580.858900000103,-2226.8536000000595
2024-04-25T09:53:52.000000,8310.89590000003,-10580.858900000103,-2269.9630000000593
2024-04-25T09:54:17.000000,8303.68150000003,-10580.858900000103,-2277.177400000059
2024-04-25T09:54:22.000000,8244.12170000003,-10580.858900000103,-2336.7372000000587
2024-04-25T09:54:37.000000,8242.90340000003,-10580.858900000103,-2337.9555000000587
2024-04-25T10:04:27.000000,8242.90340000003,-10668.646900000103,-2425.7435000000587
2024-04-25T10:05:37.000000,8242.90340000003,-10665.989400000104,-2423.086000000059
2024-04-25T10:06:32.000000,8242.90340000003,-10763.794900000104,-2520.891500000059
2024-04-25T10:06:37.000000,8242.90340000003,-10861.600400000105,-2618.697000000059
2024-04-25T10:06:42.000000,8242.90340000003,-10959.405900000105,-2716.5025000000587
2024-04-25T10:06:52.000000,8242.90340000003,-10918.768300000105,-2675.8649000000582
2024-04-25T10:07:02.000000,8242.90340000003,-10874.126900000105,-2631.2235000000587
2024-04-25T10:07:02.000000,8242.90340000003,-10961.922900000105,-2719.019500000059
2024-04-25T10:07:07.000000,8242.90340000003,-10901.288700000105,-2658.385300000058
2024-04-25T10:07:17.000000,8242.90340000003,-10848.646100000105,-2605.742700000059
2024-04-25T10:07:32.000000,8278.94600000003,-10848.646100000105,-2569.700100000058
2024-04-25T10:07:32.000000,8314.988600000032,-10848.646100000105,-2533.6575000000566
2024-04-25T10:07:32.000000,8351.031200000032,-10848.646100000105,-2497.6149000000555
2024-04-25T10:09:47.000000,8351.031200000032,-10866.495600000106,-2515.4644000000553
2024-04-25T10:10:37.000000,8373.782900000031,-10866.495600000106,-2492.712700000056
2024-04-25T10:12:07.000000,8373.782900000031,-10874.300400000106,-2500.517500000056
2024-04-25T10:13:37.000000,8373.782900000031,-10872.122900000106,-2498.340000000056
2024-04-25T10:14:22.000000,8373.782900000031,-10847.836500000105,-2474.053600000055
2024-04-25T10:14:52.000000,8373.782900000031,-10815.678500000104,-2441.8956000000544
2024-04-25T10:16:57.000000,8371.48365000003,-10815.678500000104,-2444.1948500000553
2024-04-25T10:20:52.000000,8371.48365000003,-10849.628000000102,-2478.1443500000546
2024-04-25T10:22:12.000000,8371.48365000003,-10847.450500000103,-2475.966850000055
2024-04-25T10:28:27.000000,8371.48365000003,-10881.410400000103,-2509.926750000054
2024-04-25T10:29:02.000000,8371.48365000003,-10898.707900000103,-2527.224250000054
2024-04-25T10:33:47.000000,8343.95730000003,-10898.707900000103,-2554.750600000054
2024-04-25T10:33:52.000000,8310.43005000003,-10898.707900000103,-2588.277850000054
2024-04-25T10:33:57.000000,8273.90475000003,-10898.707900000103,-2624.8031500000534
2024-04-25T10:34:07.000000,8225.38965000003,-10898.707900000103,-2673.3182500000535
2024-04-25T10:34:37.000000,8152.88295000003,-10898.707900000103,-2745.824950000053
2024-04-25T10:35:52.000000,8152.88295000003,-10878.306900000103,-2725.4239500000526
2024-04-25T10:39:22.000000,8152.88295000003,-10860.055150000104,-2707.172200000054
2024-04-25T10:40:02.000000,8152.88295000003,-10885.238650000103,-2732.3557000000537
2024-04-25T10:40:52.000000,8152.88295000003,-10832.554450000103,-2679.671500000054
2024-04-25T10:40:57.000000,8110.41915000003,-10832.554450000103,-2722.1353000000545
2024-04-25T10:41:27.000000,8110.41915000003,-10835.489700000104,-2725.0705500000554
2024-04-25T10:42:02.000000,8139.93735000003,-10835.489700000104,-2695.552350000055
2024-04-25T10:42:42.000000,8148.45960000003,-10835.489700000104,-2687.0301000000545
2024-04-25T11:02:47.000000,8101.53935000003,-10835.489700000104,-2733.9503500000546
2024-04-25T11:12:17.000000,8101.53935000003,-10843.177700000104,-2741.6383500000547
2024-04-25T11:13:37.000000,8080.1387000000295,-10843.177700000104,-2763.039000000055
2024-04-25T11:18:32.000000,8080.1387000000295,-10820.877200000103,-2740.7385000000536
2024-04-25T11:20:27.000000,7992.809750000029,-10820.877200000103,-2828.0674500000537
2024-04-25T11:22:42.000000,7944.4914500000295,-10820.877200000103,-2876.385750000054
2024-04-25T11:22:47.000000,7887.17180000003,-10820.877200000103,-2933.7054000000535
2024-04-25T11:23:52.000000,7877.85935000003,-10820.877200000103,-2943.017850000054
2024-04-25T11:23:57.000000,7868.546900000029,-10820.877200000103,-2952.330300000054
2024-04-25T11:24:07.000000,7859.234450000029,-10820.877200000103,-2961.6427500000545
2024-04-25T11:25:47.000000,7840.925450000029,-10820.877200000103,-2979.9517500000543
2024-04-25T13:13:57.000000,7840.925450000029,-10828.750000000102,-2987.8245500000544
2024-04-25T13:15:52.000000,7864.689950000028,-10828.750000000102,-2964.060050000055
2024-04-25T13:23:52.000000,7864.689950000028,-10784.615000000102,-2919.925050000055
2024-04-25T13:36:37.000000,7804.882150000029,-10784.615000000102,-2979.732850000055
2024-04-25T13:37:57.000000,7804.882150000029,-10773.8747000001,-2968.992550000054
2024-04-25T13:41:07.000000,7797.071750000028,-10773.8747000001,-2976.802950000054
2024-04-25T13:41:42.000000,7789.261350000028,-10773.8747000001,-2984.6133500000537
2024-04-25T13:42:22.000000,7781.450950000028,-10773.8747000001,-2992.4237500000536
2024-04-25T13:42:37.000000,7760.638600000027,-10773.8747000001,-3013.2361000000546
2024-04-25T13:53:17.000000,7760.638600000027,-10807.6994000001,-3047.0608000000543
2024-04-25T13:53:32.000000,7760.638600000027,-10828.522150000099,-3067.883550000054
2024-04-25T14:07:07.000000,7752.869800000027,-10828.522150000099,-3075.652350000054
2024-04-25T14:10:42.000000,7761.563400000026,-10828.522150000099,-3066.9587500000544
2024-04-25T14:28:27.000000,7766.817350000026,-10828.522150000099,-3061.7048000000545
2024-04-25T14:37:07.000000,7766.817350000026,-10810.3182500001,-3043.500900000055
2024-04-25T14:37:17.000000,7766.817350000026,-10792.114350000102,-3025.2970000000555
2024-04-25T14:38:37.000000,7766.817350000026,-10809.467850000103,-3042.650500000057
2024-04-25T14:39:02.000000,7766.817350000026,-10798.684350000101,-3031.8670000000566
2024-04-25T14:40:17.000000,7766.817350000026,-10797.180600000102,-3030.3632500000563
2024-04-25T14:40:22.000000,7766.817350000026,-10795.676850000102,-3028.859500000056
2024-04-25T14:41:17.000000,7766.817350000026,-10838.0421000001,-3071.2247500000544
2024-04-26T09:53:32.000000,7809.400850000025,-10838.0421000001,-3028.6412500000556
2024-04-26T09:56:17.000000,7814.0730500000245,-10838.0421000001,-3023.969050000056
2024-04-26T09:56:52.000000,7842.768050000025,-10838.0421000001,-2995.274050000056
2024-04-26T09:56:57.000000,7871.4678500000255,-10838.0421000001,-2966.5742500000556
2024-04-26T09:57:02.000000,7888.165850000026,-10838.0421000001,-2949.876250000055
2024-04-26T09:57:12.000000,7886.870750000026,-10838.0421000001,-2951.1713500000537
2024-04-26T09:57:17.000000,7885.575650000027,-10838.0421000001,-2952.4664500000526
2024-04-26T10:06:57.000000,7885.575650000027,-10885.5681000001,-2999.9924500000516
2024-04-26T10:29:37.000000,7877.658050000027,-10885.5681000001,-3007.910050000052
2024-04-26T10:29:42.000000,7869.7404500000275,-10885.5681000001,-3015.827650000052
2024-04-26T10:36:57.000000,7869.7404500000275,-10877.3865000001,-3007.6460500000526
2024-04-26T10:44:27.000000,7869.7404500000275,-10872.9351000001,-3003.1946500000527
2024-04-26T10:44:42.000000,7869.7404500000275,-10856.4963000001,-2986.755850000053
2024-04-26T10:44:47.000000,7869.7404500000275,-10834.0614000001,-2964.320950000054
2024-04-26T10:44:47.000000,7867.8933500000285,-10834.0614000001,-2966.168050000053
2024-04-26T10:44:52.000000,7867.8933500000285,-10823.618700000101,-2955.7253500000534
2024-04-26T10:44:57.000000,7867.8933500000285,-10807.179900000101,-2939.286550000054
2024-04-26T10:45:02.000000,7867.8933500000285,-10796.737200000101,-2928.8438500000543
2024-04-26T10:45:12.000000,7866.048650000027,-10796.737200000101,-2930.6885500000553
2024-04-26T10:46:02.000000,7866.048650000027,-10660.366800000102,-2794.3181500000564
2024-04-26T10:47:32.000000,7866.048650000027,-10529.982900000101,-2663.934250000056
2024-04-26T10:47:37.000000,7866.048650000027,-10417.587300000101,-2551.5386500000554
2024-04-26T10:50:02.000000,7866.048650000027,-10445.206300000102,-2579.157650000057
2024-04-26T10:53:57.000000,7866.048650000027,-10437.844050000102,-2571.7954000000564
2024-04-26T10:54:07.000000,7866.048650000027,-10435.478550000102,-2569.4299000000565
2024-04-26T11:02:52.000000,7866.048650000027,-10518.400200000102,-2652.3515500000567
2024-04-26T11:16:22.000000,7866.048650000027,-10559.361150000102,-2693.3125000000564
2024-04-26T11:23:02.000000,7866.048650000027,-10590.707450000104,-2724.658800000057
2024-04-26T11:23:07.000000,7866.048650000027,-10622.053750000105,-2756.0051000000576
2024-04-26T11:27:22.000000,7866.048650000027,-10595.407350000103,-2729.358700000057
2024-04-26T11:27:47.000000,7866.048650000027,-10568.759350000102,-2702.7107000000565
2024-04-26T11:27:52.000000,7866.048650000027,-10540.112650000101,-2674.0640000000562
2024-04-26T11:28:07.000000,7866.048650000027,-10511.467550000101,-2645.418900000056
2024-04-26T11:29:02.000000,7866.048650000027,-10498.823250000101,-2632.774600000055
2024-04-26T11:29:02.000000,7866.048650000027,-10484.180250000101,-2618.1316000000547
2024-04-26T11:29:07.000000,7866.048650000027,-10469.535650000102,-2603.4870000000546
2024-04-26T11:29:22.000000,7866.048650000027,-10477.356450000101,-2611.3078000000546
2024-04-26T11:29:22.000000,7866.048650000027,-10454.717050000101,-2588.6684000000546
2024-04-26T13:00:07.000000,7866.048650000027,-10428.073850000103,-2562.025200000055
2024-04-26T13:00:07.000000,7866.048650000027,-10403.429350000102,-2537.380700000055
2024-04-26T13:01:52.000000,7866.048650000027,-10523.241350000102,-2657.1927000000555
2024-04-26T13:10:52.000000,7866.048650000027,-10480.921850000102,-2614.8732000000564
2024-04-26T13:15:12.000000,7866.048650000027,-10517.207150000102,-2651.158500000056
2024-04-26T13:20:42.000000,7866.048650000027,-10494.7266500001,-2628.6780000000554
2024-04-26T13:20:52.000000,7866.048650000027,-10472.246150000099,-2606.197500000055
2024-04-26T13:20:57.000000,7866.048650000027,-10449.765650000098,-2583.717000000054
2024-04-26T13:21:02.000000,7866.048650000027,-10427.285150000096,-2561.2365000000536
2024-04-26T13:21:07.000000,7866.048650000027,-10404.804650000095,-2538.756000000053
2024-04-26T13:21:12.000000,7866.048650000027,-10382.324150000093,-2516.2755000000525
2024-04-26T13:21:17.000000,7866.048650000027,-10359.843650000092,-2493.795000000052
2024-04-26T13:21:22.000000,7866.048650000027,-10337.36315000009,-2471.3145000000513
2024-04-26T13:21:27.000000,7866.048650000027,-10344.86315000009,-2478.8145000000513
2024-04-26T13:21:32.000000,7866.048650000027,-10352.86315000009,-2486.8145000000513
2024-04-26T13:21:42.000000,7866.048650000027,-10360.86315000009,-2494.8145000000513
2024-04-26T13:21:47.000000,7866.048650000027,-10368.86315000009,-2502.8145000000513
2024-04-26T13:22:57.000000,7866.048650000027,-10328.85595000009,-2462.807300000051
2024-04-26T13:23:02.000000,7866.048650000027,-10288.84875000009,-2422.8001000000504
2024-04-26T13:23:17.000000,7866.048650000027,-10264.843950000091,-2398.795300000051
2024-04-26T13:23:32.000000,7866.048650000027,-10256.828750000092,-2390.7801000000513
2024-04-26T13:33:02.000000,7858.087050000027,-10256.828750000092,-2398.7417000000514
2024-04-26T13:38:17.000000,7858.087050000027,-10309.455500000091,-2451.3684500000504
2024-04-26T13:40:27.000000,7858.087050000027,-10308.19350000009,-2450.1064500000507
2024-04-26T13:42:22.000000,7858.087050000027,-10231.10875000009,-2373.0217000000516
2024-04-26T13:42:27.000000,7858.087050000027,-10164.01750000009,-2305.930450000052
2024-04-26T13:46:57.000000,7868.726250000029,-10164.01750000009,-2295.291250000051
2024-04-26T13:57:27.000000,7851.188750000029,-10164.01750000009,-2312.828750000051
2024-04-26T13:57:32.000000,7833.65125000003,-10164.01750000009,-2330.366250000051
2024-04-26T13:57:37.000000,7816.11375000003,-10164.01750000009,-2347.903750000051
2024-04-26T13:57:42.000000,7788.578750000031,-10164.01750000009,-2375.4387500000503
2024-04-26T14:02:02.000000,7780.59395000003,-10164.01750000009,-2383.4235500000505
2024-04-26T14:04:22.000000,7763.096450000031,-10164.01750000009,-2400.9210500000504
2024-04-26T14:04:42.000000,7740.60220000003,-10164.01750000009,-2423.415300000051
2024-04-26T14:04:47.000000,7723.108700000031,-10164.01750000009,-2440.9088000000506
2024-04-26T14:05:02.000000,7705.615200000031,-10164.01750000009,-2458.40230000005
2024-04-26T14:05:32.000000,7678.13220000003,-10164.01750000009,-2485.8853000000518
2024-04-26T14:06:07.000000,7679.172750000031,-10164.01750000009,-2484.8447500000516
2024-04-26T14:06:17.000000,7671.580750000031,-10164.01750000009,-2492.4367500000517
2024-04-26T14:07:17.000000,7671.580750000031,-10185.903750000092,-2514.323000000052
2024-04-26T14:07:22.000000,7671.580750000031,-10207.790000000094,-2536.2092500000526
2024-04-26T14:07:32.000000,7671.580750000031,-10224.679500000095,-2553.098750000054
2024-04-26T14:08:27.000000,7671.580750000031,-10232.553100000096,-2560.972350000054
2024-04-26T14:08:42.000000,7671.580750000031,-10219.434750000097,-2547.8540000000544
2024-04-26T14:19:42.000000,7671.580750000031,-10207.039750000096,-2535.459000000055
2024-04-26T14:19:57.000000,7671.580750000031,-10184.643250000097,-2513.0625000000555
2024-04-26T14:24:17.000000,7671.580750000031,-10191.547250000098,-2519.9665000000555
2024-04-26T14:28:57.000000,7671.580750000031,-10215.524050000098,-2543.943300000055
2024-04-26T14:29:57.000000,7671.580750000031,-10239.500850000099,-2567.9201000000544
2024-04-26T14:30:32.000000,7671.580750000031,-10274.2538500001,-2602.6731000000545
2024-04-26T14:33:22.000000,7671.580750000031,-10297.0114500001,-2625.430700000056
2024-04-29T09:50:12.000000,7584.717550000031,-10297.0114500001,-2712.2939000000556
2024-04-29T09:50:42.000000,7629.554150000031,-10297.0114500001,-2667.457300000056
2024-04-29T09:50:47.000000,7674.381150000032,-10297.0114500001,-2622.630300000055
2024-04-29T09:50:57.000000,7707.2159500000325,-10297.0114500001,-2589.7955000000543
2024-04-29T09:51:12.000000,7744.0513500000325,-10297.0114500001,-2552.9601000000544
2024-04-29T09:51:12.000000,7784.887350000033,-10297.0114500001,-2512.124100000054
2024-04-29T09:51:27.000000,7805.736350000033,-10297.0114500001,-2491.275100000054
2024-04-29T09:51:42.000000,7826.585350000033,-10297.0114500001,-2470.426100000054
2024-04-29T09:51:47.000000,7819.025350000033,-10297.0114500001,-2477.9861000000537
2024-04-29T09:51:47.000000,7811.1853500000325,-10297.0114500001,-2485.826100000054
2024-04-29T09:52:02.000000,7819.341350000032,-10297.0114500001,-2477.6701000000544
2024-04-29T09:52:07.000000,7839.489550000033,-10297.0114500001,-2457.5219000000543
2024-04-29T09:52:12.000000,7871.6395500000335,-10297.0114500001,-2425.3719000000538
2024-04-29T09:52:32.000000,7927.780350000034,-10297.0114500001,-2369.2311000000536
2024-04-29T09:52:32.000000,7975.919950000034,-10297.0114500001,-2321.091500000053
2024-04-29T09:52:32.000000,8024.0595500000345,-10297.0114500001,-2272.951900000053
2024-04-29T09:52:32.000000,8064.197950000035,-10297.0114500001,-2232.8135000000525
2024-04-29T09:52:37.000000,8041.059550000035,-10297.0114500001,-2255.9519000000523
2024-04-29T09:52:42.000000,8017.921150000036,-10297.0114500001,-2279.090300000052
2024-04-29T09:52:47.000000,8094.992950000036,-10297.0114500001,-2202.018500000052
2024-04-29T09:52:47.000000,8168.064150000036,-10297.0114500001,-2128.947300000052
2024-04-29T09:52:52.000000,8237.137950000035,-10297.0114500001,-2059.873500000053
2024-04-29T09:52:52.000000,8273.269350000035,-10297.0114500001,-2023.7421000000531
2024-04-29T09:52:57.000000,8346.340550000035,-10297.0114500001,-1950.6709000000535
2024-04-29T09:53:02.000000,8407.416350000036,-10297.0114500001,-1889.5951000000528
2024-04-29T09:53:37.000000,8476.490150000034,-10297.0114500001,-1820.5213000000535
2024-04-29T09:53:37.000000,8545.563950000032,-10297.0114500001,-1751.4475000000543
2024-04-29T09:53:37.000000,8618.638350000032,-10297.0114500001,-1678.3731000000546
2024-04-29T09:53:37.000000,8699.713950000032,-10297.0114500001,-1597.2975000000552
2024-04-29T09:53:37.000000,8784.790150000032,-10297.0114500001,-1512.221300000055
2024-04-29T09:53:37.000000,8869.866350000031,-10297.0114500001,-1427.1451000000548
2024-04-29T09:53:37.000000,8962.943750000031,-10297.0114500001,-1334.0677000000549
2024-04-29T09:53:42.000000,9056.021150000031,-10297.0114500001,-1240.990300000055
2024-04-29T09:53:47.000000,9141.100550000032,-10297.0114500001,-1155.9109000000549
2024-04-29T09:53:52.000000,9222.18895000003,-10297.0114500001,-1074.8225000000552
2024-04-29T09:53:57.000000,9307.274750000031,-10297.0114500001,-989.7367000000551
2024-04-29T09:54:02.000000,9380.368350000032,-10297.0114500001,-916.6431000000554
2024-04-29T09:54:07.000000,9481.44695000003,-10297.0114500001,-815.5645000000555
2024-04-29T09:54:12.000000,9586.51975000003,-10297.0114500001,-710.4917000000565
2024-04-29T09:54:22.000000,9683.59455000003,-10297.0114500001,-613.4169000000559
2024-04-29T09:54:22.000000,9784.66995000003,-10297.0114500001,-512.341500000056
2024-04-29T09:54:27.000000,9877.74735000003,-10297.0114500001,-419.26410000005603
2024-04-29T09:54:32.000000,9962.82355000003,-10297.0114500001,-334.18790000005583
2024-04-29T09:54:47.000000,10007.919350000031,-10297.0114500001,-289.0921000000548
2024-04-29T09:54:47.000000,10049.01455000003,-10297.0114500001,-247.9969000000544
2024-04-29T09:55:02.000000,10082.114950000032,-10297.0114500001,-214.89650000005383
2024-04-29T09:55:12.000000,9897.718000000032,-10297.0114500001,-399.2934500000538
2024-04-29T09:55:27.000000,9942.810600000032,-10297.0114500001,-354.2008500000542
2024-04-29T10:03:57.000000,9863.939000000031,-10297.0114500001,-433.07245000005406
2024-04-29T10:07:02.000000,9863.939000000031,-10264.6934500001,-400.75445000005493
2024-04-29T10:08:02.000000,9907.96920000003,-10264.6934500001,-356.72425000005535
2024-04-29T10:09:57.000000,9907.96920000003,-10252.3544500001,-344.38525000005575
2024-04-29T10:10:52.000000,9907.96920000003,-10250.000950000102,-342.031750000056
2024-04-29T10:12:27.000000,9913.29595000003,-10250.000950000102,-336.70500000005626
2024-04-29T10:15:27.000000,9913.29595000003,-10272.6352000001,-359.3392500000559
2024-04-29T10:15:52.000000,9913.29595000003,-10280.2672000001,-366.97125000005593
2024-04-29T10:16:07.000000,9913.29595000003,-10272.908950000101,-359.6130000000563
2024-04-29T10:19:37.000000,9913.29595000003,-10356.6483500001,-443.35240000005535
2024-04-29T10:19:47.000000,9913.29595000003,-10432.3897500001,-519.093800000056
2024-04-29T10:20:02.000000,9913.29595000003,-10451.3554000001,-538.0594500000558
2024-04-29T10:21:27.000000,9913.29595000003,-10455.2069500001,-541.9110000000553
2024-04-29T10:21:32.000000,9913.29595000003,-10442.979950000099,-529.684000000055
2024-04-29T10:21:32.000000,9913.29595000003,-10434.7503500001,-521.4544000000553
2024-04-29T10:21:32.000000,9913.29595000003,-10430.5181500001,-517.2222000000548
2024-04-29T10:21:52.000000,9913.29595000003,-10414.2841500001,-500.98820000005395
2024-04-29T10:22:02.000000,9913.29595000003,-10462.1173500001,-548.8214000000545
2024-04-29T10:22:27.000000,9944.637000000032,-10462.1173500001,-517.4803500000542
2024-04-29T10:22:37.000000,9975.967650000031,-10462.1173500001,-486.14970000005496
2024-04-29T10:22:42.000000,10020.300250000031,-10462.1173500001,-441.8171000000549
2024-04-29T10:24:32.000000,10017.43045000003,-10462.1173500001,-444.6869000000557
2024-04-29T10:24:37.000000,10034.56045000003,-10462.1173500001,-427.5569000000562
2024-04-29T10:25:07.000000,10035.69765000003,-10462.1173500001,-426.41970000005637
2024-04-29T10:25:32.000000,10052.83085000003,-10462.1173500001,-409.2865000000569
2024-04-29T10:25:37.000000,10061.962850000029,-10462.1173500001,-400.1545000000572
2024-04-29T10:26:57.000000,10061.962850000029,-10529.297550000101,-467.3347000000581
2024-04-29T10:27:02.000000,10067.09745000003,-10529.297550000101,-462.20010000005766
2024-04-29T10:27:22.000000,10064.23085000003,-10529.297550000101,-465.06670000005704
2024-04-29T10:27:32.000000,10061.364250000031,-10529.297550000101,-467.9333000000564
2024-04-29T10:31:52.000000,10061.364250000031,-10520.7127500001,-459.3485000000568
2024-04-29T10:32:37.000000,10061.364250000031,-10512.1279500001,-450.76370000005716
2024-04-29T10:47:47.000000,9986.541250000031,-10512.1279500001,-525.5867000000578
2024-04-29T10:47:52.000000,9907.724050000032,-10512.1279500001,-604.4039000000577
2024-04-29T10:47:57.000000,9907.724050000032,-10448.0947500001,-540.3707000000578
2024-04-29T10:47:57.000000,9907.724050000032,-10400.0511500001,-492.3271000000576
2024-04-29T10:48:47.000000,9864.905850000032,-10400.0511500001,-535.1453000000575
2024-04-29T10:53:27.000000,9864.905850000032,-10377.8466500001,-512.9408000000582
2024-04-29T10:53:37.000000,9864.905850000032,-10365.6356500001,-500.7298000000586
2024-04-29T10:53:42.000000,9864.905850000032,-10353.4246500001,-488.51880000005906
2024-04-29T10:54:27.000000,9864.905850000032,-10238.295000000102,-373.3891500000601
2024-04-29T10:54:47.000000,9864.905850000032,-10246.079000000102,-381.1731500000601
2024-04-29T10:54:57.000000,9854.105250000031,-10246.079000000102,-391.9737500000607
2024-04-29T10:55:07.000000,9831.302850000031,-10246.079000000102,-414.77615000006034
2024-04-29T10:59:17.000000,9831.302850000031,-10280.419850000102,-449.11700000006135
2024-04-29T11:02:07.000000,9831.302850000031,-10278.776900000103,-447.47405000006154
2024-04-29T11:03:37.000000,9823.679650000031,-10278.776900000103,-455.09725000006154
2024-04-29T11:03:47.000000,9823.679650000031,-10256.572400000103,-432.89275000006216
2024-04-29T11:04:02.000000,9823.679650000031,-10234.367900000103,-410.6882500000628
2024-04-29T11:05:12.000000,9800.88685000003,-10234.367900000103,-433.4810500000639
2024-04-29T11:16:27.000000,9800.88685000003,-10262.635850000102,-461.749000000064
2024-04-29T11:19:52.000000,9800.88685000003,-10252.605950000105,-451.7191000000654
2024-04-29T11:27:12.000000,9800.88685000003,-10260.229150000105,-459.3423000000654
2024-04-29T11:29:32.000000,9800.88685000003,-10226.205250000105,-425.31840000006525
2024-04-29T11:29:37.000000,9800.88685000003,-10192.181350000104,-391.2945000000651
2024-04-29T13:00:12.000000,9800.88685000003,-10152.146950000106,-351.26010000006613
2024-04-29T13:11:07.000000,9813.059450000028,-10152.146950000106,-339.0875000000673
2024-04-29T13:23:17.000000,9813.059450000028,-10410.619950000108,-597.5605000000683
2024-04-29T13:24:27.000000,9813.059450000028,-10569.180350000108,-756.1209000000679
2024-04-29T13:24:32.000000,9813.059450000028,-10743.733550000106,-930.6741000000671
2024-04-29T13:25:42.000000,9813.059450000028,-10814.351150000104,-1001.2917000000658
2024-04-29T13:27:42.000000,9813.059450000028,-10812.967550000105,-999.908100000066
2024-04-29T13:29:02.000000,9813.059450000028,-10739.601950000106,-926.5425000000663
2024-04-29T13:29:02.000000,9813.059450000028,-10704.805250000107,-891.7458000000672
2024-04-29T13:34:12.000000,9815.180950000027,-10704.805250000107,-889.6243000000675
2024-04-29T13:37:17.000000,9816.62535000003,-10704.805250000107,-888.1799000000663
2024-04-29T13:37:27.000000,9814.06915000003,-10704.805250000107,-890.7361000000657
2024-04-29T13:37:32.000000,9815.513550000032,-10704.805250000107,-889.2917000000645
2024-04-29T13:37:37.000000,9816.957950000035,-10704.805250000107,-887.8473000000632
2024-04-29T13:42:57.000000,9816.957950000035,-10738.557150000106,-921.5992000000626
2024-04-29T13:43:52.000000,9816.957950000035,-10667.812650000105,-850.8547000000622
2024-04-29T13:43:52.000000,9816.957950000035,-10621.052550000106,-804.0946000000622
2024-04-29T13:45:17.000000,9816.957950000035,-10606.186200000106,-789.2282500000621
2024-04-29T13:45:22.000000,9816.957950000035,-10600.316400000105,-783.3584500000624
2024-04-29T13:45:27.000000,9816.957950000035,-10603.443150000105,-786.4852000000619
2024-04-29T13:45:37.000000,9816.957950000035,-10615.566450000104,-798.6085000000618
2024-04-29T13:45:42.000000,9816.957950000035,-10624.689300000104,-807.7313500000612
2024-04-29T13:46:42.000000,9816.957950000035,-10588.834200000105,-771.8762500000621
2024-04-29T13:46:52.000000,9816.957950000035,-10555.979550000106,-739.0216000000624
2024-04-29T13:46:57.000000,9816.957950000035,-10526.125350000106,-709.1674000000633
2024-04-29T13:47:02.000000,9816.957950000035,-10499.271600000106,-682.3136500000634
2024-04-29T13:47:07.000000,9816.957950000035,-10469.419800000105,-652.4618500000631
2024-04-29T13:47:27.000000,9816.957950000035,-10451.555400000105,-634.5974500000626
2024-04-29T13:47:32.000000,9816.957950000035,-10433.691000000104,-616.7330500000621
2024-04-29T13:47:57.000000,9816.957950000035,-10421.822700000104,-604.8647500000615
2024-04-29T13:48:02.000000,9816.957950000035,-10412.954850000104,-595.9969000000613
2024-04-29T13:52:07.000000,9816.957950000035,-10399.521450000104,-582.563500000061
2024-04-29T13:52:32.000000,9816.957950000035,-10374.089450000105,-557.1315000000617
2024-04-29T14:00:17.000000,9816.957950000035,-10376.655250000105,-559.6973000000625
2024-04-29T14:00:22.000000,9816.957950000035,-10379.221050000106,-562.2631000000632
2024-04-29T14:00:27.000000,9816.957950000035,-10365.797250000107,-548.8393000000643
2024-04-29T14:00:42.000000,9816.957950000035,-10368.359850000106,-551.4019000000637
2024-04-29T14:02:52.000000,9816.957950000035,-10354.926450000106,-537.9685000000635
2024-04-29T14:06:17.000000,9816.957950000035,-10384.647350000108,-567.689400000065
2024-04-29T14:08:12.000000,9799.220450000035,-10384.647350000108,-585.4269000000648
2024-04-29T14:12:17.000000,9808.499650000036,-10384.647350000108,-576.1477000000638
2024-04-29T14:12:22.000000,9817.782050000036,-10384.647350000108,-566.865300000064
2024-04-29T14:12:47.000000,9831.065050000036,-10384.647350000108,-553.5823000000638
2024-04-29T14:12:52.000000,9844.348050000035,-10384.647350000108,-540.2993000000636
2024-04-29T14:13:27.000000,9845.629250000035,-10384.647350000108,-539.0181000000638
2024-04-29T14:18:17.000000,9838.157250000035,-10384.647350000108,-546.4901000000638
2024-04-29T14:18:22.000000,9830.685250000035,-10384.647350000108,-553.9621000000637
2024-04-29T14:18:27.000000,9828.210000000036,-10384.647350000108,-556.4373500000629
2024-04-29T14:18:42.000000,9820.742000000035,-10384.647350000108,-563.9053500000629
2024-04-29T14:20:02.000000,9827.732250000035,-10384.647350000108,-556.9151000000624
2024-04-29T14:20:07.000000,9834.722500000036,-10384.647350000108,-549.9248500000618
2024-04-29T14:20:17.000000,9841.712750000037,-10384.647350000108,-542.9346000000613
2024-04-29T14:23:57.000000,9848.446050000037,-10384.647350000108,-536.2013000000616
2024-04-29T14:35:57.000000,9848.446050000037,-10405.41810000011,-556.9720500000625
2024-04-29T14:36:02.000000,9848.446050000037,-10436.76090000011,-588.3148500000619
2024-04-29T14:38:07.000000,9848.446050000037,-10438.11840000011,-589.672350000062
2024-04-29T14:38:12.000000,9848.446050000037,-10433.497700000109,-585.0516500000612
2024-04-29T14:40:57.000000,9848.446050000037,-10454.26845000011,-605.8224000000621
2024-04-29T14:44:27.000000,9848.446050000037,-10462.03725000011,-613.5912000000621
2024-04-29T14:45:02.000000,9848.446050000037,-10463.39475000011,-614.9487000000622
2024-04-29T14:45:02.000000,9848.446050000037,-10458.16160000011,-609.7155500000625
2024-04-29T14:45:02.000000,9848.446050000037,-10452.92845000011,-604.4824000000629
2024-04-29T14:45:02.000000,9848.446050000037,-10447.69530000011,-599.2492500000632
2024-04-29T14:45:02.000000,9848.446050000037,-10455.453700000111,-607.0076500000632
2024-04-29T14:45:02.000000,9848.446050000037,-10463.212100000112,-614.7660500000633
2024-04-29T14:45:02.000000,9848.446050000037,-10457.978950000112,-609.5329000000636
2024-04-30T09:50:52.000000,9890.541550000038,-10457.978950000112,-567.4374000000629
2024-04-30T09:50:57.000000,9922.635550000039,-10457.978950000112,-535.3434000000619
2024-04-30T09:51:12.000000,9922.635550000039,-10504.743200000112,-582.1076500000622
2024-04-30T09:52:27.000000,9884.795050000039,-10504.743200000112,-619.9481500000616
2024-04-30T09:52:32.000000,9892.797450000038,-10504.743200000112,-611.9457500000619
2024-04-30T09:52:37.000000,9892.808250000038,-10504.743200000112,-611.9349500000621
2024-04-30T09:52:42.000000,9888.81525000004,-10504.743200000112,-615.9279500000615
2024-04-30T09:52:47.000000,9949.04945000004,-10504.743200000112,-555.6937500000608
2024-04-30T09:52:47.000000,10011.15595000004,-10504.743200000112,-493.5872500000606
2024-04-30T09:52:47.000000,10003.16235000004,-10504.743200000112,-501.5808500000606
2024-04-30T09:52:52.000000,9999.166150000041,-10504.743200000112,-505.57705000005996
2024-04-30T09:53:02.000000,9961.32565000004,-10504.743200000112,-543.4175500000594
2024-04-30T09:53:02.000000,10021.559850000041,-10504.743200000112,-483.1833500000587
2024-04-30T09:53:02.000000,10085.794650000042,-10504.743200000112,-418.9485500000588
2024-04-30T09:53:02.000000,10146.028850000042,-10504.743200000112,-358.7143500000581
2024-04-30T09:53:07.000000,10108.188350000042,-10504.743200000112,-396.55485000005746
2024-04-30T09:53:12.000000,10152.429750000041,-10504.743200000112,-352.31345000005786
2024-04-30T09:56:32.000000,10152.429750000041,-10564.519800000111,-412.0900500000579
2024-04-30T09:58:07.000000,10204.925150000041,-10564.519800000111,-359.59465000005844
2024-04-30T09:58:12.000000,10261.417950000041,-10564.519800000111,-303.1018500000584
2024-04-30T09:58:17.000000,10309.90955000004,-10564.519800000111,-254.61025000005816
2024-04-30T09:58:22.000000,10370.399750000039,-10564.519800000111,-194.12005000005888
2024-04-30T09:58:27.000000,10422.89195000004,-10564.519800000111,-141.62785000005803
2024-04-30T09:58:32.000000,10475.38415000004,-10564.519800000111,-89.13565000005718
2024-04-30T09:58:37.000000,10527.87635000004,-10564.519800000111,-36.64345000005633
2024-04-30T09:58:42.000000,10576.36475000004,-10564.519800000111,11.844949999943893
2024-04-30T09:58:47.000000,10616.855150000041,-10564.519800000111,52.33534999994429
2024-04-30T09:59:07.000000,10641.34955000004,-10564.519800000111,76.8297499999436
2024-04-30T10:00:17.000000,10673.24180000004,-10564.519800000111,108.7219999999433
2024-04-30T10:03:32.000000,10673.24180000004,-10512.32520000011,160.91659999994417
2024-04-30T10:05:37.000000,10673.24180000004,-10508.118600000109,165.12319999994605
2024-04-30T10:06:32.000000,10673.24180000004,-10539.888600000108,133.35319999994655
2024-04-30T10:10:12.000000,10686.54720000004,-10539.888600000108,146.65859999994683
2024-04-30T10:11:07.000000,10686.54720000004,-10547.858200000108,138.68899999994682
2024-04-30T10:13:47.000000,10686.54720000004,-10521.836300000108,164.7108999999461
2024-04-30T10:17:47.000000,10686.54720000004,-10561.342200000108,125.20499999994576
2024-04-30T10:18:12.000000,10686.54720000004,-10602.854800000108,83.69239999994582
2024-04-30T10:18:12.000000,10686.54720000004,-10576.819300000108,109.7278999999466
2024-04-30T10:18:37.000000,10686.54720000004,-10558.57555000011,127.97164999994519
2024-04-30T10:18:42.000000,10686.54720000004,-10540.32780000011,146.21939999994555
2024-04-30T10:19:07.000000,10686.54720000004,-10548.27020000011,138.27699999994556
2024-04-30T10:21:02.000000,10686.54720000004,-10527.794300000109,158.75289999994607
2024-04-30T10:21:02.000000,10686.54720000004,-10513.314500000108,173.23269999994636
2024-04-30T10:22:52.000000,10686.54720000004,-10478.838100000106,207.70909999994694
2024-04-30T10:22:57.000000,10686.54720000004,-10448.355900000106,238.1912999999469
2024-04-30T10:23:52.000000,10686.54720000004,-10433.885700000106,252.66149999994576
2024-04-30T10:23:52.000000,10686.54720000004,-10417.416800000106,269.13039999994567
2024-04-30T10:24:22.000000,10686.54720000004,-10424.940300000106,261.60689999994605
2024-04-30T10:27:22.000000,10686.54720000004,-10407.949500000106,278.5976999999455
2024-04-30T10:29:02.000000,10692.70930000004,-10407.949500000106,284.75979999994524
2024-04-30T10:29:12.000000,10719.86895000004,-10407.949500000106,311.9194499999445
2024-04-30T10:29:17.000000,10747.03420000004,-10407.949500000106,339.0846999999438
2024-04-30T10:29:22.000000,10753.19630000004,-10407.949500000106,345.2467999999435
2024-04-30T10:29:27.000000,10759.35840000004,-10407.949500000106,351.40889999994323
2024-04-30T10:29:47.000000,10758.525050000038,-10407.949500000106,350.57554999994306
2024-04-30T10:38:37.000000,10743.75680000004,-10407.949500000106,335.8072999999432
2024-04-30T10:38:42.000000,10721.98750000004,-10407.949500000106,314.0379999999435
2024-04-30T10:38:47.000000,10707.21925000004,-10407.949500000106,299.26974999994366
2024-04-30T10:38:52.000000,10678.44330000004,-10407.949500000106,270.4937999999441
2024-04-30T10:38:57.000000,10663.669450000041,-10407.949500000106,255.71994999994425
2024-04-30T10:39:02.000000,10641.89455000004,-10407.949500000106,233.94504999994456
2024-04-30T10:39:07.000000,10627.115100000041,-10407.949500000106,219.1655999999447
2024-04-30T10:39:12.000000,10612.335650000041,-10407.949500000106,204.38614999994485
2024-04-30T10:39:33.000000,10612.335650000041,-10453.591350000106,158.74429999994516
2024-04-30T10:39:52.000000,10612.335650000041,-10431.330850000108,181.0047999999445
2024-04-30T10:40:02.000000,10612.335650000041,-10409.07035000011,203.26529999994386
2024-04-30T10:41:47.000000,10590.13340000004,-10409.07035000011,181.0630499999433
2024-04-30T10:42:07.000000,10610.34800000004,-10409.07035000011,201.2776499999427
2024-04-30T10:42:12.000000,10630.56260000004,-10409.07035000011,221.4922499999421
2024-04-30T10:51:02.000000,10657.77185000004,-10409.07035000011,248.70149999994223
2024-04-30T10:56:22.000000,10572.178550000039,-10409.07035000011,163.10819999994158
2024-04-30T10:58:32.000000,10499.587200000038,-10409.07035000011,90.5168499999418
2024-04-30T11:13:47.000000,10499.587200000038,-10374.76965000011,124.8175499999409
2024-04-30T11:13:52.000000,10499.587200000038,-10354.45985000011,145.1273499999403
2024-04-30T11:14:12.000000,10499.587200000038,-10334.150050000111,165.4371499999397
2024-04-30T11:17:02.000000,10499.587200000038,-10355.83535000011,143.75184999994
2024-04-30T11:20:57.000000,10499.587200000038,-10377.52065000011,122.06654999994029
2024-04-30T11:22:52.000000,10492.120000000039,-10377.52065000011,114.59934999994029
2024-04-30T13:09:07.000000,10492.120000000039,-10384.45665000011,107.6633499999403
2024-04-30T13:13:17.000000,10480.72230000004,-10384.45665000011,96.26564999994149
2024-04-30T13:15:52.000000,10480.72230000004,-10337.989350000109,142.7329499999414
2024-04-30T13:17:02.000000,10480.72230000004,-10345.773350000109,134.94894999994142
2024-04-30T13:30:42.000000,10480.72230000004,-10353.64695000011,127.07534999994142
2024-04-30T13:30:52.000000,10480.72230000004,-10361.50935000011,119.21294999994143
2024-04-30T13:31:02.000000,10480.72230000004,-10369.37175000011,111.35054999994144
2024-04-30T13:31:27.000000,10480.72230000004,-10382.23650000011,98.48579999994065
2024-04-30T13:31:47.000000,10480.72230000004,-10400.09400000011,80.62829999994086
2024-04-30T13:31:52.000000,10480.72230000004,-10393.987900000111,86.73439999994056
2024-04-30T13:32:02.000000,10480.72230000004,-10373.879700000112,106.84259999993996
2024-04-30T13:32:07.000000,10480.72230000004,-10325.778500000113,154.94379999994
2024-04-30T13:33:12.000000,10480.72230000004,-10291.657000000112,189.06529999994035
2024-04-30T13:34:02.000000,10480.72230000004,-10271.526400000112,209.195899999941
2024-04-30T13:34:07.000000,10480.72230000004,-10251.395800000111,229.32649999994163
2024-04-30T13:34:12.000000,10480.72230000004,-10231.26520000011,249.45709999994227
2024-04-30T13:34:22.000000,10480.72230000004,-10225.11430000011,255.60799999994197
2024-04-30T13:34:27.000000,10480.72230000004,-10218.96340000011,261.75889999994166
2024-04-30T13:34:42.000000,10480.72230000004,-10212.80130000011,267.9209999999414
2024-04-30T13:34:47.000000,10480.72230000004,-10220.63010000011,260.0921999999414
2024-04-30T13:34:57.000000,10480.72230000004,-10228.47010000011,252.25219999994138
2024-04-30T13:35:12.000000,10480.72230000004,-10222.319200000109,258.4030999999411
2024-04-30T13:35:17.000000,10480.72230000004,-10216.168300000109,264.5539999999408
2024-04-30T13:35:22.000000,10480.72230000004,-10210.017400000108,270.7048999999405
2024-04-30T13:35:22.000000,10434.29085000004,-10210.017400000108,224.27344999994133
2024-04-30T13:35:47.000000,10434.29085000004,-10175.873500000107,258.4173499999417
2024-04-30T13:35:52.000000,10434.29085000004,-10141.718400000107,292.5724499999408
2024-04-30T13:35:57.000000,10434.29085000004,-10107.563300000107,326.72754999993987
2024-04-30T13:36:07.000000,10434.29085000004,-10087.410300000107,346.88054999993926
2024-04-30T13:36:12.000000,10434.29085000004,-10067.257300000107,367.03354999993866
2024-04-30T13:36:17.000000,10434.29085000004,-10047.104300000106,387.18654999993805
2024-04-30T13:36:17.000000,10387.85940000004,-10047.104300000106,340.75509999993886
2024-04-30T13:36:37.000000,10387.85940000004,-9998.969500000107,388.8898999999389
2024-04-30T13:36:47.000000,10387.85940000004,-9950.834700000107,437.02469999993895
2024-04-30T13:36:52.000000,10387.85940000004,-9888.709000000106,499.1503999999387
2024-04-30T13:36:57.000000,10387.85940000004,-9840.574200000106,547.2851999999388
2024-04-30T13:37:02.000000,10387.85940000004,-9806.430300000105,581.4290999999391
2024-04-30T13:37:07.000000,10387.85940000004,-9772.286400000105,615.5729999999395
2024-04-30T13:37:12.000000,10387.85940000004,-9752.133400000104,635.725999999939
2024-04-30T13:37:22.000000,10387.85940000004,-9717.978300000104,669.8810999999381
2024-04-30T13:37:37.000000,10387.85940000004,-9697.836500000103,690.0228999999388
2024-04-30T13:37:42.000000,10387.85940000004,-9677.694700000102,710.1646999999394
2024-04-30T13:37:47.000000,10387.85940000004,-9657.5529000001,730.3064999999401
2024-04-30T13:37:47.000000,10387.85940000004,-9655.439400000101,732.4199999999399
2024-04-30T13:38:02.000000,10387.85940000004,-9649.2885000001,738.5708999999397
2024-04-30T13:38:02.000000,10387.85940000004,-9652.1717500001,735.6876499999405
2024-04-30T13:38:07.000000,10387.85940000004,-9632.0187500001,755.84064999994
2024-04-30T13:38:12.000000,10387.85940000004,-9625.8566500001,762.0027499999396
2024-04-30T13:38:17.000000,10387.85940000004,-9633.6966500001,754.1627499999396
2024-04-30T13:38:32.000000,10387.85940000004,-9627.5345500001,760.3248499999393
2024-04-30T13:39:37.000000,10354.440300000038,-9627.5345500001,726.9057499999386
2024-04-30T13:39:42.000000,10354.440300000038,-9618.3385500001,736.1017499999383
2024-04-30T13:51:57.000000,10354.440300000038,-9631.2433000001,723.1969999999393
2024-04-30T13:53:37.000000,10354.440300000038,-9650.8051000001,703.6351999999396
2024-04-30T13:53:42.000000,10354.440300000038,-9670.3669000001,684.0733999999399
2024-04-30T13:54:07.000000,10354.440300000038,-9642.3007000001,712.139599999939
2024-04-30T13:54:42.000000,10354.440300000038,-9639.9232000001,714.5170999999389
2024-04-30T13:56:12.000000,10354.440300000038,-9635.500600000098,718.9396999999396
2024-04-30T14:01:42.000000,10354.440300000038,-9642.499000000098,711.9412999999397
2024-04-30T14:01:47.000000,10419.375900000037,-9642.499000000098,776.8768999999393
2024-04-30T14:02:47.000000,10419.375900000037,-9643.501300000098,775.8745999999392
2024-04-30T14:02:52.000000,10419.375900000037,-9644.503600000098,774.8722999999391
2024-04-30T14:08:37.000000,10419.375900000037,-9623.521150000099,795.854749999939
2024-04-30T14:10:47.000000,10397.410600000037,-9623.521150000099,773.8894499999393
2024-04-30T14:12:02.000000,10397.410600000037,-9576.4409000001,820.969699999939
2024-04-30T14:12:02.000000,10417.440400000038,-9576.4409000001,840.9994999999385
2024-04-30T14:12:07.000000,10417.440400000038,-9529.3606500001,888.0797499999383
2024-04-30T14:12:12.000000,10417.440400000038,-9487.277150000102,930.1632499999372
2024-04-30T14:12:22.000000,10409.466000000039,-9487.277150000102,922.1888499999372
2024-04-30T14:12:27.000000,10387.500700000039,-9487.277150000102,900.2235499999375
2024-04-30T14:26:37.000000,10365.56900000004,-9487.277150000102,878.2918499999378
2024-04-30T14:27:12.000000,10343.77170000004,-9487.277150000102,856.494549999938
2024-04-30T14:30:47.000000,10377.82600000004,-9487.277150000102,890.5488499999384
2024-04-30T14:39:57.000000,10369.907600000039,-9487.277150000102,882.6304499999384
2024-04-30T14:45:02.000000,10334.130600000039,-9487.277150000102,846.853449999939
